"V1","V2","V3","V4","V5","V6","V7","V8","V9","V10","V11","V12","V13","V14","V15","V16","V17","V18","V19","V20","V21","V22","V23","V24","V25","V26","V27","V28","V29","V30","V31","V32","V33","V34","V35","V36","V37","V38","V39","V40","V41","V42","V43","V44","V45","V46","V47","V48","V49","V50"
-0.107935355091853,-0.878239732990701,-0.66180072726774,-0.273203365717785,1.03404413981908,-0.816060447070702,-0.606644412580036,-0.8983786984873,-1.1973439386725,-1.15586237997539,-1.94531822666422,-0.188188295159137,-0.382866574167031,0.449100966376236,-0.0349675005442935,-0.030977328544548,-1.73511084776311,0.0504259346579243,0.123841114268122,-0.167652286173396,-0.532782892195408,-0.327442700524128,-0.615382593488938,0.633398262519413,1.89898426867148,-0.22451392991446,-0.206481223864902,-1.00614136405137,-0.233342898424009,0.119123728636931,1.71410077699843,0.331050300997816,-0.756557892511723,1.11400718021041,0.82139779382699,0.887009395911198,1.759787949611,0.647741553476716,0.950120015394406,0.382549598845684,0.677960924445128,2.33960150152015,1.53168662751063,-0.778985146270663,0.367925886131094,1.044561872879,-0.145218162105147,0.291086843142978,-1.15158423566939,-1.03718055875066
-1.29152146599872,0.404895731958781,-0.768356094383495,1.31939813519904,0.758079050125491,0.221728453200596,0.330209397744894,0.979777901180284,0.962788448854655,1.10383922352371,0.0331022392343412,-1.42966792224013,-1.58312337936055,-0.220927851880021,-0.536072328573588,-0.0700858689327281,0.656191188047818,-0.112301631700746,2.40327614096751,0.506293011254424,-0.0895103881881673,0.285231777171164,1.53971303816673,-0.0232458467437232,1.84395067357909,0.870077418723782,0.181371721222722,0.712123496828951,0.24599243987192,-0.658074951866116,-0.529378806433965,0.441452281750133,1.61146357379971,-0.401532419532742,-0.778575343309441,1.44966375245822,-0.105779503733142,-0.64970043847333,-0.776426439744537,-0.368964612658956,-0.784687744694941,0.145592722861092,0.0326726578397866,0.416742570238577,-1.04934041569631,0.361533025622466,1.63221802198087,-0.489316966111445,0.123629016377897,0.212372022029858
0.00655565209488448,0.315533773051872,1.23534314129365,0.404902505270775,-0.120389410381259,-0.0232966915948353,0.265441044042558,0.953166349093818,-0.229679204775382,0.416439603496014,1.65985322144336,0.481068010384508,1.1431505335508,0.0466420328522116,0.794796134601469,-0.194168877467478,0.872083650602815,0.38296326563616,-1.23975148488432,0.657269779104039,-0.384783456290358,-0.793243322680137,-0.66620080627309,-0.788008911472571,-1.9675226006714,0.187537405622421,-0.0795085885658121,0.111614109640052,0.146410485184524,0.426091282867555,-1.3674163388863,-0.675172662783434,0.0350863558264947,0.0494737282777391,-0.654491544205707,-0.519462956780066,-0.02190168687375,0.86513599170009,0.567908424386723,-1.66323136766475,1.69044149824245,-1.26261009130233,-1.97579949092207,0.399294551792431,2.01248969909015,-0.0562065129943456,-1.28327099769252,0.076012210513852,0.0065510886130727,0.969112091173158
-0.162342620407334,-1.24427506437777,0.498192965812695,-0.160942044920572,-1.88704887143929,0.736071216295468,-0.406075738905405,-0.298248038100671,2.11391161665212,1.57082801008876,-2.18798871997578,0.229841362898972,0.630593060110963,-1.9445564631101,-0.199152782920925,1.63644605817731,0.96314141144019,-0.755232765585789,0.565980915902843,-0.423234586539383,2.28004577002284,-2.32947919208724,1.75404024696237,-0.558219109348461,-4.42982640174451,-2.58344103911278,-1.92563169288177,-0.15280825162776,-2.15219876375626,-1.58262845001059,0.580920336129153,-1.77547856187176,-0.866242286727359,-3.09161419886411,0.391335705903104,-2.62250391429405,-3.41637401909389,-0.259968864891058,-0.22211833384301,2.35206132173261,-2.57294145213657,-0.233721453415091,3.65258733174085,-1.46914095681248,1.77957658541015,-3.72360017726471,1.2143396479667,-2.21998415745763,0.344306571541719,-0.344274901699697
-1.30947398802242,0.0602301967473019,-0.545576884583807,1.33870177381098,1.24185396252579,0.108743238171639,0.309606701065853,0.476105027554775,1.19757470561254,0.0480828590272938,-0.645378313772382,-1.55528108820785,-1.70346829824203,-0.492867510357994,-1.3206728624711,0.568682789122513,-0.585814351614454,0.311439648013765,2.47494519020113,1.23393958874081,-0.327600769045095,-0.0331143811900832,0.891366180316711,0.255379434505125,2.35691572053403,1.31025518740992,0.338596041318339,1.23436238493006,0.367207865889041,-0.823617469375522,-0.5167150737515,0.27761085853186,2.09614590450289,-0.23839590614021,-0.957859245447316,1.11892442566049,1.46814022165063,-1.65766910098307,-1.01079143321356,0.115502924679019,-0.121111268655665,0.902639631623321,0.163279515449943,0.606687766135494,-1.04070636318632,0.466015490707348,1.76743201593073,-0.523945631207106,0.313693259836168,0.0908337064828573
1.69728863885919,-0.348864510282376,1.06746149433525,0.489840771739253,0.418218329860255,-1.7277764837185,0.104596887010563,-0.405833720403392,-1.17269230864069,-0.330735468545197,0.801746648214307,1.44323912588597,0.665157543182368,0.681664442097016,1.13046925503653,-0.0964347793970208,-0.376052671218096,-0.151876851654507,-0.219077352480147,0.0627931803904239,-0.333216555686008,-0.607865065091787,-0.529197246473327,-0.138197302231031,-0.653093890758862,-0.826084753914219,-1.17602227293397,-1.49564380104356,0.105243711900369,-0.138577696458831,0.8083505722027,0.0457218631498498,-1.39276442304669,1.36367630771148,1.17928471329946,-0.162781240410802,-0.026326986468341,0.911651754508227,1.48051066710368,0.595008871661072,0.50220814075441,1.02640031541291,0.509890142888302,-0.628689677678402,0.987164040247435,0.362948656109825,-1.28151845946284,0.265084843075124,-0.295371062509304,-1.00657991208293
0.275325343001743,-1.57162230934235,0.575643653446824,-0.309911393984946,-1.71116918656767,0.647924754429234,-1.27840737082944,-0.475846713274464,1.78494316833076,1.49310891313767,-1.61200177075351,0.552560860874639,0.499856161514147,-1.71126803162378,-0.271397608481912,1.87599994999287,-0.0323331037285419,-1.27621880056065,0.61642841997077,-0.40297925809778,2.89991229597132,-2.42875009383978,2.1216226759473,-0.368688275937585,-4.33849754877443,-2.43534152335992,-2.41882108354581,-0.34479702440531,-2.40993340991937,-1.7283891372994,0.83303317500935,-1.9094363929357,-0.873582577060741,-3.13793488365747,0.290745494821618,-3.00283087366747,-2.82698612996951,-1.10788868067287,-0.291874677381302,2.28601986946635,-2.38851493533202,-0.575673700870301,3.62480190070865,-1.2477893132484,1.63183554387249,-4.23955586786957,1.76983609292207,-1.94902116728288,0.292692934278568,-0.284854342028378
-1.54600441025543,-0.358698064147745,-0.935391866590637,1.3169832645894,1.02968347021183,0.633158548151509,0.015974392327949,0.66004256739165,0.461073960358014,-0.254801104665483,-1.19033836796561,-1.14660948266014,-1.30561516693266,-0.673628236994329,-1.02163135827761,-0.0911661343375412,-1.04198733223311,0.290404816508478,2.01433490082414,1.26078979169985,-0.070645685919323,-0.0643617721163898,0.515608721195944,0.581827474491284,2.88129808157078,1.50479478862259,-0.335412594581734,0.67852985610094,0.0832747515752073,0.0566366246189431,0.219963519821127,0.549881249331311,1.37516425875571,0.284563488614597,-1.15491370029716,1.89031811024819,1.61019066991656,-1.19969156356496,-0.780543041815561,0.397609508319332,-0.0688656174018097,1.25238487049426,-0.0424004184626706,1.05828593078244,-0.541886067379883,1.02755264732101,1.60120397834734,-0.554853658944621,-0.243286096353403,-0.412735472781976
1.29479202444829,-0.344969342016914,0.872109383567603,0.505429412077385,0.140081417184354,-0.818193650486891,0.229729057361449,-0.335913530784318,-1.50272721406959,-0.412541956981104,1.40808832262524,0.726753236690487,0.825835007286338,0.221505862426613,0.709634361650326,-0.890013655715834,0.126743148360212,-0.328588650654892,0.15374001630963,-0.408310707391725,-0.29962655209083,-0.959462485516365,-0.419304201656,-0.904044429514956,-1.70666594851504,-0.395705564162115,-1.08743612036054,-0.876061544490436,-0.126136731430711,0.825417974346625,0.245308338630475,-0.192375275387494,-0.777953302927269,0.377613266633705,-0.185679184855759,-0.54273213064174,0.11606088566641,0.97330687581249,1.26508379544779,-0.0439293071766219,0.798647482110514,0.347140143880249,-0.116774067127467,-0.0716817258334695,1.85813680085274,-0.000450009437606175,-1.30968244117322,0.754856667574909,-0.174816102157486,-0.0744812635160457
-0.653918532328575,0.411556843652089,-1.11475606772667,0.0104600772860084,-0.0477648176357625,0.0147439313851133,-0.0780521708100008,0.612895700071142,0.122684884087452,0.633595956703319,0.9291959649668,-1.64259511530613,-0.734764784089584,0.340183980294236,-0.419780703215857,0.149607539561388,2.40972095538232,-0.752171333953079,0.714680393970329,0.0454542889842921,0.202319310228252,0.399216757164825,0.864720498940593,0.237664349225082,0.867263793295557,1.00364080784426,0.648053893056037,0.186727459896456,0.595140988005057,-1.22465657731355,-1.2929931357663,-0.11944413798924,-0.354775463352585,-0.0329519478547946,-0.285539384187612,-0.0308106834649299,-0.26754669797855,0.168474074125904,-1.30487660579203,-0.226251536468783,-1.93492496595838,-0.527034608573517,0.0127638263964215,0.236496256502721,-2.08702489428392,-0.284408307260891,-0.0781387994867536,0.0764615902243373,-0.17169415974535,0.635865946908884
-0.586310068171427,-0.205439048516313,-1.30232381278448,-1.2774053254963,-1.1919551698315,0.755909983693619,0.0132879541716316,0.899759967897646,0.407130298459779,0.198584702049542,0.612406700338831,-1.6229953382666,-0.02161222754575,0.0981022940704037,-0.0758019892241658,0.331617167845562,2.64386259944077,-1.52395525436038,0.202846676078989,-0.481551268768562,0.196980356583858,0.808060613574423,1.21258411671708,0.242788237329227,-0.904866243989965,0.992713725259924,0.376889646694862,0.209137182622737,1.32361633323715,-2.01238728654322,-1.38285481690649,-0.135502515526941,-1.54987738865812,-0.245071593588786,0.297538008833714,-1.0978764293027,-0.801633659677359,0.477534363326206,-0.837057701025113,-1.00450810209021,-2.21213213251377,-0.530092957178968,0.575466598317102,-0.0703714231203396,-1.88258517285893,-0.524315722937361,-0.230777126734779,0.5509064671856,-0.542106671109047,0.34810442218447
1.50988918484662,-0.350437415384127,1.13362068799042,0.38959979829217,0.0109186437410671,-1.06478602376183,0.275578675737028,-0.351405023345897,-1.07459162457348,-0.505460092618143,1.36941580668926,0.887588939305392,0.92386085219161,0.628104624299723,0.595783103030416,-0.513088042927677,-0.185860744366316,-0.0158072496665432,-0.337330266402208,0.0791170783469884,-0.582870756820093,-1.18014068451497,-0.23457773137759,-0.460002876591183,-1.05778231124934,-1.00607904172176,-0.977661993196397,-0.966055014526645,-0.356609661898615,0.232296229039962,0.00565793561746777,-0.138463626884129,-0.770709007555934,0.814640649642006,0.227152311393244,-0.467306385979136,0.145745495344643,0.827917537938746,1.37830665873293,-0.521445630043823,0.509611660670848,0.0554992411982918,-0.368629628836735,-0.546131321673931,1.93580387017534,0.189653608809645,-1.04112226682773,0.122763425585091,-0.359819114214525,-0.654925030980149
-2.02410413234635,-1.00845130144916,-1.1708643442172,0.282974277348484,0.218317025711376,-0.19088913291402,-0.616833658209532,0.345266663975863,-0.243364023735106,0.0682132905800588,-1.65804124714759,-1.74633374453072,-1.01727281411003,-0.246109367730923,-1.0838550900479,0.105174710592375,-1.72518607908782,0.146500489695013,0.801749483319088,0.704773613099548,0.199646382459995,-0.220794792844062,0.176045863707743,0.544211091402503,2.62353888528502,1.5087650290188,0.282979473871643,1.09417182615679,0.0652490350227979,-0.397529266421862,0.847937489895127,-0.14484000991718,1.15622421766576,-0.240843213312116,-0.13461069962402,1.26212896554677,2.8697235132177,-0.94021557591664,-0.0159846206459704,0.199719818800487,0.433402328179134,2.27077955531143,0.829234975118091,0.681644887241827,-0.491661224794917,1.41187470600957,1.00839390637895,-0.11890507023015,-0.0105552775778664,-0.176058793103635
-0.499363940330416,-0.224708034719238,-1.11297403666792,-1.1094965841724,-0.574148896574619,0.390091563500699,0.164766424607155,0.643573397654931,0.743842407917395,0.175808770179293,1.45721252607987,-1.33347253374358,0.167372349150771,-0.0623540851695554,-0.540636243451084,-0.188347304687543,3.22422372728991,-1.1359001259185,0.103381074399323,-0.565029815720911,1.16163995727738,0.471856750555593,1.49363888098475,-0.124645277765969,-0.148629344472774,1.12815281901588,0.122774228518458,0.0891096599825223,0.553076614311227,-2.04717376571918,-1.26908338732817,-0.260239119869576,-1.65204800538931,0.000148975336763234,0.259318243785778,-0.898080706600205,-0.980731280378583,0.760688806184166,-1.50374239834174,-0.375921956460801,-2.75581593116897,-0.900577640659833,0.136809417094149,-0.529226261349095,-1.1220679400976,-0.26147596602469,-0.0812950115953609,0.658172735979563,-0.340534791298985,-0.010688607354166
0.881601674625591,-1.68236605519137,0.804861586659131,0.287856972578116,-1.60760128166424,0.801053215550289,-1.01501289797915,-0.88120115817782,1.81391381031978,1.38751322897464,-2.25012777555657,0.428109196023308,0.712109069092086,-1.84009428263966,0.0868847176577503,1.52594459324152,-0.303518319413779,-1.23896556237133,1.09822744600625,-0.118807390282614,2.14579286050573,-2.49781077866483,2.18744085465926,-0.356612433265114,-4.67827395826311,-2.43651423633571,-2.42630923255182,-0.289081913422096,-2.51060370163886,-1.78552431398338,0.555823530701418,-2.16153689933403,-0.969688625658603,-4.24689477369888,-0.166008241126451,-2.28270600865055,-3.04635868373036,-0.604755290613256,-0.389907107614734,2.74902171538936,-2.26257278443902,-0.208083034742528,4.23436330691103,-1.66604227281514,1.88810964180065,-3.38952852574872,2.21575963768013,-2.7586881577393,0.751033806881915,-0.716087224636669
-0.697205021918873,0.3006169935971,-1.31458263706604,0.216792967942118,0.346753929381041,0.0940921184031626,0.0340625819530666,0.970881075663384,0.973390424838449,0.914338257772689,0.219291319385234,-1.15825339229371,-0.595693989169282,-0.384159623042567,-1.08488273317353,0.207330364606175,0.970313087295474,-0.0778383206756981,1.51409899805717,0.765251481602667,-0.247603561449464,0.460824674935597,1.56533636290659,-0.238396985435078,1.47257439365201,0.878398396140766,0.521475000390916,0.152621036570462,0.111677236291212,-1.01011042557197,-1.27674469597758,0.777303072936113,0.943031241585478,-0.338493822592549,-0.728866532889294,1.06091522139809,0.2234864718617,-0.677513396961749,-1.19378918259535,-0.451877615446642,-1.5660015941371,-0.0909491844669047,-0.23810568122543,0.562303297388453,-1.80897514079735,0.116252019432416,0.527162901571399,-1.03995301873192,-0.215566179509324,0.195912144483079
-0.321647143770938,-0.482869279007041,-1.3244560691395,-1.76466690288331,-1.59849877334518,0.495260113897777,-0.546631612681216,0.344537806702767,0.210308040991405,0.607249009480623,0.459307268636644,-0.323244120797747,0.438858632812736,-0.666470009965746,-0.265874070967297,0.695813607610018,2.65815520633482,-1.5288378199677,-0.480015155974218,-0.271110265903672,1.26443925214669,0.1943304012984,1.56339411524236,-0.10656615884062,-2.48724545653025,-0.0143444721569735,-0.565145968229636,-0.273370605719661,-0.475872293670416,-1.71640166075046,-0.616032119743823,-0.695984375785041,-1.75827456894674,-1.21711109172756,0.66652881621654,-2.27849739598579,-1.39514428026938,0.603881758504195,-1.52272117087764,0.62225165358317,-2.19714485336546,-0.354756632289595,1.77515292750897,-0.656435377786652,-0.150802868047669,-1.82221904386421,0.522753179915002,-0.32949462511557,-0.321461044280877,-0.257168238812707
-0.342211081166822,-1.22580603108638,-0.828112307191383,-1.53416248563221,-1.74323358523786,0.362694288442095,-0.599979300961308,0.488293114206604,0.644832336571404,0.723567667317567,-0.00679549388453961,-0.783623914438048,1.12891611959259,-0.4430075784925,-0.108269751930418,0.809115364158791,2.70835899461117,-1.24785132136208,0.325962747770962,-0.345405263561005,1.76827686241974,-0.809561018654769,1.3810247111919,0.128210391018764,-2.25288572546658,-0.0450119742040511,-0.689016567578391,-0.271734169071269,-0.798827319213232,-1.82085589714981,-0.680626198838483,-0.75412728473519,-1.5639458645456,-0.912399280872735,0.609374470495477,-2.17833268165849,-2.21412432630699,0.322690188364404,-1.00777585913931,0.780741787375905,-2.72287262398097,-0.249237899968276,1.6377998471315,-1.14043423342369,-0.300696844066264,-1.8574789443492,0.628386633694565,-0.563120947181261,-0.692583572049898,-0.372917271193599
1.69026626125042,-0.10791996961366,0.563112863816423,0.358947205354365,0.981280413766057,-1.2471891849992,-0.174470887315819,-1.20563661775131,-1.99167368608542,-0.147933626936919,0.280179700759968,0.744710612172417,0.0920203132429395,0.740503833128608,1.51906987338803,-0.203837314009078,-0.914593697538612,-0.239240664645734,0.223216775348544,-0.0119289541199061,-1.13169175377093,-0.510472144517365,-0.407757817404632,0.0435652162819581,0.0286946882182402,-1.21190210321623,-1.44690475752659,-1.64161109322629,0.360912037072458,-0.384298549523648,0.822737357803345,-0.0141499110082564,-1.01394405519972,0.591614314822592,1.21734778632158,0.161683988167015,0.213929636970436,0.555162730469896,1.04840544090159,0.440300284215645,0.775832114759845,0.864338962381858,0.30863221967712,-0.773829662081191,1.6416065054933,0.321306942225628,-1.32637726573555,0.0813139870039535,-0.982893861837292,-0.754501908339479
-1.08585206280355,0.623451189206734,-0.831339361563458,0.634366278858746,0.272131478144295,0.0546439483422943,0.486256878943201,0.387467014639579,1.13221884339947,0.936734574806219,-0.231254685240008,-1.053766641237,-1.00893515204863,-0.0606301645758194,-0.793563746513821,-0.0770973114180605,0.65206236648557,0.280513472417754,2.19324568368068,0.562968396892681,-0.138072151694088,-0.218741379875072,1.76074263200147,-0.0530924780782688,1.69466717368291,1.53518045182154,0.299936543029142,0.520991740493049,0.512084536845496,-0.343173077215726,-0.589438321085191,-0.0235898562001979,1.51648706057307,0.22127631712892,-0.619653674204055,0.969094776703146,0.345257296668531,-0.764917682621523,-0.7955190839468,-0.236169794361923,-1.11622753962759,0.157826856791123,-0.435387724660926,0.534837686844368,-1.44777821395299,0.500538438812554,1.71188372683012,-0.232862805279278,0.090684800317741,0.0631655467208696
0.668569523383526,1.15458137158957,0.994596940596109,-0.687258030369011,-0.871577621161801,1.51131127219131,-0.190412310623278,-0.28037517059888,0.0983580275145335,0.0936184429917715,0.592535441213755,1.64174130004811,0.400124089526912,-0.231305010303799,0.0403140506943351,0.376955623669293,-0.539016264877866,1.26410500681384,-2.67164544855705,-0.50578838058594,0.0731979744552463,1.70711696734659,-1.93410070048569,-0.209423628743355,-1.47644409300998,-0.806005106049906,1.74404707205663,1.39969114735951,-0.0743886796580616,1.37777173486516,-0.574232539087527,-0.242575474764953,0.942835821097022,-0.647388495482689,-0.261221789244833,-0.384157889860462,-1.66764052602464,-0.174641008372887,-0.876113434887428,-0.673742339033854,1.07869185031505,-2.39410079394882,-1.68908218964276,0.119245459750892,-0.845939760541385,0.151251470700752,-0.362706997004661,-0.256712460327187,1.17425132576662,1.4551821526797
1.57825946357706,0.0136352381115646,0.601399111254595,0.484999872541775,1.10361647483611,-1.66269963500266,0.0838210901952599,-0.946801304679934,-1.46711970426918,-0.625339051935695,-0.0383723782664189,1.46010521003756,-0.0141402199141199,0.613015177496403,1.24611598672438,-0.248015136149261,-0.774783336442478,0.195885181737579,0.00636959615835847,-0.466607891899566,-0.974516452926279,-0.862038177423232,-0.152820813014146,-0.23897117149775,0.0404602028097833,-1.34064719690319,-1.34805883162747,-2.09132705288111,-0.364481398250551,0.204323766710751,0.83949173620226,-0.308379759825585,-1.19478829776253,0.762027003547388,0.637005827794793,0.311311813388299,0.611800434753156,1.10503978652436,1.50737877718189,0.441726179254364,0.766063299918745,0.769741744075166,0.423000177852227,-0.891143537723636,1.24694717524764,0.242202527604869,-0.92633738516066,-0.187081605430486,-1.06898676328598,-0.824985268244628
-0.525948215212169,-0.610359623417825,-1.26889240367125,-1.75097489983102,-1.38711428340243,0.542117302697536,-0.24740517741536,1.04993749498443,0.493879007025221,0.460987576784689,1.12333567938086,-1.16512004642626,0.468412505717844,-0.20866826057948,0.159417673581218,0.27448634911164,3.43229131380953,-1.55563382649895,0.435807722666899,-0.0693824814529275,0.6032834685966,0.141551286441021,1.67241646402893,0.803081572196114,-0.830619622402322,0.846327162467632,0.011064732817609,-0.30161342543622,0.559915742238144,-2.00094216887821,-1.12556675352149,-0.580223954948516,-1.43286263050106,-0.595938364224985,0.19882247680155,-1.22735926417317,-0.584093879636398,1.08075901262213,-1.42269223530999,-0.209392482382483,-2.74959395420475,-0.622086392258411,0.889860511762283,-0.223462679365868,-1.24555732335379,-0.959254539165194,-0.129936468072357,0.0416745865154416,-0.375058032244702,0.287059698771451
-1.18784819134703,0.0813896147749462,-0.762951112188499,0.0877041524347319,0.0282220827948732,0.416958682187801,0.704941120930882,1.01799292554075,0.780534120857461,0.732474770379062,1.06470944142353,-1.31410440381609,-0.534350790489491,-0.00197556531220595,-0.28360630418036,-0.141170384066272,1.99667728867576,-1.2346788730853,1.53788635010767,0.389228941306237,-0.331889410663681,0.384680724823963,1.32009107041931,-0.141007154677147,0.9224056098354,1.34814474312829,0.641255598154359,0.456072795661423,0.641660115261889,-1.51923251260846,-1.45022678538517,-0.181224829176069,0.0226272191180086,0.504823416057801,-0.423674400851406,-0.134807908386954,-0.215689182152614,-0.00791735980050324,-1.17899375739323,-0.649653224450751,-1.79565753910569,-0.438644101934215,0.0428393889880519,0.447076211109438,-2.03489120093178,0.0743037605453215,0.191950179686979,0.22081369394191,-0.360124323407616,0.118864866274014
-1.4903139395758,0.164821587032252,-1.24234732226047,1.28346289874897,1.18328909070325,0.132159213768908,-0.101741127005974,0.512212573475859,0.974568901756327,-0.196766223433577,-1.12692181541133,-1.80985702826566,-1.21106509743848,-0.876338201158019,-1.09445363325192,0.396312373014872,-0.614856010580355,0.555916196171371,2.2010964554301,0.56907691133311,-0.373014489500306,0.473353098567047,0.564996388106557,0.799891461398637,2.35154910528843,1.27871932567884,0.581629761598293,1.3760579224427,0.124851897410916,0.137489256088041,-0.421891711941009,0.350555458088249,1.66203775290219,-0.384615717947326,-1.29237760869174,1.49067717313144,1.81173291783981,-1.10895652032273,-0.568498407014278,-0.166383081540656,-0.598068724371481,0.698078973733729,-0.0436285363724465,0.812368589593957,-0.698904132006036,1.21306063228426,1.24976280489845,-0.521769603171418,0.00991134222344968,0.0790450759611737
-0.493442321028472,-0.640642724080682,-1.17341320930206,-1.67438859790574,-1.58862424940726,-0.14140726308894,0.064220928528762,1.15632436445199,0.498107471384578,0.0949089157772859,0.678220823618128,-0.781577023583273,0.139303919076783,-0.231283565038293,-0.306961096113536,-0.0881582535357447,3.13496371271607,-1.27827757567885,-0.162793592921458,-0.375347209573974,0.917228568218037,-0.0592104281803456,1.32674521217939,-0.185784304794971,-1.25229595015022,0.527452016018426,0.227761401998865,-0.278573919568139,0.773196787490948,-2.31813475349529,-1.54382680123317,-0.433212151387287,-1.48261047386491,0.146987912309401,0.829398095859055,-1.41773641037699,-0.616470095752227,0.354895819331521,-1.62362623131619,-0.561437985489271,-2.43545218586732,-0.943549811241241,1.01154849140904,-0.152765202484446,-0.914706666061142,-1.33315671028732,-0.0257083401181598,0.214315566862498,-0.393395638114518,0.148803164053437
-1.79500319739355,-0.627419182461769,-1.00026376556195,0.707698567033496,0.752904667541167,0.351197668797759,-0.565685705126674,0.534569906112501,-0.0457440846862521,-0.57630558667066,-1.9878600380268,-1.56565132572749,-1.04664472517041,-0.528544522616013,-1.14877114939658,0.942432407731609,-1.91395219630205,-0.0672598844150588,1.04285974647686,0.744686227185079,0.132432095105214,0.279074318084115,-0.15806365306023,1.29140068647458,3.03022766579694,1.43571421758557,-0.218204468051433,0.152019627212198,0.0724011924022418,0.212626161057498,1.04013194146572,0.302529026680443,1.35497414150707,0.476899955850023,-0.970035985694682,1.43938264808311,2.83292940728895,-1.42554113168282,-0.278685827832957,0.071978194491831,1.00251194759493,1.78360543466747,0.98705372183224,0.404207478866433,-0.231236122795398,1.30586799139512,0.87971363710719,-0.202305394474522,-0.495706418898416,-0.334522181044848
-0.377347632441256,0.0358355767534451,-1.04351244462137,-1.83785364615715,-1.48677842467298,0.0563696149890095,-0.00925005638086101,1.12287442930392,0.756306799326654,-0.010611823946444,0.604717453175682,-1.44423217834364,0.54636007510884,0.151580496858592,-0.105856618744323,0.640740682201301,2.96347958871034,-1.40853691673489,-0.120382327405969,-0.26213187041007,0.372329216975804,0.0219162033449381,1.61791447422649,-0.0103080248201634,-0.997775220270164,1.08760755751752,-0.0268157658515741,-0.365575462217424,0.379995601694091,-1.75509705490586,-1.41880535174728,-0.294226520331502,-1.45755363710126,-0.154697351853385,0.374392701803517,-1.22093951542714,-1.14190108126061,0.76631580962097,-1.22429200220157,-0.159455000511579,-2.32908772902333,-0.526546210174588,0.57257523966413,-0.331165194645415,-1.41249542084999,-1.08788309809291,-0.250660080882812,0.546937984380842,-0.685387326288907,-0.0996870978767173
0.925803179460666,-0.803506919404254,0.898547771381893,1.13445880118094,-1.48765740798663,1.68102558818307,1.488284957007,-0.533010320382804,1.85327769951011,-0.17429349777238,-0.215683309694852,2.34688923689979,0.980663578806876,-0.14799547657849,0.155129498896064,-1.00654049192142,-1.91391782178481,0.0549301042157793,-5.16033965949861,-0.165475123325021,1.4663560956424,2.31494501832371,-1.06055800876792,-1.04843276800432,-0.442567649798863,-1.97476498210039,2.01950743298029,0.573842565017339,-2.28062386192299,2.9001737400018,1.3549082762771,1.94626681724268,1.64217408801726,0.873976621557023,0.625782433317502,-1.67511774627767,-2.78918691237411,-0.466370954914497,1.76591716595661,0.627818063355654,2.24700473220824,-1.16677226703059,0.346407711572809,1.60377069240183,-1.0398134145744,-2.04668718519817,0.548205065415505,1.94617635271359,3.73616473904518,0.758526248156233
1.05484365170522,0.341701841857718,1.43669155715079,0.479054508557604,-0.113599641444952,-0.547247516955279,1.202839765556,0.159132427150049,-0.565298345070449,0.399201344848988,1.45042573731301,0.638651981049071,1.45617281356923,-0.209908201410666,0.897348901416716,-0.633545983572082,0.228065545307093,-0.0594970401426399,-0.688687186159274,0.283702209854262,-0.369901956409264,-1.09961040124823,-1.00504216795623,-0.614431805140556,-2.69389775759989,0.255524217276814,-0.823147767074253,0.103571126924844,-0.096386665715571,0.344835098822839,-0.752211894203465,-0.40627784376956,0.105950670510523,-0.0379978017184551,-0.966989862580674,-0.259306660190237,0.185407621199207,1.04265516040356,1.01268526343982,-0.813434243385779,1.45592967221232,-0.782621428580348,-1.91175417787989,0.60242848133088,1.67315079010448,0.680796335160093,-1.00524691457185,-0.136142824430068,-0.0379840906073654,0.635479068409184
1.51051587977047,-0.192403730183994,0.881342674521961,0.922782944207606,0.148661941943621,-1.52358258821653,0.919689633182497,-0.179042962004291,-1.18678156918576,-0.175687599699596,1.14609544525897,0.900932528769225,0.837641739547841,0.337722914846189,1.07442961847615,-0.341700085802343,0.0774680400287215,-0.120912226483175,-0.82055575223864,0.244725772227252,-0.648817102387565,-1.15868160904383,-0.468224777603858,-0.908409539510823,-1.7941386093765,-0.430691187534301,-1.48924649950926,-1.35433269742784,-0.16641166522485,0.160523586750703,0.0823671773937532,-0.93274596110546,-0.880049671171821,0.841361361155741,0.0784858110474418,-0.266678686856191,0.230540267266741,1.01735204446328,1.44427373294549,-0.342877673032056,1.2364000179329,-0.0329065723786674,-0.887656078635084,-0.095494773980579,2.04222621389077,0.0390902692004646,-0.965976306411726,0.176767253723316,-0.289537576692506,-0.330277529348864
1.78563577381664,-0.0945408837874432,1.31996902273844,0.753948870660328,-0.22888747501069,-1.20507420000931,0.792957436216315,-1.10696483286561,-0.776995726147157,0.113551355608785,1.26600308502787,0.950396590953076,0.618418314298166,0.235280951944015,1.231103977923,-0.551620617203713,-0.355347233451897,-0.740611378401522,-0.308734643351238,-0.159487288450654,-0.0159862716846849,-0.82995112134864,-0.317179093843191,-0.741378307953376,-1.23722559608973,-1.1310705613063,-1.322287965389,-1.31758047928813,0.152288666132382,0.0850399768653178,0.228270763581893,-0.574923855361564,-1.00594204122137,0.287040780957244,-0.00704478934822452,-0.466670069773186,0.129210637334764,1.15134996890991,1.77641888804189,-0.326218355824716,1.10048422994053,0.216890379152268,-0.0555327619316441,-0.715158618099028,1.48056772263848,-0.257570154129923,-1.22739294210444,0.297982887369027,-0.654806137828568,-0.726886811518947
0.763980457041687,0.622213488242137,1.0131007841838,-0.0296179386188833,-0.906664794699932,1.69127075400285,0.369116009888802,-0.203658077053301,1.26512898996169,-0.369825538282958,0.465015067220838,1.7512420742648,0.726802693126751,0.0599469301933431,0.484012334126253,-0.70443424079894,-1.21115503061277,1.05082610334631,-3.74800981773592,-0.731842325721364,0.868373876764887,2.42086429865963,-2.04594840237179,-0.394204434583366,-0.785717816045389,-1.76979480379508,1.77922569456541,1.18541500571792,-0.956178454280257,2.54073302174401,0.494478870939921,1.18680050491853,1.44040777633017,-0.170286381138107,0.111435555184742,-1.22664491320801,-2.50158616672746,-0.168404405801613,0.185478758895163,0.329286612390007,1.71702478168909,-2.45319839921545,-1.15029849943986,0.241742418782208,-1.06408013870659,-1.59888067610802,0.251639948811781,0.86293890964685,2.06535183892524,1.17414782102189
1.49878166877578,-0.362169706935884,0.415736887232157,0.0534300457234204,0.868564648363837,-1.41229143837454,-0.457255308490999,-1.00205816717724,-1.53334331237474,-0.44143911677879,0.467720098688604,1.53672766819953,0.430909861119847,0.803120642516336,1.1179980719517,-0.728159809580516,-0.985492994446539,-0.291923878523033,0.421328974987233,-0.3295728737723,-0.686216655177042,-0.891281593640983,-0.627940471435544,-0.297987942066369,-0.272798137594998,-1.53919540417907,-0.719409773817372,-1.14959935393468,0.17307465183796,0.189066685902216,1.12762975304561,-0.0661122211948728,-1.28981303991894,1.12145827087355,1.1962803331649,0.228214914623775,-0.131501773424001,0.94944898521322,1.422720799709,0.549043969745912,0.988528950622492,1.0614324577942,0.670559215593454,-0.854980937328565,1.10570859991269,0.683287219270054,-1.21717896589887,0.0295329142390644,-0.983652923562194,-1.62135320885999
-0.937965154533533,0.394998216404952,-0.67612900574173,0.424042214887804,0.391264552031577,0.453737159644439,0.314037477481653,0.685796550820839,1.15997246988914,0.960957189364558,0.594890376704307,-1.08910422177414,-1.07311670759094,-0.107802691087796,-0.296747898004704,0.400898905803677,0.655032321959653,0.0296783190870562,1.99136767792189,0.555490043555576,-0.42589008041781,0.507996704754554,1.00087092553825,-0.0425496544799763,1.76732549764336,0.526615961676602,0.10795992459712,0.470247923545518,0.829100099587226,-0.956270881327908,-0.801823341286208,0.48329520232693,0.834760023319027,-0.293162075267974,-0.494521500655536,1.19649245037791,0.270579336584229,-0.752881793710126,-0.97495307062273,-0.253709370346969,-1.59910300395644,-0.280555904847216,-0.146829128868168,0.582092903365626,-1.28624103869492,0.531737806065558,0.711482320519081,-0.20383754434624,-0.0620644894451829,-0.182054274507902
-1.00327701203171,0.0594180321148925,-0.915147233957024,1.20819295433785,1.02411945248091,0.36621038445979,0.183204051339984,0.369453739958424,0.776846717144641,0.646404323964029,-0.368951552618754,-1.24915257128447,-1.63949253579641,-0.581072672848574,-0.693657075547593,0.0243464783949477,0.158863386030693,0.138051517251536,1.92530735550557,0.507302994040008,-0.395622877810759,0.110651377926332,1.21240183880602,0.184869698150123,2.43756001243269,1.10051051586666,0.0531945860951016,0.822173705550552,0.433483355348394,-0.980577126333928,-0.854829069437984,0.640077973486273,1.17671914799361,-0.482191844040664,-1.10140369911195,1.50377696019032,0.387896792343411,-1.0641237825543,-0.85903039030706,-0.365151270277631,-1.32449703543776,0.0651595477598471,0.137154697311535,0.452459072801658,-1.22084405384549,0.788211935629971,1.14494403433603,-0.447654095796678,0.282331188100592,0.279475857671296
-0.737648361861718,-1.10413147223917,-0.437671589370088,-2.02567216530038,-1.0717475901677,0.450505562485742,-0.885790879618522,0.744690049838602,0.746704994742611,0.59021989264696,0.554490275419839,-0.456561329780243,0.826434063564524,-0.179663185711486,-0.0197455280250532,0.851534400711808,3.02898287196333,-1.95996579316202,0.0374123176488419,-0.550936634606093,1.27861728399286,-0.170572775596241,1.56955442791413,-0.122729462073423,-2.0948613128251,-0.23447877554396,-0.230410972961997,0.0186815648988475,-0.151371449766252,-2.13759224001274,-1.21383440374485,-0.872408803096874,-1.53765987691993,-0.804665645488751,0.489679451940452,-1.69631315302072,-1.67660636622118,0.887949367045393,-0.941456596106077,0.557985214762331,-2.48984811619022,-0.763583877457216,1.44714882743999,-0.883207796473428,-0.291238800292252,-1.83865073445042,0.241965965856763,-0.240537051454706,-0.395636191360376,0.179035637735526
-0.753618989179894,0.768257378518141,-0.910218976249116,-0.682312323258088,-0.331541146929439,0.15732608554778,0.321665772808294,0.299033818910226,0.763612930051018,0.0713522563185612,0.779786544703503,-1.21965074201909,-0.0862833883042644,0.405020214224149,-0.72000076712351,0.348140565232135,2.59689968189104,-1.25387319341052,1.27153378894774,0.634092053794972,-0.349645068430448,0.760020226646087,1.36172921313994,0.205270411719972,0.603990194080441,0.883544505370418,0.464462664626587,0.240336793687204,1.01507766431093,-1.65751953099244,-1.38594509069887,0.132106190124672,-0.346447491247733,0.277295092256774,-0.199775613651055,0.482456208340138,-0.279110801943589,0.232500862609715,-0.976188196059915,-0.664235463338307,-1.74427207458965,-0.608441455418443,-0.0927397705072644,0.308380166961491,-1.26624068774239,-0.063367827655549,0.612808548070536,0.362194504313695,-0.615125826044693,0.188807439023993
1.36552180467825,-0.195634205302303,1.10898164421781,0.568957111640318,0.524514142992874,-0.606453121512874,0.564031799761841,-0.392730941465807,-0.918619571728618,0.0230564532518931,1.24738355422268,1.20941938424715,1.58760578546012,0.370542741126154,0.5378350184448,-0.420585857584662,0.221663890428431,-0.0795270633044832,-0.806740171067965,0.207706996630513,-0.0351387869838059,-0.871607339593817,-0.0594282772894922,-1.01481628214182,-2.11580027791278,-0.373434578522416,-1.01094635677414,-1.18284158282722,-0.164346935049414,-0.137183118763713,-0.522979759648223,-0.315567316236446,-0.491607807099346,0.189506562340174,0.00689470720077736,-0.603467517220845,-0.24482534543518,-0.054900022642613,1.21623795528105,-1.11038200466642,0.579111920639646,-0.479860425376876,-0.672592861594462,0.0549719444216328,1.99791335368486,0.361346016881368,-0.922682395826897,0.373834712049841,0.142815456982787,0.452121851845025
-0.21130831626566,-0.572250617371613,-0.962257608103497,-1.80854684614213,-1.41961830539322,0.210013874035936,-0.00256084593388024,0.64177718577574,0.635355664971488,-0.225272805599831,0.535950612551351,-0.902404370378773,0.628836381482778,-0.618496052497125,0.0281092191412825,-0.0989888353374232,3.06612091396633,-1.74872620838786,0.311868921774209,-0.788599095054736,0.0270967429007601,0.231468606949019,1.54823969444467,0.00756073404128832,-1.1937724479434,0.436270365615947,-0.29555164666279,-0.113039277215739,0.0597617719393308,-1.43927406922878,-1.11549332255586,-0.810958163314168,-1.5023169513342,-0.388747530873666,0.709070773269637,-1.72544798444043,-1.10334853038291,0.91602510585284,-0.851311821899692,-0.126964134372897,-2.6487864858301,-0.663274700527145,1.3459913174606,-0.510741764391959,-1.17163932202773,-1.70183092741233,0.272217998671299,-0.187563692778648,-0.765531431881372,0.180108419395596
-0.983503132948954,-0.175543782829454,-1.2745468667281,-1.9067350129271,-1.85686345328839,-0.160353280557426,0.0676420770287133,1.49630811424551,0.378438374770989,0.375852538432021,1.25509451329301,-1.38509251681772,0.285395561497941,0.0932467794387846,-0.26751553778423,0.177609351180426,3.40285884313997,-1.55825977996567,0.374059185930754,0.453307937636056,0.0674769040410374,0.373548263060691,1.21776908846341,-0.026617317985744,-0.433632176036191,0.898275135231045,-0.137483891668723,-0.189171699953751,0.634598447039312,-2.11742161282727,-1.58578954306186,-0.194409326919063,-1.54835371258475,0.1504688216454,0.690747836016252,-0.706930759601234,-0.574757267247571,0.743100240192259,-1.27389373230255,-0.749672557115896,-2.19566210079079,-0.330171141324756,0.518033302189823,-0.00694263712393372,-1.75475299998517,-0.868003304145095,-0.0153922734787164,0.474298062208172,-0.407089445346214,0.0151887483059007
-2.07496718172595,-0.118950588878351,-0.914280073551013,1.0091272029333,1.02061723648558,-0.350973890369632,-0.58478566727847,0.393327992867178,0.446252455493036,0.00122760637609004,-1.42418721175383,-1.06254509295881,-1.47427332506233,-0.511050445336048,-0.832497852593053,0.149144486340683,-0.99857598674664,0.495782178055168,1.92564987085133,0.961849483772082,0.201887717580616,-0.250461537045513,0.694984541378074,1.08589248796749,3.31689219221855,1.40947293049761,0.48437997735028,0.929254603133389,0.464091587322887,-0.0271104795423398,0.707180399844369,0.498278125098653,1.14467772138515,0.279506888184833,-0.817317347867367,1.31050909331062,2.59420127348715,-1.04224779993968,-0.606031745216491,0.485013336309757,0.231258407585226,1.75811338936533,0.47656262309719,0.669029557476197,-0.576802123752297,1.0601956618394,0.93273665104595,-0.151569513219287,-0.416573495252475,0.0445635693193912
-1.23885529851236,0.394689877211305,-0.628571183458214,0.953858460006518,0.645730403919542,0.453582967403302,0.168403742639391,0.594939731252675,0.847747741995007,0.967235025574715,0.603557283130494,-1.31137167962908,-1.38910267721576,0.151085116329894,-1.25790343768553,0.0303749683100855,1.24656055594754,-0.0309175293789878,2.28563368554756,0.499787981607256,-0.201378290631972,0.27116326231021,1.90137286235226,0.400283699966354,1.42112328336115,0.902697735288006,0.204926598230624,0.316529265010531,0.587786368679129,-1.28223329185874,-1.17408715718142,0.207428536411229,1.11310552166062,-0.263903639304387,-0.782677010666714,1.31784160782297,-0.0779485085624154,-1.11035815684658,-0.991026280609227,-0.263620908939847,-1.3322555109017,-0.0321858390430755,-0.259221836204785,0.459610532701767,-1.45759711226024,0.164328788472777,1.10021371685179,0.0139748309956254,0.121811274793707,0.27602251648198
1.04377806107296,0.665328965618521,1.05196911302957,-0.0554556201814245,-1.19218173332701,1.14150383965143,0.287623269852442,0.0381177055719337,0.875200979114157,-0.120369814396429,0.522435971632089,1.92225481480877,0.349544353469913,-0.658928122743772,0.314212568857372,0.150094931085683,-0.876202051788597,1.61397191052835,-3.34404618367169,-0.0305787439073112,0.652997095542161,1.80433479654507,-2.2128804982891,-0.164673620458813,-0.786239377378135,-1.57871754733264,1.96484111215623,1.44466908176403,-0.982968881065925,2.6928958050593,0.255437134483573,0.627545815913089,1.12431513841352,0.0864648986108809,0.358403233646415,-0.511489649042721,-1.99510327735881,-0.25453621880749,0.361405618838777,0.221138315903379,1.40886820902302,-2.26663792548927,-1.37045540820244,0.461622230582209,-0.943543875977821,-1.14412961872106,-0.423553295994141,0.73606499753948,2.57373992747217,1.23341154295565
-0.962041925090476,0.253925858100692,-1.22293367652439,0.0679432579031748,0.0657607659988712,0.410173200488518,0.164403379510304,1.06945109821869,0.160831845809898,0.731954210552692,-0.155991131672364,-1.37630259739955,-1.08225584663023,0.109398648048669,-0.94427127324713,-0.112353557498871,1.30253366534423,-0.617135467499547,2.10693035002975,0.394800342985317,-0.277171398981176,0.63076377956586,1.01047678281342,-0.200063989941909,1.28493682378282,1.03938746062205,0.430528743046307,0.500787086740509,0.196042003764565,-0.886835912823876,-1.05902890466053,0.12997655654355,0.622958747041144,-0.0449998875930851,-0.78542317255504,0.633797416195078,-0.582410372636971,-0.875734038987102,-1.442024463513,-0.266446430487996,-1.66078214799949,-0.424358543992764,-0.373970588656135,0.21438237340321,-1.47629845933701,0.0784120043570544,0.709214865349373,-0.203541734904046,-0.0149300295610939,0.188469338296006
-1.97149403621586,-0.586349860695794,-0.792266744122568,0.612885405988446,1.1223246401865,-0.102517540509211,-0.497775843641059,0.905983278405929,0.0119755458594181,-0.260162517208363,-2.25095207710701,-1.42534408169538,-1.33433831790972,-0.532684183910796,-1.25414174238087,0.519756890316866,-1.25561124793212,0.116374108769072,1.43469279092604,0.597966823856659,0.183311011664722,-0.100887683512442,-0.172166807761662,0.905551330482187,3.38283668537441,1.29117505130279,0.210478160560344,0.461796517557502,0.139171420527124,-0.0349224313880084,0.451252735622006,1.00007097179452,1.47343153129166,0.501948406430307,-0.827592930232813,1.99424430083858,2.4898155807717,-1.60398399582029,-0.0735668256944553,0.402081252348596,0.137342740202671,1.71832745791134,-0.0197333174783209,0.496811217550061,-0.271188369824078,1.40129506285792,0.866109185415957,-0.309773747033449,-0.345960944357441,-0.682188315248922
0.74835373326353,0.504435283438113,1.09640118742916,0.45903792545479,-0.330837395662929,-0.54153605064093,1.044401281158,0.32915263516436,-0.368147449302401,0.347114719129309,1.62835295238783,0.626101506666139,1.5472422425282,0.0864871290236856,0.847943471672476,-0.258566481546927,0.583471248400354,0.167566573921271,-0.493724138188193,0.319095442127695,0.130944978750215,-1.12405915719016,-0.73867871443585,-0.430444343617022,-2.27303872144828,-0.27610441943311,-0.788372131918626,-0.389168630142255,-0.180192367387981,0.111787822495846,-0.991171253247257,-0.716557599794879,-0.382307065905681,0.304325315689641,-0.145322330624239,-0.436695063129091,0.374056256126523,0.779043535164496,1.07577135681422,-0.986981012821398,1.1280399315503,-0.935841851605978,-1.44479345090414,0.526715495733825,1.78912896147658,-0.145362879062092,-1.30450934969874,0.142413262822906,0.368494423781153,0.507633949697806
2.24955710502301,-0.224337318991745,0.331105997049314,0.304831698132368,0.348315718948345,-1.29127072844327,0.424776669696966,-0.587463371162915,-1.17778668665432,-0.392678242438118,1.21775043975411,1.12903239636153,0.406494759298385,0.521833188330512,1.17337125072228,-0.537171383866021,-0.821593375954645,-0.070735057858125,0.453392227021892,-0.538432140216866,-0.632930463698832,-1.10170807511754,0.179677990113282,-0.737564475343718,-0.766663705467518,-0.812468013144872,-1.33561994295478,-1.6206629916075,0.00202456335002737,0.0927331609391489,0.337271596092804,-0.306242554638669,-1.17181093441591,0.968941893705588,0.963414592456466,-0.231107017498424,0.278480141884808,1.02943510808803,1.40095160395665,0.31803547016224,0.582104103043487,0.512649243563475,0.62938950115691,-0.458335923075412,1.37543726054957,0.549374556348114,-0.785982841832311,0.375250791921054,-0.46299180305377,-0.0746952906940993
-0.737200557285229,0.316316220062913,-0.880593527693206,-0.142658505420836,-0.393319158903105,0.218151159529408,0.0662564955377677,0.731554103640481,0.501203178023506,0.153302266332859,1.15580499688306,-1.61904133824852,-0.188707280894631,0.406352606182755,-0.771013535551357,0.0355308279994829,1.98143483744245,-0.812748757643939,1.15510678727729,-0.110696303147308,0.173563536425519,0.739138363280067,1.39106956979831,0.224103877270912,0.974554905545786,1.27799134540164,0.56083494952719,0.314391157149237,0.690356585692934,-1.25444661361282,-1.13509640258696,0.197631922827715,-0.416557866417777,-0.0683487404089083,-0.0269099975725633,0.254476886877824,-0.467403115784994,0.129799285722503,-1.62879894632875,-0.790948833686224,-2.09599252314025,-0.175285902241845,0.46927484906613,0.436284338964811,-1.69448830067033,-0.651744851111636,0.514116647368842,0.054104302834221,-0.581130279903374,0.192811009931594
-0.753564199061544,-0.279804310906705,-1.3278543833314,-0.561017597743551,-0.919104494043134,0.606051456219054,0.490530202399046,0.81467156964039,0.222449564404535,0.327845457310899,0.959017769569693,-1.23100375825119,-0.493930430332817,0.112080776880984,-0.284939559150155,0.201408374860037,3.05401087027257,-0.960741181418522,0.221734136143013,-0.0601812186547761,-0.147620971906342,0.499431351991589,1.25733884009402,0.136477898027291,-0.0890751035140128,0.867718992998233,-0.440509025600446,-0.222767063313263,0.341497880603288,-1.48614220538515,-1.74680618452748,0.0900864184688964,-0.806272023643569,0.378010033959917,0.0509653336805757,-0.651921533233189,-0.565392194970044,0.224255522653961,-1.33565860175509,-0.86979357867396,-1.99643256531309,-0.650678943468955,0.225787748941416,-0.273488276140771,-1.21709761164418,-0.101179889022865,-0.336386259310305,0.148737359255911,-1.12013803255511,0.216355020844639
-0.113060055771891,1.18779643395086,1.47170948635251,-0.728479417374787,-0.490804078066563,0.344972959888778,-0.236111348842517,0.497389905985182,-0.561709985000577,0.609777844361976,1.11304633146708,0.884309066916509,1.20153198856063,0.239454661852694,0.252144154118601,-0.341957624927198,0.45342252072291,1.13769863384812,-1.04969984173791,-0.41778787637666,0.265856237321033,0.258557150918212,-1.4453256088309,0.169259525302521,-2.20055571852771,0.237080094827011,0.605051090457569,0.971167984296954,0.343201849030861,1.09735447263544,-1.01173293323255,-0.793545497396665,0.161468553624144,-0.667323702115022,-0.91023416464887,-0.470068187425591,-0.211700726091528,0.45998004250842,-0.582660982369287,-0.905414817387115,0.737307024725401,-2.617038799315,-2.34670711858718,0.199266391906808,0.891269907365406,0.245682690341468,-1.11442777842935,-0.449699982841018,0.71140963963449,1.66912503322604
0.555360375756034,0.94246523170027,0.681688647264597,-0.087924860748072,-1.13530396930488,1.2426576840321,0.0361233081763146,0.036631849694057,0.745298186515004,0.161253401599903,-0.122263291630073,1.87692706103042,0.323925029827899,-0.698065028006471,0.138748230192276,-0.17424529407376,-0.944229477358734,1.52982694491313,-2.91579326635323,-0.523213218637321,0.47069663641195,1.66174368261463,-2.29787569980684,-0.0600354739653015,-0.68529416856992,-1.17489159864022,2.05964288383648,1.91182800799612,-0.915006209376679,1.89106830786514,0.0418195229047179,0.475709493723251,0.944489479722401,-0.382142053695211,0.558045972233413,-0.748244772272261,-2.50990389136651,-0.26540999757481,-0.0665439918333885,-0.437274903243089,1.33433749820836,-2.27383966291393,-1.72410094187501,0.219815159915985,-0.796312158719196,-0.705955737120981,0.219183599853171,0.14111783560612,2.2302896684715,1.15665428796202
0.74063182398423,0.220582027663735,1.26982516136187,0.698271321043068,-0.142418676441429,-0.569913442757609,0.741247269686706,0.437445556065277,-0.390447387859423,0.299480930758505,1.50178186264155,0.510141834483569,1.29628997929532,0.0829824588470524,0.593271829047091,-0.332775178777416,0.638295089230288,-0.0510742601586496,-1.47005739535034,0.464073410304023,0.2082521612858,-1.06444357112025,-0.871609266997788,-0.611806224456855,-1.7458352438563,-0.0744077765638416,-0.48450171929195,0.124128464606838,-0.0862544538114651,0.0458715731988688,-0.566803297724184,-0.686238139831387,-0.236684044659123,-0.212435410443667,-0.612794240718632,-0.349873403821155,-0.32702268395572,0.124639919033463,0.519474572342096,-0.74203779068477,1.39723157219918,-1.47518665396409,-1.66264944470661,0.614649864858706,1.67904681610623,0.65061158460284,-1.09646729231291,-0.334641856047273,0.0917736991241333,1.0585723309068
0.772627959057989,-0.849940832232345,1.11272160999735,0.568506506066631,-1.68058689513094,1.48831147215365,1.02557854362946,-0.188143130854816,1.47917915061533,-0.58055874505009,0.276406578405165,2.13290275014631,0.951734979522234,-0.444675426536768,-0.00619412236042627,-1.13886747454093,-1.53613569816459,0.646278145111995,-5.18082728989885,0.312240514905011,1.63432984733297,2.48794506710139,-1.08143431207486,-0.843024499925516,-1.00351593929466,-1.98565727059408,1.84485183470005,0.553278011376012,-1.54231367942226,2.81535986187117,0.872450084532086,1.27826755397792,1.25787197226523,0.619561268499779,0.922314933078339,-1.91238441724303,-2.62145665625412,-0.386554516495291,1.17278145733884,0.314001137789066,2.38515364512413,-1.2374626609212,-0.61337744037283,0.700975276410292,-0.77218950484289,-2.02022412796274,0.894584872000491,1.721528006233,3.24772272099104,0.485120894112206
-1.67612748139497,-1.09067408565567,-1.4500972957965,-0.351373330298673,0.932276096669443,-0.255371700472836,-0.239087905690241,0.179044583853614,-0.992206153378876,-0.79088278098726,-2.09861790342972,-0.912964005395531,-0.501306210520785,-0.0146065203560549,-1.00405116640397,0.528247334356552,-1.74043495551525,0.225140702698427,0.886951008858014,0.824675525901071,-0.0527569212191392,-0.132896617381455,-0.659797725928471,1.11685725008732,3.05046758416432,1.43818909515662,-0.417952128475541,0.448726910335368,0.350739384318804,0.0490966176723079,1.44862874936162,0.774805693332709,0.49426143265438,0.593056690976802,0.0956232820704903,0.713676628142372,2.89726260070064,-0.791503696429686,0.370636991011719,0.513593457580034,0.328614205072473,2.90598896743024,1.24261516587965,0.286016311917388,-0.355074870379801,1.4196385430877,0.82581766903827,0.290666580464967,-0.850109797869156,-1.08579874059075
1.19273251077398,-0.138015091497253,0.690063860390635,-0.279250573909837,0.426771656301305,-1.26378994665893,-0.0981777929251752,-1.28185334165539,-1.29826183707822,-0.851083312558714,-0.0110413326439009,0.885996175513531,0.228625965815199,1.12752880857501,0.933546718919558,-0.542457856369615,-1.57638244068964,-0.43007483054178,-0.0321701943376717,-0.897705280590603,-1.10488267974296,-0.350083873272009,0.00949711322058624,-0.334759108836086,0.232861306258287,-1.20871972676337,-0.886686078491877,-1.93873166654143,0.129346607958508,0.22009087277152,1.03359955929668,-0.136219111714501,-0.924627638499169,1.31699296863699,0.993372761140031,0.480539970115515,0.13330186885244,0.807771878303787,1.28278580774915,0.447680911321748,0.437665686933003,1.912780988879,0.397621600030435,-0.517891700255452,0.316509417560473,0.316889132212528,-1.25671898024245,0.676215999383836,-1.37694619519281,-1.29206380806553
0.703792069076655,1.2489192806031,1.14876209580493,-1.08509720197291,-0.366570885496487,0.821256185763456,-0.199968668852317,-0.624218606786698,0.0124891232203021,0.274331225941663,0.457345640541884,0.969995871602125,0.858507903463952,-0.143368673303219,0.571958372469786,-0.069608013019942,0.612933844373299,1.23822562336114,-1.93427028682764,-0.380772406106589,0.572461057462234,0.545390437411354,-1.8247371724644,-0.0831049976238846,-1.49224250098863,0.23743639133624,1.12767277662384,1.39803669516745,0.528449095733339,1.51331625518985,-0.390107027641387,-0.603051725495428,0.662300801820661,-1.00518481840512,0.056350301306042,-0.149382478295455,-1.03797719825794,-0.433707539669866,-0.605746303028291,-0.460420972231294,0.952940831807342,-2.73200040666253,-2.31544773455149,0.143881879610286,-0.374643671699335,0.0190622618349571,-0.717051193697449,-0.907500005760745,0.998874297161439,1.30438112345425
1.02019911683627,-0.281991885379955,0.157222451271276,0.231480143207269,0.857686277161497,-1.28913506088217,-0.55914393978455,-1.19350423121719,-1.00787493098997,-0.14143998494631,-0.381178016262582,0.909276695069731,-0.00756442045107719,1.32549877122524,0.710576305697973,-0.195164572293373,-1.25034559211484,-0.0607377753630076,0.612788367589138,-1.00736015538869,-0.782099888569739,-0.550943916303535,0.274334326448008,-0.253859394142114,0.577712543031873,-0.331441818157674,-0.86233001902209,-1.85214951896296,0.146144810836258,0.397588675669684,1.50388815037343,-0.0671390942616916,-1.31906612408402,0.732588447820313,1.31366742010076,0.757875610181348,0.497223474631727,0.68761229451252,1.52478439409035,0.528687013189851,0.93447763390879,1.73534066892254,1.32603983423219,-1.3572218607285,0.939391726234448,0.684037259827326,-0.555512209615792,0.609105836235201,-0.860947277116756,-1.23009494669133
0.417578000142366,1.5580772537759,0.880622303650509,-0.857947058207838,-0.0357509963727716,0.591599036284721,-0.186895942417127,0.0332864395274653,-0.24685957551638,0.42101399728469,1.22358225458661,1.00305705810383,0.140163627676852,0.00592581886364283,0.148939453057979,0.0819788168477069,-0.102683688829482,1.49172127476396,-1.67874921223021,-0.409944295776414,0.0623482003755154,1.10016288528226,-1.12687601001283,0.186292211541327,-1.58295116677919,-0.431743386325575,1.32938948685914,2.02847818190033,0.512857818038151,1.24130108901777,-0.935130497991818,-0.321288378210144,0.505359549611404,-1.29015929032914,-0.676296065646884,-0.118992560095351,-1.29628125726517,0.57414503395581,-1.31738222777344,-0.852718277924825,0.81569745088204,-2.85953382018451,-2.18828023928807,-0.110161189736856,-0.514034274123145,0.155599290590443,-0.337322169288247,-0.712349339701872,0.78972593355526,1.42717739806285
-0.158308796717959,-1.00765930612908,-0.632430956329817,-1.83576889118696,-1.44603679881458,0.419390015099331,-0.537113967281623,-0.357729678394727,0.945355060870518,0.445636499976684,-0.384544418865425,-0.0785025551867733,0.946593285349448,-0.733726400300293,-0.0812307706021672,1.15604701155779,2.20246255407058,-1.16455254356613,0.301033901189505,-0.592163424215188,1.4246802200632,-1.10317753040022,1.49994855488467,-0.162164691573701,-3.02488149085275,-0.583654820408967,-1.08570056218931,-0.365792668605675,-0.882886763143416,-2.04377570344446,-0.538282230662248,-0.873603341878742,-1.2972136283586,-1.78600259453285,0.315033657054596,-2.31253163013973,-1.75422600381151,0.780973219674891,-1.22528644075489,0.709905670592576,-1.98120208787359,-1.07364243252532,2.60075107756753,-0.839765106581043,0.0317153137664023,-2.22522394827861,0.0107951641448496,-1.03374038899876,-0.920687629164094,-0.15670623013836
1.63903290820945,-0.305506821499623,0.574604635437843,0.535149524319037,1.05008301036031,-1.19673913480197,0.20026655278754,-1.09917123177592,-1.41395386909108,-0.730497993404748,-0.506943504242982,1.08962518448871,-0.0740722576805163,0.853812375543708,0.962301410326396,-0.330795079843786,-1.0251102372297,-0.526330041480398,0.00473575974771095,-0.455402264047586,-0.681829626506432,-0.57421000606616,-0.227895496975352,-0.0659878891679463,0.131332574190494,-1.64460576339825,-0.427531889876232,-1.15302600333254,-0.028089662160523,0.520481595467897,0.886244089829428,-0.00316194906531281,-1.31790056724573,0.912464464155128,0.58906789654866,0.827869406722487,0.296216407654975,1.193285496125,0.992599900260685,0.268851865220572,0.932173432928537,1.23260798427339,0.730075719351798,-0.594909770543182,1.31469536954429,1.28266066167035,-0.687163521894838,0.119852917796351,-0.79464885000387,-0.769212982598889
-1.00562888626055,0.113572976901784,-0.806062023020539,0.975329569976371,0.35137809389617,0.154268636117556,0.181428481146428,0.687496777057803,0.374300644081532,0.417397640658542,0.406972605677209,-1.39576868892254,-1.4328088199378,-0.411855253739651,-1.06302133209661,0.509274100427465,1.29368833721023,-0.0749296159250042,2.51341389870354,0.34191232803242,-0.581535190344761,-0.168669304398123,1.10646481830541,-0.264829675273592,1.83757189026448,0.816216379558743,-0.0798050862130485,0.408584698154134,0.523508796317585,-1.18436209836201,-1.43540324888921,0.479623908014573,1.21203825914862,0.295815533555157,-0.47536818050783,0.533120438526326,0.145153663894874,-0.818074786913251,-0.672381031932641,-0.592592941817364,-1.40282324973442,0.0999990411347228,0.0660168885352088,0.522037177815261,-0.997452909045655,0.0826598048107989,0.902537712073369,-0.0567464211877714,-0.454094325614578,0.557212397613506
-0.0625273054250766,-0.557329016372317,-0.672470363196304,-1.62043006697282,-1.77838645748011,0.216395124521297,-0.525688352509552,0.360808178561047,1.00717497314784,0.735704529933787,1.06425715943316,-0.210901781196762,1.19274659363847,-0.369505729712512,-0.122658884964865,0.849072101188405,2.60864300465673,-1.65522895898615,-0.0377880322648213,-0.267519551620061,1.09485489699388,-0.268244224698602,1.8107905263202,0.124377608598371,-1.71087820331004,-0.653512385339754,-0.441152313188061,-0.57889416445815,-0.252004333012365,-1.87471543560162,-0.518290412181939,-0.583066062577583,-1.64720252977818,-0.903283893588584,0.62619516025703,-1.98593712761283,-1.46907483518427,0.775056236700735,-1.40127063718334,0.244445004632838,-2.00886386165885,-0.141727638745959,1.73018777443883,-0.86061189381193,-0.290236707460945,-1.82895817309686,0.39820929854108,-0.285868966095273,-0.772527955105106,-0.249836269999348
-0.169025029134297,-0.797563302889443,-0.235826418615299,-0.843742268430876,0.770669686732031,-1.16907114462866,-0.927291468671326,-0.962886977274542,-1.65518744803242,-1.05637030092259,-1.07456957437296,0.407553923653611,-0.424418253035942,0.592604388747291,0.176262472001048,-0.143534696021327,-1.99774712870144,0.158226798065564,0.207439894446765,-0.337006164970574,-0.98020634095494,-0.560766984670737,-0.607863054523465,0.676448598773013,1.37683842578033,0.182048268215267,-0.465159113385195,-1.21709818260277,0.375053582958319,-0.0832064373537696,2.04510175292656,0.378971000232874,-0.531150490342611,0.292178948406986,0.789078041992087,0.829890518404339,1.90644827925035,0.406588804506179,1.19011775670791,1.09441840688189,0.424602087052747,2.60304224495587,1.45450777204638,-1.33551259735523,0.133997275282588,0.743636399414582,-0.235782153086686,0.0768919019267171,-0.928943959124921,-1.94221124022194
-2.06787232554231,-0.532296633350166,-0.730811499767439,1.02934461075609,1.05027323024617,0.434511229904394,-0.0832796497490367,0.44461263097689,0.606484309995794,0.0478405237431115,-1.69554264259785,-1.628032071539,-1.53905772158809,-0.334397942775262,-1.30855577736443,0.336872824354963,-0.926363828437888,0.703681089564049,1.59589137369991,1.20668967531469,0.118228348117686,-0.505384473906952,0.158799730585756,0.880255402842051,3.06192328902988,1.33960411803982,0.806059944760927,0.347252697314955,0.204677490191013,-0.46561711055085,0.215568792936797,0.111694739703088,1.63179351489565,0.0224977029650926,-0.835759247074736,1.7504872745883,2.1061809608175,-1.33540944432704,-0.271456530141902,0.0106908860124711,-0.256896240184778,1.65404329746116,0.11732313412485,0.806512896522761,-0.697393897333619,1.09995809878615,1.75185115867891,0.0683886034047248,-0.0567663722991372,-0.237169036445429
0.791643187734023,0.496052116900459,1.32192301362781,0.636354036741775,-0.113657210996882,-0.866794580987273,0.654073265462097,0.283354904756424,-0.315529466645205,-0.0716010780757991,1.51548939107387,0.804920579341771,1.38919648223488,0.00975967002462605,0.355855275024119,-0.238127707918239,-0.052353199902434,-0.0648540124685234,-0.795493288237057,-0.00206107296523687,-0.440356233098373,-1.35364851716813,-0.649670825056111,-0.458734294364167,-1.73566567911124,-0.111025075900823,-0.619116189661141,-0.362730186587754,-0.397344381363278,0.366804289226592,-0.878095317721417,-0.754939183832595,-0.910772859815743,0.172442126729988,-0.828344445217121,-0.582341003957978,-0.16404979694265,0.697500154419674,1.06146667764156,-0.626846019643289,1.34931453491598,-0.74189285364866,-1.30426805160894,1.02566805201163,1.76671143672959,-0.174494814163082,-1.67418293533534,0.116243790529881,0.484000134653824,0.423903842783679
1.23356699513336,-0.716524844152441,0.20760112503265,0.125588784988247,0.679760060022312,-0.885074997936194,-0.693696927572164,-1.1124137354505,-1.38676824302616,-0.831914536381814,-0.211887069774067,0.457327165121471,-0.0201669582214944,0.599843891055133,1.39511718301413,-0.066337302611785,-1.5171052658662,0.532447690620195,0.138335478190094,-0.453697877231123,-0.867875059787186,-0.835506556830358,-0.161577851948004,0.297471221177518,0.58132148656749,-0.90996494094901,-1.00298342162561,-2.14378515238032,0.22296291359794,-0.244081664627935,1.78349864216133,-0.17658614248034,-1.30296547155634,0.998598247511196,1.43327023057262,0.344448496477061,0.0850408613917973,0.943432880752673,1.38079751157385,0.504934224254113,0.907504529242802,1.6683332983921,0.889716677801751,-0.80340358527987,1.20548290910258,0.906830450947547,-1.09494125197118,-0.0554601098295684,-1.0132929604825,-1.81233646891342
0.937886407129951,1.59505447599645,1.5312952591316,-0.61114417654046,-0.254084029024008,0.330572271414315,-0.463553434708323,-0.64318799964993,0.187323845125513,0.492989366861597,0.717260450317312,0.6658998454544,0.5379256658261,-0.0401854641543539,0.629605341131442,-0.55649923139502,0.143858619041196,1.25136669686725,-1.34104077729146,-0.479192458845221,0.065204383457697,0.47634802009808,-1.98641219680133,0.0435500895130979,-1.97299373613781,0.133642049390367,0.761500617730727,1.11252043084741,0.246894286542361,1.08590809620748,-1.05486495150608,-0.506509903747917,0.657573971122071,-0.726788303508757,-0.72801514053246,-0.303758365418197,-1.0000705596858,-0.0186408707439772,-0.553003192536367,-0.95583494995871,1.07591745340332,-2.29865586608393,-2.57581686901041,0.216962097357991,0.14210906253912,0.0862207545653574,-0.476606823180423,-0.409355728488487,0.50482899209523,1.51159428997015
-1.75622014886936,-0.0635745187836303,-0.437716126565948,1.54200852656461,0.873078760114671,0.197859779205855,-0.178607945708421,0.762332265482795,0.71529054167088,0.616553440598343,-0.67645293705814,-1.25040070035186,-1.60406267398213,-0.403779354000577,-1.11915363424969,-0.0450326366611127,0.170731020799816,0.343870077738513,2.27826343498148,0.786015941852065,-0.239968041707653,0.359365589586103,1.26736838028151,-0.0369997752614227,1.88314451118311,1.0823058778863,0.673946660194274,0.91736919498211,0.332168086451018,-0.450335468201384,-0.667362206680206,0.82673182872298,1.84459710293825,-0.384079085932126,-0.904103616528145,1.43395778696572,0.47939409763632,-1.39826791015699,-0.77922100701059,0.312568760277188,-0.719972351363019,0.215676283890238,-0.0964132278993394,0.481939184137208,-1.20022212611906,0.242328987240422,1.10031508041196,-0.760608183510205,-0.35689449174314,0.331349033316263
-0.936548260292113,-0.0525858827533948,-0.848001731110219,0.23688061845042,0.122796123920354,0.263080594478516,0.648237550777471,0.804295364016197,1.07358915597723,0.920558188748214,0.35897842347451,-1.60995448177262,-1.17052768214051,0.387967787269713,-0.98444510848013,0.471868015579202,1.49707215855137,-0.828495552177205,1.8422452145697,0.813559372932894,-0.272485888573443,0.333545355977341,1.34369283731935,0.211409244866608,1.16202498253958,0.154519518102718,0.134589568369835,0.27035181894017,0.909168033727645,-1.26284576109213,-1.59561476447829,0.351223828430216,0.505716375287677,0.10836037629447,-0.137791489097224,0.670486867904587,0.163641741378357,-0.598681992606963,-1.44890073348153,-0.590228363272812,-1.53109712944172,-0.6521015884168,-0.130245249990968,0.726267817869884,-1.63996863404158,-0.179707745863723,0.463691162111071,-0.612186712028324,-0.0669984652090835,0.247141212779151
-0.519181690220581,0.00937257532731478,-0.776295472341202,-0.968582034500061,-0.888734310052876,-0.231658878032731,0.0764387935644541,0.762193506908836,0.0924215811159683,0.128293820802065,0.891913543579749,-1.46203737122759,0.106195361066034,0.180299251229206,-0.0292722631807244,0.215676615046793,3.47977824540338,-1.70826899413251,0.570767660638555,-0.374347799691583,0.0970820863715303,0.135078745605191,1.39103830470456,0.328496243897648,-0.297295309345795,0.878877640882908,0.28323299088253,0.0885608093072478,0.975085129274746,-1.585362427618,-1.92762604645292,-0.43646969821317,-1.07616074865274,-0.131158917069735,-0.020147066810427,-0.681430757481063,-0.685877707931384,0.436469812516238,-1.60801358418081,-0.29662530842769,-2.32868760167845,-0.493675302075241,0.382965714695889,-0.248119280579541,-1.0349537380167,-0.492690704384611,-0.146696071009155,0.472114717370213,-0.894023910676119,0.453616514201588
1.40160077442539,-0.144501120218796,0.575823069506215,0.925091746822033,0.850928496645919,-1.67981334011488,0.084166868258838,-0.74607615392789,-1.65350467423204,-0.414468807230337,0.371495907388505,1.15730267751603,0.100538037528151,1.19704445462645,0.831966334734892,-0.668090400441826,-0.459071339849349,-0.0911959493101467,-0.220585946605592,-0.323454058026158,-0.790103571469543,-1.01958799772652,-0.140741884630178,-0.449788373507869,-1.02305846376947,-1.1622795899291,-1.14161082822667,-1.40801848664875,0.529321244820267,0.164888933237228,0.503100182557731,-0.173642869054853,-1.25812142769593,0.770947981777447,0.958887265413973,0.00329718198136154,0.114259589331296,0.597344724623408,1.93570983543068,0.427232195755855,0.743586573557469,0.672967434377081,-0.0541694823538605,-0.444596869351539,1.42178245924545,0.460771371934358,-0.865579204788306,0.276419644012517,-0.384924773373895,-0.874116457721391
-1.61522876115734,-0.585470608636903,-1.15263072233186,0.125686453998162,0.797043462788297,0.15441609357652,-0.405550622866399,0.181375472325276,0.0715574076005583,-0.807961891041118,-2.24878694990151,-1.60144935683042,-1.0741634231619,-0.238709317383091,-0.746363549103545,0.726600302857311,-1.38468856199813,-0.0731253415141782,1.45588508171842,0.588486775774303,0.307423645604074,-0.788021701613079,-0.256437974331363,1.07699127704251,2.76908494731343,1.46165852179484,-0.303933755596604,0.75193860197647,0.281005881754312,-0.229404037970018,1.27418952752983,1.0815788093442,1.13954260275242,0.480199255257298,-0.358102832354587,1.30600517482909,3.03381894553127,-1.01863531831183,0.638194736208749,0.16405577001243,0.346258450373141,2.59855069877801,-0.0310284815343036,0.343980341140703,-0.0673572455788868,1.72151033790422,1.10435446182931,0.503009987911651,-0.0781496741866235,-0.764103025089012
-1.59686857306932,-0.51562911372788,-1.31380333072621,0.48386815967283,0.767258330653747,1.02044604871664,0.0466914365248371,0.440108255120712,0.548239532347915,-0.623120696575623,-1.40447001291389,-1.36352363428763,-1.24234359030179,-0.751288434370754,-0.728154267994604,0.625220089585657,-0.980975014076608,0.158595473425801,1.86661213849162,0.644529495842768,-0.0887606849530637,-0.538401542064357,0.67875748949565,0.717231308668817,2.93488966498019,1.68432942494903,0.341815617318561,0.560259789490478,0.393851128973242,-0.149052533740373,0.748060802432906,0.436570626897996,1.41104543767814,0.0896759080224052,-0.939994859023865,1.70194121017048,2.42418184565444,-0.856199957615064,-0.674665295042413,0.213444248474331,0.237933369697526,1.82324161172931,0.801432904008749,0.649596381708159,-0.40464223132997,1.0147323823756,1.29774232186947,-0.465481604346835,-0.0918574613074013,-0.491431740825324
1.03185404588347,0.197793335679103,0.479995653740265,0.314476346740661,0.116679869633139,-1.11430963017162,0.621053600237538,-0.458724881727313,-0.785279896592248,-0.0498423777965739,1.8126709713873,1.21459674625776,0.839412864279598,0.377192083006332,0.992201354721738,-0.632111998620173,-0.115695541631047,-0.261275073246689,-0.430342733740574,0.0503205264543525,-0.38462299590298,-1.80993051126187,-0.750921529753923,-1.09652610045522,-2.12915030149507,0.106063230316004,-1.10611206165167,-1.20195095934346,0.0571235065660098,0.0769864858381155,-0.485242887400477,-0.257180629547245,-1.03794909713991,0.556517809219517,0.0178808355848642,-0.415621509664899,0.0409339797499897,0.860386206570313,1.53598211544242,-0.638522359644424,0.838788499791641,-0.074787393079626,-0.570280504514871,0.0806338679386828,1.59880947252176,0.239940719185002,-0.859110656304813,0.443839136322749,-0.495417589920913,0.121454670517251
0.064146107394591,1.15461964699716,1.03977082661063,-0.939861682032137,-0.539697610119883,0.848979803492608,-0.409816346785942,0.146514777341052,-0.105169102920615,0.407737777994781,0.562379954061385,0.928222332985146,0.277594133320901,-0.205630900444132,0.300386663263742,-0.239042529139388,-0.500616291339669,1.35442784708863,-1.7902698644218,-0.49547853409732,-0.784479934004804,1.30383889787434,-2.13649019758162,0.372982526255486,-1.13740138251932,-0.627436388575766,1.62937927053458,1.75258637413133,0.376640938476437,1.31318902771429,-0.981822690286183,-0.179301535763847,1.27185265405443,-0.490859039687018,-0.622768811265125,-0.184513628515097,-1.50373063607223,0.392908828456682,-0.35985562709629,-0.825183213849541,0.706031704139173,-2.75592008214687,-2.15356480954696,0.274578152660465,-0.0657456380814979,-0.121052426865963,-0.259329980815814,-0.604686412681224,0.378099523736763,0.917955381854783
0.436957317604595,1.56011916943559,1.22363183004697,-1.08838315518714,-0.724447178592468,0.817660805981076,-0.573877721117063,-0.30048698163476,-0.0751131927205445,0.598787511786736,0.38246604715794,0.933673550922983,0.609796467157996,0.0608164833989728,-0.116303574261969,-0.0932823231858579,-0.184653954307846,1.46502105133662,-1.53322935100888,-0.253372532156043,-0.37732460833878,1.0893773817762,-1.56274334372217,-0.558480835816791,-1.54859153043367,-0.336380032407432,1.1730617066425,1.25884746320767,-0.242893335633167,1.17831372626573,-0.622298582868303,-0.295584617224715,0.763865934797347,-0.607813593730539,-0.585429889245796,-0.0460860692430191,-1.23553419653029,-0.360638426286073,-0.984131921535451,-0.945278619244999,0.701298369114842,-2.66087774740973,-2.2433954194725,0.171821017262374,-0.182666243559602,-0.170572324160917,-0.799850566797651,-0.514169629404847,0.902602390899995,1.46071109990223
1.29780205700345,-0.604389053365571,0.0211079589124429,-0.264620000975912,0.734054675208849,-1.40618068873015,-0.547955885765777,-0.917146690014054,-1.50279358026975,-0.755495342347211,-0.897615914793144,0.48184838041565,-0.506339747454028,0.754834321440354,0.799559070375301,-0.326492764241089,-1.58537518380486,0.0499211559874656,0.471734535047914,-0.622598563571354,-0.832946166199337,-0.689010996526199,-0.130394251420431,0.501473650212023,0.869738284325734,-0.568987044746654,-0.78789714858916,-1.49105692237827,-0.406067254061099,-0.244402647165463,1.69023828157485,0.218737947449956,-1.30758189763369,1.35720699355269,0.860977495756796,1.07745214969038,0.893392852771477,0.56081890496093,0.907796344943473,0.531624635212887,0.690060486444788,1.89227396467547,0.890368812054999,-0.752347386697706,0.433501112629722,0.911540588039146,-0.423183910467448,0.250952773688,-0.779013798054538,-1.14974060466409
0.825547969419735,0.976725039391347,0.909641706238005,-1.08432202134014,-0.373307061525111,1.0496434140122,0.0898112495956587,-0.358479426423967,-0.152188000216371,0.231217271422089,-0.0945956842747108,1.29708348936096,0.511449119194408,-0.207360722754349,0.171022840721203,0.104067512134347,-0.498722819405541,1.64213671329708,-2.10421492923218,-0.780004048226497,-0.107935761481887,1.66881994547389,-1.78718246804607,-0.165505273154131,-1.90720396707204,-0.191913814475981,2.25204729896775,1.24170828749442,0.184510758495889,1.70002247989187,-0.70724483683763,-0.57385854734252,1.14213356456946,-0.309984525426055,-0.162934282373989,0.0442685818617286,-1.21534948830856,0.178475514597408,-0.759397047225941,-0.0236624598150272,1.07346085461087,-3.00771457440877,-2.08955055433458,0.131815074105683,-0.266062767784606,0.115687776895895,-0.24356461730543,-0.126996287238909,0.932563898296492,1.5168018653556
0.48951213580709,1.46434360947515,1.42858290367608,-0.502605730172188,-0.341238349160182,0.786218208370645,0.00166820468984216,0.054967183526381,-0.599192784813155,0.518831339577197,1.08904295704589,0.795733645271352,1.08663675728455,0.267876656929596,0.258736799228461,0.0963088909518594,0.40608712397984,0.700616624842929,-0.991852784657744,0.334290343879505,-0.558840522791197,0.287973798238807,-1.70662197799236,-0.373794163606464,-1.7867857988138,0.109420713672232,0.632025315652103,0.899655561508443,-0.0310860082679227,0.81014040279074,-1.01701304676304,-0.656327731223276,-0.0842691256717082,-0.669195883657251,-0.838254729703913,-0.644736119893842,-0.673491256686352,0.543212209779559,-0.549906245388566,-1.07920309420157,1.21330434958156,-2.1327722075882,-2.26088753712256,0.0932989932698568,0.730024505724333,0.562930203565446,-0.741735098845469,-0.310793534031066,0.441214063118603,1.36835084442494
-0.158418022554841,-1.21218668878822,-0.55645228150241,-1.46559079807264,-1.81762733427696,0.0383765769845528,-0.318971751967691,0.309177834610919,0.835962119157872,0.755105509550287,-0.465698835730379,0.0472316133956,0.730432087060909,-0.928660498100951,0.473200493967812,0.799913811092097,1.47889111277811,-1.5476856620996,0.45446385964467,-0.771346989839027,1.75271140658919,-0.827353478937057,1.88580434134161,-0.205170792028509,-3.40823090329675,-1.20566537222933,-0.722380746847867,-0.186981713683968,-1.35273252329226,-1.71873499067417,-0.12618323141381,-0.999041626364243,-1.43754367101483,-1.64711346850695,0.665138626623166,-2.58031987374393,-2.65765678081854,0.0230279390548636,-0.628894885678764,0.566385655504433,-2.07330070841797,-0.336533121549442,2.1406333086438,-1.49958536674035,0.873091939669827,-2.473740925672,0.28796322510485,-1.06807464964277,-0.10625955084171,-0.484472928671489
-0.953806033118312,0.1278228440354,-1.45407156413652,-0.704429761137913,-0.055538628423544,0.64875557370741,0.295930675581414,0.711229568942441,0.923663613215584,0.971120692714735,0.822008676903247,-1.10600850720146,-0.527623235890378,0.0590756145717613,-0.465705415273252,0.302264197355823,1.9350296840307,-0.85708693186665,1.54137698156843,0.328619317086807,-0.164511958221254,0.295606225125227,1.20877228728378,-0.0337763188090014,0.765261172549297,1.33593132833996,0.267047999123336,0.357797014191811,1.00590571634189,-1.35143391682141,-1.85334509881414,0.469246843938928,-0.301465118520016,-0.0583383911299454,-0.668055973264288,0.173819119645915,-0.0409765568715998,-0.558467747353276,-1.05956362696992,-0.65982323056119,-1.83497778935714,-0.10558241839339,-0.20861650764674,0.505233856968676,-1.22002568819756,-0.163887788662256,0.451770227290683,-0.0383243324618623,-0.655825384148299,0.347690160880286
-0.591027969505052,0.37658990820271,-1.01240975703338,0.120593455624003,-0.481254607060072,0.511310684629987,-0.112574323444926,1.15793549796472,0.441606442600375,0.499038775017707,0.561276703373755,-1.53953745063535,-0.566870422848739,-0.140646380888244,-1.05845298681398,0.27277032574438,2.05408329860049,-0.54532262581947,1.58495221849432,0.475876046113486,-0.38574317592984,0.154280163041821,1.23793429856115,-0.00559089016355291,0.79338404315762,1.00135091385782,0.158198308290331,0.49351878626704,0.876928703884827,-1.29380829718689,-1.55933826472276,0.0394622811520341,0.595061217127109,-0.405912273502976,-0.673800612199388,0.0689374319730227,-0.292108228470364,0.0364567420709534,-1.25869733602876,-0.700815714694386,-1.54294784093773,-0.25389849304964,-0.254708737480293,0.46913494398183,-1.53790231829049,-0.213949830303108,0.397087069185925,0.0568489805401399,-0.475674045880537,0.663260221508017
-1.03768297110151,0.398950731801861,-0.159067779663627,1.61156574973025,0.482631742127392,0.436021676071967,0.0431257361594057,0.737392312548074,1.26332422909967,1.01028000705697,-0.13921697872566,-1.44403539952274,-1.23925810782988,-0.0232306088192545,-1.33469449546398,0.119752921446538,0.296004963336066,0.668764104810467,2.32766076543668,1.20454625442981,-0.190096784561186,0.212342342048174,1.28202111076319,0.589085357305936,1.87270649192037,0.915172574921558,0.37926796561301,0.754531409301085,0.519403283739788,-0.762491220282357,-1.14065616999226,0.573057841251291,1.47240618503602,-0.394561510436383,-1.31108432518453,1.14531670988853,0.425618552481923,-0.814671136008898,-1.2540110961072,0.247076945675595,-1.21929108550799,0.543944810133484,-0.0601832626651271,0.951582603462728,-1.15313739969717,0.173252049881847,1.41394855517053,-0.141544941072998,-0.00295258736066524,0.00245151048484163
-1.57049591525148,0.941227601396432,-0.815248572731612,0.871073562098211,0.598268931060799,0.253043549210811,0.00457632639987924,0.449010273392951,0.715743458438351,0.890646115513569,0.0876306519278497,-1.04771181302175,-1.2117862809138,0.0652296495767429,-0.153182833327342,0.418642341215764,0.672237198928329,-0.119419134104214,2.10318630758486,0.557197098100371,-0.260700340566743,0.0612384919898694,1.64499251461204,0.174208358953124,1.52419915798851,0.757732959847696,0.186335961713236,0.643957162659798,0.516070858175146,-0.420344705332189,-0.869159935884193,0.529710370219803,0.926473253259092,0.332355788784563,-0.603896505016194,1.19918924220513,0.25651125294198,-0.975824525312084,-0.87787524530945,-0.286015580966568,-1.42198708431152,-0.241800181427947,-0.00135542992352075,0.820252755206402,-1.5387704246799,0.307037729858981,0.61097673533535,-0.500674282471317,-0.0201921428091483,0.32411074581512
0.621114439311779,-1.76801794775613,0.392580133609703,0.102442422027651,-1.79066306988457,0.548121085211558,-1.11671761105971,-0.209892448663279,1.95393591229113,1.02227773706597,-1.77334354448874,0.720772994897888,0.998095318317594,-1.5654620426209,-0.423160546140176,1.40744996634807,0.654586968016589,-0.946096664169307,0.563164073877355,-0.798130752990154,2.17850527096598,-2.18231072205255,2.02231635791491,-0.23022008344715,-3.88385129085716,-1.72671150554483,-1.73004917534524,-0.037731684328532,-2.54683970500662,-1.58406788715969,0.546287308773512,-1.94991441621295,-0.658006284567961,-3.0062987000765,0.170356668342705,-2.5862908942036,-2.61107478288018,0.036879605662678,-0.0450363671976963,2.3901029246537,-2.01048576163296,-0.14063760424371,3.98378306141894,-1.77163852100187,0.990203221687259,-3.25341908376669,1.47838303028808,-1.96441802097586,0.14996683295538,-0.070062244099444
0.646124756911471,-0.629826148017754,-0.369131751945595,0.00412975578060435,0.805433778681807,-0.665729877976391,-0.657779191569629,-0.617488956884694,-1.71990516423437,-1.31480640059115,-1.56071528586359,0.457511823557498,-0.837282011716259,0.48961138397927,0.458897384446739,0.0315777347621093,-1.59646794609541,-0.0834036464463033,0.667079387389751,-0.120618976485195,-0.454919521574862,-0.721912363495402,-0.317461612535962,0.450137776801705,1.79826012144454,0.040404460691909,-0.408127343489321,-1.25178638013008,0.498944467121688,0.141444198665128,1.96197690109423,-0.00589768827727404,-0.788616181005022,0.754882763689569,0.696361598923075,0.608141201393407,1.75808841490037,0.670915506568282,1.12171145147555,1.42355496476319,0.761274502262038,2.51135898441669,0.963292930044589,-0.535964245573926,0.0816168007307423,1.24951440087366,-0.672771271105909,0.398942742050872,-1.73369207293089,-1.4182824344576
-1.36375671870536,0.555703798504916,-0.841749643813808,1.63197121843373,0.717347365502011,-0.144928380368166,0.0837601578425602,0.228814435577517,0.848740384070909,0.670479509326419,-0.276717140405798,-1.14356655336366,-1.74630669712733,-0.128021037417229,-1.13856338988279,-0.215810162867375,-0.11879809488408,0.265249945275241,2.46851712842393,0.925793119650661,-0.00285369719553945,0.0700455621404069,0.560259010592861,0.0659732566456639,2.80524620536275,1.32091118963778,-0.0245841550790615,0.262600299640567,0.548360004247515,-0.356929270011814,0.0529225564776671,0.136503686708287,1.58743149517002,-0.393880405372868,-1.37282336240037,1.64197602269338,1.03182246620555,-1.29930695771229,-0.825015415674437,-0.146987940061175,-0.626810655629131,0.480424429305998,0.154255397979885,0.351841415961494,-0.709342064550816,0.742214500784704,1.72043540572003,-0.382699087067325,0.0283242738214331,-0.00809948315488138
-1.47969147746191,-0.210722778069617,-0.998014559684058,1.60358798947895,1.00593550580602,0.477897265508571,-0.0941385066600774,0.67223569519824,1.22083702254083,0.731128670718001,-0.481858086070121,-1.48634859272729,-1.55067986636309,-0.524649917499782,-0.889146498303094,0.291446708511687,-1.03346121495016,0.361808664496291,2.90006673916967,0.616152362998437,-0.090420605926344,0.357917857409774,0.910490061522627,0.257926235390069,1.92924377654758,1.10943220039271,0.191009341108502,0.597131223235663,0.14525329902455,-0.516048574552653,-0.515168930960641,0.544614937191225,1.54491228771913,-0.0184889278297936,-0.701027994572828,1.68922669642858,0.959625983164814,-1.14090437184195,-0.869930302630903,0.0344147542554651,-1.08075275500674,0.801852365927653,-0.440647101195225,0.73484661781168,-0.902852103356276,0.605873021206202,1.17940574525105,-0.563660874323058,0.120647952045956,-0.0274240611660833
1.12065082753646,-0.557784921115431,0.255449123979612,0.161794061447017,1.11144927168747,-1.3278412092452,-0.593475000782508,-1.13284870541147,-1.38906678911699,-0.601218594609281,-0.661380839067533,0.921873209654594,-0.277261859474679,0.830462701838036,1.18259934587112,-0.45660244445527,-0.705384970923372,0.0165415176531547,-0.0318179893292866,-0.140810214715766,-1.4224779422177,-0.485379984191264,-0.629954206811042,0.338921317034521,0.396402537750264,-1.37283103339712,-0.912029325373919,-1.76286358509074,0.370262734014105,0.429431228066868,1.65754447891474,-0.0643193860843762,-1.36062337192436,1.22070809142622,1.08407929802031,0.224130021635468,0.385784647247777,0.847362017545192,1.45189583328728,0.515453339792066,0.381768735049079,0.956259285438724,0.666531262148023,-0.92783454888808,0.916678892456615,0.438004827278454,-1.00170161949747,0.069025619353093,-1.31752012026165,-1.39451517198567
-1.96500136157642,-0.620931209922618,-1.11064705001317,0.513866776875158,0.730063330557285,-0.0828825626291413,-0.661827031392483,0.907588078731888,0.383133627088022,-0.766701751239737,-2.33144931358312,-1.46514833637831,-0.519375211217082,-0.400360774328336,-0.861755315784225,0.744000546715338,-1.69181605929748,0.24049900235181,1.51900086503071,0.722141931640333,0.139725085820014,-0.267504068195816,-0.486248603230509,0.763667900475314,3.33671508464933,1.73385571806967,-0.38273454825528,0.607564198784156,0.0143860866395939,-0.122374656808944,0.993294949151944,0.435102344899783,1.57176010501776,0.50663758509289,-0.141305914006213,1.29496708863802,2.8988798492641,-0.838648712710797,-0.218574213212849,0.629537813616171,0.595498948897376,1.769773258971,0.861072444305274,0.499884417537664,-0.36396244243498,1.90952812835819,0.941842669988063,-0.0198634219929876,-0.86896931119101,-0.610500808168639
-1.72795598686639,-0.0943611124489492,-0.726194791727603,1.21235540215301,1.1182591229211,0.504160897617405,0.269800909328524,0.475164362005424,0.491396259853283,0.755579988932056,-0.62700149973235,-1.53589475235657,-1.3031057856165,-0.496612447317139,-0.964293333966116,0.25327287952773,-0.995379382578169,0.171858175028761,2.22317083985269,1.03254065167567,-0.640295680286316,0.267511460628079,0.753510466569151,0.138966717981,2.55037147366916,1.02570707547401,-0.134221167029854,0.882101410583414,0.655934241487758,-0.171385686071259,0.122271803680733,0.555079035905395,1.67131623101465,-0.396346355610749,-1.33140759309894,1.76798342067303,1.41453348497265,-1.23080283556059,-0.741657738678114,0.096652883163605,-0.877220347969198,0.720724736492529,-0.0209304587410072,0.290898686438816,-0.766289897830971,0.986664222452385,1.64813327942452,-0.674663283549133,0.153867463337757,0.310691431484208
1.57959888444744,0.652926790015428,1.38525886452523,0.22334131791933,0.468591053439564,-0.937207432783792,1.18035530450693,-0.182995220276325,-1.04043928249008,-0.104811719010932,1.32001085045648,1.11116220904079,1.10938101487273,0.308084407479521,0.737760046465741,-0.541378949332806,-0.118510468871286,-0.119902978210541,-0.524233734017532,0.282594364401194,-0.141543052850146,-1.6264082156856,-0.487268931215481,-0.363193991229686,-2.0409798217282,-0.331784636637495,-0.663531024827859,-0.707571455870782,-0.0201764196909444,0.0545810647484875,-0.189562408178835,-0.370229917958254,-0.457947138561513,0.267979061483417,-0.561375107780625,-0.305447159099837,0.0524058882859445,0.682826074868484,1.24825235249953,-0.869063421705673,1.55087577487006,-0.538961251606148,-0.45734336360936,-0.221505380389852,1.55537946994763,0.347242847611984,-1.44310447794007,0.193527152049469,-0.101964385680175,0.153930839993822
0.343413169882727,1.61102978540669,1.05576788464274,-0.258608348340229,-0.586967550391958,0.306945854458473,0.464396691833535,-0.333405712987138,0.0384345634064844,0.241714509836706,0.640754248001247,0.388234366492085,0.869243207808923,-0.247575566201152,0.330437414508776,0.0893964285751256,0.213953650616264,1.04258089421944,-1.40603738847769,0.00563736394010504,-0.125231318980159,0.482028190863962,-1.42832021108743,-0.545840760622501,-1.88036106670056,-0.00844848881629266,0.953898308532818,1.30194974726998,-0.00310045532322908,1.07852578434847,-0.687827604487703,-0.810066781235229,0.252330926505992,-0.294832784706931,-0.462116849917825,-0.328985677228431,-0.584924055550965,0.305060289532454,-0.339070654441921,-0.0686900419374331,1.42976452049287,-2.57353267219158,-2.32786843268383,-0.39345810008466,0.408090621889221,-0.242229100609338,-1.03054620655272,-0.0429103916176352,0.815344390957389,1.0035400579909
-0.664574377177773,0.605929770201056,-0.901870936132939,0.79956434978642,0.818204060240363,0.361804045585651,0.0588339241055127,0.433352435533263,0.729147966083796,0.855554097377713,0.441258896462488,-1.19321199804299,-1.03504594388804,-0.189165694523476,-0.809210197484235,0.268167367245432,0.205973450015273,-0.26835552183917,2.03301728456342,0.0399006657548115,-0.0486053159082215,0.501224838590034,1.00683116782641,0.0768929683015793,1.60854596790865,1.1274254367337,0.646054899355382,0.591566996075538,0.540642007294146,-1.27636801937874,-0.950585432123198,0.427961083382097,1.22867781391062,-0.315129101951599,-0.881302543392449,1.27760386528318,0.0425089247405062,-0.745889589370929,-0.959712602251378,-0.814786130312852,-1.38729733387711,-0.153135175834574,-0.490978906577165,0.547187021580326,-1.24027043040873,0.128868980186643,0.832632157680501,-0.310945648545335,-0.144420263822609,-0.077909569886141
-0.302063397114133,-1.15292147650254,0.000242053980021053,-1.33150658392866,-1.9191590952898,0.577051022821609,-0.762997857466599,-0.220692347006566,1.96453051454605,1.19265505395626,-1.20565635118187,-0.326910250526322,0.86499649902373,-1.3608536720445,-0.0100179274066177,1.16559688674744,1.39585251392894,-0.958407058257823,0.552294268735424,-0.13046177968012,1.83163271236555,-1.27658498487026,1.50702225987012,-0.457321467295788,-3.69035633527203,-1.39377959692893,-1.07278210619559,-0.418254163481727,-1.71111825765548,-1.74022773348619,0.101125476983596,-1.1361040017603,-0.668412319514225,-2.33011370506277,0.327306167257754,-2.78114743322458,-2.57729750170079,-0.448327880268659,-0.967197294402167,2.0243694309648,-2.66798292308573,-0.100044864059595,3.09558574403769,-1.51024868635481,0.689389304893519,-2.83640769904537,1.18877807243812,-0.556916914067633,0.0025692156062375,-0.104404075186189
0.0168505433270992,1.81745687930097,1.07711776031135,-1.08227587359762,-0.6283198795875,0.623236904075579,-0.405872802361795,0.0378664938677621,0.102816442576667,0.176436905482912,0.267101239852268,0.845836454245108,0.445813384118865,-0.337664210831928,0.347570289112996,-0.118756525690642,-0.367280657110396,1.58387354935773,-1.92940195980786,-1.00767348216152,-0.413307358606307,1.45092472777384,-2.3436957126343,0.359916404937249,-1.61236886120639,-0.465068679880848,1.43068020463574,1.4605290050998,0.0515934397986453,1.44340223696299,-0.432998954702324,-0.0446497143343622,0.654462233739951,-0.163057139969737,-0.859953641487051,0.158110266405841,-1.26404170844948,-0.175495712285389,-0.955621646769416,-0.128452018389635,1.04056233275818,-2.67213102840459,-1.6178993908377,-0.426366430804943,-0.272065758509692,0.0181692295357456,0.032843032029351,-0.401951327387965,0.724662849106664,1.4353945794504
-1.69798794526865,-0.236076769446022,-1.03488388497842,0.70401807898125,1.50075950132008,0.563057534857417,-0.553012645719185,0.700491128858343,0.27526804117661,-0.229875982016329,-1.53914341465977,-1.30675541612149,-1.26173273093255,-0.239535660582536,-1.20729921112674,0.462991578010625,-0.992574291033667,-0.194616186362464,2.14316804660856,0.828044473902011,0.0682714743941564,-0.091599757383691,0.287571471723504,1.07635662920334,3.16037446638484,1.87459718532352,0.166612332096067,0.663162270961236,0.311204059905977,-0.192931557714838,0.374289913007981,0.739297778410216,1.85837301894624,-0.596707515985444,-1.16484056915724,1.78451244668073,2.13807058041297,-1.27135614535911,-0.524597934569521,0.017988427022403,-0.292989529985505,1.88748168391317,0.162848951564125,0.752566069410847,-0.286797093269569,1.28991845240983,1.04395130873585,-0.127930519907001,0.129143193796687,-0.289197690614384
-0.0841554778655446,-1.09828297858206,-0.801411067026397,-0.189316480573447,0.314611564795473,-0.676300773235617,-0.586705932049068,-0.854785169592809,-1.03614885666738,-0.86865710642059,-1.8208942757162,-0.665150986972995,-0.448666676326254,0.43461131914207,0.479272024667022,0.139747098606839,-1.89208869640737,0.532232364285734,0.401967357727842,-0.115341666831876,-0.58106271434987,-0.472394816110171,-0.584529012359409,0.989643044562894,2.14837310045289,0.3829838218091,-0.295054252541851,-0.849851349115943,-0.196931871566465,0.130185769269579,1.51720603548271,0.192105329527669,-0.133099212711504,0.76523303704702,0.518722135352856,1.23404433108804,1.84810248174686,-0.152076185440465,0.760720097036145,0.854489587854116,0.530620982203008,2.74851446755435,1.167556134177,-0.544896024502355,0.648486810217193,1.21146790188348,0.102973899642706,0.564511804356911,-0.867471918666222,-1.44412847946569
1.21601595425208,-0.133709343008452,0.267010166650804,0.168916533520038,0.833121022618125,-1.39587917948822,-0.28666584700921,-1.05780030306192,-1.61562668862521,-0.809307464155062,-0.638736675693597,0.829652533084541,-0.292933105557447,1.1134212572942,1.17884337511003,-0.37204856141532,-1.35881099096067,-0.761463862069251,0.165467591459741,-0.21809190470883,-0.701455544122743,-0.565094687384466,-0.0742671379028353,0.235154227172338,0.939433623044885,-1.05271292383552,-0.796540251453103,-1.71519201185889,-0.0477764788862443,0.0136554523848105,1.87113393339908,-0.233391685232639,-0.40831642853964,1.00232002497448,1.00277112638735,0.538817962132563,0.854659996749413,0.943118764042191,0.880401919696852,0.610867212507852,0.637243628075479,1.56015181837754,0.888881554641802,-0.239550035870235,0.725114030911786,0.636899647522898,-0.786274311310301,0.644419980958208,-1.20961968439086,-1.62947975231745
0.773205091354532,-0.404381361388096,1.76365111205196,0.104924670223737,0.312063017622046,-0.21606770460605,0.273804647912076,-0.0147953952116968,-0.553705047121186,-0.0519682678913745,1.93339449436041,0.223033427530971,1.48668906097943,-0.277165854101571,0.455471685422527,-0.986853899545725,0.731219077182543,-0.539404078775214,-0.523031252993566,0.572735857781518,-0.197186460325673,-1.30976701028609,-0.947426509540474,-0.716025843066577,-2.12563738235651,-0.226558107649968,-0.593058972022051,0.0885271494344963,0.0422260760284369,0.392796003397379,-1.19067514970621,-0.85757601937383,-0.475845548288923,-0.38198955020665,-0.21277121382552,-0.855970240306865,0.295542642678785,0.53596734688192,1.23218249217485,-0.767429801941013,1.16708657533694,-0.64062763041227,-1.11298347824929,0.370829444857215,1.62336786006686,0.0871391239099423,-1.00151386853921,0.0256776629426221,0.264145433683203,0.805679123235322
-1.06984513649764,-0.645589439004087,-0.59617370656909,-0.651039095042371,1.21549163600149,-0.265637710765494,-0.930947063609093,0.0162443492153694,-0.620675807513988,-1.21213799249968,-1.87385194698279,-0.080995793127942,-0.782169774115842,-0.00508004594187887,-0.355445438741614,0.604022485960164,-1.79160686973486,0.355338995351429,0.901319455975957,0.330365694060114,-0.414707968855471,-0.836770089533683,-0.686120077556618,1.08860855895605,2.68466523216629,0.894300461305333,-0.29860341875811,-0.615308820056989,0.0547317779695764,0.399579186273092,1.83212167566659,0.498952494545973,-0.219303523374133,0.317777515888945,0.118526777565905,0.580123101100115,2.52010374011226,-0.0965340339993866,0.276721557669194,0.922196226945442,0.633390528377081,2.37817630100363,0.998857340761483,-0.378385121218589,0.585235946970612,1.37050081292187,0.0218572853645396,0.0824919482631275,-0.775739522234779,-0.644016453463154
-0.101361200316963,-1.01690948000991,-0.324082013417227,-1.15972040790563,-1.73538625744811,0.270143863296957,-0.32146062932679,0.188323940250227,1.56978358438512,0.612383494863524,-0.719048564092985,-0.548868766524645,0.657833714778687,-1.10969885064974,0.036620335113216,0.692100215414163,1.81106726523234,-1.32618289108988,0.159683828999963,-0.841154697643785,1.79575855207103,-1.35017280218594,1.85793006591872,0.0721687864954508,-3.84209493027898,-1.21684231048419,-1.44028746563225,-0.114541139656203,-2.0687605266111,-1.92791456603909,-0.623324623395529,-0.986242268906827,-1.57647122222393,-2.34958124325339,0.338539289936792,-2.31543655630951,-2.00992177024897,0.77786344423282,-0.703200524679791,1.23822777686554,-2.5914427281733,-0.681388728525247,2.59638296393629,-0.992697926541345,0.642581564970115,-2.82452254347077,0.73150084720898,-0.929031634164306,0.0347825011823207,-0.207003012283671
1.84389135395326,-0.452923470549964,0.842842695763645,0.386550902770632,0.651684534935231,-1.32493862863577,-0.166359790427787,-1.03254390263088,-1.26079472699532,-0.507687590487882,0.111820807559187,1.21157258112059,-0.0302607788939392,0.812275738512439,0.772777790915882,-0.460262773161968,-0.765790604165961,-0.0798623628692061,0.32890828514006,-0.384660965358258,-0.483327125255268,-0.713306206537171,-0.160542806382678,-0.244314174804893,-0.623361835413526,-1.0059538996772,-1.43534960372161,-1.99189423812372,-0.405855346750232,0.1287333239511,0.532847480277005,-0.307473301834016,-1.39898596525034,0.939268643690009,1.06278475350362,-0.296060977196515,0.293369657972504,1.04872878049135,1.48028241866118,0.53486517252177,0.502749598480408,1.13538960418178,0.726895040634236,-1.35903431288798,1.38522639947369,0.621783816114794,-0.72616119592806,0.474327836561366,-0.857526951580497,-0.884197492598338
-0.873649204329476,0.199577257302739,-1.33482287132946,-1.28612437048679,-1.45136963761704,0.354576558773323,-0.20720585139097,0.665357667421841,0.534428450618379,0.185972749426005,1.36197858665775,-1.39566618893291,-0.216407054080113,-0.00938885597357418,-0.0272511552261085,0.199547927236508,3.05736238072555,-1.64437602004167,0.213406070040594,-0.476746718325265,0.108266003926117,0.751527239267955,1.15411800121621,0.255746090491822,-0.535094058097232,0.450447945380996,0.357997905367094,-0.2379878126245,0.344208554576429,-1.34331256186608,-1.91290387970019,-0.0169744026592593,-0.815845663231354,-0.106938392566101,0.319956620509453,-0.910548718116515,-0.876018437273135,0.679880762537313,-1.76478114549649,-0.971498836414364,-2.61360536480694,-0.376212592217386,0.783619608421914,0.0103102420005272,-1.69710200955638,-0.374142504922887,0.0741904833501899,0.259433492677366,-0.802449988968385,-0.174357120498532
-2.12903296713719,-0.658626331514569,-1.07413320199938,0.532929321356761,1.07011584664865,0.512399563972137,-0.431704477764523,1.05894838626731,-0.0692913396740702,-0.303828964993397,-2.30803906679371,-1.96040577844978,-1.24766983925609,-0.369329422989875,-1.14698787862176,0.129657054359544,-2.00004994218932,0.694012041484803,1.46575617745459,0.655485798316907,-0.543943363595373,-0.308776327799494,-0.354878674480873,0.90913065200135,2.81378740220578,1.78257482898593,0.217617295522266,0.715279166585261,-0.163620635432432,0.512613763870574,1.18209562810841,-0.0819890955790882,0.792436915260062,-0.365803463987068,-0.559268691462972,1.31923815820859,3.25233357592509,-1.14872113429674,0.0472643029358124,0.201069085252196,0.00669054246482462,2.35875301272054,0.717532854799874,0.515699570452925,-0.486288114199316,1.13098251146264,0.883667162147709,0.0501391585674699,-0.520979456112538,-0.50523951377787
1.91667631263025,0.236218155314876,0.620477213836637,0.117916585170038,0.83989314232778,-1.1669271473047,0.204040529986013,-0.704584658977633,-1.27170078873877,-0.654009362344549,-0.0561404165365856,0.862262613568994,0.0163768895339418,1.18108724650968,0.77103749378159,0.0592010292082647,-0.871129774598831,-0.1596556000169,0.35567132550497,-0.4259773971045,-0.996671977558148,-1.2793045976795,-0.0404611036508405,-0.164572971315157,-0.616684917828665,-1.06413318537792,-0.961120991104588,-1.30203122032847,0.395543801379338,0.204416497460444,0.397700374048989,-0.551165988204611,-1.38814792567263,0.988176525177059,1.21437726892336,0.204245505667801,0.271662782084535,0.989909296405539,1.51770803432485,-0.283750069426595,0.610206478769885,1.31867493716044,0.0545121199375679,-0.468344575129764,1.2027383804303,0.130690666566477,-1.09646982331836,0.577111300845909,-0.735600818321908,-0.577987615022688
-0.757050997706115,-1.00900468914556,-0.445938819513442,-0.262606789953603,1.06104496410136,-0.477575842543935,-0.752991091359781,0.0797221692383096,-1.18228408576042,-1.35363238319069,-2.08432280857365,-0.645273582945716,-0.689958884946097,0.155349538397284,-0.266282136729775,0.29956555778001,-1.51251899443246,0.456523387302923,0.871211073546869,0.173990348211724,-0.222649752455654,-0.121031461141458,-0.426260464612212,1.09841651367219,2.7937067873804,0.798114891654476,-0.478871944802168,-0.367022365856137,0.0299623736644738,-0.0334631760855097,1.80750021571314,0.589985112517727,-0.0125933321545191,0.465328628353845,0.282704571678561,1.0348240519413,2.5836050118915,-0.150329831141975,0.60600885954887,0.413686901874,1.08710012841937,2.57524500728811,1.38516992924077,-0.268222856179821,0.274617477661515,1.2510125440163,-0.0366323762907509,0.560041165462849,-0.632714340931054,-1.19933651376703
-1.50948997788589,-0.0329478657234799,-1.01665224457643,1.52059937573658,0.809921984388931,0.577905152076963,-0.161893088989267,0.566571408010414,0.804326700314108,0.641418819237755,-0.294820944189734,-1.5587932041994,-0.927961063279756,-0.332977374987282,-1.03541244052832,-0.0377532583723811,-0.292192222877083,0.153803506849076,2.44440770587441,0.828141192098984,0.119253644970162,0.239375088092353,0.583687860967176,0.459725971541613,2.7544267488663,1.38305718891234,0.0586504732787603,0.399556454079933,0.30172427820238,-0.726260786733601,0.0507140175577054,0.738660258365644,1.97480231426068,-0.248378688899289,-0.701466384613331,1.78759107580911,0.71657468139012,-1.25533689346005,-0.683946241730173,-0.1105607489552,-0.630271860953499,0.665095789659788,-0.238282120034994,0.917829573131355,-1.15443207054685,0.631968537068902,1.16038484931191,-0.580536369660131,0.303460410777857,0.474211931964662
0.628092844514524,2.00919936556987,0.96845171074071,-0.667416465508369,-0.611244388347843,0.633521787010219,0.0370950828800926,-0.484955818994468,-0.105755430680779,0.42372774624939,0.901633882225719,0.912141334533703,0.62635544236807,-0.141992289287036,0.128363717666422,-0.187277720223883,-0.122179871454913,0.967042606728638,-1.62718216377955,-0.405324419795399,-0.126258387253617,0.552073573670942,-1.07858875756855,0.220830706942337,-2.19247015738371,0.366595875564789,0.78788033191713,0.975153085403083,0.0227774741608171,1.47474790035118,-0.9227548444743,-0.815684618595575,0.453801953944802,-0.54853992064245,-1.11303392641598,-0.469178328209605,-0.670812167364766,-0.145869728914703,-0.968564967633066,-1.01662886439391,1.20422818312105,-2.96453665625952,-2.31486377931123,-0.146756074466523,0.15607725931625,0.533584550732938,-0.884334825472475,-0.448335563712873,0.306440281795178,1.39704203072886
1.49024415641443,0.0535727743297131,0.743336802276062,0.0636895431268312,0.515847854397141,-0.820104507076845,-0.451133976591844,-1.11164201301038,-1.67289369841888,-0.425833522221983,0.143048555647493,1.52817440871746,0.356222753292424,0.689497678005904,1.14689433863306,-0.572756591451693,-0.938529762642064,-0.0321912068482984,0.0694346089396107,-0.34395838464586,-0.577490622328348,-0.889771130583156,0.284289982952272,-0.605167810111407,-0.420911048485026,-0.986712825934997,-1.06399229592453,-1.47954409941856,-0.1328827989792,0.329245523956746,1.36765196041274,-0.427524742688616,-1.37374400862073,0.912373530183571,0.62222584103931,0.254866928512093,0.303340224647536,0.836134359190626,1.20613997330457,0.36616431379317,0.901132845979093,1.11593357224988,0.717229944607869,-0.674095696423257,1.3035920139165,0.689545325978376,-1.1325306130466,0.310762591966227,-0.755489210560652,-0.759304559425033
1.10783396656541,-0.0975397825377662,1.04251629039404,1.17291017120644,0.141118865783564,-0.829443394034811,0.830720896862221,-0.399363587986794,-1.02733850814117,0.174973462471049,1.20373529315016,0.828632155593298,1.31902341460561,0.103802429465789,1.29645203500247,-0.42933449525775,0.0912385505707364,-0.697565495832838,-0.708460412228206,0.15864139746576,0.294733014930562,-0.860126772232938,-0.539207877427555,-0.296563033570045,-1.50316901181842,0.189364373694266,-1.3875501185818,-1.03415533323766,0.209359752579455,0.287895931089199,-0.465609967807859,-0.394431174724846,-1.20378682905028,0.447857632849841,0.0681773866883204,-0.236713016933062,0.212347793213618,1.00613372069441,1.33339205340509,-0.585085012141178,0.799744760295006,0.239920446166213,-0.0771918046155521,0.706741345349071,1.85487234183275,-0.0586513184726013,-1.44683040735139,0.467723806281909,0.327967359540998,-0.312422040939196
-0.436236003167751,-0.675811911417339,-1.391361946568,-1.56678727295448,-1.86594625616141,0.30076772418324,-0.387832932234735,0.373581032024581,0.640629482178645,0.125286459134564,0.182737931581196,-0.409984569021324,0.834938428613327,0.226578048819858,-0.50185456675839,0.48541714958008,2.44169623398607,-1.74727713321803,0.204553849690185,-0.162304749786625,0.956771211325947,0.0973928976111269,1.48048017891039,-0.107184567876689,-2.06393371868541,-0.00484346746440029,0.0321438268779181,-0.292093994550115,-0.442530053179821,-1.62609285882884,-1.01805260818266,-0.57493668736181,-2.13973239739061,-1.148892568643,0.533713376865052,-1.92418282542221,-1.5638253505696,0.620427890830006,-1.08348789300748,0.185512317845637,-2.39544038460464,-0.916637048057745,1.80770805692129,-0.483527300692806,-0.808436898189946,-1.54920931727717,0.00936845706423648,0.238518549240372,-0.846881062496366,-0.16958906117865
-0.992333150611599,0.333383909991881,-0.621164260739549,0.711163105441925,0.131364965662834,0.498163667525548,0.437075100114884,0.87174618912205,1.23174560300838,0.779909653718396,0.682985550887772,-1.31290999556483,-1.36043581784567,0.021491833233189,-1.0506618507318,0.174194895424494,1.0891741242142,-0.0936649580794284,1.65748920519004,0.0911416220303283,0.0827848552603294,0.47459022510234,1.32427860208311,-0.399155719953581,1.65664041337837,0.735840167193054,0.00168022517848118,0.306967022827241,0.820509119238456,-0.971884862394616,-0.854957283525072,0.465933846446622,0.851693102604478,0.0883407034706532,-0.731081746659522,1.00360355106795,-0.219787793897811,-0.387406838215718,-0.634230867128536,-0.454516831723936,-1.41417425683456,-0.389349616368527,-0.604671799915167,0.792532165259952,-1.00062685632713,0.0927079716464065,0.515399534497072,-0.140389349120906,-0.135320600756414,0.273470617770361
1.16589305724048,1.70806471609658,1.12469822380645,-0.757342288871381,-0.53179605318768,0.624352509599517,-0.498949907068514,-0.167775997749642,0.204891644126134,0.211937061595246,0.317436471313975,1.31393989002745,0.74280464594658,0.357539937468717,0.322074368466181,-0.127276662586598,-0.761236856233019,1.330721673569,-2.03968294216822,-0.193954370294011,0.211336376622917,1.485128007052,-1.49834917943057,-0.0306736926462626,-1.34797253591557,-0.112136824192015,1.27233113278039,1.35797752412687,0.240461020519118,1.06090057614265,-0.638205770676309,-0.664807210595852,0.841306235274774,-0.692105309175985,-0.115434138008165,-0.460391783339058,-1.45871883616153,0.228200224273272,-0.521093674440728,-0.725939246028149,0.959960281283662,-2.49920043569785,-2.27627131831282,-0.073355493399407,0.219491856305939,-0.464269770793171,-0.708694208560565,-0.535195009208332,0.998551705776854,1.3986920974684
1.26173032592176,-0.124915638290341,-0.364688076111403,0.444119443577882,1.11467694945732,-1.57872393979238,-0.904045083564223,-0.800815155010079,-1.22671371045617,-1.29639699986974,-0.778947185084296,0.781537220035882,-0.683062540333875,0.635112414350507,0.642759562924172,-0.337350600725915,-1.59740590663723,-0.1756080741381,-0.00983620798183729,-0.0377764653308778,-1.09751048331382,-0.310771482820828,0.045564909028148,-0.0969643700074189,0.687990189282153,-0.686719358617187,-0.998655805950868,-1.21256280558751,-0.108117770906713,0.043713178309664,1.77093267336359,0.292512625395359,-0.797039858289582,0.30599046069524,1.27848898366229,0.321012107065382,0.838765016756373,0.488257682890733,1.19817878292445,0.549604238418874,0.373007117753883,2.02985897158,0.872574875236554,-0.76793137526045,0.89441293120372,0.950620856419196,-1.05280406512677,-0.0907740021304676,-0.668939075248585,-1.44097572308447
-0.454490426520761,-0.564064031264594,-0.724953244356006,-1.76552414918272,-1.65721808056707,0.743929140929858,-0.327354765465075,0.713719531472534,0.55076667629695,0.474132245671154,0.0898240517614303,-0.695750967127005,1.00053667280436,-0.515284496715113,-0.0330378662329629,0.457373470091501,2.88757519848281,-1.46633520273291,0.384236526891623,-0.121287676314054,1.41755689310615,-0.448814588979441,1.6481718672713,-0.396363748414479,-2.05518739294562,0.0328604362006484,-0.58492171124979,-0.24865943969686,-0.172659949849166,-2.35319706703477,-0.763922756180978,-0.862247813045864,-2.1271921593111,-0.628639273287122,0.686881922875977,-1.92706619554314,-1.3845829643609,0.677883391141461,-1.49396896338107,0.426474569976611,-1.96858309722462,-0.498844908412214,1.34860715185906,-1.01197563316221,-0.779819602927679,-2.118488802883,-0.152547089947413,-0.353436744604217,-0.758853956655988,0.611511943656407
0.185381899080993,1.51475088397334,1.23016680960583,-0.515453989351555,-0.402514204621157,0.519993940800618,-0.208895386935973,0.0316216819225516,-0.386645424679308,0.173113112980349,0.601667719350206,0.479808810314759,1.0171924070703,-0.164422241426542,0.0550098179834549,0.410333101623644,0.354574304967186,0.986747454656685,-1.05880261662425,-0.372272628321108,-0.283417593510685,0.272909539596784,-1.62599017830107,-0.13102953944723,-1.64637496867481,-0.0726072111494627,0.85043590086409,1.15346929708943,0.346492045084413,0.854340095692644,-0.923708370438267,-0.473197377755677,0.240492709273433,-0.502277656173223,-0.756646705489251,0.0788432110249846,-0.692441134032683,0.191462923376102,-0.365191262598701,-1.00872630657598,1.28518367208917,-2.25258077261699,-2.64148788072253,-0.318472722519849,0.475052002560964,0.304912271000676,-0.87236579007583,-0.620268330010607,0.8200087377203,1.75555550467657
-2.20598365707039,-0.699464014972407,-0.660646896111184,0.412810699863779,1.37040338749141,0.331126604745367,-0.695874125731576,0.720141364917817,-0.0116150223132845,-0.525887180473283,-1.8823555490364,-1.45933221923161,-1.00010519693671,-0.369510539244958,-1.30412173105734,0.108614436377675,-1.70624519157375,-0.0611576428373265,1.44416727600579,0.920169571060254,0.245539797626195,-0.578029001645824,-0.0268313752781734,0.895251043751361,3.17421234804488,1.73567049205208,-0.0219595953897129,0.768812244419148,0.224518775934862,0.105821195340552,1.56997260184911,0.841490489717838,1.39683165582769,-0.199259220613468,-0.35893393160852,1.47666299448696,2.86964454133506,-0.943633114931817,-0.0595967176499302,0.467371979962661,0.326980586759464,2.02500583988077,0.374085979271118,0.878536601065534,-0.587043526466062,1.169559410574,1.20151642444988,-0.00802205671221095,-0.0350836494262916,-0.998260793226766
0.566576966035782,1.15135676882742,0.753903163060412,-0.55858909746489,-1.01707314633385,1.40495697966754,0.211239442050394,-0.202157837673781,0.439489218138422,0.430551653329352,-0.0939005358359228,1.50216926408049,0.802553520157748,-0.491421345704868,-0.190387962606481,-0.577362021210019,-0.814034263636616,1.46019070269592,-3.15850465611517,-0.774211227733261,0.692459559590384,1.87308891660125,-1.70170520935479,-0.192036457221057,-0.993269916634585,-0.636475934230893,2.08078190491121,1.55910458955003,-0.468643796774313,2.24655196339663,-0.0344454688736764,-0.127155650504628,1.03480722568636,-0.477488114818414,-0.100896615415737,-0.403846242079876,-1.94380726217219,-0.115551381831215,-0.185164357388099,0.0949797631904868,1.43270283722244,-2.74093549490317,-1.75305030317436,0.447482404293501,-0.714240863309181,-0.274878091687582,-0.00254544729299487,-0.138123371476553,2.1945001994953,1.56388018623631
1.42683386326285,-0.0248687590250526,1.40984383430663,0.583073941745739,0.338575332518341,-1.19408756788323,0.403217147451853,-1.01142700645508,-1.03719212707924,-0.339477308725402,0.842407364646528,0.680167663284162,0.843717489139167,0.42770059232085,1.17837090552934,-0.701974750288312,-0.101235245247104,-0.0548996532060958,-0.0826276391446508,-0.04278704469125,-0.805310635560872,-0.606778997431756,0.615767428279565,-0.333647429470336,-1.43490922838363,-0.758707964055929,-0.692578916930723,-1.45575587420209,-0.374001698536359,0.253141051843775,0.402223586360876,-0.739925699786857,-1.44724589540417,0.342911104126219,0.518682983154954,-0.411355666973768,0.375494898629945,0.704293673529145,1.72121196705384,-0.164872938939398,0.848762806538037,0.104485452538432,0.0632248044724386,-0.490839463404745,2.08883853830225,0.134335953225912,-1.41602297678154,0.225700023431504,-0.27457103094016,-1.24279874287457
0.74989473986299,0.181154049790658,1.10641569697251,0.432042246181686,-0.367605617118473,-0.332800162327401,0.442429295855707,-0.075548558172288,-0.41279012707328,0.189668392368611,1.4408873582707,0.91650684640644,1.32763275177261,-0.25481848806485,0.209439845702676,-0.199014374761183,0.936150270516207,0.465444224045479,-1.00558172589873,0.219540912319388,0.0675141283122963,-0.47354571655618,-1.06985440334419,-0.565639168792154,-2.12593248236997,0.302004580664262,-0.156764991748534,0.0366168403730406,0.0202531497573261,0.699047270820064,-1.05311005456326,-0.285732830825735,-0.308124671055598,-0.234246187108494,-1.29343579505686,-0.639689970858426,0.0486716721446388,0.508171890644483,0.385433716571099,-1.16309545165204,1.38164873346315,-1.60348245684302,-2.30513539695475,0.867380475102774,1.8699911671603,0.346896699931816,-0.578838899960458,0.182602265035877,0.260732221461339,0.86530254115586
1.35035385852441,0.468177322328724,0.772832928306149,0.566557401271195,0.568068093056911,-0.73927213941647,0.582998118109251,-0.365133721776435,-0.733243139157812,0.191429898200575,0.932609190461645,0.650699737810282,1.13143728091398,0.224966225588629,1.05666715961993,-0.547671151838971,-0.287487628644279,-0.259387806372507,-0.706435090847748,0.144517251674337,-0.66880885692313,-1.34871443351405,-0.403635556316466,-0.152161413750017,-1.28176010713574,-0.612379638819515,-1.45417147985687,-1.04360934649935,-0.21954115779285,0.110579339607953,0.308883125825155,-0.304007642062526,-1.07409020492105,0.802264803969138,0.10822733090212,-0.600345762267694,0.0599862488562377,1.17231759761684,0.960538820903253,-0.598145285816689,1.16375311542764,0.343427767438212,-0.257337056718064,-0.0845997167899154,1.86134251029993,-0.0976762707750076,-1.11647217535705,0.353656298884469,0.0061368786707771,0.216434204621512
0.933058120905065,-1.52079905265331,1.44802093576867,1.44554932085164,-2.29022050460259,1.78812187350196,2.60163722196564,0.152303510920115,1.47476515126641,-0.89992737095514,0.0731794382323768,2.92661803402719,1.18339896336068,-0.759840937180872,0.537338700888829,-1.66638760836756,-2.0335785987708,-0.0766955315477421,-6.46173281377111,0.466348096263424,2.05821238779004,2.56327530891912,-1.11941682682,-1.36094999134317,-0.914859289470079,-2.85239331965755,1.40603047575378,0.281017840729847,-2.60388852560759,3.73895766880485,1.38271187822786,2.53057038440804,1.14126700001099,0.869020436706388,1.51484148698701,-2.07366002245189,-2.86414753615032,-1.21323505445892,2.63186198243015,0.666973066547057,2.70106705402687,-0.588239553438813,1.26181713454075,1.20716785554478,-0.0784087693703999,-2.24207131217614,0.975872919156222,2.64146516973374,3.76911622399563,0.137282825611636
1.2937197243471,-0.477783624438862,0.194827299911359,-0.363311459629717,1.08092447604981,-1.58992418340579,-0.539396941871637,-0.993149918924963,-1.51663611413388,-1.10271925327266,-0.210620602939009,1.38910457790298,0.014914777499785,0.585822624743287,0.774023491034307,-0.60957860029515,-1.43269703509131,-0.410461976874651,0.0496437575020647,-0.759407588937901,-0.595001497281209,-0.827420440327958,0.253666473254913,-0.216319891700525,1.02526894788037,-0.928513796289246,-0.594590468670524,-1.34430027480847,0.270827372172704,-0.0216295832777339,1.5409880692746,-0.089696283520801,-0.904090795585146,0.329934580361605,1.16425905551348,0.721369596398181,0.674965294623994,0.871490394684075,2.09147783270876,0.431086818232025,0.697629364325167,2.24981201237024,1.23771398870607,-0.678762813749278,0.825248137306438,0.15191584943361,-1.0499372720086,0.591149719576858,-0.668664664284324,-1.40312968683197
-0.647885088294201,-0.00171434837813525,-1.24084330606623,-1.68485996722293,-0.743069244073216,0.598827404766183,0.252525015043081,1.07780411194452,0.299891137691228,0.41245912179657,1.56433348530451,-1.47410324368744,0.341995801669183,0.187846500864627,-0.369595505555881,-0.00559303991801216,3.04768678020604,-1.3151044398349,-0.348778743580446,-0.467866981518744,-0.010524213414155,0.627000471897813,1.21646306710025,0.0100462335315991,-0.211703493462125,0.930527069284612,0.211637092453227,-0.288309834397996,0.44936937014471,-1.37365819968511,-1.45184007390582,-0.483685015977618,-1.72141231998763,0.110640539619957,0.213137329346131,-0.987482063094123,-0.342002918170298,0.964554304073132,-1.42372796741826,-0.0749689856285458,-2.74172369687277,-0.461065119987503,0.713068157073006,-0.112888429992678,-1.71100037935011,-0.582396025567634,0.367056294603241,0.272634607511944,-0.466126685330722,0.315218286742492
-1.57873575859364,-0.695865180138628,-0.128452094356391,0.912400670362627,0.871406335909244,0.592031024501111,-0.595486946860935,0.685066530857221,0.674747181010507,0.218455891464194,-1.26954374342622,-1.51434791275075,-1.40872789383632,-0.602004587988509,-0.994089185422627,0.287568731770568,-0.936041537830877,0.637300106073924,1.79441360621005,0.832828657912984,0.17887324158104,-0.172080612410762,0.0906810586081718,0.357955319088133,2.79774527318001,1.33730154039358,0.0773758403191258,0.797774473548793,-0.384195893730702,-0.0656027770418784,0.155360307987929,0.457519828221561,1.63856471115141,0.619622798253941,-0.794757995564906,1.91563681975538,1.80891639676725,-1.56487131957741,-0.575432338299187,0.588763122585807,-0.0893320618686217,1.19189998793326,0.137889119775983,0.256257413223135,-0.678424813878489,1.25497548889063,1.41549594963577,-0.420458938703412,0.10843815490734,-0.00927193565367621
-2.18763039328177,-0.834809323151649,-0.979887416071879,0.623663186774275,0.805317735681681,0.453942049984885,-0.659152121249935,0.381825139478097,0.275592814623993,-0.978691571209714,-2.45492811227658,-1.5550975119482,-1.28359097113763,-0.292420452541818,-1.12105848513648,0.571747466561477,-1.53957517242567,0.376076058514721,1.18419260213754,0.745745290352211,0.338001826938971,-0.394767219963279,-0.42347998639097,0.688451300315044,2.81354430347761,2.12994370916728,0.298062241301963,0.327356500873176,-0.539575247248868,-0.242530302716051,1.05828912011891,0.990716944565674,1.15953282760789,0.0992257808981772,-0.178778766246701,1.09469557325785,2.83800214471421,-1.31358568211905,-0.393140749385905,0.455091825959299,0.363034971498409,2.07342087374802,0.698613789874398,0.643867032141463,-0.350597955536991,1.05495480018047,1.58060673260739,-0.433727454601946,-0.470318643856121,-0.327284238485134
0.755886229961935,0.136740987420539,0.655072592809662,-0.233960523509764,-1.35234419138169,1.36760354178448,0.400407490008536,-0.184439550746085,0.479811829179754,-0.228583286651273,-0.0700171072059386,2.04623390387649,1.11786501993849,-0.36141168117445,0.0272970805161593,-1.00099327919852,-1.20386467726597,1.13005564599189,-3.95573982046814,-0.102527590377572,0.773015461401013,2.78486534424333,-2.08495807143388,-0.887490621001125,-1.27035436616616,-1.84838850797918,2.00867607977164,0.962659431064978,-0.817664210004329,2.36432784687899,0.659405342660762,1.14685251101107,1.22985731914657,0.0897228371960335,0.64947624064636,-1.15164533383265,-1.9068355741815,-0.865882922675564,0.7743148147763,-0.241656651797336,1.98284258678905,-1.59547248923033,-0.744649019212444,0.124588106004484,-0.778081349202232,-1.41331419337506,0.225509182342243,0.351446031243026,2.6909753350346,0.958724492171521
0.393420336392619,1.44319020841453,0.702684547193985,-0.965841620591775,-0.733222931718736,0.954886323421023,-0.453846136691766,-0.662692678265135,0.395893910748118,0.324719733498827,0.709338786051745,1.06816866469589,0.287408627567848,-0.405629440139679,0.131891347767925,-0.0247359432061814,-0.532451507470759,1.68179103974492,-2.10050691477492,-0.710776146812624,0.50897110050425,1.650837093136,-1.47392641341402,0.0329156627279242,-1.24347564686076,-0.372840150038033,1.73999194612646,1.38059939697496,0.539372361443036,1.57622292984522,-0.931416742117547,-0.0666610627009437,1.15290628453242,-0.322067851170848,-0.64489104693791,-0.230100460495344,-0.930507665712891,0.124620286773132,-0.80765375386576,-0.261610268557616,0.925742410480066,-2.65228297313563,-2.48171463548291,-0.134181592804345,-0.484707310965361,-0.0817295354893423,-0.170939965181958,-0.0675816945935923,1.00049227102711,1.80851915399599
0.0774424536168592,1.99395894373338,1.39359948622374,-0.977316203880675,-0.891637175573899,1.16965358473867,-0.232428728648257,-0.1073782392484,0.299757066198434,0.547287886917853,0.401223912616659,0.770372230494506,0.213824859971132,-0.175073586546202,0.376219403339854,-0.161896800942349,-0.0628078791784215,1.08554451212305,-2.34888379627335,-0.773319746902947,0.12148311978392,0.981333073170022,-1.95244786691744,-0.210649647341177,-1.91944570314211,-0.163442956043667,1.53994092044018,1.33986617319682,-0.0544132842607422,1.44753334038618,-0.705313818970515,-0.523703664890837,0.524400880593743,-0.518544374280405,-0.674111316618516,-0.577406727409799,-1.2740771582654,-0.195237422967695,-0.897650633229372,-0.950192638553449,1.19961799469691,-2.49325105682471,-2.28611877005969,0.0105563466781745,-0.223463012639685,-0.0439519553838318,-0.179427115698291,-0.226096661812587,1.36681199858012,1.10888453475779
-1.20880370213872,-0.0517437314473723,-0.567305264943472,1.76619934739519,0.965566271287519,0.219016137865651,-0.352412494877392,0.478176170801819,0.58934602658562,0.646867147161509,0.0834153388735732,-1.51337702081785,-1.38662132984137,-0.614585889125082,-0.849223088864954,0.784844413105439,-0.0858631496941132,0.269520942814649,2.73379091925913,1.08124357297719,-0.407717897891228,-0.0391931958819828,0.880808769523213,0.161821663124915,2.69730901392717,1.42787229622705,-0.13194173565744,0.682019172516381,0.555555054307994,-0.339094832482212,-0.700708513238343,0.325514406899026,1.24249749849713,-0.426733404080093,-0.982495561397285,1.0801395814992,0.456429457937892,-1.66322802114508,-0.94037102626209,0.0951884721714314,-1.23510329826029,0.842584415181398,-0.269003948533048,0.907069007521949,-0.981027224629807,0.985313111477628,1.68660160832931,-0.174125905437819,0.101142490435703,0.0898251442690824
0.504648260843472,0.414340956379997,0.688880651879325,-0.450923270886862,-1.36412112915094,1.61641283370009,0.611022523512269,-0.317707427842739,1.10317066409647,-0.0141069537826967,0.222741623341449,2.15686834499481,1.02219867183626,-0.998140057764182,-0.09920021172381,-0.652896554000804,-1.07465840546822,0.807708340520827,-4.1614006946575,-0.0445988092533701,0.735670829564485,1.95626365590555,-1.78480314462737,-0.0308558367244268,-0.925064721836792,-1.42937180295312,2.17649029033951,1.19187312438492,-0.989311187940649,3.17912845945623,0.394009673515755,1.26194823753377,1.48841794352611,0.297830422158816,0.348716823737567,-1.40629982810048,-2.06370523883078,-0.513007963042424,0.791771565098085,0.10765259345103,1.4487630391363,-1.95797582283456,-1.05811212353239,0.661715108741876,-0.592264800575983,-1.63977070261768,-0.184256555785531,0.634964752930682,2.35688078080408,0.890207839299911
-0.916286212243296,0.491761433669882,-1.15406140059056,-0.556776947641494,-0.220909158372538,0.154394160858031,0.658770499373564,0.762315040208903,1.0127417319525,0.486413649372514,1.013631818591,-1.35489473895126,-0.720147752710328,-0.111989246625047,-0.483948664851379,0.24351765125248,2.78051645862167,-1.18706831671221,1.07042948826196,-0.281431069033526,-0.462433472459034,0.433125272792041,1.08932306403948,-0.024670427348211,0.203751317782627,1.21952203011682,0.407043413661282,0.44777251345326,0.416736998907038,-1.15334843668844,-1.7662782928176,0.0539378983013207,-0.167769912531948,0.0642952957142837,-0.423303515669861,-0.273486877664239,-0.27131077674768,-0.550345532959738,-1.36324563776164,-0.467391716277224,-1.58609735859625,-0.297787705278905,0.227383925221947,0.469021571433631,-1.62096303017735,-0.481947438879073,0.697820604951367,-0.0648557022351148,-0.309537309199143,0.122109264684573
-0.886548896652801,0.147124692189433,-0.940544712576595,0.559709746790585,0.0185632908700043,0.426674467588023,0.417585113020938,0.371394801448727,0.725950548819542,0.665802329989944,0.507252234896551,-0.987874657315594,-1.38868731165474,-0.602665850338235,-0.313131537166836,0.286482684084915,1.53494947948236,-0.276520272116922,2.08126399365322,0.29288982284665,-0.593776079473292,0.372626351840412,1.09532491452658,0.310900287487154,1.54756535507867,1.05231058687624,0.859366009193612,0.606206972214384,0.5013679067457,-1.00298015710215,-1.78945279912429,0.100494288858166,0.979440956367652,-0.0743226358452071,-0.444826394590014,0.843972317715643,0.127992889030117,-0.490970709155734,-1.27771713574112,-0.695907096751246,-1.63574243918679,-0.645856971894946,-0.583124219063159,0.871177379120013,-1.72318917755797,0.406196812993311,0.775527921444359,-0.0113805389118037,-0.4590709929816,0.390987781045837
-2.05306373921634,0.227543833779175,-1.13207219837212,1.17593606002932,1.20598399534449,0.205967605615175,-0.0248896889963398,0.356573860050306,0.328126168867017,0.289764050738948,-1.6919185891377,-1.66339455010082,-1.32601717046132,-0.507160986162595,-1.09310712201165,0.673754522886543,-0.800396270284842,0.281949913350043,1.72810722146258,0.742856533557039,0.869517265914361,-0.0856103087212999,0.23718732363483,0.527493709885433,2.39435013966514,1.52093367717329,0.530651557366247,0.732003820112527,0.220625524525802,-0.0212414724819239,0.561998917398846,0.306679302736189,1.79035911817843,-0.180114103149725,-0.850655492117862,1.99122098768062,2.05427723528087,-1.10836473726845,-0.394237293725192,0.2497557612184,-0.213334590543615,1.65546034855017,0.134146665361138,0.852373468046599,-0.78960106345746,0.84982392025709,1.7098080370472,-0.201392955262846,0.329182650260183,-0.184289363432328
0.659525091804957,0.584734944708069,0.987593274661083,-0.209607620006482,-1.09030011073598,1.40096934554566,0.647036897559217,-0.444613181633918,0.372617664119649,-0.211644957172398,0.403580929180759,1.5427485275973,0.508986917973118,-0.462671045804172,0.0668375081889319,-0.484958081729104,-0.578734063309419,1.01164734567577,-3.2250559928739,-0.26320985903868,0.0332780466521458,1.91234433933365,-1.60275181160431,-0.203309496974615,-0.471128699435276,-1.57726458758484,2.02995354216878,1.59421516052142,-0.155857239781694,1.89920251648474,-0.0946519107218227,0.374027508190479,1.16636164293486,-0.173884566458475,-0.132229183484266,-1.02307737159008,-2.04161209095257,-0.0952780748445019,-0.137684306314608,-0.426456250318924,1.280742254107,-2.43415006777143,-1.85747289352522,0.584774851676767,-0.677734840105445,-0.356749110652388,-0.208459719199544,0.113827505822742,1.23725680028166,1.047394024745
2.01717816602818,-0.0228113413268138,0.379332674477597,0.360359884224509,0.503839601996994,-1.33822378863257,-0.486654158824113,-0.75976523969611,-0.914911446766198,-0.640177691574756,-0.117641395281691,1.04316563072957,0.0704131346613642,0.884261413140353,1.29618613427167,-0.448086652031094,-0.795004276329994,-0.459229620933722,0.499853590922971,-0.54941523771052,-1.14643621388815,-0.945296802789945,0.122024601281966,-0.23670799952754,-0.171844363830198,-0.709616061891124,-1.24238917702959,-1.98607961629594,-0.218995185189586,0.463573409730451,0.857106095315413,-0.263597442674383,-0.986031951421116,0.77513534009567,1.16368029917225,0.173701261232065,-0.0306208664039522,0.484207488445091,1.31946704712212,0.380873954019488,0.718151713766775,1.35324344083748,0.544592087295244,-0.779136414966842,0.990825020302807,0.168635265305969,-1.38294412245148,0.151560150373638,-0.591451205032841,-0.959490435934038
-1.65025531712398,-0.849266891800107,-0.987416373010936,-0.662810903306087,0.713821045817849,0.0615743281748008,-0.471532458510267,0.388036390862603,-0.22733814038294,-0.969366022054596,-2.32866853349516,-1.04013641240809,-0.83192486833424,-0.346525289102733,-1.25941277260975,0.468445065604734,-1.88205924436707,0.305980345734841,0.641709277514042,0.121847906872354,0.295094817129834,-0.510001412666668,-0.257689839746607,1.49539510723013,3.58253668092487,1.55307927093071,0.00439833610296209,0.728699567025756,0.21784287229747,-0.303336263552829,1.50771448052309,0.299667406608472,0.618656115639897,0.158339260715884,-0.150624504684896,1.10737754009257,2.9680208891462,-0.866068397013613,0.307764575346597,0.621680418086929,0.828639578502823,2.81340252306385,0.70897241560769,0.229992242431637,0.203125627314483,1.15238171874047,0.952038580218588,0.0696382797641269,-0.0824035273965747,-0.691697442570589
0.853071456086058,-0.889456318582053,0.98009735294994,1.09814656739292,-1.75755497636737,1.91712959617848,2.24745890406135,-0.162119378831844,1.64427010279222,-0.641474709042972,0.021456639640673,3.0038245228264,1.03749696986843,-0.471733966693366,-0.130420339838681,-1.35870987235604,-1.88151417942896,0.265050836558848,-5.32704345495217,0.130170521925561,1.0682505500975,2.42195405850684,-1.3831899421286,-0.888723250299884,-0.730318169677752,-2.3385621257267,2.09294397648283,0.546925510808216,-1.64606984589909,3.40022457322978,1.34683982972463,2.02762024401908,1.37565616751797,0.251898308927066,1.09854813659522,-2.06863365930072,-2.33571916639848,-0.889835349882772,1.91236295135475,0.0222649676249035,2.24467091657374,-0.881498512145819,0.313558668991116,1.00996734199816,-0.614772385637223,-2.37669913529226,0.374610109327974,1.89627426750176,3.37970646801754,0.26481502609558
-0.372434972306271,-0.139270986394601,-0.891487203142166,-0.816126780048473,-0.467524825082839,0.256009659619323,0.187572824134542,0.519902395428666,0.427753774249338,0.528300383288935,1.18684649933663,-1.32195705643914,-0.408491693884482,0.582440075481563,-0.0450758714329657,0.194637211262386,2.76931931690155,-1.04469749139041,0.979581572045507,0.564371994910708,-0.213939149361581,0.664670887638286,1.24151979506337,-0.438519839290588,0.33726721856292,1.1157422984902,0.29485007072398,0.115061267998568,0.740197655405903,-1.7199498855883,-1.55541619066823,0.341563296975239,-0.306198066696068,0.0564397081690541,-0.261656997554874,-0.602084181279162,0.0794050201948949,0.0252455334363076,-1.58652414135467,-0.649291343540638,-1.91496349267007,-0.44363607612214,-0.0972006515247894,0.424230023277034,-1.69247755256241,-0.346363089276526,0.0985257885946375,0.334384645311345,-0.461859931279482,0.0236296472002043
-0.857070628034207,0.628376160015739,-0.694963161238194,0.712533827446549,0.323777210318726,-0.0857031038055393,0.666838729058437,0.259903085569847,0.595550694527628,0.281363916330859,0.279739597736805,-1.59976461314818,-1.00549875516297,0.504990360546756,-0.852851544799337,0.0305283581828484,1.03541941972568,-0.0199773700201982,1.77737512085625,0.654360860456918,-0.378017631989099,0.390367330425889,1.75374960188153,-0.404458678051354,1.95046464118293,0.853333663350777,0.31271722284486,0.879176162426734,0.258974846677445,-0.702897516378128,-1.12127422458369,0.392052919966229,1.05772523323672,-0.0366977160658056,-0.644030376335709,0.707492669300882,-0.184356872183008,-0.922282677039721,-1.27605243415128,-0.320781351897191,-1.46933971124853,-0.0172010700814956,-0.594260715789059,0.230002463577759,-1.26188899950573,0.502696805307265,0.984674601789011,0.168590455345911,0.0650004859819512,-0.0455679216004469
1.47115955618991,0.128637509123397,0.299729663724317,0.342252432483813,0.662635594348994,-1.30655987051266,0.271072345433217,-1.03734390885246,-1.11068147868348,-0.514526960790981,0.74062922300382,0.74332492731833,0.52105735484177,1.453481571275,0.911281827491478,-0.455952756918441,-1.02759906585185,-0.512844536691881,-0.0205154606963926,-0.996481966213305,-0.85636890468529,-0.791151129283715,0.579626613437844,-0.445115406679117,-0.454386057642316,-1.91009029198367,-1.38529476450938,-1.63515911026897,0.141720465079974,0.292421482363315,0.93956605621155,-0.510265779697629,-1.34266813603348,0.812865623688027,1.32251961674887,0.0187023444000226,0.52079381542182,1.30803408205863,1.25644795311222,-0.127901259607717,0.939808352459201,1.12452343111628,0.223438572954923,-0.586036943742628,1.71726892058337,0.658576315610464,-1.55758724155327,0.189657366551447,-0.878152790937666,-0.691097288369383
-0.686446892161492,0.263535520910714,-1.21909094551914,-0.997420599778593,-0.765866876262085,0.238187941675078,-0.0631234396289079,0.953606929745333,0.667082343717639,0.267813896470683,1.01078465399655,-1.45857487687626,0.21300102457298,0.25213705091943,-0.412647086681875,0.151081568420696,2.92663215236376,-1.40650466615446,0.914442078216193,-0.710701557022701,0.449835263638134,0.815936915469112,1.24076452790907,0.0583002427449072,0.215172685151101,1.07341674933109,0.603110801823187,-0.349825487496068,0.959347212878301,-1.44748658545213,-1.24276957127746,-0.107241838319435,-1.36029688266797,0.0809335493629967,0.0976002981987351,-0.739056974704494,-0.269152711863452,0.447115994528621,-1.39503318945487,-0.643083088150458,-1.66327270915676,-0.139835194549792,0.526181597609994,-0.151878202462549,-1.11825492163617,-0.220409474785251,0.21169901032593,0.465093447744841,-0.788570366561872,0.396977298258608
0.566039559019387,1.53366771237869,1.39846701595031,-0.189701712462216,-0.506106299641683,0.304624052450106,-0.0563078253752417,-0.000548005175544744,-0.684819037294834,0.0357999750984448,1.26814291604621,0.441542578756026,0.688372182618791,0.0551257320541887,0.47019302449084,-0.137395273439397,0.344286518035984,1.05308004233002,-1.00667215607568,-0.100049481480712,-0.458191594856148,-0.00201693447062909,-1.80972613709194,0.240653161400162,-2.05012416540972,-0.295548697720796,0.759984221225352,1.1484760994398,0.271316319608973,0.959393574673037,-0.697105315196437,-0.662545445224392,0.476325615212931,-0.887037215437023,-1.22514256493539,-0.188853725546042,-0.441908961617943,-0.258761970119583,-0.424229525142413,-0.719139409949445,1.14398370979101,-2.29481084710445,-2.22110514250894,0.225585876112046,0.656745827255872,-0.0405220789663938,-1.13484267618697,-0.565413665558914,0.378286231017476,1.63871068432024
0.5835858179941,0.964381466119595,1.20952248817714,-0.164982622526997,-0.384042144642098,1.27581110131843,0.215419221941514,-0.282341043621032,0.915463594750064,0.0561806649091517,-0.154352051905518,1.53864849030265,0.772539425153688,-0.179548537669196,0.288641305014837,-0.23591191596829,-0.880165854728236,0.894222052902649,-3.49080573422027,-0.640455253441128,0.435282086015356,2.27971917231705,-2.06126405865267,-0.315032894457577,-0.918489739242079,-1.6257511156403,2.0135518044154,1.55075058656874,-0.321505619344966,2.06506495877579,0.425416566051751,0.556584924107009,0.766843441653971,-0.338744354391392,0.381185701910035,-0.331615321699855,-2.04733884983349,-0.391450309202108,-0.253568583525112,-0.619570096037965,1.24407692949481,-2.77532728361066,-1.74254804843192,0.323718070768974,-0.918480088235616,-0.813826301131019,-0.0199907408142442,0.312107338795006,1.99098184151158,0.800351379993612
0.0524679742478814,-0.32725487574291,-0.490428979394046,-0.355539825337467,0.900553435681559,-1.04288019157996,-0.400487627993596,-0.833725053365586,-1.47439201916224,-1.1767001297815,-1.18746361039887,-0.0911982846608856,0.0569203524089661,0.511391190129154,0.567958752285278,0.416905457053752,-1.51567903156571,0.310683233619745,0.0525780913895206,-0.0465459007345835,-0.921041213789767,-0.589125037186832,-0.581297861413301,0.565175829470059,1.50673835166722,0.219103288393226,-0.757353510423675,-0.94592667158779,-0.263982024180111,0.449744387299497,1.78259502711818,0.31890423495524,-0.472333105951278,0.325593426921172,1.0337728921965,1.03415018703501,1.21349316503816,0.489697015234783,1.59540347827635,0.284760220249123,0.464073241858066,2.34519320314176,1.15991529231866,-1.13472611512805,0.756846616620831,0.464309358044988,-0.415173917142133,0.134765986516256,-1.02475964325108,-2.04774627726058
0.533899973921508,0.203708474009269,1.06538199403891,0.717456609394741,-0.198516183252324,-0.733038564123389,0.840200484195226,-0.579611661977699,-0.167693324121376,0.496235365017189,1.4006050719042,0.571496163983721,0.978961228945489,-0.258728795418193,0.834166851762387,-0.0834545746226819,0.620227958227912,0.487423950988076,-1.11071834040292,-0.508932203257755,0.231209547635161,-0.735784046829391,-0.849520735384599,-0.4261661689898,-2.15222949697176,0.339979047167931,-0.0884821544556841,0.367957813868153,0.50523972170638,0.494279471340162,-1.36807861000644,-0.373399020507112,-0.229904475105377,-0.104663512499384,-0.694627483522007,-0.562582585323008,-0.112079686716103,0.816746317841236,0.621871859694084,-0.99702058636375,1.41296648089514,-1.50850264371435,-1.84838269938222,0.498304531946209,1.167747650545,0.206186413795291,-1.0365105789536,-0.60370185832591,0.0715767984236695,0.57225410188332
1.70257370423588,0.0982723342982914,1.2581439381485,0.41485595069463,0.812409323303006,-1.27549526374445,0.401204222607659,-1.12107015979775,-1.30959308883335,-1.0514680340414,0.675678741750352,1.08012016099327,0.923601712181933,0.703749188713073,0.830852072109145,-0.249804685158186,-0.412652609922829,-0.0644039422070799,-0.23608461888862,0.0332833953193672,-0.969608220670434,-1.25154012395444,0.258913881710763,-0.645930694918402,-1.00225335858623,-1.54924507380741,-1.33620955678252,-1.49362096780572,-0.16504404258804,0.270665296310434,0.639903868546905,-0.0805417037664908,-0.911502008355228,0.602657149503529,0.304821034011623,0.0927010328949454,0.482029862592492,1.04263506396645,1.68162727038608,0.0238079920439349,0.810288820009575,0.21647984927157,0.475119451098414,-0.0304411010527497,1.40176709152065,0.413609193002655,-1.41918705612595,0.607866669929585,-0.0544050289839991,-0.691666086598027
1.4753949100969,-0.288145858907884,0.341085208702177,0.407744663289062,0.553760093590839,-1.26338758264146,0.058923050551363,-0.965565719617878,-1.29968132243704,-0.466115217052082,-0.328699580847829,0.716749677246024,-0.219731809652819,1.27710859703342,1.1822594344587,0.0405163468635986,-1.27554772662138,-0.208155904262183,-0.199289644218347,-1.14127320981773,-1.22992491325231,-1.06598900357632,-0.0927485415003229,0.311921821389633,0.460986291674194,-1.44819601509769,-0.713999922010037,-1.89243464056449,0.177422038053217,-0.126491333540684,1.65791527189078,-0.204558850401488,-0.918382592062986,1.34031833767163,1.42668110334477,0.39910806239365,0.039937732648215,0.94707163379291,1.47372514780348,0.271875943336017,0.321434301035398,1.71443556339447,0.747587175285903,-0.713749152697393,1.56724190339402,0.0161290062463956,-1.16180663248932,0.33023947918326,-0.615803359434752,-1.46959269263688
0.52425648294069,1.35573120531349,0.916452166337146,-0.53886948034246,-0.876186083829216,0.649939763496496,-0.189659710776035,-0.356262634950483,-0.0396144367137579,-0.749259500756565,0.504886840208231,1.20947869250207,0.14149055710755,-0.34365190089843,0.293484806163358,0.122883409910187,-0.257001066056182,0.859986005075003,-2.31088299756538,-0.348585221907098,0.350948541940169,2.04824363611142,-1.73039616764449,-0.00120549061803031,-1.44395015314589,-0.981694889675376,1.82786300454132,1.38117336587738,0.0282472830866507,1.72954077166554,-0.142892217255512,-0.288289457658213,0.670422561472452,-0.360614418631986,-0.716271465723061,-0.380201716518338,-1.75420259664818,0.0383439549051576,-0.701844395805673,-0.198243737335605,1.04531498666436,-2.60025825044524,-1.95335252387353,-0.608705628680549,-1.02046802911224,-0.1148957496413,0.0861122351641287,-0.0727656135415195,1.40384197738543,1.4851810143316
0.925362932558792,1.11431921103332,0.85721551663848,-0.207286575193994,-1.31981403396313,1.19364799015546,0.702212359409306,-0.662691850435626,0.354885201954215,-0.0752409230519095,-0.179642633768819,1.651697594985,0.241384169398134,-0.436741246875485,0.226091220244019,0.0980247019162732,-0.850909581833954,1.34374908462865,-2.89661059269225,-0.000374557035566395,0.512265305094245,1.95501330559373,-1.76839642458364,-0.609369957964139,-0.976058082998393,-1.36366290546282,2.10584522142162,1.2253960047817,-0.578019800791558,2.30192484609891,0.117848711352972,0.712343197593707,1.21627346952416,-0.170810510976965,-0.033754365855907,-0.631965791822316,-1.62554740995797,-0.0845281016192101,-0.169494832866318,0.110016989693371,1.28944303303224,-2.22155466570063,-1.50746634636175,-0.134778423903901,-0.616661979288606,-0.560408325303073,-0.186055117933747,-0.183035271757468,1.77221213155096,1.02706129250268
-1.99587860068094,-0.68141679330738,-1.09274180161962,0.670038686823494,0.57262403817171,0.150770667461597,-0.435213308286318,0.343368356655891,0.132585904713411,-0.529914327307682,-2.17071669353182,-1.21119833972159,-1.12507215292094,-0.466613934599371,-1.0074743413995,0.426411543074484,-1.80758823070725,0.476961435149207,1.47359493500955,0.982399487620993,0.0309179245786268,-0.244769345619077,-0.0437776337895984,0.866617745382712,3.2338118418932,1.7431327668437,-0.269102707704398,0.602720494780118,0.23311900752884,-0.100048224597041,1.22091445200756,0.481447353503147,1.76612228535227,0.526831601888994,-1.06283921604943,1.80384610237222,2.50804126844125,-1.02602336054361,-0.0973428951435439,0.0449668080271138,0.0859118755415331,1.79063894841863,0.3656302741309,0.769068024394448,-0.86750328433115,1.0979059682428,1.12175963726698,-0.0929284319074927,-0.0522662681241874,-0.453506279189347
0.379069765375476,1.76121813698661,0.718880255089174,-0.777766191309606,-0.334519298575789,0.511438909256899,0.187253989695944,0.22661478817454,0.35973827714719,0.314197707477602,0.749131773146282,1.03837128427452,0.0920331483387752,0.125214731279909,0.463710438846447,-0.186355838713421,-0.197303988437658,1.24737739215657,-2.39341404137976,-0.544955973220759,-0.274844848745438,1.70220448592783,-1.73822287160253,-0.319013772480871,-1.19121301854953,-0.539879029158577,1.18661795391314,1.68378087978125,0.00389802958552685,1.3071155758179,-0.729211001820798,-0.274616967647124,0.662348112035845,-0.303362335517044,-0.462219161786028,-0.440897361778069,-1.60140263748777,0.563285499138201,-1.08443529709602,-0.504801973397628,0.758909786203906,-2.83284144394429,-2.09992312439581,0.13329199911397,-0.502050104504433,-0.0381890291832604,-0.373337967246499,-0.298406423708527,1.40810136884363,1.25232624090938
-2.04969044774065,-0.122759694595048,-1.30111865225823,1.28804375448758,0.365503391473574,0.638161147691896,0.115720341439997,0.510945198174604,0.204089260469536,-0.388679006062273,-1.49868611572699,-1.78895765242843,-1.32448438699466,-0.684062664143377,-1.3472610113086,0.476895020202785,-1.28497769179243,0.560030842355129,1.55970525886548,0.938187032748949,0.495022747646193,-0.0307940941926593,0.376464395311192,0.246327100001428,2.76005039450828,1.55127295123598,-0.0244661777621811,0.63050801491024,0.350971095134784,-0.163101541269208,0.180044580417422,0.22127384749462,1.73932892824356,-0.150467426739201,-0.675140875131531,1.37961714300612,2.05240128622133,-1.39256685880611,-0.534155940579463,0.184586396210466,0.0998968942605007,1.37525204561696,0.400451628108901,0.900402508443409,-0.367560820610191,0.940794436962605,1.60439514584842,-0.138532379130428,-0.0254408667390459,-0.0634120516777863
-0.789006644021786,0.0862071608255008,-0.435641531891185,-0.0658710360037577,0.0585446297225158,0.576744060616639,0.324989957477612,1.31198647474741,0.80604778642168,0.865883862996709,1.22578515848534,-1.65788377754289,-1.01624336669704,-0.00144183981440401,-0.443563498204279,0.0582532083299031,2.09667848791268,-0.350163677881883,1.40167531025625,0.242872775909656,0.049050179949024,0.956376930569673,1.5638054810313,0.206998339823293,1.08152111117838,0.77044855410553,0.516565873778436,0.292456457520845,1.03616732364735,-0.743640742901925,-1.05431299731234,0.122051977487168,-0.11066238141343,-0.222020608712077,-0.344246449668295,0.741613130141837,-0.267789446545088,-0.244377658077277,-1.03536620656508,0.00390999815858203,-1.93902958125695,-0.573712464664661,-0.71783842209752,-0.297700260069356,-1.52807102915107,-0.164002839813125,1.10837580720029,0.270854457685662,-0.380075586101209,-0.209283229643766
1.60057845119754,-0.0252570339199826,0.956199622160645,1.04071561478798,0.157439946285078,-0.760891330305201,0.766534508885535,-0.12949476990709,-1.31117842487561,-0.446211121695238,1.71703178890531,0.909657638595079,0.791211034821495,0.242874010120101,1.22672484309408,-0.01658967940341,0.116714996119844,-0.000121807402630084,-0.262531524354838,0.186385202397667,-0.56807765942975,-1.20325425346923,0.151231213197747,-0.920529984352185,-1.75756977593696,-0.846193251212981,-1.33965394817065,-1.41067586659182,-0.0163665662486904,-0.0329128460150577,0.412281799091218,0.0460249308831707,-0.930177993698204,0.649148522655539,0.399332754154219,-0.245790789979692,-0.0324958325753762,0.645262118458276,1.17182341056764,-0.666017298300943,0.984621959329816,0.118016558666729,-0.698407693197586,0.2336069610221,1.96214272984642,0.263363755941072,-1.28740062591952,0.732466874943663,-0.687590287052222,-0.141459988451896
1.20135680904144,0.149061724603557,1.11652518311609,0.96789905404348,0.0106078216967614,-0.802714630864435,0.512811492347922,0.336472473627987,-0.387244697565872,-0.184603924973066,1.11323944430849,0.931495427410724,1.1090050769841,0.208406465642928,0.669212094495655,-0.619552072086274,0.38848882665452,-0.16470732032174,-0.954015217696499,0.740886086370539,-0.217548646545449,-0.991475290457071,-1.04935826867043,-0.56014041307881,-1.60365343676455,-0.313739677793899,-0.427113912979497,-0.49735876520961,-0.36065318830768,0.295320585476765,-0.47973169215027,-1.05720791732546,-0.566033792002879,0.0375464372087708,-0.13369164899455,-0.858968225696002,0.753095724968206,0.751402923532861,1.19018318086514,-1.03723669852562,1.14687422190664,-0.82073420900355,-1.11344382289934,0.372753581686592,1.72442987947317,0.0225407794490639,-1.25613709776111,0.109010974309886,-0.0648652729109119,0.300409952101652
0.324542040872548,1.48019109281905,0.868554498601288,-0.378698271723084,-0.225445371374178,0.116727830787391,-0.583892519605063,0.274844119161818,-0.379151206845266,0.166297090670029,1.49810173600977,0.634568639567577,0.611108814572568,-0.398727664114425,0.360821307409781,0.0141714627003163,0.521377976187626,0.970597113121117,-1.20652200882995,-0.211321494477591,0.0572621062167184,0.453588144903547,-1.45385910589148,0.0322182128019896,-2.20091476250743,-0.251542076148186,0.621201559784739,1.1419519542663,0.274512039934265,0.945796852400205,-1.08218977188051,-0.813900825717918,-0.0120967277566755,-0.578692341403839,-1.01741400931689,-0.490237789364675,-0.210195703658177,0.230911088530913,-0.359686489049195,-0.973184836111376,0.925165717546363,-2.39886058722323,-1.99670873809525,0.275385301802149,0.232541497902999,0.0912652737686637,-0.563757992162816,-0.582013662792761,0.521006382949309,1.43614157783094
0.54904877551002,1.7820232973096,0.862502710334482,-0.863493020621768,-0.521961619747916,0.797128238240707,-0.570448485847549,0.0470267535431172,0.463114863184511,0.0775920190130004,0.145535361776189,0.700969335454406,0.564387251299402,-0.460376191953075,-0.447802923779119,-0.241215215366535,-0.164905447599226,1.40648008107947,-1.59652905330598,-0.600169633895569,0.166381231261352,1.652144896362,-1.60545218515075,0.276493793434909,-1.49877881629475,-0.46959422687401,1.57756871386056,1.28477980404709,0.0568734340931124,1.44956220281935,-0.522878794004793,-0.213972435493512,1.36120090569372,-0.16787055049415,0.159175253949619,-0.134298487542561,-1.47179038077464,0.065858694327571,-0.847835032339537,-0.437493371991323,1.31028521374369,-2.73533407106458,-2.00480193247041,0.179335978204086,-0.54752971521087,-0.176411179143182,-0.439493043725082,0.0629103813854862,1.49654501222296,1.64046949766501
1.30234165984894,0.275868772958164,0.98301282832046,0.127484909060234,-1.42561572075429,1.73677581585045,0.707955394138503,-0.166495079025355,0.644746598865831,-0.139063163195039,-0.0593292893893414,2.39764359853297,0.419268935366258,-0.164336111910775,-0.0191723630846849,-0.683490275467205,-1.1651310185207,0.694426351911128,-4.24551073253567,-0.682581737987748,0.608407204023191,2.20862431626244,-1.63902125927189,-1.03386905849569,-0.768706496296552,-1.87131299937904,1.89775974386456,0.938530884534635,-1.15660559210293,2.90382493006533,0.362883321764873,1.70118827381926,0.999584265127397,0.468179697238042,0.509472174365052,-1.57034525145278,-2.52506526897741,-0.190800065593081,0.791196750007617,0.662496324337181,1.59872816697482,-1.82324345304255,-0.934745088343245,0.667931034268342,-0.304201234202322,-0.988351578643313,0.275287838834412,0.350939289262585,2.46488990393686,1.00509552222812
-0.812453078548332,0.17503599492434,-1.12236173726718,0.698314320358885,0.612765901575321,0.382731737414272,0.506269724649335,0.605872564460471,0.867585659255821,1.21652135903507,0.282207595871452,-1.09721415347927,-0.909358552780004,-0.108582654621538,-1.0320902768533,-0.248411126890892,0.832752855434613,-0.224720528838861,2.29881826655014,0.66882275543742,-0.00412370655533975,0.348013522525096,0.887630954986729,0.170423208280877,1.85087611339646,0.862137392744923,0.420567912704505,0.566444971805199,0.127392392611371,-1.27852936666844,-1.40535110012834,0.752574104243981,0.718664753117114,0.218146077362189,-0.895145571606963,1.22754547883878,0.288348943000635,-1.10211857391462,-1.01564910555057,-0.523619552337003,-1.27464877193112,-0.0593891628540064,0.166975966356428,0.490509866375896,-1.03758118849671,0.342657415448707,1.28755965067743,-0.337592191704901,-0.0527357957287088,0.0564540704654891
-1.54897018882849,-0.692142825757268,-0.680662852986457,1.05215568673032,1.10605215782871,-0.00929652755784392,-0.0458680470857988,0.644470245702449,0.832336474074451,0.271035520039004,-1.26112976638015,-1.29127812745117,-1.43461672938227,-0.574930125739579,-0.810906337134047,0.807975959388213,-1.39383061739716,0.480118592187192,2.19471770617136,0.791516439493628,0.325353541354253,-0.294867318276772,0.745666883384333,0.257196483858629,2.66385183806829,1.48555770698128,0.140029439628565,0.90939627495381,0.372551323856503,-0.269612700705912,0.23527471510891,0.24273747263728,1.85970536681864,-0.600314395220354,-0.845839763796125,1.7889157243049,1.72552164423016,-1.14659102194464,-0.977873223945934,0.30395270240927,-0.45609534185783,1.13015828956976,0.0496499569016069,0.189532898929053,-0.344363264312046,0.579275178566839,1.24811578287808,-0.324214206341275,-0.0846777511731848,-0.0352750379767764
-0.509841436753735,-1.05967719401497,-0.822022220132874,-0.592868755606264,0.92802856505801,-0.930144019382828,-0.683685604814452,-0.493568419394807,-1.31144105023961,-1.24361797979326,-1.50159139192334,-0.472925117278822,-0.234101234056554,0.187130765488778,-0.22751682143887,-0.115464363087024,-1.56079300033563,0.0910976467000412,0.847965848062525,-0.347061517253462,-0.719198199287335,-0.247707946723825,-0.0596643212619586,0.390111258765402,2.25843815515714,0.644661395287523,-0.479849710670173,-0.819005039801371,0.14686330604833,-0.0351862864958717,2.34586813694853,0.346060379985682,-0.291023966726231,0.488047020226101,0.748903879500874,0.982257540801614,2.35820770364898,-0.538575377412626,0.384141817781546,0.808774116958121,0.624268547394415,2.34258320341529,1.21220677519622,-0.438511674139651,0.449179504200868,1.23287875004351,-0.747982042125756,0.228515135054373,-1.20085357126984,-1.34190365607694
1.67036034352143,-0.363834645134972,0.90353764928503,0.52801382728613,0.680641651886108,-1.34105449645615,0.233384581844472,-1.06444134031503,-1.25877817036531,-0.107566121598694,0.749557396215299,1.13036386715374,0.336514514016047,0.807782315357087,0.989128772201462,-0.796436811163182,-1.04100325629381,-0.0859453666944471,-0.0870533703025076,-0.392897714341007,-0.803676289720252,-0.87542002823809,0.520896886788142,-0.473300478623168,-0.80441064548992,-0.894589978953029,-1.15115798401896,-1.78426376722289,0.111340570760789,0.238088059051943,0.601480781381013,-0.330511665579916,-0.761581354667452,0.51696807000887,0.406325849431905,0.0883616570933347,0.169660412349897,1.12720631651988,1.97193136307606,-0.254528805421101,0.863038022156125,1.23027257566495,0.555725707233777,-0.766434712699732,1.24677071966997,0.272932094427799,-1.2640636524188,0.284147501197307,-0.673620863231568,-0.455307148990646
-0.476685659658324,-0.925408700367991,-0.577753758146708,-0.843928813235266,0.604422322988524,-0.5488201070883,-0.668577878711669,-0.889935447917891,-1.34547531360818,-1.04480537913,-2.02990232904537,-0.152971974975993,-0.429450063924924,0.359770369536926,0.0461479125445145,0.35543737816064,-1.63808677350278,0.0894722486223981,0.386879956471632,-0.118688582069953,-0.493841562572784,-0.266562066505551,-0.20895604448746,1.11704004784806,2.17887065093068,0.338203575913799,-0.74754395880278,-0.834676281441617,0.475226842682497,-0.038048849809037,2.08857259696731,0.281606652481969,-0.15701682524938,0.636371327724689,0.881303634342513,1.32998863502364,1.81411123002105,0.120715235404522,0.982964125604337,0.352489324288416,0.7912978898685,2.48884928014462,1.46166258647891,-0.822847537917605,0.114733134423533,1.30165369062736,0.0124631122803904,0.28891770050802,-0.935371357258219,-0.973767788679032
1.71434986243568,0.11355737768956,1.39824410265064,-0.0242243719238942,0.984484499932852,-1.41427646894526,0.462182863487653,-0.530585388284559,-1.13047943364401,-0.303469887168896,0.595065628978397,1.38687291687983,0.172656924245168,1.14143935502194,0.943637664364245,-0.632947968307241,-1.0157578552313,-0.0323731791322118,-0.200531988328003,-0.613756654495566,-0.714068070288017,-1.28233329213376,-0.135503860037136,-0.0643650015262057,-0.401470747866586,-1.40566540234524,-1.51349956201093,-1.83585943084373,0.626653820965221,0.395347881641906,0.99557188649348,-0.565845295075054,-1.24637383571393,0.330207183270541,0.765758356503525,0.165772065577195,0.645947769198858,0.618895596793562,1.99307901872054,0.177169930173245,0.857217964886616,1.20477545994857,0.657438613456489,-0.263719534003449,1.55621339675413,0.205590124218921,-1.26618405616558,0.759618961899881,-0.263829974697384,-1.23711392181721
-0.328740815308106,-0.801722891070147,-0.801663892421762,-0.265866788784376,1.01831161402959,-0.69102065753895,-0.617906651347095,-1.01091212235569,-1.11778216124255,-1.32001578330928,-1.38599894270914,-0.187788030228695,-0.665040695543591,0.36876515924162,0.160984914373382,-0.00887094508099096,-1.52369299330495,0.229352437510893,0.877365708331891,-0.219717655167299,-0.304427979260366,-0.352585174433673,-0.198351539939401,0.480644230871879,1.86956957641861,0.171329386465922,-0.681304586790204,-1.06208495100036,-0.0242970645165368,0.220920043748903,1.5522554026808,0.0850392241242921,-0.450233907263775,0.721859561518827,0.880489185320397,0.994112380623746,1.71502597481062,-0.230429254933066,0.864057470391656,0.553711848735477,0.727853350402414,2.38696256789296,0.982892548242123,-0.0554962457272936,0.268636690549689,1.33603425496188,-0.155589171386397,0.220992866134496,-1.15735755351835,-1.63089884811161
0.518380042503295,-0.16322087458457,0.795688396871749,-0.368785660716666,-1.13624173392261,1.64535935169799,0.49501037939466,-0.39601072425926,1.37066818414217,-0.452380971395042,-0.359318816266448,2.01622782812367,0.978290029301355,-0.392402871514286,0.432242625642601,-0.944202922076567,-1.36168916622885,1.17072006268762,-4.84980627322488,0.0178226971565677,1.21900716975757,2.68989276450242,-1.40692975116139,-0.373975303229229,-1.16755177869042,-1.76982220434268,1.8914483821661,0.789375558706926,-1.18731441739527,2.34884808398241,0.594887245991122,1.75871993321542,1.19234617926416,0.530315934771849,0.764465024796513,-1.34382831112556,-2.84485047877449,-0.453740440894754,0.657539931243038,0.352794378938612,2.10417137647842,-1.80120221932903,-0.55260389883365,0.612220826905828,-0.432764712571885,-1.13127922180229,0.290374850688056,1.42376339711409,2.86660609640415,0.62246570165332
-1.63294440175493,-1.4621953274818,-0.881914295630378,-0.0293901622564684,0.819256829173356,-0.309250083021884,-0.65299306090568,0.107715964799259,-0.673792652066102,-0.623354876193225,-2.23179314905404,-1.55696148593168,-0.97076981708021,-0.387758519786026,-0.972206711276614,0.641542133432717,-1.61753307157808,0.660698524473233,1.14887221547184,0.0173889606113138,0.120968078144566,-0.127108638032317,-0.574287081552422,1.37968715411556,3.05358864888853,1.31059771501345,-0.367537110976044,-0.0107249159630154,0.101545368969007,0.194025303210665,1.48684673683241,0.411448111959034,0.0657494914552923,0.166136568816827,-0.600022736753531,0.600201650608523,3.22083646176886,-0.79988957244481,0.551872418537452,1.00598229473051,0.480762233766421,2.36897524527207,0.811924653853567,-0.114385032544403,0.363586721701665,1.32832204646205,0.351458846502746,-0.0539742043204735,-1.14313876477711,-0.691666549634852
0.604613605795854,-0.114965989712222,1.44726220895822,0.574719417630409,-0.0936087478552067,-0.195386602413279,0.532669304258156,0.256368754989955,-0.210619512206292,0.0424796284712518,1.67652396641254,0.55985192193537,1.31373844814231,-0.132994150109444,0.805385249579064,-0.514572470349772,0.576854407255909,-0.0834284568204717,-1.01065073782774,0.205996913628604,-0.502972959703289,-0.746236748071984,-0.503827061483477,-0.68730398035015,-1.91433288065358,-0.663569487892306,-0.749850730400215,0.0619508700175879,0.0648438634217937,0.123970336255628,-0.652759979916864,-0.367223955869898,-0.282823925414367,-0.0593760170808828,-0.627125012140516,-0.595073467142417,0.248365044118084,0.422743066002849,0.411281693916433,-0.327881022303245,1.40129388150709,-0.946601342238209,-1.42237803259213,0.293532209707766,1.70512150783565,0.0627347768071356,-1.50542052127947,0.29053650156684,0.0649308851163578,1.33907306537745
0.942551400696281,1.50690321425822,1.09150075072682,-0.832429581436885,-0.511917517686392,0.970522120469688,-0.0798852825813526,-0.562120076841719,0.454756799341813,0.0154259484835511,0.517067631242638,1.46166011864365,0.83915824447745,0.162155828639562,0.157288708053659,-0.0395219791112863,-0.440428790105942,1.7143678344203,-2.24459097777389,-0.728622627513779,-0.0428887611172439,1.87170459572302,-1.97668942821029,-0.247926784618536,-1.31981387822009,-0.920666669888264,2.03943803844768,1.74263144506506,-0.123135441531325,2.04570865788549,-0.303323925726918,0.271455569926384,0.783881029804675,-0.17003336056377,-0.47010054085568,-0.316737724569925,-1.8914301179057,-0.181747995995351,-0.65005580700878,-0.364355246176966,1.02774527664404,-2.71774867176516,-2.19340093702038,-0.014353554287422,-0.932511552568327,-0.161012231902988,-0.00375130738149142,-0.59078323880278,1.81239271584565,1.52431368075358
0.137240466950643,-1.03075080834291,-0.487612452336765,-0.233039039406496,0.670997268693989,-0.797987522992496,-0.76994608104519,-0.672938395432189,-0.986134531336942,-1.5234919486963,-1.45011406376288,0.106868669496454,-0.378577932807863,0.41830168381786,-0.22794020950603,-0.17716032264556,-1.83719494311617,0.120967283048755,0.641431245844569,-0.476539894026107,-0.128309631959589,-0.462743407488746,-0.842421014561985,0.328863827957013,1.88062443536316,0.653545823939182,-0.526932639375417,-1.16878070743856,0.249244696652318,-0.10041254911997,2.22272627841582,0.698406599364271,-0.697988541695948,1.07652868426601,1.06474284752808,0.686043320266354,1.70478310679204,0.271482950245499,0.251397408135939,0.683178421890566,0.982377354997423,3.08490849172433,1.14239428004666,-0.295987530760501,0.495109976573682,1.39031409289765,-0.370749573359289,0.449300118882248,-1.09502108881253,-1.40101533132405
0.810518572641996,-0.357432465094227,-0.218183755916099,-0.0790841200293795,1.21307083559743,-0.744954925972006,-0.635895123508088,-0.946170744295847,-1.29678593980845,-1.23627707937714,-1.02718764421539,0.408831301106138,0.0807663842574451,1.24482547246234,0.59352320938046,-0.0445760710414775,-1.7044850500331,-0.0912261698072424,0.491466014592082,-0.0302537309400535,-0.784422675544248,-0.794085747005449,-0.0534522764792927,0.332856790744266,0.77578696673168,-0.591494249876605,-0.490952642314162,-2.00022529721077,0.301100312260234,0.436915187800335,1.84961905928297,0.0510396074792951,-1.09436610343019,1.24611896449704,0.958809226179774,0.732506969080253,1.30158707959515,0.716396407182793,1.0866058981735,1.07055982194657,1.18658961320861,2.31011445710594,0.915327067619957,-0.513486265036303,0.27645693387784,0.974220290072062,-1.07736892808136,-0.00155091971380708,-0.984893715299915,-1.26860161627138
1.71268832727403,-0.202293140255977,0.316512757387436,0.197811492861423,1.06559238566156,-1.07983637896462,0.217992601317161,-1.13797024165621,-1.21345900113305,-0.699776923084341,0.643814590922774,1.13820146004359,0.106599842642218,1.03489251510753,1.13272795384113,-0.525374519228992,-0.603112413192649,0.0429598999082021,0.161840003588678,-0.538868743442317,-1.1728782956474,-1.03720437371686,0.102669758971537,-0.0639852043300148,-0.62200504602484,-1.20061181229292,-1.30150010446415,-1.58862381289557,0.0249627997180712,0.169989207802649,1.28735765078365,0.237450823493945,-1.4312933258995,1.37426330578514,0.895823575666069,0.589471061990671,0.0633031082270906,1.06262488086167,1.22301996352935,-0.0628432573576252,0.630905545385476,1.28406008897055,0.755967607163587,-0.349129546618023,1.51330207726306,0.570835932826078,-1.49711917171109,0.314890116066987,-0.78984607822967,-0.846685120230384
1.64341061163189,0.0420399609100463,0.934758470460708,0.436106551786677,1.09108254808956,-1.1017434973517,0.298135734569326,-0.178628120879424,-1.41467751445879,-0.184406514428355,0.676722415539312,1.26590426683974,0.698955895539427,0.946977710374773,1.18539199286412,-0.598889220033518,-0.199884348567211,-0.380057117731798,0.40757901084076,0.0449978834088743,-0.678347377591268,-1.05573743528103,0.0741948982456963,-0.569312700872648,-0.974187931133738,-0.908558977853365,-1.33252277483833,-1.37670765614196,-0.164803116718091,0.0711230872568492,0.672505499847589,0.0609736829411769,-1.37458003542124,0.290069557594387,0.504550682732803,0.0791598952697583,0.0759034263872075,0.489570417600249,1.40185994117346,-0.119611924009006,0.570683971955069,0.627458020530327,-0.238359474661555,-0.100630347349296,1.96360726734442,-0.158540863815813,-1.50297088156053,0.117329209413433,-0.48567677663152,-0.45323703197845
-0.402991308075427,-1.07189850085773,-0.396809633791474,-1.78755338875487,-1.80430861479461,0.574903538119322,-0.593443648612763,0.198341208653841,0.963909154303115,0.841084769358916,-0.216258652231333,-0.10677321138569,0.58311270839443,-0.494398899914167,-0.251288438914038,1.09370765756281,2.34359396220058,-2.20309154545446,0.0205366606085447,-0.380917901447295,1.70606758757247,-0.902522808132648,1.38166626974293,-0.155489735187541,-2.58835306817495,-0.921171982971054,-1.31297688783108,-0.110321207142252,-0.825739234638716,-1.98960502588158,-0.528851676726823,-0.963821328450466,-1.98587892584639,-1.61671741408868,0.62818094595698,-2.51016260862106,-2.04961022811592,0.560320607352802,-1.50494951388347,1.15676622559272,-2.59844716846654,-0.287609643249307,1.9594520601756,-0.763298462831268,0.0277023808162766,-2.43718046274397,0.369604419988072,-0.995031743034812,-0.199481624625039,0.100266272176979
1.32279901874398,0.00310591141220821,0.449970956180971,0.601184813995669,0.905660830771821,-1.43023439335918,-0.27612196351809,-0.863251514116171,-1.36935650048024,-0.300770501354848,0.098832810273804,0.962358556225937,0.22788919070355,0.905547466717474,1.10119441977909,-0.475971142916759,-1.0149620193351,-0.104285910656872,-0.0418342393916163,-0.963830149093357,-1.04628621475135,-1.0412546170747,0.0788559924724556,-0.473696585059557,0.201130608431305,-0.817418964321697,-1.27179547050081,-2.25816275777522,-0.334728217318859,0.213564656207811,1.56553057008302,-0.375542356104183,-1.57768639302646,0.831213737400336,1.07122106728627,-0.029360619847964,0.158540056246986,1.07502830228157,1.46933087912205,0.117021927484218,0.880611225868545,1.32372016100076,0.893135713862255,-0.421437546651349,1.11471216439109,0.724984741798454,-1.01487301828077,0.578216087210417,-0.775128930643044,-1.07416632176909
1.62416972159339,-0.204884890611346,0.695988033541746,0.569475087302464,0.705105603591757,-1.24248102836576,0.30888239441281,-0.954530973672669,-1.03653387595332,-0.564603654966502,1.11676976596192,0.82781306381749,0.994977811855832,1.14356974772504,1.05257743122524,-0.870301900763969,-0.439637281351699,-0.00718040032387644,0.0165147058654393,0.162204830908938,-0.963432706870775,-1.34572015359031,-0.0456484343957276,-0.775936254594297,-1.45476027784729,-0.86502573372923,-1.16163630124432,-1.22267944218001,0.0173165442972007,0.16033625297866,0.597281858789546,-0.0978873999245941,-0.930865493109329,0.730709870284559,0.262626960682501,-0.131939278227474,-0.12030694261465,0.702267797533988,1.47077422580649,-0.363290175391198,0.65992779366647,0.517041957535393,-0.078364510975956,0.0639701943790433,1.59503031109552,0.344688970473743,-1.47865985132013,0.205199248500605,-0.358718011423885,-0.471756947366001
-1.44916907446201,0.156600296047272,-1.21797581765448,1.2165921879244,1.28968918402726,0.46987692173077,0.365675396651048,0.839785411239883,0.812417768537211,0.861773940668346,-0.700238780769315,-1.5573381250328,-1.61151447525602,-0.198521173681649,-0.977207834917027,0.387253827844981,-0.305067219648319,0.413379960536238,2.46196543692923,0.899749891668787,0.170657555834713,0.448611717697784,0.871081905688322,0.351767948083766,2.40374765996017,1.07198497412465,-0.107236128883517,0.967809549868156,0.281797259502645,-0.1363687741633,-0.561605536181769,0.357532468341899,1.5737153058126,-0.0142885986977134,-1.23327825311671,1.65177884163029,0.769701865736844,-1.08044498490257,-0.502627731370372,0.0572330219538435,-0.786920426430876,0.102183257376587,-0.432374838602426,0.888003014758288,-0.688430240226294,0.142537323676596,1.66039039404517,-0.21541566517654,-0.143109089954119,0.178588309878318
0.00207384851264233,0.85698637222282,1.31224455969633,0.100521391860897,0.00783668406654657,0.0416683071253817,0.441494089496653,0.0715257173223322,-0.606925824834371,0.420719838790927,1.33800056914929,0.256468810002522,1.20215223336819,-0.140541125726988,0.512580493100014,-0.258551969646937,0.900979877700852,0.552788010389178,-0.702726436480361,-0.115516897532786,-0.170423011433404,-0.709150846924405,-1.25171066055602,-0.0309003490220062,-2.56026907677194,0.477976902553417,-0.118335889607063,0.787269830860605,0.429538514689569,0.279403900513597,-1.09521211251376,-0.554347572631119,-0.43309448775888,-0.595960812726502,-1.00760097389969,-0.467886644442055,-0.429845933109196,0.330574491178883,-0.0434843545095957,-0.697068319515488,1.07120859795326,-1.93645085442839,-2.72890882927685,0.523584810568565,0.76609988843663,0.0910895445384918,-1.192792426344,-0.0750121391422877,-0.0913178382226322,1.34125369260868
0.901603589064775,-0.14244753284746,1.30996189494162,0.861336963581433,-0.511480807182269,-1.244774019593,0.582060621279292,-0.724229400482348,-0.72220892382398,0.125471043061903,1.19662247821735,0.857217799242382,1.621251163732,0.150113652680507,0.885654523813735,-0.593844291481324,0.68947934951666,-0.287290651861418,-0.398313653446385,0.0742249959461212,-0.299718829101995,-0.972347566756706,-0.566491852609944,-0.63234611201805,-2.04247824997898,0.216125094224794,-1.22247994432237,-0.488931108819279,-0.330199165521508,0.338103287401928,-0.45210983941962,-0.409951237404117,-0.831532418399122,0.145451991051219,-0.141714430955247,-0.647576245827331,0.362030757787985,0.586654286155162,1.1203695163384,-0.469796853944063,1.16357855169969,-0.958193137156822,-0.993291176224093,0.196704150318387,2.04279465947569,-0.0506676496690372,-1.59406195154936,0.594820027136326,-0.200527676370256,0.431088668404689
1.58241007884614,0.15107761234428,0.223987118556007,0.332934338946701,0.571188655301506,-1.45803370141295,0.0482004693494655,-0.910204903214225,-1.54567915136382,-0.339590558155473,0.351985361285419,1.05039665837872,0.262083779754648,1.03667282479412,1.23355849852532,-0.627182786973681,-1.00956127839408,-0.304138893492935,0.2381963750765,-0.967849215569077,-1.29069922688394,-0.848215797592134,-0.200422962366805,-0.441269373774699,-0.35182291258655,-0.878341613388993,-1.4296500780414,-1.49447014591573,0.201414283841001,0.38159458197119,0.926616863322829,0.180163033628418,-1.10910477639163,0.796064406884478,1.04864663096873,0.763057490761355,-0.190962770364402,0.925044034895452,1.54228107898555,-0.0417402623532993,0.820106792507646,1.32097353831436,0.691822621692128,-0.451026937143342,1.86763873323264,0.307722711378567,-1.20457722445298,0.403827294130202,-0.713708080829932,-1.11742114971396
0.688877677957844,0.804937796645736,1.02319165613201,0.215315249690425,-0.529642686051489,-0.19926196382175,0.295052598711791,-0.303524495999682,-0.237798445187185,0.520648204449977,1.45437735963535,0.749160682724039,1.39493585596354,-0.103892054776256,-0.133489228485822,-0.376433062436777,0.578315264498244,0.396114568686141,-1.42705980002489,0.138176345666615,-0.133592734251897,-0.692280494411437,-1.13278458801988,-0.121514413193585,-2.70743879679016,0.177331075102063,-0.245940490280763,0.0963297920450481,-0.205233383599174,0.198976006847342,-1.28905475190183,-0.679459189184666,0.106680146764705,-0.497927108101187,-0.748204748508545,-0.678910672982388,-0.31781358220062,-0.0910238092802913,0.360959051935035,-0.65437537395859,1.29071684891851,-1.86385250898823,-1.84645244269138,0.40906990806219,1.57020465629739,0.425599226145427,-0.837500755044609,-0.541717530700176,0.265323261270248,1.15523726056771
-1.20410839751322,0.713307613644671,-0.47857677093275,1.26584660467462,0.807836831347345,0.433550129738951,0.180828048406054,0.10172121735273,1.14620656853389,0.642573072816398,-0.224218503752276,-1.50041368324451,-1.69401631641134,0.352822569117579,-0.950934746862565,0.220249207872334,0.668884661172429,-0.0334965588595849,1.91859307748285,0.729179146992818,-0.439838119547962,0.392494539791408,1.07500887212406,0.0689804093367096,2.19690986609571,1.41774396839457,0.419619436469723,1.00900429834958,0.818420356880582,-0.487785416170847,-0.954443251661312,0.345109679477675,1.60805883643266,-0.428659678715211,-1.18148863442861,1.26380766968024,0.715505221488622,-1.22711266023674,-0.905032050672176,-0.0201473408308067,-1.08429390353531,-0.459662071240184,-0.194707463762038,0.179085603636133,-1.61909204907903,0.426698464248734,1.21191100807349,-0.232809002696476,-0.114873773140061,0.0746597791944839
0.410160570424763,-0.820140734169812,-0.0291452602245566,-0.590806991237317,1.19142986016545,-1.13090987537318,-0.0086583885193723,-0.942221586167848,-1.12065889325939,-1.42007361953901,-1.47689419204437,-0.00753820994268128,-0.288966759198978,0.77841528342243,0.610138054127105,-0.181195932301401,-1.68138842539721,-0.02741468809015,0.576424284510216,-1.06816752319899,-0.373239604806844,-0.429456373641529,-0.371582063094548,0.576304742276468,1.48961698231975,-0.277562314152337,-0.484599846328058,-1.33846365636972,0.749297097075134,0.0272994996383235,1.76200294024437,0.0881258180150482,-0.970545871720463,1.30253364310213,1.32103904122783,0.374901989093775,1.28552995628423,0.669496396417287,0.855111349032121,0.444673673375091,0.759356885855567,2.05635211426356,1.26439357538173,-0.83193202584991,0.655463864414058,0.936780309597163,-0.439355668660867,0.233391809881309,-0.661240033732767,-1.65765188911367
1.58710773211759,-0.287810354227991,0.577176112891036,0.143446043474742,1.35805189598749,-1.24604673638247,-0.152031774065985,-0.97046585750577,-1.29555591859167,-0.623586100642802,-0.0228318947622598,0.732914249707373,0.258072870358246,1.30029999284934,0.865917936033383,-0.73341036659483,-1.35416614159004,-0.0574969237168709,0.202459917408677,-0.78116870249258,-1.2287887230263,-0.933560440192027,-0.207351102024368,-0.53752062927049,0.510657814288956,-1.265410812343,-0.608145985112628,-1.83101677931844,0.208435470346244,0.110653148101784,1.59556251663391,-0.00275765292148167,-0.808853419692148,0.794195925946384,0.974746782598286,0.355080452059827,0.226552824483942,1.0025885570486,1.50466023945322,0.330019608620282,0.556081677535373,1.67866031987095,0.633408317865113,-0.890727195941025,1.09366837281777,0.718070305815853,-1.08066291392307,-0.301101587279053,-1.4117196962563,-1.34167942454544
1.10815066028786,-0.767206539776222,-0.465937228411749,-0.291345678352828,1.50151391436845,-0.955580039284299,-0.769231324269602,-1.00089590653274,-0.997052449903903,-0.876682973464973,-0.965686583426945,0.89935622513115,-0.198215157342063,1.14065096233593,0.710185579252101,0.1151656072421,-1.53662437096706,-0.0243432406253933,0.0558175725658776,-0.567968755387643,-0.542643298388479,-0.29850368701027,-0.570542998395743,0.0617079187440452,1.32233753196234,-0.0708014909845024,-0.952623670232962,-1.54895672942601,0.601419754971651,0.320413035460072,1.8372685737033,-0.110576720803576,-0.877218723742937,0.895586485338455,1.15213862390398,0.531553322169566,1.40719283250829,0.583300533980124,0.862140527307457,0.519438838724372,0.720702984724819,2.15044749887594,1.04700446647859,-0.721558452887666,0.722688801971247,1.37884308686221,-0.0225536863949961,0.343236277577203,-1.14211193160615,-1.47244120421561
0.625668026626494,0.997818489662559,1.25099337119795,-0.198117699259536,-1.15767410192514,1.14738209061451,0.343717979192826,-0.156390625968437,0.82034855780571,-0.222379451090787,-0.100194627337427,1.83611643334205,0.215675612747282,-0.478139661525979,0.509834636041391,-0.698475535684583,-0.895913737457797,1.05694144098644,-3.25039917190176,-0.0102564062069044,0.347606732049451,2.32816682187914,-1.51895072979342,-0.177641117676663,-0.765465167288972,-1.40677230254167,2.11150217080941,1.33208904741759,-0.981513989081522,2.07393404210977,-0.190976992703027,0.575291581697713,1.44305763013535,-0.145482965266216,0.190263791860853,-0.722204793545262,-2.45978241340948,-0.391467360705156,0.196028937969275,0.0120992957300223,1.56655175996511,-1.97597340308513,-1.6293723410262,0.316567742968703,-0.777343310623844,-1.15866334284439,0.0935711877037566,0.698287691403106,1.54827100576984,0.713264689921183
-1.68617332620368,0.0806860700804327,-0.723345474215188,1.30724952897919,1.31966689406327,0.716752593472328,-0.154638695933863,0.506116467912733,1.07838435246694,0.358233877375224,-0.969902176539465,-1.09644464448626,-1.21218738227199,-0.592177571572844,-1.25836258362833,0.367842141163517,-0.586908460477911,0.573646565759319,2.13477203268089,0.703100592733667,0.0306070446097053,-0.0729183551575639,0.525969024701008,0.500509764087071,2.45730289907646,1.22481408065392,0.183349853339918,0.67108430629139,-0.0758282257642565,-0.343126781484465,-0.143411903217246,0.552953972491149,1.69692070967635,-0.139286865730458,-0.827661946775807,1.74876045383288,1.78746877853348,-1.33031213398258,-0.0618622412747425,0.175223430679365,-0.470655314849676,0.853832090390023,0.278209189298252,1.20877409916423,-0.676016394672525,0.546830913815597,1.35076354658282,-0.49340052085192,-0.305066784980566,0.141846969899995
-0.751009025173105,-0.10173353649593,-1.25396073104982,-1.61231338591457,-1.14878901309341,0.380286295375178,0.0470481369447402,0.790052028026643,0.603968120383834,0.568433866816331,1.30509873956902,-1.23059892924452,0.17659445297022,-0.0547237249788581,-0.505868314112069,0.170864823623737,2.45241510604439,-1.04871102076235,0.582440819504154,-0.0569839598247516,-0.143366784464819,0.465563424717831,1.5409026271602,-0.0579681240124502,-0.47354433407398,0.437899880717607,0.33112194767622,-0.239419866824374,0.886728948739341,-1.8859473640017,-1.77768264113553,-0.173444185789438,-1.35721871944397,-0.337335914710065,0.44407268321123,-0.800616299656265,-0.240680834010154,0.557680192315045,-1.48895246452335,-0.0597346543815663,-2.27854454283555,-0.353691907156786,0.468095342656883,-0.649467044529185,-1.4446474409142,-0.804749157690187,-0.0208236378633427,0.550543722831364,-1.19771520235295,0.209020623199179
-0.259052725059652,0.176580145568644,-1.08173495132529,-1.8693956832431,-0.726509067576315,0.0853297052554224,-0.0698582268868043,0.832280409366687,0.294086743437807,0.376174853238563,1.20181225338497,-0.808892456021064,0.374900994740512,-0.304782390511207,-0.164636335318279,0.420190847184517,2.90890413652776,-1.27652612730653,0.749153673182015,-0.404891991185331,0.509903982445858,0.390631818518497,1.2312682869446,-0.240357405506406,-0.588138519258941,0.778282133643067,-0.117919000284759,0.222137276040188,0.577191607891501,-1.77901829180899,-1.96582841040509,-0.164942411200329,-1.99244318964161,0.15814385684534,0.569585054774467,-1.35820853059112,-0.361591269754676,0.622567656703541,-1.63016894450509,-0.464727107394737,-2.53738189954118,-0.124941972535004,0.516507164519315,0.448881399693968,-1.31106109096896,-0.578243637028421,0.350594434505606,0.551717837327928,-0.269428263341003,0.232510475594067
0.395262086120662,-0.588709803047904,0.0422827633298116,-0.013916431034567,0.999260955465528,-1.2416772587926,-0.754038074829605,-0.377908286251098,-1.34576080486223,-0.95195761961513,-0.574543532501382,0.516386084529107,-0.851831756117443,1.0835083339548,0.649597527971212,-0.325860305455983,-1.6473055303431,-0.124125658745996,-0.105964030440157,-0.442267409971569,-1.26406853676353,-0.565018246159719,-0.423815822598002,0.528608750932399,0.7821826443435,-0.38938711426378,-0.793575053364192,-0.566251455683765,0.0649962351214888,-0.0439155427534248,1.49605180606468,0.259109081183227,-0.684159324271276,0.980132244180901,1.45639705097403,0.643045808986412,1.29306379300201,0.598607034307858,1.04909532423385,0.821072329885551,0.972066143554727,2.27368161273649,1.25167840279058,-1.26481618827015,0.818277622114199,0.668575263082117,-1.02963539434124,0.748610795830185,-0.788829923185614,-1.08186694231699
-1.57780508497353,-1.12383397604032,-0.938646720770149,0.187899271635746,0.748896408118216,-0.22695321403445,-0.438629749978752,0.187190796641656,-0.758789085458563,-1.13645903652067,-2.27241101612445,-1.07836980823843,-0.197330184692495,0.22675669294776,-0.5449080266391,0.28926395016637,-1.76036949104906,0.275346032014717,0.223332102436006,0.346596282002579,-0.259512748596201,-0.614650076226729,-0.762992455471042,0.70223137213671,2.71968559593054,0.797840935564176,-0.350344295667706,-0.047612150268843,0.383342864466255,0.137529175768196,1.97272751472795,0.49120043448921,-0.192919780218875,0.933761316557955,0.240394914080221,1.12299339104271,3.01543793057431,-0.433182361317902,0.754985515305444,0.426188824086384,1.00420955438944,2.5576767153263,1.38738491457053,0.245000349246034,0.361912326443399,1.32187522466315,0.333469883921594,0.314639960396541,-1.33239397879582,-1.50477406066042
-2.1159481803299,-0.93506839828894,-1.07618676383871,0.292998988160661,1.19282316795519,0.130933302780688,-0.50718368910165,0.532983527890577,-0.218634666716927,-0.841187290210716,-2.20489802475684,-1.58914728186235,-1.08983879296902,-0.219091073161968,-1.58325588790668,0.134163344229218,-1.58546666104587,0.597491245621651,1.86790264359337,0.644299314434308,0.389239163506954,-0.347038766532899,-0.203997329859129,1.13210022378524,2.83214076721065,1.4987575711392,0.213080158893171,0.323849603545084,0.484233800901349,0.404813124066562,1.31154922019611,0.63878701905628,1.12245968146026,-0.236075051015407,-0.602121632669477,1.23304458266323,2.53885308091008,-0.494973701113278,0.0823353598662053,0.35758018186605,0.332922533736722,2.39109783049983,0.930477178341109,0.920628112477922,-0.510929117220096,1.58361234314385,1.06963770793234,-0.232142770536823,-0.165824222810645,-0.260676804408456
-0.49352271803923,-1.0409435286081,-1.27805889459586,-1.2892694440732,-1.65822129013021,0.212324821152315,-0.602570266392788,0.529292187121179,0.973907116800298,0.577544519878045,0.00994150453713062,-0.513655075183871,0.714772420624736,-0.572991755889848,-0.215486046022222,0.670834760823076,2.70436854097476,-1.26791833873123,0.0675698176500966,-0.764631121298972,1.25946409186793,-0.242835975738394,1.18680878980163,0.273331761069442,-2.43192306878477,-0.0511424412763984,-0.619909239968698,-0.648459618376576,-0.533137423979956,-1.51974775170813,-0.40766949000068,-0.889605569177517,-1.92588576125437,-0.870047640517861,0.829650488450595,-1.8341466887581,-1.41251281109622,0.682384675969019,-1.38586268055164,0.642236051460947,-2.12868808256731,-0.357500993388269,2.01028792076015,-0.845351808818469,-0.634858613928772,-2.19525513030724,0.140660235230009,-0.422094369577927,-0.930791102205961,-0.200169297945769
-1.78499352479604,-0.586651904416165,-0.570030902750933,0.589656623311817,1.065237621681,0.367768460287051,0.178289606223859,0.449801912243716,1.11916956819679,-0.0312185072381406,-1.24450754224192,-1.82957325615318,-1.27783276110098,-0.569704948496358,-1.20374209112005,0.837744808591157,-1.14070476321811,0.343732498236289,2.04875797312962,0.755527197091273,-0.216135182054914,-0.320271582656523,0.343161678661583,0.576148922248811,3.09732331905631,1.59470339041372,-0.177117886312977,0.546926788051206,0.0699872377778313,-0.0215348475441384,0.135700663349068,0.588818047083547,1.53800580971194,-0.0182980759742251,-0.74619509279416,1.57071728895318,1.65616946088452,-1.62195589815193,-0.670660268104781,0.45261418057496,0.00916662695265612,1.40272566170808,0.0812814855633092,1.13185871654617,-0.538881628040105,0.74342172385867,1.23956555376112,-0.984992049001508,-0.144447362511563,0.176310985646465
1.02506036671994,1.01240169475779,0.870348809682164,-0.379366669360858,-1.26218974670792,1.46451363128573,0.62999383008002,-0.475119804907725,1.08068199611803,-0.193660035824073,0.0390314230897087,1.71632200378483,0.421305243757042,-0.459455487455725,0.013044164836985,-0.464654751503255,-1.37861526566434,1.17784585226418,-3.34219256119065,-0.394184887710125,1.1122578278638,2.20438922664922,-1.83985462076959,-0.693674813521371,-1.2565413016976,-1.69165923895607,2.01686306904099,0.959062001107672,-0.706520867490015,2.29491081565826,0.278207663597953,0.817653869101753,0.996362213848543,0.147207274689361,-0.114944875737158,-1.12249637911556,-1.74965417633603,0.028073109858926,0.0979068789403661,0.594227386353498,1.58145958748333,-2.04904389322541,-1.08114722024579,0.335616315717076,-1.02871356891747,-1.39702660020023,0.455181590035179,0.644472246518189,2.18783461461631,0.885674087722971
-0.720987166554607,0.535953765421631,-1.14110759929251,0.354528830670622,0.171459435030495,-0.0170560609557121,0.4453533414667,0.577464085113719,0.48833143051858,0.772950689552352,0.66551928506064,-1.85719467690609,-0.998647364166295,0.260195817829749,-1.26462373578253,0.406418469040548,1.45433456479761,0.245226578113033,1.61465609380226,0.772392719796978,3.24584931961046e-05,0.247237369900692,1.67569033611472,-0.0238494318312369,1.07744130419699,0.940772767650193,0.200808911897767,0.29394856434822,0.390767701386055,-1.28287987675484,-1.48346316630651,0.0383750779194402,0.296458137497343,0.118803002606063,-0.645042829397053,0.533522285049546,-0.476731195262554,-0.693554393493312,-1.11541688741026,-0.560944235133415,-1.75738133630902,-0.364398722962352,-0.205452651689406,0.216049712383631,-0.777577956407346,0.100217574363855,1.03004673093082,-0.519933053935333,0.0803621891533609,0.168265307504695
0.48180586090986,0.613553107922505,0.87127289955578,-0.709301445255502,-0.610398408105765,0.926682513743938,0.334135136329419,-0.678026289491773,1.01191821628811,-0.278232047710605,0.450126642765388,1.78293976806728,1.01989657297248,-0.603663338679738,0.435838349260283,-0.973070383097468,-1.19830171238804,1.20696684814366,-3.30305500834304,-0.281645050472733,0.88751320075848,1.70895622809244,-1.39887017106275,-0.786556688756012,-1.32267956279854,-1.36805600693982,1.95125329416343,1.13248002543741,-0.9822391259314,2.42944836464463,0.467030464621778,0.499712020056609,1.29938723681665,-0.0846143403942203,0.0390332376401254,-1.07453690967387,-1.97766665225572,-0.319079548360782,-0.000276337063648574,0.0933063015066096,1.60677932651256,-1.92075952763938,-0.855607583846116,0.125342013354903,-0.817467129288099,-0.765474510386102,0.283690473730429,0.132488899842737,1.91987329998864,0.811140357792215
