"V1","V2","V3","V4","V5","V6","V7","V8","V9","V10","V11","V12","V13","V14","V15","V16","V17","V18","V19","V20","V21","V22","V23","V24","V25","V26","V27","V28","V29","V30","V31","V32","V33","V34","V35","V36","V37","V38","V39","V40","V41","V42","V43","V44","V45","V46","V47","V48","V49","V50"
2.09490596358597,-0.388982317459702,1.96171870526224,-1.05989115625167,1.12488440407646,1.23569935414332,-0.304188663434497,-0.0358850443322843,1.10660833504774,-2.66806735638161,0.979998890307022,4.24822393266689,-0.499262861163038,0.926693632062886,-0.79422155406561,-0.123557201720616,1.34283625841958,-2.17662936652058,-2.21927016778799,-1.61755570782846,0.813292950957562,3.32432885314943,0.0453275902264868,-1.846647131134,0.768565122467947,-0.711033055545362,-0.66810876869792,-0.971212859849665,2.77784027849537,-1.28436950900759,-0.862321086755638,0.348587715191707,1.41094974871841,2.59323191515415,-1.11306369755837,0.140223799021714,0.0743021612087711,0.801577265347323,1.05230753239454,-1.50234975146984,0.91584334464155,-0.362718954428861,-1.10304908018188,2.3471430354168,-0.804969750599314,-1.64350225886631,0.32195525828546,0.225105828831749,0.593123320834962,1.79841863649306
0.47741483928084,-0.50828025897966,0.357200501926493,-1.12007595198666,1.51194058123969,-0.0729862908742599,1.73342893716042,0.179335326606024,0.225585281499998,0.860069458551371,1.71065245966064,-0.460929602832045,0.13167367431825,1.87205239750573,-0.119946741995361,-0.324915955800267,-3.11820350549726,1.6326821159151,3.7380720188787,2.7173380127273,0.818962770979084,-1.23411203998211,-0.0612493093877829,-0.721385135822679,-0.979671355197603,-0.203859407790974,-0.0803590271831877,-1.02078870725406,-1.26273416544735,-0.0754173238055598,0.768231182331502,0.429805374087306,-5.19167443989218,-0.43669793536014,-0.881544390572664,-0.531643529727522,-2.14130477008035,-1.9492618552655,1.48952882738982,0.738418492468112,0.668634094007375,1.8410035598249,0.686097418748451,1.4727638922194,0.388261489356337,-3.22218874485279,-1.23359842118812,0.27624337451343,-2.05259667244104,-0.482468920508746
-2.26865862313486,2.56525829476678,0.671235957949665,0.27200800812875,0.836502828628608,0.729736403945106,1.14045998774547,-0.855907030931079,0.907717762196315,-1.03840592906264,2.58820643192377,2.96613271992839,1.45298626220132,1.12143741835267,-0.577847257395381,-0.559330891430762,3.61318587920594,-1.85132558951853,-2.65565974855881,-2.14288929934925,-0.541102224289094,2.63884845798574,-1.34661430823862,1.41821283886187,1.41003439766901,0.325141820662782,-0.204409185194964,-0.571432823224926,0.626812444984552,-0.207426825323958,1.34215307127841,-1.1092176370826,1.38472702372431,2.50755514099716,-2.00406512514058,1.02322699987554,1.699959453591,0.829987413146205,-0.55459519889118,-2.27934477184644,-0.313244616260774,-0.553049947256636,-0.685694515886193,0.723579473596777,1.54992172500609,1.5335443900828,2.32905871602158,-1.66060292404636,0.246372424648547,-0.264801182478879
0.975546617412802,-1.28427507037178,-0.485276836897897,2.04393857080535,-1.19379750285425,1.56514970732426,1.16247328553991,-0.508925976501911,1.26732390145269,-0.0798067044284378,-2.12424802446865,-1.15463685355884,-0.664527394528663,-3.1314758635298,0.670236151690645,1.15280557713119,-1.99658897953253,1.75369693414905,-0.00687701840592442,1.80880837992054,-0.0656966964526417,-1.86198079620664,1.51596358716081,-0.281499339012708,0.128004943330734,1.44568600063506,-2.05745203391015,2.04187072760498,-1.01944676184493,-0.304050357405137,-1.22086727401283,-1.52150901788122,0.818808484803857,-4.80025922626662,1.27561873466367,-1.58859906801205,-1.07762826623582,0.653553346871691,-0.209069121248248,-0.2873747423838,0.187320947407791,1.11847930803786,-2.06868088653454,-1.49520776875755,-1.92371018408706,1.23523350484977,-3.5052647454068,-2.04126655140695,-0.252060812227772,1.37776813792806
0.746635785122665,-0.882947374925327,-2.9326529175858,-1.19456141738226,2.36071352975664,3.32949584569859,0.657051676359156,0.67660731718745,0.981953004149912,1.53877545438201,0.729216557736548,-1.9694027495311,0.473855988659833,1.15015226478412,0.686785577779623,-0.64224920746354,-2.1440182554239,1.37164130561113,1.2365502392687,1.79371114166761,-0.502350487213369,-1.82659848554652,0.316668289770534,-1.1836026157341,-0.890270361204614,-0.136392690296866,-1.07936885555115,0.217746813549949,-1.28792719596147,-1.2376741674384,-0.169843512823546,0.8426558187613,-3.3932780933903,-0.260221113451875,0.647386136435515,-0.590381305307292,-1.37632671152029,1.26935508799169,0.708170114237113,2.00200468195988,1.89205890323395,0.647279646356154,0.715407756028111,-0.256575350736981,-0.626117391152714,-1.771741777053,-0.337243651424535,1.13586413860653,-3.38808596691059,0.180179867854169
-1.90164307511075,1.40833490099341,-0.62027889953567,-0.659586413587925,-0.646402313353942,0.648380479386837,-1.22588416036195,0.0996841380678306,-0.30471578890791,0.726488373112411,-2.52022959411434,2.33221226942454,1.69753415115923,0.642081680795471,-2.72389234337303,0.406470182957255,1.02980902235573,-0.65412087270959,-1.84162706225504,-0.125474002729283,-1.21924912005616,2.29227612321339,-2.09778595473177,0.109495265052856,3.46122882039675,-0.335470796406471,-0.89553235032202,0.676652157041418,-0.672450613113025,1.32615438029241,-0.944064040179625,-2.7077902262214,2.21213908421645,-0.859360714289867,-1.91662025710021,-2.15196692387864,0.32392362085607,0.189899750896012,-1.28095267385779,-0.10232032870462,-0.875199375205252,-1.35908341526831,2.02465371678327,-1.5765800956885,2.47895687625746,0.226885406625894,-0.46476667164449,-1.0826371322943,-0.12762530059874,-1.24846173799074
0.157996458045999,-0.613317319917377,0.377142520710088,0.0754788642071578,-0.990708880869659,-0.0881079079660488,2.03842937534024,-1.62363820978598,0.623824235278207,0.496886986128742,-2.7557491696878,-3.64328059550547,-1.49356004457632,-0.855820212770338,-0.633915812514536,0.258483790588892,-1.65354340279312,1.50194298224457,-0.137072936766125,1.05375252714054,-0.501104430912437,-2.42351118792637,0.295115937134914,0.557758419964556,1.01505435996907,0.623461467080638,-1.11704600038376,-1.09153998367112,-0.698458146140405,1.86480758242395,0.540310203440915,-0.118059247069732,2.69560941325285,-4.53354678654094,0.13110187103857,-0.0156015325139604,0.636689029155102,-0.433345044168364,-0.749167585653291,0.524904585134005,-0.819501219625693,0.700338631403157,-0.304482200662076,1.01359562787116,-1.53870079585795,0.481343122644366,-0.841661075681747,0.0402106846785811,0.142536734090591,0.678008259282159
-0.223568872137557,0.0983925646123372,-1.92170714356478,0.101568042011204,-1.58723740107379,0.584607573255883,-0.157813979419654,0.391690042518115,0.255266715591788,-1.60391621364876,-1.38478853027353,-0.449154571071983,-1.91905540608862,0.733097406558957,0.248001274377237,0.528025857423668,0.36140227847336,2.46412568246649,-0.876993306465613,1.7000193203947,-2.07266564141923,1.40026867624004,2.46262805437954,0.809665766346326,0.449276614863991,-0.0175448384800276,-0.377837833446377,1.91784843628172,0.372413745690784,1.39913347287483,0.875249715681622,0.98944060458309,2.10037491124253,-4.28901488359504,2.18100870561034,0.19264553981663,0.716414637423385,1.43047760307591,-0.128267617440188,3.64084904633535,0.977733533420457,-0.26033818586086,0.174829527475484,-1.79787323604374,1.91978333968436,-0.656608971595675,-0.0707384985618436,-1.29310206387114,-2.50965160019277,-0.761897667737155
0.447822781689399,-1.16704025021433,-0.643066899943657,0.890609713259225,-1.04225524093073,-0.384078253910775,1.4166887377074,-1.13978437613088,0.0126351235512362,-0.485897057497122,-1.24301122588153,-1.28878845074921,-0.335054495865098,-0.333677805538472,-1.07393482180604,1.34790970073952,1.25169493451279,1.43430794246758,0.599135595029748,2.79093211236443,-1.08210168042519,-1.08630824418662,0.778337393040528,-0.22238389031387,0.909480933437684,-1.24842393840838,-3.06803591517886,1.02504424332067,2.41130248481507,0.81411503370248,-2.98551100813623,-0.176967982697003,2.33696156892931,-3.53204478434572,0.506927032839926,0.567806619127779,-0.329439948547423,-0.686049830521447,-0.39257484098236,1.49666495188872,0.606471784394274,-0.283034959977491,2.88883423547536,0.21226606893362,-0.978708239422575,-1.33115264592122,-0.410858182897258,-0.768728129313442,-0.785362914027613,0.754596519625663
1.19167771063144,-0.125890844255936,1.85997503138598,0.522561936287497,1.53319222313159,1.08586758165444,0.236249811761184,-1.09305345560496,-0.325465918086207,-0.925375440701825,-1.33342951156126,-3.69015894747015,1.13544478660763,-0.287926321166188,1.09715571171033,-1.23706904942399,0.0282265670908236,-0.541883672433931,0.457932366803681,-0.289639793475014,1.51411035294988,0.00394278782585183,-1.84189544435812,-1.10776992094633,-0.167908382231853,-0.766194936208709,0.0735312009825343,-1.21847858092366,1.03780163454128,-3.20566900397022,-1.21098725072859,-0.159486789037842,-1.52329101793922,-0.18276954889997,0.0146664406377246,1.61715930682252,-1.17235104596781,0.0435358539453125,0.830761683308946,-1.46038548452241,0.0238182428568915,-0.849947897320335,1.09049615321238,-0.668522934839075,-2.1154442590749,1.09207434372404,1.03717420461054,-1.20316247769759,0.0996454535136196,-0.352501518830774
0.301797148132815,2.10648591756251,1.72355631635369,0.0919348963789002,-0.695604963658176,2.39201107315712,1.03390172417517,0.051412021600226,0.12082044497227,-1.15914480455302,0.955654779559478,-3.37872744548221,-0.882211805874438,-0.978383878235389,1.15432305853897,-3.01958248366407,0.351339570508937,-0.297135652934997,1.91893464281425,0.117620678888238,-0.60516274309869,-0.456139468922673,-0.495976083718504,0.154506219866671,-0.874681869800631,-1.61151323445136,3.07624085660305,-2.29197014264011,0.00353126410855209,-1.36809205620649,1.50462541848055,-0.19144738836643,-0.595781155318074,1.35699857394129,0.501690266257368,1.77873438244807,-2.339524413557,-1.74126173246885,-0.235985683904512,-0.468550123289239,-0.237438027132038,0.1737716014092,-1.21692930918188,-1.61372188365899,0.552882341974188,1.07964349112571,1.3403178015994,0.879217372680101,-0.89544291602529,1.269829255774
1.61158232327881,2.18431796846648,3.11709851228238,0.112904871323524,-0.234932689725516,3.55304980855578,0.430718142818419,-0.23684999045407,0.331711051600984,0.949339279560103,-1.63924533644264,-5.8820718634757,1.26023294553952,-2.01823749737023,1.3050058422262,0.341965652643816,-2.32506551182699,0.488163798395754,-0.635274033667347,-0.111619852540614,0.23432148643309,-0.641337219207279,1.07441350871506,1.56309338751308,-0.681622068779176,-2.89940374076598,4.24719306501203,-0.0819636175858148,0.0908930359202618,-1.07572644436175,1.17458088884982,-2.90614121862686,0.0536007258533868,0.683571546244704,-0.193910323545051,2.51460295535537,0.740678815754826,-0.841612501819236,4.51312895101,-0.177137057358839,1.26257031315814,1.16592884669275,2.00602075385531,-1.18395188681934,0.00587133368885484,3.39331226842122,1.71421128565133,0.223273658994039,-1.99720847286691,0.104401975321557
0.205592595762002,-0.708554472426948,-0.351716137744677,1.76890913080911,0.361557942030278,-1.66472048823934,-0.843157645096093,-1.96948685103593,1.28599624183576,-0.229559241530937,0.789144671872887,-0.56683004956307,-0.64236127655877,-1.16839870592996,-0.444877927005906,-2.41515915201498,-1.18216146353229,0.943769945541314,1.78766956379687,-0.575743253393102,-1.38465969117895,-2.38199281255057,1.01490850810913,0.837944254038037,-0.329267729813486,2.86684559225493,0.643275324521271,2.16983331968765,0.57466880799947,2.56602890759058,1.03823945896273,-2.57388958354839,1.2175051806388,-4.00918065867759,0.954175281409777,0.357302253444662,-0.430413244059894,0.387811530384934,1.83546757429754,1.95771550702728,2.60533554836943,0.311553608673381,0.425802680686915,0.682771219674528,0.0762144757944067,0.210230936371363,-0.404182223619213,-1.30818442308167,0.509811079118184,0.300956040506447
-1.60582564474678,1.70322207365347,-2.29648355903486,1.58333756132237,-0.00132820223223578,0.691264662171671,0.418901618338367,-0.345725841419768,0.753103731533711,-0.341330014462667,-1.90475663031486,-0.0652360372316004,-1.93870554117427,-0.874584329088233,-1.69442601396557,1.9140386312551,-0.345783767510577,0.716846163009933,1.46458865432415,1.20564170041843,0.945984807576512,-3.88060691865223,0.0578696563860134,1.68220751766673,-0.640325121412846,-0.19464989943331,-2.0571706177194,1.41443985956249,0.190692801579381,0.64915154432262,-1.18179975277775,-0.184345909560894,0.333418338088242,-4.29618333769823,-0.178882542333878,0.714933186953126,1.23384989429162,-0.352180383760803,0.113877476471111,0.724171193986395,-0.550148851756103,0.714258151029547,1.023605114543,0.192519022762547,-0.268587084419232,1.15010270649485,-0.571676215384134,0.581930983352989,0.332239509257868,1.8523947432163
-0.241098535356681,-1.26282822144467,-0.18701088565703,-1.07515083191752,0.461306209903353,-1.04159117546599,-1.89302510360464,1.15889623797716,0.792679146773816,2.67409453288344,1.20653344338401,-1.95604778594046,-0.0790364861819209,-0.673982220409743,-1.28361035617193,1.00928441815001,-1.16334142584686,1.79943361549536,0.653644979393416,2.25436855537619,-0.590359104480165,-3.37632871383832,0.352242075060158,0.205412984384231,-1.64708446141992,0.974137135941387,0.180944235214752,-0.6563484808924,-1.78983667843553,-0.645972500727177,1.80897977479948,-0.608823008471312,-2.52410385849634,-1.92652998589107,3.47963888156561,-0.0371260464350984,-1.05174408214631,-1.21940693493678,0.613190022503186,-1.50479829194384,0.793408641995189,1.20418100791822,0.469499888168014,1.84294492723122,-2.0217840963895,-0.506345946930052,0.464331445851411,0.772116375868088,-1.08479997354415,-0.8090308771726
-0.292866048273897,1.43847034382724,-1.23558116938358,1.32825612489657,-0.0304352060901171,-0.657185476718937,-0.145482238282286,-0.416756376336233,0.426261012674508,-1.49507909121577,-2.23178700023286,-1.79453043054871,-1.15811789915776,2.13923803781493,-0.337446823199605,0.676087191236293,-1.54482616819113,1.80729663877059,-0.749053548766338,1.7324985057306,-0.420424285415806,-2.01587328503492,-0.265594493040807,2.21649743376708,2.32254978341734,-0.0179854494834615,-1.05851943791328,0.807848060201153,0.26510763695277,-0.597976178908787,1.05307618702222,0.0941269519726052,1.80513774756782,-2.76796517023965,-0.167827035604758,0.478275964723727,-0.753584160342164,-0.797115529029683,-0.169709622625282,1.45518439488118,0.520020389443555,1.57818274784987,-0.0299390761499599,-1.10366769541769,0.0251131059919654,-0.24261447136223,-0.460575846754806,1.2179766164483,0.410334954256719,1.36206546615415
1.96757031074723,-1.08414491088589,-0.206409694969152,0.0895783820374133,0.924744231490567,0.416420089792341,0.0884756399977078,-1.63848935862778,-0.682189109800813,2.08732488781614,0.0357683119149109,-1.79145607359224,-1.46921990057672,-0.0537881321146993,-0.48382844630561,-1.94862269369703,-0.844147275069875,1.67461968306322,0.556526091102417,1.78873046947229,0.392674086495268,-1.46731540819914,-0.279867669222619,-0.170120434364322,-1.69158721140552,-0.473356481213011,0.293456201680709,0.401259870691425,-1.13132035382016,-0.875913965533575,-0.772749592288302,0.809982357286004,-3.90978631796256,-0.330739630128918,-0.698076352076705,0.118065114532252,-0.528387981815721,-1.43066759179718,-0.283438784214425,-1.28499944318215,-0.352845267355997,1.26545465851443,0.192998382996315,1.29256935115867,-0.832973127841734,-1.34315826372353,0.146475270397867,2.47982567251189,-2.05411040102276,0.404760813627685
0.851111473419715,0.170493902092437,-0.489444253914628,0.926528481210256,-1.08160026778437,-0.40956349547625,-0.190444103453261,-1.89178926708992,-1.5962925472619,-1.04205544240262,-3.90456879946717,-0.832180946334866,-2.83910171542752,-1.5308538497465,1.3352166798396,1.20003360537066,-0.573253007623683,0.625721086135304,-0.0420363530838796,-0.95556894484515,-3.25037180730358,0.255022988159668,0.170879658086459,2.25015278245695,2.35702429566494,-0.534221437911252,0.83129802155868,0.867437283643064,0.0839527020997354,1.61008719738891,0.810336596122694,1.86720150414184,-0.0985295367048288,-1.10509866105538,-0.85945071706369,-2.26834600218623,0.314532995356952,1.27408334468145,0.33551931287283,0.898930349954871,-0.584655277220325,-0.936925391400361,0.960596986618473,-0.628566948452094,1.55120320088401,0.93502985608548,1.86062974122988,-2.05504335427469,-2.03809281433876,-1.80088879920133
1.36162854638442,1.08916157422694,2.11394545776995,-0.213311125836424,-0.720775023654276,4.90232441362504,-0.148621126450601,-1.41152971325031,0.420127463151444,0.898401235911409,-1.12520441205543,-3.67235400682485,0.342196492808312,2.24361294543476,2.43830967680044,0.22007213500008,-1.38074513117276,-1.71971345120272,0.538506646211158,-0.0390487562775654,-0.356284163540842,-0.536583405170673,0.655638271011831,1.09163575093442,-1.73771991980413,-1.53453796997677,5.28084169449688,-1.59098280075233,-0.227690636999682,-0.456539758849932,0.157615443190451,-1.92175497784036,0.68727761832325,0.955579858630229,0.537015958085169,3.55997550995186,-1.13244999239076,-0.197908918746606,3.93836622112844,-0.847779534285436,1.11064199544372,1.27515343885979,0.118552372104361,-2.52709709424179,0.695007134919338,2.92074397778512,1.26409324277957,0.628755869249557,0.737278359457731,0.88579719796295
-0.213479400007528,0.981602013855536,0.0428219153888503,0.752911000145922,2.26888534853099,1.33831142974755,0.420416893739176,0.927253279053365,-0.955901024724781,-0.640405915369049,1.88439269991176,1.10518744294486,-1.32989279025409,0.866590659352433,-0.775944633391816,-0.168003976274118,1.99574785007244,0.0637143692235547,2.81910875787623,-0.874201104647776,2.6078979704853,-0.97171424503083,-2.8362385972381,-0.168915082836454,-2.23011816968743,-0.107205061189762,1.1223856014062,-1.12215006540781,1.36377565162886,-3.27324316170103,-0.716111526399323,0.467098423306966,-1.49539203417189,2.54408305432139,-0.856204252372849,1.04498284409908,-1.20904724891549,0.315135486839576,-1.2609998248909,-0.971184381473184,0.0524382706393044,-0.329270352456241,1.00082734490362,-1.36478979929586,-0.884189939570624,-1.00361848230903,-0.703991237078095,0.862020178301234,-2.37528837335955,-0.0940968957626644
-0.579856212350266,-0.911628121365721,-1.33981898075948,0.738016363456459,-2.47441128108518,-0.13128164496144,-1.43624973111248,-1.17313371414448,-1.3844525033282,0.436888314156589,-1.97604930901452,0.642239716831303,-0.142856574942649,1.78514098129392,0.989669136358532,-0.0294127987129827,0.495352379809621,-0.122840664588788,-0.322505932063706,-0.147720720181768,-0.934357584370639,1.03934067556814,-0.296819355105467,-0.519615974466893,0.217359977419523,1.68254463999379,-0.457751753613577,2.72340758850444,0.953623686755097,3.05582272332005,-0.533265406217555,-0.530981977658989,1.9820982469569,-0.0636155866374489,0.482361925068071,-0.48390711102521,-0.230358233635786,2.12794064105333,-0.834858901274004,0.269931331940404,1.40042438601594,0.0543478846348869,-1.40911864209671,-2.52060858229252,2.1862786754807,1.81002538795214,2.23922762837726,-0.910532307635261,-0.427061791887022,0.0139670767268456
-2.73804369249925,-1.55148770760492,-0.0941114945849493,-0.372042800811517,-0.767881571749691,1.51478132944981,-0.108889075886827,0.541893417987831,2.50015284969306,2.96363609280622,0.754816016477305,-0.133527839907747,1.23515851208769,-1.14577083023229,0.414306228743287,0.647004855449774,-2.77949066054636,-0.496851079132515,0.162057554837915,1.61952040464813,-0.341118428457863,-0.273209565564122,0.951581616589715,-2.11478156216193,-1.42834186979994,0.818178888070984,-0.67571545632637,0.769349287413308,-1.31733573638679,1.33758282460389,1.3500112485176,0.160718004719579,-3.08008439307314,2.58879467501048,1.20959817760851,0.132011673820611,-1.02219461628108,0.828183006959452,0.346763053966673,0.0215914390349687,-1.79857276782887,0.489179282226703,-1.50718909127044,1.89307867230007,-0.752724500970165,-0.155699026591843,-0.321982464417333,0.606539723294963,2.87554177681787,0.310986295377388
-1.41497809361019,-0.342397836264178,-2.47766737682146,0.44832363830407,-1.01448385371041,0.179857436158742,-0.194160881858481,1.25404229060062,-1.79237793424726,1.16414640693422,-2.41422019081442,1.66064261359631,-0.274878041904458,-0.37700310561202,0.160600352408151,0.334340901671488,-0.674292560121125,-1.38099028502391,-1.11741980948064,-2.22551054509571,-0.871726395895127,-1.25767560380548,-0.0473234674773037,-2.50222038233962,1.47304867760187,0.399621602705266,0.199865000691705,2.34362188345795,-0.730013299573782,1.75119848879351,-2.11779441481394,0.920619136318218,1.63359680522857,-2.01092823404751,1.93674163474975,-1.93823407634795,-0.337491628648204,0.588412505782213,0.57992222349246,0.819165113939019,-0.784175277746333,-0.245955204385783,1.29513160667063,-2.82467368904966,0.614088863490745,-2.4594546477475,-1.12514751359321,-0.889867200927931,1.00042975859013,-1.33643023792671
0.568573865944698,1.08513822659524,2.96642904408642,-0.533413422845313,-0.194368772150973,1.78971256442029,0.609992571693069,-0.603893871534698,1.1527774562589,-0.0925846444171584,0.633471010916676,-3.46618827865894,-2.27595483359769,0.251001169694832,1.51508763773521,-0.267389658895288,-1.30170047181291,-0.506948373523992,0.950994650668664,-2.45360105126958,1.01285015660701,0.921312246791894,0.062680301994547,1.38387092025171,-0.809721974813419,-0.971503222171406,2.17009990608527,-1.47897576754867,-0.2873099333586,-4.01569150707847,-1.67465202192615,-1.31262669817151,-1.65792495689084,-0.5034804019363,0.686243808746077,2.46345143559219,0.628557985625774,1.77370887929381,4.12184511396555,-0.386513651331991,0.692338907096763,-1.09196485811968,-0.519369097931551,-2.27928072995958,-1.54711686876745,1.33046220369517,2.1043618458494,-1.26394654066664,-1.72787658321647,0.735628675304203
0.983202626020313,-0.192800681486859,1.52102674021747,-0.773858524217355,-0.113572202265054,1.01777110858213,1.03078877094382,-1.03584899565228,-0.157444456290892,-1.57163739384093,0.12972241324139,2.16407603364442,1.17676173665427,-0.586739799251329,1.70018208262576,-1.21786062255147,0.565632587259955,-0.988434397184194,-0.530211542362059,-0.843808313012832,1.57642286776983,0.0397620128145464,-2.15465494368427,-1.5258227198564,-0.260643204480612,-0.682554041005442,-0.161101028343712,-1.34784477158633,1.44022414979959,-1.44392301464658,-1.31351432418355,0.515056307791193,-1.90142793229253,4.02765045133752,-0.0524553667560094,-2.15853254007666,-0.480815973192662,0.341642309434992,0.893213430500712,-1.28319523293747,0.598359111811264,0.0122339213969291,1.36053142742904,1.97352452951157,-2.48656717933069,-2.16444204841177,-0.857243392764821,0.0865148478893915,-0.268211369176084,1.4849661508071
-1.15869605643419,-1.12126407080692,-1.24626542871599,-0.247739548711141,2.54394175814459,-1.13158186304602,0.569510459933833,-1.91312233455795,2.26551739993606,1.10619845806472,-0.610188139185743,-1.06359180975368,1.19208888940136,0.0475964470010705,-0.027163222050816,-2.0153382003729,0.398141646461436,0.723237126917762,-0.644864490405432,4.02958627965291,0.373083288529316,-0.928873081347632,0.383752682493794,-0.49658990412142,-0.132407710298713,1.57104711759899,-1.0502515782963,0.363741013406363,0.179817684690617,0.924800155423083,-0.0430727596009618,0.0930920348110782,-1.96871555111339,-1.68934058839858,-0.293294597827402,-0.248827027719318,-0.571950203159959,-0.554103188655882,0.145651318513322,-0.0107414878672884,0.455317038216035,1.05630412514592,0.509566059077484,0.631159975083482,-1.82221918344311,0.796037583435036,1.49195037322231,0.560931389311446,-2.65086963661433,-1.46106097695779
-0.165279365631582,-0.746410773272962,0.174577092520881,-0.291651809016486,1.15668802719541,-0.4974704396286,-0.452445436882897,0.157594533014421,1.82256241055866,-0.353039850028019,0.62659062174911,-1.44513605236675,0.975891045106002,0.747658614189904,-0.109191688604702,-0.855547902305728,1.22458130050375,2.03986477030201,0.862929637338562,2.73469660966302,1.32677151042154,-2.21436641530228,2.04888406049672,2.01426625616276,0.360380573240709,-0.550151790538104,0.234117666495388,1.49440840095064,2.854928031463,0.220349195868382,0.321440852843322,1.16650832422938,-1.91358729955515,-3.63266457351735,0.568273276775413,1.11312863787727,1.15375352581787,-0.399887026867948,0.0798588214006318,-0.652502762641523,-1.7147061951048,1.03796624688415,-0.230599108250578,0.0998182198206886,-2.18349416426809,0.103195442339424,0.693085844138186,-0.148234766441398,-0.247178216189738,0.490036773252529
0.104245581647992,0.646429309416224,-1.72840391610871,-0.389516168821283,1.03275845325921,-0.0521886494605581,1.48010457499296,-0.586101696505661,0.107273713798869,0.300415523780805,-2.13265114587749,0.150199228895639,-1.48957453528177,-2.02626333987726,0.841258079630868,1.40418815837535,0.305891228129883,2.41027556786637,-0.864078617045803,-0.649445424300872,-2.37574717492119,0.575874029708005,1.31376404348384,1.48146530927972,1.28217042699404,2.63814614506079,1.09014464460308,0.921370557380699,1.65099251033684,1.96880481445207,0.814954426508714,-0.08258182892337,2.91323513872206,-3.57580820011523,0.690154869311885,0.722032519817216,-2.46671147448824,0.611470191408782,-2.47169200831172,0.990402002663607,1.96837918713018,1.0815191204563,0.559184447656602,-0.327241058038572,-0.955797155597409,-0.144462467405001,-1.24816298226265,0.399100070281352,-1.41075285231783,-0.468549549567313
-0.0978352976264693,-1.21674500046524,-0.994524077408347,-0.729192351587409,-0.470590415345955,0.754335970036079,1.20180550534398,-0.234413280888315,-0.754856906811031,-0.255666099031155,-1.04263318923803,1.45231302031367,0.0154146176688939,-0.421278367909387,-1.07766649445112,-0.761968475435234,-0.107798457622576,0.0106516676561039,-1.21670490567603,-2.22394454874032,-1.76497940923555,0.133335192792187,1.04045098285856,1.91395289852247,0.487506855640954,0.528393077854522,0.482085010660037,-0.192876451596436,-1.1927181314452,1.99295654618616,0.749711025781266,-0.114586349755689,1.21366292220513,-1.79960721866014,-0.559449489069976,-1.76748613249822,1.43576506062406,0.214136038365122,-0.715878482001452,-0.540219015900847,-0.426752590281177,-0.248109937962467,1.78918806197287,-2.02046659267706,1.16726164814633,1.90951050116435,-0.702619580851495,-0.614337671600167,-1.30254795715411,-2.28050087742533
0.649557114527894,0.59771834688138,0.647415604190742,-0.132400061745891,1.15622788076338,-0.440365155227819,-1.06337971982218,-0.549542619574971,0.393263498982933,-1.5421634516355,0.673956446855515,3.00816759222075,0.993917393648814,0.3124285166589,0.0173474671418724,-0.158693980229175,2.90912006552654,-1.20900989667008,-4.82391694754759,-2.01083095681217,0.827146903212834,4.10637493553761,-1.28410642820648,0.0836538733298387,1.005998764547,-1.74828619843793,-0.492781261760964,1.41544593289224,-0.598234196941122,-0.560549972548525,0.384454933868797,-0.983365984755031,-0.886757145768599,3.8024277725121,-0.15687295730031,-1.01556171462742,0.765264881485666,-2.04760188665437,-0.702350691157031,0.00893042952791105,0.568237153830114,-0.360653291945397,-0.0793316891160408,-0.503737605165749,2.09294473302569,-0.824644299510678,0.538006816643035,-0.684513274122474,-0.317386184627983,-0.891678489741834
1.25918558003337,-0.287390422629805,1.16193459246121,1.18482135837127,0.487608704931961,-0.745890189174787,1.17616023439598,0.210377649948358,-0.451645269370175,-2.30149711914963,1.00831638683945,-0.489623370671659,0.529581675805997,-0.471321077925809,1.78192328322225,-0.733619954196702,-1.91625714321514,-0.202888141621379,1.55855486505331,-1.45603698598309,2.24987119605623,-0.0863106326624655,0.0582150311996424,0.884045191594992,-0.966240948798525,1.30402435005854,0.248709252654603,-2.47293344216638,-0.302198367078465,-0.804284891666843,-2.31397885388956,0.364661919214987,0.282784399842931,1.6619200879809,1.22533215428257,0.419054758316904,0.527455457273599,0.911546840828571,1.52938950005794,-0.954669873743051,-0.297816254388198,-2.36958445560137,-0.00567864967456141,-0.22726175744613,-3.72241656046194,1.60220172398968,-1.46360870675629,-1.14568458649759,0.0112217500828524,2.02026806315328
1.12815867492304,-0.920162989067173,0.231963750607212,0.0822687790764143,-1.66573681646679,0.295534137572115,1.31306816044048,0.58665548776449,-2.14215756762719,0.00842054307926049,-1.25495043425622,-1.16952933362251,-0.34013230804685,-1.25572603970566,-0.569296967001818,1.18734510861378,-1.07128749338543,1.43334067446864,0.255494458251056,0.59946992656429,0.0239135717272467,-3.40055705535212,-0.942260949748467,1.18062885452083,0.121869976993165,0.439043176722258,-0.119588347702272,-2.10464359578476,1.10256047869235,1.06358537829904,-0.351352379784772,1.47131805336996,1.0294659588765,-3.76436448909948,-0.174769104862231,-0.749674657455015,0.354465726911253,-2.69721036033119,1.96535230606285,2.6589692142874,-0.591775533273691,-0.355511061687119,0.516455526694801,-0.466711789498486,-0.867624522295981,0.301853032994144,0.0782151209065671,0.536521987575485,0.14911698548954,0.796854507935382
-0.877511990378529,-0.0311234447508769,0.963465619902181,0.50145641642579,0.089912922665894,-1.04628891419233,-1.28247357852004,1.67629434644661,-4.1700410754072,-1.66620216169775,2.49248185438887,-0.646356364485581,1.583295578167,-1.61961286845935,0.749550614474302,-1.45902405603366,2.11081130694668,-0.132005302070178,-1.90314787979467,0.153047719174501,-1.52261250521547,0.85522503751867,-1.12307190581066,-1.61700426016868,0.529040341885588,3.0397270587501,-0.910690317277259,1.37058104582684,-1.14151985945069,-0.793135412384142,-0.475691505115634,-1.56307511479443,0.872495484409645,1.53475262620569,-0.0747247330747115,-1.9645633464272,0.116912824371696,1.3359586907607,-0.343578154912148,-0.175540737650384,0.143558483632025,0.951260999403215,0.498698990377284,-0.666669295115291,3.22407451871413,0.202347889002351,1.58737276418216,0.848547807771313,0.75132543879613,-0.861498353131205
-1.31152138038833,1.49255998032564,-0.282510230547321,1.54938977410861,-0.145901300039317,0.551316629683882,-0.313506410352485,0.071500817696565,0.138594161537981,0.0569648750718725,-0.397788513385496,2.00670778407847,1.48821039481381,1.64222413641942,-0.340889064314945,-0.0530963257061244,0.465249371243227,0.16979561987057,-2.1491638519874,-1.34670145522345,-1.46156272620145,1.19670852830918,-0.637243735543944,-0.232360032410604,0.327515030230103,0.42455718801433,-1.30775501153704,-0.233812681045579,0.700117781559504,1.99920986945204,-1.21103358927106,0.519730934399831,1.29090825447908,1.86480723775703,-0.245086480820305,-0.113203775975237,0.770840928841725,2.00020784528884,-1.47541579968131,2.00946046792775,-1.63664474910588,0.983681653047124,1.11916045049606,-1.4917748660013,2.43847686481328,0.92939048383753,0.724538138714859,-2.21833532330354,2.49991534783266,-1.31423663845881
-2.05268893517572,-1.29072601214224,-0.628690039705305,-0.623236851213952,-0.826845746986713,0.278720604323084,0.465022150907248,-1.1190369385199,-0.402620326438899,-0.472129049906203,-2.71889660690245,-1.377971767377,-0.825267789759623,0.078388844690553,-0.951565302326057,-1.53444145854773,-0.90420432847795,0.10337549239411,-0.631217737287506,3.47315061183801,-0.930559382337519,-1.82689427041632,1.12245574540053,2.09430856401503,0.576123648415987,-0.333139140027034,-1.13855311534093,1.4993863009175,1.83655329521957,0.860835646742852,1.09650251131515,-0.494088266685019,-0.619966406495892,-4.00153464896898,0.86142377064477,-0.99747547389812,0.432108251092388,-1.14908507599878,-1.08846338771813,1.67060916460054,0.61857213393536,1.27523978929461,-0.850626705042143,-1.52182224504561,-1.19902629222746,-0.930063203813362,-0.952199788490902,0.868454014618567,-0.0235566117262355,1.12978783314924
1.78535476950351,-1.94531458143265,-0.42162210174179,-0.954026752151049,-2.29419687075353,1.59398637483803,-1.75069828061395,-1.65738990971825,1.10680500442338,0.323424876960516,-0.503318922086949,-0.172128466347027,0.522854084260673,-3.26112999062066,0.503022821229557,2.01240924577813,-3.24809226661997,0.285302447325267,1.07127114565936,-3.39844652464326,-1.21257014113008,-2.3948188387707,3.31932230947095,-2.18917043236538,-1.89191182681378,-0.700746024093803,1.70517061853114,-0.0636053899215613,-1.09941469629444,-0.41426790923922,1.12829225198641,0.0579403043628755,1.1927936157107,1.62155628402818,-1.87388988537477,-0.334127883932815,-1.57254523941453,1.42518548371656,-1.55312063517713,-0.743858614220709,-1.69607478872571,2.17587852833913,-0.133219777064322,0.420339486561536,2.33660258141321,2.13972724290039,-0.331562425715558,1.51152784007421,1.47598902541868,1.62344071780928
1.22483570482893,-0.196873245961534,-2.00410996907376,-0.0190401715649722,-1.56148517478512,-0.227943072292321,-0.406073862235058,-0.773164640303378,0.352000966655662,0.0365085570622511,-0.111938530654081,-0.581705759412897,0.72048287367789,-0.601858496550886,-1.32828103163943,-0.247540973928383,-1.40032796386392,2.2149803161646,0.58984329480544,3.45869090384361,1.9817987442351,-3.25235339387267,0.0987131971799938,1.75617560544235,0.467739909598609,-0.935607342851728,-0.965031865858742,0.515160593657838,-0.103280175984092,-1.2193952071234,1.12741925836083,-1.54400836499511,-0.532283485682482,-3.52973526852156,-0.376286733025333,0.116888595455042,0.175159204453669,-0.606524115013476,2.06170857865609,0.78179120968387,1.58604668176725,1.39407760748203,-1.44288746425393,0.490584282124887,-0.265637243774923,-0.791326683145307,0.588045435330042,-0.201261068805185,0.179325055628445,-0.334713921935408
1.3786697529316,-0.0865083602189297,3.3873641461455,-0.291175453139666,0.555159822021413,0.231867926586008,1.196584201542,-0.997805877064287,-1.68305900393384,-0.132639350367985,-0.410647415840238,-0.186857166738125,-1.20608390363254,-1.29181653079058,2.19362306725107,-0.176810315512161,0.203049435232013,0.772900342421852,2.5587421783448,-0.94921444426238,3.00959142456201,0.914685737371583,-0.332312220406982,-1.49392044206188,-0.90692931704562,1.63044304062385,1.00284211213563,-1.62498696699881,0.58082523231675,-2.78616042750893,-2.87925463971702,0.189670910847824,-0.183511826057593,3.59766815967958,1.61620612788016,2.06043678660041,-0.502206273619158,-0.829820793162079,2.01514970406834,-0.967577327658424,-0.172273371042166,-0.30534819241219,0.908765492183479,0.519077857538554,-1.54915216314289,1.16068684661415,-0.851522609211502,0.715234685287945,0.802172486366006,1.05585488898766
0.575712177603659,-2.65530025013263,-0.677366895366264,1.90776198966747,-0.259588858329568,-1.5354156902625,0.0642338184800475,-0.500075183990168,2.09810060320619,0.0251977167159666,-2.97040931543541,1.74988189971412,-2.14695685350077,0.877126748144469,1.13132992641331,-1.31573045605899,0.968259199814267,0.543625652480956,-1.21631951619815,-0.626039028734161,-2.25991059066672,-1.40003565355964,0.402023522640766,1.1349974201417,-0.329317791242376,1.29935991870793,1.78738858097311,-0.359953701127941,-0.677398203390746,1.01149738100616,0.413811851968366,0.0466755476552089,0.466079991653054,-1.64104426916817,-1.98690005088154,1.04851265100568,-1.49908170672156,1.03457281512111,-2.27878415604067,0.4137277339938,0.0130636802341439,-0.0414063216445204,-0.229564324656503,-0.847155866141786,-0.102983095805815,-0.911281763181217,0.0326465291072874,-1.49335118941702,-0.174576589013359,-0.149979024139139
0.522055953761437,-0.855271658119208,-1.00433105236276,0.138755407480582,-1.65369507985645,1.12448961205631,0.112365710602875,0.341501295522692,0.497000927842778,0.671076432568698,0.018655357954877,-1.39125029670925,-0.0544425624805473,0.280921186597273,1.83526106242505,0.687762444311091,-2.27017859342157,1.55955911322568,1.4341286713409,0.14648607560376,-1.46080216578048,-0.520075174754857,0.535829036865445,-2.35911296962119,-2.24379407976011,0.347368416150579,-0.0528003082604288,0.463256959205199,-2.6384239215832,1.5258463846388,1.56974094678877,2.62529030852023,-1.64895607866775,2.52778480686676,-1.76117092390644,-0.930745473922147,-0.307536927498681,0.29744008497656,2.14627210073987,0.00849279170648646,-0.0202358503534007,1.22501836031734,0.0575507182046782,-0.575919536361902,0.683659817757102,-1.61161253951178,-0.71683251130765,0.650149159496963,0.267071675472034,-0.589028899477957
-0.126727918235375,2.02702769058132,0.250923153467414,0.677842268646404,-0.20064342265183,-1.25582028411134,0.512884180056967,1.22478072910844,-1.4210972157277,-1.4673647970626,-0.511519423782931,2.15081526463947,2.63301030540402,1.41867834827781,-0.633738695237112,0.36815660581531,2.16480620192687,-1.43275974488074,-1.56118194340067,-1.17257699936818,-0.580386455673434,-1.50767864160012,-2.48497289249766,-0.770384986897466,-0.182860934690916,2.09637800726003,-0.455911687845042,-1.01668736968643,-1.22950133344532,1.37512223652489,0.189441524590939,0.586243367649523,0.0411441927785387,2.5227645213271,-1.16468921086374,-2.08602127366318,3.90959160546194,1.84700742587324,-1.53796624677935,-0.486796714877223,-0.693407194698377,-0.16842611440255,-1.33556953495498,-2.16809056359198,3.65955173697839,1.267035858915,1.79504536536458,-0.950694189930594,0.43747724346402,-2.25005896353643
0.383248202523608,-2.55860710986153,0.215666609453682,0.360466168045148,-2.98238172613379,1.08821253865055,0.0874383708701139,-0.296847227690395,-0.31920229541363,1.82947266151045,0.00197639298262144,-0.863243104297234,0.111563336377117,0.42625256029878,-0.186498455720965,1.81335812900099,-1.55725755953839,-0.718728377735564,3.11482766535473,-2.29263773578554,-1.85667366103259,-1.78213005774789,2.50391844715136,-2.09489985550253,0.849936941348262,2.42889262492748,0.336132597505729,0.611415284902328,-1.27529087307468,1.04516169283659,-1.86157099571593,-0.292790759985098,0.56493290719002,1.36937256912302,-0.604400267105066,-0.658736318045505,-1.44204619975165,3.07220609224383,-1.25650071847899,0.072355481785642,-1.53839047268436,1.75738908712998,2.71477500109572,0.368430801253286,0.997056093788648,-0.986978454118037,0.74724692405567,2.91966359373704,0.780483173324724,0.486389899186077
-0.472925856070505,1.0013188784641,0.0905801135734923,-0.695523668257783,2.38717601371799,-1.18181758875794,-0.814744974355121,1.76809697003647,-0.675957866056817,0.47984374837408,-0.739801170508431,0.184287678778532,-0.391903239676514,1.02817513499392,1.6701772758442,0.112201815082402,1.41488797704993,-1.39085759133448,2.78064924507219,-3.44502112158704,2.45554692707875,0.675229695864223,1.05109085900776,-1.14544989738912,-1.13114384604221,-0.770160350112621,-1.15489520807707,-2.24590476482699,0.541933856617005,-1.64952393102221,-1.60017290665361,0.421706228640109,-1.2543564231059,4.57338914823564,1.10551432752494,-0.480216414440314,0.886985368567258,0.163409280277271,-0.587636656651328,-4.36165657074721,0.601271135153832,-2.43134462763967,-0.835392132423472,1.69949417812243,-2.05033815680187,-1.89823779512861,1.2032595506431,0.715106691206983,0.634383863961982,0.917128138194204
-0.972865501350749,-2.30430366794123,-1.02788245768294,-0.067066841401808,-0.729806011456606,0.277428098177739,-1.41899111258071,-0.852972536727971,1.65547569404427,2.6337144818034,0.528097525627666,-0.584832559104071,-0.700953975573621,-1.495835176753,0.493637735155043,0.100585339662187,0.194896321841397,0.594230056837519,2.92449655017384,0.956075322401136,-1.4855485890895,-1.97389144340891,-0.749527635463345,0.595495630519775,-0.672785002874624,0.684946998540077,0.822320737940421,0.822817291320645,-2.02118384922235,0.25256026740674,2.17830865324727,-0.257764836042534,-0.569756188857984,0.11144434473943,-0.142677224526755,0.287002023344606,0.451006818447883,0.108178522894614,-0.818171888234598,-0.452086977286512,0.791451487047858,1.26689179662869,0.295317720620018,2.35433242876423,2.06139232920046,-1.55339795160155,0.820455456958025,2.06104151784911,0.2099657947832,-1.16209305926021
-0.802281288547943,-0.511748912967201,1.02055196708431,-0.543509248801915,0.179858581881695,0.707416949719884,-2.16992284310225,0.698413205844724,1.21258248025343,-0.296363054688421,-1.41534316268738,1.79332309008444,-0.456489569285498,-0.235717053588071,0.169555895228767,0.0917166451129286,2.01594786284991,-3.20887296835375,0.189599360846723,-0.164219201524978,3.862447978371,0.724294971109679,-1.0241898719374,-0.252363372366709,0.857789873175284,0.334614504929023,-1.19677291144508,-1.42233217608252,1.46768721741861,-0.799548691021176,0.139252659435333,-0.98604401617268,1.05540675529936,3.23169402302303,0.676033588183582,0.909500110850297,-1.15880385009033,-0.640931715234193,-0.293669278681016,1.76853482947038,1.75466954472569,-0.343146999294876,-0.399035184118297,2.08713226032038,-1.37560925744708,-1.22565541864797,-2.01022427485645,-0.705232240301436,1.25408555496621,1.76233268823168
1.23198107614893,1.43462016702363,-0.609663820365244,0.241901200875739,2.33598312966523,-0.880306160618001,-1.11561504853077,-0.133892935747196,0.306430495481896,-1.26358667230774,0.24202901278846,3.0577967494101,-1.30102339370148,-0.546602513426134,1.41851884095282,-0.610618390646732,1.62511103835736,-2.59358712984142,0.488532228556924,-0.428211232402194,1.96859530956489,2.57193286960344,-0.0752232366583824,-0.0538927252832729,1.87154247526059,2.09682142883705,0.266852876135141,-0.360106902500274,0.484265576174986,-1.51710015725077,-1.56888503201885,0.508861971398184,-0.833951376647843,3.67673942462248,0.843034819388231,0.0271469691141654,0.437981177854056,-1.39097526181404,1.63800094313222,-0.758753446627422,3.46491018654462,-2.31187769406585,-0.0306075793819277,1.11347484277063,0.0136291705987258,-0.585679527279194,-1.30989688467479,0.0341467058782283,0.284325242547106,2.34348141307116
0.095091448013676,-0.439585660259699,-0.933242526042957,0.0830951091790835,-0.0544598546727217,-0.461660377442511,1.96951477687122,0.850772461497804,-0.65616514736788,0.378193612889821,0.505463729208192,0.361191773599768,-1.92361254880189,-3.01310171983308,-1.20439698906277,0.0839089905787549,-1.00915214493113,1.48924068496003,1.54252629700278,2.85764505595154,0.834668301481466,-3.62206517210852,-1.35874162492045,-0.261278868773492,-0.839840771654019,-1.64127233572692,-0.200637177165778,0.0312950771553716,-1.7394020018617,-2.09453220817981,1.77332575863383,-0.0472646732999244,-0.644651985684814,-3.06334365422593,1.02639930030895,0.399609463821771,0.53091791668048,-1.30324838779805,0.482914210545021,-0.875149898810215,-0.115529877327085,1.87837125495731,-0.588376773277432,3.27897406549837,0.211711465326719,0.565369076994743,-0.188858682855583,1.38141831340602,-1.41158689683091,0.422125064086653
0.52945830932571,-1.10298490265284,-1.22145380312661,1.10950676449201,-0.0709200534094239,-1.17486748898397,1.78307429029313,1.33285279920815,-0.532447529787817,1.67783460169426,-0.0145395519424607,-2.57463693172992,-0.471749878704223,1.73075915701811,1.5613164484506,0.716648622649474,0.440610924103866,2.07963223347998,1.45265607179305,1.97147410777285,-0.56816004420887,-2.40970962910452,-1.11910148965275,2.11611201890994,-0.141918343353545,0.418880880318513,-2.23396070293193,-0.331667341792208,0.277626253924739,-0.314318152152671,1.15579234401954,0.613559196714545,-2.17959668251432,-2.34204656492335,1.42665235519172,0.803453918937047,0.639693679700549,-0.665121976537381,-0.161953845412549,2.36431672354625,-2.79456297061873,0.670507519721067,-0.951116566465487,-0.0294539671384039,-1.33332553246865,0.714853678202898,1.65409667402776,2.48359228882264,0.324461959969085,1.03079848750348
-0.632837212892692,0.143544907120813,-0.499290820574484,1.2238334680842,-0.522515852949164,0.476421144296259,-0.317617854098464,-2.94177309136183,1.15031409364613,0.294932959557728,-0.729643614647814,0.0291018949090605,-0.249393742227557,-0.0802926665378438,0.202863038759782,0.567884425712852,-1.1428813695695,-0.380229858282067,0.721831762968656,-0.831983272563459,-0.830816945263724,-1.59344308685291,-1.30416603626371,-0.448547652928728,-0.616851341517076,-1.85867901051534,-0.325020679031257,1.1053613608596,-1.44726650468603,2.61821201916824,-0.146543511309705,2.56286257601018,3.47043553092652,-2.09721960163433,0.610647884095344,-0.0362604402683896,-0.199767017133276,0.897894779291032,-0.639720204393634,0.252293020201237,0.771498456563249,0.80767051069422,0.617499389143167,-0.65314939023487,0.0281955041926362,0.121314814992034,-0.562652399300286,-2.1223424314062,-1.68885865825219,1.20427478067764
-1.54694775611538,1.95193262590702,1.71311946661714,-0.772559135277219,0.22394631409049,-1.86530786532647,2.1562789877319,-0.745444084352103,-1.17121939318783,-0.897498607166195,1.68607828604806,1.18359866013548,2.89939416540047,1.16155586127815,-2.18862700515634,-0.137590073394587,1.97252547472502,0.148751431774681,-3.28029397480666,-1.32115359980767,-0.506210929010386,0.601957067528599,-0.00540811093289861,-1.457047063467,0.836672128818601,-1.15324845069542,0.188859356595083,-1.02983066295091,1.05337386921595,-1.36664477464575,-0.680375664014172,-2.33602653611771,0.840429154859145,2.94321527925883,-1.14446432443598,-1.492610088907,2.29118588714843,0.779864592027285,-0.85689824821807,-1.3206047032684,-1.74305468385538,-1.07061926023621,-1.10073327008912,-1.73572733045127,2.11917924711793,0.268194874959638,0.384761317204119,-0.52501029028262,-0.720245807395912,-2.40840239460104
-0.00830533277765867,-0.965182755897863,-0.947669846341397,1.15135966296059,-0.5853024892115,-0.109256214262602,-0.0385812966734676,-0.0256217398578175,0.767105283950714,-0.903013798775102,-1.6444599131334,0.485280383350508,-0.197928306800577,1.47022845829709,0.175223162085967,0.897614484021354,0.785497890069974,1.02480811686862,0.79989432904224,1.91866711334623,0.126538374303276,0.116032792419866,3.21498437799698,1.32915011739291,-0.589053616362252,-1.07363524342434,-1.79756492660481,0.786796919850567,0.428870164371016,2.37350231423671,-2.12667027602758,-0.6205053168203,2.66968724495776,-1.71360118122593,0.782040207587602,0.824005817758417,0.614962552014933,1.82587925552447,-1.84939525864117,1.4755222013246,0.315793228064865,-2.43157603109578,1.56998688695854,-3.20559191631813,0.102545177481173,0.597596646836356,0.500518217241761,0.156059245464358,0.919012943612102,0.317580604319879
0.39204670453278,0.492968718667337,-0.66789607798876,-1.73544792831971,0.580759776358868,-1.45981514195163,0.595478204921968,1.90504229793799,-1.01304937926267,-2.40898126556304,2.86646805219467,3.67615025098955,1.9220963756461,-1.07165995109985,2.14831320218875,-1.25744950051203,1.7139533452082,-0.956873771960368,-3.87939494431448,-2.81322987925608,1.48124551732898,2.31031797440539,-1.14623371965099,-0.889708263403881,0.457169718021263,-1.61949788233749,-0.486429142582037,-1.69683073966731,2.74565511141336,-1.16272712383322,-0.0494917577941256,-0.800998951969821,1.21093886109808,2.17037707059803,0.707131546405172,0.555776147432562,0.0680392391612213,-0.427490418406903,0.814454062719464,-0.745452089377046,0.232291710506967,-1.62594594904823,-0.77935636442725,2.77902306350572,1.19969787012751,0.0631784258220003,-0.371635348972273,-2.04435908195989,-0.311746864982023,-0.844869966363234
-0.158035414825183,0.429408039367959,-0.828167476654327,0.986510428227187,0.865525532347967,-1.92630081863792,1.1339147996516,0.0969299718528976,1.09344430320148,-2.20998539894992,2.63815459387788,2.33262175326047,-0.0550216736102782,0.433171991865057,-0.941441903706797,-1.74747307411382,3.70575970372093,-1.1036416718031,-3.72691534390435,-3.68117121453352,0.901783522123106,3.65542945749649,-0.885946422999115,-0.780983258138368,1.52529983523197,0.521184674740404,-0.938504094396381,1.08707930710716,0.413721093386551,-0.557783556850136,0.177822303467331,-1.37897791094991,-0.219000114528022,3.17383537553216,-0.955367229678825,-1.91817976588958,1.54278496533243,-2.90425656961862,-0.364387050026963,-0.686378848959379,0.668302100306498,1.98198282662755,0.227283382885419,1.87684594203682,-1.3744344505903,-0.998737761211685,0.216279547031905,-0.10982979298198,1.40086710763794,0.892928648108968
-0.716894581742016,0.0917811483576864,0.815181297660196,-0.882986882909051,0.333250490488016,-0.404815212171237,0.296591805406861,0.115394914234794,-0.841038877526802,0.820425204426635,1.60524579770898,2.74241439552728,1.36816496054622,-0.505740612643676,0.696788321578958,0.34852086876848,2.79477080144239,-2.79831000279915,-3.62170305840247,-0.816892163956355,0.808026072961454,3.41586512841061,-0.327628011457602,0.207275712581121,2.5499909784881,-0.702852945598194,0.183412562449998,-1.37217142340216,0.725329160722001,-0.478536973670772,1.0762600339358,0.350755601326715,0.861595332346555,3.31830619261001,-1.15603729539414,0.533452217030803,-0.0867731616494729,0.186144679418023,0.404332698805299,0.238086853654787,-1.14498187269849,-1.12871283941656,-2.1089463610726,1.10013531737158,3.18383441091592,1.62213197823567,0.917001563149072,-1.17195517336235,-0.650023333434069,-0.718148138434618
-1.79224892186133,0.415608968948258,-0.694986697715548,0.907810369038229,-0.776427109693082,-1.23504362994493,0.186031048231845,1.95826663960076,-0.869788920118417,0.0217305404949941,-2.16702401893995,0.329625775988514,0.875738740766912,-0.534395882534016,0.429908285058904,-0.951917736020546,0.311382294178477,-1.93151420790371,-0.948368599861638,0.477397538259128,-0.664925899094876,2.52340104491374,-2.03936144468235,-0.462858890157961,-0.684686263009072,0.687650013019875,0.826278409351752,1.21503712225684,-3.32297797013849,1.13894485107785,0.697733492916347,0.539055672727958,1.70486936582359,-0.0524167760827431,-0.780850157473012,-0.0275536799071588,0.0350966031293697,-0.473609013766935,-0.820328569702347,0.731942046004833,1.22673105949105,-0.126228112453748,-0.415642869654097,-1.38614051937772,2.57291837447353,1.24099006820897,-0.640665066213769,0.202640543869675,1.20646084983683,-0.93663303783081
-0.855155625570239,-1.16167887793772,-0.869758743518067,0.0602634398515937,-0.743600221786892,1.5262920870017,0.718841591225008,-1.23307840509502,-0.219408208939714,0.765901456655066,-2.33122239914408,-0.39717617412209,-0.415993001697927,0.236852082227428,-1.27546086949631,2.09017742248155,0.579297343072284,0.47817616036378,0.147473684725303,1.35334563043879,-2.23689611829555,1.09943522352201,0.25691870136154,-1.1350281532833,-0.370524142068745,1.41956805600743,0.899390475278147,2.48040912634339,0.329506844372408,1.93778316807992,-0.0641940615778774,2.68516598692255,3.01972830752362,-3.00794140479149,0.970638584708276,-0.683687056019481,-0.416619280225284,3.02441539999282,0.16443607842879,3.2853061973484,0.679373797831111,-1.14543102800035,0.348619725635965,-0.825094063338409,1.93101305858533,-1.1520753869706,-0.765961784103232,-0.101916155400778,-0.603890963839693,-1.2297926244134
-2.17704268164532,-0.108306482087156,0.340142581337686,1.01487022873005,0.621377590313232,-0.668017617965482,-1.66031893046573,0.267492350807156,-3.36068588550837,-0.619344098255965,-0.268489154743,3.80221259518021,1.82437019527068,2.58855968102497,-0.275920200572892,0.634391341679777,0.372894606085859,-0.368593406441516,0.164731211781846,-0.966924214720934,-0.770158713224245,0.509499743728989,0.564904687990073,-0.273389642238029,-0.770271382523817,1.45397145258434,-0.758481006122061,2.53697593752115,-0.379007801968277,1.76917633202744,1.0536777445891,-0.35357778075181,1.64411929232133,-0.23378076204267,-1.15913405134716,-1.15024188104525,0.866430512169612,1.35702485228712,-1.75121095970159,0.740001256300235,0.651760298672116,-1.30810829184257,1.7086698456544,-1.48144153554661,0.996376554248554,0.732952086607156,-0.932965511078768,-0.87540951912547,-1.07585171288968,-3.69697908037406
0.857140604130323,1.68831599892199,0.101188739369652,-1.18116488327627,0.255980318126619,-0.818152491507647,0.48234376194789,-0.927223338679267,1.15553525945239,-1.91220907709654,2.93137526614127,4.00467866630158,0.507025069432282,0.265341788137395,-0.623633104579978,-0.502035457638127,1.57025496020752,-1.35046899301741,0.758245080019517,-3.37196640225722,0.20343087716145,2.9326068159223,-0.607511521664821,-1.39420388937515,0.209919007727945,1.18515464300989,-0.535114463031937,-0.389780201197103,0.591940636718039,-1.03669318350235,-0.874392808784199,-0.770396402583109,0.589649848175149,2.44592774473605,0.640270091906147,-0.803834840312823,2.00627585168403,-1.54589397922437,0.152674130978025,0.394658903390083,0.510275841841389,-0.999133847171828,0.503667823244754,2.64157802345952,-0.703932773427357,-2.75515075919091,-0.149157155822884,-0.480647938686324,0.652908198842251,1.16407467138231
0.488848608147175,0.761118088174391,1.14477379585082,-2.0116765043003,0.17365745938511,0.707810763108069,-1.0740869152557,0.286077032124886,-0.390565372215885,-0.278824383731579,-0.00303560727408855,2.65395204858024,-1.12203344463507,1.4859515637474,2.67891440748947,-0.737543052007206,1.34682182424598,-2.52164872404471,-3.29151568838546,-0.24385189682829,1.29128078931457,2.8871109063684,2.25585931405338,0.11400058488225,-0.0217281581317328,0.370015960511321,1.18260224424964,-2.28160151463312,2.60857453338816,-1.61632575190877,-0.0886002435785511,-0.08632790773101,-0.510465280712565,2.9301807958036,0.915258500921858,-0.108277334319168,-0.00895024174905236,-1.87559849900742,0.645263830070527,-0.51104438671564,-0.610506176334572,-0.582076678392315,0.102572070355974,0.244989504243685,0.0875388316235661,-1.72392532791139,0.974404021175713,-0.753822698889992,0.981662457139893,1.10366074736
0.165647929723746,-0.942198425151678,0.148657561182042,0.0419460269435054,-0.270468967540317,0.430723284326013,0.53154917015941,-0.959096936460362,-0.865736641193945,0.589805861907954,-2.43183491960781,-1.45071928175967,-1.69921962176469,-0.210260839387516,-0.83410237820526,-1.64092566658171,0.526379765621342,1.52292067700403,1.27241196000024,0.229809721304447,0.541990454250301,-0.433360990439312,0.944474076157433,2.71738292772889,-0.722259564549485,-0.616971424593295,-0.267569862145784,0.703759363708251,1.35594131187419,3.58367580758104,0.169467589419989,-1.43613351540803,3.13815425148137,-2.34693900363867,1.61532437206033,1.40782524859862,1.03600129137056,1.88214228499547,-0.627764632757725,1.76443009657317,0.397590155892648,-1.09203453188061,1.38853138711977,-0.214164342702867,-1.68980473866897,-0.451168188841108,1.78118746296947,0.0887656552954642,0.542844060188173,0.656028023426773
-0.369811140041359,-1.32723003690744,-1.503905054189,0.293668125534063,0.368890533443191,0.336811007053022,-0.825260459162193,3.24924133868368,-0.234010374630462,2.01473973620463,-0.40952623479443,-2.94406102028137,0.798654545041608,1.68060109526674,-0.985810323708343,-0.349032959216649,-0.1510990388078,2.36065075376011,0.0852309895545972,3.01595167674158,1.67066734190444,-1.69495442974381,2.22006617130963,1.76853063639602,-0.113783496341825,0.0723053378306876,0.170111738333566,-0.180654285619164,-1.36624549262484,1.51073272370304,-0.625614544076619,0.494858447315391,-2.77680850187454,-0.0339716527964214,-0.767850142435153,0.129482569191314,-1.21830645788756,-1.60404404738933,-0.83033853005986,1.09661490237895,-1.2892080642919,-0.531723655680638,-0.134262827358431,0.803995673840875,-1.07450570819222,0.410646121071739,0.000737101396648662,0.917605909736885,0.189702696064045,0.0574354973056872
-0.328397089062392,0.523943761834331,-1.97865773946388,1.77920602420132,-0.442018204948666,-0.349478630192894,-0.051548256332528,0.0169644647089607,-0.752850516129485,-0.125152922447006,0.00717800065583943,1.06687581725976,-1.11607902579153,1.343034884031,-1.47524172103392,-0.287434136000954,-0.67047189619913,-0.252037635160094,0.0308333745702098,0.137433282731645,-1.25920476320256,0.0380946655582,1.13376753820975,0.754738587434974,-1.05150031825293,-0.0113759385501678,0.978892090539579,1.12169619870025,-0.696354089352397,1.89326978821302,-1.28612525960868,2.12219526404658,0.160830536348744,-2.04456460286027,0.222257060417572,-1.42513498045787,-0.746653305034303,2.03002247161702,-0.099439636239716,-0.243371892348645,0.0367208358326762,0.794509144943762,0.263180721467668,-1.74447168576236,-0.113975452941268,1.66168818748283,-1.92153433228144,-0.997758055167616,0.639359245956497,-2.2697259264699
-2.34691928724029,-2.27135250755255,-1.0877590290718,-1.26050681568093,-0.351287484956211,-1.10434940562548,0.939233073431546,1.36255333727469,2.163539557933,-0.544294634804914,0.397109609868994,-1.45806028588718,-0.0260090006142859,0.813956230492799,0.20244306160037,-0.391600218648395,-2.05028593960834,1.80664841491563,0.222467557647933,2.6681567359906,-1.58593516774744,0.160707208582878,0.454337026925582,-1.16232002399504,0.284313759614114,-0.639488584073918,0.905182106938102,0.689657168968464,-0.62673185697713,0.807959057437583,0.463155148843852,0.312973088102939,-2.79620112650646,-1.75626001323959,0.442865174837106,0.807508537566697,-1.43086953626487,-0.503240223390566,1.52923737964707,-0.2959776391286,-2.56256917055771,2.56124839394664,-0.618961148149623,1.8203920737644,-0.0820074642099315,-0.176219477334723,-0.652574199856497,-0.290392385223854,-0.225950302926071,-0.863526150584864
-0.413109758824833,-1.78880602807581,-0.124740209680193,-0.749070469363316,0.729984324077755,-1.12384703403581,-0.240129275344774,-2.22092048562062,0.743288184269449,-0.55366792244123,-2.28372145664056,-2.46436464205426,-0.113485240641371,-0.174351047627139,-0.444051046608935,1.19153761298912,-0.45025600498114,1.31418675514962,1.2033624017054,2.55917049801536,-0.885995332766836,-1.32834882591706,0.634510273887671,2.54159575994776,-0.110204633169236,0.319296061057235,0.828441771310809,0.594350460309536,1.75740699003175,0.792453368305141,0.818065553518914,-0.758920697081605,1.37587263154486,-4.44655887484179,1.22931297882027,-1.24627958755805,1.24704493502301,-1.48598746258385,-0.655516523136731,3.70858696361052,0.126467351742096,0.674275738433151,-0.438732349251844,-0.238181328743011,-0.918680159268456,0.910418728418466,-0.347473010103395,-1.29410137172751,-0.580476066986834,-0.579051486016483
-0.251617122024522,2.06888418295456,-0.796400304443072,-0.946713855508079,0.996891651515858,0.741870892907406,0.596741635787361,0.0807518505969565,0.364334913765905,-0.773318861222314,0.481921913058827,2.62161617664542,1.07020286996735,2.15824135614589,-2.05166400981379,-1.03679328635811,2.42823175025128,-1.81763686362085,-2.49831108358747,-2.50610973894012,0.938495025056133,1.93035424593184,-2.24533387839155,-0.702166455913882,1.48256904235346,1.59085383151525,0.0436619928646779,-0.134542167884742,0.76009718174136,0.220986896587247,-0.473810050751865,1.3588092946659,2.75483198867733,4.60981765683589,-0.115465349576832,-0.036571230746801,-0.520778173198774,0.427752525130058,-0.723194163506457,0.732855947830535,-1.75681181432941,1.25655107261111,-1.69552311789897,-1.65966936888846,2.51195552619464,0.566934687399619,-0.558976024300391,-1.0065836735771,0.828846217467986,-4.3370098156031
0.21917081804564,-0.13632930368374,-0.637514286163691,0.347765140046618,1.29833222384911,-0.294532437710164,1.23883610059618,-0.857595861366284,0.0309790738092839,0.141921991309629,-0.00828276231361533,0.59173224139805,-0.448704918992592,1.49120794244549,-0.308317579711647,0.570730171051783,1.28497935519956,-1.04600647784112,-1.77563259750439,-0.610431300296842,0.107661621795551,0.600865522462309,-0.78482062004588,-0.859275067005469,2.96709158596113,0.28761033397265,0.894794265949189,0.34112154178675,-0.649646862463105,1.12952889316154,0.273886058464593,2.1112846857885,2.18468821239372,-1.70286167608184,-1.18933304109219,0.026105771839885,1.5464862352953,1.2068035675841,-2.52696655541349,-0.246515604475214,-0.213121420687528,-0.582139546523852,-1.26980408289832,-3.19293957621446,-0.322686431958415,0.754314237158649,0.958033722217409,-0.749448256382792,1.10867575616385,-3.2927601151093
0.892922540201682,1.57949870645593,2.95194175829283,0.570023045076648,1.26814567670776,0.0072908488460689,0.206787552714416,0.867097837736265,0.8262119476799,-1.35276953674588,1.13081534860574,0.416082315115345,-0.0760466663463176,-0.0159960611443701,1.17517343889928,-1.63792162251819,-1.20880317991022,-1.72070297049095,2.24712225821727,0.00469839648737261,3.90855889441226,0.747252455008566,-0.730238917340271,-1.16324895389888,-2.92087379166317,1.67229212678481,-0.202741058208146,-1.82176945178557,0.337000824661772,-3.27696127490909,-2.14700497539705,-0.409394736962556,-0.45853146214408,3.46179588968091,0.776101918475099,-0.48482907677378,1.79761011426413,-1.42689692121236,1.77887069732651,1.01031244356651,-1.50732338525293,-1.11242730063632,-0.910515122013332,0.98001649613904,-0.511503236090802,-0.677211973593295,0.0644307518333192,-0.534582603405936,0.0633421545961408,1.72095094186949
-0.45516981697004,-2.19107725113723,-0.154292397842739,-0.1649685563079,0.549823166100292,-0.367603499124035,-1.12460932598489,1.47082105373533,0.741751324209901,1.43270925159192,1.24459596207466,-1.51914134098029,0.368529440296914,1.1688225071629,-0.230537570416729,-0.81192932007013,-0.537284520943411,2.10445533782884,1.9582104732508,2.2040879231415,0.570805712469754,0.424950800246919,-0.155950508626464,-2.38099390881481,-1.62206580239495,-0.171745249338699,-0.810063439397393,1.12500239651738,0.870660443841438,0.809357435077106,1.31274622575347,0.363077534262695,-3.05735744529724,-0.890648716494944,1.19105857322151,-0.123142838291585,-1.87801878561163,-0.879997464144016,1.34406021079086,0.503525023835839,-0.260557934843987,0.984397629518548,0.295703304446107,1.76315064055016,0.802217934131682,-0.709803596043719,-0.974809272184793,1.78180911560345,-0.529567803690404,0.784084413767841
-1.9822345974179,1.10811340289587,-0.343329993217356,-0.617110194667788,1.89520292747681,-1.28386424403141,-1.33521350012425,0.602613155971574,1.23356182608944,-0.874437125299326,1.36970102416509,2.3817713772656,1.41023319835897,0.676811114517103,0.0913426758849636,-1.07509955862109,0.74321238534152,-1.64233743694392,-3.29651190168129,-0.692424402569125,0.319660389214741,3.68064484328303,-2.68213002429622,-0.368419137000113,0.860478930815766,1.95118512275213,-1.1245347508232,0.13135888229928,1.64402451246288,0.216722514740269,0.0790576127911592,-1.02281054050318,0.631008281770763,0.600456413411912,-2.47362371239423,0.296579048464938,0.428815637887236,-0.0753526461837747,-2.71365337875266,-0.0572316542785159,-0.155186727690389,-1.64666899292148,0.762886126783757,0.733614953795696,0.221782747082063,-0.118836018939939,1.57703507259984,1.27413604769825,-0.292477791407343,-0.840763923944799
-0.353871614704246,0.906717843155793,1.62484465734256,-1.00167870792543,0.268384251436427,-2.12638666547209,-1.14768803145663,-0.593764853785595,0.181417580653454,-1.68143517605006,1.62149340989901,2.73163975381905,0.466695099936016,1.97923062195655,-1.39591559519047,-0.147471831399525,0.774790125934942,0.00356033942161676,-2.71412608959317,0.0715445012623917,3.47118773061449,2.09392616604158,-3.0542117386835,-0.389654000064407,2.6515507490238,0.848614730801303,0.200790970077328,-0.455046286803385,-0.0407173241214025,1.0125061217315,-1.04979619676798,0.274815282645386,1.19162685339608,4.09823901693958,0.577441010155196,1.21808694376947,2.37274352616838,-1.32987115930046,-0.39624136953869,-2.94421389363466,0.224811493019104,0.0689470071958616,-0.371173466836904,1.66953619418485,-1.375155142367,0.569324043649218,0.36705046171148,-1.0762246976096,0.26331419751704,0.8208520577676
-1.66551493442979,-0.397251930856998,-1.32336805083498,0.886201712828387,-0.555071866307614,-0.600034719840705,0.670728493928496,-1.61915331495592,0.09499173403453,1.44782201779576,-1.74480612081132,-2.23382869311891,-2.69245654936247,-0.697262622044327,1.94749977444605,-0.304048709638182,0.439870667898877,1.48140709849339,1.77547062197306,1.94115866108768,-1.06866909995742,-2.51016608005731,0.207158770815241,1.32904829836347,-0.198076436558298,-0.940656244965548,-1.7799988158917,1.73533082094231,-1.55783011532873,1.04472416178933,0.620863528113272,0.334737596971831,0.430427297553986,-7.03902385867994,-1.26470788048129,-0.195351098274935,-1.50707085964787,0.160634922717397,0.0415383301847165,-0.131562239328192,0.664795444962074,0.384837566886938,0.138490341429423,-1.45795391182259,-2.04322052357973,0.977537361093937,-1.99543606623321,-0.92297181934868,1.04769839016339,0.848879106061801
0.630718305473,-3.47968354772761,3.14177825684334,-1.46127222064629,-1.29087868579353,1.61362816238246,-2.56513896727516,-0.943067431914757,0.962432845655467,0.503782878500148,-1.71676067996081,-2.33068890387925,0.449401805730437,-0.756181437092854,0.336734469182551,0.638592405820853,-2.34855614605543,1.69019592856092,2.69271112222863,-3.39701151046968,-2.7557951640954,-1.50798198819141,0.569087944212109,-1.74438837846274,-0.914856376584102,-1.160525045108,1.79550701496685,-0.764370305231999,0.0349311315739779,1.72780124079925,0.254467925570445,0.495900318816154,-0.513861824059709,1.15300309681453,-2.49641121064215,0.889264936339696,-0.56822928973896,3.11318772084359,-0.68961138368763,0.267825230060381,-0.977909535393934,1.31897193175567,1.85490020148159,0.74530087597925,1.42646997816996,0.67060099963621,0.0171379616789865,-0.670047016198669,2.27803975860381,0.728921238473752
0.0669251245714953,-0.706022836047959,0.737273699391399,0.908825521862028,-0.539894534453131,-0.325891848835046,-0.864900242447252,1.41743883817468,1.5724187254163,0.835690843732427,0.45446655831562,1.04975832693551,0.416728886590511,0.122203637037543,0.112897543529108,3.55917262364313,-0.846971457198729,-1.39917712195562,-0.69137500122306,0.642435773438002,-2.28218026853535,-0.3761514599488,-0.988693222794656,-1.50459887196646,-0.0532777278766829,-1.38100330377857,0.311922310923276,0.852014607104915,-2.63478193400233,-0.865142144253571,-0.64000053744001,0.140522786608461,-1.5988742222679,0.772274666576926,0.585544879473999,-0.635630078936185,-0.80642411797609,-0.231760419843752,1.73941552656629,-0.960552878901916,1.35591459389709,1.09270094259839,1.60780129386213,0.165113962013171,-1.03813749442697,0.156462223055707,-0.678294915625983,2.68770138092312,-0.5688807874652,-1.22994507238849
0.214731183329885,0.933645627781396,1.37342210289465,-0.960158780812914,1.08547191958978,-0.636233608188076,-1.25862856230811,0.250704088341213,-0.353418595331911,-1.92929584164265,1.56491880905266,3.18550867797672,0.971298728845113,-0.0715179873212563,0.00595853701316215,-0.334749989960836,1.38807975329297,-0.752835500291427,-3.95234687244183,-1.29350499625849,0.210796431547614,1.41807597352934,-1.61921285871573,-1.56897812462891,1.6634095609691,-0.0747985498998716,0.194802757406188,-1.79511781184095,0.85420712775721,-0.388932126788273,1.93273005456532,-0.292550219345919,0.940062161413659,4.27196542370964,-1.16697266527871,-1.44398415763221,1.05125116556753,-1.51301321217214,-0.518464976366415,-0.0916019389357682,2.00860253397423,-0.623782776463165,-0.253910821553057,0.448387637826769,-0.745870756366011,-0.495032309399928,0.0477718942958832,-0.339688426299184,1.50629327960359,-1.14964421982495
-0.155155350185422,-1.30906005912879,1.72618623402792,-0.91813804758824,-0.103570759427245,2.03865508400519,0.255620010922342,0.232694084775236,0.882983071176426,2.15981726281946,0.199255099655015,-0.00205403643571808,-0.0271344292562782,0.267338600907384,-0.266278704532678,1.02984811947812,-2.63578484812528,1.35338077592094,2.72708661359277,-0.532500015595526,-0.815614152362166,-1.31687264934854,-0.458851309570215,-1.93587490567047,-2.40861674038496,-0.069445373746815,0.415445380782397,1.47862276223026,-1.49120102668789,-0.729407587652353,-1.97304500177025,2.05556310168917,-2.23777954845189,1.49867613076873,-1.00317180769673,0.609882745994723,-2.66836723408682,1.21934893569349,0.460962048208226,-1.98601203169533,-0.51124340029528,2.71125906364115,0.67929318645243,1.6167636726052,1.14064325671649,0.683684652674611,-0.978667209957327,0.733508432738269,2.10797596946725,0.874384491778555
-0.512521280985739,-2.00093092861635,1.08803235128101,-1.19303053067847,-2.55715859109144,1.45073612609455,-3.13925155112481,0.946391281792751,1.9880854535803,2.03886426501038,0.901161966887875,-2.57956526186209,0.563748747941828,-2.52147610101105,-0.227101853380604,1.59261526644595,-3.34041746906011,-0.96871934514183,0.885342206762167,-2.08255878045985,-1.0851837908525,-1.12264003445701,-0.684070246991703,-2.75405098357655,-1.50688308212245,-1.24438731373395,0.404804195419926,0.434775298788206,-1.66854369254269,1.2667904021883,0.852058148724104,2.26418674342908,-0.557871824782083,-1.08779466134373,-2.66305726628249,-1.94654084907311,-1.27585674271413,1.12817845172112,-1.07332565812537,-1.13854968651122,-1.47612047858929,1.750850642637,2.18875281819601,0.226543882994943,-1.45482687012042,0.21363494888884,-1.22645910259971,1.02460398470893,3.58630029961716,1.52801959981241
1.48651816693898,-0.489044991183325,-0.941828803349686,0.383210784300946,0.333452496226609,-0.463062300671627,1.75863145746154,2.02913442651224,-1.4637207860152,1.68606919299046,0.621397613756284,-0.842687061029992,-0.93947052779224,-0.517169489952144,0.862920538264731,0.688345792059185,-2.3838998732536,1.07849642099627,1.79873815242791,3.80026175225761,-0.456476160265678,-1.9223170137049,-0.505182516965367,0.109208806085789,0.606623710199044,-0.885170424980893,0.882081570409889,-0.521045098945706,-1.19513278869207,-0.819513492130877,0.430169837870811,0.361650576220637,-1.94443429401267,-0.725122258493026,-0.467212309945263,0.0457420169681765,0.221488948082661,0.0696038084663063,-0.700068448088388,-1.5972153199194,-0.777860809355455,2.05684467396605,-1.87504890291914,0.698511083346413,1.270789462247,0.513042368071898,-0.739717986522349,1.01147073240944,0.0288286223574793,0.978804490178362
1.47521661273327,1.71748796637383,0.659890533572633,2.50081496529713,-1.61682059087086,-0.0352755754548967,-0.298290166973664,-0.977007410159633,-2.06170295928096,-0.554411223088135,-1.15456994985242,0.52288732635638,-1.56093973909182,0.87860767182157,-0.789611193184598,1.96929550116242,0.12320383741259,0.578104580820095,1.33378307060018,0.700519418705762,-1.86891603976213,1.87529054518443,-1.39080015412667,-0.120553684666836,0.0712973688649856,1.61232347503709,0.0628798236541135,1.1636015325017,-0.78531151630066,1.91028683958607,-0.250502795936148,0.246376323377468,4.0699726396772,-2.57092131098139,-0.321847577216031,-2.11137283114165,0.832957148685665,0.550439093023548,0.44538061903512,1.56958108841844,-1.00951015763394,1.17542772936014,1.35883469589095,-1.68974883883036,1.18975621641295,0.772347563375884,-0.663315491518317,-0.901582900448873,-0.0179851122619065,-0.495720802144615
0.136813338946453,-1.89475844192399,-1.17530611604894,-0.311817940984473,-2.29716230085994,1.83286063931218,-3.37199065752217,0.114855576647599,0.286904497603049,1.85353485619104,-0.00813714447316963,-0.995894742528195,-0.487792492505912,-0.0604588223269067,0.207652869882722,-0.364265422813192,-1.85496393120078,1.4685257953717,1.70791843933149,0.798046429655452,-1.59120000085722,1.59426700829625,0.740745990477837,-1.31501745314389,-0.225829161898663,-0.421003237941541,-0.846607886062807,0.482875960018121,-0.294929888097453,0.994311178861852,-0.566776980433587,2.00034195569682,-2.08002761135004,0.808035447301603,-2.03089990600487,0.330024930778566,-2.3565538525843,0.681972230957731,2.79255970233717,0.293028874043925,-0.316939913721251,1.30637840198703,1.05398548696344,0.624528440345949,-1.83378326670133,-0.474465318568995,0.0218325392577377,-0.0581956710410525,-0.365713597753988,-0.200366424528985
1.59444176789219,0.00253975099259013,3.35355044052742,-1.7386686571002,2.2597820444929,-0.442408944350971,0.22572429510914,1.00432207918604,-0.787445584472319,-2.55562432361401,0.919799167260577,-0.560956971039628,-2.24401783827517,1.67994072841444,0.0198962205077477,-3.19795550958887,-1.10173681630161,-0.793572746981812,0.275277483693329,-3.1130429663868,4.0209125679222,2.1823392432957,-0.560074485740553,-0.481904481864133,0.186390133672998,-0.740065438417967,1.45848796722467,-0.294320759776771,-0.249773785076979,-2.12425992273308,0.0014228797223267,1.07497984080626,-0.182301676111367,3.49405276323101,-0.0135098466750081,0.719948596118219,1.27182624185322,-0.957225263645246,2.33616738319925,-0.0757241106011719,1.12351889388371,-1.59418219655103,-0.998929580193524,2.19203768992699,-1.84148461166281,-1.2108600024987,0.1480765060832,0.183941709155746,0.595571068999031,1.58658919127851
1.37849072889289,-2.24878447517813,-1.15357088049597,1.10986050174471,0.657404202938278,-0.111200484673625,-0.73070395393388,0.763703281491784,-0.982244266177455,-1.23349271631434,1.65247920544283,-3.35762191389846,-0.0611894503058634,0.053925251043225,-0.927802349136699,1.0953670964271,0.0800846462023926,1.30937594148036,0.613154369540867,4.70454244329595,0.426881602795189,-2.68323668755826,-0.465725948573129,0.157137000544991,-1.1484396460421,0.232364020531223,-2.0782027273575,0.694459694665613,0.661536504067805,0.00859721517230552,-0.534726068970941,-0.593168220678425,-0.802058982109594,-3.23831738053131,1.5943893562088,0.278411753544829,-0.614746440551623,-0.52280880243609,1.78075506068397,0.127851130159089,0.957550653716751,1.35550723807068,-0.451070839350655,0.763717339352251,-1.10574361661864,0.103282931767661,0.957940717331438,0.386514911905724,-2.10608590484319,-0.196218124405933
0.452814187465186,2.65724981543679,0.99921555978248,-0.607460025625767,-1.52488813166386,-0.113581073017617,-1.99230411446547,0.275526312325575,0.388132275358273,-0.236681894684932,3.20626930013882,3.21875008629506,1.58988839456102,0.0638243233891869,-1.53561033003361,-0.0865473059338826,2.09401222511165,-2.37665160809943,-3.93403543380771,1.08714727882988,0.438102358596235,2.59091140833926,-0.717454363996396,-1.04515184096254,0.301280132133323,1.711350101668,-0.892874143579736,1.61992307364702,-0.94169810457951,-0.770199285240983,-1.08747851572538,0.27948646621477,0.278182119310635,3.82636080098747,0.281230435023104,-1.40954938206199,0.912781995827123,0.802540739036021,-1.37509073608789,-1.60196341953139,-0.356706065421874,-0.36466820750868,-3.41861800396896,-0.110435755289936,0.667250472170925,1.68809588949576,0.303113449698496,-1.06788181357887,0.717227717325172,-2.06120606268866
-0.0189755692773901,-1.84886808303513,0.548948997142293,-0.517499784642441,-0.818819837014606,2.53871031672887,-1.90135912192474,0.0421263593693269,-0.519935498925319,3.38296117398273,1.02748076584054,-0.702660694181436,0.395858218368815,0.121951242245094,-0.55278036570476,-0.367142142242728,-1.29691992828376,0.768069667600249,0.497712482289525,1.86306028575607,0.265123879538457,-0.545569533531619,-0.52902713660863,-0.478226647474003,-3.39951334462737,-0.690079170315613,0.219640268024217,0.11068051131278,-1.32139968798697,-0.0704716674709437,2.21304952153389,1.32643954213363,-3.28702932065897,0.314905675613945,-0.623449198984936,0.377517455225729,-2.04099330660047,0.079368918804992,1.73901619291908,-0.988879218755564,-0.200666569298909,1.96592171872217,-0.91220799639094,2.75629577125194,-2.11242269216591,0.891014545184956,-2.22908334986152,-0.311892314983214,1.20638609223212,0.520989650555371
-0.836411600737922,0.349174504743532,0.909104449882646,0.384725415166131,0.644925751787577,-0.0790088156505976,-0.931782976020794,-0.199058746312222,0.115598155602818,-0.95926076116464,1.89066623175852,3.41161236116114,0.333502222176577,-0.138211697640886,0.209254839152408,-1.5566281996625,2.84995451959541,-0.842474416171819,-4.36164595236771,-1.81616885494876,-0.10845527316749,3.02439176669412,-0.161033686613048,-0.841492244513906,2.28931177205948,1.05530821696974,0.309977353885368,1.32001887339978,0.748499965354217,1.24896914396865,-0.209992403722468,-0.775729271049998,1.62980763876356,1.12604872583471,-0.624778367459475,-0.535178295007073,-0.43178749439877,-0.687788811439856,-2.15356956611078,-0.193559365150871,-1.36245977749753,0.10937855734005,-2.62175344349841,0.983587895186542,2.27452755968841,-0.726529950548235,-0.379948532139289,-0.96330126633189,0.76824718321204,-0.151217700582917
-0.222951148654861,-1.56251668921936,0.383798769988484,-0.931519305929619,2.08106154919367,0.882711767182673,1.48446281586327,0.409861625355663,-0.267660788508561,1.9276106807046,1.25721875627357,1.70011946993447,0.863488424058172,-1.78301434471567,-2.08114159547374,-1.16713872519086,2.31894640969242,-2.98444742359521,-3.36423940834651,-0.514531883144521,-0.78535924576127,3.335547375939,-0.563123358907171,0.42799993583749,1.67998932581232,-0.774050425513557,-0.163092685095733,-0.133734249104124,0.15275022333277,0.275841420748818,0.254385163071179,1.8619228146386,0.811161199364935,2.83536574326437,-2.630525010652,-0.363846186284426,-0.217488598382683,0.995685222633739,-2.6941027270452,0.571432872235148,-0.18146593569125,1.19442360421816,1.53219036436539,-2.32663990527985,2.94456896112969,2.25705417924873,-0.0364862073515305,-1.58423039013894,0.308870166619958,-3.55691517434033
1.17465288700958,-0.481936988773215,0.890533022121768,-0.142652157669477,-2.18756703371792,0.854571712199967,1.29494301543831,1.30400341407523,1.29788974821311,2.51993645344487,-0.823729995858426,-1.82225933257664,0.544407085365975,-1.15175302627052,0.729379528000027,2.09549727159688,-3.41457108002957,1.59788159292692,1.70945011570461,-1.93525667307211,-1.52914033868036,-1.06480006861714,1.35625158502034,-0.258249356066491,0.479996666424881,0.0356222733509421,1.52828751970785,-0.753473242761556,-1.26252793379458,1.59157001683814,0.334488244849018,-0.589579347428242,2.29347140747709,1.86883815367649,-1.53038583970093,1.18802983210857,-0.943479566521162,4.35195363760861,-1.94708131801638,1.17373246482386,-2.09222417133479,2.4873604491499,1.78983540892121,-0.979231220438023,1.41564481036407,2.3666790883054,-0.931986614381827,2.00537080081989,0.433486961969095,1.05002392651643
0.732768372631056,0.249527127583298,0.292197239268191,-0.968116898909229,1.50191691255831,-0.591862833902168,0.976867501666585,0.0229481593424165,-0.588570828157461,-1.31231057541505,1.80333053546002,3.05650746093605,1.00946810335666,-0.14571017298657,0.907280785126471,-0.803622473116669,0.957161248268015,-2.38023228230455,-2.64467675762478,-0.603124435788494,0.504915320584279,0.885820106885756,-2.21555629508786,0.352166186091798,1.7014731666106,0.307344606122911,-1.36309255161482,-1.16690852376432,1.71694654147251,-2.67186219736546,0.164139929407696,-1.88016962711379,-0.283852378491298,1.71346315987032,-0.127102971513065,-0.487338746245922,2.62820608028606,-2.11291128639397,-0.528991813612845,-2.13844352834001,2.29883079908321,-0.65976253291145,0.612397073417762,0.887203551865748,1.1365902627726,-0.411165261817534,-0.548922164391965,-0.341685756144896,-0.218400743705455,1.06431593244628
0.858777485240416,-0.0429724748350567,-1.78094527873446,0.474488350069184,-0.190102996256329,-0.682392425222628,1.79831668758665,-0.736815417608993,-1.47267871189782,-1.31920016476771,-1.5952112374587,-1.74375827053766,1.55226701685724,-0.782718965520466,-0.370811300938784,0.82517994506133,-1.40603128032928,2.24313585983591,1.09602961083363,0.584530203043656,-0.200471181480353,-1.82333694795566,0.226370944901923,1.57569447485428,-0.0280218984492273,-1.64808723240487,-1.6393619435971,0.370225638569015,-0.196937929076749,1.98006565483216,1.68477610835869,-2.57464799822054,0.0542771242860917,-4.32608718741095,2.61256627675161,-0.310827577274135,1.2817063638775,-0.979344123352086,0.268278045572239,0.785980940444796,0.667270996408799,0.701213187053605,-1.35032652510573,0.537348734340239,-1.70387911206417,-0.884863064033941,2.11873564650956,0.969944617166962,-1.56096578010891,1.5846214848107
1.00943847716387,1.36682333802126,-0.750258482885826,-0.00771223080509453,-1.37673123049041,1.67712440708812,0.730285676319297,-1.65797317582546,-2.18403970076217,2.10626254586936,-3.28477216434619,0.46384136601815,-1.92964888622463,-2.25663579574413,0.188065629661946,1.57856958921695,0.214494466096157,1.55675759270219,2.68108893974851,0.719375095565488,-1.74334083557389,-0.678132857643935,1.77663941641431,0.954845177711242,-0.917878625733282,0.0421771056770302,0.000666346426948065,0.847285628796326,-1.16200662040032,-0.466042735310026,0.476823882354422,0.263357602702959,2.40352327975388,-1.52247751053301,-0.103548517152611,-1.13372246475026,0.761603631644041,1.90701443918022,-1.67765222160561,2.40234591364654,0.239763400004554,-0.50630939552254,1.11507723401127,-0.0188613471098086,0.781318997472344,-1.53132228667191,-0.866761031926945,-0.898592005101373,-0.434461560479088,-0.640104311829196
-0.143453028719244,-0.127431461851936,1.99330460379264,-1.4357341726836,0.501232630787669,0.858438008147036,-1.32857636268963,1.02530419602674,0.279193761487755,1.10283409518985,2.39500411843166,1.21857205728401,1.70120962506603,0.973947555496534,0.63965728131759,-1.31697893144487,3.60232782455194,-1.10306999745345,-1.44423340386607,-1.60480876235044,1.37737719629848,4.2015057993738,-0.342070819441549,-0.797193318086226,0.0516268194767602,-1.57145100421331,1.46660323441904,-1.35843369044816,0.948662151781807,-1.97148344392273,1.14511156978124,-0.779960520397783,0.392130878239989,3.97766899456185,-0.503678103911949,-0.923750024621664,-1.48799297916843,-2.52184265166638,-0.612161257737221,-1.62529118852677,-0.0143646208830439,-0.0559687127290781,-1.65907731062635,1.19401973635768,0.341532664679406,0.706389722079047,2.12841048553026,-0.0761456929213111,0.424405071881625,-0.224380131689143
-0.803364462643041,-0.00472847079779315,-0.717367176057259,0.744643021359155,-0.405673483942583,1.87458278305399,0.277833344502724,-0.592995962907565,-1.37423951018327,0.864533053238583,0.73666223014453,2.01857234670642,0.513931605401178,0.270171300682193,-1.36692913225445,0.39984347863381,2.50706719470736,-0.6707280354753,-3.50987184330054,-2.08107124861087,-2.75167734139401,3.01181800770643,-0.365635714108094,-0.392517144247424,1.90502021142146,0.238253047819503,1.08529660307246,-1.10114392721055,-0.0572953457086319,2.05151822731973,0.979977228898819,0.0765687910523199,0.542813947369367,1.4946357145545,0.893512873275654,-1.19588403609764,-0.396957085607356,2.13904777715738,0.691984688581773,1.31106039721061,-0.92264753626306,-0.313512040505366,0.57315393770445,-3.17124501935341,-0.0231128472443102,0.121206642220061,-0.182562957857057,0.941380891675196,-0.35231062073065,-0.498016551072104
1.51348677280544,0.538011022110688,2.44620666648906,-0.0988667417163486,-0.0483850154350473,0.165158768848661,-0.737677462816527,0.0440846557054952,-0.0767247000590368,-0.194106249265487,-1.5397695575243,-1.86168067694136,-0.0154968195336971,-0.0732372923094351,1.03598135622677,-1.09811811083103,-2.00742839717047,-0.90914682161421,2.05525383881108,-1.09194795508343,-0.987887468774013,-1.34047904799688,0.073548166653828,1.14279633396913,-0.613273914235989,0.563166643751823,2.36028012710565,-2.8949968945455,1.61046545301141,-3.42100235908046,0.436930526966972,-1.03995884799216,-1.27851375314779,1.25558360699635,0.207245623260544,1.33187552427895,0.737829722903783,-1.16179833873214,2.65974905760878,-0.146195064781879,-1.94377694009292,0.529107742659198,0.347886213344115,-1.05888141489523,-1.51523038391161,0.274765981938753,1.23423000231914,0.863302276581327,-2.01998500947091,-0.577489935881438
-0.169407914645016,-0.3380518931967,1.35348904184884,-0.143968271663197,-2.37219681434385,-0.140492138492554,0.391804598402236,-0.0593391594235855,-1.63102546840397,-0.989133399100588,-2.31952534741076,1.17482998508785,-1.39514347817534,-0.39982113634129,1.48476426418132,-0.631314638795129,0.548980171601979,0.222527915589951,-0.542471832726341,-0.0880448709776792,-3.52257348055773,0.844801992721319,1.46522633499236,1.38172256970892,1.15362009691945,-1.01145801141424,1.01849082874628,2.57039757945653,-0.545101567291552,1.91088511385893,-0.557490073514807,2.14993447325262,1.99757992535291,-1.91551809963285,-0.730552136976074,0.87203818194039,-1.10389392902966,0.978422537283382,0.0715066737941535,1.42156576338729,0.6472038493661,-0.326435461939674,0.857890514381885,-2.61267728924543,1.83024725353413,-0.537356895044404,-0.359420034523083,-0.482098586115269,0.328534531496853,-0.635107316286737
0.310952238098819,-3.21839659837037,-0.261036008730717,-0.462300894720264,0.823427946738105,1.03133220181267,1.13989731126655,-1.91607044564763,-0.173729005330073,0.364047660772459,1.36082670405753,-2.21631449579971,-3.3823838544368,0.438106455159176,0.528799395163085,-1.23532673312954,-0.499335773002712,1.30738572138611,0.903372744607562,1.75208510559356,-0.727434030608697,-2.75491370350433,0.652146050690436,0.974681936124268,-0.614089682944164,-0.328327572791363,-0.443742454067783,1.03160122598105,1.70688598335493,-0.204312494342038,1.08454679426808,0.811408102209321,-0.96462551117458,-2.58345993434803,0.168065339505675,0.238954645899407,-0.36275818857373,0.19015870697811,-0.951901625558789,-0.147081249809937,0.823227632227045,0.314857620914546,-0.983632766918993,2.57179612469513,-0.0937175734195862,0.75681408309051,1.05121738820073,1.85236249473349,0.882379069044771,1.33402456437622
0.431406014598559,1.58450825057899,2.86982326506333,0.355432182271493,-1.30934367368773,0.184182467740777,-0.362270287763782,0.793969526223789,1.06518036443088,-2.64241043201456,-1.69972321852932,-1.54857718526612,0.475159612307518,1.12846569993992,2.65683840175854,-0.819650856096023,-1.50795347055701,1.25501827785035,1.72087470576715,-0.592582817874238,1.14441449458868,-0.441432684882489,0.426163277913099,-0.439243662839594,-2.59301747500896,-1.21948910542941,1.10971355499867,-3.98874739459895,-0.594311688485475,-3.16564874604334,-0.547192352841661,-0.409568565456673,-1.01536781007687,2.92711325611217,0.744123327539965,0.749620722502327,0.145615514866326,-0.826168710645546,4.31547928411669,-1.23441182761272,-0.850211757347402,-0.388496466795036,-0.23886537459225,-1.25998124414562,-2.48305894381537,0.367323546328586,1.30750315617375,-0.200745324344347,-0.578898981393601,2.79335810486131
-0.152785846907638,0.589052289699628,-1.35248260555667,-0.0414943207748168,-0.692657471347799,-2.06153945059802,0.32314259265129,-0.0518743935599398,1.13034613977947,0.595309026549122,-0.835305362701582,-1.38202398081545,3.35102886975431,-1.84275323563384,-0.808950426792544,-1.1193202954866,-2.11624444008137,1.63472841600407,2.40296453949296,3.4352987696658,-1.30987932543865,-1.57663612294291,1.62292170650759,0.504014434910235,0.183665924339812,0.91122159374045,-1.41444981978777,0.405509026147889,0.979405686376334,-0.960758881817674,0.973724771648411,-0.887561139670804,-0.694245236725121,-3.10470812358407,-0.413172744565295,0.953738715535001,0.526293834167075,-2.13169663676622,-0.610308696520892,0.824517606630117,-0.41864282601771,0.097560100229118,-0.586948034337606,-0.149133778414769,2.09993602976795,0.271622486281205,1.70842578867017,1.75197443462453,-0.518428689418935,0.671473539837002
1.53014522837325,0.595968797440626,-0.549885066888722,-1.85439521423541,-1.00263331079721,1.16659754420012,-1.09471229859229,-1.84819708053157,1.33129089364707,3.28334197920191,0.39288784213808,-0.251001592934311,1.03132596093526,-1.62785205083168,0.022152308359176,3.04545069733762,-1.22823624355292,-0.323791841432711,1.7412688274631,-0.295261069565817,-1.98989575651915,0.174674094039904,-0.401687419143341,-1.91275298430067,-0.454930380606246,-1.3061109988974,-0.221140938005285,1.13878516994465,-2.03380014699911,0.944082804076094,0.858698279002882,0.872841524700323,-2.84320242744075,1.53406331756071,-2.52636769449902,1.01403168806187,-1.52860469510157,0.79899142322254,0.140646059692639,-0.617647712035649,2.38864872313738,0.246664382421016,1.66360181870861,1.47486665835374,0.179209541932866,0.00425404955923674,-1.52038010107036,0.737595425229004,-1.32420983556229,0.19629281785699
1.98158951684067,1.37709093564614,1.69119886345242,-1.29693971649271,-1.76118789813805,4.78182566168872,-1.13347628290788,-0.172808747974842,-0.275875922612697,-0.205551769441237,-2.14875184840156,-2.78411861632195,0.074459559073388,-0.917401099662278,2.93051471698611,-1.01954977021833,-0.427958457971903,-0.666956115644714,-0.229528385006114,-2.73816951085907,2.26248494385856,-0.977246197170953,-1.02376686480789,1.354980122519,-1.31101355164672,-0.303681719822261,1.70765855657058,-1.69453350775177,0.512982973815812,-1.74909989221633,-0.721149451731022,-1.31206428858712,-1.59049079132726,1.27466471466382,0.753774503255186,0.351642817411511,0.518978160944329,-1.95495709589728,3.64515895043395,0.236188449936413,-0.936878162492677,0.551860797652119,0.908458872017518,-1.85754615979219,1.73163882836865,0.301628992522693,0.356895671384332,-0.206702432221692,-0.665288611176205,0.459929240402475
0.17224740863387,0.438990699261608,-1.27192583085367,1.30987167922668,-1.57004996175083,0.742477584528674,0.221843625449447,0.820998806970082,2.86045605711377,2.5821222918201,0.134372290654638,-0.843410405651683,-0.00567259159617502,0.634267110672802,0.204894843735918,0.184053578148429,0.0846717515507773,2.19739061668354,-0.561763706014262,1.58640773812568,-1.46898990088086,0.586227521248934,1.63708913520342,0.0895337012411932,-1.02479846747039,1.12695479899041,-1.84490236305874,-0.370419756956962,-2.04801590929143,-1.45400205493571,0.981069329672088,0.84011925744262,-2.58829277244577,-0.113111713321244,-0.0361368726679044,1.58458010988132,0.030030404718273,1.4741583716519,0.598932162575807,0.495198657110856,0.656656683102542,-0.696935625987133,1.08292923355431,-0.295695177533972,-0.113641086285901,0.308560492118437,-0.588004639142285,2.04597948686709,-0.471169708474374,-0.330136601713795
-0.265769494661461,0.670165904550904,-0.29874009573579,-0.792354562926465,0.0964521653529049,0.481624529108114,0.929825666038428,-0.0393379325844001,0.7693028075143,0.799164054190344,1.95388597714996,-2.7869580598347,0.465605705965609,0.649869178783239,-0.443759721544998,-1.10402820913617,-0.123512527870692,1.39411044136986,3.36842496004354,2.83589737656018,0.391169523268105,-2.24783301235924,0.230123724103425,1.47592395998163,-1.21084115598045,-0.624146096214881,1.1366155318894,-1.6758421944259,-0.0254511531803121,-0.0589019724593682,-0.218919232736073,0.984399871460455,-0.53388925861248,-1.95986380701303,1.03223440876293,-0.72015312933954,-0.507765011240527,-0.748792659628338,0.485216115083561,0.86592282818685,0.322552301769451,0.614636341569866,-1.13720598807156,0.757614240608659,-0.16428608376161,-0.600930297204639,-0.424964393163917,1.23780440440855,0.257292832601438,-1.48525741994323
1.80648380205553,-1.67386120383426,-2.12609360772689,0.50658832505861,0.756069085750675,0.0915203447262966,0.185640436747597,-0.00710440731505805,1.52593222740521,-0.970377516386201,-1.96700579846765,-0.454055863113319,-2.99614461773967,-0.55531503561751,-0.95028603855133,2.92245378370245,-0.937725351875448,1.79055087578417,-1.44637721346878,0.0388287322088123,-0.842494780592357,-0.0126757744674302,1.57884391367019,-0.38794609272982,0.50570338395783,-0.854545169339148,-0.647156097080336,1.73786476984325,-1.53945791452161,1.71954561598364,1.07399123112378,-1.04493929936085,1.4592357935075,-2.67508884297087,1.32244347485369,0.359140102826804,0.441579663390225,-0.152951442880581,0.333951823572292,2.43570529884003,0.464914995105551,-0.38396469364253,1.48133501396173,-0.374728216778479,0.615881339349287,-0.906200127111974,0.308773134789505,-1.30749686070929,-0.623533868126719,-1.27476611331855
0.0876640152578034,-1.39384501522395,-0.850863531407722,-0.454155957139175,-2.16337693797872,0.622473848798804,1.47260743614123,0.116080596253383,-1.0024013197268,0.32141156279161,-1.09974854548092,0.357495999231805,-0.0229897648011967,-1.73911927349683,-1.88274431042413,0.045621551483568,-0.695956358040555,0.400395092822345,0.797294600865227,0.010903143953586,-1.48804926410408,-0.636908090287328,0.991883818261789,1.86178527101706,0.0155224339428913,-0.11609555183237,-0.368867785981415,-0.219437858882886,-1.14814390871791,1.03289925081957,1.08837625001887,-1.44027624028967,1.15449493336108,-1.87378390972404,0.12193328972917,0.00831626410720433,0.105493168872452,-0.496910811226548,0.502384604737305,1.05978234188361,2.60061886873328,0.0872353320734169,0.937877444561354,-2.5490080882229,-0.359466973578674,-0.817128774844893,-0.606523352018585,-0.235952672203396,-0.717960306329878,0.922105091023582
1.07786943238652,-0.156635832240442,-0.0448082098403624,-1.39294303512481,0.0717066504441225,0.37975670336327,0.378245450778547,-0.213167950861038,-0.311912399366068,-1.11047634951364,2.41306369793897,0.942840048453653,-0.997116021221007,0.853907436324745,0.270282090387056,-1.21771082706027,-0.668709479229767,-1.06876713956973,0.386466139022831,-2.45370532887444,1.34115235604758,1.93050082833118,-0.206387632943091,-0.20430304588683,-0.808300704461777,0.717218417125672,-0.485221161839644,-1.31710227519359,-0.0687678821531744,-1.61606632448296,-1.11610989205712,1.34480941745484,0.228828748365621,4.39721290891704,2.26067860970566,1.85504825184427,2.3517279217019,1.02952952938832,0.451871849334431,0.80141348661502,-0.346445623732476,-1.77221930097946,-0.516319138459981,0.612653345226522,-1.35519457434188,-2.27756629044473,-1.34990270300111,-1.53984908451193,1.52349187187484,2.68843972817413
1.42212814657062,0.0103573241396184,0.977186464933247,-2.15715626857921,1.27522265041921,-1.11250544084485,-0.783162276764065,1.30950833033503,-1.15120008414543,-1.99827371551761,0.691561970475458,0.400809842140371,0.234891684879611,-0.158170574091806,0.934784715796827,0.270524708938146,-0.362704404888071,-1.81992084495229,-0.120324880179384,-2.46837382406564,3.40224450231795,2.45657066087106,-0.677865258727702,0.0681491196406001,-0.664871667840295,0.644989656172616,-0.228131073117731,-1.45444421422581,0.838226647396373,-0.97958351528291,-1.54826252608103,-1.05691077125948,-1.84507110846407,2.1944313855349,1.15278069473156,1.82667205649738,-0.701811982234337,-2.26231511529969,0.906210726016996,-1.4972857734847,0.557964209164215,0.549278014078727,-0.803650216155899,-0.191149707211765,-2.38310774151936,-1.85989071949378,1.38307870593688,0.990004939382035,-0.589845163844582,2.14573712899609
-0.0205194529564196,-2.04779944584655,-1.77660571401322,-1.28416582892562,-0.350690791952974,2.12421032282543,-2.18087200902868,-0.691371646005227,1.20840991138365,2.57955251313273,0.517742465513923,-1.09651613843088,-1.51253180550486,-1.43173436691509,-0.0275888665526949,2.06082627352238,0.531275212952188,0.248596575052239,1.95727637657679,0.410836402570306,0.27248023527327,-0.616850272545158,-1.13932338887768,0.0583539396603961,-1.54641088472575,0.0609267612425393,1.86825202532044,-0.606418705937163,-0.270792115692562,-1.55767947373077,1.80679516464396,1.72511880881754,-3.99509214153429,0.284633656132435,-1.20429685693284,0.917065202617498,-0.963367125444295,-1.43539111735889,0.167997298162576,-1.8367328323972,-2.25157956139375,0.712218673370544,-1.66408588086787,1.21383876006469,0.248478633746407,-0.648364591729709,-1.80959563178598,1.20057943488488,0.128270630231001,0.393818222710828
0.0391024491515847,1.01425369581996,0.00152275692122628,0.510299211099612,-0.997460531716494,0.995407481626175,1.38953822974143,-0.58135572109247,-0.0566841851894858,0.954717012705747,-1.05800041052702,0.569490852725958,-0.776983956665155,-2.48484953062287,-0.863605452832727,2.12864524715395,1.81496085069508,1.82400557930898,0.557414975811607,0.0406414793043864,-0.565585215666326,-2.24848621386399,1.12710521960156,1.95705274969274,0.960400226170624,-0.715502409400983,-1.57399187241912,0.547536305238583,-0.231786469309967,3.19891061198576,-0.705527593680111,-0.0149331295721907,1.53825949350293,-3.67161451147005,1.68079213396074,-1.10008967365824,0.63673478268329,1.31172103679498,-0.106148360411633,1.81785583387471,1.54979756071717,-1.21368091261166,-0.49308001213601,-1.01911358109387,0.830700734500034,1.12701716637271,-0.895542756641607,-3.29556998191772,0.868020390461653,-0.131096840536999
0.0221868729983932,1.06187027138311,1.04860300510118,-2.41358264380015,1.10714269820194,-3.79168488175741,-0.506599536980976,-2.66250422942639,-0.297002301504484,-2.57718840372903,1.29337105287536,2.12534723634783,1.19107913127028,0.170056862254819,0.604438966109194,-0.963692095111804,3.19611030004207,-0.392250640396054,0.581999986394245,-1.66021844429875,0.805178146997288,1.36714468677186,1.7593088950653,-2.56154352795968,0.341495607318293,-1.04957815774277,-0.261862712937145,0.465915029912862,1.18358813399961,-1.24805437247991,-1.12413420364281,0.183802445645522,-0.313724165070982,3.30179915967709,1.07327160944843,1.56278073640064,1.74256048329107,-1.90816207871105,-0.712168207446568,-0.639845890984783,1.11496186163878,-1.75940795486621,-2.31371226287732,0.63287811377848,-0.295882256321138,-1.51408757057258,0.916209449550919,-2.24256192323075,-1.53599138146017,2.12420518756898
-1.9185094940182,-1.06503034580647,0.417232594453108,1.53276787210054,2.02381977112688,-0.785230805692954,1.10474166686629,-0.684814086391146,1.28225206045113,1.2538323877609,0.0312827955120624,-1.81840444186501,1.50116692612718,1.13971476098506,-0.447312573167869,0.728542993057332,-0.147587676526192,1.79487069789459,0.0372004707493247,1.75328751827081,-1.18876774455218,-2.96377555298712,1.92814035342162,0.699472025672324,-0.598572381185315,0.728224102267581,-1.40662736168117,1.18697017045481,0.438611724907858,1.59840719367332,0.185332018154403,1.23593513963376,-1.98915587290232,-0.615645360028351,1.64474973247558,-0.573112137674101,0.764594351910233,-0.585834991034884,0.259779473714057,-0.464176920139325,-3.25016764407037,-0.930838532168077,-1.71410896676399,1.66060620787206,-1.48505750133968,0.0753888742128637,0.0427513298883217,1.14382447953259,0.699634609951665,1.61450940776199
-0.417328833416854,-0.401917922862989,-1.08229937114686,-0.812812362742109,-0.539517298333429,0.750809205557165,-1.0988824026525,1.04416972271664,1.62242517053598,1.8722759838745,1.13537821954338,0.534021332537616,-0.104038041650391,0.168278630874405,-0.269850546449641,-0.385879082981565,-0.0746285450740753,-0.0538837439996256,1.11952999984723,1.97821321073886,0.301407961501991,-0.441086028153597,1.62809540015393,-0.283217164354845,-0.458327430358576,-0.580920879985096,-0.837152287638184,1.41749218569707,-1.15040683019522,0.825164944661007,0.130458605873897,1.65774362547304,-2.18072597662105,-1.17578058348105,-0.0957830997820153,-0.118656673939937,-0.733172423113373,-0.98893400456228,-0.0938688310323518,-1.38825043863482,-0.965639461578681,-0.00996209360995323,0.0706147651822314,0.758578255022044,-2.0335190819487,-1.72122438388405,-1.78577262961592,0.845403102601056,-1.14058958485908,-0.862126523726703
3.18590978816561,0.629484220690843,0.935592502221375,-1.09043381742766,1.10980775982019,0.272942013270772,0.297570887103488,0.723416979946475,0.232139307650582,-1.41855079981434,-1.10260396681477,2.81702804880261,0.162339812658349,0.109805453801423,-0.677362776712872,-0.526862542860499,1.81937810735483,-1.35427902525338,0.497482666484213,-0.549390375408887,2.48808719933687,0.259894997379769,-0.636806387494067,-1.07126910902068,-1.85980931225288,0.665562130829732,-1.51536676986714,-2.26329405680072,0.70267865818497,0.0536149140314348,-1.42186918806701,-1.97788513846236,-1.39571851967577,1.58170863701779,0.972896602703897,1.29635937312486,-0.434309631631975,-0.605597531351302,1.69182307983773,-1.3001808017164,1.11773616802531,-2.15280416295472,-0.353639055346303,4.11336403479403,-2.83238061521543,-1.26954997730049,0.855204581310737,-2.28219595847608,0.140699540344023,1.6892009192498
0.552771213013475,-1.19562294310061,-0.841955811176439,0.359270578255687,-0.37315879150884,0.762842288422357,-1.88959090222954,0.879913847065769,-1.09854377855168,2.06446293170319,-0.176380801062426,2.22874161372814,-0.0576367726756089,0.983512498643499,-1.51024212148485,1.85108240768908,-1.83968410169456,0.214529656903185,1.19618092641558,1.88891220216169,-0.329335132403798,-0.689702485714922,0.153711745022598,-1.67756917194795,0.681173311383098,-0.117140129731685,0.31854486109698,-1.09384597015425,-1.55963777962649,-2.07216670953412,1.73825779356342,0.091632400922037,-3.71328786772249,0.868788110893704,0.193154915170826,0.978058730984118,-1.01329988766563,1.31441495833388,1.7122141836371,-1.31096944200443,-2.26458559780579,1.75603420146675,1.39403558450411,0.348346898735321,-1.80138203076417,1.15344022783839,-2.76333582602499,1.33064584384257,-1.22014776143544,1.13086557052954
0.413122747104512,0.873722357272248,0.446230883991124,-1.36136984438193,-0.077060028634365,-0.542583275383735,1.73145368861488,-1.34649096166301,0.897045691983204,-0.261490796498211,1.32114534488584,0.967683532957774,-1.69790613187126,1.91008317865606,1.35208147214593,-1.68454871564669,0.492155345220566,-1.78387273713423,0.797609422796978,-1.4147390812802,1.6493887271118,0.786060690462786,-0.152194690634625,-0.763625722183826,1.13859763791694,-0.100830222232965,-1.0446420049541,1.16149523811399,-0.398240043912319,-1.62895923485146,0.851462565774915,-0.942713277397118,-0.619362598428995,3.44261932320673,-0.594584394202556,-1.66675301050791,0.341517454630328,-1.68244247422341,0.239512832462559,-1.89229983391131,0.471447641963094,-0.478334422533726,0.609991356173494,0.107156793748658,2.06527394348633,-0.732447425086274,-0.978761139356692,-1.50111677404368,-0.869931109250351,1.35793720652499
0.141118209216005,-0.156334511531893,-0.594272983226842,-0.978158848438334,1.34323782070681,0.212295778953925,1.27989098158787,0.668610470323608,0.891317990124396,1.68917536521571,-0.902039792383997,-2.2542777539303,0.227539950518193,-0.740549767887794,1.7142570209551,-0.293089615421442,-0.231510162348389,0.730204981382658,0.989151707360261,2.90817247728611,-0.869993038095183,-2.79116045039993,-1.30214693657374,0.293411170961532,-2.31453901478458,-1.54291968689859,-0.636220363666938,-0.12708516166099,0.484451885113355,0.0451546294687013,-0.829402077476629,-0.178689130110962,-2.74562932549355,-2.6486684435766,0.0872117619998198,-0.515044343608481,-0.525311420006584,-1.60472248396578,1.00582412302465,-0.903667103048348,-0.975579238588482,-1.74111517665198,-1.75208567640401,0.907865148689334,-1.32854565681703,0.403720539921058,-0.206282566687725,0.325953803491384,0.735251938195466,-0.501415193629577
0.0130184521815226,0.244980776771138,-0.418971927203341,2.05883832711531,-0.617544741458725,-0.372498702485698,-1.7498486471695,0.678864691835951,-1.20122489141039,0.628946463937506,0.533136985810359,2.22419376972636,2.29866061856013,2.21835745652676,-0.444606745426958,-0.0468713488805776,0.989472747406273,-1.96114265847659,-3.79468031104699,-1.25344195949164,-1.13952526410339,2.40462815860095,-1.0184219040939,-1.16664281416654,0.888163026829001,-0.823921681269983,-0.567731509307461,1.2894026591032,1.60133202164958,0.929213491611014,-1.42568189105995,0.815960236569399,0.91863724429577,1.84662912716451,-1.02443477285543,-2.17352894072016,1.68974825893483,-1.12384834490589,-0.157843953420537,-0.914646139514687,-3.27540264263616,-0.474553803496129,-0.754054762619736,-1.51314926883557,2.02826407349913,1.42156208817743,2.29052570929927,0.0582831012126407,0.31366645635656,-0.73623526869964
-0.46245454938217,1.51154351950556,-0.392707210725007,2.46005416709227,-3.0904926422345,1.69639845844924,-0.279488774778468,-0.232849754110607,-0.252988662565559,-0.683798565143185,-1.87365252908324,0.719621771177626,-2.38438286464571,-0.796704076921344,-0.156385224317452,-0.140435669280002,-0.213533959460412,1.51281223211742,0.677691216410101,-0.475678569161421,-2.25776623271468,0.752591033566141,0.910729701807182,1.85046639366008,-0.615132482933808,1.60848108106805,0.735051201289172,1.03294483142742,-1.53195598517838,2.71271603023313,-0.140233332446385,0.156698060298397,2.71425717336488,-2.87439424994664,-0.28110546691807,-1.14619108511847,0.573883394251793,0.272912072024567,-0.987674133464443,0.988074077539136,2.18919419981588,-0.251860718286118,2.08756146322558,-0.946512130243297,0.787651890901522,-0.45759275213957,1.77731192589719,-2.40993966422202,-0.493637098453473,0.389907685566284
-0.539695490995339,-0.662957174546867,-2.15916374994918,2.33225556679544,0.138768616044514,-1.99939799397147,-0.136504782698351,0.0301134031640352,-1.62852012518427,0.715302341436809,0.144453540140878,0.939551272774992,-0.164712252138526,-1.3435825337404,0.725173653934267,-0.125518028884689,0.624612901530245,-0.593442271612086,-0.738183761438581,0.228027031139319,-0.358948480469576,3.08882052162702,-0.467006920315137,-0.0304563184752474,1.53045490764728,-0.0443773013425322,-1.58386453099674,0.783916223286763,-0.87828902030242,0.629867933297683,1.00661360861224,0.448301052075614,1.12258442440787,0.0840355745418647,-1.52105724395498,-0.891701582341171,-0.305011292043693,-0.444735116203154,-2.25286130897721,1.59036354187912,0.481462722374971,0.0825912134655074,-0.0537055844884746,-3.15338994680637,0.0347696714614191,0.054642552100278,-0.916415090704932,-0.426724018486845,-0.918168169422299,-1.27710994679899
-0.251859995715644,0.102277127670333,-0.816262683658875,-0.874849420875643,0.30298997021584,0.563362666262223,-1.41350742441662,-1.56091791576802,-0.219334662481162,-1.00145019758652,0.866580802833236,2.18931770390631,-1.0034060731447,-0.716117634471031,-1.28023517897536,-0.0865807457798754,1.84761110680351,-3.2525191078475,-0.892850332114468,-1.78122437100208,2.44150432953436,1.77394307758981,0.236084120294001,-0.793678512236887,1.23846610435963,-0.802289547528451,-0.598882894644562,-0.305679438373229,1.37080494280716,-2.29902841153248,-0.519421710700107,-0.0370711701755894,-0.509715069764224,1.86181122851587,1.69110633931759,-0.403820072331799,-0.463291195131661,-2.83850837011125,0.838474981930427,-0.763110923007648,0.992089245718657,-0.386480926008676,-2.03090153479919,2.33319190264621,-1.12179680548812,-2.26477334756628,-0.410284824760743,0.499141011932454,-1.0097812206589,1.57694483279123
-0.147164627298811,-0.691712878233867,-0.102409070412017,-0.814871595942101,-1.2737058887553,-0.00436425867158477,-0.0861673313634251,-0.101902422336048,0.0260095031904067,0.221935502539831,0.855786302589572,2.5587055484578,0.359283984422511,0.0481633644964099,-1.769861659964,0.136692325675216,1.55145515198679,-0.68910563554782,-2.77502904545208,-0.0703869557298353,1.11394453701353,2.33547422614721,-0.682211182137858,-0.0267529590225948,1.52560713007106,0.352843062825264,0.85230541296899,1.22028732624891,-0.344764619994685,-0.0098800795565375,1.51541622749798,1.00057979635794,2.32048663082836,-0.471039046796467,-0.622563214780953,0.462857428928658,0.159696922739863,1.53707723424396,-3.02777849867715,-1.08780971394711,0.286195834279052,-0.156377993083335,-2.02001138352621,-1.63212844013888,2.20599538689201,-0.012247856455562,-0.524628129594919,-1.0638043818248,-3.43247925309526,-1.77886843700631
0.721080750291303,0.59833045441153,0.450861168376973,-1.50170896154313,0.774699373793014,-0.999559951958462,0.0420428104670384,0.597667483023272,-0.977215459033654,-2.40638144012175,1.69586986370957,2.81459312554289,2.0831648916593,0.271410542361373,0.92380149728397,-0.619750856879559,-0.0554982592824332,-0.58995769729329,-2.33624718967633,-0.864850234091552,1.05740654420718,2.08115204224007,-0.401600063975363,-2.52806388430702,0.332158009902638,0.637057392220825,-0.148707227973533,1.54999564988964,1.71261814158681,-0.272583219509277,-0.358862714689644,-0.988264789313592,2.61017564785165,3.17072974414573,-0.559717803984971,-0.329864445514725,-0.795662611320589,-0.632198792960618,0.985313501964633,-0.820821539200231,-0.439694236623915,-0.0678740118046248,-0.584593688702698,2.47694243546266,-0.426834358371414,-1.68249974063662,-1.09669326258472,-0.941946471793521,-0.33259932111422,-0.526056403244326
0.231725031192931,-0.68569490423865,-0.509494253433104,1.38714849367852,1.62970596644102,-0.984083772201051,-0.274083656006618,-1.83938184607363,0.757504795728508,2.06268515770031,-0.00494103113827335,-2.22469121520816,1.47821177205226,-0.183214372201406,-0.421617425164997,2.02911099957178,-0.850262235545365,1.6154088473059,3.13387439026372,3.48254049382058,0.953048852203207,-3.44436310432901,-0.125074136841808,2.36340330687087,1.34272518870467,-0.909892976918006,-0.423179100264892,-0.245183549995386,0.109759127480659,0.989603248164433,2.11396827371747,-0.152425346837362,-2.18522896379869,-1.9319699107416,-0.0858227069758694,1.15891746653129,-1.05572860785968,-0.14312443084943,-0.331587073788841,1.30414612535039,-0.134497315640267,0.892121352280194,-1.10498561941658,-0.610866142007258,-2.13119234585787,0.94209706355515,-2.05013333286226,-0.283311806831136,0.155206900164866,-0.731375123526648
-1.63417402247556,-0.400097835685322,-1.09911285539194,0.193436256787926,-3.33677089294758,-0.994389273112589,0.783551979421149,-0.0614727703921538,-1.37278370164664,0.649766551849006,-2.54228797446339,-0.327837005448359,0.446377624885837,0.670900548871323,-0.79046114392405,-0.305913830407892,-0.561202695240746,0.358444370957735,0.017733038422542,-1.98852740228114,-4.05255330893238,0.547848790794578,0.5552970261178,0.350572791024373,-0.169777402446609,2.00583124143389,1.90199738574812,1.79631357257523,0.0189010637326321,2.6892036769849,-0.771430563076789,0.285920814030104,2.32780857004011,-0.947711900320948,-0.569461852860582,-1.21418049569552,-1.51340597333101,2.43609131875987,-1.04989242653858,-0.0502373225381372,-1.3315213876749,-1.490189399519,-0.0744673546471676,-1.25885509392632,2.99403451497544,0.160465594297263,-0.969489806052869,-3.07102936323497,0.692904251671932,-1.0332374932202
0.421068404340181,0.502675651694212,-0.212546193941579,0.605736838629351,0.835752778475428,1.00358147742819,-1.91476821567798,1.00241162467562,1.05530772205096,1.65289760677779,-0.310928905482127,-0.947448023807602,0.0480803425097059,0.139367142083278,0.727492476676207,0.137515897249706,-1.0939072776808,2.31213387588489,-0.0303750197555901,3.25428451452977,1.48418154964737,1.02313018611493,-0.155815269893271,-0.572098377664524,-0.784847008607885,-0.138951928104101,0.902849014772842,0.379368969448017,-1.8024694158338,-1.21050225367245,-0.549922119278231,-0.846234347420897,-2.12221169119134,0.413900856196935,-1.08281808672299,-0.0529286972692775,-1.01888267810587,-1.39419389549464,-0.910266184822129,0.57338352004881,-1.03802991584921,0.760142806329288,-1.04226535754429,1.25577437808351,0.419930746167749,-1.114553700236,0.344812130771082,0.183439876423261,-2.34100182822554,-0.716790996521323
1.80996347874843,-0.492215332087005,3.56792895961452,-0.0385407754051156,0.79996111296374,0.198177524287121,-0.221994500850425,1.23901733174238,0.869372680930418,-1.30423038523794,-0.596436975060671,-2.61613674728181,2.35789019039797,-0.974279630887338,2.8632074169096,-1.20533744640642,-0.463671953025891,1.63761081644725,1.29405475983644,-2.6177996371421,0.747282485252035,-0.116076622382564,-2.14655318367275,0.141219053540918,-0.78604378867914,-0.863520759323603,2.79773448899379,-2.4081081879908,1.19611831844212,-3.66633597237538,-1.65036714221634,-0.739979046956918,-1.82300891460012,1.47863235120357,-0.249774165585074,2.11079366688477,3.4312453812761,-0.303922194946115,2.08191194505952,0.710598707219792,0.82177714707001,-0.609926373976592,-0.495716354038803,-1.79431697500421,-0.149361956363672,1.10130232724683,1.2124804582388,2.28743861390343,2.2164924276318,0.45590755061703
-0.681434656324206,0.0275974917815744,0.176438571950216,0.54128335741552,-1.81258051266052,-0.902086732375251,-0.690453344992383,0.53720680269372,-1.02134689968459,-0.603567663651757,-0.165922610929947,3.31576096866223,0.0536562502133198,-0.731517983528093,-1.13170629039337,0.113204448853573,0.324204376329748,0.0146288630171063,-3.92857022976206,-1.26888208718359,1.0557916684674,-0.0452291660160688,-0.961092527976489,-1.44005523241903,-0.267235140858537,0.317277560248553,-1.14051190577819,-0.126715133822054,0.191523480482694,0.38664543238399,-0.325253806128748,1.04206189475703,1.23919902979845,-0.397216502296234,-0.923933850369508,-0.91399267858114,-0.892341890949974,-0.380068648365498,-2.25675428302575,0.14565698421116,-1.77259406561713,1.33069009123331,0.320485417267176,-3.0360238969214,1.22538409026495,-0.0428720261446326,1.79017965478731,-1.27224181183708,-0.425421110123547,-3.16963339596043
0.0994835251768391,-1.98252275852092,-1.33767159902913,1.71125020881071,0.445981888512931,1.06402029062705,0.363929448476861,0.92022695304426,0.266662825435287,1.36151687024757,0.946432789864872,-2.09645776421957,-0.414533703688099,2.09844805105923,-0.150863772952279,0.138144006069097,-1.23579432340383,-0.246723637921693,1.0034553659955,2.84382315580252,0.449386971964749,-1.07413109819458,1.03916955653194,0.104275977758745,-1.40838291953804,-0.220289188349461,0.798517475294252,-0.194099826525078,-1.52291105924898,-1.51338708872365,-0.122135460091399,0.404690280948211,-1.77562776589539,0.563505149130747,-0.120104883163099,2.32753311260876,-2.16208913384226,-0.0492012542711015,1.12378595068815,-0.740430907413117,0.699164480026882,0.527924142487018,-0.630152910061547,1.44926163963326,-0.655628920640653,0.777053575078216,-0.59902075401207,1.45273380157104,-1.44843814802256,-2.38470354266051
-0.825676804844702,-0.180410482121704,-0.248072576711694,0.555185206209868,0.154279759867333,-0.431991282884144,1.30693309948647,0.123999749801613,-0.277903568285232,0.58719669390045,-1.64804138757319,0.923594667767437,-0.0341250122706719,0.0105399776778564,-0.355611764800468,0.244891695530446,0.805614676520672,1.58176164544574,-0.25627595449506,-2.24756684717831,-1.35422427873503,1.39021214039442,0.87389442053029,-0.192488493432528,0.897227683718342,0.289860272392192,0.366572256790177,-1.61312461700414,0.134117888967438,0.643357901265592,-1.02107897568266,0.962731145165081,-0.912143357907568,-1.50180372509818,-0.692095199787143,-1.37399409387631,0.0683550849894471,1.71823191823312,-1.73352761629758,0.633434429570428,0.360362964483951,-0.731613781143734,1.17782907631967,0.053092273659414,-0.39222726666389,0.0480105226126749,-2.47519305673026,0.529594861228949,-1.14075498972439,-0.00384695271665225
1.94330736933513,0.319207078398299,1.52399631532002,1.0140922344367,1.20037030598755,5.07488537828899,0.348198778629809,-0.852190392358471,-0.0337381082894477,-1.54097252582047,-1.17015739857961,-4.17292994498251,-0.349455249702069,-0.213586339656347,2.00025079977159,1.3544262879744,-0.84662931707793,-1.46659618627017,1.16739401470564,-1.83059760848472,0.728995245869774,-2.13648010727936,-1.20575640850734,-1.24866090848858,-0.947627897166176,-3.60747713120565,3.85717681846424,-2.45234199652491,-0.590911615355819,-1.75347836613337,0.505497977791682,-2.44221566690655,-1.32249751428679,0.710480755419076,2.58601651109613,0.560908452187778,1.19870020564104,-1.67989819299538,2.22986635335938,0.594810243704472,-0.0332382541499718,0.213447647661086,2.11084552262302,-3.3304524446194,2.76970707576493,0.693597044087104,2.82054357211711,-1.40517130198736,1.04022608654836,1.07996327096301
0.611882412980754,1.24410899412803,0.655228174541884,-1.35479343676114,-0.470340382500369,-1.19741766710482,1.55443062805284,0.122916715802021,0.582063193413513,1.17995353965538,-1.91088917137288,-1.11058839048234,-0.825509071754802,1.28720162516617,0.906542449924411,0.193217680855109,-0.290144554339527,-0.368447035760212,1.54762026184238,2.24771247361217,0.682976462687561,-3.07645355414907,2.45906615429801,1.52233686491908,-0.0973841675673642,0.813186111600343,-1.07984147561836,-1.04987325665881,0.987751315637599,1.36621986362098,1.59979685819102,-0.196638259945633,0.0484811014000674,-2.17803004848719,1.64911551131218,-1.41572194447479,1.87066565313985,-0.212759485791914,-0.569588512450411,0.948989161921465,-0.734023236754085,0.256683434412937,-0.343632857974791,0.703674897735196,-0.669817509650231,0.0808830883673011,1.5972728001913,0.224193850307049,0.000239045261604887,1.48126391432245
0.237055395676213,0.255092412644271,-0.0560167545258559,1.09984880722994,1.20238635197733,-1.28971663216853,0.728715210140342,-1.46729418364162,-0.0939624988499557,0.383863084368525,-0.905983757663222,-3.18387728210211,-2.11662596792931,0.476382942898231,-0.452339376646069,0.510339711175589,-0.70726695346529,2.74462142688427,1.38838418749718,2.4106587484447,-0.729082562846233,-2.43928686580974,0.326981325879365,1.5837438952036,0.409377872130266,-1.05140532818185,-0.407918705536143,0.887223811797066,2.35710338270096,-0.256313813289415,-0.30276508911923,0.856682497789301,0.416444653050659,-3.90964305663173,1.10239582883319,1.0082263585017,1.26412587745859,-2.36203529082753,-0.503303066666978,1.66691031517023,-1.80351866960143,-0.969601511934162,-1.11382047894883,-0.292425296181667,0.0158800110098348,0.733261256423223,-0.632514883292796,-1.70412970288852,0.167195630724029,0.997738045990911
-0.770968315745576,1.10259737835298,2.32032806083544,0.0284012519411599,0.213660480795786,2.54909506990492,0.817069574520954,0.640932495834785,0.82976119190598,-1.51757868232746,-0.364593959790084,-2.36215068345656,-0.588565952857406,-0.378963873568783,1.28219012052166,-1.5299069917115,-0.546689715560589,-2.24941407652911,2.22002285977578,-1.32464616692561,2.76135742527585,-0.492813772068559,-0.710003888350487,-0.081464443974876,-0.702118286665003,-0.401990963611811,1.58069305408937,-1.15513393090339,-0.569465067277927,-3.86095710024167,-1.39355601841694,-1.65938718371689,-1.10764557575988,2.7817859462145,0.377759595363642,0.428060709296515,0.743684122220424,0.889231015313664,1.89476914315784,0.21641537355974,1.25740920614164,-0.967392971754832,0.0236356293710712,-1.47814869986715,-0.660683059234076,1.00761923006581,-0.54341286481194,2.22050473132108,-1.27902967360794,0.311606519436669
-1.69702027815935,0.264160543047611,-0.99449297070787,0.0287915336001515,-0.432649489145489,0.753065953695254,2.60514459643009,0.165500041232837,0.310957519266244,-1.45076853797459,-3.17166111442687,-3.3952242148962,-1.77662313877274,-0.776495041448953,1.10015841126792,0.0901100147005089,0.189313727390355,0.570487718384415,1.54923229259331,3.49658641995421,0.0290401762659613,-2.22566298782093,1.55625607023076,3.14085566562101,0.703835172613426,-0.609831486932657,-1.10666132389721,2.0853899094503,-0.16532910673105,2.24808574819238,0.0514697498624566,-0.418352498540752,0.536195951643085,-6.05832639473154,-0.0695599230607949,0.665654009863686,1.03394778945478,-0.766037474689299,0.319265588016305,2.81509973050628,0.877311446197196,0.459026386931627,0.583246304896252,1.02494660846778,-1.81649120874461,0.720941413065166,-1.24818015208472,-0.545955173339625,2.17034379203094,2.92539103338235
-1.21832894270247,1.50068797926895,-0.576778172794292,-0.842885901325489,1.65683444790885,-0.0377524515750416,-2.77592721899434,2.08493042626113,-0.584301003533474,-1.3777974820547,3.63869113249975,2.82287757758912,1.46320358688331,0.82679461502176,-1.25599650214715,-1.90941148833799,1.88907207835999,-0.792346990062041,-3.56231857594407,-0.0647547143824781,1.04978588624286,1.72973909271311,0.450711535096016,1.2623731130369,2.30190369561457,-1.36087448123912,1.29660898611954,0.787903131732211,-0.346873907597772,-0.104086980440455,-1.0121944485689,-0.0509528828679128,0.133630626023393,1.35546124782515,-1.18172383818266,0.0894661500956106,0.776621836094526,0.56301356669146,-1.23591423802484,-0.165593769948905,-1.62859429767465,-0.438541824734373,-2.69532976421167,-0.151510179884132,1.40317378731751,0.383235454123029,-0.0166396193373236,-2.24053905923503,0.929107618248721,-2.28365921897729
-0.482069689286603,-1.73910302583275,-0.342882438963042,0.543133926013927,-0.446124780599647,-0.849953361093485,0.0238552279137658,-0.155564150288152,0.551110632323691,-1.07218375596215,-1.01180083420232,-2.74209095076276,-1.06899927651256,0.548669152140709,-0.103887644009327,-0.168356727894331,-1.62509113604678,0.457440049288375,2.57060936097604,0.545590840980008,-0.233397510343084,-1.99529183046388,0.456421155798432,0.738055702830882,0.549694604075837,0.154266556735647,0.353788153960234,0.24977637487047,0.241064996288995,1.44495361830163,0.706544185777253,0.12705631643011,1.26666325832559,-3.66096790669924,0.615144902125381,1.48151894643552,-0.676261852601216,1.60413296709056,2.16307176601066,1.40492116553937,-0.221575989193072,-0.785987417868156,0.354027773173134,1.23609655702675,0.0728319987953835,1.74216359337597,-0.04649806846543,0.443114325547769,0.729089898183924,1.70462340099841
0.80762940611509,2.28120791263846,0.658310983573367,0.456123818803805,0.0299714327645031,-2.91152915931947,-2.34879760424251,0.317967989563137,-1.13199211108127,-0.848442868532502,2.43166138301211,3.5007023841371,1.60784612341903,0.775512015140264,-0.451978544572805,-0.511714000381596,-0.18242909516562,-1.25031753336656,-2.24400875480959,-1.03320180254104,-1.00024325034772,3.15243553853819,-0.450200419139528,0.197541676146783,1.36331876803504,0.900709681531782,-0.392354252582993,0.668794013951118,2.2395413738201,-0.201264201657293,-0.0888947352119108,-0.0435135779727941,0.669763331921539,2.75390778953114,-0.685367717853162,0.242787661233786,1.5755783818339,-1.28294996009361,-0.143670017435066,0.493066611809889,-1.18470738203574,1.27771954034551,1.36831380260941,1.39667633842041,1.33130967958249,1.47413750487853,-0.0684898599844187,0.121478675358081,-1.18185814355817,1.64468804133126
0.558485816993037,0.937237657271795,1.58658655878031,0.273810889155412,0.358468223481082,2.40512227884241,0.366795819460521,-1.21677928711284,0.0702910445444244,0.164189237188722,0.220342115888424,-3.88184337062087,1.35548464533943,1.63062919345998,0.841913276322361,-0.33292281876493,-0.738315474723937,-3.01223603143056,1.86999995612873,-0.790270453540742,1.16186861112158,-3.54255127190642,0.445445507743847,-1.01811908821047,-1.22367357358726,-1.53474878256328,1.09656626599542,-1.9391901709358,0.329423747160509,-2.92435044228304,-1.5695625333898,-0.837144807765517,-0.0913331470255739,1.98062818800699,1.2889688901128,0.625353377481099,-0.825215028823141,0.910715824994794,1.0237373580858,-1.34940997171877,1.70618017209437,-0.308776868953469,-0.154496624699742,-1.86357743608219,-1.3716756918742,-0.136531996578998,-0.361836568465767,0.193843847247485,-1.38820055689781,1.32684207394256
0.662147983424082,1.51059625145344,0.706560760144197,-0.59606433081265,2.67413664240865,-1.63818200867796,0.589225112515876,0.228304392319863,-0.0555478956163581,-1.52006148758912,1.005540224156,4.09459084066409,-0.00216722391254697,0.978933761204749,0.507126192620027,-2.22679552194081,-0.461005643457366,0.290931593109703,-0.369006409724083,-0.552199242340023,0.714572315549395,2.63087093199814,-0.760777731086556,0.483169443896509,1.1371168670377,-0.167652268219994,1.13611062322175,-0.78833708675038,2.27807670186719,-0.876611618097275,-0.405297383993804,-1.20807391866331,0.156475975877868,1.69751088567063,-0.542770237048474,0.24991347773049,-1.12427347236634,0.395544752651975,0.252549531865501,-1.55835721386582,1.20816715365263,-0.0391463357729263,0.92407150469896,1.38739915298512,-1.4579196889005,-3.1220716876947,1.35366521451305,-1.23085366305785,1.5853524061772,1.30970428201926
-1.41143070104408,-0.764106574461795,-0.767867193247848,-0.514262006415724,1.63912007354753,-0.900714001621512,1.18593222454475,-1.16901362049328,0.183264676471655,-0.34397397864557,-1.80442855309286,-2.93020650630215,-1.52945759085396,-0.340858125773414,-0.118062632991871,0.822744406796259,-2.00879133623111,2.01392375587788,1.2681812920939,0.236352246428232,-0.574270623596146,-1.53150379901966,1.55189988916507,1.87018969840092,0.355777670362889,-0.389117282246475,-0.80377032633977,1.41521715901549,-0.851200175620807,-0.0424606101827594,-0.0862362022458876,2.60635220660415,1.06402643184839,-2.90201066223899,-0.0364186156823179,0.713931882516981,0.817524656376827,2.48226991320438,-2.98075202173718,4.10920964142134,1.901135269498,-1.80170681346653,1.00256588100427,-0.992193204564641,-1.33760947145553,0.201941419344416,-0.307469467496215,1.63013232665067,-0.393108690137032,-0.399103144214569
-0.877518453300603,0.716045503884348,-1.98382488657814,1.59844205404231,1.23710706757501,-0.138751081198839,0.870895736618402,1.29104935676818,1.64859496977104,1.36610774596236,-3.09108037700168,-2.30937515730977,-0.374325683154485,-0.554472856959576,0.219720953042333,0.645067009542623,-0.352596356153058,0.217082216653213,0.878612324656969,1.23482826542708,-0.726408861958305,-1.75564815652842,0.862428269129122,1.23627021014503,-1.29825516012494,0.970432702088466,-0.288584398730461,0.62521953544104,0.541163133397632,1.2059939494418,0.438011122392684,-1.21283147653481,1.74365731487833,-2.07435930907159,0.544260145109098,2.09694063938118,1.434923197922,-0.789282648717697,0.633214427498066,0.187901321512041,0.110152656567428,-0.744402269538582,-1.17268621008442,0.593491342191792,1.57216609455723,0.324476425896634,0.755590060639943,0.698563323797974,-0.0600802189550274,-1.61673819621115
-0.541931978711673,1.31530429836073,-0.4668422529103,-1.70446907489574,1.79873747527901,-1.25715151882752,0.700473086927903,-0.300668768922991,0.472339231315407,-1.84257817442715,3.02341434874288,2.02263768335791,1.48711947477135,0.261494113840226,0.83148014612677,0.166147229484306,1.44004759752498,-0.0612034870176415,-1.02142232960116,-2.56850447970085,2.10716262970185,0.933850035767624,0.110669948506376,-1.16501884452713,2.75438823697223,-1.55349640105659,0.484218728974755,-1.38142830282978,2.37823015383825,-1.20222521229585,-1.28809059825947,-1.13360908587823,-1.69712384581224,2.47319192257411,0.575495457735039,0.195846922447565,2.08352779741811,0.664148430308298,0.887967977385369,0.502828341400428,-0.000285130097437178,-1.71281986990135,-0.821893673570167,1.83723581089465,-0.374831353357439,-1.44715401713792,-0.539371261519083,0.106249260132588,1.12775744980681,0.935573547607947
-0.29087677493394,1.2080714011564,1.58136046780922,-1.41186267171676,0.149260602496185,-0.532735311679527,-1.21725017114657,-0.441062537394504,0.117992317530753,-0.889191220456941,2.8892126031343,3.14477423324689,0.819138558146014,-2.67459476445832,-0.317876821515641,-0.731445183738848,0.745197454717583,-2.95385119858623,-3.85133865284171,-2.54079455142135,1.56841113109163,1.56322797446412,-2.80058307005381,-0.280021681129897,2.12699519187953,0.649631404065524,-0.467116066401123,-0.716150388134991,1.01540479152672,-2.14521085765268,1.03125670710997,-0.622258050529985,0.768485538639326,2.62604684370698,0.137399217602515,-2.08833077255062,1.00366036211249,-1.62724219675974,-1.33714459206405,-0.708786365369662,-0.271616589808591,-1.22067105977037,-0.49803436464726,2.16990809406139,1.28519236239672,-0.786055014098139,0.682158993284217,-0.0391330967226638,-0.29303004503425,-0.27476117629339
1.18059495372585,1.01388700612084,1.50477573520909,-0.028164848566174,-1.41580136887942,-0.163398912064735,-0.199356174851664,-0.441668523088708,-0.582709732642482,-0.591662318983809,-0.309206384316522,1.80971277001559,0.0253010185753393,0.204284548396953,-0.501061003277226,-0.369973573243965,-0.300591371541688,-1.67624272416301,1.27301528864581,-0.868328713235561,1.85086665763155,1.96564392719794,-0.127759863708051,-0.397096640193706,-0.0124131776560511,-0.0988719668400395,1.3623533955829,-1.86069533705872,1.02080819982506,-2.40278757270187,0.363644466707818,0.0120910970548378,-0.841827181054568,2.97901713338322,0.997376809266929,-0.0151169117225519,-0.459877531360157,-0.278671665183661,0.829144526933724,0.115215583182025,2.64260639298985,-0.978301790168019,-0.654964605775298,0.0781877824514708,-1.33349415525243,-1.8606591925543,-0.0542942337221848,0.451811030862589,-0.27442324931674,0.439555257410296
-1.2173701242253,2.40592871996216,0.232007058121523,-0.175862949078741,1.18610229129476,-0.89896581000182,-0.533740510313559,-1.33835021981678,2.0226311732651,-1.42837627535169,1.98701463023563,4.03236584836181,1.21544006858221,2.24458267809192,-1.5536094431134,0.022035773818549,1.10401217690549,-0.741909475715311,-1.91928078694183,-2.09050901567418,1.21860814747365,1.15120428619487,0.334342461451496,-0.438830541956674,2.09005472596009,0.35984395447054,-1.54411889793514,-0.924313558681739,0.077602071358939,-2.93084838060484,0.509445854059027,1.30946482549551,1.40876376162818,3.17166339522595,-0.319858553260649,-0.362364777138787,0.577569333366594,-1.52507015359054,0.959621607922625,-1.22091557059934,2.71661185245738,-2.43156601872958,0.157113964014247,1.46093140522911,-0.913713777966938,-1.10257842675308,-0.660602472581928,-0.738593914808204,-0.0305328429386293,1.96266618328712
1.16029598034072,0.571451179509361,-2.27783854375541,1.93438848036964,-0.847559804794439,-1.82704283807045,-0.429280718983676,0.775445710855408,-0.305093971795667,0.709778012222238,-1.25446578121343,-0.915446814236283,0.0930157278190037,-1.31997350707562,-2.18331592233271,0.00759525808645856,1.0297348587005,3.42880731317972,1.5797304526422,0.816371351639774,0.128862813436648,-1.30857970459431,1.83143076002318,2.64893210149469,-0.475671911721067,-2.19833635614099,-0.632539980419263,2.75700012969514,0.515511002380206,-0.867588751270035,-0.330075224355768,-1.03483921959586,-0.825387458525459,-2.8433281820846,-1.48584618454752,0.620047068629388,2.34651477711,-0.652901606421773,0.17728444727338,1.22792508523513,-0.233992456707508,-1.44324350989724,2.67706241044662,0.660870169933518,-2.24662391040286,-1.01544389175284,-0.673515164381769,-0.306726747168139,-0.492357492366986,2.06166292388838
0.00323791103162124,0.656174616983796,-0.96660917265156,1.99244530233672,1.63411901111323,-0.715462076383499,-0.432100073111588,1.79553273681833,-1.67223610865148,-1.15803178053409,0.555561160798398,1.37294625885262,0.34704532558114,-0.495486665046494,-0.934472968757316,0.568879451823165,3.19605241773141,-0.729385802772371,-2.39766569816774,-0.44563050691485,-0.211758541297312,2.40643685594378,-0.913399739249897,1.2127745693325,2.84352567853167,0.0397708578750654,-2.76536984778072,0.762031272365232,0.0746551961217642,1.24556495058573,-0.487217894719065,1.73585554963175,2.97266335956069,1.20529958495036,-1.39300247857229,0.0600943796171719,0.607254828099367,0.913761022626123,-2.32547887319531,1.68358515287121,-1.41335480700009,0.222136727186659,-0.633169112890706,-1.40933548293349,2.53984559974695,-0.258991164390556,1.80103487618588,-1.24198867697272,0.548535703747114,-2.56045323357839
-1.23025798387107,-1.57057559798993,-0.851378419702802,2.10621936870858,0.644613317098153,-1.68632120528467,1.71050969236577,-0.334158965302097,0.0549362226239136,-1.17669746230786,-2.42100709491588,-2.08012296708754,1.33708507669788,0.0125835294033872,-0.455605161590731,0.263102731243183,-1.95683576866352,-0.070664894337545,2.39662813027966,0.906612683285513,-0.397241062448532,-1.34622639907243,2.46395791312927,0.33703223146808,-0.229579680172387,-0.99511963979907,0.393221237842304,-0.469741416346941,-0.0185813875058122,1.33940020350898,2.33899976613086,-1.22851321231125,1.98092252370801,-4.86023311260524,1.77656387809109,0.160203398028135,1.71668548281971,-0.776169140282931,-2.23941469580272,-0.0956469934811112,1.85140166286585,-0.248505519797183,0.171119710570006,0.406650927165719,-1.57375327923106,-0.0433519911710732,0.0954372050516404,2.66548059744756,0.112721252661276,1.1752684945293
-0.464601523944574,-0.370479928968355,-0.281323440501088,-0.515687087234875,-0.149687553550447,-1.8800404022734,-0.149720686771019,-1.51410112569392,0.734773132303896,1.0815192234117,-1.41206860429783,-1.88729785477406,-0.081046216829804,-0.1488325998046,-1.08445778473449,-0.939596776290325,-1.70295369321366,-0.80805107394007,2.13804206725594,2.28996850842243,1.17984529518188,-3.59356799704707,0.89891508507641,2.26580162656995,-0.521723191034218,0.823600500510756,-1.29948241073252,2.37031325809315,0.808942264544046,0.470578437248325,1.63361664847764,-1.90770064090816,-0.00997849011764787,-3.85343355738371,1.17372737452191,-0.730080056118788,0.516993467711186,-1.13690937020797,-2.71072505150306,0.996134691082161,0.308163241753739,0.474470843354653,0.409405188808564,-0.74280982273524,0.0978840057160616,1.99416471105338,0.417223372427514,0.87356299151528,1.0921762687311,0.425064887790989
-0.488721246279897,1.02356701125846,2.86885631693989,-1.31497566586706,0.607502847498199,-1.06373670567396,-0.435837583675154,0.693230405129332,0.240698666713872,-3.44676749327556,2.20500570050114,-0.500635476400002,0.615226237467889,-1.49546066106504,0.230384766613424,-3.05034394820989,0.892685004032993,0.293530066691952,1.30739127628935,-1.22273530943467,2.71194816493225,0.930072507621174,0.782349559741446,0.196179293899005,-0.921969610573681,-0.000366630047866871,-1.58508419906166,-0.0148978654174511,1.80590657290912,-0.758521710996442,-1.94208125048242,-0.534608147419115,-1.35390441137541,3.87517544339404,2.30220466480192,-0.990566489881414,0.63912070134093,-2.35678602767883,0.840881010446688,0.193452910663617,1.45207974171218,-3.75866473168756,-0.185012116647397,0.856827048784406,-1.45736175886558,-2.47382432519892,0.684412270970177,-2.12505954810363,0.366921487884843,1.6829874233591
0.335159885194762,-1.46380848791704,-1.52724917810579,1.07024435602847,1.40279869235173,1.03256894399771,2.5659161298893,2.1167261606386,1.58956340400617,4.41878944713173,0.157553497762661,-0.141476637089357,-0.891625603905906,2.2332147742693,0.299731213109516,-0.215588034691957,-0.846540069468636,0.573039948405145,-0.905372089655031,2.41495174877216,-1.97491161042375,-2.12067141554148,-0.0469340317071906,-0.248986186177792,1.79144090867096,-0.301705733852327,0.0944068920955661,1.28060401942177,-0.752307718269142,0.60947080730114,0.371340845524197,0.867636333672305,-3.1377763490801,-0.876087424917893,-0.241762755326632,-0.569744089492923,0.340248007594825,-0.30590915800325,-0.0178379355759249,-0.553100957527513,1.05783497402578,1.2927885634459,0.802881664225756,1.33097682381402,-0.649174467314028,-1.03019530165482,-1.87744747524716,0.63345501477099,-0.487872368968173,0.488114177866745
1.58032703580864,1.44520603190727,2.28342266877054,-0.545123489941864,0.279721650936083,2.22462377627994,-0.223212025452029,0.398423694635987,1.42212641203893,1.30629931169981,-0.377995698007804,-3.15523591793412,-0.667930626291125,0.146256304633055,0.665040032310831,-0.486728900454954,-0.936228957051748,-1.72588004076421,0.752506924451853,-0.242587765922185,0.909674373410058,-1.38773001610279,-1.57797905946771,0.175196925771009,-1.42717369690798,-0.349653915366464,3.13189621413152,-3.88948597950332,-0.0915740006552809,-2.35656042972631,-0.586628382424843,-1.30630162195975,-1.96745216242907,0.784904215583821,0.299847473944094,3.0652313917965,-1.2416672630793,-0.469030828266309,3.04148937787378,0.425918863638454,0.449602570031079,-0.348832269513348,0.704516364694371,-2.52478654092608,-0.556899049108854,2.03917760225155,1.47427198458456,-0.480332784797395,0.710768395475079,-0.710209645351312
2.51984636507972,0.605594411405312,0.755442981629185,0.43812408078664,0.648689537235941,-1.38579072013813,-0.686253487022512,-0.198981745024962,-0.04248267981903,-0.693442259865279,0.579382188036112,1.42319190821484,-1.87512403224841,-0.926572810658249,0.813276482689023,-0.149621281963596,1.66663298500284,-0.522719119606721,1.10732236070988,-2.37212542069854,-0.211498132041976,1.26332090304268,-1.26722894312468,-1.12290366048136,-1.12836844852688,-1.14263723298924,-0.325298115228443,-0.373854102389277,0.131701617577048,-2.63092436500882,-3.35035901133346,0.388408075300435,-0.785945380792123,1.61037649439779,-0.12492968803724,0.372128029519455,-0.504654578306658,-0.532656390601688,-0.298876352879724,-1.31390883586088,0.565424839264708,0.142622879768833,-0.733879827792793,1.98465377938941,-2.27191335239238,-0.874843238534569,0.596228234491238,1.06461417590925,0.547427284519016,2.87140267623143
-1.07024925932088,2.68071070257645,0.595581594035084,-0.0750305306483869,2.07923338688602,-0.390003557053469,0.591018648111961,0.630383847050594,-0.312949196805192,-1.86585192119334,1.58338073042483,1.15648573165344,0.164295996417417,0.798730895499651,1.2788260843803,0.138618863457477,1.55597367286094,-1.736946149013,-1.80482229152832,-1.39436687711663,2.67676357093169,0.776896696753895,-1.04779862728025,-0.967335973493933,0.879444570380682,-0.895488244762644,-0.516467072413518,-0.171026735891071,1.67700356684028,-0.786387892628214,-1.20813099346275,-1.32503494857444,-0.175721885230984,3.08868681294182,1.1724154304477,0.837763258133958,1.65389852620001,0.028587527289844,0.181436342644947,-0.138204371542618,0.756906373545845,-1.80025107656012,-0.806618442316888,1.95442926734442,-0.707461336795478,-2.70455029491276,-0.587398689058466,-1.72502065109587,0.597589096930922,1.48684143091491
-0.638650617161799,-2.73777756839773,-1.07256456496987,-1.60773372031301,-1.91338019838673,3.46348864489568,0.169968592164723,2.65166987334655,0.956302363996398,0.893985613005545,0.292500903598853,-0.413682078251745,0.774138161213625,-2.26851968248948,0.477592860201965,2.61613886018483,-3.20699523611805,1.00110345461181,2.63246100991618,-1.80471220528498,-0.63732808353077,-0.924265153586189,1.31905165078272,-1.68355967150558,-1.85084560394398,1.06258837540882,0.471757156540717,1.1141600837334,-0.657520901061658,1.32175681886709,0.265526405107599,-1.05750270715848,-0.72557290169471,-0.498642181035038,-2.40187645924898,0.718558289942328,-3.15263453986213,1.4147991934643,-0.520002299731926,1.10139585058409,0.55409512757698,1.33824031899407,1.50694757127711,1.51419490084931,-0.171365240735033,0.568059906158028,-1.36043948548523,1.48074709854931,-0.112501639508396,-0.594114355483
-1.25515306201346,1.09227058008095,-0.645617539995399,0.377171710919821,-0.383017058343757,-1.79208646773949,-1.82782065182099,-0.508300688589764,0.114596632014501,-1.28013005343687,0.62277044597005,3.39512763423802,-0.346634596347952,2.59216425828301,-0.951883875067444,-0.622382815990385,1.4276341622019,-2.00996743519171,-1.60131131736268,0.267445356619383,-2.54227573395215,3.15077104309869,-0.433416966502452,-1.03059677731519,0.193965817755684,0.530152326640911,-0.548248156829058,1.38490516000849,-0.310695100410155,2.08104391029227,-0.343675526829872,-0.28182794331512,0.120078170654896,1.81966119706506,-1.4110627579035,-2.19804448059702,-0.0879307885908392,-1.11328878459328,-2.34547329739734,-0.107007492689407,-0.504544265233773,0.342841508200787,0.0327579457376514,-0.964297480002318,0.633382076902393,2.16224783355084,1.05912453043116,-1.18137764826836,1.34981402621781,-2.31342087187781
-0.681218198633997,-0.294865931103654,0.840475991337465,-0.63823881092149,-2.05049876492041,0.215962731711966,-2.81514982433843,-0.362866674346486,0.197734875709418,3.19048663903781,-1.61941797175727,-0.150724080994075,-1.92342504281644,0.065521819279414,-0.32399396936455,3.12110261242773,-3.21822670278843,1.71669703776231,-0.192279271436547,-1.21798429049132,-1.41489225616477,1.13833318739187,1.75453705862682,-2.00393841671051,-0.748027014678554,0.777499646043596,0.508673507271003,0.353997140276367,-1.5553737743757,1.07333367729224,-0.323620164474087,2.21686369528502,-0.729180652973016,0.242168034017982,0.350861488853157,0.183215097560757,-1.46702989684554,3.92475722238113,0.100966982489181,-2.53577632774343,-1.81285678045952,3.20635113376926,0.392923390966716,0.774082820703488,0.352320181308845,-0.830334673004694,-0.647906393640565,-0.519080734373331,1.11001275928788,0.114262466655996
-1.17410264416096,0.732475506768892,0.00670457676282428,0.994472593349844,-0.54940586548171,0.409410827647782,1.18136689469857,4.35257408191649,-0.38456105739899,-0.802312322085099,2.151927051488,1.70007674498197,0.758250994251808,-1.06752551092652,-0.837451908429646,0.866686819010889,1.15266169444011,-2.52132360992192,-2.81534330266715,-1.01959228191493,-1.19102715478559,0.415581790825492,-1.93814126145029,-0.67357397047835,1.20578450229573,0.459954019267554,-0.567186247518876,0.0743211222937359,0.239648981138285,-1.1073541715824,0.427431641834791,-0.49974331521961,1.37453421627201,1.60078842728226,0.386932659039904,-2.39198784142539,-0.32583444479034,0.390070234853546,-3.18268257310289,0.0438453424795785,-2.11633803544779,1.61937182857382,-0.749657184120554,-1.67423830945654,1.21035088712859,1.78541299348479,0.730359609789243,-0.359394685989512,0.921495057965545,-2.60230249424723
0.204455541630787,0.317238487095448,0.699373317783544,1.81493926727526,-0.214016182331919,-1.36544475091281,0.417001404276386,2.92882094495592,-0.601164982376189,-2.20361373810166,-0.580138679725899,2.05696601053622,-0.65941587708591,2.22050269016114,-0.963382494357931,-1.856122934432,1.43735968551089,-1.1452685798817,-0.237232027998124,-0.97956180117894,1.1294936865328,3.58599053814746,-2.50686418868436,-0.736852432822126,0.511962229503914,0.08496899857626,-0.631504619445913,-1.12490800421438,0.455428599588039,0.11701516457444,-1.27617647282607,1.46836746266665,0.623951449139301,1.62023390134384,-2.66564693971728,-1.53466908096994,0.783531886714744,1.29642904136195,-4.07474948453626,-0.073399510258618,-0.789683002612598,0.492374179162464,-2.31229708094646,-1.25621582088682,3.46925573488872,0.715488265944652,-0.705495154563542,-0.634914969012801,0.257436250600982,-1.75651083437633
-1.21449199432332,-0.442370409905441,0.0269673141237606,-1.32860840143726,0.923649460021756,-0.945300813622219,-0.966710318587024,1.42372816429677,-2.12774126630993,-0.0285682368830666,2.42341740155818,2.02875374149297,1.55783258319929,1.26625361839227,0.30452414557442,-3.02999468665866,1.64075420400805,-1.55127914939412,-2.34611314612082,-0.921288594992803,0.544240957931125,4.16611370177266,-1.33430588322824,0.700521780714334,1.00171761339406,1.55207814367296,-0.89641041151982,-0.864587344299186,0.404432484807446,-0.51442121321944,1.43691237248739,0.40684128515889,0.857596792005716,2.91349188191471,-0.991809503811042,-3.37875005881305,-0.373377634464642,-0.105410971642921,-3.06154902682676,0.176167735239223,-1.9158397446995,0.0941567524814017,-0.313872195996072,-0.945362354372327,2.78060825245668,1.4866759828187,0.617310095061352,-2.79171512425804,0.673166415871634,-1.69684776000112
-0.498632482064077,-0.884073368899494,0.621044446114393,1.04187323661406,-0.0135548147678403,-1.94828972263927,1.64642071738602,-1.07912429418725,-1.56852678728556,-1.85842222979513,-0.0676556047676636,-2.56334094004933,0.099272570233773,-1.7137244957358,0.295393738530285,-0.213113967773666,0.198302603789912,0.608740728271145,2.30109827302258,3.34252134351493,1.41101973552176,-3.40188857635878,2.69644554926125,1.14228891734323,0.0725992330286013,0.944511086072056,-0.402747467777196,0.863478364305337,-0.0311401716471471,1.85060192892709,0.985628543647263,-0.520278328227586,-1.21616344262254,-3.9320961969726,1.5606524889097,-0.1348369968545,0.632243777853674,-1.79771956433431,0.115185487997243,-0.836061705265672,2.46622142715343,0.0496891743295495,-1.13191045619783,1.52067415661545,-1.06959033489369,1.12234361559577,0.748736930241618,1.66397003362008,-0.57944382610186,0.76682623961305
-0.543492449782366,-1.28794312014315,1.69347638752043,-0.43433401600942,-2.58599298693587,2.4438465322018,-2.44522509034399,-1.96947154557028,0.53753698349569,0.498816309360102,1.28944314288358,-1.30492940239228,0.0924557520893222,-0.903329259878602,-1.65452286322428,2.26764260886943,-2.31461884832088,1.71081513616867,2.71399180203263,-2.27346397411033,-2.01301703096521,-0.948236423003109,-0.119787897828307,-1.43227216824766,0.135854920530578,-1.22762673578312,1.46619340673495,-0.956119297752644,-1.71195357126011,-2.19846405403662,0.0297152601050742,0.062130009977689,0.284562137953962,1.11103437360706,-1.78658971924789,0.00715754655903992,-1.19649866902872,0.693294546246247,-0.665192649724652,-0.580358613416907,-0.304219988362175,2.05874679014974,0.164244638214144,0.511033565324304,0.288899612445345,0.231184651096175,-0.378240807540372,0.713969010505575,2.1683011054035,0.405804745030331
-1.36737921163148,0.547500385971313,-0.212914683776792,0.888728433890308,1.75574107562434,-1.88718295318864,-0.0374761406506901,-0.256264852742735,0.123449060852562,-1.62736883268977,-0.547921819318122,-2.74372422941487,-0.142592827415926,-1.77330240767739,-1.99017775871326,1.37781128673208,-0.249498480692661,1.10422143702272,1.84455426623343,0.622474632136752,-0.430170877602833,-1.9386805241688,1.67558987559681,3.89134264604642,0.169325024565752,-0.158680998140456,-0.12988876182543,-1.95974387704711,-0.241124671998987,2.49751161856982,-0.456063597369501,0.318776608352635,1.21352072309031,-4.24099015307249,1.09527330855879,-0.927175262121374,-0.49501256599828,-1.02498110480689,0.675245759794816,0.69023448135817,-1.29732139727365,0.118528959612283,1.26404480230491,0.769477585213731,-2.05158885411683,1.06233190599781,0.362203180874801,0.277742805916172,0.278159980695376,1.77803819699099
-0.295928061343831,-0.0421714120957816,-1.40023809135825,-0.206318286548091,0.633681318103354,-1.26693321403332,-0.642758072893252,-1.01200997518844,-0.86924048483558,1.47027752671736,-0.740835391499156,-0.182715213455774,-1.43933996766407,-0.488400737759362,0.0671196408458228,0.840276295343659,-0.0165211832870405,-0.6589764249611,-2.93013133964699,-0.13099054134708,-0.244569781228839,1.97162323370282,-0.40209212441409,-0.857055011907236,0.190019133059597,-0.118749333110996,-0.202628375538287,0.996979013539959,-1.48835880049687,1.29976652484759,-0.163984402693632,1.21219080255802,3.17224917299798,-1.84581161716528,-0.676236019938483,0.703485316764951,-0.336022649303766,1.06441866928284,-0.0495152447192938,0.11052825799946,0.186504021532175,-1.47448450798807,0.454549377558628,-2.04334004332427,2.61433120193427,-0.0352627688560207,-2.66318152955354,-1.03996375956574,-1.97455665193,-2.07922955855705
-1.38603858944407,-1.05134807370083,-0.309704569081212,-1.34819962644661,1.00744678108924,-1.33418971269551,0.783002370527834,-0.355871723582899,0.591300427649545,1.07228576699305,-0.430427128181946,-2.84338319442774,1.59572777936707,-0.249137347456211,0.439951115647269,1.25235902069127,-0.564633439789458,-0.633137687768608,3.41956170076951,2.55715103083697,0.793605091811978,-2.36083995871198,0.989431887385939,0.871206122550716,-0.281367394193528,0.17510570756092,0.802981754492542,-0.388332615020591,-0.663752709125376,1.07548426051849,1.58837104919531,0.128825230420916,-2.58565337975511,-1.85173993859488,0.500273994146756,-0.351614328892021,-1.82216375614444,-1.84265430165486,1.40316211403497,-0.483725244801931,-0.501184881622106,0.217245050146822,-0.0164687948052776,2.22690239173596,-1.59399428373336,-0.607580553626905,-2.13666193427102,1.72917656743271,1.06947220014484,1.18762037962479
0.673073004736285,-0.133096965383953,-1.207021662602,-0.217088736624671,-0.229478506327981,-0.711134222167571,-0.606026647553133,-0.0905581057730606,-2.75924349160249,-1.7480076559704,0.453696391309605,2.3749567444989,0.259268069215372,0.98934382008136,1.18340322669132,-0.0680686668808611,1.72181218029438,-2.77740747960463,-1.92581463186565,-2.41428004119899,-0.772932230122315,1.38328903554499,-1.92363181574776,-1.49496334899519,0.0586490187062782,0.387099595106753,-0.22659518939797,-0.0379705636595695,-0.660517883912972,-1.61388697370583,0.60955230086037,-0.301197785873057,0.838804807255224,1.65411121148472,-0.127716017006432,-1.72493774472951,-1.1057080505293,0.0171426733232534,-3.0686807793999,0.0734920100381352,-0.127368133680871,1.45585019667225,-1.71929652708984,-1.05246636762321,2.08425325035679,1.04451632165408,1.15414531575567,-0.788963378136544,-1.43517715799776,-2.72627838211132
2.48911482377032,1.93238685102046,-0.953699010331122,-1.61240273954412,1.73669025541716,-0.465756775230579,3.11303659648094,0.888490646317072,1.57176551667241,0.555853599190751,0.890904346547269,2.18807955099753,-1.1536915717848,0.888999585986495,1.32118377968463,-1.00699451038246,-1.32002729273422,-2.18323790491074,1.85348701412058,0.0727383902934393,2.70035419639587,1.44634523489521,-0.34030123764591,-0.968325388193368,-1.1785536616246,0.218688651443091,0.403458519390915,-1.95261548199065,1.68454064803796,-0.461260304511744,-3.06859342159088,-1.10837551855006,-0.249825033340826,3.07188249507552,2.04114887621502,3.04123626068538,-1.51108494990799,-1.41468533411537,2.48700599359012,-0.490809602963681,-0.33818497860391,-1.45752146269765,-0.805489981369464,0.383065685984328,-1.76256757437453,-2.34070614388096,-2.13691778569491,-0.771206955751623,0.0843444161228854,2.9832374970897
0.414709530518045,0.494176289103951,-0.841114679340514,-0.448715960660193,2.10256625552215,-0.770066603665508,-0.54245912247589,2.42084466199459,-1.31031709719469,1.03742629007864,0.405958835648673,0.665200257835142,-0.808259387126708,0.35041856669314,1.110988593142,-0.00558922245566848,-0.41453206085473,-3.43836874267536,0.413770466961027,-2.02141109526779,2.62392260745843,-0.893644383314563,-0.541367223257472,-0.224757286203935,-0.593875786136155,0.872848467250536,-0.259321799667078,-1.7817340426417,0.871780935390413,-2.04072871509687,-0.840667374637159,1.28184425041362,-1.69643096596987,2.20600957822771,-0.569144267461402,-0.933645885431114,0.170050059775284,0.0820059245656285,2.22309951582337,-0.984146526685191,-2.19908391073771,-1.87486370524816,-1.55703245900229,0.378630853159899,-2.62175333009895,-2.25964823483614,-0.30386981596316,0.433090550595884,0.0245304199824163,0.519066136505815
-1.00388649982114,0.324675283615842,0.571247803729578,-2.3341930855014,1.39730709715134,0.199547271880137,0.0771825066373096,0.759853185612755,-1.93929496077599,-1.97722802449347,4.42661165165084,2.57175319805132,0.162653831541474,0.0927651087747433,-0.825429747685579,-0.55772446902035,1.91974461077447,-2.83667316828265,-3.1336018601667,-2.05379293176255,0.580228417260982,2.8506630088445,-0.295336503058095,-1.28940601602074,2.4763863622229,-0.406305765640801,-2.37728354254858,-1.55111610400909,-1.43219828659825,-2.11665482434393,0.402196649864515,-0.46682708005198,1.59051965785518,5.08490299909684,1.28483986028841,-0.373771050551576,-0.160295209038621,-1.57635839250834,-0.70935936029973,-1.95215463702716,0.215427754832109,-0.836742314840939,0.0893067544006228,-0.86413186292704,1.20384246218992,0.422121251982072,1.78969459158084,-1.63431089583179,-0.60417032106812,-0.492248508263095
1.14083584321499,-2.887308624957,-0.5558178398473,-0.453250571462868,3.11219049037697,1.28475333627978,-0.705335149338584,-0.475893118294465,1.86967887840106,1.90746200468166,-0.955901659197879,-1.10740032253317,-1.25851290898901,0.399346438464455,1.44865045370148,0.920000500542571,0.762559871928872,-0.207402196868979,1.0044213207365,1.99252828209356,-1.42710723394091,-1.19590931317001,-0.0710494878384986,-0.650191033091196,-0.360372467693325,-1.79905982843217,0.456284542572528,-1.23773295434226,-1.00719919390736,2.08651048292834,0.0603467297620972,1.19370298300251,-1.49789882408858,-1.07995694458707,0.334753297190347,1.49767641158683,0.360287143858987,-1.63687765704553,0.273110687944528,-1.86156476402211,-0.277975345810989,1.38185855235812,-1.21581438052594,1.37565009862323,0.536434258322473,0.103988336093302,0.809259352025339,0.581120359729188,1.49744050511626,1.14134911679075
0.811605479840771,0.669598365430733,-1.58131281555271,0.918377102392298,-1.80932139187538,-0.979987361127732,-0.325208999114236,-1.5887561880756,1.22248036833149,1.88613994991224,-0.848243904476198,-1.20806007067145,-0.797259323086642,1.26414967051791,0.438892564488609,1.3153383088801,0.959777290742967,0.754937052068854,0.860429267035271,0.426317961896357,-2.75005825656633,-0.963018604716784,0.430972303518115,0.451919879256417,1.57780455651812,1.41484190887649,-0.41522524649518,1.50972063918356,0.35445887817182,2.16306674705557,-0.273716407473736,0.119672571887506,1.92283416364211,-5.08260923929712,0.984252798331907,0.324697908801535,2.97904963819383,-0.810268472324484,0.692259854519494,-0.487021581446526,-0.193519054396099,-0.69283312659744,0.777726674791773,0.0722817757985531,-2.95275186781087,-1.10782844895008,1.44163365843579,0.11914641130232,1.5871300753367,1.90335543896195
0.487627637492497,-1.62037038598366,1.09949490506825,-1.94120935429302,-4.50153322927828,0.704352900282949,-2.2522303595782,0.357183160575356,0.85676564480213,0.546763801141584,-1.1333105841093,-0.951728269418656,0.159889133229776,-0.555538413275764,-1.60773607419368,1.38827026853137,-1.60146934923084,1.99663678551749,2.40503002284255,-4.49131067700982,-0.272362119395707,-2.43550136170131,1.63618953120234,-1.8455829100166,-0.831220377611917,1.05035836532647,0.937357125219486,0.880495350601298,-1.5551676719772,-0.642544503802586,0.0920053828972861,0.838402765256647,0.793468198437701,-0.140498965855967,-2.01716947360274,-0.953386922095443,0.0468807943521308,3.27814737393952,-0.542968481170954,-1.37743653488667,-0.623224318129813,0.108718697763116,2.18984645436125,0.535485705705894,-0.275404599270132,0.377490709089302,-1.59862359464444,2.41717707267742,4.6699604501101,3.94570237794103
1.45798000325264,1.2460179487127,0.124432159032999,-0.999930060545179,0.767040071344389,-1.16372357986796,1.36841986119314,1.33835612113099,-0.829421687390478,-1.47758613223457,-0.90431475881352,-0.118354474941977,1.23178045631203,-1.34333640895461,0.946505938546733,-1.3595810926988,-1.05492391938674,-0.905979683471066,1.0714877047434,-2.12942564169789,1.20934663617262,1.2541623153313,-1.98320410474142,0.672476122705375,-2.4358819283122,-0.143881301268214,-1.43137492460066,-1.86984444029293,0.977488172992142,-1.4035101919147,1.17295985764578,1.35960462735944,-1.23893749251799,2.45376643300386,0.971253119653302,1.59402559248032,-0.166195471759099,-1.29891674866892,1.13200338627297,0.637982256278917,0.920556391335247,-0.589311298863492,-1.50011659507208,2.12859211705115,-1.86194923396131,-1.48588490114355,1.62139840189121,-0.067140444220717,0.729843963147778,0.602204622314662
-0.993872962258812,0.210530158808515,-1.96781055241777,1.88819499071721,-2.18356846924461,-0.592455572748517,0.204819549832871,1.04360883763426,-0.219024496202764,-0.566742419202124,0.580126774340537,2.37160527756201,1.97920276472264,-1.16028424475141,-2.23946674605554,-0.231745291321408,0.435550554639583,-0.161160527447035,-0.128286604274671,0.676499850278106,-1.70719591130262,2.24420085902516,1.22314773409884,-0.854479226521586,-0.369910119643839,1.01035430171494,-1.26209414646631,-0.0361756820982877,-0.392604155251938,1.14387781527906,0.471149242124949,-1.97429381654495,0.70130677492309,-1.0420636881914,0.234038517668857,1.60791066933312,0.331556975437233,2.67463538833786,-2.22720396609883,-0.354221919017853,-0.386478301779792,-0.644869314034575,2.2310651619334,-0.436254169057325,1.80374983332116,0.0793418555984057,-0.097854269459459,-1.068826123386,-0.910739239654851,-1.2313617688347
0.365662541338947,-1.66479968557257,-0.402113282877654,0.0427695319810057,-0.161212008780711,-0.0383815342713856,1.34194775670277,0.572732378010465,0.412246824211703,1.17184541045346,1.97961855647753,-2.04880410504353,-0.508845473640054,1.36612053805562,-0.176206632810341,0.500480355142236,-1.74517827433203,1.2227511235945,0.514022976422791,2.26991563394647,0.467701171988452,-0.303137786857593,-0.326126861606825,0.543667785030468,0.773723807505626,-0.0811370868406458,0.377595636019138,-1.44447856831232,-0.356551947936256,0.697886461160823,1.53190520707236,-0.517362832375387,-1.82863327614634,-2.6009685939414,2.21495473549703,-0.128572944035611,-2.15592927102268,-1.16325180975542,-1.25813803424546,-0.504371703213724,-0.869798623486702,-0.0452714913671657,-0.347618750068474,0.554899362104659,-0.988329096327488,0.0463400370354833,-0.676597690912979,1.21466423959927,-1.77272510611917,-0.680924208911968
1.00822027672035,-0.294018424501663,-2.62706983774589,0.531267602253593,0.134751199689313,-0.780546341660642,0.356672386120487,0.942376253878462,-0.790434921941717,2.79051375490723,1.49597643607283,-0.0956763054432959,0.0994964869242053,-0.293588208250543,1.58817216039174,0.28089309784448,-0.0349612978013296,1.4502400350605,0.199393734492395,0.0473955334467236,0.138475498078212,-0.490151340212159,-0.921715248815931,0.993668255578116,-0.875535342201967,-1.66969029449003,-1.37913442390989,1.11309417010818,0.245374530893178,0.84263102609063,-0.566297759998506,0.521350814021829,-1.28324748806178,-1.94592072725447,-0.582379587658307,2.08996240582143,0.0793761821786751,-0.60751499461835,0.222430975524321,-1.94293884229158,-0.0863717138335355,1.28514788705802,-1.19890359683777,0.547394829146819,0.114487750717294,0.879106969282129,-1.31478340508675,1.42554949289302,-0.340204873441516,-2.3644379186143
0.228363759127132,0.719396384056215,-0.993421541302594,0.735569400276503,0.321417596960051,-1.17659264295712,1.04924893883332,1.33140291543411,0.259261667402618,-0.359675167111741,0.390635714311029,1.47969653834841,-0.917009391511251,-1.16179925519157,-1.3236513320021,0.0679803631573519,1.59706048817307,-0.250354826865307,-1.65245801453231,-1.27593847438757,-1.03093480659468,1.98914507418301,-0.72670726825728,-0.665764071409563,1.71070401077709,-0.283918668625486,-0.11977501446627,-1.1246255415732,2.11031764569894,1.30852039951404,0.0459896011900478,-1.27049165431745,0.561737923662816,0.371362145682943,0.537163892001603,-2.17694772436314,-0.439491345977266,1.3077338049189,0.0115266787290343,0.853218228406871,-2.05548817758179,1.04853198311494,-0.138583338832696,-1.33845008678354,2.40600671534099,1.5652211987458,-0.0283734846855707,-0.890043872124135,0.697514610368389,-2.91333532820782
0.676189726274241,1.95186059533595,0.268104837085607,1.22913805634418,0.975803171487131,-0.783833820497437,2.11236745966758,1.05089643452229,1.63509445036816,1.81765985918004,1.39537162348561,-2.25718023752308,-0.12685061067539,-1.52394161033502,0.992250451369087,0.317110965193298,-0.69376267679466,0.828168942427883,0.0844599281290583,2.65719593637104,0.516299093803902,-2.23617464939443,0.609122815012879,0.0937569724856603,-1.60276940232596,-1.03860408839615,-0.46017811126234,-1.07892543784412,1.43656607875813,0.751706663601956,1.0081331269773,3.07533389985189,-1.69327040385217,-0.089893490107762,-0.931096684640297,0.58749241190483,0.558273993047317,-2.07893884042568,1.28348384826838,-0.411676772124418,1.06001414964706,0.83275701928512,-0.74251792093682,0.400600784610633,0.269372186814952,-0.677378687040504,-0.901365123180288,0.518566400993324,-2.4386722903281,-0.220692641881158
-1.04123627792444,-0.692014581075932,-1.77283996458705,-1.2345547274632,-1.38500162344029,-0.13066726476577,-0.375095327379009,-0.00703540459012368,-0.313860249314111,1.57955480934793,-0.474113681404274,-2.23187318163871,1.37573899518445,0.120363073031556,-0.993791726415876,-0.390342000706619,-0.578167459323725,1.74157309049102,1.00957180474203,1.79881741136559,1.08216836075539,-1.62870392880264,0.940574291285715,2.29231536265765,-0.264458817270093,0.762144349131381,-1.07340231673855,2.4106399457066,1.56291928043974,-0.0310810353829723,-2.6300855043746,2.62337327237812,0.11344510936106,-4.02356762117722,0.527638488920781,0.985446007302441,1.08391752127513,-0.406945875606948,-0.807773572078314,0.64733639406918,0.121056850689786,0.116867646584933,0.63559956798729,0.863581534587753,-0.205462987765425,-0.391182468387001,0.0561568974771021,1.13591199037434,-1.25828937051684,0.258228788753506
-1.0807700939922,-1.03650046335012,-0.259754497188902,1.56737413966187,1.78582541058634,-0.416950916069311,0.12670662024155,-1.02499262804481,-1.5619376574442,0.812026976086768,1.58277641402166,-3.40357489981605,-1.17903903393106,0.52394801277805,-0.988387053493651,-2.61927334770604,-0.165598605028506,1.866035697279,1.2269743688114,2.80864953894003,1.02047542721793,-2.38102972119919,0.821926171942833,2.13234934785333,-0.403728211687122,0.56842534345629,-0.906594116385043,0.396824476559817,0.300842736458778,0.326269678449207,2.066024200343,-1.54161891719785,0.00743228683925237,-1.86533501869861,0.990067167825083,-1.17898225092614,-1.44931433913622,-1.80045890869695,0.411987133924124,-0.902515652223572,-1.56517375674952,0.309007520784037,-0.623100558396573,1.56056760870843,0.189565880256105,0.0875827749221889,-1.34686811921192,2.35710154333029,0.745933912227571,0.0497462776561116
0.573281990708307,0.951087044016744,2.49662786347551,0.189292086852455,0.462439886123902,-2.72862007481533,1.66650348528025,-0.220695203955473,0.236087503927342,-3.22040465315521,2.51645770041175,3.6720255451414,0.865364056196311,2.0344190692677,-0.484409697411299,-0.911312476173534,2.12966911239177,-0.735879294985252,-3.84005176366689,-2.12453318353137,-0.00663629851205319,2.60137139671829,-0.356876864768712,-0.196079504912457,0.784406407806841,0.849488117485504,-2.29409382677781,-0.307036918593589,0.595874391474684,-0.621580859705252,0.280656226480404,-2.12074151117799,1.22929657008998,3.6199750074031,1.09954386943255,-0.205129201154346,-1.94992662555249,-1.57843914928561,0.265321136477147,-1.81722778913783,2.30165337084031,-0.396635000269651,-0.745969267268157,0.832134259204215,0.79070119422055,-0.677714857004451,2.34405608780844,-1.42391997151748,0.050097446680099,1.20600436702171
0.976028731841827,1.36637274343607,-1.67007345985617,3.83487333182185,-1.65765215635402,0.187675942392498,0.512770331612818,-2.63059552426529,-0.0654990234714827,-0.739552498240773,-2.72385707521566,-0.700905744670917,-0.876742625287878,-0.431502854733235,-0.0146276639187123,-0.326143255083538,-0.9673537758789,0.54027693848133,-0.031900906061159,1.05707511605213,-2.61272666861184,-0.867902714322275,-0.250456749644005,0.687332830351049,-0.0506746197451961,0.251209476318825,-0.453610242383632,1.35723365493825,-1.98900786327941,2.76021650940048,0.786696431602108,-1.7274081839116,2.98805462895361,-3.53904224723841,-1.71876748697377,1.74648892186905,0.785868739619725,1.0510337683548,2.23151793222711,-0.100209269563491,1.19618605180355,-0.404514826142899,1.03296642925021,-1.13911243031998,-0.666479247764332,2.0836081408752,-0.558847756366832,0.0498073275391979,-0.819089173319806,-0.150758486572794
-0.297097331172982,0.480004198343472,-0.91422137474766,-0.452123035611948,-2.01301935312196,1.49020011338794,-0.142600574342606,0.0696460195608538,0.410140550176985,-0.420256166669963,-1.61209755263426,0.7881962903115,0.545195226306771,-2.04933377543575,-0.749543249563921,1.99015337425841,-0.77548180421425,0.264517336846894,0.410271187999064,0.922967043337171,-2.83806283868356,-0.704768683065655,-0.239276143851052,0.882085927614189,0.20383472057968,-1.12982401595069,0.617202242900327,0.948156391298945,-1.98468008400467,0.465517308191277,-0.412301265994808,-0.0697155076276301,0.839191278202252,0.772422086763652,0.53071564124832,-0.440207056934538,-0.0191488234833627,2.88323090704765,-0.888897004202234,0.43864230086178,0.62354739579516,-0.124198265048301,1.34552640186412,-1.04905106903564,1.66201985936675,-0.132069273867034,2.14104390631827,-0.568875223969668,0.265906330012207,-1.40133349749851
-2.27764889805561,1.41798641890149,-0.051727240233586,-1.90116675990913,1.9574549723986,-0.842772605366994,0.360429670332124,-0.632888646524277,0.967771080170936,-1.12225765691639,1.64251661702779,4.19863041232056,1.51548609185738,0.28215264372591,-1.41537938347907,-1.94695605934618,1.73854257103344,-1.37394334752116,-2.30655096128091,-0.236063612851221,0.152367421165992,1.21310329752495,-1.08828114905415,0.504690131804876,0.958583460467016,-1.01333596957447,-1.32856191785046,0.0811172994746006,2.14854587177384,-0.573193105742151,0.214290461065121,0.00293801854801611,0.745612424511548,1.12458321029902,-1.68820318968799,-0.196290877168621,-1.43405230949662,0.354632327632068,-1.28247778380994,-0.369528616850006,-0.244012331140471,0.0584304395474281,0.783260304788685,1.5152016611028,0.128253991455949,0.777206058563901,0.954973050134188,-0.908052509200333,-0.953642588146089,-0.603770886821996
-0.0829285024330718,0.657266188355115,-0.840075557973263,0.329524915510429,-0.862301876703656,0.832286152989021,0.880628688957966,0.203444473656642,0.341073130230054,-1.69212895665196,-0.553760196198053,-4.63216577520453,1.49746159645099,0.169431515007153,1.28149526324617,1.05477757667494,0.865915075605132,1.76503660627026,0.26389201333776,2.98363731902121,-0.904605920799741,-2.48919256335738,0.923648088332502,3.20795267864269,0.08728572644677,-1.26653824587582,-0.865211955079046,0.212967756612683,0.109682550900606,-0.471549412627534,1.69876616788613,-0.80671320915961,-0.26138941497627,-2.87110562955352,0.11157493797832,-0.767818607474582,-1.19474730360617,0.846884049673573,0.638555144804201,-1.0158654273942,0.540887372950879,0.848863416040258,-1.71943132794206,0.577798166607089,-0.807257941044248,0.313318836950066,0.596132832586937,0.620964180357452,0.387849232002008,0.517120886921848
0.311559110344219,2.59860365218951,0.580309505655906,-0.40142148012203,0.336615440211986,1.31550444176412,-0.459446512825184,2.15344796546301,-2.46542632597868,-1.22936744306459,0.779084932284062,2.23718861263928,2.97325430788454,1.82007429351395,-0.955318153478776,0.75144627876192,1.64500740269461,-1.3107975239619,-1.2778760106236,-0.634084510650774,0.710909516075475,2.50694483009478,-2.58059580583613,-1.66498000398879,0.240458549599027,0.122307802141958,0.421809813805986,0.753507608850076,0.184226580109127,1.02306506802159,0.288337020654122,0.65906685995033,2.15948199610295,2.66356618420842,0.282593058682839,-2.18385905700754,-0.763159222690646,1.22619161010819,-0.176595112319895,-0.262061295352676,-1.62983683663544,0.248470060962148,-1.4836246059845,-1.76838721403398,1.00104025024697,0.298992422998026,1.90038789912933,1.13512172726478,-0.440147984002794,-0.606686434757986
-1.49719579887955,1.42722595059855,0.0779548991020181,-0.162342569825286,1.03764761964538,-0.841769261536242,-0.907387865802727,1.26391811716854,0.495009782139815,1.13707714787142,1.31373499263679,1.84062494365326,1.65386850616001,1.79728057531172,-1.03775668621162,0.204895658602377,2.18572767283007,-1.24722167960977,-3.15391242660356,-2.55706925417017,-0.837489752427967,1.70084116283841,-0.293010528365403,-0.858698996425997,-0.500969016348591,1.5395535645744,-0.242437024565084,1.52188147637006,-1.33869356013053,-1.33366884854738,1.01134728867802,-0.285356519020885,-0.0273407569386199,0.577519794100405,-0.806859236179464,-1.33137645836008,0.585072838617714,0.704119940438516,-2.13079389834366,-0.925241270001785,-1.34060705418534,0.0549283433447934,-0.74594795261585,-2.37762102902011,1.99019328968497,0.753418534023204,1.35584828964794,0.0814085887578458,-0.305337551459693,-3.17489291098658
-0.558078336588726,-1.14146015311729,1.755561195659,0.728553150600038,0.099568423632867,-0.260555435818716,-0.246918880423219,-0.312090830219198,0.270963989707095,-0.627176307107232,-0.328516045893032,2.53155560736601,-1.134321587711,-1.45731299383427,0.108130529334958,-0.00593368008524417,1.99451038175848,0.422208571075578,-1.68996260061287,0.752274674083676,-2.38140219060463,2.35188677989092,0.227444791146303,-0.169907454680034,2.63425256720251,1.00684806799877,0.634357237220108,-0.367954662847102,-1.809618196249,1.15606885998981,0.924577823671075,1.59690613731234,2.2003785632645,-0.943651711038391,-1.34883605076822,0.1321736550288,1.77952581430514,-0.845956189307594,-0.184636984883087,-0.0239019647410012,0.654774774858669,0.656053333475856,1.41457149323758,-0.141735996757367,1.18244901119407,0.751704956806356,-0.390262259860946,-0.986016050928703,-0.248038563309486,-1.99831789020763
-2.19550876126456,-1.00932734282302,0.338925658305665,1.83247512435478,-0.799325163314325,0.0554233577307756,-0.245115275895016,0.00518165858736177,-1.17322204358835,0.557012298958599,0.486301361661591,0.262156052644427,0.0367655261878585,-0.444068448632187,-0.154886168417586,-0.00903946844061934,-1.19565378171926,0.521924715671487,1.60045423968056,1.68270071506037,1.64446247136769,-1.42385809562566,0.368039685670784,1.51592965745185,-0.824873886895468,-0.0450399746022373,1.10393043340267,0.978732737103741,-1.50856314237586,0.330334190368674,0.45001526233388,1.28290669980994,-2.2651452544738,-0.771346239855579,-0.838997683725926,-0.0463620931621113,-1.34105224434416,1.3158792811815,1.24506257821728,0.203354742195561,0.213369194034182,1.46255849671801,-0.225140071151578,0.504633942681251,-2.22700618935898,-0.831064258304074,-0.222679982219418,1.66417644937415,0.289914132681963,-2.55525426280143
-0.035151713733783,-1.02495738076421,-2.27590182688517,-1.0863693126175,0.711363125207545,-1.2272551968799,0.69775530536204,-1.07649175517586,1.0245087829893,2.27685665666001,0.0205732105243136,-0.839084936282197,0.548427494607964,0.203023389166918,-0.122390610768426,1.42523084556797,-0.991678769908774,2.29034095445475,-0.904458338809393,0.0505426084518838,-0.106872052976876,-0.0707616444792544,0.811758302506497,-0.608615229376618,-0.343282973281021,-1.09445952034501,1.41262802664644,0.546902139388242,-1.51903594837414,1.02598839520207,-0.277707123748131,0.724752072826572,-1.1585881063414,1.29236370300772,-0.414473234071862,-0.178855500614218,-1.01825148637907,0.229150392302813,-0.700186555509813,-0.660222268402115,1.89453247433439,0.661151557314069,1.75255485024516,0.0450499719819558,0.00736858836048196,-0.278718780046804,-0.695770314955294,0.563031098298637,0.430090841178712,-1.06986859193623
-0.445581120826786,0.517408720359479,-0.333054046619181,2.43543601073481,-0.352070188810338,-1.68342049625273,-2.20667498422328,0.794223939633089,-1.46722740286611,-0.891126765194287,0.893893190666258,1.40727002934269,0.681959976651348,0.179603686180462,-0.484286408687467,0.48602056133253,1.90193664195109,2.01359541332799,-2.57442352470994,-0.309778842414305,-0.936730993572138,0.86188707701059,-0.495590077558251,-1.1941399784582,-0.254056712394362,-0.130476819704585,0.270526264506349,0.70390015135192,-0.184036648895637,-0.749442521493641,0.532954990988922,1.72915727047608,1.52114057147225,2.48487317378835,-1.70441156810698,-1.3130266260255,0.143509917504701,0.764653603684545,-0.772816256409052,1.43733712069563,-1.69200145659911,-1.0062897152467,-0.0156216420324751,-1.71801219453729,-0.366538930632838,0.914223726008506,-0.270849657542806,-0.695817608029141,0.256997649842146,-3.25085415623973
0.200740917513378,-0.824658282658102,0.544039563462019,-0.630832692930991,0.230272195469591,-1.78299508860215,-1.22895957754434,-1.04974682519026,0.184416935624787,1.05322864561773,0.823515815915913,-3.5142709875444,-0.463008070907575,-0.308592364352912,-0.926072187474737,1.15174798915722,-0.687007259766173,3.73970960344155,1.42961671543187,2.89113523921461,-0.504448290661095,-2.3765838419525,1.30349671956196,2.28183546453699,0.227846300995231,-0.504810080867374,0.0304225225954591,0.0988778181570081,0.686921702571494,-0.112918385558175,1.78095536897127,-1.22172795420574,1.2639992718718,-2.41817977206602,1.982562079005,0.199566271635383,1.15651249017397,0.210646620449694,-2.64995035274755,0.626640630084687,0.666326606558095,-2.42453663113345,-1.42069704510416,2.17125474341575,-1.8875517875164,-1.17109537914928,-0.452360066299172,2.5189837180568,0.465180764656323,0.492294502785631
-0.00641989352971861,-2.03564512513657,1.66631181055504,-1.15251265061386,-4.68830050218102,1.08925924344747,-0.903674887887537,-2.09071801766872,0.217196648506706,3.29861695662665,1.01352777289926,-0.91140888959519,0.998181511417638,-1.58052526848533,-0.183436455452264,1.7103846846723,-1.19095497191743,0.014157258920887,2.06566645332158,-4.01670292006636,-2.64295629480633,0.262747893015811,2.90100240618272,-1.44830544521666,-2.97404992926566,0.669779984088023,1.65861868678969,0.3527815873998,-1.67411361219547,0.596970936815972,-0.917581893415128,-0.272661620596216,2.58086861597709,-0.04219883860001,-3.84505036675126,-1.5461507738644,-1.80574628223051,4.0219888604425,-0.45261581724968,-1.5718894943726,-1.58781586932427,1.57253433721453,3.05952423862175,2.29907592484651,-0.0716983826594078,1.27892478868136,-2.54398090793965,-0.0571375517169989,4.63356826163847,2.45984538741703
-0.812610516164553,-1.30493110459333,-1.86093646104039,0.0983155341664731,-0.0415056939666602,-2.03777005668326,2.51447532912476,-0.941941270093258,-0.247968510648221,1.10087143819411,-0.0580544193214288,-2.75372458742011,-0.273722812105825,-0.188529959598996,0.948966711661721,0.448086798750852,0.999751368302078,1.23871336855316,0.217021150222889,4.03716109576444,-0.859845777714761,-1.24965339150544,-0.188643038966783,0.252807439399762,-1.64506202715733,-0.188456291504839,-1.27544739327048,-1.86281582532353,-0.729421416560559,-0.075753486764126,-0.667307344176747,0.175295518923439,-1.21572126662887,-2.1971273233383,0.0621943537750447,-1.97185306294306,-0.934390456189031,0.148071110452311,0.463868154392121,0.136717549620251,0.679092164486404,0.875178526066761,-1.26329534039659,1.40405741027296,-1.07265207866839,-0.751183034970619,-1.13814196120148,0.895572295955668,0.195684150869239,-0.894377184065712
-1.53135548243138,0.456989053381953,-2.16669118751215,0.582249192437267,-0.497428266127446,0.813779327755201,-0.836399377232376,0.294642950668735,0.0599366300892665,0.644378266683949,0.337251890184198,0.3813811445753,0.0610012691156568,0.113956573597685,-0.308520959991423,-0.330569503800468,0.31158482375747,-0.941738733802082,0.272863384162755,-0.452885500727716,0.295045937686702,1.4549829209142,0.744949307114841,-0.201329234786057,0.603923387050731,-0.535926502024174,-0.606111076485209,1.47107588698421,0.576712593974144,1.40984598139007,0.519824033797263,-0.253491865827295,2.29096263780599,0.00478931787524042,-0.342442192969638,-1.24974165010432,1.37363553669414,1.85038271050267,0.382657878346374,-0.753864727087209,-0.784110678230275,-2.50794696438613,0.455363409890602,-3.12009557810271,1.33350914131506,-1.03357953441707,0.50638247253073,-1.26520534820001,-1.18875672931719,-1.8153700086136
-1.24230670471926,-0.146184420451808,-2.17121313371725,1.52956682195506,0.268526801603902,-2.11188617492307,-1.10618792797629,-1.554347465223,-0.432931593230693,-0.430681466769418,-0.234014984586306,1.20593681410159,-1.86980572469525,-1.27694138190497,-0.609902618303004,-1.07450734606696,-0.281694255944327,-1.29435468662019,-2.91065390332383,-0.698451058665241,-0.750869134371669,0.320195285957644,0.210426234560839,-0.0436924515345472,-1.42118192825231,3.18607847121451,0.972558883327226,-1.12712971602431,-0.298507235960343,2.88608236120856,-0.595100644289739,-1.08905225309648,1.21134022037305,-1.45609789430498,0.368261049833562,-0.822282596164095,0.184509869676676,2.11705622369999,-0.396977283074887,0.61601158149349,-0.454134859247505,-1.99862241256686,0.111834133499331,-3.20871544833244,1.95065915372485,0.405295059459964,-0.615202844676634,-0.487197982918533,0.770191222284465,-1.54003776648458
0.940839664684018,1.3917807035844,2.65095999851035,-1.72748889127775,0.398909933764402,1.9461583158226,1.3001455703705,-0.516331928882969,0.49187769250004,-2.37374345744233,-0.090446592424803,-3.34106627630044,-0.54037248416054,0.895723304185617,-0.0646315859976717,-0.238342107798128,-0.762694884437025,-0.452023725324821,-1.02882164200404,-1.62247652739024,2.65202084164977,-1.30901394495684,0.398610375124044,1.08405382100827,-2.13603955174882,-1.12872414049189,2.6256679406475,-2.63664486098813,1.47977149971835,-3.30090541860657,-0.154314711438933,-2.16961789861102,-0.79294184179515,1.00818974298258,1.47434752404678,0.99117927903466,1.65181645612711,-1.07969345547844,2.55660602342253,0.963693185031966,-0.452573026788728,0.672904861715813,1.11609799118735,-2.32723490159147,0.0604975802558921,1.22925415886994,2.48611103408679,-0.301512547831223,-0.592371311913717,0.966510398676
0.314382948171151,0.0363698661170619,1.70123570036675,-1.95550465267206,2.14595270711697,-0.101242612392859,-0.458736782473928,-0.753998280014715,-0.178849456257583,-2.87105134130097,-0.22726849609071,0.725949229970835,-0.795104128118727,0.793434431285721,1.66369072116057,-0.364011969263392,-0.484412715229749,-1.10113414593459,1.4542559825042,-2.49733743765112,3.24142805014625,-0.96978644820882,-1.39933830880206,-1.69450929427712,-1.98431986616743,0.148391994389914,-0.219857204173222,-0.606311645679337,0.559023351435335,-2.07719345894473,-1.00872444443686,-0.453126705316159,-1.62228775711207,3.54116475898679,2.28827291261686,1.81125458372548,-0.949485537202504,-2.21288237091029,-1.16957270481569,-0.83082760326371,1.06843627624153,-1.81595651140447,-0.637136894988609,-0.455287401249049,-0.153879027136213,-0.990184522805227,0.78867672276242,1.99387620214886,0.975554715373122,1.04173235330052
0.409246540246231,1.08981326613111,0.493810176408334,-1.46987191044228,1.59515901277394,-1.64992695157823,0.153589781324363,-0.606206341919395,-0.728917710078146,-1.69941177587607,2.19773263674126,1.70641039726967,-0.0437539870555605,1.17870830301769,0.746668405528226,-1.85018606751959,-0.355895049130639,-0.420998864131979,-0.170464293257078,0.510721891789339,2.50919036049605,3.92505098203953,-0.812032100829665,0.639613318540393,1.98516682399992,0.507910132524336,-0.412719712777187,0.207651212796207,2.61126201291307,-0.923300832270564,-0.625389457217148,0.134318702514864,-1.60760007380906,3.375834647715,-0.269591008523924,2.32913227891445,0.445335254200332,-0.78718084071545,0.101802998836135,-1.82427809824015,-0.66000708216092,-3.25942932927481,-0.295358280190757,1.13938854522097,-2.77805323144272,0.0762752991717208,0.0774100980063036,0.311505079202857,0.678054656488651,1.19032495427895
-0.253815748177783,-0.517107332933619,0.488067541598509,-1.76663486744463,-1.53917747508404,-0.00756310658022705,-0.432232202677733,1.3507437329509,-1.00126518681058,2.30833700659178,0.1451154257391,-1.73400270564935,-0.141465531629891,0.648476932243868,1.5276691426552,1.81913331902577,-0.470757474552797,-0.751367962440195,1.85587958078355,1.33306834343908,-0.150454208150744,-1.63257073659641,-0.814546043615541,-1.22072793526236,-1.19625843265334,-0.554331452638997,-0.721390002326697,-0.115469526473324,-1.31175915310705,-0.9956593732022,-0.0069662899489684,2.02570942346266,-3.04046111190527,-1.42349705916097,-0.662825722185754,2.38476992330058,-1.34669325782388,-1.61300002581794,0.321566618079178,-1.79597125987944,0.77801084096141,-0.0199471764070683,-2.25971116416542,2.38809339407853,1.12424983177818,0.623173459360397,-0.229831054487898,4.31076789391162,0.732301061413819,-0.46636278181026
-0.853877052405879,0.0888374309902051,-0.557410058205313,3.17803829172243,-2.6674401505811,-0.748818718301357,-1.15049046042991,0.253091320997989,-2.088218880062,-0.404394744630811,-1.61491412704043,2.17869461231749,-1.95883764311065,-1.25008135454894,-0.75490243361454,1.53878513556714,-0.475727062460929,-0.542722276922296,-1.37366194255789,0.855986145765365,-2.15735405491545,-0.411364037406882,0.615210514274479,-0.843526869786015,1.17083350760982,0.178571589376995,0.725860834078074,2.2608652191615,-1.50740152312632,2.38330086022332,-1.39328049489235,-2.45994315034921,3.20134777075584,-1.95245033587829,-0.778858015224088,1.56179005842471,0.700893927445431,1.60873393364127,0.641984373878083,1.28964217451016,2.60702744621917,-0.304514975627783,1.26722001418213,-0.171867913637604,0.549724845321085,0.176656338147154,0.788397201795995,0.0122792133854977,0.343467001807956,-0.866554059601576
-1.55998237196433,1.56153733713714,0.945253600656092,0.442309826769314,-0.0581440818372807,-0.127234107375218,0.371344471990922,0.220095746121321,-0.12746228334234,-1.25340969165452,-2.26066201571087,1.22949806764757,0.509712570138874,-0.80240159787419,-2.86852274988376,-0.837181525985231,0.305520812945105,-0.713511785554648,-0.286412530861378,1.55962578673241,-0.406619312490528,0.893344336429978,-0.758703631222372,0.406195861622706,0.818803511134457,-0.340982436646727,0.183700238977255,0.0572808227922429,-0.407061849522535,1.70443077091682,0.275874292521702,0.18535472526402,0.455993847266915,-2.60254011594437,-1.51558041806637,-1.30377584983749,-0.272059016657057,0.731779945490231,-0.911329894921363,2.66999245010798,-1.00713513213105,-0.118508498589285,1.60933478461472,-4.11033703734174,2.09780099431888,0.323832550647679,-1.215179371705,-1.32305962284091,-0.724473421036513,-2.14780770170926
2.03072562985219,1.32919638071994,0.984278751535899,-0.609218522657198,2.13500717724044,1.37828524201632,0.173176600465772,-0.336847080437758,-1.83423280390471,-0.89772891085262,-1.02195412456617,0.167528770989098,-1.30574652210557,0.0334554798793944,-0.569168690565183,0.274114577112976,-0.616919024063884,-2.22114790851356,0.829974293571684,-3.12833971424287,2.36508651465635,-0.922681654896703,-0.272685924948004,-0.65139866858833,-1.4256647132837,0.0612321249416457,1.28636106730275,-0.828678242586178,-0.279753349524157,-1.2013502776324,-0.674878635170189,0.218653214424874,-0.949807783330532,1.46683920521595,0.0102267997583519,1.87141584829425,1.07143299547392,0.983935880543448,1.88720086544492,-2.12488617975754,-0.591010428428176,-1.89809683130726,0.0749617804849893,1.27192087345728,-1.11181316948546,-2.04397920708247,1.55162420100734,0.264862792815065,-1.59875436819199,2.68397059510229
