"V1","V2","V3","V4","V5","V6","V7","V8","V9","V10","V11","V12","V13","V14","V15","V16","V17","V18","V19","V20","V21","V22","V23","V24","V25","V26","V27","V28","V29","V30","V31","V32","V33","V34","V35","V36","V37","V38","V39","V40","V41","V42","V43","V44","V45","V46","V47","V48","V49","V50"
0.133066565213247,-0.58577265696967,-0.402524953439282,0.612491106920615,1.52507692244892,0.411455696557568,-1.91307817919673,0.408721952204139,-0.0939396831245949,-1.74597510030883,-0.607136100960759,0.0841249561482682,-0.247133851413181,-0.166645946267924,-0.415704428825062,-0.378750130397452,-0.10403593283867,1.4588582486813,0.264781356726701,0.478343176839212,0.395672863506729,0.144851705240201,1.21879128734435,0.715848344705672,-1.03387637202407,0.178941625132767,0.285515500479933,-0.661457627351314,0.271166309663649,-1.40723083727883,-0.450414097233942,1.18866420378125,-0.164827962027046,-1.05193220203358,-0.247017207774784,-0.754074092267912,0.82603002310842,-1.0207858942296,1.37474462117778,-0.998173751704346,0.262315934454648,-0.0296219989009435,-0.450144365763121,-0.782018499823201,0.557325696634198,-0.499796230252998,-0.715415300700233,0.677563962306743,0.49626803628419,-1.7251164783966
-0.388907311959444,-0.270350282180708,0.804186607038669,0.0650245862109358,-1.76581505976507,-0.0256357768944594,0.905510591569819,1.40693165244108,1.05064937192521,-0.534520368041677,1.05531923790741,0.869128233317845,-1.06420919148853,-1.72186969868932,0.592901375144368,1.05402375638895,-0.503836134491743,-0.810591652053668,-0.0239177992436847,-0.352362230809466,-0.26074286675619,-0.154721853569641,-1.76343057519587,-1.55818998088757,1.58077787862747,0.00329167481487748,-0.620176386128191,0.981843192009627,1.286514963727,-0.951030843068093,-0.497182354386607,-0.626639613964352,-0.595871260232115,0.752833224118054,-0.440691543563556,0.0196460562714296,0.99499725251172,-2.92716444621679,-0.0452241232379526,2.25488440868417,-0.426202352465447,-0.989518217282383,-0.087376483209941,0.0563258869382247,0.95730109132349,0.62138494370561,0.323466646837408,-1.21320603664804,-0.42073228888908,0.479119225007175
-0.208689200756661,0.0543290052125738,-0.953897821440097,0.692353084445771,1.51073732314453,0.310388179739499,-0.809655740295976,0.763122129970484,-0.39669541193556,-0.453890455475877,-1.45293692494406,-0.445472546483114,0.0143348813243922,-0.145964553646951,0.0159378648163849,-0.596939821386851,-0.211980800241949,0.780865374082291,-0.298706910516873,0.210496265052076,0.371551931629898,0.0473496783307196,0.739781600554839,1.16159707985207,-0.724027420860127,0.824518813568783,0.508431816077747,-0.724053260457909,0.243384551787251,-0.582049996323393,0.692782215704457,0.272352788971118,-0.213912827889542,-0.740100321217803,-0.234815701354899,-0.227188918384283,0.156453129930804,0.674131072800669,0.321787643302731,-1.62076750183535,0.928302047614945,0.441518933048914,-0.577511413720445,-0.717242506987508,0.686831550815466,0.306411133462125,-1.1905678834845,1.22614871580706,-0.329611750351653,-0.427446263388903
0.495413426827572,0.0137738828235161,-0.348510841777039,0.515436951485341,1.69343862256903,0.0627263613864018,-1.16687403794934,0.553414500265972,-0.472773684229497,-0.476822613102979,-0.999640810042222,-0.0843155088987446,0.0568823532745568,0.370094353720367,-0.404587567795879,-0.520672421700744,-0.158439738138256,1.71401220303309,0.254534288526219,1.19845007188757,0.2374878334791,-0.402650958045035,1.11968654482294,0.920681918148631,-1.46356475460219,0.978309047813816,0.19547043446009,-0.672786706175767,0.220600811589185,-0.872035987145559,0.592812860514202,0.492273502681066,-0.103390854484113,-0.330813398140492,-0.448680051492457,-0.341092317057905,0.278897210075776,0.0879365241865597,0.812506420384598,-1.82257447663693,0.820056770359364,0.104383165077673,-0.834711008973655,-0.824739110366572,0.14007649971855,0.22234183030853,-1.22461035494428,1.28336327655706,-0.234644679956288,-0.912698691360365
0.140858228723455,-0.778675770225341,-0.986883913469204,0.00859799372112145,0.939453031736965,-0.0943754075511812,-0.291253182970762,0.284392330562367,-0.416833844621099,0.401695275643438,-1.29837287431795,-0.00776993684266672,0.0652618227806509,0.396649121075282,0.945767271751375,-0.351461195240354,-0.0414966353651929,1.22909000071264,-0.34182612672743,-0.0836456420700292,-0.609983138224969,-1.15784536317245,0.818220324938519,1.26509661484061,-0.601932054782239,1.11446939151571,0.139220692281491,-0.772492633270454,-0.112468318827431,0.133925136028624,1.22257166893996,0.406775073781278,0.0486599663753216,0.101506992485903,0.0553730716439399,0.00402157551560579,-0.384193233403725,1.47647797369734,0.0655009080464214,-2.35638421937437,1.49326484391045,0.348633963005281,-0.241370452550882,-0.245817694585322,0.296471940741994,0.822779584312657,-0.852043612927097,1.19763621319406,-0.218867685361782,0.657045227304944
-0.0033493250134475,0.248788469407728,0.26475753728569,0.443730395852673,2.1768083702434,0.0741713752925008,-2.52673765118423,0.685349676816441,-0.191078710962219,-1.49630191665138,-0.922462298814425,-0.25919502935329,-0.237297960543102,-0.244322211193505,-0.857001859190912,-0.317834601532732,-1.02515283950777,2.10390152595833,0.525242052299267,0.701293739888041,-0.0837452314122964,0.436114106814546,1.03284844409793,0.861621930382421,-1.48040921460221,0.203673274666603,0.504418922589906,-0.769069776434655,-0.42607092122927,-1.01871724916575,0.114134402628865,0.892591992917204,-0.708981336310306,0.0198677437783491,0.0182279740886034,-0.353405995892602,0.761285676893602,-0.764442741565871,1.3184373502775,-0.694528035636645,-0.0632765947783906,-0.449158088451709,-0.880085472424173,-0.886025320192804,0.497541601997204,-0.414505817941617,-0.851408277413465,0.285240431610412,-0.474387576275097,-1.89978049003057
-0.00616048289969469,0.228830398552182,0.41119267728451,0.192752943072199,1.26782879822736,-0.0803428312113899,-1.92943557883725,0.0490416597803886,0.0647226786242815,-0.755458222624721,-1.04602806442893,0.162795563342313,-0.012832402648245,-0.628007489324927,-0.693244263884821,-0.764892152524655,-0.409159191179125,1.91017357687506,0.481120489896318,0.955851735241615,0.372921852305283,0.353539446223529,1.30472170741269,0.290651424366108,-1.57683213006676,0.429460192514892,0.559238957148564,-0.504566172530415,0.293333683042672,-1.3849366391794,0.206523532923492,1.00164245146392,-0.719458412557736,-0.612497646654047,0.164233690003048,-0.778345244487722,0.620753936154527,-0.0929092891419295,1.40981933993156,-1.02349920852282,0.272988153442315,-0.120006413517093,-0.739723552059432,-0.70122562593016,0.430659099700702,0.245775166317143,-1.45554097434454,0.0693010647880183,-0.255721986340568,-1.1895933558095
-0.567497623636009,-0.416954956569975,0.977807935712933,-0.0387490914029116,-1.44926415583278,0.137398868481717,1.11624377391874,1.5161014920548,0.857510543929492,-0.728520168004605,1.81961715917651,0.844635868747812,-0.751315953350362,-1.21120574178599,0.247562337212384,1.6996307459481,-0.37916711832546,-1.22412913499127,-0.421759497235191,-0.275600681890811,-0.540719695325683,-0.0799483653054092,-2.15048068286306,-1.36949513490107,1.80230767664218,0.019828565798339,-0.938619740216202,1.09293928901926,1.62868380741196,-1.3023778459482,-0.398949220102976,-0.514647132155632,-0.745647097244544,0.566492289789064,-0.118067741964492,0.40605779517662,1.62181541848931,-2.39743878484208,-0.827046113616906,2.39875997318182,-0.724181193499939,-1.30230426247891,-0.0469241968823002,-0.262607464458702,0.835794287844284,0.618383557750944,0.313709717810142,-1.17306687100531,-0.672011223996445,0.706672077549911
-1.65146259980755,-0.169533389611859,0.0821001184896861,0.190767317650075,-1.56187758557287,0.106288996684858,2.81638202372,-0.754764555865577,-1.2324216774266,1.3708949197589,1.81590295041107,0.616363123240323,-0.0985344520897799,0.782798969287644,-0.414742509606162,2.13037392162573,0.9688650283201,-0.859151663799521,-0.318868119815023,-0.70685128711511,-1.77392773954257,-0.0386005051760396,0.00909463145036662,-1.01356338393142,-0.105772774056515,0.453742876540303,-1.24465723525554,0.0664740758186166,-1.23843181929943,-0.319543972540044,-1.6890351472118,-0.788573321811993,0.861409742062205,-0.746961825842637,1.55198173956506,0.377152582686442,-0.179014233508103,0.654128790704073,-1.30813736300943,0.53510358124842,-0.585248343967833,-1.00808761696173,1.70759142320104,0.905385387777129,0.147476493189172,-0.0766039052228968,1.12435516097135,-0.592336817430841,1.19948567777237,0.582704663120121
0.479970693343807,-0.120294310392314,-1.46932111179806,0.851125953193002,1.16899028247042,-0.379470435924238,-0.0353461405419294,0.170324378950892,-0.260594082641107,0.898058193002564,-1.07813660021829,-0.00871271979472954,0.0341944650054774,0.510953951110344,1.00871016308682,-0.508652481586218,0.187024236548684,0.54995515088719,-0.423231032432921,-0.464678237553744,0.130475413438336,-1.16257245741025,0.0158701535513142,1.42187429016666,-0.30591717209068,0.458792244252793,-0.488207423287029,-1.04912242268847,-0.688172678160751,0.397805671816014,1.19992444229465,0.0864611880384684,0.218728241466143,-0.0310191807875283,-0.340119374556836,-0.0748973192334516,-1.41716048494603,2.1281933190845,-0.913527308301716,-2.08164033212188,1.06787095664144,0.710564675982828,-0.00393056042360077,-0.223051700661331,-0.044605928053486,0.58308230126788,-0.606510325707617,1.36697439190875,-0.505815859570783,1.51664596545651
-0.666156117335643,-0.28408306856111,-0.621355422411459,0.449160154740259,-0.732796209882923,0.359510962707074,2.55504456452932,-1.03860581292329,-1.67115965051906,1.84006456265391,0.756515357566019,0.683757642287525,0.345024724027341,0.688667591425211,0.35167489838875,1.39550975621278,0.814058427752095,-0.461152286775639,-0.539233374664877,-0.303661308651791,-1.74688706221667,-0.350136699912559,-0.440450859744269,-0.411390611365644,-0.0584099652764082,0.523677797945397,-1.08312356503699,0.253839834260588,-1.34098667982222,-0.153300522297437,-1.35484297781889,-0.765239181091145,1.29603682091793,-0.851893549619505,0.803231982447364,0.900898286460752,-0.47775848026979,1.76414533822893,-1.92182079445001,-0.482779598513962,-0.454002912071632,-0.692550642937285,1.65619864842795,0.910574879826714,0.227377646925242,0.265093665579753,0.716429190159095,-0.167185691797257,0.937175016448218,0.203337895499294
0.414290714376984,-0.293405157652552,-1.47685870230128,0.760259957668532,0.690802916831814,-0.228515483455297,0.074275756421977,0.182065079355886,-0.486506436520621,0.961466363880294,-1.08181667826088,0.0748142631416781,0.349779891655318,0.885458385201751,0.0442987377502805,-0.452733502019271,0.175703336791451,0.620507890100138,-0.0558452266263056,0.239088897693847,-0.298800025472582,-1.00307043170681,0.188145646437902,1.29291964808948,-0.421993451169673,0.819944640300869,0.148514133955216,-0.5515769770299,-0.0072029753928038,0.454501939220511,1.68447583490231,-0.359716829995967,0.84808873373817,0.442260309916422,-0.206624350306809,0.302059599326546,-0.876336532041922,1.49400061816675,-0.521922547176644,-1.90148510552301,0.761080098376873,0.384940913401552,-0.151965917588557,-0.126668615724157,0.348462647334976,0.936879063977478,-0.964338653874171,1.61108172123225,-0.269609077490595,1.19487267661657
0.2158148275595,-0.126429904121205,-0.426031355380102,0.349330962496204,1.65841609859333,0.160103458058328,-1.80399820751142,-0.0326347017292584,-0.193823168481373,-1.24462842846741,-1.22568722495539,0.0239102101607258,0.075799234756328,-0.364857142386746,-0.319583608911701,-1.51603178747485,-0.51436095930464,1.71371374001717,0.62600447574275,0.935735158642741,0.276885171739427,0.37058025219116,0.944072146755925,0.747398958612399,-1.09071899764806,0.394719454564215,0.57225642991854,-0.730532327819006,0.422031244466948,-1.19907713279498,0.17767349945308,1.07923217390962,-0.472355414255938,-1.01321295315098,-0.0605069642859789,-0.933947938507383,1.03848455805399,-0.722705328810361,1.34444382068584,-1.37423462458972,0.501834525609038,0.230679479401902,-0.429595424836532,-1.01237668331644,0.591394150727971,-0.464439760214715,-0.733398599425728,0.21102580857324,0.303608996772578,-1.89459505789275
-0.388081942539218,-0.62218226108763,-1.85492491118609,1.23522815367578,-0.50813220937777,-0.134647204908849,1.24259644280186,-1.18520604945819,-0.554385868444108,1.74258562089843,0.0780361736497913,0.127749495315923,-0.279693197935406,1.41288886363549,0.471855250984379,0.332058986154681,0.439739389901563,-0.445902918689397,-0.26159665638814,-0.5439985706399,-0.924666369425051,-0.862742295934797,0.0589341550127434,0.505020758447045,-0.00143697532750894,0.737513583402522,-1.21654662194787,-0.300323288118051,-1.07439207574795,0.484987274853659,0.388529015023355,-0.457956894815588,1.50206811101163,-0.0400786179085715,0.606568318491602,0.553596934704076,-1.23609038860615,2.34071386674179,-1.39958583579632,-1.71225800207837,0.371407540414058,-0.0243774443249394,0.598217766314567,0.153443472345621,-0.223905027807118,0.521233542309693,0.408275976042947,0.37582524860642,0.746018725817657,1.01528757686502
-0.79564457511768,-0.0115837041167443,-0.797158918337944,0.412038064238656,-1.19626102356333,-0.610213268061128,2.12587377987177,-1.39776674633192,-1.28280245804546,2.01723793056844,0.829525282548083,0.311619983235523,-0.074217743375996,0.967537666327316,0.516046647433277,1.46544345301085,1.25357815891583,-0.562103146623747,-0.619010132580491,-0.583062287280109,-1.31476272065176,-0.237154911515028,-0.156211023305082,-0.623091655721808,0.147051129745698,0.627012107298694,-0.875213854497925,-0.688972027733777,-1.48780687065195,-0.105483773467208,-0.697560646081283,-0.98431268282011,1.70304433846049,-0.811440005910498,0.317123481408529,0.212949334487929,-0.490484352972223,1.35016986117429,-0.568446269417274,-0.427951515541205,-0.396442449596186,-0.0588931191471487,1.29149517194254,0.124727359004784,0.334306230617382,0.445186223409994,0.505438511867683,-0.0984967053705886,1.29093283424889,0.673374879358983
-0.374122678252155,1.31381832582271,1.17864981837926,-2.53686892214159,0.218137352284463,-0.393232917208566,-0.551354796308592,-1.24175196537438,0.300781706029987,-1.34186568950108,-0.870169574858478,-0.682431759740307,0.99407584220615,1.12557471389329,-2.0003199885937,-1.33364189778533,-0.650118529196455,-0.276731625094814,0.391982169015212,-0.530885510002156,1.21262989487657,0.839249222352385,0.646748472121394,-0.308293124955975,-0.0389980936168174,-2.92194982559863,0.490324815808222,0.210335868559464,0.361018550191788,1.3926164668002,-0.043709471690257,1.49708742944836,-1.5376232654118,0.502505101255121,0.383615016885525,-0.18443270255144,-1.14279558208471,-0.685440490159931,0.574132665530952,0.689056775349857,-0.788857378096461,0.0753924890778523,0.212048320454695,-0.397423928400018,-2.49024462520033,-1.71928398535677,0.45440170359872,-0.883666086476847,0.563244120187547,-1.63407765061274
0.507835850094394,-0.636914576011869,-0.275888602616797,0.689956466124107,1.43841443638542,0.0537701677380274,-1.2536725387065,0.290589730391608,-0.700682981697484,-0.629593871969842,-0.864399234653348,-0.134266758930289,-0.289179477727465,0.000761750184027077,-0.0698236296858144,-0.369100307717576,0.0674027569017449,1.28825054729379,0.116267207873949,0.556714740923637,-0.111186877508627,-0.150415346818781,0.643031844030168,0.59670041272158,-1.18616684398633,0.955212616924646,0.440883805132228,-0.493475725815897,0.154340457742942,-0.425843193219626,0.677789031103215,0.952799433123078,-0.185740018567617,-0.721545428661688,-0.254258765046709,-0.123062514475725,-0.258806970024784,0.431324533052172,0.414874944588583,-1.70310267778094,0.609788443180099,0.86030826078579,-1.02978118355681,-0.770320621756118,0.537108844990735,0.48477599441104,-1.12430491859643,1.05063797295073,-0.382870720953419,-0.593390187413803
0.318924160966269,-0.341143160199289,-0.319240590195395,0.0740113620010442,1.5356071967072,0.00898545218602785,-2.06601249758064,0.526085650432712,-0.118628737278763,-0.598691410566717,-0.83984381266811,-0.0919383805837688,-0.264365845651801,-0.0210381525808859,-0.465696482620295,-0.700604778941541,-0.832221076008214,1.57496652142996,-0.00965281861807276,0.850492451169159,0.215714329552731,0.426716711534052,1.48971784785919,0.378983444247139,-0.757331399208874,0.0105648283460828,0.302542943862227,-0.46138523547059,0.482437299296524,-0.97794440023519,0.46301604596323,1.05859849317657,-0.752001104033499,-0.497014478330647,0.339737517703814,-0.34532510543587,0.538088271486281,-1.05473669648037,1.32542790660002,-0.881010374417885,0.536397086335153,0.315488940219137,-1.12908312166675,-1.03564189752859,0.175979470766827,-0.457569760289962,-0.889092565455482,0.185056117073432,0.530584235176337,-1.55348273546843
0.424218981676844,-0.109173314036913,-1.38645458943798,0.698180931067524,0.599964462284532,-0.870338817986031,0.143820341075408,-0.413919924017389,-0.382751179311932,1.2647368006631,-1.39878717525034,-0.51236978792969,0.0385184837651975,0.541573225843445,0.790823701499279,-0.48438866399196,0.359685260152375,0.599298809812144,-0.651643368863975,0.0988608414627653,-0.356835601011773,-0.910319031076281,0.22319539427973,1.51109412167086,-0.370978901636995,1.07130685092121,-0.635388602981539,-0.267451381255366,-0.331206732001444,-0.10265844428867,0.932224097461478,-0.3143212005458,0.986303129953052,-0.342110085643582,0.15266142459988,0.12452430283247,-1.62641226596547,2.2984050904952,-0.349367960207712,-1.61663592513758,0.834272275544808,0.543066696505596,-0.0612873242712106,-0.31825011335027,0.000522690584396822,0.921790051464705,-0.222996525461621,1.40993343240462,-0.265921483090358,1.12489644893545
-1.10360761731033,-0.0680888640721802,0.595570398863635,0.374194862975764,-1.55832297880843,-0.0972381534794115,1.11424411684525,0.74858646245664,-0.229712403678926,0.0268797587703763,1.78606226549446,0.660584216126701,-0.753910721865389,-0.970687146454935,0.0950795138360231,1.54312272117793,0.119736883562838,-0.525184354273872,-0.258426241367843,-0.474471155085251,-1.18153981181052,0.206430215224603,-1.85196458430156,-1.29899506091344,1.06628392796115,0.120745281291745,-1.33893262345184,0.572848328218367,0.680108190364847,-1.03249480151925,-1.06992175426453,-0.772254467084906,0.524233880780362,0.698479448882836,0.491968623945617,0.518441463293429,1.0968151123163,-1.18458175607371,-0.161249334572894,1.86740952460406,-0.33686313990865,-1.54071606651354,0.534906522579239,0.465995091755501,1.1507234362567,0.75544398684335,0.481522380181929,-1.1676461663938,0.267534791192372,0.55450605777584
-0.301875930338374,-0.157391383610165,-1.10347028279001,1.34467054894093,-0.517764723252911,-0.111778837554277,1.99059519782209,-0.516976630523216,-0.881450427918761,1.87729411163331,0.309471473948231,-0.340459981825323,0.359717956466056,1.52091909179643,0.646704622974741,0.535358879056483,0.989585034440119,0.0220718498088198,-0.432243731159554,-0.621244689981828,-1.08122233075809,-0.540813562933115,0.158998430060998,0.181816885633606,0.0911217605488917,0.455874176692475,-1.22535247599012,-0.766171117455593,-0.498685685283395,0.930122803008096,-0.53593360986182,-0.588487194703521,1.11305049197163,-0.546579711414622,0.956096531565463,0.783380592385359,-0.938236412419531,2.25899473682731,-0.916569625646242,-0.76786382189976,0.0084411214145623,-0.115207126164175,1.35115957059796,0.281279166573829,-0.153312880198409,0.581549929312622,0.360057417108755,0.578415879247941,0.282773156522996,1.08443222008829
0.160331344295203,0.567760238241317,0.181247034699345,-0.246123006724219,1.88207204769398,0.38735655621824,-1.79874470030812,0.100623966340317,0.328773897855556,-1.16827273082347,-1.01360015955377,0.29857672991843,-0.364061824427875,-0.50727416133171,-0.734051956587524,-0.758543530015821,-0.00471667388067572,1.81766356880906,0.805793213584439,0.895352518055788,0.365652075567069,0.506051294473863,1.35940066673754,0.590532687042772,-1.37904285915447,0.2644687820784,0.323471201815838,-1.18402135790319,0.542435611880134,-0.87679301187316,0.127620112174872,1.34634263355317,-0.266783139842994,-0.535182072084554,0.0734007028102621,-0.703291895493091,0.886972599847311,-1.04366070096586,1.16333482984665,-1.15503531187921,0.213849565486094,-0.236150668621808,-0.664695159883318,-0.686076754406395,0.459911211428985,-0.542347895010381,-1.10594359579224,0.368579928043833,0.278504329402972,-1.83684415146874
1.48701145968728,-1.23432257401937,1.71824681533521,0.656385551512762,-1.69564423544442,0.17182436179663,-0.0477489518068177,0.678558953277064,1.23564509966256,-0.510014869161216,0.628502856887876,0.224380546812991,-0.699094816967939,-2.45132849367887,1.09618482058507,0.0865787377552338,-0.688303627461494,-1.83621121502901,-0.304862858597593,0.988302373542777,3.94568098258374,1.13619142107964,-0.817381891366468,-1.88118744661367,1.27250256310511,-1.43363850076341,2.05046468464499,0.123940829737965,-0.793590140758207,1.64279989626777,0.955632393396197,-1.14376739073741,-0.137133346970409,1.67961983169094,-2.30471663156849,-0.352762370367087,1.29272125647848,-1.34569668221953,0.329902238990532,3.00715974734422,-0.807022760902825,2.16152203956366,-2.43665245834986,1.34180444232938,-0.27375270596072,0.764446336674573,1.62462260096209,-1.26496429885101,-1.93689902234575,-0.272484722784246
0.396951604391712,0.200414663343456,0.419120329108118,0.303560118571094,0.994044170820746,0.268370646236946,-1.86619269439068,0.405636160079978,-0.217256813944467,-1.49171324480521,-0.77098821676494,-0.420779427310835,0.0273297639084022,-0.365764854982566,-0.812672931682207,-0.724182949505099,-0.540751361783323,1.69754068330616,0.808371803066864,0.778337923345617,-0.03150776716223,0.777782916800911,1.23046050430107,0.100739067317112,-1.25220508021416,-0.769385506463573,0.711559694995734,-1.07135211658497,0.348834148782741,-0.829570594396411,-0.484074160497359,0.8564780305917,-0.7674283642166,-0.843935630867338,0.335900471775223,-0.52966507592476,0.505122380000212,-1.10607896044198,1.30523128911711,-0.785618585019888,0.208643153025774,0.19496595623278,-0.569762040260625,-0.616030867649874,-0.0364135227246746,-0.83684562779517,-1.04084180019679,0.250548324657524,0.289385488521866,-1.89840008170735
-0.409852351642619,-0.267117294776324,0.864745719368854,-0.186538490030721,-1.23385874852098,-0.0198992213796414,0.652969772356083,0.847795086228522,1.02839366879537,-0.379790635967482,1.41200644884431,0.45697499599167,-0.802600791343293,-0.882551201069352,0.131389979937777,1.2604192592423,-0.366459598320411,-1.05004119973522,-0.467611518058653,-0.214164256099031,-0.294814314446147,-0.061039605454809,-1.80568919884075,-1.75141506457069,1.33126670778822,0.39092709583928,-0.192305287492775,0.639901210984359,1.56835455900725,-0.975684931070427,-0.43524074922357,-0.618788610361894,-0.674420379162503,0.796451268803946,-0.0907865308650933,0.753252157334833,0.702351413100056,-2.35941611187716,-0.212517865731602,2.2172879483588,-0.664959462275801,-1.011277104091,0.207687077504116,0.0404049376435622,0.938421659292695,0.403144864294381,0.700103942323816,-1.36778097950371,-0.741484353143024,1.00961296362408
0.815387653470786,-0.0442599396207114,1.26264466942989,0.0899517013660941,-2.10496346765485,0.162777054120562,-1.18090549959523,0.996489190909418,2.03344881573774,-1.23190484063735,1.15112095720052,-0.0233364515633878,-1.11875577178151,-2.31378940679106,0.889406306243194,0.287799691201563,-0.163954266126542,-1.39790218476624,0.970476131969146,-0.307646362526602,1.38012011764139,0.439633214112845,-1.39681813411992,-0.982079917760168,2.08318835087356,-0.449974272645579,1.65707029366189,0.908155414499477,0.971859479143265,0.605576895877929,0.0219386340440142,-0.519625811143596,-1.08628680118131,0.776280929368654,-2.59689234749789,-0.448789137796914,1.49751887449843,-3.18193776254174,0.0600894826213938,3.16304693893157,-0.0343286561791671,0.632972324468681,-1.33579321595766,0.203438242320077,0.117220557207333,0.785937410182945,0.967845409952531,-1.11745456615395,-1.0793712303654,1.06440553418481
0.0791042295404537,-0.291400848881337,-0.368330983381101,0.404395445497487,1.75980789060911,0.218020809374297,-1.64815515599922,-0.0269480424529939,-0.123480755213431,-0.974683172943408,-1.01485749017169,0.0263469798887575,-0.156599023716173,-0.172783109622816,0.0430303647415815,-0.239761410347122,-0.0607765324823783,1.46964946603767,0.36786249346324,0.153882905205892,0.250242308668839,0.0681101482552523,1.10604584450842,0.637582620344012,-1.12451091389463,0.894984812640257,0.327267362470142,-0.468319044026067,0.127833862873557,-0.623697604971702,1.03970036247708,0.507064789548772,-0.107110697292479,-0.671924211358326,-0.015622862259208,0.069844126546033,-0.124538728699911,-0.713073168325834,1.35217121441289,-1.61966238774003,0.866698927159321,0.146428046709671,-0.458753924477727,-0.764301282924359,0.503768531182926,0.315669051091046,-1.18165775006294,0.945957826364974,0.193428190740102,0.146592079215997
-0.100875249090011,-0.601954964197734,-1.24777680396213,0.859956221988967,0.926045956205925,-0.281090367660477,-0.356266637714934,-0.580268196600781,-0.21593896489656,0.87179463234393,-1.01326578547683,-0.603199328407163,0.314895781928544,0.690268803788324,0.736799531331848,-0.505807599242331,0.0412532845555759,0.65689372655011,0.0904983674369397,0.000529833499525343,-0.0904198802431192,-0.78721478118259,0.106439452235327,1.38690479233343,-0.535396361400138,1.24106725219129,-0.0522100894479812,-0.430562723420156,-0.61763251076542,0.61260869957323,1.21798301402292,0.134108341923615,0.0146110716606285,-0.0290838661414215,0.392308615088871,0.283780925503887,-0.899031436708045,2.25949374487445,-0.527637242072249,-1.61264732034076,1.33320808602698,0.263838494372403,-0.341408321713588,-0.285289758652955,0.621541461978045,0.79314446015635,-0.490760448936138,1.70856376549257,0.200969223836373,0.929284092759426
-1.31365158105083,0.0196186838629381,-0.355262754468988,0.164712668924498,-1.66080929904016,0.185379033917639,2.46935360890483,-1.03933365147612,-1.55258961505998,1.86375167763628,1.77877081621008,0.715287307578918,-0.290153586931833,0.961913607557029,-0.148934804768624,1.99942957979262,1.12291988900027,-0.653686569150107,-0.0694880611490085,-0.397296697447999,-1.40361202272217,-0.338802687652128,-0.13061946498658,-0.102926548984579,0.284291187024801,0.895890105470071,-1.00979496881457,0.218342738282645,-1.40249840815858,0.0238467389360537,-1.43967032851535,-1.03438903070112,1.37082407497631,-0.907979099130801,0.88389855997068,0.567191345290639,-0.285834801496244,1.49725913712801,-0.632274347762755,-0.253597474649679,0.311638068537542,-0.952497723262488,1.9588105078367,1.09852852493276,0.378912190066312,-0.0343408665378572,1.10441774129474,-0.189669937863978,1.02812088893415,0.903124574464805
-0.224154851965401,1.06483667990251,1.10120185847463,-2.58262015910728,0.532249250369643,0.0622998930181878,-1.00005186048948,-1.03108619959233,0.649643981244593,-1.00847498668272,-1.11866443270188,-0.504190126298997,1.85935492198495,0.781416038308293,-1.71043308209252,-1.84296543162954,-0.124469420535036,-0.302722353813518,0.589866250129942,-0.898895302340012,1.22316840633313,1.58965210510274,0.248473823170046,0.114486095823967,0.119361001999514,-2.63713721794971,1.22298679812167,0.0236651731447783,0.302506709713082,0.602046380634953,-0.348149784867473,1.89613043986251,-1.43311536962592,0.255136561289066,0.247130517157397,-0.0231032905871799,-1.22661919671895,-0.26919806158453,0.0902313437077927,1.1642960851914,-1.61467609231543,0.244861195406586,-0.0213919452700476,0.124655506741533,-1.93312412915047,-2.27895135835695,0.65591320211333,-0.96941797838732,0.156052015491768,-0.77722516982595
0.884503879537517,0.49252216032847,1.42998922022917,0.0649915921428481,-1.93921526239881,0.340817630950572,-0.828040446784241,0.904017056848907,1.81030966326315,-1.27879884285041,1.55311963195436,0.547107664268203,-0.985537536517797,-2.51778249232729,1.00074738521351,0.650111892249013,-0.456885932669094,-1.41802175161067,0.650263637719391,0.0422846748009403,0.13313126023359,0.112204639181357,-1.64483278128126,-1.23707195536191,1.81964161113362,-0.42658421096738,1.18280282760549,1.03875860207349,1.27413572667745,0.485415106418438,-0.238401806332028,-0.928163237891193,-0.743448822839562,0.401160493161763,-1.57905632656132,-0.316673917551692,1.37383777111509,-2.45442571924603,0.286920376428379,2.68660816639336,-0.347865421331212,0.266175449205809,-0.280035746809617,0.4208499581332,0.565219747785115,0.717153449857236,0.836561237071629,-1.46201972331697,-1.0869214467631,1.24012829730796
0.448292718679274,-0.47699976801687,1.39946885271074,-0.100076861374333,-1.71900973892664,0.281952513057396,-0.766013700980192,0.998171675112107,2.28338707986474,-0.900319300393103,1.87671512530418,0.390378346714531,-0.874781368747221,-1.9121712829786,0.912438676177088,0.582314021253606,0.205155277353226,-1.37951513892016,-0.0182967935490895,-0.4489282717565,0.594248524906358,-0.0246900857926531,-2.200667806943,-0.719266919834406,2.08406601173206,-0.593734281632621,1.47700564907569,0.733014101234949,1.3568414340427,0.0373292213705971,0.0747851445520332,-0.891587443016372,-0.385028472452167,1.24889281604092,-2.0759776878426,-0.206957315958621,2.07740819093839,-3.03450255565431,0.0504991251033882,2.979144882302,0.0367201580334728,0.616063542888143,-0.749280710534246,0.216424517356787,0.659515373733308,0.906397187168982,1.07117976296218,-1.16146671065857,-0.939304697212434,1.84563452983439
0.431571648970056,-0.338850236225802,-1.48399711925974,0.916627591114123,0.00244359701066954,-0.720077204723921,1.5613875255173,-0.957652780256654,-1.08714549270349,1.77679530804707,-0.0697316268576292,0.0419506603843129,-0.0980430703512731,0.940586626924496,0.188126059463261,0.250940893037896,0.53421132518529,-0.388414953666486,-0.277160337047774,-0.339398608195509,-1.24153488690736,-1.19509237464687,0.0956009463399883,0.41350279776512,-0.492211145586162,0.807902828297213,-0.785795026050766,-0.146619728134128,-1.20301326433344,0.508019908138031,0.298449208685182,-0.738362511763888,1.0832028801454,-0.514208130378353,0.974676507091781,0.760105904461107,-1.24510496601417,2.35115040300482,-1.02849464086236,-1.68557956492299,0.593139667205691,0.22907408573078,1.08683182332776,0.350182622314846,-0.170068679615091,0.317076539280057,-0.108611847413654,0.92117177817324,0.324906667581365,1.36323604007053
-0.567832419290308,-0.145704593037438,0.43247398041335,0.390541576416643,-1.17963962360857,0.237819195154512,1.66958092226646,0.376889037758823,-0.363250125087724,0.326012963983314,1.91282345249967,0.593815639928303,-0.0516426159555225,-0.678431336323377,0.172313302317234,1.6631991774283,-0.0544853105557138,-1.08355922087853,-1.07489846055092,-0.276364408533977,-0.925938017013183,0.27070464561472,-1.23233051022852,-1.85891830393092,1.22648762895104,0.597532235388048,-0.584652593366611,0.918878993092052,0.614080069020726,-1.28511268495776,-0.780378042443968,-0.870837075066871,0.0915148753489706,0.262775352567892,0.608857565102392,0.56718479278007,1.10096498013162,-0.855955525390262,-0.525923604641542,1.75013337943829,-0.598944564030824,-1.03561823019119,1.17282817201878,-0.26837242111155,0.819508223303949,0.235637029246282,0.572051125963464,-1.58581986440896,-0.621463013968266,0.499591841134191
-0.216643492346921,0.835812013136675,1.0516081508599,-1.45490363134394,0.488516447169159,0.587556949799399,-1.96903057917877,-0.297086097578112,0.488915696098534,-0.983449736752219,-0.546023514284165,-0.535398565214156,-0.849733936414955,0.709898441704663,-1.64007967526339,-1.37587175898019,-1.09512189979773,1.22275548993131,0.432322757173286,0.329433343987559,0.0780700628682802,0.705306799139144,1.52441294840887,-0.0205985689988968,-1.18741449719751,-1.80226167094034,0.531435641872407,-0.424045921714769,0.641914707316938,-0.432048927189216,-0.567167645619807,1.39206105625786,-1.13001271621546,-0.0213638523190864,0.818968957281343,-0.13249812858712,-0.159975484156829,-1.45834018332556,1.42750846131794,-0.289652355466746,-0.187364103787471,-0.686962390139606,-0.290856545591902,-0.84846245729773,-0.0341343659472453,-1.04731796906277,0.234174657483881,0.0714072243292636,0.885715561885608,-2.89073591001715
0.0571181364598967,0.612750485770287,0.527138877307795,-0.521467988049576,1.01632579161386,0.714032599192807,-2.09020764125846,0.0414171384953175,-0.0338632633025331,-1.28748631698387,-0.792464061560162,-0.331084076429792,-0.271613658719744,-0.0869465554060602,-1.17814002401114,-0.820761484564501,-0.528549868776312,1.65835349393516,0.531717628532539,1.11396118200989,0.106043782448622,0.582788734471391,1.15004178549709,0.0125055380548666,-1.27376332060482,-0.562560256022431,1.09433186411721,-1.08286437707943,-0.0262621775817212,-0.574833160580299,-0.881840553109002,1.18949517284366,-0.62764937451936,0.146461983817605,-0.107514369374843,-0.363517907661051,0.848712852033178,-0.975393155659716,0.757330303708266,-0.454091464524667,-0.149974420969027,-0.310017781065092,-0.818380449741407,-0.735664535357935,-0.45211051314255,-0.730493306801678,-0.53626181229818,0.122138647785714,0.401601507111001,-2.38116732501393
0.483361415112204,-0.220642968414233,-1.80386171095132,0.691018785694781,0.661648839701854,-0.693307901936033,0.735472737858453,-0.689738820591084,-0.588596161568038,1.44284698622199,-0.347022004776568,-0.250155025725769,-0.379115731166593,1.03349300751229,0.754535035243302,-0.0213163901205759,0.387291190473562,-0.40001521692972,-0.353298808361052,0.0794227208567066,-0.792877569576131,-0.936371879595974,-0.246214133675019,1.1619277787839,-0.144594293815623,1.2576523267661,-0.75135116092932,-0.481257504249711,-0.82152278855244,0.145138771223317,0.80341314160382,-0.110683846745266,0.699848789586737,0.0246020659682186,0.816026058876915,-0.0234022139774692,-1.39503120135975,2.7431366362297,-0.848233851162659,-2.00996462751092,0.674869312414675,0.261157433806336,0.098837222547239,-0.37016086892532,0.00199981172568759,0.243741103039254,-0.275291410778327,1.24816140514632,-0.101627507985619,1.17697534642924
-0.785155154599536,-0.0744387620152593,0.735354618918499,-0.246696624810444,-1.48517394068681,0.445351646643756,0.618896690790945,1.10578524399219,0.596652622869536,-0.481715041370416,1.78912243735793,0.75081202518773,-0.527199384153683,-1.16634147513487,0.40111274428975,1.55907517469762,0.460636550679212,-0.867046343652489,0.0121261527476113,-0.304568009675617,-0.648620417199214,0.207593137162497,-1.95882731173213,-2.11064498117458,1.43212990121577,0.813004373715348,-0.340473510808036,1.25439896838454,1.1457519672459,-0.773999275826484,-0.420710341550194,-0.410887788304583,-0.240624505519522,0.950926332262509,-0.39445441938031,0.193504241334698,1.11956994933622,-2.45445803393935,-0.708861824800354,2.66653381174134,-0.581246947746324,-1.04141523967853,0.443057156369214,-0.151777462952228,0.933818933564774,0.380195624359829,0.505800835073602,-1.89854291257724,-0.122099652552287,1.32581728701494
-0.7056155280652,-0.276244712265309,-1.44494864603613,0.100687841429643,-0.231887944720193,-0.461323760913542,1.4598683952683,-0.548220517185693,-0.469981241755213,2.33735141023469,0.17204378833404,-0.495213594164397,0.215375123822718,1.04891150012055,0.721072155092484,0.819531637829066,0.808054028810083,-0.234734538169339,-0.0506354229788093,-0.161141983843728,-1.17322554535063,-0.917526387487372,-0.0491256750007294,0.910432342340243,-0.505498370919303,0.418196624828909,-0.976618417836867,-0.363449962068217,-1.05847791303712,0.265209208862562,0.00189757125879036,-0.977581897197815,0.909206598960879,-0.696022776121533,0.872500641847304,0.910254469410063,-0.961456825638921,1.98323422860825,-0.75236766303253,-1.17890785582214,0.490977597961532,-0.320319406978263,1.22802392664797,0.978587919697767,-0.185819060200994,0.349172285195615,0.548062249942654,0.815946095216747,0.386134256509511,0.837677318737334
-0.951281658027547,-0.593834003183531,-0.0845782960335074,0.209274043043487,-1.33477756799037,0.646402885654727,2.29092761229218,-1.09046837700697,-1.18119275051782,1.84038006321493,1.30013234086965,0.574503508342547,0.158193110647409,0.817848220320287,0.211552520255748,1.77966608749031,1.25561300811758,-0.732518548242726,-0.736259124573271,-0.632627433038679,-1.61213636491849,0.283400662545979,-0.36582809238759,-0.899333883539156,0.188729678635442,0.48467045110154,-1.42658592564705,0.39002202122283,-1.11879731522722,-0.375981404539558,-1.72661922679189,-1.538751099889,1.68655916443715,-0.959918375797822,0.75022055826639,0.27837585559694,-0.280841566080972,0.785866412356905,-1.03010445909841,0.502523001614848,-0.677653282760699,-1.46262279436136,1.84614827617845,0.83238024076238,0.0525662426937951,0.145572589698432,0.72731187094986,-1.39357418849425,1.36645632186559,0.262182907447518
0.242163722658299,0.44873592812264,0.6947912235339,-1.43381370876336,0.632734979971147,0.0235662801415529,-1.94779416309351,-0.233826137522014,0.147700669227678,-1.48493015349059,-0.601570635955896,-0.543966350165439,-0.41248143326939,0.589222443462791,-1.84965991863124,-1.15312539197474,-0.993747998993214,1.84907791248515,0.361836465482495,0.763684988704449,-0.312555119148075,0.419752078691147,1.54691855864558,0.123505685780193,-0.675983175198848,-2.05411106631339,0.203993667685494,-0.37057745230527,-0.0041284013950605,-0.229791419415782,-0.689458079228134,1.65343653460912,-0.92776975029601,-0.126509675200096,0.187086209278892,-0.195839504857486,0.363938280570481,-1.11200208199655,1.39119048474864,-0.471632587267669,-0.887794007069153,-0.333029209268096,-0.48973195599879,-0.674917949382811,-0.65570148691956,-1.52769529911265,0.128336724517826,0.448097251301641,0.846854384072522,-2.2230153450215
0.539527729460276,-0.515887734495582,-1.22587607387454,1.00900001716776,1.21107934967056,-0.214758822868326,-1.131098339578,0.461355795091737,-0.466503032232652,-0.390675106405788,-1.53839508144691,-0.103134886296993,-0.242961704471688,0.469113874482233,0.0509094617229143,-0.673521656601773,0.0649816278877542,1.2349058070306,-0.0988563867548436,1.08573218215535,0.796664889904575,-0.453694974368232,0.955508211018658,0.816285677479483,-1.08076810330068,0.832615355579189,-0.150216485225114,-0.641029145528598,0.0640057092959019,-0.123197459988194,0.919315682212438,0.209224447866821,0.0200590905578763,-0.435553358969569,0.005952148156605,-0.0166819298107303,-0.179092909470119,1.10314635358483,0.830550557823753,-1.69791327152556,0.856038989808778,0.155853524610679,-1.03075518049884,-0.573697615481798,0.577630538187649,0.294997229572504,-0.993070675389277,1.30554376230395,-0.0579575871215793,-0.0886271453098325
-0.525331985839565,0.209233583110666,-1.22634840849287,0.668675584620643,-0.342897413668264,0.0594956061900589,1.66256112134784,-0.91414237654185,-1.16619495278263,1.67048193276898,-0.335152298970421,0.196611802764006,0.215322409184583,0.749347114569321,0.282667816332465,0.40465329233722,0.913738761113286,-0.210051782641286,-0.406228085890435,-0.198651611526333,-0.620912664342628,-0.761633083627759,-0.17537453070724,1.02963352154897,0.0175839795305118,0.624754525108286,-1.32278964383306,-0.465898605463188,-0.827730108801737,0.626813822211985,0.490371773745063,-0.650947913001923,1.49760938934314,-0.365234388988561,0.461219638095616,0.365428617586381,-0.982304675210016,2.55127383750451,-1.63885175627705,-1.49556126157197,0.481999475679833,0.00583477573154003,0.971249364934077,0.267842352951959,-0.0102661383594192,0.35664795861294,0.186630201305663,0.711692877160663,0.222771110089341,1.83979436902771
-0.60718920595976,-0.576682049467958,0.531252168443648,-0.10603684225715,-1.75413080505319,-0.0390492906560485,1.3034635897243,0.814948707158478,-0.094018297900908,-0.104254273064005,1.57119587655172,0.972411818212273,-0.857301865323658,-0.257463432740396,0.177045095783357,1.96006425893479,0.274351220824594,-0.860514394618724,-0.464424356149954,-0.213581855095499,-1.52471053591266,-0.390068446895251,-1.72186338228682,-1.31284250057369,1.10702637035414,0.65963566185392,-0.705780985186449,0.860172005668241,0.670333050110388,-0.987430679719156,-1.31323904979687,-0.897799231348109,-0.330294836224278,0.270770139284222,0.519232729450274,0.48650303760854,0.799474344345291,-1.17808750355151,-0.174383587410797,2.34066759999237,-0.292420928043442,-1.82286629698148,1.20951808513492,0.452613007429673,0.763985227368199,0.500932444382493,0.568280106927671,-1.2760099163689,0.118131184243578,0.693632629434543
0.265844319295325,-0.0375920405606674,-1.59877124408509,0.44583273235919,-0.0521750591513645,-0.520935865008436,1.32741518517651,-1.015548930753,-0.578266933408788,1.15550242847161,-0.148148022804096,-0.388222301020334,0.185719639560052,1.00319605117349,0.588281292256684,0.623918948828847,0.26300502222592,-0.205364752188628,0.191562284048614,-0.30867256877513,-0.491757169707094,-1.23199322035689,0.371722568149167,0.887582973086618,-0.331157231379547,0.474351989054376,-0.665293752987345,-0.20465191330216,-1.11030587881314,0.876427778608515,0.830794793943578,-0.204696031790184,1.77196244940528,0.00277308335152211,0.735884786283175,0.430181514627256,-1.66403749460601,2.54885331684347,-0.926897399065949,-1.70168826045676,0.751330037538213,0.0672206109461368,0.594226092747462,0.00558133560043991,-0.390449658597004,0.472651546463031,0.480688025723549,0.917800775013035,0.597874940158677,1.32968621324933
-0.378977555715115,-0.164104578292554,-1.02586576782009,0.572083834333852,-0.275357746763483,-0.430592492353659,1.79568592483944,-0.9886581628285,-1.13701577714167,1.34317328173948,0.380086181257478,0.116046487186304,-0.026449564001328,1.34163996280094,0.865693765544163,0.974589884033297,0.990170990483114,-0.784479252268211,-0.0154116650357239,-0.6902386792422,-1.30156605019872,-1.10126950620666,0.0659559459415842,0.150113130288003,-0.59233325652554,0.693386253399119,-0.727221678059937,-0.0277615914114759,-1.27287483729822,1.20653670474052,-0.77705875477465,-0.876142436886512,1.14679196569725,-0.316854606814001,0.439810624796311,-0.00467980339811256,-1.3092202923585,1.66000074173013,-0.966029512781279,-0.678594300162446,0.159992694412728,-0.296199957496469,1.31817374121794,0.513041900773534,0.0247528546594053,0.0306216590716591,0.228286529411584,0.569050623775084,0.843894832891977,0.766489382926755
1.50705318913169,-0.734935045519457,2.02284019945022,0.213796382555757,-2.15136403787047,0.406481280358637,-0.333786668347799,1.14364159916085,2.22252389208763,-0.664707691969769,0.902594170135574,0.124340874875644,-0.151480807066631,-2.62237571364685,0.877427678952802,-0.409553989214828,-1.22274150908619,-1.74140938808738,-0.28749485409416,0.238277594969681,3.25798272950105,0.906536467711577,-0.924147055124623,-1.57364836509756,1.12880815554405,-0.684900350310981,2.45296517051732,0.84829023554962,-0.502469189929343,2.03096244669281,0.930113039244728,-1.16717699440501,0.063318325756292,1.05198530309846,-2.89082697054394,-0.237458195441116,1.77822104271122,-1.82158043992202,0.340672837577648,3.42639274312061,-0.701349369601652,1.80277172728307,-1.84435840816737,1.00210473364279,-0.446776345398241,0.882099647228343,1.28537796747535,-1.352147068384,-1.50648996156605,0.293590654992295
-0.00478076432118641,-0.152103449004594,-1.28949757967434,0.826867190843114,-0.348597837139856,-0.168089073230238,1.7265632932458,-0.797346082449004,-0.668426207275438,1.98804105181329,-0.32461586144676,-0.319594337068263,0.264838371761808,1.37441681259697,0.633552745345498,0.568776726997052,0.402843023900209,0.183713292035766,-0.405215173927571,-0.581104353411523,-0.837545882417528,-1.26173574485758,-0.208157970096375,1.19726024892245,-0.202290865519818,0.555519230470757,-0.554465711031902,-0.259137907659677,-1.52573428572689,0.492714751558186,0.372906677145158,-0.355769483884642,1.22041291954611,-0.477586033989422,0.0847374513704882,0.351495577679416,-1.34031113875266,2.24217726305539,-0.482599957961838,-1.43862865202173,0.835726225021635,0.0617515856799891,0.997165796276674,0.376047039804945,-0.251421608542204,0.186126374389546,-0.179329824051641,1.12885448741073,0.147112501796888,1.0537952569864
0.120827970108475,0.163008822479511,1.59726197207033,-0.311430511972295,-1.71617882238873,0.359948571968062,-0.348981348136125,1.33920934110973,1.85676225938932,-0.726471989173203,1.73715207846487,1.11886276552834,-1.09950006164696,-2.51773108596957,0.802261101342392,0.831610393406864,0.0158210816399556,-0.944374985305616,0.299468999816578,-0.288033006245616,0.545532590425619,0.140454670999971,-1.98190916158974,-1.41456130926581,1.5147899430632,-0.0694668416093077,0.75180675086243,0.931453618605105,1.61996452372304,0.343758201531,0.022474506264042,-1.05774706498935,-0.639831021561684,0.860360946754915,-1.68985444743764,-0.336849161453879,1.63911216585556,-3.18442891328349,-0.204347395981605,2.8689735385577,-0.551222761349336,0.0446650088624595,-0.512903863023324,-0.0316676927393779,0.78835225449553,0.60396060454715,1.20548455141362,-0.885360696701926,-1.27320443181186,1.24998567436757
0.154351651066642,-0.403293780827917,-1.40542315037534,1.17238069223891,0.183328260639543,-0.168307753300421,1.33276765948611,-0.248825043794319,-0.556412173806837,1.42410142092873,-0.849027128051174,0.0294289707923416,0.437957592250832,0.605086707961048,0.532526629178305,0.0228289828668188,0.397747409539988,-0.226523832820432,-0.449581913543398,-0.26513219230785,-0.659838549483267,-1.36383204961596,0.128804863979328,1.19580826253864,-0.282269653404492,0.857747395455673,-0.737784873068126,-0.30524976888458,-0.702763310447906,0.858114034021454,0.987429489703788,-0.558317262005735,1.17931797919666,0.127990516020206,0.577064237087959,0.338969946920968,-1.077066671993,2.53682042240486,-0.615631950754802,-1.98784893484699,0.766838702184252,0.0725288353815836,0.32647301810226,-0.300812338613074,0.149136706624158,0.972619959977567,-0.225975947224317,1.62945353124539,-0.0787455106682426,1.37541827880052
-0.0204557584450353,0.142127987846908,-0.555248986974904,0.691760785190783,1.52882975888448,0.230191387223085,-1.51350480002976,0.0620262187420381,-0.244232002829464,-1.02111183239997,-1.14057290347961,-0.173988135575418,-0.308016122847987,-0.260891224137885,0.00826883597605947,-0.517056681476622,-0.470938311512397,1.55752709604399,0.693137414283102,0.666029510873043,0.0516707623473213,0.167619890714818,1.44733953357231,0.91455270216979,-1.02078523205993,1.00471089644253,0.725137926695089,-0.466833301436482,0.40543085774466,-0.3977848970141,0.217608624611424,0.559988526136031,-0.421845052843742,-0.653543563496395,-0.134561542547186,-0.495855625543291,0.101970081901944,-0.511724479214208,1.0656353781277,-1.35372467993089,0.56738395077346,0.548139194153369,-0.214241448223807,-0.427688049528891,0.769053396813031,0.0306992288930526,-1.42826656338839,0.686430244967087,0.462770818869941,-0.682909916773246
-1.07370253453027,-0.205265717562219,-0.293028047733768,0.21087947280482,-0.757383089214208,-0.414157783145956,2.13537493768435,-1.31556951337692,-1.50111179889347,1.37002982611404,1.12505237867117,0.397911841863889,0.0633822209017853,0.850094117345908,-0.0387435915145914,1.8438380887729,0.864554339415505,-0.744715841485608,-0.421456113752332,-0.89212537754799,-1.56204425959392,-0.206385062837303,0.137446036542367,-0.914787348766353,-0.106545876479599,0.468414199273821,-1.30384047633787,0.253862788522645,-1.40528560775366,-0.0705930530180267,-1.5224599461524,-1.49119394246446,1.5682142803619,-0.801571634190037,0.746407796658777,0.689045823649044,-0.739918988753844,1.06470342706337,-0.78043899423843,-0.140326900483745,-0.160821898947107,-0.646435198827121,1.24057693768177,0.717575707913342,0.252741637230379,0.561158939140595,0.71978897401939,-0.450492500054949,1.05295136615521,0.353818371563515
-0.258279221764648,0.774676950834929,0.756546261885626,-1.65323383033038,0.780298032281253,0.118677404261607,-1.59624654923656,-0.35260143742659,0.676710801910461,-1.48591328249088,-0.490331894833817,-0.914167802802996,0.124502714158189,0.800933711254955,-2.56741654175568,-1.45379288265957,-1.50409403269484,0.785739439043283,0.128887481910442,0.611176401457009,0.272865956717487,0.700183539539319,1.62466758775795,0.173888802558162,-1.12701801856035,-2.4878216021221,-0.0515735276263006,-0.493087805273506,0.451218372551439,0.142034265956583,-0.17191923751819,1.75915287257481,-1.22516464515792,1.03373307855527,0.759104702297221,-0.561186603720514,-0.284993814272697,-0.895689473486376,1.57561374757579,-0.0872877688821959,-0.865986753137927,-0.272826759374095,-0.559585662197182,-0.61926712605629,-0.949189989390485,-1.31166812006019,-0.180192172546576,0.267969569958534,0.676962988863951,-2.54278915277633
0.102342509953229,1.50063405458981,0.890524864172758,-2.05441750583102,1.17886560913168,-0.0198898857197168,-0.581342132496542,-0.877055352718286,1.08672617165229,-1.19302659224808,-1.69289665661324,-0.696247723137554,2.60139839294281,0.171806863124752,-0.97305860866538,-2.02217463033242,0.547495002024406,-0.611240323394771,0.478274910964078,-2.05661569382862,2.50702429998458,1.51615070684844,-0.0385153792917898,0.290010801405334,0.447041437119075,-1.61109067686755,1.59211699522001,1.1414412658082,0.523300395929584,0.551060079823846,-0.207455976440391,2.12993844429669,-1.29085540255355,-0.828862390522745,-0.835381139201261,-0.591295768321981,-1.49997462952101,-0.769629580238433,-0.557152076101042,1.19684264535639,-1.11640182907833,1.57441059829806,0.16243975529011,0.52248185176507,-3.08319245574529,-2.28928828572956,0.752126453748326,-1.04530971212754,-0.277397517232973,0.292134633883853
-0.776025662732969,0.213186736991812,-0.611421824931689,0.388259199111487,-1.08240897939539,-0.358341789968962,1.80610097209556,-1.27558197019768,-1.20061087601546,1.84748649444684,0.739473291909853,0.401625687081307,0.224224720970014,0.883652762830824,0.517520589663324,1.13482181400406,0.715195382107304,-0.795113837767274,-0.444196174996247,-0.456568336743912,-1.0807265195892,-0.272019002321734,0.224708764407933,-0.258505145205916,-0.400903188788543,0.86053550510993,-1.11570693394857,0.388406339553526,-1.80608306107156,0.180261507134752,-1.04446300663679,-0.777614779790482,1.14529422750748,-0.678996674947562,0.769126922290292,0.290499640278086,-0.882547577981938,1.67316027890614,-0.922285064352326,-1.10918056102306,0.156274254391688,-0.500115327296833,1.59838907806694,0.732420534754208,0.0854324071263936,-0.200861556231223,0.58329036602882,-0.420558141633882,0.852434413681441,0.899061251720341
0.0439513277697949,-0.00989343900878108,-0.505259385451863,0.220885409774255,1.93352824255948,-0.196363024761733,-1.76612035705175,0.19919629163482,-0.510363807543652,-0.797478716054346,-0.804886111624892,-0.144063696302944,-0.476470053031738,-0.244637450552603,-0.881641858415305,-0.671752606239018,-0.377443035417335,1.72234291756092,0.301557834699149,0.72647747786948,0.456261302733601,0.714351528075466,1.02759821052734,0.868327560299073,-0.826441831486497,0.759578616932928,0.858274306837343,-0.546312518824679,0.684998167578059,-0.741036229265935,0.374592382719654,0.974738856136892,-0.0791026069458335,-0.771228016815488,-0.433491049202908,-0.563457772409574,0.378803416686047,0.00118504627009067,1.30941898467102,-1.07650023139406,0.350801870699871,0.691650750029519,-0.602067783175247,-0.994137566467105,0.4583879354988,0.0175839281086859,-1.21912150609852,1.06822144534492,-0.121669434378299,-1.42212113821699
1.30865970398343,-0.138529636255208,1.27889325292897,0.331859349454559,-1.55192645255652,0.360632043259721,-0.914493202694971,0.872892526423071,2.16667100461177,-1.03965591530305,1.10813251805303,-0.384627265686978,-0.870890931042731,-2.62349993252755,1.00615999992276,-0.235043683629497,-0.579248200745783,-1.75238454637505,0.110789272618228,0.196653498296106,3.04663329842451,0.999903312109975,-1.06475234292976,-1.09922107621519,1.15500681811781,-1.35252062942626,2.55609916412847,0.698571616578627,0.0827012663517385,1.79876707933271,1.11982734630962,-1.65425912224185,0.0840500947373828,1.23947883058949,-2.8945360130622,-0.392754954607856,1.9952096199329,-2.15675809526082,0.59481900730625,2.73970400418633,-0.497358756730599,1.92112383514727,-1.39053901094413,1.53623693392786,0.237961660142014,0.588150755763479,1.5179277518472,-0.869466481381718,-1.51320545620209,0.150524946911368
-0.619159518168818,-0.0408283985540179,-1.18870981545745,0.447295356541262,-0.875127319770464,-0.221685996325375,2.32232018257472,-0.968745989162678,-1.31593084798764,2.18122171742351,1.1850252779962,0.774806150160848,0.0903634531164385,1.13300240100154,0.30845630868403,1.202033713197,0.872448557999053,-0.65205559139202,-0.608959463234762,-0.764513030623737,-1.08326450012566,-0.885090296091269,0.472495140763826,-0.367790473930414,0.0904383033233908,0.30914878477715,-1.0110742063707,-0.463665408811031,-0.975692562057227,-0.0523538918463955,-0.965924378508428,-1.67621907278236,1.45561248124065,-0.924063238621211,0.737414350293846,0.625015084723684,-0.378002208459449,2.14450592675915,-0.8355672433129,-0.807965624554899,-0.0917072907995099,-0.104707973065032,1.22053551263501,0.808645774256208,-0.122232191687607,0.305214744996582,0.603866500083794,0.440170798699621,0.916412864710626,0.238199369952142
-0.155519634382298,0.561670980613042,1.00345863984515,-0.677306428802831,0.65805565881715,0.637956040999406,-1.82667753199368,0.193571980897879,0.17226411931128,-1.29676937831181,-0.475990563661055,-0.42298529825824,-0.784972687425604,0.0540144392112209,-1.12477179653511,-1.57312820960687,-0.972986375131736,1.11997499135835,0.298582254223546,1.12272149042737,0.0666636384499173,0.940738796126466,2.02271751844582,-0.252777475916123,-1.26824706337397,-1.25478949259733,0.0382941212956339,-0.694297954708253,0.330001928406768,-0.465444466601159,-0.796887718621522,1.60836909363494,-0.708652146067759,0.201715874293648,0.215588823876871,0.354664373365915,0.340101614676839,-1.25038975026356,1.96696282954319,-0.638301898566012,-0.443601369062939,-0.163775599169785,-0.736526763683921,-0.47065131716213,-0.599944732551489,-1.19824527817183,-0.065566567087187,-0.0724580673069141,0.809935255699074,-2.74190302861172
1.32759617080898,-0.842252631805279,1.36738387501946,0.43490613434812,-2.20830835015083,0.592868607115359,-0.706348291902805,0.829240119678753,2.70005988851187,-1.0114113431229,1.68450258677347,-0.394534782039354,-0.755068673086732,-2.30637900753373,2.06348153812336,-0.57134654323869,-0.706179860789824,-2.24062774745388,0.230592128288909,0.209373299026965,2.6846587232652,0.452326745011272,-1.19235990525261,-1.3108870491261,1.44783618387736,-1.07562447600509,2.39138257074923,0.99719737366146,-0.10609720190986,1.6438629563581,0.861307430383638,-1.91040184145106,-0.725366558502896,0.72172236383664,-2.75154843750129,-0.312695321851533,1.90132719500494,-2.33911289594717,0.65277393282744,3.38559751685246,-0.536554917040663,1.61172214366566,-1.78182621447245,1.19722651177044,-0.229891489006217,0.705442622862917,1.1499041194374,-0.931758595160141,-1.60668504694103,0.486566676426223
-0.0492970730028134,0.0201309550122284,0.491252841057235,-0.435387361162154,0.957958637064716,-0.0760443033253666,-2.30305824344395,0.0320942145633428,0.0172971224571552,-1.05503491955574,-0.571167144467108,-0.35572930078814,-0.272389498355401,-0.0525532519579824,-1.08100696543636,-1.16004896079525,-0.888576356416172,1.72150045495879,0.100380950105885,0.9013285483058,-0.0370216072877631,0.458249679619299,1.89661528975746,0.265635251410766,-1.28876970213839,-0.881595496819724,0.586715401174369,-0.671749176814932,0.265489339274612,-0.456333386061346,-0.607618245151167,1.18534879819342,-1.04716133029221,-0.417209288981974,0.161717971853657,-1.07209439395235,0.771607136134026,-1.35696623731963,1.69860453340778,-0.55992788231974,0.195402071640194,-0.332972613086191,-0.439799831004175,-0.802187846255171,-0.413023691166784,-1.14234094734843,-0.340842607066552,0.241339480809617,0.484053259635773,-2.31705777536019
0.877931389216401,-0.027859404140237,-1.19793107849468,0.478988806891655,1.6705455135424,0.00621908999404719,-0.893841408297083,0.123968105957768,-0.109010454368264,-0.0844152135648211,-1.61965392435307,-0.252942449930878,0.253382174832675,0.155540313897676,0.379287289381133,-0.306492774158099,0.0243392527924723,1.55160264444137,-0.0522354777154007,0.543572781010808,-0.219324653932342,-0.378454221626465,0.727962985285914,0.460699355801488,-1.05718849699338,1.39030865062333,-0.00115485130652057,-0.559954048600307,-0.0976876642522762,-0.373428424984616,0.807619699378898,1.08274069011675,0.00772518536072513,-0.276186123916658,-0.193074407498689,0.11450087541078,-0.475646583928357,0.935235975228436,0.169662985670623,-1.85901941062369,0.441970068478363,0.270264668651149,-0.78387030474355,-0.792772621270328,0.50290068207872,0.49441203540931,-0.900966962186698,0.894198030146877,-0.23001018802486,-0.175803054126666
0.633295573971461,0.996483425330229,0.425373824962384,-2.03576914456129,1.44314480985111,0.252432434684819,-0.338535470178166,-1.01989869346713,0.372908995899887,-1.78969717802735,-1.00472148157049,-0.77160493000405,2.8850071583718,0.32237593724243,-0.753046973403095,-2.06304145093794,0.689559419531571,-0.74455745575295,0.263247664091533,-1.90401378149175,2.86711699455591,2.0682867733838,-0.612578311136317,-0.0212880091260985,1.1258481903125,-1.61948099535565,1.62595664304006,1.74677188633477,0.84696843837213,0.783516616991937,-0.16341417116995,1.65540677461854,-1.99401336369893,-0.406937767690991,-0.382008845884838,-0.0411864765029932,-1.47772358956474,-0.718565928542841,-0.288821042845962,1.4052316670601,-1.46138834934212,1.7840555958089,0.0464805215153918,1.22472362369972,-3.22334378661239,-2.23675298446698,0.436093613398135,-1.44716777449815,-0.788160540780031,0.710054427346643
-0.363951950464688,-0.121353108992155,0.99031595300816,-0.112109008274765,-0.943594293234346,0.53050692040663,-0.242905884790813,1.02354094628697,1.30697535925862,-1.01891549196635,1.28415359082722,0.550945725491528,-0.84610610949155,-1.85962124021214,0.16561504357537,0.89714511882102,0.0893795006999468,-1.13589938016974,-0.0419123497060901,-0.104949316136055,0.13031014652784,-0.407527808271844,-2.05361332237925,-1.30270534875311,1.69548473079355,0.299893423394277,0.0279261157552256,0.768951432615658,0.99502863736511,-0.371704378087998,0.255447901150167,-0.793256737808342,-0.841964350454752,0.677581565279813,-0.770096211045518,-0.0994365768768618,1.07478320280665,-2.86980334936622,-0.639395693256856,2.66967543017181,-0.469501310635246,-0.808961600160023,-0.386007354829276,-0.195604229983886,0.950650147811266,1.3605901891281,0.231057272241751,-1.31253188427797,-0.917684381891218,0.725156845960561
0.230028115506062,-0.638899080728708,-0.972961654307401,0.748377934812376,1.17255624249422,-0.104195043394121,-0.226523293790954,0.557606027046979,-0.295956250319639,0.58240916650151,-1.64404032783018,-0.15493781164361,0.406134969339094,0.730225920208972,0.347503294541098,-0.655423094995272,0.244614128398033,1.30271186497313,-0.194068012915619,0.264714589474837,-0.382178545786904,-0.941244945741668,0.0286299843374893,1.25241310651023,-0.18159869794723,0.715669131962813,-0.0727701859038733,-0.286159842323024,-0.119628462087452,0.147621100805526,1.22307591734184,0.411292346169896,0.345837838538579,-0.212106301357714,-0.0715421344494226,0.124246624575384,-0.627911827535126,2.00416599034737,-0.274945829939305,-2.26658689196473,0.364630153951422,0.586109627235988,-0.431956953792206,-0.452040503419317,-0.425191346699482,0.729535027247335,-0.971974153607863,1.5166085152066,-1.13559795190266,0.754584094519518
1.50551634846737,-1.65425980298021,1.47309725750963,0.355195854329707,-0.220339930942561,0.130990199338838,1.41766537865626,2.21017373925228,0.676102785920778,-0.188493960616421,-0.607126561334685,0.00887465420366684,0.438328217825059,-1.30499764712355,0.671272858803448,-0.445863229334277,-1.98002786251135,-2.28603145615213,-0.767364333490419,2.01431673224027,4.23281946072094,0.957976544176192,0.27703328134948,-2.34524226721212,0.587663133474498,-0.553914298995381,1.37772093848108,0.044784580997436,-2.51433402757097,1.29108607872404,1.66237889301901,-1.1900985846464,0.274959683578844,2.2192089479572,-1.18771248982298,-0.372791870689665,1.51279314357891,0.276845290422349,1.07678540717366,2.19375026852137,-0.738837385274076,1.54608325423588,-2.0042764071089,1.6882790277421,-0.0321309615415719,0.610328267868643,1.45343251715475,-1.13863558702777,-2.21157026628117,-1.70035404260353
-0.101023889725831,-0.0361362467978548,-0.279741521125914,0.48114437295125,1.10571593477002,0.52147723281846,-1.74604505601107,0.0431248608640334,0.0638234664241561,-0.802503199812363,-1.30664044921948,-0.0398133835455138,-0.357092858314162,-0.395260798107012,-0.0782289804443716,-0.351446081277358,-0.27752345433927,1.69365322667626,0.229734055795548,0.898938464113574,-0.372373713997806,-0.160547933875167,1.21152550070321,0.439982664309218,-1.51317828573636,0.602505024752376,0.578141724366472,-0.710569644345921,-0.0194241841877517,-0.384016305584392,0.446218721787381,1.10657461602799,-0.112287668173528,-0.534472043746608,0.107943107984233,-0.419692497420787,0.376614633490562,-0.0210583430289002,0.921230253363257,-1.60871054074815,-0.042275966012455,0.0922774761819962,-0.872896852806026,-0.459137688663931,0.539345314273303,-0.056400073515883,-1.04312946613119,0.566044760155373,-0.147481174374281,-1.10346435395526
-0.38943104743721,0.14329065664214,-0.466959038767503,0.331206063146565,-0.897740050436011,-0.466374687755071,1.89512860275025,-1.55363178664683,-1.19828536478424,1.94607968326934,0.615910448127895,0.338071259924481,0.198903473697938,0.960317976718394,0.124629456862293,0.691169248054108,0.712179798304635,-0.249978391113764,-0.201697493994844,-0.422826153075914,-1.13850033851043,-0.697616274959566,-0.530177390362114,0.718338001631466,-0.245639512947702,0.670151740351463,-1.39724547978485,0.000479408878858223,-1.22327958269515,0.0424533143204823,-0.359602061845987,-1.00280619038806,1.50569573689154,-0.157522034389048,0.499630637956463,0.935325116426141,-0.928872521309823,2.4412347925112,-1.1242340105042,-1.01912263132182,0.338150642925356,-0.323643780822695,1.18445632605043,0.583028978975004,0.105685838127365,0.327258839855616,0.448805127715432,0.0874247205390032,0.961492685700771,0.271585194059546
0.463533078797626,-0.505936621387601,-1.03046208592226,1.12131227860011,0.793792251026878,-0.294251339213119,0.393955673727695,-0.0951228374155534,-0.431527533539189,1.12549808498804,-1.17744356688936,-0.409353972887096,0.421155264240312,0.821730511356646,0.86626130993876,-0.316950890837874,-0.0546486695268148,0.611712469653904,-0.716728723841892,-0.32949737078692,-0.407593175635823,-0.900110095905857,0.100477277830712,0.999113807514734,-0.403091210955474,0.870103882207378,-0.735927256699081,-0.252587358775451,0.117917887375818,0.285298137177341,1.6683446081826,-0.244351085284597,1.12392265668079,0.217343905541768,0.170765992391053,0.10036819947037,-0.823288649659111,2.32239033935258,-0.433410233074743,-1.7179962916688,1.13371223565699,0.763648419385735,-0.290145055216914,0.0540392951024515,0.177065515262023,0.792994172463999,-0.975141453606795,1.30387211334117,-0.0670684158135696,0.665546087021525
-1.07839493203666,0.0218268138871385,0.785587855037094,0.00637832825844288,-1.23294805328992,-0.00523114734100761,0.960922121696969,0.676321834295906,-0.414559031163426,0.191823612478422,2.0161073688473,0.752249056944797,-0.669943719960545,-0.913003248995635,0.195828079631814,1.7281012700964,0.504377227337325,-0.94497190053927,0.0510659453084978,-0.549118334444186,-1.18610387132289,-0.145587312504564,-1.29224960681691,-1.67192378988012,1.73806692897223,0.661086222210265,-1.35096434389052,0.715509155239114,0.83347301798913,-0.955792642958274,-0.70327622299738,-1.02352055217614,-0.175831999620491,0.0954022893839517,0.213564094680275,0.72065218937333,1.51776744037146,-1.47190733096791,-0.0428379158187585,1.69039688328777,-0.367120502311559,-1.83745814685758,0.856456984294471,0.308771171876612,0.466493593845182,0.241183423566774,0.602402622643263,-1.06794938466476,-0.739096407185309,0.9978910707159
-0.854033778870413,0.289054979589487,0.211023884153864,-0.127678911424257,-1.56459248373536,-0.359901588650198,1.39780954691215,0.286177379781509,-0.351627933648237,0.699463141384322,1.83705716624851,0.758872310086377,-0.425497922212454,-0.672805616685859,0.422788576060583,1.478683731358,0.527498700246736,-0.635690802470691,-0.397542709038966,-0.0958148779394971,-1.04384666504752,0.0047694842506231,-1.37721459004169,-1.68035175989598,1.39613044871951,0.32850517906856,-1.29998856303159,1.19431929778447,0.231844437309128,-0.797706923411561,-1.60719082819131,-1.08475594244214,0.00123224535793975,-0.186530875129019,0.199141138196738,0.207388254128561,0.942544355889044,-1.16123690568546,-0.952514679404519,1.74771112054898,-0.370431711268299,-1.64308378268547,0.966207304286481,0.0798037557231966,0.695421138579723,0.14072174281432,0.402095405248002,-1.14417892472369,0.0293766088934981,0.539880870958935
1.08757337375883,-1.01605600811475,1.45332924435287,0.315571771122046,-1.15640594382089,0.464214009196316,0.226543468986742,1.47970586226603,1.66779782953348,0.00867169357752603,0.0815560376498911,-0.128133210457483,0.0434469061219258,-1.90866985316326,1.08593711247832,-0.482286314627942,-1.24052985833631,-1.66566096125474,-0.557604934521289,1.49533254774314,4.14914376147199,1.14401388694718,-0.610961534002567,-1.15853820228668,1.04833928808154,-0.752510585969715,1.95068718224731,0.0110784289025729,-1.26182084492317,1.62499371242491,1.24518682601787,-1.42456736901994,0.333772327296411,1.93430272814667,-1.77086525908253,-0.522201725114213,1.58953693231375,-0.527621018458194,0.924442828877849,2.63251109509727,-0.930207776933854,1.98158075666527,-2.6151762745972,1.14228275512421,-0.217272541923444,0.152679004358382,1.48299689489282,-0.858336347130331,-2.46128463754409,-0.390616938091062
0.370794353785117,-0.105992618261365,-0.587783288074016,1.09192279376657,2.15099430649365,0.091257735509303,-1.43925279867854,0.192978130089992,-0.434786623440176,-0.494935375692663,-1.31471755272697,-0.135065255677286,-0.428258586989027,-0.1906106960828,0.0459477455578952,-0.564267497003434,0.114377163484199,1.46814641784455,0.590483991287858,0.82026085698958,-0.314425827863619,0.0094180913190607,0.672894091510037,0.794047149253181,-1.13133976574549,0.987941297250784,0.232897748449912,-0.633465021787176,0.692111328262343,-1.15957308480701,0.606037391526831,0.895200890847931,-0.0227018389135945,-0.606227466294605,-0.404831765023286,-0.247697998322059,0.352461105362056,-0.202838307802851,0.941587628765278,-1.49615601631886,0.26337263615125,0.553769018175357,-0.90741618183274,-0.463251277633485,0.115592899332649,-0.0956586349609103,-0.985607488143135,1.00215550586462,0.0678921423611009,-0.88523037627916
-0.994521596039939,0.317107672404986,0.127510991166478,0.18573064743955,-1.46835849826053,-0.113165897288277,2.0128068393426,0.138999144670561,-1.0577037262815,0.666170644050247,1.46975861261906,0.777409708257324,-0.389706198053907,0.348482538028355,-0.0902714999281532,1.86927457830505,0.137324529168162,-1.33608666633433,-0.248243909495743,-0.11763029101769,-1.45660563030548,-0.289237160499264,-1.03991222778516,-1.10789249534964,0.860481217145792,0.208353857369388,-1.61344671295868,0.169954708637483,0.383368547179307,-0.823265551291907,-1.48568225731619,-1.12025792032146,0.489790074260648,-0.166062282462315,0.773660688192384,0.182174067705463,0.821109263688133,-0.797723260591149,-0.95187138049476,1.54651385458246,-0.619238145482295,-1.65914135182453,1.49352525713597,0.610596978627156,0.762557147113825,0.125126138579183,0.587538244595351,-1.20718641388427,0.783151914603945,0.465740269677121
0.0353747679675244,0.102184482431399,0.587640551734175,0.0302125309539373,1.88348942757054,-0.221112935868678,-1.74223021882859,0.134963933536183,-0.00262326557670953,-1.12348031931552,-1.03315573977692,0.0123872321617811,-0.102032791617965,-0.0650147143804115,-0.3914170176569,-0.649055712220363,-0.641850970326405,1.48529444877714,0.615831122099804,1.12773070484754,-0.396560903923622,0.689624149317513,1.35617914931924,0.346237813614578,-1.4520249890301,0.347378816726576,0.399320081796577,-0.770611994967483,0.444373104445191,-1.32626852746136,-0.0635871321246981,1.02144335128341,-0.560068622927604,-0.236591044504133,0.533429600169132,-0.648269564912954,0.543663003236523,-1.09469852770133,1.14700009167007,-0.357865549975688,0.289275388111313,-0.161557338822543,-0.796458166709146,-0.601191805479848,-0.0567825585574238,-0.722393293473375,-0.443669846933249,0.601259875203798,0.442722122579312,-1.80977283183591
0.704218770228879,-0.456304330850713,-1.35032961750888,0.754561239609073,0.74900627610481,-0.416720406905675,0.0659372940754002,-0.108212654597352,-0.568939473236194,0.871325702758172,-1.14035638736319,0.207533056245757,-0.0498520104371377,0.722051916137309,0.744036306574585,-0.769848608321725,-0.120565931705109,0.118679097994837,0.117922203792369,-0.100876967655984,0.223209539226259,-1.14957118100291,0.316351809234585,1.50351638267886,-0.298159558850461,1.14408170144611,-0.165761087923273,-0.576169000877355,-0.30100059851089,0.631953927221705,1.82376365488787,-0.24467363149612,0.747469740146681,0.558033093920746,0.380690099271667,0.593068050716632,-0.927151122789358,2.21225047375468,-0.117390869611628,-1.96338492972565,0.643694698955437,0.602824949789639,-0.108168787951597,-0.321800470419433,-0.108942982979547,0.996559463921072,-0.727807416384185,1.40430351999368,-0.497745482580993,0.932150369941444
-0.0975010543211241,0.726758621302088,1.0988449894754,-1.77002470245166,0.183604035426875,0.0825104180586207,-1.8962194991939,-0.935466569991445,0.270697114794388,-1.61974797771787,-0.684209371645525,-0.573518403465855,-0.00364004659541888,0.735419599129751,-1.89332485792302,-1.6284878586644,-0.836071782174067,0.89559801039157,-0.115844284790452,0.197220677833275,0.327008796453397,0.352662683838765,1.03669155410962,0.0818405077638347,-0.4840939904412,-2.28695304963403,0.415628679242432,-0.550488224148803,0.465773527534829,0.668473893063258,-0.0617053620249719,1.52565819322717,-1.36879593451499,0.618895732774057,0.457566359234399,-0.405748516154856,0.182889664327461,-0.504532739973081,1.27344436768334,0.200520649496748,-0.826349500215219,-0.0048072619011543,-0.742436781049702,-0.136721175833402,-1.41789819465102,-1.02282577529055,0.132520174149557,-0.234782399569264,0.764736538074002,-2.13258607689749
0.276596970294775,-0.713484803078524,-1.49643784523828,1.0430590131442,1.12909032758884,-0.25333436028689,-0.24013005370418,-0.132057976015557,0.0410468871704711,0.733731453845516,-1.5057318239404,0.0663552462394304,0.264907597416237,0.453324138475436,0.329612239431894,-0.357006707700236,-0.0448937228934404,0.487030824928128,0.221578219801365,0.283188325884485,0.158245659010546,-0.775230522535212,0.110477450689753,1.23952620820212,-0.338402501760188,0.758860730416706,-0.105998565102948,-0.450689131442503,0.0537189111971777,-0.0517492864596838,1.12149533532969,-0.232812055536651,0.700202885678659,0.0587549510709385,0.331464339288575,-0.113670469238804,-1.04063937493374,1.41211832019607,0.0169789391305815,-1.83528616622877,0.618663398526038,0.210989832782429,-0.125032974161666,-0.942694487033915,0.212932081008666,0.41354809604226,-1.01313084675369,1.14580663447271,-0.412139121551127,0.437042426403724
-0.683836865870934,-0.461984391018111,1.40603522676599,-0.209645245131912,-1.48661318825404,0.015776461258205,0.465668053661811,1.23935306626254,0.671119635642705,-0.867818170267735,1.54924365432255,0.533694453424449,-0.706170439213032,-1.14813376452498,0.525802449559532,1.25567861817031,-0.158634266899724,-0.907458379151504,0.179841136516338,-0.48339197027974,-0.696060270306667,-0.227557233515466,-1.57783564460578,-1.16820386809564,1.73143912887395,0.0841900543204561,-0.105326761317163,1.46289358125358,1.26140898519819,-0.729492936853212,-0.141599352827653,-0.837208622632393,-0.59370583863347,0.771794627157015,-0.630376269284994,0.449573323564591,1.67944902461141,-2.18288216898769,-0.257290589383031,2.40646480567612,-0.0922631858479599,-1.0584462164912,-0.212988362865005,-0.194900473486176,0.778883216286615,0.513052606805241,0.341309728658268,-1.60278989529568,-0.605850309371851,1.41816725909104
-0.103276887229602,1.14271624154622,0.965419466766386,-1.83061203966008,0.0173215341562991,0.222838668419963,-1.25878546724244,-0.585261067737866,0.716604944317892,-1.27873170330897,-0.838784020788756,-0.439175721252695,-0.19394095934167,0.570616809054964,-2.29910417271581,-1.52496207614418,-0.992960197557118,1.0818520918633,0.62911807841239,0.737324089270433,0.0456334260038476,0.634138409525257,1.69969403102227,0.206684795973336,-0.411428219544923,-2.30022183525025,0.303532526596153,-1.08544235068405,0.806923198577428,-0.203982985944872,-0.209470444833687,1.65225396448742,-1.25939914369464,0.479424434177099,0.900429712508052,-0.197613166896671,-0.0565842270926348,-0.910274936691439,1.3320033673463,-0.232865765102493,-0.226557515096915,-0.385902918341596,-0.192231616042495,-0.980631653797716,-0.365605839185773,-1.51496313107209,0.0783098453573001,0.321907484007566,1.29008442630355,-2.29851929907274
-0.115095273358005,1.31319599108827,1.12433992913086,-2.67412662497948,0.272396425429901,0.580119101507522,-1.41599340196341,-0.771977409743535,0.699038003099294,-1.67973386232236,-0.562918682046302,-0.536238068075817,0.941388833071054,1.02532844473349,-1.70300571866242,-2.19443289546744,-0.6280128640656,0.179084768797843,0.469939372294019,-0.0946861726705354,0.927902257005708,0.837268919249811,1.02138580959967,0.332424326776333,-0.37377949571166,-2.50631762953902,0.757918135342949,0.0113144369635282,0.39792163963345,0.605153515442028,-0.359773850737052,1.74727974409375,-0.87847894021084,0.313054421751399,0.419721628040497,0.151313488383316,-0.599547592011233,-1.10475443030237,0.550481473977021,0.394032267173779,-0.80418737467988,0.10378757326177,-0.509380878118371,0.162064406858423,-2.07995904344956,-1.51758428109762,0.986091805460787,-0.139921601269203,0.322889389875899,-1.57919565207267
0.261835420274554,-0.403334068279657,-1.27848634272945,0.727558257072495,0.336605362165175,-0.289066023640545,0.479165120914353,-0.666258291963918,-0.114529188322645,1.47016010641639,-0.882876956319002,0.149066194392338,0.498213371836659,1.00642977373816,0.622469031358849,0.0750940850704371,0.372738760697323,0.00700430149370806,-0.377952663711917,-0.0538738223192781,-0.668239457045709,-0.871722310813821,-0.0730315327044398,1.30447888718726,-0.912344125323167,0.612271528630261,-0.64121454069012,-0.398396390423842,-0.576193658070605,0.522460182560806,0.772730241539332,-0.14107091792863,1.02948203128204,0.151461496564167,0.366134185862659,0.0447049576608359,-1.51756628062738,2.58989745063233,-0.572871933522277,-2.44778270354339,0.637445794255883,0.159765043073964,0.300819596204039,-0.519248021500818,-0.323706349339174,0.982723424858166,-0.558620076260205,1.11139811077695,0.121527314158953,1.10063006889833
0.0590636152978493,1.61208270695153,0.953824746172052,-2.55797547047445,1.20713105683713,0.259182010708317,-0.704661103123206,-0.801079395402351,0.308079866790758,-1.76992857945782,-1.15220918022044,-0.848214705959994,2.82398462017346,0.550813847738779,-1.54603614378394,-2.38659899833362,0.769371270439618,-0.541465916703245,0.47052817410239,-1.44448298707486,2.00439689325075,1.68486662508613,-0.0861251037687521,0.450845839327407,0.0674840889548228,-2.13042693293527,1.25811498682844,1.34180210936183,0.760326027302669,0.962962862673302,-0.34218090052646,1.85438804618927,-1.52455201400503,-0.116015633148405,-0.0838203612777936,-0.385748079411758,-1.06599807175609,-0.0680698678365015,0.278724330464472,1.18437469045304,-1.63263030387561,0.936922814080587,0.217723721836259,0.490043415362055,-2.68486398623783,-2.03831353930808,0.395368715945977,-0.876136466950923,-0.158336715251752,-0.822716546124706
0.637972211269059,-0.768385597281211,-1.43314036495509,0.610535619779432,1.62118519747066,-0.371546698390739,-0.882940588494143,0.199739106579287,-0.00821348668166419,0.284673583169291,-0.975111105104805,-0.0369573154167716,0.26135822041958,0.472667843313929,0.884690935795604,-0.764951213125062,-0.0125260283035927,1.09307885660653,0.101614081810497,0.546641065006244,0.0790063488176357,-0.607351270816611,0.215136268923114,1.4654757115183,-0.671622089832082,0.736826507473115,0.184804173355616,-0.584034997754324,-0.49597398872512,-0.0471223436231401,1.07804003607974,0.460592025678828,0.487523738654379,0.0118775096712891,0.141010288243637,-0.237337513693637,-0.300813680568404,1.64428775631002,0.0569535578366974,-2.11997057866051,0.805211536233743,0.94958857602651,-0.652143262586797,-0.699956402759407,0.492356817719694,0.231126574340371,-1.16502094979238,1.95264525361316,-0.703627563057358,0.598026294450787
-0.693834608507705,-0.00161075287325101,1.26020396888097,-0.0830548498634196,-1.34788886545994,0.218108084351559,1.00902911955882,1.05975323458161,0.513133684150547,-0.489814837241588,1.28849277080305,0.622986778499313,-0.80580573153636,-1.04727904136367,0.252250669177082,1.3795057305565,0.142471333779113,-1.30243269672682,-0.472974790535802,-0.134111107932006,-0.968841609022311,0.0511618814839705,-2.14722974854924,-1.68425123020257,1.69598632378391,0.206677397109789,-0.815742790390696,1.37929796561242,0.897262025880093,-0.803809826355624,-0.744204925044197,-0.737791936993365,-0.400808716095482,0.321847832226873,0.0233279784791167,0.295261893941227,1.77154380856947,-1.54673477847439,-0.414136539038937,2.54031731447899,-0.376906045231393,-1.3605534262977,0.742225518333233,0.518917865721356,0.868875929553059,0.653222098115456,0.627527841237044,-1.16437276032511,-0.972031373502407,0.626925851894607
0.250104510225944,0.0827771836938883,1.30732356791306,0.0195735291623474,-1.92922715727914,-0.149747827151387,-0.17469456473474,1.4106409426389,1.50257265358244,-0.575293363778066,1.36981675888854,-0.306570926334131,-1.2412941664032,-1.59689456966999,1.44878480184021,0.776818955844841,-0.649419304819587,-1.13585459973135,-0.0160176649525964,-0.000871399243839737,-0.00756031921634231,0.0697397054204816,-2.10563446837615,-1.70007585588681,1.77573907524517,-0.352675617962102,1.06045844027099,0.812506717945644,1.43029109532013,-0.479780746891914,-0.208820647526845,-0.76037351016159,-0.853387265409613,0.960007664626174,-0.966194305363908,-0.10435280767161,2.06587872866957,-2.60335930570397,-0.490013875546686,2.65643322146365,-0.0377528560708622,-0.660126929874714,-0.321092279361365,0.169137027497007,0.797555179081521,0.474323753568875,0.459921255282173,-1.37169883153382,-0.875311928428987,0.326407336550654
-0.727921309808789,-0.38390456857175,-0.647195634959951,0.708981450614471,-0.989239987642726,-0.0563421688593038,2.04466897114856,-1.28616877462453,-0.891717227153939,1.74391042409439,0.742357729927936,0.684812695239888,-0.499127804816029,1.11332128058018,0.4533941133967,1.79198600056717,0.826172297951013,-0.729808580569055,-0.234940486035576,-0.421235265197251,-0.828047394342503,-0.653583082798368,-0.259514938625566,0.171706554195707,-0.374466020529849,0.71288623139451,-0.893963563035078,0.126024852222986,-1.29474402732543,0.146095630079807,-1.49767442274773,-1.32499849899205,1.46949464373543,-0.982753586244119,1.08362380269479,0.567066255321641,-0.699606806689391,1.68139370735413,-1.13537224497878,-0.429763842808544,-0.187823073079122,-0.330667660366194,1.54989726410094,0.706166312185418,0.186738272220254,-0.0382396832240916,0.446169883229338,-0.050749331770872,1.03570582727581,0.408565710372332
-0.166535970231422,-0.729240449683605,-1.50604545015386,1.05289092226582,0.20547572781196,-0.759495180027287,0.911199629170671,-0.340917830451411,-0.678188319957255,1.18874157804701,-1.41683588998434,-0.372063308193225,-0.112027319176609,0.765972067740927,0.427662487599671,-0.113178354962853,0.297167394036995,0.0790633529820505,0.0304592893311668,-0.0632882251406464,-0.266380685662412,-0.987586472686968,0.525717652945932,1.22183887658083,-0.0527316325964768,1.01932457033064,-0.506451072156112,-0.343614212723963,-0.945832461538109,0.438823822119465,1.23113810834543,-0.265016697530333,0.820176012612609,0.20141966800186,0.466747031644053,0.407194471215259,-1.28123711688319,2.61437773672124,-1.28344740907868,-1.41710699262918,1.09997657430903,0.464730753932974,0.210367609127952,0.41037991231028,0.120405829400286,0.85983317113157,-0.689940063930335,1.45855988640193,-0.123797751733209,1.05290318244869
-0.209958006817111,-0.441910607532544,-1.85557365372689,0.600331912208546,0.372464322748369,-0.197642036970657,0.939468438063704,-0.420836311315399,-0.358606321028648,1.03472595810304,-0.423794200647986,-0.415984339622926,0.459244470063013,0.6229052137417,0.785018275994486,0.589454640803525,0.396562489937795,-0.107916777452512,-0.613453826148518,-0.497068129333889,-0.815797566679915,-0.674651978937421,-0.122976442506016,1.0624493353179,0.034943331958545,0.930206471533302,-0.843663659235479,-0.427783189195811,-1.12546776812364,0.749275012022728,0.685943639846665,-0.365467052053746,1.16653445192076,0.191512242561926,0.202660204374307,0.386227518202681,-1.24888297328745,2.41646190892513,-0.95042710754005,-1.69864949512246,0.968299300665972,0.168552994171976,0.541177215587193,0.251495748005851,-0.226514160740086,0.498672534238145,-1.01090785628248,1.55972301511326,0.399928215538862,0.958256186482416
0.329736992131856,-0.230657147830086,-1.43995851238077,0.869321244441791,-0.504136694531788,-0.508316874845519,1.00499690092464,-1.13292834530913,-0.737652100964676,1.67084084843738,-0.354416204212653,0.197176004191526,0.32000235521807,1.31175945797617,0.558284889511928,0.690878174981361,0.627017779385118,0.236280144503225,-0.356091363311907,-0.850973472765224,-0.995305096592917,-1.12914801883893,-0.119401617165901,1.08027788405228,-0.160631692769151,1.06572031822868,-0.611191739296788,-0.30710108526275,-1.0401193010293,0.342184803298199,0.659407280833946,-0.70178413282276,0.973032518692343,0.214613725305969,0.598640990961126,0.513720867018106,-1.23148109722826,2.71783193038313,-0.799121739417403,-1.73865321049981,0.728643375128858,0.202705733361108,0.407662911302471,-0.175577282319029,0.0872950515146937,0.501622331206458,-0.108900616776019,0.906083450816828,0.0264104399180555,1.34630307555119
-0.154206953461706,-0.640687030312047,-0.256095182471761,0.537204483876617,1.77972212307729,0.470688072143098,-1.46983105338765,0.614734490871742,0.142766073787082,-0.819088810494217,-1.10826334754674,-0.243376330065645,-0.461060982438835,-0.233709363814687,-0.14885654443295,-0.983152588156314,-0.0175807197905992,1.83484711502174,0.326339072187076,0.94858882797902,-0.409477409061232,0.236981806578982,0.918083007165643,0.782465914937924,-1.29150927674374,0.356178805644249,0.666314157656143,-0.961528510961462,0.221183688444724,-1.26489656022354,0.305273051434766,0.682100056565374,-0.183225454577446,-0.581792968931063,-0.330873077447267,-0.733310238331766,0.716370258995848,-0.299938050639065,0.982432277216017,-1.35878733558707,0.698523329212207,0.654998511051927,-0.684776277529374,-0.574889127146074,0.633456049451599,-0.356553600421253,-1.57049674862316,0.648338689465362,0.688629136836296,-1.32738222472135
-0.844270468473911,-0.710715485220143,-0.77043821402912,0.28914876568339,-0.97498004173071,-0.392964043463276,2.02802254774175,-0.980802812922515,-0.831327955787865,1.67103328990518,0.864543654848358,0.256457862096767,0.0659110713557575,0.777357270381085,0.275862923895797,1.11083965541229,1.01095862219083,-0.404813144629961,-0.676866352684185,-0.495936849655961,-1.0459015552657,-0.306751999245009,0.153360951377102,-0.163843662723845,0.0935411165342081,0.803224142185617,-1.20451814976385,0.228374165276227,-1.62982387294221,0.379165954408418,-0.585031616204707,-0.835630835243665,1.42818644320879,-0.412138197386721,0.698720417367636,0.93734854050348,-0.751986948393998,1.85502537055901,-0.959468945698422,-0.557784856368632,0.211611178076882,-0.476096083416381,1.54286715254503,0.225034474375531,-0.334539707401825,-0.0242711800345424,0.274037213918767,-0.089947612707327,1.09089092563873,0.871833420262276
1.26621238855732,-0.596107224598583,1.1395163175022,0.129995920810377,-2.14721271176865,0.834970821161019,-1.15896787937792,0.660153576293233,2.62021418688003,-0.554980382970369,1.2673409201156,-0.11419258238817,-1.11730082858978,-3.10926887882009,0.852503440479025,-0.0234489274081899,0.401005551548092,-1.54612189405038,0.505882017174267,-0.110690630038684,2.53206532533604,-0.0362262576106328,-1.41329102429322,-0.69257529223188,1.50813374047234,-0.893392609998166,2.21929812668549,0.559753163429191,0.977810260598185,1.42583531572581,0.243238845379949,-1.35212467817078,0.0043918760638203,1.25444786212293,-3.31764201187608,-0.384512592512958,1.55540654674216,-2.83352291211961,0.0596586438275652,3.22686020204907,-0.456887713249418,1.61136973542919,-1.89022768063687,1.08871310617343,0.00413321439784384,0.759180356124868,0.805688960927821,-1.30739074090306,-1.71093345602828,0.639283127604927
0.108032691726953,-0.296415505042978,-1.45841642895743,0.626451620058588,0.982323491826368,-0.339217227488882,-0.390209636274684,0.102400180613394,0.0056757537668973,0.368614672748129,-1.13615261630855,-0.607968574538358,0.0797623150910538,0.701212779559055,0.924164639207705,-0.803512388131466,0.128347003670681,0.711451831544631,-0.535544635319511,-0.223902298195164,0.0738724835559962,-0.570939273949062,0.5767152305304,1.36058935445192,-0.590161739318494,0.772251404958507,0.265353361214958,-0.225862645447102,0.411650216821725,0.496921749873024,1.3049531722342,0.377790792995995,0.562005489814883,0.0610857016561047,0.397010464931731,0.0303733423618197,-0.999005004788597,1.12774119843447,-0.330247412962808,-2.14906127632339,1.06075035633131,0.583742105568652,-0.721089153929757,-0.408279437688197,0.307498394404494,0.814420756009244,-1.06083355056257,1.49390122681092,-0.526623221021895,0.380725250852981
0.40725748259354,-0.111106601342215,-0.996251960453794,1.0540649847918,1.75050854711556,-0.140512517687872,-1.05456793193383,0.332307374295397,-0.45374643603747,-0.591153339752643,-1.39841497356592,0.0241398443353187,0.285939859106802,-0.402318269391191,0.215331056730465,-1.11630145602409,-0.155565008146783,1.34602321507374,0.30887657684572,0.610216479585275,-0.256650384107093,0.286633682306144,0.840429065304021,0.759485423826334,-1.20808297880625,1.03014555085822,0.464840513838398,-0.443249368771665,-0.337058421082261,-0.233716761404521,0.689044825913793,0.579509551362621,0.254684671519044,-0.837416156970909,-0.493077784611639,-0.601085261444199,0.44147338077465,0.620429736485774,0.607338186022231,-1.80107116719671,0.828731249667154,0.637110164593489,-0.750773942396271,-1.04736247030451,0.448852833504816,0.681331931774835,-1.37849306328543,0.891569460720158,-0.5533296335014,-0.316367731691971
-1.1149437556762,-0.142800962439972,0.26062786831411,0.434192711430139,-0.815881909790622,-0.257522173610535,2.59238075839911,-0.516965732304609,-1.19872006095567,1.68849668109192,1.52912650093285,1.2388479894507,0.133331592058391,0.465613256817059,-0.235604550816885,1.61208399939736,0.931213724666416,-0.817261084546141,0.0200434049792702,0.112095063009353,-1.81757588530363,-0.360534747580609,0.022837784974756,-0.453808816644862,-0.299333626725239,0.686225816811013,-1.27830179293935,0.116039015743547,-1.24743521534343,0.151935099508218,-1.83656297169745,-1.30393080616213,1.54307986023445,-1.1011031983238,0.863513563104399,0.44386180199993,0.0140203022173955,1.00155635899706,-0.724456545138074,0.455722678177062,0.0735193835803273,-0.945819521021579,1.75742323225111,0.619298659499816,0.609585598093129,-0.0203609201308209,0.717869276185223,-0.766476750633928,1.35496438875655,0.159199466962101
-0.769672542671225,-0.128611345734757,1.2154370854622,-0.0970508052472419,-1.10912222702166,0.179210455376498,0.819661579644468,0.938450232276064,0.645264051168172,-0.542877049958838,1.64526050327605,0.406221391906947,-0.660995549289082,-1.2734070768534,0.359581483296489,1.10442309261394,0.326696517881449,-0.762603124845796,-0.088093289542979,-0.261136438106969,-0.500661987927218,-0.221914742309825,-1.84215659415067,-1.72020833123525,1.73606362578914,0.550312856543508,-0.363321526789935,0.84128249700763,1.26557242815586,-0.679930682972115,-0.270318766889127,-0.706251400281314,-0.909327424817695,0.793845132533516,0.00642201271549256,-0.0667504686800264,1.15599819200947,-2.50846811495909,-0.535403837073726,1.89572424983297,0.0095005662312482,-0.980863558001813,0.00899455409425812,-0.165639890409518,1.29132858099156,0.871774960779216,0.792142739080599,-1.33967477440189,-0.598577529189627,0.671454148722701
1.17897539748561,0.0344316209703365,1.52100087559194,0.451982399799567,-2.01902068205953,0.456106264379869,-1.026689576421,0.732056984892078,1.84418381519633,-1.09391994650053,1.62104090389357,0.401458057201381,-0.658080580881148,-2.96863253698147,1.74963374730132,-0.0220340042250051,0.0768903204992889,-1.39776228018769,0.297110229216739,0.116219234633396,1.1167103850365,-0.119704527265567,-1.64838826565389,-0.712518046021009,1.82873775417067,-1.33359181102088,1.39976161815882,1.08893263975346,1.66489149090503,0.935096818135756,0.708793611231424,-0.866137889833275,-0.786551944236743,0.952503352858401,-2.46479467348262,-0.659075714778256,1.8075378332798,-3.7018090039317,0.339119985028025,3.0649429992422,-0.0589665413757192,1.07904849645294,-1.17228394736701,0.553463541804892,-0.198645984914734,0.947992742672301,0.922146932080746,-1.32213914789771,-1.64972394743391,1.06689213296312
-0.0975814859146769,1.06926573603462,0.532940938434479,-1.84303588773464,3.08829657813197,0.206902554653416,-0.621014091029305,-0.340223212336556,-0.0917624624603608,-1.78953231116665,-1.80214396007067,-0.196414933584249,4.79886991506166,-0.902676640439052,-0.225513668316711,-2.53841949536043,2.27478442311128,-1.21473248718021,0.545599834790351,-2.43461840249295,3.55324594995942,2.26818101561261,-1.1480341685765,-0.35922776576077,0.780921809122544,-0.0798271000991891,2.35379643633351,2.97751002937507,1.10431782546289,0.718692523056493,0.340422304596625,1.52715763073841,-1.05069909940138,-1.73126302786611,-1.30607587263301,-0.533519770590345,-1.98586628705485,-0.400506940970764,-0.845623934160633,2.27339119054646,-1.79282186734039,2.39469212551785,0.931951606025406,1.77237854650829,-3.19080680802991,-1.98283238698825,0.0545909730127654,-2.37114601681896,-1.30053393115005,1.70660059782572
1.17608555816114,-1.6935160343424,1.08850603768571,0.0728227366086968,-0.385139799553345,0.18261442279874,1.62614022840816,2.64362921439308,1.14375370286295,0.636099451691913,-0.42801077122839,0.0553577889109662,-0.0292549025994269,-1.01403202825892,0.927977168482471,-0.842755818673162,-2.14194273924741,-2.11590587101417,-1.04748752043946,2.30941126242389,4.60136040891178,1.32181033853002,0.150543897560072,-1.76748098781842,0.68682972006582,-0.0427552670304997,0.329428563298945,-0.344475832988996,-3.49025230790103,1.35724738035133,1.07428679772334,-1.20776967259212,1.100911662094,2.24006991130381,-0.825766155424322,-0.641558219417792,1.12750727063994,0.812142782524099,0.701433946143374,2.28112578569363,-0.812209002535127,1.32257953106342,-3.00019990746556,2.03891533208053,0.220584053362816,0.601878824529697,1.46077502355701,-0.882906576089318,-2.22426205717777,-1.8578066999222
-0.296755674779889,-0.332728816527587,0.868422059440174,-0.0916711079066432,-1.84413172258607,-0.0975241291047315,0.0317005509609926,1.89263468160228,0.665712114143475,-0.552708563187756,2.05330997964692,0.738258317789294,-0.906522838804198,-1.2966263210789,0.526451729962711,1.40192666274617,-0.196903434593542,-0.78003530629019,-0.681558205462213,0.398827127898759,-0.847011161540356,0.118841782301619,-2.27521701071332,-1.30234227633638,2.07853414449153,-0.190154359350346,-0.4165006330873,1.17113340523042,1.08098391220392,-0.175769348831303,-0.543958708574479,-0.404355695816021,-0.713032708097233,0.812651161892622,-0.344437107226934,0.277935552483266,1.12800846127091,-2.66042582308525,-0.495322290355663,2.17120554300829,-0.0792728495841043,-1.22236142157393,-0.685506321596047,-0.482951031962172,1.21255006560275,0.654925650780785,0.288082090923152,-0.889979644987055,-0.651296063400146,1.04982142255867
-0.221720057064233,0.251279493284644,0.471354852971369,-0.417020034556935,1.53118366893838,0.624866361865396,-1.89693620410972,-0.134822327958942,-0.142336041481466,-1.459108887264,-0.881111743513237,-0.238595964223994,0.20706880080787,-0.0609904043173069,-1.46714869078291,-0.779557379915055,-0.323796201617001,1.71356167543138,0.116704083100798,0.974107573056985,0.0262201153442454,0.21387046634911,1.31134284519137,0.774805210914802,-1.27422027205172,-1.09837303551918,0.341817744171455,-0.694896478085301,0.256056907226439,-0.839887660771559,-0.542168218729771,1.45281158785419,-0.548478631558627,0.0847534402082381,0.298249845096929,-0.167602765108853,0.670189904679995,-1.22747874362878,1.79455094090113,-0.814054349641795,-0.0613717206608671,0.211172403816047,-0.996273755165882,-0.904423496909996,0.117246930735838,-0.761890112436049,-0.131207653088093,0.179404972750842,0.556728455638439,-2.54055364151846
-0.231713273567473,0.385405546546614,0.3834220678674,0.0814412718421739,1.39303650077274,-0.173983208259117,-2.24710410064909,0.230645570843644,-0.23194429133617,-1.37776644144889,-0.489911986422224,-0.216236715903201,-0.347673611958661,-0.365523424757233,-0.715032554182019,-0.811833829465562,-0.880287778857948,1.26009854523692,0.472310940163172,0.776054555875899,0.133135070838065,0.645070576165038,1.43168247129528,0.3686292848004,-1.38981893268881,-0.971140755442974,0.907026848705103,-0.719081723271163,0.466040685764167,-0.475456616839595,-0.571332838724683,1.23784110645777,-0.713247528982786,-0.536146703430031,-0.17224756768214,-0.746934566041927,0.443602783147607,-1.11694301650105,1.44480341803114,-0.68234031109499,-0.0344723853662574,0.16233577138343,-0.40216401540186,-0.822149711912579,-0.0321629116376836,-0.828810360552807,-0.834908284882385,0.722962319691206,0.460680367138619,-2.49486747944046
-0.8258473122668,-0.15444871784415,-0.484286657268147,-0.0269470565947276,-0.971430786030295,-0.0227876885579387,2.34891015081309,-1.01604945536804,-1.95558637486427,1.74660216595815,1.56020852371035,0.685767586836331,0.321947084674945,1.18752436939271,-0.0917659201190738,2.03723311101586,0.742532345201338,-0.671434608616759,-0.349301656921519,-0.537364051395519,-1.55400752515586,0.258632350384413,-0.525384987668248,-0.744446225094952,-0.0286468610649133,0.717628533146793,-1.82481509959824,0.26144925447847,-1.00093828171183,-0.0475768130283805,-1.4592065514464,-1.28087798064544,1.70512956730883,-0.764397942470613,0.708255698205137,0.623502464682348,-0.454975658680778,0.98477351829022,-0.955388861785281,0.76031880735805,-0.328172448619063,-0.770774644734655,1.40634535053351,1.1140379977252,0.254280963392753,0.244559996836064,0.816779557326896,-0.564830942720761,1.13392483463338,0.619510335108306
0.496302765070645,-0.508199282714206,-0.546275133080942,0.539211464419716,1.53461506127997,-0.296002657126761,-1.05896392994424,0.29696319625841,-0.322021507043969,-0.0383035721958983,-1.2846839387316,-0.262735417459161,0.209293943728871,-0.0287091047636222,-0.0617000398680493,-0.110955626853239,0.0871134339157079,1.01410612235687,0.282435663703413,0.238216336445393,-0.138930156414112,-0.436804982444148,1.16493747491999,1.39983033342837,-1.13787739151161,0.901973227404763,0.213744142994347,-0.484000054028737,0.360393189782038,-0.263042156539392,0.390474336252336,-0.100373738230264,0.255219397951693,-0.344482583801624,0.00588492393348286,-0.575843205913012,-0.152751235902887,0.383133101745578,0.563975125763402,-1.23372261190084,0.762675297823728,0.60233604742971,-0.580323708550313,-0.350422732264686,0.25090782611214,-0.180041600321713,-1.20036093647846,0.955989886521271,-0.15769675586415,-0.276125126345833
0.304592940881933,1.25458402499249,0.994994185916802,-2.21765767670405,-0.0150198745121027,0.0843526546763004,-1.72590815413582,-0.454250711581628,0.484181670168763,-1.60615050644984,-0.688766311867829,-0.617413470503626,0.301741248533929,1.05743520579719,-1.977422441984,-1.9963773089003,-0.806450089288629,0.365926025903792,0.210039615473943,0.165857568439313,0.917327726238896,0.975386058864293,1.71113673079046,-0.0449751721435581,-0.580014460430052,-2.89440281439944,0.235138100402559,-0.122242816844078,-0.0251846642302205,0.58380831342314,0.140775068916886,1.71601177627821,-1.14855931552881,0.590680203277302,1.03338081094067,0.115533508186849,-0.272919768922227,-0.910616656717245,0.617176340364865,0.49505120057337,-0.881039323915702,-0.268014321457969,0.0223625177389047,-0.142491779616987,-1.40958046047197,-1.93708215224692,0.484437983952632,-0.0968748778196328,0.25927415664465,-1.92265492295528
-0.868534445731983,-0.4035193228364,0.251806158814745,0.178672567807203,-1.2593716168033,0.436092323233013,1.64372156830483,0.109996254625926,-0.614534394565823,0.290118448816248,1.85089753201897,0.374382205508444,-0.629518712971441,-0.439588759569606,0.108617977987394,1.64390823141479,0.449690355873803,-0.743967885214483,-0.150640690902864,-0.264577516494652,-1.23168343318611,-0.110648059918661,-1.11884910523537,-1.51654998993407,1.26735781182658,0.9837666886494,-1.45721909944088,0.569972322953699,0.373666448418275,-1.00475657272042,-0.889820507915855,-0.671079691947747,0.0261775527039641,0.477034050440315,0.774453397589293,0.172278822464966,0.587946995021116,-0.663633457629561,-0.829438194328751,1.49852748440906,-0.516772246553708,-1.01632222386268,0.918361892231494,0.263902163994862,0.967765900720696,-0.156301715010713,0.740873073318594,-1.33530336966174,0.329539834250443,0.518168225616054
0.429856625546938,-0.00776249319724944,1.27142842242109,0.129880503214497,-1.64188062378687,0.481331170478147,-0.327202860228398,0.852582087774084,1.50385522545694,-0.720693401852167,1.80830622501321,0.136454137865883,-0.609198184583374,-2.48944844487525,0.800072521448878,0.492031019054072,-0.182362894753614,-1.02352316546574,0.591651063435825,0.0555734795988911,0.954366222875369,0.0305700525350067,-2.17692842327429,-1.28917752146382,1.43114847084456,-0.269205898400405,1.24570022398039,1.02927928789048,1.60347048994544,0.128920355281184,0.106201921470009,-0.97783555730158,-0.89214862131185,0.846819417956182,-1.85723440417412,0.203850549267744,1.51963182081426,-2.98764384982306,-0.0983362699383383,2.77324219526415,-0.0835933081996501,0.101972648512797,-1.01092638278674,0.0655385782844903,0.302477431833292,0.593759320704417,0.352534585611901,-1.42400832225128,-1.23031335232827,1.31515386883719
0.258736061921688,-0.416329005484144,-0.508669399586769,0.893367416139084,1.7202820167125,-0.0805080753938917,-0.939988007216307,0.524798133496822,-0.380646631629063,-0.0149790066579033,-1.00096440468052,-0.202238674256321,-0.00716507639359417,0.174482300999009,1.24379853271585,-0.646933183079484,0.156536270517517,1.10142727252943,-0.062498696506222,0.337900696956006,0.455727661130844,-0.13207082587074,0.946009705725108,1.16536957597855,-0.947948609985258,0.808182415717676,0.281468053017466,-0.578002239630588,0.228400446494674,-0.395015153123049,0.834100323295254,0.456371100517657,0.717493522566484,-0.405342594657457,0.199412208627679,-0.11286059874593,-0.0856400090351309,1.08902763469613,0.449251714556948,-1.61973195850023,1.05341014897366,0.558925589427951,-0.476661402892709,-0.604524972470638,1.00703982049333,0.412758203259459,-1.06781984051252,1.18340228037584,0.0398964126829481,-0.222607201626084
-0.158640873507917,0.342005194679919,0.148400330745803,-0.210652951727036,1.91281404802194,0.115266852894322,-2.41880798799639,0.411941613175626,0.103310053062983,-1.18129326030969,-0.88471769936974,0.156250752772845,-0.477081139660174,-0.126546982097679,-0.586453751885182,-0.531550358756857,-0.418730845686507,1.82925066680516,0.566584404381815,0.931968607879559,-0.345384312927007,0.370773193989864,1.16371693235115,0.637414218444526,-1.63103848411246,0.287755209287362,0.459733627060426,-0.996980684702172,0.480309592316945,-0.961956581114518,-0.543036625002658,1.0364264857351,-0.414060859134327,-0.454552163781341,0.517302005336502,-0.589532829547384,0.843689254926143,-0.805056986149768,1.78247408844968,-1.40180823581795,0.121553263712942,-0.266579384915124,-0.996955727444622,-0.793930435622899,0.412517601871687,-0.00577568918803801,-0.587421602715068,-0.136910906023397,0.231818895603947,-1.7680827707468
0.496934003273847,-0.512000639508526,-1.77807037658196,0.84933134539543,1.10327028465756,-0.20630510141541,-0.062187149001594,-0.705491836682028,-0.342072543371045,0.876470571700971,-1.50891726018679,-0.246041991420918,0.186982919053452,1.25543966604872,0.458952097506915,-0.351437808512105,0.00985657822328104,0.413459950532324,-0.331698555473307,-0.161609502473302,-0.04049795470236,-1.02656262260008,0.253908771855998,1.12216817769564,-0.288174206730926,0.674140977287045,0.000703546957167317,-0.224455597414446,-0.267702987119184,0.368190352595303,0.90872847749309,-0.164316796242314,0.300541019466162,-0.101001450851184,0.323393094954564,0.154369299227803,-1.29065936469563,2.27037610156202,-0.982870271788185,-2.06472027570946,1.05275692250325,0.699918548722562,-0.0553336317967141,-0.528179120056002,0.0514249822626751,0.789778201812184,-1.01556967290243,1.09319385924531,-0.0342326490248813,0.797947947560442
-0.572013175886863,0.205791185129238,0.576812083567796,0.188742803040337,-1.33431288161281,0.714829636732642,0.956622625060238,1.16487142064815,0.759536200637191,-0.256088647090406,1.9764911178755,0.863822695601949,-0.683418490458418,-0.981359787480335,0.631057446143271,1.83799238004645,0.12168435644311,-1.08587860196749,-0.215029603831741,-0.359254762088232,-0.853711016968089,0.118007694749689,-1.65556413758957,-1.60636119052762,1.97429428859291,0.211774890267584,-0.657204831241053,0.840061543719068,1.0177890005595,-0.832794012748335,-0.504485926279628,-0.748318589316454,-1.01850547448237,0.555096852604692,0.118413782824435,0.317423962407544,0.916041870082552,-2.33579466022795,-0.567089548405872,2.30097724223229,-0.453678859523848,-0.802176897519045,0.396833350261376,0.231224901294733,0.88927313157551,0.71681450323914,0.118789395324564,-1.3299990949023,-0.404228271331327,0.793281845525745
-0.0804917040184763,0.675025587052093,1.09227342967453,-1.65277705873368,0.182111552831939,0.109915970869309,-1.27996654377551,-0.388104328614434,0.316362071570691,-1.67706124547686,-0.531224243118215,-1.23908460649809,0.211974093151958,0.580658970057524,-1.86021396789635,-1.23194781827283,-1.23113152410723,0.933062014701661,0.128642097991606,0.26675559063341,-0.0243576133745658,1.17538499375346,1.76105724563334,0.0360216362354651,-1.01483832441082,-2.10703212959093,0.11115011935605,-1.00766021142908,0.530669592614364,0.256446878018912,-0.877241712097949,1.65572987167621,-1.06282649841168,0.631329774065647,0.380456869149622,-0.566831082774717,-0.171753458345657,-1.37664181320716,1.41745886565195,0.0943039924119209,-0.710734510015758,0.0247270921430005,-0.433716992123646,-0.982012156296405,-0.978698833844267,-1.21757025657773,-0.321337734855614,-0.586776947790326,0.640897201193589,-2.38186201099052
0.862108439076756,-0.18636267398373,1.19423408361421,0.327270617654527,-2.58040646364276,0.511735982976142,-0.942278819928063,0.880219944507306,2.17169329272077,-1.2153135579547,1.65342389797649,0.00773861997811656,-1.33595775093101,-2.85444764125493,1.00620769583926,0.131273313343568,-0.144179841748526,-1.49140256805328,0.837144943579229,-0.296404827273979,1.99488896429095,0.227658128879623,-1.58261645205517,-0.71140113242112,1.28269673236799,-0.929535973305545,1.30794957710623,0.522862316454992,1.26357145113698,1.22074987111042,0.383473405210773,-0.824891360914091,-0.529416701095001,0.678106015311822,-3.35097242921962,-0.10712688309811,1.60840545249337,-2.93036779846397,0.191605505089406,2.70498724594363,-0.199742464147983,1.03896686990473,-1.46082508740731,0.598208193446725,-0.20420466083053,0.698480059766419,0.654089150469032,-1.23332793030714,-1.47880362583813,0.748461720978406
0.469188447834235,1.29815371398429,0.320351405734236,-1.82950743039328,2.46181556806807,-0.316010769056187,0.302063720754965,-0.00634844245276055,0.484697254096935,-1.32310205576673,-2.09019044960176,-0.0902133459695083,4.46548115176046,-0.499218982624446,-0.993486304144088,-1.78304787212114,0.89024473642639,-1.68735729845445,0.863383136386207,-2.2903222204762,3.92129932214874,2.21114850164122,-0.454275295236467,0.29984066905887,1.07048920364734,-0.703385949655373,2.71979456347276,3.23832763945406,0.896561154991895,0.486073496466509,-0.185036711975331,1.6253207530592,-1.32085664579601,-1.80226799253136,-1.52665834728264,-0.465800192448088,-1.88487217413962,-0.265075602094788,-1.07177303874997,2.17535268567446,-1.92911408941332,2.76399807170161,0.45503345701614,1.88371044552647,-3.46385667781533,-2.24520184657756,0.601988369563268,-2.18504135663463,-0.889453036613336,1.75495663944801
-0.295019640788018,1.38853573482398,0.82488002418246,-1.73013432035613,0.732808596035248,0.396739611360733,-1.3812026206401,-0.507932342220317,0.131093472035677,-1.90481788291771,-1.08635058139314,-0.342065950508028,-0.161219003141438,0.454226651451018,-1.86563982518623,-1.53279832953828,-1.09943787853649,0.924062601721364,0.112069576686227,0.754359293309619,0.0387890947602103,1.00202121517099,1.36304629286194,-0.106786069689916,-1.17694561179728,-2.45438493403433,0.48911551738294,-1.01250071621693,0.78965632281902,-0.317171786892359,-1.09385170939811,1.56438275320623,-1.19230649341069,0.779021683623859,0.785348802604877,-0.641050390847233,0.0455475652574352,-1.17504542650954,1.12320328701067,-0.788682726232981,-0.33509129441117,-0.232947588918852,-0.788187985917071,-0.83480036742787,-0.953560998421137,-1.08054974073043,-0.129486391771744,0.645588289984779,0.462629867243964,-2.4982017653672
-0.555680527802742,0.0481780508265398,0.685396285630082,-0.0625462292482321,-1.8337724707488,0.0476186151778427,1.81484675698554,1.16577953328859,0.0969364275487518,0.618019241225081,1.61378263374855,0.681181566532335,-0.946861716707484,-0.0332447631513819,0.209338526553846,1.96073342065763,-0.0729237925464656,-0.731488024835467,0.0754505093419904,0.0684496337289282,-0.711278423481356,-0.370673447076639,-1.30518833070501,-1.24735799999802,1.4469324534225,0.76531293365192,-1.05196986711892,0.442116963301165,0.842904421623934,-1.21822120084262,-0.666332090495784,-0.679242451394098,-0.275534043681573,0.592364844601636,0.597970328725344,0.0100655856240926,1.06416730029311,-1.47030449875584,-0.73174083320773,2.01884179426979,-0.554804394198282,-1.5800531933029,0.964342744944675,0.109250900621425,1.25186240322897,0.447713002958443,0.0592419822880547,-1.09908688509681,-0.175510729802143,0.883944266598053
-0.974516563033529,0.200888312071372,-0.798002514664796,-0.252518393019744,-0.909091627686204,-0.35628736538094,2.36161248213087,-1.01540380450581,-1.28773204017141,1.92490119132802,1.1598571360883,0.742369472371078,0.154969359400935,1.18734058035274,0.335664303185604,1.29450272454399,1.35731004632721,-0.616613571457849,-0.108093091223932,-0.552169701950143,-1.47496487955658,-0.370549662834011,-0.450982043115058,0.129911669882308,-0.340137803127201,0.584943225056609,-1.02641208479039,-0.397493255967304,-1.5364429510337,0.509320843297009,-1.21001575522809,-0.844833975967145,1.00357919530105,-0.516943499761882,0.506458246365962,0.537589545183299,-0.632660218925952,1.41444260658676,-1.10179818300247,-0.60339977440122,0.177657934019681,-1.1451241692715,1.97460562695323,1.15453538042177,0.129311786141824,0.117339252400051,0.748751606536286,0.121707590529651,1.09122185745844,0.505731850719677
-0.700178568882357,-0.492740391402835,-0.220811972141837,0.927918417839239,-0.873620272983926,-0.400007826499372,2.10159803596671,-0.957712997069735,-1.31211565709757,1.90851246325563,0.905697114618115,0.298643827469752,0.194624271359541,1.19461957671153,0.140668560529006,1.48063250823609,0.958509999898649,-0.575771899418829,-0.832101793830418,-1.27804379111996,-1.57960212340131,-0.274396345359479,0.593563384284099,-0.407932480643554,0.0668277140787312,0.44017248153237,-1.46788813173727,0.411062176598605,-0.896841704541779,0.396471451778776,-0.719204403698891,-0.398808074085721,1.17997596308649,-0.739383825275287,1.16468238323853,-0.0706961268328767,-0.317495419784969,1.53716873378473,-0.88255853687399,0.134470423514962,0.094047451591765,-0.955747491865873,1.45792954224021,0.909700162799218,-0.187581530468026,0.14379258873044,0.692436960010564,0.0521111118219528,1.54763792936584,1.14302447360983
0.448578654819383,-0.345852144340704,-1.1857047286227,0.621711767046408,-0.128286763093346,-0.0477895369189663,1.19766574987815,-0.754289383293903,-0.455522648698877,1.63171156788735,0.286990711466306,-0.42179424371658,-0.011600907144854,1.50639489010951,0.778831560991055,0.527201724948355,1.21651606576458,-0.118369174262614,-0.600150758491894,-0.434261798099822,-1.10383639564677,-0.771791479901308,-0.405913902765098,0.41141007930316,-0.25434456883065,0.704690201646796,-0.740955234458327,0.14359121349317,-1.38982240274376,0.279164219855789,0.310604397737052,-0.116931929671314,1.25020162889563,-0.0498524710506318,0.930653562548289,0.701309355135779,-1.17262816883948,2.43290564299925,-0.574884916374341,-1.72096939567362,0.895806945481949,-0.220035808191291,0.94126510286369,0.0277306910177613,0.516422344063704,0.135113119655056,0.350592522964145,0.758891574764831,0.0746600630436131,1.13580546432142
-0.697615189961254,0.221347641508878,0.905154949409834,-0.18450275688201,-1.70655893856666,0.208092171322084,0.118160139693338,0.804534544197074,0.421556751807279,-0.302450543224145,1.54360811486304,0.427630283183365,-0.52021353907139,-1.18597954743253,0.421177506594582,1.71638326145801,-0.296966381363461,-1.1033858947485,0.0831337922316317,-0.141076377386123,-0.586418371974926,-0.304956286877526,-1.73813938640519,-1.47517791103646,1.77324196534044,0.350269959723481,-0.987903522264565,0.536104915465626,0.869029207733056,-0.743651203832044,-0.00152692772186225,-0.584541120796256,-0.705605638716612,0.982999871078703,-0.443127990485442,0.258584332277326,1.31723375009309,-2.07838497862186,-0.402378339796979,1.85056495093734,-0.267300949713308,-1.30523293894783,0.357397676424895,0.0562264041418044,0.549367972559605,0.443510276251086,0.454895290895003,-1.14121748148471,0.0203691461322457,1.29031350398461
0.274127584623036,-0.404670527853802,-1.6144747378068,1.14874515579597,0.704691710054798,0.116719907351636,0.0873283925759373,0.0701174659044975,-0.0249709761970707,1.04898034672905,-1.09899928947828,-0.343953498126039,0.411814520763251,0.668581315426825,0.764313666664693,-0.253314433994126,0.263349764967579,0.153570719217948,-0.0893013753949315,-0.00574548331285669,-0.081632146926138,-0.217176067212962,0.383601362283168,0.892798574764447,-0.459965099768775,0.970943412347584,-0.1897128688443,-0.326837690238514,-0.667661481835192,0.147498487577484,1.56748179538102,-0.291489637566878,0.346295712485119,0.101694429281729,0.0922112455408648,0.340888466905661,-1.52335009858297,2.18654625237188,-0.476627674878365,-2.10547030122554,1.23065140386184,0.419860309588396,0.221609580943169,-0.551263598042872,-0.266358882190649,0.42719164934264,-1.40885184203815,1.55402709424669,-0.860257497981056,0.906565928733764
0.213771525684069,1.6833298918181,0.873070995619338,-2.40008090419471,1.45150043422093,0.0457652448878673,-0.445385315365203,-0.930997861944782,0.752573820677294,-1.96160105109325,-1.37179228937595,-0.851025909448352,2.6994007315874,0.805788308533424,-1.64827896068005,-2.23719897664602,-0.136411391607918,-0.704930491446611,0.376162592180631,-1.3991030756675,2.09157076516903,1.81821374360026,-0.142501512164309,0.00414212457952237,0.10525752365358,-1.72647919037441,1.30333131341983,1.73239138938866,-0.153966072857441,1.36591740832443,0.0158466457304805,1.62540519333081,-1.50369269589743,-0.322321110083416,-0.321139233473801,-0.237838783228641,-1.00005861485824,-0.441207927879945,0.15453597646888,0.834056699088093,-1.58498129707933,1.07433460603755,-0.168420666296105,0.206867607657116,-2.81494235899333,-1.66547232887291,0.46801137250226,-1.49761189169239,-0.0375917718989621,0.0937068656362663
1.1779345139799,-0.327638935927967,1.4730036813442,-0.165255924510498,-2.34386162861688,-0.0774950259791802,-0.913311427236402,0.516998487904545,2.16303340574432,-1.17735034559844,2.01194464772365,0.14773003668408,-0.899832465325063,-3.15551613314169,1.22631201721127,0.324925447607849,-0.0769262826755136,-1.44075869644602,0.255798887130169,-0.622341053927183,1.88022254837066,0.361713942731692,-1.15127275950757,-0.822335187142621,2.28614812540536,-1.48139728028133,2.21085518150016,0.883685057240497,1.11870744588294,1.16086736170615,0.161786102137383,-1.50005922815397,-1.04684964526291,0.30900865267759,-2.74804215451821,-0.126010370312528,1.71192447300057,-3.49381849667841,0.0916197241844667,3.11736814067464,-0.653018397378851,1.55380751431192,-1.39407966835325,0.711584306426777,0.24246755813054,0.587463648973594,1.34268687679632,-1.10789957610353,-1.17538419705024,0.306778458864094
0.380325856882588,1.17834055591131,0.768573020590515,-2.0265057982861,2.72071749239727,-0.0697967075069701,0.0483711678117805,-0.752535130490082,0.352136781062603,-1.30242767489016,-1.87824495607842,0.0107100307826448,4.65391758748294,-0.0941989975461689,-1.04376263993308,-2.53488382377983,1.66569840666131,-1.27522779642458,0.668628230517108,-3.13574891466645,3.24997238498714,1.86292649898428,-0.402891054865418,0.0459097452625057,0.615972356092366,-0.528666797358158,2.34900506499603,2.96855929571503,0.859771691116247,0.698939330623971,-0.203772821150154,1.43987489322043,-1.79939850015235,-1.36422611596294,-1.25296285748709,-0.45412417520947,-1.33873550805372,-0.692958636735125,-0.247008651586091,2.37077816831897,-1.79691849829468,2.69460198038937,0.664604672619814,1.38696637633616,-3.19957554311752,-2.49352370852558,0.621669593153323,-1.9452590433306,-0.44571227748886,1.33669175248353
0.184966446953054,-0.328739748753227,-0.197484963058553,0.826180895244465,1.69753015943698,0.101520249944994,-1.0889301145035,0.353687259712742,-0.455662579675598,-0.491811359512171,-1.034148710195,0.217544445004597,0.232687395514754,0.424148420481809,0.163765588987193,-0.67162810014749,-0.0375450336115463,1.34636048330244,0.697652836670727,0.429897924192563,-0.119524025263466,-0.030262616436761,0.465391082420501,1.17860444255271,-0.970514455716787,0.543129742674311,0.242938950559408,0.0416892393097218,0.0969187117251362,-0.798123471510753,0.796181657252984,0.808282165323795,-0.21204495711734,-0.620674267084978,0.00361886416661605,-0.58166850017125,0.145937673076993,0.692897990411404,0.0422855934857967,-2.03694847975643,0.794423279203159,0.609644245452032,-0.26933031386918,-0.651095333927705,0.336975001372472,0.514169518072182,-1.42725977656139,1.09739489356824,0.140340351160671,-0.0775013956020492
-0.673427011010062,0.155490020621474,-0.712874701655705,0.418619284642874,-1.56402562553783,-0.0084809801248099,2.32264844205032,-1.05059742102944,-1.23146295058245,1.37287549081652,1.44912506109745,0.859545922565354,0.251460501566679,0.791247822004252,0.109682059675097,1.80991159160113,0.91351811144239,-0.384972988345011,-0.54729528355951,-0.66319805271953,-1.84585418106617,-0.390681423285695,0.0350569576466725,-0.466957088421163,-0.091363528655966,0.162691029264886,-1.46867099692803,-0.0902662742702001,-1.0627787308642,-0.373712252794844,-1.71249557179871,-1.4623245628435,0.974089957221567,-0.889557689217352,0.589522883431069,0.454540121132437,-0.189671398593989,1.03172481621902,-1.09143222525507,0.48275926821118,-0.283533235047221,-1.07645780069474,1.85808120976669,0.78563436828598,0.0210942753950097,-0.290343792379415,0.874123487529598,-0.953941275613886,1.5302061191546,0.653222784607977
0.328440210433699,-0.23158875828085,-0.920776368131881,0.366112984835871,-0.112196210963697,-0.808404872471842,0.918761602751923,-0.926675409186454,-0.852600368193109,1.8780660309006,-0.508366338316376,0.254673704696894,-0.222361467448637,1.63564288631645,0.342151279893863,-0.0714549091323218,0.437382743468383,-0.270409619200458,-0.0179098440452956,-0.322531206137832,-0.897057046352709,-0.854453948277737,-0.18038114750403,0.633231957169773,-0.313845226223714,0.751247052243278,-0.52944857541303,-0.210676280891803,-0.84812381603055,0.691002308607976,0.726126019607459,-0.133347085285907,1.51142205829299,-0.514859197510804,0.702396810428647,0.472566084957536,-1.34967770707852,2.47757939385108,-0.812979093304674,-1.69913401846473,0.837577681846003,0.348364407311446,0.972696404698143,0.481518234406893,0.214409994699139,0.110410351963644,-0.211208429586916,0.84819935511782,0.0857989547304337,1.10597588291041
0.182567564654551,1.71195155955844,1.22823097433153,-2.03635960760881,0.556175284889915,-0.0738609428659951,-1.38662390151752,-0.317469050530864,0.72332447329184,-1.56414827715922,-0.543256439632158,-0.873183247734109,-0.373076291185984,0.607108950925243,-1.72276988704712,-1.93799447335905,-1.05884829640672,0.648185817030103,0.11531728703348,-0.052612781471393,0.437275845704776,0.671633559124849,1.58265869456644,-0.0658557494641508,-0.807649151366079,-2.40342194660699,0.00813843296202235,-1.10958601218508,0.474344733170169,0.540364596250723,-0.684920038980223,1.8104285748879,-1.17577436072049,0.618600369617527,0.774200711583474,-0.0362362260919252,-0.115131082186648,-0.951436792630878,1.18763405704978,0.243147544973572,-0.46160364155471,-0.3812492551195,-0.294666398616304,-0.650505410682707,-0.786920969475309,-1.75804581254713,0.151647261518729,0.210673902246143,0.882601791409528,-2.08554780852676
-0.668453296120138,0.375161407956583,-0.480844563737336,0.719447084170511,-1.10448655816871,-0.242784363644809,2.33233483484852,-0.686798530136163,-0.974190034896523,2.25709356560902,0.860088998251256,0.447861451894782,-0.644366508281229,0.896796517455756,0.0215414873699335,1.3149178231407,1.5922689483089,-0.890923324222039,-0.0886869342492781,-0.765120814261267,-1.35466778554769,-0.459219282130027,-0.0647858295193022,-0.43489840591683,-0.121313959969887,0.749044876922138,-0.889218555777848,-0.133905019181686,-1.11585564945918,0.303140147908555,-1.31540701899127,-1.02015667996926,0.753272575247149,-0.944084175794101,1.16406113874671,0.863245968155683,-0.51646097373295,1.71239494877729,-1.00099557491271,-0.172432704694234,-0.203646366327162,-0.896673303460611,1.7263837987017,0.384653926251761,0.063153596199462,0.261210096468683,1.11927616737369,-0.145257485739313,1.33482631861072,0.265428292367524
0.423712283083009,-0.145270582902701,0.43726573058948,0.289089230254167,2.06929830735569,0.102853282109688,-2.04179424939869,0.784553413736423,-0.016651752692648,-1.13706765766845,-0.638835780672515,-0.18452065312757,-0.238961914039842,-0.0741635192205492,-0.804138176467559,-0.912306519356584,-0.363464934002779,2.05765260726456,0.50472949545326,0.945589889611747,0.235197875438558,0.584646838939146,1.41777383393659,0.0033487584971027,-1.04507468178763,0.492435202652867,1.08744319282766,-0.559546623181658,0.348197894590509,-1.13042271375636,0.173117995891163,1.14031135948359,-0.186156896460265,-0.525827893445881,0.0352952959513227,-0.525839965549692,0.896265315575796,-0.536560491789144,1.19259962401038,-1.2743052276771,0.420709686140051,0.301507978853773,-0.922925091011401,-0.889281458703078,0.140121065880844,-0.489897617936865,-1.09105925837769,0.330452168256523,0.420191201910436,-1.53606070821273
-0.319778717342032,0.022814755653349,-1.23675996922716,0.212775835045908,-0.420517137048868,-0.48782943535533,1.80093080148117,-0.696154543054163,-1.29355942465457,1.89135885204179,0.314836817854383,-0.0665873825053739,0.433241929798103,0.848692641723234,0.250769145914117,1.01842340093134,0.210852328676901,-0.36385086413981,-0.307948198359254,-0.461514044802329,-1.29006175995634,-0.753367212642716,-0.426815639830517,0.334823918939337,-0.119429447827448,1.02178925898065,-1.08505140950981,-0.143757580293887,-1.02737549197037,0.22812388005407,-0.63590332302077,-0.542136334314643,1.63160061078482,-0.352014184105484,0.62702195385493,0.161053983715438,-0.842938170615659,2.37979863455738,-0.991566367446249,-1.06956075688686,0.074382506853456,-0.556329235304703,1.19104655338089,0.294971065137291,-0.145267545960463,0.52885096808573,0.294655423509973,0.906611878423033,0.620986164485834,0.341526006048058
-0.0941993273809724,0.766975375723843,1.22204191098425,-1.64320611774045,0.524240320746589,0.39251430748788,-2.03582668751669,-0.69337384836843,0.03212386569418,-1.62764563246297,-0.795594106917583,-0.0659321329676457,-0.0974851432713699,0.794946832123541,-1.9797099366058,-1.45111200407473,-0.884374958076986,1.45276172104886,0.707825580012722,0.963425100864355,-0.130025135357942,0.695213315362113,1.42314566520044,-0.268372308891355,-1.14630657084976,-2.23421130302425,0.163117156205121,-1.00828597799752,0.614664858613532,-0.313162919939993,-0.0283541051006467,1.81951398009633,-1.30576275310345,0.748791456695408,0.536970776551379,-0.887939280238149,0.231192226000345,-1.33367150794643,1.49540763750832,-0.544288812785546,-0.490886815239854,-0.486182206119001,-0.825303017067577,-0.970249791412032,-0.647453294200278,-1.07309954384429,-0.197253522724391,-0.0053238154809705,0.407365321244942,-2.45468670484775
-0.13419512805384,-0.142212675053332,-0.900942144135863,0.633670239026657,0.0749951468425808,-0.46217259328065,1.6030604034002,-0.712890946924518,-1.20930590438782,1.87358376653031,-0.251295225400739,-0.301433476067589,-0.358152141770314,1.21141840726947,0.761786458760106,0.845716667874602,0.674114617453042,-0.234820892692089,-0.287050500063955,-0.563079987942323,-0.952444016383607,-1.01627234843457,0.4022883915353,0.997510203835647,-0.0747085666120737,1.19559918012913,-1.30181857546226,-0.589729150977216,-1.24323034296356,0.535421962888807,0.296119924785023,-0.340011119655744,1.15856210960054,-0.133190404047805,0.675504006333152,0.529661003911674,-1.1303019668008,2.49108194568889,-0.993885810415018,-1.86963477265561,0.302520703877571,-0.21522726900534,1.03743109408834,0.587631540253849,-0.125243960660196,0.150210756489283,0.231182460513791,1.22327838769563,0.578567273439395,1.43351849561663
-0.0849173243870672,0.853151550302576,0.793744286353592,-0.896653895631627,0.448891935502091,0.247189577581649,-2.14107300524003,-0.453046057984504,0.0774348100518616,-1.76281932989961,-0.814764539641523,-0.815815583010718,-0.247950433887455,0.296300625989551,-1.3831372900001,-1.27766575057418,-1.37004362567785,1.54235372885595,0.675976678307913,1.18379164247861,0.54875348635942,0.790305252837077,1.67238150806799,-0.0028568420928988,-0.996292688610884,-1.60679712073814,0.729483653944494,-0.858424396241018,0.528863920125492,-0.0467913235297276,-0.358202849119109,1.49864979528624,-1.02952574732424,-0.00335553938072261,0.636770061366991,-0.316449550323449,0.489293079945756,-1.44104456516485,1.38597829382228,0.207863753432406,-0.519068957806936,-0.353926090439124,-0.706803795637032,-0.555854248865243,-0.415784109915066,-1.12944356186134,-0.523493544379887,0.241368409372706,0.37420791706183,-2.59391839680367
-1.09679810912819,0.0642553469063158,-0.526501227674405,0.375513683570747,-1.42890298441753,-0.0657747556822219,2.29165466580025,-0.915051805504717,-1.25708969386969,1.37711876619485,1.96520540142065,0.381905021332308,-0.248116753187121,0.533671325069351,-0.245738174253245,1.87142352516815,0.838440758417208,-0.405588749878876,0.0260464865532289,-0.311231109540429,-1.79470668707455,0.0415411450602129,-0.549489401070776,-1.04881734078982,0.0591109218650939,0.231388490722965,-1.78390154716314,0.387949453200426,-0.93323898414468,-0.859055674970999,-1.91640613883742,-0.909392362297121,1.12023727000368,-0.31188919220202,0.916465055783039,0.309119516576471,0.293108950898888,0.523766619347003,-0.882243306989635,0.963439390892474,-0.0721728078691478,-1.3419233654317,1.48729891409075,0.89761942748464,0.373706213978626,0.0469232262599262,0.756072507473337,-0.925942091106184,1.03083168064959,0.499624966807013
-0.145552151402992,-0.276608694060112,-1.16486303786148,0.285231300492532,-0.661594002462423,-0.160939607943438,1.75280363605056,-0.714434124987371,-0.973013219832621,1.88131668577846,0.767457679198939,-0.294796658251574,0.216657020837367,1.2758171695098,0.982680959474298,0.844234415427742,0.400780336759918,-0.575867048044345,-0.292529014299913,-0.586807710531266,-0.631123636026526,-0.670243080595964,-0.0225450279448761,0.603268702520007,0.144042023464725,0.719649284112963,-0.803001954294121,-0.0848409528735949,-0.916355856432817,0.217079474239477,-0.321976707162098,-0.322218172312916,1.1810307477736,-0.706712775231121,0.558809472598502,-0.0127230675746207,-1.07188117514655,2.34376165993078,-0.790160107138489,-0.981819424401575,0.433240063259344,-0.327478180249589,1.19953367478222,0.424411336293523,-0.127523070197175,0.543034707694178,-0.333727207455938,0.556494691486269,0.728318800107163,1.14753134769849
0.180902309062801,1.04707414056947,1.11071382965525,-2.3526498671884,0.294782728939572,0.235299849505921,-1.54380702955781,-0.939029566236148,0.469926039910619,-1.46317628327144,-0.533216158722756,-0.874938900854131,0.536059913345784,0.513475264927451,-1.83247747690271,-1.55544339604392,-0.869107912328596,0.324847165741272,0.0561507807217199,0.165791520640785,0.96954535974565,0.858568440350407,1.64399543240533,0.186508033865388,-0.613979470869316,-2.52978585958787,0.406640760685852,-0.463189873377685,0.504670299786352,0.486303591401138,-0.472919300139826,1.73892475963951,-0.992588408673798,0.478876939745068,0.674150608409017,-0.395002159178351,-0.445125642756669,-0.883004449108455,0.921293743223171,0.521972647641823,-1.0477103096922,0.126021428591116,-0.0436646874840896,-0.471973969765226,-1.51227390080763,-1.74477091384376,0.723787003859518,0.0666314160371127,0.86848804573779,-1.57418542352461
1.48130643512027,-0.595142763040662,1.36000739617543,0.0345028195884154,-2.16236330973692,0.509332940452189,-1.04627038350048,0.996206804786435,1.96121477495473,-1.20172890530826,1.72194732191931,-0.423538183259674,-1.29030211455026,-3.0521851409534,1.33860615127042,-0.273965168171884,-0.453564881286528,-1.40538109019682,0.375671966982369,0.045300511856699,2.08255576577786,0.219775744740423,-1.70156512761891,-0.929271761274097,1.57746658986831,-0.784552381898343,2.32833066706404,0.179538982942549,0.747870915442515,1.18180675368418,0.548045951594343,-1.5708328903863,-0.739178965799973,0.493636140737296,-2.76230516390724,-0.0326157998678737,1.95698203899731,-3.37114977780454,0.237878267876537,3.03427514708342,0.173840816248407,1.85367452233577,-1.4200739944321,0.928269012395039,0.258977119672479,0.616507775583249,0.912904558960459,-1.49900143540523,-1.49229922079069,0.988154702241258
-0.910148681780357,0.0450455008386104,0.905419171198569,-0.186590301161452,-1.43904573367585,0.096233963223829,0.184043159817739,1.35469496425567,0.732091147148018,-0.575455010692987,1.50116742068333,0.43218612972879,-0.608549758685758,-1.29883332038181,0.305880147762249,1.02312302810464,-0.579521418536817,-0.724864031115164,0.0543929414628367,-0.0918821880119152,-0.361721177405471,0.126180169346963,-2.27774447653325,-1.52504995477046,1.57759597088553,-0.00767717847252318,-0.231832789200512,0.75596196039286,1.17997557868714,-0.245815131507477,-0.0233506321723991,-1.0680240935422,-0.490167303262751,1.16033961365535,-0.245291853090598,0.227952200636768,1.44089005412468,-2.31449515520051,-0.569293758183941,2.73456231572971,-0.616509432410986,-0.901849982099668,0.1402418530391,0.573307043861428,0.353302507239907,0.840229738678282,0.322067120024772,-1.2118366867789,-0.367971358647093,0.852788319605972
0.337995823763697,-0.417654595811847,-1.00776260699528,1.28264922583995,0.9556637363775,-0.121940009715866,-0.117814114598917,-0.0938835391572088,-0.00916019100758445,0.906279718189456,-1.02110741280227,-0.203276848357082,0.359800941145533,0.412714074318372,0.68095084995425,-1.00936727892668,0.166481704467178,0.465377773701444,0.00447661140519418,0.0579756582575288,-0.365868849518514,-0.915951290616798,0.729463482210662,0.90589966300926,-0.767644472553421,0.831590409792139,-0.10855673556595,-0.765416525424454,-0.027968265978475,-0.0671360844210916,1.07255021203528,-0.0440371781302736,0.371908084104268,0.0536570081445618,-0.0636626758019827,-0.123170095268491,-1.20369955811182,1.66181351711284,-0.393355357760193,-1.9174970520984,0.994293591282598,0.517260861486948,-0.51056704888432,-0.502360437581915,0.181051339295263,0.375586392231941,-1.13827403096486,1.56016447975531,-0.532195502424512,0.36037226220603
0.34006925341021,0.00216125366750033,1.41449044484527,-0.332143645094276,-2.18269017900061,0.417633977238124,-0.595636942768821,1.02615570760691,2.20552111856109,-0.737010848981721,1.70291414428758,-0.0991153486287254,-1.62049812057922,-2.36787404505627,0.905168636660049,1.13721595425946,0.336688243847968,-1.38653761657091,0.205686129986697,-0.590682705024523,0.610824487669948,-0.0128369881564991,-1.99968976788974,-1.10437514900458,1.69768094945618,-0.41694835913126,1.11259708965465,1.04139211139532,1.34432501875935,0.0778369614926279,0.0514688209936512,-0.629702449701232,-0.425174579644543,0.373382869536903,-1.51016714442869,-0.211321419900461,1.32805409197439,-3.55348721896577,-0.228958106795292,2.84232424694765,-0.358898064875636,-0.638618090829796,-0.467888293743899,0.474695212672381,0.683493195198378,0.507282308596785,0.952826461276102,-1.13723194224908,-0.814166098190417,1.32528601367965
0.0647872812222674,-0.316039578984806,-1.25105794997765,0.586173242623558,-0.736521826273955,-0.465170981877444,1.52489585073493,-0.880415100760273,-1.03763631339665,1.60685453691964,0.125268573292195,-0.137037364271204,0.00411776419677671,1.31428800738142,0.333776380462739,0.761441482190037,0.869680121677216,-0.489943611360205,-0.45662054972395,-0.311020856645574,-1.30807245952895,-0.71180055766669,0.0636900172982025,0.657032318147911,-0.254736373106309,0.862408508417419,-0.85351808894101,0.144943116187015,-1.5207865284374,0.569314754354611,-0.107570092614213,-0.662071940413629,0.78000560677817,-0.456471491969397,0.334256123502266,1.14902694338762,-1.32545812358558,2.58091432338206,-0.947369427057533,-1.42817874120109,0.347505379965582,0.499900288385493,1.00715673457794,0.434440531227319,-0.242064108241474,0.470045562798596,0.0502091744497156,0.950090258313527,0.718942686285962,0.743059976854633
-0.403600846664095,-0.358999490523495,0.960662948117769,0.399345695705558,-1.07107358386824,-0.00639669311401711,0.991524148698718,0.891966829440353,0.723325449290641,-0.423167373358928,2.03540718235971,0.72862889312165,-0.958788478139671,-1.50378278972307,0.772531107452488,1.01507199548885,-0.29744920730342,-1.36454421635115,-0.170229772333263,-0.253630247564684,-0.335971592712025,-0.00665224307395326,-1.73773320634791,-1.53141431220196,1.69440541178134,0.334946982572227,-0.459202538401873,0.960140279807714,1.25446332379697,-1.08190612933735,-0.46885340893132,-0.800752391919053,-0.463955367594918,1.05084619921274,-0.348056520779864,0.255800471310115,1.17598443951916,-2.31994442042031,-0.265574714932288,2.05398441983957,0.0546022550070308,-1.01177337805359,0.194690636813808,-0.0884046013075824,0.830769010151914,0.625633121515703,0.107431475757689,-1.11953179133051,-0.571237242572798,0.616616155069101
0.200347191043725,1.74969957230143,1.08172389586754,-2.60813241284461,1.44460168728372,-0.032003120437071,-0.301378746893456,-0.779713146385454,0.0490248906779791,-1.76638988830473,-1.63432060769046,-0.494101536466963,2.37926202407288,0.297948453195781,-1.55311031508561,-2.22610717737361,0.250612038862919,-0.301906926599663,0.294979019607911,-1.20666305455538,2.02406896234547,2.08885205814783,0.32531884231317,0.519709709464403,-0.000782799980754895,-1.78708204233896,0.796490615300169,1.44524293458773,0.309764757893666,0.803631156699832,0.152504880626483,1.41531109788493,-1.77199049857936,-0.693577601635536,0.229169985773171,-0.319952273772091,-1.75725891288185,-0.213073460931857,0.429471536754467,1.1457052246765,-1.26619856756907,0.969175684406399,-0.156239590854536,0.567253153820721,-2.9873170372669,-2.12432237706454,0.515662829747821,-1.01860332405763,-0.417676461939783,0.161337772516092
-0.479319910439268,-0.174611730030009,-0.069981977190652,0.203156135699221,-1.38059734239169,0.150314395969337,1.97904333441704,-0.435175439444069,-0.607067437190216,1.4261444661651,1.38685328231224,1.3101761237128,-0.00284006553794303,0.746503947277867,0.590405841742129,1.95652020588193,0.385441600981096,-0.208190761793652,0.0293056311423915,-0.602211238542175,-1.65001718456219,-0.10783582620593,-0.477247122970734,-0.934106782997089,0.410749015012706,1.02863105100206,-1.66402916459832,0.516605179569798,-0.952994575819833,-0.200970790946378,-1.63868603656383,-0.880528906593362,0.459453421783231,-0.688360567541356,1.12161325565102,-0.0383556319361917,0.343918654758255,0.294342165928753,-1.00236453878348,0.555877906452829,-0.308278675932081,-1.41308563658837,1.73739416781472,1.20596683452521,0.479260308305507,0.324832693126309,0.627837320913259,-0.713621400063118,1.04278875852415,0.166071103846136
0.672501913875984,-0.274117724853968,-1.1757318963776,0.934528675772526,1.75003871182798,-0.180699185321373,-0.96120211481672,0.352215822914416,-0.238100938148972,0.330763294155273,-1.16546936320083,-0.193845035472545,0.174900581928809,0.31737637507747,0.233702936891025,-0.734156041497934,-0.175060553458704,0.655356062835692,-0.115778333371409,0.461344102561632,-0.0423219592152219,-0.269059383723386,0.812624881529319,1.02540808677013,-1.16963406915193,0.425232948554373,0.281860416889082,-0.156988665162993,-0.0893158010007644,-0.671680718605681,0.952823752007479,0.2079689575434,0.153163966287821,-0.731216081832798,0.16248772770173,-0.246680426604537,-0.654885360866522,0.916228331004675,0.324710254343026,-2.15516761379119,0.802339403107183,0.694221619978016,-0.742944982083207,-0.906134401198337,0.339961351485659,0.311113298692659,-1.39680513736961,0.63900886892404,0.0420933017142782,0.165435367614761
-0.144973944204425,1.33228367938344,1.67029056372762,-2.34821885608061,0.235709253316116,0.304806475388694,-1.31134126630946,-0.219505876395199,0.361138461331403,-1.20651786026385,-0.713385814729871,-1.08761688951092,0.633465735153981,0.834490853127388,-1.24270798220064,-1.58533700996449,-1.0620634080183,0.342674332669394,0.514245457691884,-0.197417689842935,0.651369426573348,1.26729067533441,1.08643358025313,0.65154058103185,-0.0457759461963941,-2.57996857221482,0.827025303437969,0.360201745495086,0.169547786145568,0.0893930692551854,-0.207635484674484,1.9965075671719,-1.32945532465894,0.419287311069134,0.813798181162783,0.263309141797291,-1.09562933965794,-0.0842440163204848,0.786694185250594,0.249350196392699,-1.12447847804187,-0.283083584301359,-0.614445164266069,-0.00231649667880002,-1.39057465297463,-1.92187577654168,0.299696004376679,0.0910319631964669,0.671969811991598,-1.67990900732463
1.42867276486884,-0.281913100072563,1.39153409250332,0.296126295078508,-1.53464217348731,0.680711701212818,-1.08100782545019,0.775496760534458,2.13477829727591,-1.0352449227682,1.70830362102975,0.120981595061476,-0.983033673561821,-3.14698184833348,0.829161750779987,-0.0317270653038936,-0.539455766189126,-1.31672573544269,-0.0122254584287622,-0.00410667980726863,2.61753102689596,0.189799855263965,-1.47882982355017,-0.959440723333398,1.82581133299091,-0.805046870844265,2.20284624330661,0.938564692342811,0.438078003983723,1.62884906300881,1.07501525434168,-1.45368178722222,-0.278734495153134,0.929119088142218,-3.12580250188297,-0.0077792148963436,1.64565427346183,-2.65743690212024,0.598480326331918,3.48027880089201,-0.318330511428766,1.52746884115523,-1.68818930621331,0.894888485041047,0.368057728909581,0.852735359020943,1.12139472216399,-0.860767524342682,-1.52409701319975,1.11342764528502
0.22354358337319,-0.118643765464063,-0.227933066970024,0.462538347436548,1.46532704793947,-0.209037269726121,-1.85432322804562,0.0112767344021422,0.347765548071479,-1.2453474436308,-1.29005780236516,0.383338753339514,-0.0090729603797597,-0.0938391795936376,-0.355428517562514,-0.822717580579898,-0.118835262789667,1.84241310256766,0.889636618993174,0.624365478012128,0.0296933764491564,-0.0694661994650552,1.12513090503577,0.655379780877485,-1.6044709785082,0.556755967383024,0.583215129663717,-0.803743525014127,0.622315415537149,-0.858912592121896,0.165056312778623,1.05094082227487,-0.432965086364177,-1.00975637336139,-0.0140917835300025,-0.791612595435682,0.352052337261585,-1.02298440297021,0.813942562579848,-1.39694062156138,0.641980195620527,0.293269537815637,-0.599570648386288,-1.01700974479315,0.271629850253736,-0.110584816899967,-1.64973478530323,0.176770429605705,0.16413732057102,-1.72122359078261
0.159844107953784,-0.591577556789463,0.253515395247759,0.100225946314986,2.03109987962659,-0.028029861726215,-1.92404455383247,-0.0756657886372679,-0.0407534223746309,-0.882936066249314,-0.767712131556917,0.0574067057953839,0.355278088690071,-0.0740214750226003,-0.581495437909734,-0.64984800707427,-0.60857157332638,2.14422714761931,0.468273331090706,1.48344717380027,0.0917143762251786,0.702078365876956,1.37931270029251,0.429805601949638,-1.15387157007864,0.166788751111511,0.191996752348331,-0.439153828736309,0.223951943942631,-0.533678528108743,-0.149614246689205,0.941850931998318,-0.624595541060923,-0.245369019773346,0.107749966600504,-1.12603438251029,0.129639093040966,-0.554064084210201,1.04553855863938,-1.12021086925647,0.433723191921361,0.110116597526975,-0.830057511467041,-0.84697387084039,0.034940097065921,-0.333737396359757,-1.31867053997689,0.189783964263309,0.387214575120279,-1.37526632471261
-0.542075357461976,-0.187548107932867,-1.01584108081292,0.742135995453631,0.0513517592269259,-0.564072926800053,1.97688736669584,-0.803336885736527,-0.90466577804346,1.87262810555042,-0.293024524586511,0.115816945670858,-0.0305945325184226,1.10593151210697,0.851900980852541,0.259495452551545,0.925901187185809,-0.232979962675293,-0.0592096233694228,-0.698865223665332,-0.955800214479041,-1.13038877175891,0.0572320051800436,0.476490230139731,-0.336539349270655,0.64205994808245,-1.0957567990828,-0.266313321286616,-0.884812199603519,0.244606422856607,0.131408911238831,-0.387866971936734,1.22754905596971,-0.0235612202862446,1.07713692622455,0.158450882460452,-1.17483658132825,2.71884196259572,-0.541367403384506,-1.59495829585677,0.591604148186039,-0.160710693100289,1.02414321183265,0.258332342008668,0.224581891850386,0.525414019065682,-0.055673014214236,0.624592590201377,0.358554458353508,0.756269109356144
0.370240650490212,-0.152129640321468,-0.814206201488306,0.490954928490068,0.79810228842101,-0.532137268115439,0.961450405657844,-0.78059812777476,-0.427748955873482,1.52529040128718,-0.754008172719154,-0.154871567760262,-0.169705654319997,1.20459574932587,0.660777959837158,-0.286371891800883,0.104789153570739,0.047071656208721,-0.398850071388714,0.0983449384507925,-0.655518113266868,-0.406955380199217,0.240723320132431,1.1393421809193,-0.442394794131641,0.824178585428426,-0.555997315900051,-0.568131172205929,-0.564257943638412,0.440772321860876,1.19166904161159,-0.463002269194525,0.795717310407042,0.185094764829529,0.688465859532313,0.0714270389850094,-1.45095388125516,2.64330554697542,-0.566697750044817,-2.13876814626231,0.999903036257817,0.313561498556482,0.239408279529606,-0.104016313975193,0.47457225980267,0.363991245267945,-0.306211962656497,1.70754076750148,-0.139786820096624,0.942641745165055
0.455355004718267,-0.535579777776818,-0.920934636270141,0.970024621431037,1.74491730099328,0.406542091778856,-1.69954084681489,0.505590639609677,-0.479026327384138,-0.545861747897659,-1.91481541846046,-0.300815742962036,0.266371497676028,-0.130291236066596,0.130685968479437,-1.00604851808678,-0.243193504268625,1.21848741752876,0.211435076488561,0.662549052240516,-0.287567304083712,-0.0568996764492894,0.491597260074725,0.840667963997382,-0.905501948879345,1.0533603909654,0.220348302140031,-0.392542543877617,0.115969383563907,-0.657216892460998,0.891631325175605,0.945653715202882,0.0707554463207855,-0.717190505635866,-0.0298326446761231,-0.507504752506201,-0.371344391603192,0.334169206271622,0.591194671817259,-1.44477072482895,0.835352709833212,0.263556292104936,-0.357841619938191,-0.936179049277296,0.567043748881292,0.0178324230925692,-1.17578157575181,1.21011216540781,-0.297373821870093,-0.587761318477042
-1.2278471504832,0.0920536034093953,0.446513623938256,0.254399845971386,-1.59406865894986,-0.0352379914765028,1.20736614778089,0.673380197650091,-0.801232314633589,-0.295503716490981,2.24114406218251,1.16097744133842,-0.657985462552025,-0.438111735959574,0.168252406540167,1.70393438870282,0.344921214180698,-0.801133966231535,-0.483881899312241,0.12609984317685,-1.15267763220068,-0.138595492703203,-2.07520964407458,-0.918436552589594,1.36594343236179,0.732713309246621,-1.55201153611781,0.283872250639774,0.464099028322631,-1.15129840836231,-1.2933654743948,-0.666068081047182,-0.276737242066714,-0.0632922777887612,0.842776218847954,-0.0804940523531181,0.666818575639794,-1.12202685400736,-0.507942906886124,1.42289697055139,-0.522460055127746,-1.07822633140719,1.38892785352132,0.550483799605375,0.965040956803695,0.652721443837816,0.991971613608179,-1.32632508991172,-0.114448402529559,1.57738076894733
-0.0501261835781063,0.462493174368458,0.078177247233083,-0.819260750179709,0.464220291164655,-0.0898759969673663,-2.18644793278196,-0.0510445006699965,0.452707130788696,-1.70165628627019,-1.15933776866524,-0.549293911035599,-0.452262424347662,-0.25446315093136,-1.40540518649981,-0.797077534551747,-1.04312731227703,1.56121941773295,0.202099098600637,0.884189867445491,0.233841067676115,0.258321645889555,1.76184082476318,0.241813269922553,-1.25303791913819,-0.64708260201333,0.673602659314394,-1.08139959325579,0.420617308071496,-0.696730368552656,-0.254139780229796,1.06731814284863,-0.804099707213307,0.0119133060154819,0.394771823611109,-0.496552711768874,0.265538813805494,-1.00269548929222,1.42730139299279,-0.179960145686584,-0.115720920250697,-0.751076725166766,-0.658006909154418,-1.13859332517207,0.0884019706065247,-0.923370449060159,-0.690810148447072,0.267969815580974,0.32974514433012,-2.84515877605796
-0.304525944108056,0.397123182023652,0.364449479797176,-0.963138633243595,1.08033138254283,0.149197732493067,-2.00392580616102,0.077975343536975,-0.12443135011434,-1.48161525536328,-0.263198077687884,-0.592047130765611,-0.284264365021989,0.157176367241354,-1.75686417358078,-0.867260495039792,-0.520548592361947,1.47220086487615,0.369933007894734,1.11378716391102,0.357625678422573,0.41565957592704,1.48430929829346,0.435111747809665,-1.54134746318684,-0.771754642323499,0.512142100526664,-0.66651097874953,0.367150771292,-0.948721639261272,0.395034218430857,1.44191236807208,-0.736313683618255,-0.00585298444791939,-0.00479000986196434,-0.587371871952829,0.385885553850962,-0.895754713775219,1.48148003159043,-0.74634230852612,-0.134197166455591,-0.531414298874376,-0.68341364834416,-0.658474876346095,0.333448820674303,-0.81763574727847,-0.562448073524431,0.0143822666278361,0.49524618138172,-2.30804378905987
-0.122370890017818,0.76288687477717,0.994823597742807,-1.70831904897283,-0.047517573423455,0.383279262916939,-1.75712785384832,-0.201703140165851,-0.0236828883014523,-1.89992251320833,-0.719702665812127,-0.850476844434416,-0.443851184143361,0.649095203025281,-1.4532738165613,-0.931582341053689,-0.877725982884263,1.31904715375984,0.640910032389502,0.97022254251734,0.105338442199778,0.526244418126851,1.93836046561096,0.0434015892846776,-1.1295503643335,-2.15647829366043,0.558650055700494,-0.763439812545576,0.63884767169419,-0.135167245051549,-0.173837652187129,1.24584194851087,-1.28406797485923,0.252685759237243,0.518989509035359,-0.78719216535449,0.487140400641414,-1.44773442079763,1.27305731606669,-0.470990357100128,-0.816144859971611,-0.511009030577416,-0.540206117279624,-0.758162391431538,-0.563497673355256,-1.52186407493748,-0.151687709743808,0.523042849460089,0.380104246865869,-2.58235248009479
-0.447817329759349,-0.181760158101514,1.32191277446892,0.191102169604974,-1.26335822940724,0.145423826973114,0.239310348780991,1.53179779064614,0.607133390891045,-0.698417089249078,1.27600052428492,0.589913267298516,-0.714644669192292,-1.75998732976068,0.555117939837117,1.52938580489931,-0.0399818828820157,-0.468920047091396,-0.14896331955381,-0.45655407330151,-0.349477033127566,0.365886141153,-1.92668126302324,-1.57919232785303,1.64259000038079,0.513477368437044,-0.425967367772777,0.634456528958967,1.72262784409399,-0.280095476406663,-0.839756766918353,-0.432211321925502,-0.631545303638613,0.973071837555601,-0.780749444543372,0.202206624099836,1.36958275719897,-2.46366202675558,-0.711372110350651,2.36299688051477,-0.666027989074148,-1.17705205289708,-0.245206543806171,-0.286200544412025,0.933584978184017,0.479619034810083,0.371083051668432,-1.16300714011731,-0.880888907561972,1.68055268270936
0.393309540762226,-0.121092582440284,-1.40106169761811,1.19649248243839,0.976458909592848,0.295484791816933,-1.22023611058758,0.214120294925889,-0.311028728191378,0.516127067644222,-1.50711193637378,-0.290740359445115,-0.0375985292828769,0.185904647216709,0.746001767483368,-0.494653832818846,-0.148228403233688,1.12044203822833,0.524029552737954,0.452183771932305,-0.197473110611207,-0.166560694282094,0.737174895442189,1.07462765999433,-0.704320340967602,1.5586025154726,0.0942589019233476,-0.201349668972741,0.00763281474753461,0.0927868678945,1.21285880712444,0.498000560734588,-0.672117557257966,-0.216780475363625,0.206565826873968,0.159584020150049,-0.303794238105388,0.617501532955864,0.450258970016364,-1.41931609727371,0.830903353552189,0.518389936904036,-0.838309412271146,-0.461288364844021,0.889083456484386,0.33586228483674,-0.988555419407656,1.14338784188003,-0.489544546410945,-0.501290561788052
1.87698503191487,-0.451494397068529,1.36281659125776,0.132088003347707,-1.6124080239361,0.490309710388292,-0.78594444961678,0.552370572963594,2.16803751982546,-0.832632163034414,0.948130035846789,0.0701111652445671,-0.396876296043379,-2.97006666271367,0.676653331223951,-0.89783676641379,-0.646233386751614,-1.6922619749533,0.0245428429833211,0.188942215250677,3.19585264422613,0.618758125174135,-0.993742999853631,-0.699908805264275,1.16271349096123,-1.23683226731362,2.35965165050738,0.997241456882789,-0.00968223270001996,2.03246492341224,0.560951874431599,-1.06535182405244,-0.452771012788244,0.611128077287917,-3.1189658885708,-0.603125181695057,1.77803476477308,-1.54893635667691,0.683340241146372,2.90434020575476,-0.69764197549097,1.84536150330601,-1.85768781152804,1.11964747362478,-0.276224224738427,1.14499147322117,1.13597303193129,-1.17562790957478,-2.24525251576525,0.0195928079290849
-0.468884936561298,-0.24794030665609,-0.638984213872349,0.426324350792429,-0.848955506415737,-0.34286974116874,2.06135029358022,-1.33076789729182,-1.45303474790685,2.26466943477839,1.06479026467,0.425922184849712,-0.0970214567066242,0.785785066362333,0.325812938526753,0.980859635754664,0.835916129926408,-0.757689265654399,-0.697350049719644,-0.600350719855644,-0.855613091679121,-0.592723359942171,-0.075326254229419,-0.0649548638981736,-0.236239553219055,0.913322106394788,-1.45911830593247,0.080654449382402,-1.68827989571611,0.160356123805439,-0.97290963476604,-0.98342760627924,1.15517410617675,-0.878092540877452,0.896994642781981,0.610606049901275,-0.852249346643402,1.82666158448021,-0.924642042472836,-0.641379756650715,0.0928580665199806,-0.598941682334461,1.77100487859192,0.568856942214943,0.497325804899683,0.107718147378048,0.65277240590887,0.0680011346955214,0.898400583285219,0.640897835222935
-0.475604588524272,-0.454760369901783,-1.35071014569342,1.05430468929405,-0.491760703274035,0.0889199435376015,1.85562710502403,-0.753735357018978,-0.637026977011035,2.27563745177571,0.481185055961082,0.151782437521421,0.596909930521621,1.50336846075539,-0.377632515187344,1.49451128123087,0.421432110439813,-0.482904699959204,0.0977977043570361,-0.771461621790584,-1.22818579829774,-0.654271131182888,0.425163698569842,0.140475012275426,0.0857086756430494,0.724331416834154,-1.23481744789988,-0.218916547568471,-1.274632546969,-0.0140738090833352,-0.383965318251693,-0.727569323586717,1.28078081995392,-0.560413910294153,0.595612805557777,0.489694138650458,-0.984321688746325,1.97137094205346,-0.704047184843714,-1.19203878398725,0.626710773414144,-0.104736402103206,1.41312057864169,0.500890865298332,0.129406268257015,0.741164585196232,0.416614085444589,0.057822231785999,0.929070258095054,0.315967086179878
-0.70809604304756,0.00456714461861218,-0.0814623564102148,0.195731786666825,-1.37637226584982,-0.101959670678471,2.2710232734467,-0.639893185878785,-1.11875778682511,1.21299171138398,1.89145324305613,0.539768074583719,-0.408960975777893,0.547958760844619,0.347391825097646,1.74940445263743,0.309306238103025,-0.732029899236668,-0.228725170919811,-0.835950427246153,-1.50244148718366,-0.136096598904461,-0.528615437137061,-1.29355805861218,0.419386979494928,0.618512258308078,-0.890745466954075,0.38186339445687,-0.302842752605041,-0.538273761277563,-1.60393708499886,-0.952141812140879,0.440538852832104,-0.610155226686583,0.66634901057644,0.391738062023009,0.250202078358775,0.159208698431695,-0.816651284680548,0.497510281553479,-0.781782805227221,-1.23235881360588,1.52602795982635,0.668089422541484,0.837762500706299,-0.110481000964472,0.881107584562727,-1.10968632205336,1.4747781175058,0.174336340068867
-0.146104324115604,0.573823750276002,0.609799253434086,-0.704996856045226,0.818714132330291,0.28663572515014,-1.90579446566703,0.427363330747402,0.2619676032365,-1.49799098084913,-0.860347066126946,-0.822854628719319,-0.56387762256866,0.593461582787242,-1.8258222577624,-1.08957906149895,-0.58943333814362,1.5670454598463,0.622702585713452,0.9089180470457,-0.0957613633559108,0.410310663780373,1.46108015298167,0.0291416990173804,-0.938110682280107,-1.37548304620605,0.346808002841133,-0.476319721452582,0.699818472950879,-0.902754898601958,-0.612507973102651,1.02964021655353,-0.709579004316355,0.196625800295025,0.375868832606798,-0.301917040741815,0.507623447740182,-1.19890205175446,1.01793059338714,-0.195479629159866,-0.531878300509947,-0.581291385848917,-0.72538306646444,-0.674443520818185,-0.245997212731809,-0.95308328697604,-0.957066942046261,-0.005153043268673,0.671660028708805,-2.34412115593164
0.343501424481945,-0.345526841195796,-0.064830143960188,0.671512288682359,1.39861449109959,-0.109681647708568,-1.15018709822817,0.741892320921395,-0.448622674112184,-0.637440533089383,-1.11373959192507,0.0747186376467524,0.0318407325340983,-0.0902153886194177,-0.335581221575406,-0.762801462987305,0.359377060765779,1.09486440090688,0.37832637361209,0.426430898972812,-0.118034297438362,-0.906278972279399,0.643229416193515,1.09771563441384,-1.14125432601549,1.10720033741343,0.522374724702314,-0.521978035568958,0.445359792818852,-0.419223633342655,0.57951827985166,0.00855697757869145,-0.246198719257616,-0.415641545991362,-0.307216443168063,-0.521132984851925,-0.0731457145835581,0.181273068245139,1.00401256729279,-1.7570730404551,0.492130225946861,0.230091829873098,-0.56474673897254,-0.727721562809014,0.85607970493509,0.184108701775951,-1.47217702391846,0.463124196831652,-0.0547649950806268,-0.906014549697343
-0.606606754138613,-0.0998243582529566,0.917802741592483,-0.248787913937842,-1.62460383833309,-0.351367528877214,1.25275220467521,1.36424568490727,0.777799438202651,-0.427543366901157,1.62172961314443,0.232560818754617,-0.14692131284,-0.856747985722696,0.287368983787362,1.42833079092389,-0.511819945090012,-0.338384888509763,-0.248003553190178,-0.431643029170529,-0.129938600390159,-0.0528463567711216,-1.31879151096392,-1.480909304505,1.50309623933278,0.378637296037779,-0.634698993436362,1.13668812205607,0.828842561420779,-0.684815086147145,-0.756010851538582,-0.599985425820673,-0.619583597218364,0.958431331372594,-0.0621489869527686,0.398727704360017,0.950568092944729,-1.96824644302218,-0.581001320235902,2.48992502167777,-0.207899662941917,-1.03750394606415,0.638609920883369,0.045268014006707,0.796975440656527,0.325828109498173,0.310283470809824,-0.846896723971763,-0.283629306495477,0.475889293694028
-0.0331212293502201,-0.596614302466898,-1.29426669368813,0.589444353044376,0.383673351349556,-0.233741997666432,1.05994338708175,-0.500536493087739,-1.28357979882137,1.54166622893382,-0.608468534675204,0.0018927926066663,0.337416648150782,0.879603184443862,0.598286153132027,0.555804512157108,0.779244016383887,-0.621961614192908,-0.541634242508353,-0.785537200284197,-0.560248209508173,-1.11352778944885,-0.549801041759744,0.894988734514289,-0.243884211801043,0.921800842791859,-0.72926077915984,-0.276558077220473,-0.729685943995717,0.355485783681561,0.474903914487044,-0.792421388353648,0.928134079242398,-0.355124436856203,0.574428519772048,0.0411907436182129,-1.34899194782203,2.5425534547413,-0.721740245979559,-2.03751202949012,0.857982936288899,0.131022095674592,0.556485253886472,-0.0238085263149507,0.119808212576366,0.476314326426742,-0.420806850445494,1.17279112404438,0.159140700805673,1.71515537938882
-0.0430896600517868,0.0422471483899493,1.01031475033702,-0.39611403108364,-1.3408495179033,0.0139466004399208,0.889305352896784,1.14860748970252,0.78420998951909,-0.601136088346815,1.23810613167244,0.230228958879108,-1.11516159800302,-1.62978378595391,0.523287666628698,1.30492717141568,-0.340091765637152,-1.21569335832314,-0.338270848610131,0.0286844078756915,-0.405906882127241,0.173057498280371,-2.15691703676812,-1.40209376424502,1.81587341320448,-0.0688157463322444,0.233594637323195,0.641545492992706,1.5742162197113,-0.624059688311402,-0.288014175800178,-0.635387758906015,-0.529434800848948,0.74085118524245,-0.0452790185605867,0.361530175093526,1.40823121676001,-2.7277899092884,-0.281123375680413,2.805575367742,-0.24075793166086,-0.965243024551391,-0.0231844237769992,-0.00939908323115249,0.549124355054496,0.762315179841001,0.282316443602002,-1.02243731487371,-1.17195085245368,1.23256854050278
-0.0888668859741058,1.46672636836906,1.65641233639858,-2.5730485295478,0.33936017010158,0.313486770482956,-1.14133598562233,-0.986089837169599,0.431450560313583,-2.07717494155064,-0.366275764639129,-0.550287959918454,0.223311423818427,1.03732880819346,-2.58039657797218,-1.41227245873707,-0.835778705624008,0.319295890381457,0.15226617692102,-0.501251026131438,0.78815682231242,1.01768091250135,1.49500057223293,0.251709202998947,-0.617202119083966,-2.89975256605389,0.250843428960979,-0.637685420586827,0.568830949908424,0.368151228746155,-0.486268918777035,1.74364819981405,-1.46230827749993,0.537994701817773,0.62019552001631,-0.135712023786637,-0.612361468235138,-0.673478582883198,0.761525704906132,0.288328364213191,-0.920714927804909,-0.100068327621783,-0.450207541920289,-0.404653937373913,-1.71709609309505,-1.59152588779392,0.501403272246014,0.11818086403616,0.414803649576678,-2.09572595532153
0.451951233519409,-0.531862876194273,-1.01034570319313,0.788967228384647,1.35726216734643,-0.461806922878193,-0.918536828458261,0.392067397270955,-0.507800777452406,0.202727836403033,-1.40764719993295,-0.581682259014228,0.401903626290514,-0.150092522546162,0.718246991017235,-1.11182594240563,0.0244673615236984,0.738460551987479,-0.237090434421357,0.536172502432336,-0.391461613542284,-0.373211117823685,0.659409986122321,1.65501110733788,-1.17193391161293,1.35830014576218,0.223118793446906,-0.759637606203262,0.385629646592064,-0.356135007369819,1.11853131493259,0.515524164883408,0.00196344634954496,-0.675274425591827,0.22855239344723,-0.0732782050671,-0.45862836645412,0.907396131240892,0.231088845880733,-2.04091352102114,0.849471235409257,0.449221346060607,-0.69990609495173,-1.01500558495056,0.0336475106323227,0.382986218470376,-0.71552150054857,1.08160285489103,-0.431416131095766,-0.0212511218545935
-0.104875337941292,0.0321676235130312,-1.73002356699388,0.82612688745791,0.727374322824359,-0.0579471126215259,0.458900998212295,-0.989625992570518,-0.899614160107534,1.56985262186509,-0.676746528993994,-0.180615262351195,0.468833754475915,0.982678107416336,0.609663805696799,0.179244122770436,0.154398526768039,-0.00128230522819606,0.0881332424374317,-0.104263700281628,-0.203353146053565,-1.26764754955269,-0.44839793972975,1.24729969965283,-0.0229815143206345,0.787111495742244,-0.586440929337286,-0.588718325075356,-0.290852515020429,0.422306224537672,0.861287502063207,-0.511593801984787,0.848809384618992,-0.263186963299832,0.256842042441803,0.877332424521834,-1.00856506140615,3.06169324828769,-0.953169898599482,-2.1623776361113,0.94050926785918,-0.242705782219274,0.445118292349463,-0.144492543544279,-0.140758546996407,0.851242540013441,-0.183300568848189,1.67859825562876,-0.00908533974614559,0.93727103704376
0.532467340117678,0.113902366208693,-0.998227879237235,0.942247597804548,1.25267347142614,-0.330587943270636,-0.36605418938402,0.764845852512082,-0.46607329894994,0.604885382448972,-1.02516484059932,-0.0988360053185362,0.265160059943184,0.889398264967428,0.707955174908733,-0.302040833877333,0.400466081067141,0.921774161829189,-0.461872359590812,0.257345150076981,-0.554761127799066,-0.933420992551067,0.583245831426604,0.565867674729426,-1.06430798282188,0.847770768110651,-0.189839497250225,-0.40535239119883,0.384844302718135,-0.0407729137546399,1.31851122033222,0.509820976071575,-0.09444191620098,-0.67156486613475,0.069344871204534,0.0985733774932664,-0.401670040616413,1.45631583188944,0.16996003613493,-2.01373590433915,0.8980566507287,0.775758205953127,-0.159042680700904,-0.607601674688539,0.388519701842091,0.27411271161056,-0.641948728900834,1.37329145665194,-0.390398589806685,0.758027105437904
0.347386215821013,0.282364708187245,0.33619055467984,0.170263542603357,1.39917768285504,0.298223659744367,-1.70477870060495,0.370395483864308,0.0827360606619117,-1.29686785634966,-0.487132066609671,-0.358415257518291,-0.419298560343174,-0.323671035679437,-0.748269649631322,-0.743652566230952,-0.477491773352785,1.9326010899198,0.526619406991789,1.3105858609945,-0.27459352051561,0.518190418224137,1.33399326627514,0.168065142943292,-0.959243136755452,-0.119486983975473,0.723555882393873,-0.62664950742806,0.36911180553702,-0.499582501575403,-0.00253616781122862,0.688098994621585,-0.603647232912645,-0.242606913068282,-0.111758873166448,-0.554337699835534,0.588531751282836,-0.9683189542607,0.706271787052576,-1.22341498661786,0.0198015747370055,-0.20084339793649,-0.510744232622687,-0.477846826810199,0.597325116146734,-0.392813087602367,-1.77447319977022,0.656756577703401,0.254909818516924,-1.34033890375867
0.470077407533273,-0.0869984588211852,-1.43937834442068,0.725873393453613,0.140262053126543,0.0771230035864043,1.13839122281678,-1.21638501687269,-0.868095985659366,1.52972594230638,-0.00542274738735221,-0.349676640183207,-0.0351676137157711,1.06646869352006,1.05894859398388,0.142295897866882,0.751853254926153,-0.787870945418718,-0.0536071384387915,-0.0393496968330285,-0.785258868681263,-0.768915688244533,-0.280912945318365,0.989870835339834,-0.00428645356955135,1.02956563153823,-0.459649741236298,-0.457774882370587,-0.708352371751357,0.74194737896864,0.662852799422338,-0.234460863305711,0.873826881677388,-0.0922317746609992,0.573554359358826,0.45632539944017,-0.97743512034398,2.42688472079699,-1.16560118720101,-1.52206445145094,0.424395942731597,0.592706672173709,0.663987200896713,-0.0935250742343555,-0.355988373482443,0.412392331946779,-0.14737700136169,0.721939082189609,0.359241689045323,0.73024645332872
1.19603909294216,-1.41657133568164,1.47103921006007,0.390974113419035,-0.54742900056472,0.199298995111736,0.328503706502497,1.53101882033927,1.21685754583972,-1.0432136378973,0.574688535395952,0.0656455470104615,-0.0978245751133715,-2.38003016869499,0.609368014722154,-0.569705148677908,-1.17750457835344,-2.03161388916005,-0.656144017057669,0.654710056682123,3.87913688549994,1.23061143524068,-0.365958255560611,-1.3153024552462,1.13007063110262,-0.893816331913603,1.69898886417185,0.738843673225822,-1.12769630017963,1.74421578109432,1.31220863604475,-1.42465439779485,0.476241451609608,1.79388856420683,-1.98059275347288,-0.717719906222735,1.49481172565671,-0.731074330173295,0.26382503001058,2.75889354174306,-0.30398436688761,1.57230630221699,-2.208557007961,1.61435893655667,-0.00803881241625177,1.09172205650062,1.13473514653189,-1.25023655685323,-2.28963083519217,-0.884176277297944
0.298414989713387,1.62706142791147,1.08865995155025,-2.76052444293222,0.105526697574702,0.167855795470859,-0.61265365104118,-0.976265037989908,0.499223303622138,-1.19503005653117,-0.908665105566079,-0.845240585754252,1.60749841260098,1.12385973646828,-2.20797379485935,-2.0754220127661,-0.510164694592839,0.110237711460392,0.166895155660696,-0.219562592752983,1.38068987476224,1.1399822299467,1.45546273618296,-0.348462796608914,0.118897871704091,-3.01985660665394,0.699145165614622,-0.00734395142303806,0.114613909727109,0.652631241121314,-0.319599233653694,1.28460932390675,-1.25929258578182,0.241474022995298,0.501846095849056,-0.528522012721723,-0.664999365642838,-0.399296436248319,0.706401562604573,0.457628700730312,-1.37579712989231,0.375138436918382,0.109937565410634,-0.281149260177448,-1.8694499771226,-1.68189463870322,0.845023670704388,-0.488318958112842,0.667019712181624,-0.969694042941853
0.491368370563945,-0.619919240753492,-1.69828537571814,0.398237674945526,0.102442083576704,-0.512196917835891,1.04987944714561,-0.735400122702193,-0.176347217590779,1.6338845718535,-0.95610030128647,0.0195370195747626,0.382450100078299,1.14110269567887,0.923287944562357,0.0181734319843172,0.31125770998931,-0.477210424961958,-0.449091051137172,-0.390437133138624,-0.685387772642806,-1.32842346134977,0.418799826377425,1.39162782778235,0.00518019797098826,0.933147292291728,-0.800134616547345,-0.232192339820896,-1.15567861049388,0.614417921518053,1.17999444993712,-0.370123591095714,0.63799363215329,0.149979972751802,0.485319770095106,0.686398746744346,-1.59423001932875,2.51137390117564,-0.204585814613012,-1.58509931571563,0.806324846762693,0.164265577796757,0.302562637267431,-0.11706819094159,-0.0254261265111175,0.265502462040802,-0.745897264770089,1.16102109422301,0.0336452621494063,1.02585316201393
-0.177966847801819,-0.115937126537596,-0.989119926062387,0.575256113301792,-0.745685362449775,-0.199715343804407,2.40023924778821,-1.1429598576908,-1.22631674854969,1.9990686582627,1.35003215295109,0.663483580469063,0.265362097126379,1.15238640550305,0.300659791160894,1.61478314344392,0.865524579154601,-0.28992458220154,-0.533928143827388,-0.180535414281356,-1.25073583802493,-0.395525930772769,-0.0292458743594715,-0.478382147805024,0.234225157098928,0.617388894384955,-1.65327751890385,0.164125890113838,-1.14696334967278,-0.28382029533422,-1.71791330965816,-1.14077118180411,1.3812126182959,-0.96676965316155,0.44247771956566,1.01913455779407,-0.668792146621116,1.52222083513783,-1.29557210255076,-0.105466030481063,0.0017705775012741,-1.28717951011759,1.85546416874831,0.650885686905393,0.275339510794391,0.272013827619581,1.24162655080292,-0.601021621529602,0.779531569771442,0.0220369214755432
-0.892664804469791,0.0929556094673951,0.38888253597262,-0.122071123771925,-1.15390587319258,0.303123822062217,1.97381731907382,0.547542532395402,-0.558465667369826,0.779275996145569,2.10409226463999,0.664180967809697,-0.367050433443008,-0.35644964728878,0.0136716693050573,2.36597854702663,0.183621136499994,-1.10582716808516,-0.568865902229204,-0.34415790291158,-1.06978538316351,0.29929594308667,-1.54815256926915,-1.61815296464064,0.717460231497565,0.476068834916762,-1.64453174264427,0.239499819208081,-0.31425123698175,-0.633313201988464,-1.94676352313061,-0.941250487573173,0.61142965511854,-0.559275164879747,0.595665963054113,0.571369039071947,0.400693713781861,-0.643864465991864,-0.958069286788772,1.31188602268497,-0.39878396333343,-1.28602700429242,1.18871134948099,0.333203148819482,0.92219266377842,-0.020854766060782,1.32758234130186,-1.43575067129962,0.812282755083649,0.746221253137421
-0.0516607303941735,-0.418802963247251,-1.17780858021896,0.706680996681266,0.65342144873175,-0.793924039517458,0.191803384787183,-0.957999649081926,-0.480927514037195,1.88856494588761,-0.881915674242643,-0.351384345954586,0.195071901934229,1.25067399213711,0.881019910756132,0.0886531855999562,0.15550212109679,0.0250291631349291,-0.278475940919003,-0.00704167836562582,-0.419960302082389,-0.746110088702135,-0.0624587263731344,1.12293597264503,-0.447217324936273,1.07297247746595,-0.637218932771019,-0.317610635117795,-0.599714405453647,0.733385245040203,1.22012075782911,0.110510509032318,0.952173459475099,-0.192470585390856,0.220063266621956,0.44212449362198,-1.19775056867187,2.38711315993108,-0.737228255602264,-1.93953722388423,0.383421022600814,0.525381208051434,0.0567175011837179,-0.2699945559649,-0.0335119737689166,0.542680836599357,-0.947693043966521,1.7834908131344,-0.127382182016409,1.2794760588758
-0.409253353587914,0.931440984419191,1.45935975038748,-2.68676665402267,-0.0428210961116246,0.387417726719662,-1.06967935151308,-0.978082854568202,0.688014001204858,-1.51659538693068,-0.692135655446364,-0.850993057195935,0.575326082491435,1.2401106281426,-2.1442859395959,-1.96612025824295,-0.708302075829924,0.901747691619546,0.323243108967197,0.102016587067452,0.787145520420339,0.755336539981246,1.45312899947131,-0.0284655844380705,-0.685643235576958,-2.75047423593369,0.272528447508061,-0.293455459849658,0.54593122109717,0.38911687110692,-0.425574683208038,1.06866888569557,-1.20588455593656,0.0555491439960161,0.84363869590717,-0.476354323480792,-0.888819860488172,-0.803332423179672,1.0995087548866,0.502804365415867,-0.657441462323173,-0.298826552254364,-0.501692621982007,-0.401000294149665,-1.50896915946807,-1.88443939095488,0.452173967216501,-0.113593174836697,0.714595501457047,-1.87826271442805
0.0549028322923039,-0.10157078917635,0.737045238039026,0.0539876810529813,-1.07099381128234,0.0916021877760567,0.10918334115833,1.49906794799155,1.39172782156332,-0.58688406098507,2.18568523850228,0.755354589181795,-0.947373366561996,-1.64902484468026,0.619948292049742,1.26753115654239,-0.351665820953609,-1.28336459776903,-0.0426453513078427,-0.0244083839314457,0.186126793569745,-0.0924002812604377,-1.75394007234304,-0.81995484598552,1.8550318994879,0.568930388059579,-0.290152162700457,0.820719652872169,1.56197002316865,-0.717055099969738,-0.271606548760968,-0.666837066516963,-1.01081974506253,1.32112497898725,-0.668254135955154,-0.000987811187942843,1.86513942128292,-2.39441088251104,-0.392227261761164,2.19690874161043,-0.154412338307267,-0.744317143367686,-0.27142634496956,-0.134148045701075,1.14231323440473,0.289252524276128,0.254690916886166,-1.44351516753555,-0.603782574551585,1.16394710432028
0.527811730100737,-0.562379911723554,-0.946469914136395,0.955712011211318,1.39799148615473,-0.0246014852570775,-0.703903425560239,0.199896006129478,-0.436797620653124,-0.15483866203938,-1.40126801405681,-0.493304639506495,-0.0967051457041184,0.125052457173792,0.0995509677707474,-0.546062598330413,-0.158724484391694,1.22961347449399,-0.281706242436747,0.865525320194643,0.022449539578854,-0.599009080257571,0.961356910901197,1.3035849356354,-0.610507495737196,0.82716179540828,-0.130071273473584,-1.01658568318768,0.534493982391354,-0.116552740668579,0.906547147226107,0.00760435200187992,0.381697669032331,-0.113795209947267,-0.0406559087572061,0.0192371217346702,-0.197201274325228,0.909196394029082,-0.106689683799977,-1.65259661984834,0.946224854007413,0.596949689404904,-0.327134089323498,-0.866437781744917,0.687140619110113,-0.0590275645336657,-1.3823441138011,1.58563748307223,-0.251830528119601,0.0721529868798792
0.110783607541306,-0.147416165969112,-1.91555273657334,0.695631639912666,0.267629291890607,-0.55992356336298,0.633265568244964,-0.682129973604027,-0.23724592780941,1.84950085989129,-1.01241191158008,-0.377935228598457,0.171958713543469,1.36304088224015,0.745807423382528,0.281339325227095,0.53074772348546,-0.138085819358274,-0.390186234715296,-0.0879656065105201,-1.27303123875594,-0.461421482817048,0.367531295338485,0.586569498892231,-0.245366183094174,0.935804148274665,-0.761924659302591,-0.442929515001135,-0.395495476963972,0.663807336659976,0.532727472853072,-0.827601887659975,1.17949465970898,0.0662956164302616,0.675771812364357,0.446862179503836,-1.56208329855215,2.36995745934559,-0.687431778291229,-2.35450300822932,0.646600083025807,-0.0261245503600882,0.56495541468374,0.326115913320106,0.351302172133924,1.25023374645547,0.24207165077344,1.16786150331648,0.487874553703224,1.07304292366211
0.0346105061351295,1.01819332574612,1.17907252598127,-2.34276001053234,0.188915612290432,0.414398057218396,-1.16790371829943,-0.995244073373323,0.283737442429215,-1.18253492115921,-0.487427469696675,-0.994599895024659,0.722324118336435,1.32993076607717,-1.78259880109533,-2.05782212069353,-1.00207375948693,0.435151519757721,0.246356206728607,0.00116777376028245,0.591157679296092,1.16588124279472,1.03522052406257,0.560513645775616,-1.06673426358702,-2.69935860554766,0.676302142552838,-0.660574215652973,0.234049441580676,0.312692258426929,-0.51824758467865,1.52368424424359,-1.03724575717172,0.213724332061712,0.677837442316314,0.00420074988014204,-0.676520703799595,0.024029074111274,1.39387459045821,0.197726144751299,-1.12358937246691,-0.120071049725224,-0.162684102688076,-0.449879404412333,-1.37121609657986,-2.14075110096838,0.429385587253583,0.00169778541501819,0.483096868051063,-1.81044479970607
-0.482971237023469,0.345563013430507,0.928441619258125,-0.713641095599686,-1.16356428913862,-0.232136941024301,0.387715296188457,1.47480232773799,1.3823186024287,-0.640769695697049,1.6671497829807,0.348200639802795,-0.70400259447491,-1.61725075466345,0.901926531382921,1.46122771806137,-0.157584956230136,-1.28336323675144,-0.173784007273912,-0.165956711937671,0.0672126309305426,-0.127583552687942,-1.77857483639047,-1.47069225717946,2.21020595718897,0.495595055050019,-0.354032817463196,0.541147108674169,0.887571358090195,-0.833179714577677,-0.1071222075018,-0.503707284613553,-0.776305537909753,1.2542857864873,-0.28082663595347,0.518095298844383,1.35979254763615,-2.01240807035353,-0.534378917043392,2.49245093452725,-0.225498052979773,-1.17221769807694,0.148981223476238,0.261879009290825,0.514926297610897,0.222132762111857,0.513235074396139,-0.883097362881092,-0.357382728331379,1.00151459683967
0.10651114856408,-0.867358171139977,-1.42109246108729,0.959954968173736,-0.199912003971301,-0.267414650471285,1.01637528680576,-0.0706441790217743,-1.18328780165726,1.3892375159027,-0.608847067359387,0.0287890576255025,0.269921797652988,1.06555801476591,0.294436048682316,0.293422978572265,0.496621137292992,-0.813721574601129,-0.231532734234347,-0.550616528910396,-0.836124378644954,-0.94803655534037,-0.190306107864285,0.692078044162326,0.0693006266962964,0.561696870183686,-0.63657308883838,-0.337537013468159,-1.03810420199127,0.767304693982157,0.479898156218369,-0.853502116775911,1.09861811051623,-0.411545562345063,0.726708609300916,0.207055406028634,-1.41032821443333,2.61045438959065,-1.10578691664114,-1.48553967228006,0.530042364238789,-0.101951021889892,0.854434521227082,-0.0775456642355776,-0.310312280859723,0.416347861958063,-0.325475022111102,0.939292632106016,0.384384895394545,1.15209941467606
0.651686981612721,-0.382061959790329,-1.40923492206058,0.879402815002638,0.436046468367249,-0.430786792375611,0.284041969645793,-0.324331720749229,-0.42249718949395,0.985215343228349,-1.11154704492236,-0.2995816849922,-0.0573090040599363,0.913026127091807,0.960598543744592,-0.484222303600669,0.638177709110275,0.161504107908359,-0.115501540462305,-0.176382978665161,-0.274764770478487,-0.929223996604957,0.0588559151780997,0.846750622489891,-0.0767429982861798,1.24665424256087,0.122734670883293,-0.511994600846237,-0.537240342613881,0.805154495710679,1.2538464901839,0.172689566713086,0.759864790614541,0.0691184775036097,0.199162165072721,0.512351807017587,-1.55459938546768,1.68999891569241,-0.812033661095675,-2.15731167828969,0.892175673293157,0.606801774859169,-0.371965103163478,-0.433040787369893,0.143743474969134,0.96305175496893,-0.228347732071497,1.47357110852034,-0.0773190655138041,1.32436491071939
-0.940928209221766,-0.299741452566358,0.665323644042832,0.216921847284155,-1.39768019636465,-0.210123685049378,2.440822605937,0.173040179024255,-0.633613793681084,0.665544297794333,1.82627179395991,0.839644367591382,-0.75048806659101,-0.149961437851558,-0.0185365630376004,1.84713162817376,0.512903894684408,-0.785328875959054,0.313177100383348,-0.146596208222611,-2.04010330776105,0.169772916520174,-1.01949336810758,-1.18673236521518,0.626164386519497,0.461330035463792,-1.20991791361758,0.639365216260732,0.249453274717653,-1.37378812077616,-1.50842956539514,-0.700399795874304,0.500471948019889,-0.580898782815833,0.809019780995807,0.0350786456345522,0.591199692379774,-0.665711717109285,-0.711536674451456,1.59526919617375,-0.495729278329424,-1.7350785593489,1.34147247312584,0.404249245995428,1.21269707437314,0.183022692417413,0.845985677914595,-1.44217961127676,0.882743441521189,0.534079737388952
-0.485012960978177,0.83348384439062,0.896251328175362,-1.8291894639646,0.56015776596677,0.0411274064347232,-1.72692604393358,-0.548597829740105,0.414427253649109,-2.08929982398669,-0.483683838347672,-0.730806051974478,-0.206724399664378,0.67148491524403,-1.94016466306646,-1.31340656901535,-1.1911974787523,1.07655563263499,0.35085617736192,0.421903181421834,0.0786034134988154,0.822434601016542,1.84108233143183,0.590231927476729,-1.17130628517443,-1.99515729018912,-0.00446820234102158,-0.89153615160828,0.337000659695006,0.0115568411323145,-0.85242995431721,1.76688028945983,-0.948766604370813,0.805478474673065,0.6687574073912,-0.609945341153573,0.126277318632486,-0.49471409304438,1.68744315089243,-0.350068336989601,-0.286310894288236,-0.583421052492167,-0.706035989026214,-0.834259415017276,-0.838407082165888,-1.05810178258192,-0.259357584704652,-0.206737063050722,1.15854683881314,-2.57356079483773
0.269671985378478,-0.406246417171155,-0.841019156630668,1.08875660605621,1.34397770650365,-0.115179763201004,-0.853731697432871,0.0621975172186999,-0.581198450079263,0.561667526700172,-1.21358412708682,0.191487415462093,0.348383807716614,1.0051297910648,0.729888885203739,-0.441927047698435,0.0496706633624143,0.698197630468136,-0.274693052329576,0.000836564742746277,-0.278526702111808,-0.470869113821636,0.270427506655551,1.16948801898215,-0.692889483250701,1.02820542110685,-0.117500251976401,-0.50103784778231,-0.582312044104583,-0.00910271368769953,1.29995270334429,-0.260545768898495,0.297249458567055,-0.152558071959944,0.293547898145704,0.162835003223099,-0.522179254575034,1.38814380431624,-0.408610374586877,-2.33330630945649,1.1602843909329,1.1101560606737,-0.391511296203156,-0.528386701808651,0.293237529522326,0.518389499318774,-0.82877364523996,1.91542306676582,-0.124263476073641,0.289412300894629
-0.524768276174153,-0.135007872649985,-0.658709341187645,0.500979340439855,-0.913987062208573,-0.174805397567774,2.22120696636076,-1.14906688236039,-1.59527191801133,2.22964663378634,0.650865137078807,0.818269194966979,0.416034710915515,0.565280895781533,0.156868289518435,1.32760121301417,0.949384489364886,-0.879057482524787,-0.383917580039478,-0.76508846939897,-1.29796764582488,-0.602454660287808,-0.25356081024257,0.326421968799274,-0.385657666326292,0.294126413129214,-1.27184715626772,-0.279029548740798,-1.20836828466763,0.434001402350051,-0.894746731788147,-0.824190024637023,1.55341601399983,-0.262820415830318,0.386685758923622,0.366521113308077,-0.850951467234847,2.03847812076013,-1.02995775961202,-0.579961220889495,0.0139372273017507,-0.46667254174187,1.4624286319952,0.458700770623187,0.537589983914954,0.0172980876051383,0.167169884233135,0.0107092300609978,1.15366941129909,0.803938759832729
0.404187019093084,-0.383205406601314,-1.25129614298747,0.726714130456477,1.25597999299772,-0.156408034470072,-0.497630117483544,0.467816215157529,-0.153277474278719,0.836235865679658,-1.4235294716008,-0.191579895397313,0.00633928300707774,0.623264691123753,0.58425538969025,-0.342189197260601,-0.0697468600181691,0.341521306270409,-0.502370433855285,0.704741611331918,0.0905101113486125,-0.480719736769477,0.265213666258205,1.1580248718659,-0.358580135886292,1.17193214840032,-0.171974517904079,-0.405089374528284,-0.237694584356446,0.281535635128726,0.832711540266233,0.144560328845313,0.177594997121628,-0.293782818274885,-0.573355457628524,-0.15461448359688,-0.785139436643246,1.79390918590768,-0.126915295129809,-1.7118211031963,0.800869956306656,1.12030593312102,-0.236311791839383,-0.828062531537853,-0.0187670952483859,0.637446982283723,-1.34168582194063,1.16705662038537,-0.776520425764951,0.570190570129598
0.33362100502927,-0.162429969033028,0.301305414369242,1.03999852154229,1.76531554326411,0.143668074037007,-2.36874633253606,0.420465452911354,0.23399250204484,-1.13731980820889,-1.14016848449833,-0.273875965909977,-0.150963937423817,-0.245800646013704,-0.159424274984546,-0.974260715691625,-0.319611232860375,1.25143027442627,0.601032224059686,1.08517130079054,0.204496374700321,-0.309746255927102,0.884155320064547,0.944207601466116,-1.18551752960463,0.602826788336407,0.721312125824391,-0.725632223237089,0.592568971719596,-0.932301775790096,-0.338077373020565,1.08656486121792,-0.783711970916013,-0.685189563951566,0.0503070681564363,-0.787914159136916,0.292760822720553,-0.456838141539255,1.00676531158927,-1.31977283538289,0.622946643389995,0.153266953659047,-0.226723228133884,-0.880766211586385,0.494557846779936,-0.537989385387345,-1.0352990236872,0.372163999011636,-0.152353118798705,-0.865355659712667
-0.265971999679032,1.48302347621797,1.25610617414844,-1.72286611062661,0.0344340433899019,-0.140315503328106,-1.15628083024435,-0.841627923266934,0.228596474031787,-1.21636786404474,-0.600156769703333,-0.839769726255774,0.460366762787493,0.498535594897266,-1.75312972783526,-1.62436043854207,-1.04448672865797,0.394857589482688,0.366267500666557,0.282535323296312,0.384108214591795,1.14179891818146,1.54028616668814,0.226471608520237,-0.777632738057036,-2.63551736023095,0.0976783913103721,-0.856168942768836,0.0453265266306258,-0.00240233350382434,-0.338065322415698,1.62462201291023,-0.909423626189349,0.466309126492077,0.756671803728148,-0.0309344984052341,-0.692921993417111,-0.598490343493488,1.0576133939585,-0.0238024816224657,-1.00319233882476,0.30144863927145,-0.450922229347524,-0.170948379766673,-0.901943377059254,-1.71695232185466,0.143712721822092,-0.0510165727930607,0.681859517724392,-2.15398954571255
-1.37567655710159,0.113741506135728,0.128948431229641,-0.238690649633837,-1.14639533779291,-0.493021014525681,1.88292524311588,0.389190719843432,-0.985332603878423,0.680966530170321,1.5753024181535,0.20108677550605,0.0101897321182082,-0.060477844821457,0.108935467784236,1.81109949338339,0.360857821384446,-0.994410012275557,-0.638466446172901,-0.54004633276255,-1.41675043986193,-0.135614627462749,-0.874134360954494,-1.0634749513792,0.539167591338899,0.506795957249779,-1.24053553070903,0.488382432435538,0.00430071120425161,-1.05193785319563,-1.67856439137262,-0.927704735111148,0.584658800836079,-0.138510270176025,1.13470503639034,0.191421627250897,0.712796720783415,-0.298747778445854,-0.408320362831636,1.61689920321145,-0.214340198985922,-1.28411567015659,1.21901430541987,0.487506063671993,0.835245787238462,0.51438403747566,0.719787417313368,-1.1119797951641,1.14687333142091,0.356902717617371
-0.232812198604212,0.0957004261530038,1.08232899235819,0.182958012018437,-1.11610757482338,-0.30230224052516,0.585762109516295,1.45126164178042,1.04785203902513,-0.60212689118853,1.47284274911548,0.757164346909892,-0.150195428998707,-1.58608077506443,0.885151423141584,0.865370743229766,-0.214169612751316,-0.646647631627182,0.214524537276204,-0.0586753486813163,-0.555043418861718,-0.275474351410932,-2.20419025832267,-0.994906798846301,1.75551077414595,0.21906235344588,-0.140232264738285,0.958898916247073,0.985785644257841,-0.586570561544331,0.413906051368658,-0.938444363608718,-0.472718874211293,0.810976390831907,-0.0821065994169841,-0.0314244402868121,1.76342036916231,-2.30983453644833,-0.256510707451007,2.68281160204312,-0.695430514396532,-0.954180871913453,-0.503969288109377,0.607603771238266,0.718971280122695,0.699418921255989,0.180102846644676,-1.56957887027906,-0.614634159972285,0.989543568415234
0.917319733206214,-0.504807157603066,-1.50709719328222,0.809725781807582,0.427763216500704,-0.368093358608416,0.187761319257909,-0.412539322646648,-0.391762110968602,1.17246555484867,-0.908313844013834,-0.3793956100072,-0.0777486496587916,1.46469784714317,0.726863466328979,-0.00108570780706958,0.438123236277774,-0.152726921523276,-0.378114041615887,-0.0536842264860575,-0.406916184475892,-1.45881881510859,0.528475790309378,0.923665169600512,-0.657476774279965,0.928177139690783,-0.502262520291112,-0.411802795310585,-0.579421260471698,0.333519526330696,0.98772857349844,-0.520003262079226,0.783832335346199,0.0010668071098265,0.465866813646905,0.459416871401215,-0.914926602214323,2.60796469144313,-0.854760788856548,-1.49529566407167,0.81196760986294,0.5451057270612,-0.0279196411995622,-0.690929753613286,-0.0732507221936427,0.505625101655776,-0.964217586284487,1.83239874787106,-0.297737596208549,1.30520044585241
0.0963179453522219,-0.309938236123842,-0.86810264577771,0.991979375544081,0.9861163786106,0.697116213661924,-1.16643038790767,0.562210087581431,-0.0138382223593322,0.643218917640801,-1.41052954452328,-0.016009781485155,0.262350885564002,0.49903875540288,0.121632652832366,-0.688478321485276,0.00877338468963099,1.13476354328744,0.0653227339562865,0.663714886185237,0.0553794708291542,0.00237377370451952,0.356854480142173,1.34000320760341,-0.809765180576445,1.16745221563939,-0.381699555752834,-0.0446399646057545,-0.0229647003683739,0.000900053296984712,0.813315653447317,0.145892739011348,0.221595246536748,-0.68486745640893,0.0457190226648304,-0.165981785337758,-0.0289616407033979,1.00861254197946,0.22432940322039,-2.29971469054489,0.688639725065508,0.300687847336096,-0.248334234798878,-0.754543403575752,0.217390945642722,0.465358762540096,-0.588040653213652,1.2075434118843,-0.38539775651524,0.118398839812754
