"V1","V2","V3","V4","V5","V6","V7","V8","V9","V10","V11","V12","V13","V14","V15","V16","V17","V18","V19","V20","V21","V22","V23","V24","V25","V26","V27","V28","V29","V30","V31","V32","V33","V34","V35","V36","V37","V38","V39","V40","V41","V42","V43","V44","V45","V46","V47","V48","V49","V50"
-1.04725182466865,1.28292920753881,1.94774443756011,0.00906259625480923,-0.786381569536784,-0.979630744239233,2.9959323845914,1.58919773466522,-0.228483253326517,-0.580929277341432,-2.35083645973635,-0.619904692176765,2.070227250408,-0.694840354409643,0.917481988389713,1.10364527843146,-1.72018044768061,-0.350769879559443,1.32919548411981,0.0133216266784006,-2.95405497549983,0.215395141946997,2.22520082624364,-0.0936146714159506,-1.9393359606659,-3.05427438376125,-0.533395544990833,0.354206439614714,2.9220845648171,3.00896803567477,1.86083568123906,0.0839559908006113,1.47454528989971,-0.996952829493812,1.05004381661634,-0.266320136807799,0.0581589769578021,0.872824996602884,-0.762215145847244,1.56604147567162,-0.353482456272224,-0.64248918422358,-2.34065569537978,0.530393297209001,3.02217832414513,1.78597726996459,-1.61645166075339,0.00456683395401011,1.41998447977799,-1.50261297529706
-1.2609332940687,0.874252894902974,-0.0625943451952713,1.52473402000502,0.896935535413072,-0.663358158096706,0.643633547014976,0.710050968570579,0.525022143881718,1.41058647493568,-2.10987031804266,-1.12618438787777,-1.86774793468757,-0.421074522293055,-0.181616383351984,1.06907775796833,-1.72163524512476,-2.18701519276771,1.99915104719124,0.08256162655678,-1.48123507906264,1.437089642582,1.39119739005937,1.4322504341097,1.44969814558648,-0.800059463482295,-0.488578275485638,-0.13283751720055,1.03668064401635,2.928950352344,-0.758358148151967,-1.23979927066262,-0.352404129213233,0.0182833767692551,-1.76189846866346,-0.817261791151271,-0.489474356986609,-0.543786171136122,0.704913788799308,-0.185087109577037,-0.422328651710774,0.732429933982729,0.126400852900754,0.879834568832978,2.03423401811396,0.0564288534237169,2.55743332874203,1.99180120951581,2.54887885569497,1.8019028778627
-0.0673692775945745,-1.18295852317755,-0.326234525870653,-0.487175142776322,-2.19290632676911,-1.74322568002731,-0.546380569890818,-0.0319767767270483,1.21520505816362,0.428228395438888,-0.138101564484996,1.10492470075314,2.01176401965424,-0.617070622959303,0.355810005688357,-0.407761474685793,0.730734698830736,0.824202768536307,0.659439484743548,-0.254456248652003,1.51133027094101,0.0430003777440649,-0.813656965056931,-1.2329102350366,-0.667533950515737,1.47665485070618,-0.135234949864075,-0.189304406849802,1.14282894704885,-1.05251525681814,1.95563601781734,0.314905550822771,0.361976789808289,0.459215825816269,-0.286226883985593,0.89443376629491,-1.47071996706405,-1.40420564690651,0.229334915304023,-0.846860029729237,0.166734862051495,0.439128984290708,0.895820710203781,-0.758078767743801,0.770361675373986,0.577330159038178,0.0411208616851768,-2.27860726972341,0.582758416867351,-0.0869673007152751
-1.27642503823611,-0.45981693154672,-1.72096383931372,-0.852003913155263,-1.10283359443846,-1.79127669718789,-0.703179224947087,1.26444806480904,-0.0110833033485593,0.249098623427087,-2.20061670632957,1.69057365398538,0.0700355957695866,-1.76420740896585,-0.431962768989997,-2.23616163117011,0.629862441736759,0.85823219357956,0.781869867449213,0.577442648215817,0.397834642665304,-1.45641754112432,-0.040658111752446,3.02698828777769,-0.376902530821307,0.685960217093185,0.659168946876798,-1.56079962583395,0.294410152554199,-0.0483005507637456,1.43195379753856,0.497410212683912,0.327602399451504,1.52740182841708,1.55044932241547,-0.954203494288416,1.22031348685587,-0.909351020610579,-3.04875329832822,-3.18399367259603,0.774025501068628,1.97606421416614,-0.113789765379463,2.13664526876536,-0.0224204209687139,-0.521056837035135,0.673016005113739,-0.722504558325197,0.109597469804945,-2.80478066092916
2.65372991246383,-1.68862441360671,1.62181366417822,0.691011307938144,2.31199915940153,-1.26280186969584,0.0683473173047995,0.887019433780309,-2.81807038156806,-2.1443325220413,-1.31396470980138,-0.651367180111536,0.746802766259545,-0.973205231265729,0.307770169209839,0.379723774236181,-2.12390596792768,-0.513779853721965,0.778651252526121,1.18668497448266,-1.14692743137304,0.539735511434784,2.55927720382224,2.38507385390272,-0.748856691645646,-2.06256587591632,-1.82611233909747,-0.524293792010474,-0.502798795626471,2.65752989376592,1.8047415608385,2.24248686300637,0.344857458526381,0.242823497847315,0.467975000059322,1.42135640708173,0.874287851868924,0.0150275662447878,0.969373780761958,0.506071427701152,0.152493398233234,0.506642932590671,-4.30690330460521,2.33420483286516,2.33332187992946,0.338278617654076,-1.84658651774507,-0.0702672297832272,-1.03999964243407,0.0356222021893593
-2.36241553574188,1.63283564655193,-0.680680112463964,-0.286922675522511,-2.22834956786274,-0.574555247063402,0.496198440561624,-1.43332648927173,-1.44546996321611,0.541497282792103,0.0812680352056804,1.49435103092843,0.102167687408857,2.10449041332838,-0.461090880730557,-1.58281528133443,-1.85684260252708,1.55444072785234,-0.0792608339047539,0.733158928809715,0.202715459873392,0.261317052755172,-1.63703179684843,0.708954337528905,-1.47338957548672,-0.307902798042043,1.02288104955751,-1.65196565205549,0.248703952346428,-0.768096667637686,-1.82164709164083,0.058243355716716,-1.95318208170944,0.486665534689388,-0.840097053907211,-2.15791168365482,0.615720550207012,-0.910238851456948,0.750993096171489,-0.918369921878533,1.50579054442887,-0.720099370205271,1.47952412826702,-0.391077054108086,0.933991218684204,-0.923871584469709,-0.71119466044738,1.12560445336644,-0.181545405958444,-0.621811087803501
-0.855502490315375,-0.564876855947699,-1.5279473753997,0.363323794204361,-0.53610770113255,-3.54559934236293,-1.63797437102606,-0.516389497554755,-0.322453214391332,-1.60367955201028,-0.500857793359133,1.51236900502976,0.319420280013898,-0.90482215117793,-2.03173492294,0.719401222823626,-0.798328676530621,0.263514816246009,-1.23755801553022,-0.273800996871114,-0.494329480370504,1.55365454005831,-0.182479527107465,0.125236798017284,-0.284287489627575,3.36827006153808,0.676963622365973,0.919217454507731,1.37295482116608,-1.08675515193128,-0.239634814170286,-0.384958037913734,0.415131093673888,2.49731023077422,1.79568100967775,1.91978964515019,-2.04047722441475,-2.3119084985542,0.407535231293575,-1.10886250468603,-1.85133165424495,0.17749588581995,-0.046886402046648,-1.17092158092507,-0.987053599693807,-0.460123984168514,-0.909894385676401,-1.2258375048496,-2.34609482237959,-1.51350421861366
0.0502968649352941,0.758233791534915,0.306864473278684,0.0472189053278011,-0.455334301518745,-0.170816597033694,-0.0286118570565426,-0.746433768561366,-1.22050222160238,0.172867483878842,-1.08786540390357,1.64261533151338,-0.392753313267423,1.50199110843412,0.27782277583055,0.515326848941468,-1.47193915505131,1.80551809319363,1.20908044765689,-0.363301548011333,-0.0995234466273306,-0.552474800904402,0.674907224880501,1.32228167097312,-0.23579167404195,0.885397911041721,-0.38769364398445,-1.72204369938766,0.939256799019334,-0.249055251770597,-1.54831049468611,-1.71845478927928,-0.57626922025059,0.703272589208043,-1.10226852411496,-2.47961530354152,-0.0081696195531383,-0.907913850755333,1.63512464097134,-0.088251848713229,1.76262623722989,-1.25282502744977,3.76852200237909,0.597550748147022,-0.859723205307793,0.957212106324386,0.359964844813543,-0.403311592446321,-2.08273852291419,-1.9821631881804
-2.21389621311004,3.02574459817313,-1.0510676850156,-0.0660497502419659,-2.0454738733016,0.2689471674349,-0.545260975456144,-2.88263170981844,-1.87040694110052,0.400997290201621,-0.301073012785559,1.18500702403935,-1.11242229240672,2.15537340381084,-0.0514175425669969,-0.927318274243716,-1.99300559126395,1.21501733148545,-0.356233989292214,-1.43064435671309,-0.90612876741753,-0.00553697798228139,0.237531570561812,-1.47050687802771,-1.36966624533491,-1.32476844223923,2.14330091933709,1.37223147622402,1.70905486976771,-1.98852168980296,-1.97006769828589,-0.46302378370955,0.048614250327326,0.0241909043739147,0.123502429582985,-1.56622980932187,0.00781815472117434,0.205309516395603,-0.643361478106536,-1.88246957673683,0.687904456878628,-1.72160397987424,1.61482313527533,0.992833923405312,-0.996872068556416,0.260942174650134,-0.15519670190916,-1.32358372217911,1.5490465229775,-1.92292530404288
-0.406753266167135,1.51672321406355,-4.20101978784533,1.09917114155623,-2.88157776957766,-0.502218853481438,0.397336698460166,-2.51832936906845,-1.67809943618403,1.90341659104023,-0.612049527752927,1.66176087169322,-2.15325928946913,-0.0407736097682279,1.45996716028966,0.284869615182393,-1.24485008301224,0.268738058478698,0.479523652972159,0.186231215110083,0.131487370153772,-2.09308965021376,0.249529820468728,3.24381832040167,0.90526121247132,0.51714871628709,0.496434267632899,0.227668296953201,0.324889647073689,-2.13439838933491,-1.34102383645245,0.581931243316291,-0.249354262343651,-2.21951397988027,-1.6326688218673,-2.11545762892701,1.35276456862489,-0.773966556834654,2.78219266118846,1.37280861869012,1.18828214264956,0.0327639074778729,2.09759102238659,1.90758391131593,-0.189476448787657,0.27989512410692,0.490399982936766,0.934228156464611,-1.24581386240537,0.443900471205063
-0.974200843503819,2.16347099964249,0.798882599711973,-0.911238593606597,1.95042432157355,2.43874119050147,0.654242177367423,-1.33307531338504,0.311245865319748,-0.44831731755257,-0.312648083917757,-1.61983095010998,-0.559015458128855,2.79014613008507,2.9395434141994,-0.638211789771366,-0.337515356571586,-0.973108132990117,1.57360135304253,-0.788526445011277,0.141702020507026,0.20487700145942,-0.738073055871112,-0.963310331223727,-0.657519880311074,-0.508744900222457,-0.512421403473253,2.07486625052157,-2.57656238990399,0.246663525896035,-2.45733859304786,-0.736070507801536,-2.45629480668805,-0.446703931977186,-0.75744263738609,0.272485447936368,-0.877692779659508,0.417029900626076,0.699858789951118,-0.0160104244387792,-0.686412111606964,-1.30358356681761,-1.18451109945759,-2.91453237121691,-0.248350797136033,-1.37336652721877,0.266051506538366,0.737568230272725,1.86050875102183,2.06314916562697
0.0754478875304561,1.75601139860936,1.58156770486828,-0.931248728756853,3.75952973357251,3.79528580685461,-0.278329276792284,-0.319866616873192,2.5482598357392,-0.848397111828984,1.2993141688492,-1.30544188081041,0.987698222704911,3.01629662117399,0.00580693727244058,-0.455496919739306,1.46685341954957,-0.957469032588934,0.168527411264301,-0.205131257197469,0.397158821277072,-1.75361656717361,1.52998490672015,-0.849418636700243,3.20387054244045,-0.841389625982939,1.0646604899571,0.0445277546151477,-2.57558825507348,-0.785792455142529,0.391435638843122,0.463137791759377,-0.119190441783038,-0.661801597098623,-0.696983121883788,0.751327337729744,-2.45693108355449,0.951776198835569,-1.6188031587184,2.35295199324515,0.451604808073451,-0.0802447461797418,-1.33265924557136,-1.14211019137394,-1.37669838143672,-0.666840525986668,-1.99273906663598,0.681229528424751,2.68842390252061,2.3451640959216
-0.539313026989578,-0.370371654399237,0.559129789072921,-1.13979722080985,-0.286424201634367,-2.77698446091992,-0.36092995380077,2.45787088027752,0.765521096968091,-0.195147016249834,-0.0661700154426892,3.37748031731928,0.641350160313603,-2.17071273341148,-0.554864593411089,0.958261106947043,-1.09978997324113,0.809246688889594,-0.171044619790631,-1.15830761676622,-0.612633528366559,-1.20000300391265,-0.788464011679651,-0.651681692763007,0.433436595270216,1.93588626903511,-0.976005003526608,0.59415696559237,0.736626842745119,-2.01434717934518,1.8682034987176,0.509746276540092,-1.31669205187643,0.365792103414032,2.75629071824778,2.30757577740073,1.80769773512913,-1.37819670464695,-1.0365682608447,-0.345064857155424,0.0306719445976269,-0.283660086454167,1.40502628600682,-0.414134596391373,0.373315192222205,-0.82454848323853,0.946387399826156,-0.506744102536871,0.00731895182370509,-1.09726729149764
2.57145227283037,-1.49292212705354,-0.190676710727832,-0.315078156396467,1.4885623529067,0.227239185397587,1.04732579473756,-0.483770984304572,-3.17117607306855,0.592180352900027,1.12501768378785,-1.61787108232123,-0.647318827927362,-1.21096031250407,-1.2746491397938,1.03280980297393,-0.380779511657927,-3.22908911965015,1.68985864023185,-0.957866233851416,-1.14149882405482,-0.780528317181133,0.111358367696412,0.364546868783815,1.0586247544304,-2.04346471677539,-1.72989256075417,-1.82929180857509,0.769066759475906,3.8327135769135,3.77077136857976,-1.6158694617722,1.41046528452997,0.56071454612991,0.77573671244303,3.37284733811744,1.25720699859222,0.950512061790894,0.829825382205381,0.682291406453837,-1.58556466839855,1.1452811544797,-1.38744691624757,2.81960166108057,-0.203775523086079,2.14515081200902,-0.723021564523548,-1.8077159967234,0.148513802920523,0.307932400145222
-0.0191048643295582,-0.543104203684174,-1.38159949409993,2.27052314762377,-0.165935284432232,2.99350805587694,0.532741327974651,-1.92694407871563,-1.74071779966853,1.1218127193178,0.502248759656507,-0.386202986210063,-1.89501655654264,-0.131696914868654,0.0502575122018391,-1.7878724153094,0.631083103827054,-0.543306716868914,-2.0665869001488,0.530376780473287,1.96057887884474,-2.66116397615361,-2.08542830996117,-0.0176985607711613,-2.21762381802158,1.08976462317011,1.26839292128412,-0.965629297965431,-0.994121016401665,-1.51550433359802,-1.71539489524614,-2.25752772486851,-0.734005224604866,-1.83884866731703,0.0668720028725884,-3.53851450710194,0.311723869120904,0.0221860441349374,1.44208998028019,-1.88216448340442,1.22187846880686,0.0566199077518759,-0.0659874518182148,-0.163104579282513,-1.03686326514176,-0.260633300475038,-0.977308382644845,1.22628171995493,-0.943488416294419,0.597561562898721
-0.214727774747965,0.771196140712867,0.428516728796622,0.876652049446155,-0.121196605464555,2.46770553962254,1.51978019339661,0.405260750138762,-0.701156995245234,1.31921915746456,1.49587519500281,0.526732095580484,-3.00818251722198,0.902838161622711,1.14274504411722,0.078669435168433,0.325908610021764,-0.172209934288774,2.42466320421641,-0.222024077671839,0.0858052568049712,0.349075541707429,-0.708039360542652,3.15836170802337,0.371705393704961,-0.943122070448197,1.7633792210634,0.14750975961065,0.0453484291405396,-0.849502856848289,2.11083862164376,0.898461131280779,0.670640719556236,-0.898175864704024,-2.22473041406369,-2.22529517147284,-0.0575054651387833,1.6875137362159,1.35721093354492,0.0490380707896444,2.41928922828924,-0.592463371484266,0.0300957922624781,-1.6809343757561,0.370843358112228,-1.67642534444621,-0.318247159984385,-1.59268049180793,0.257709087294688,0.911837144308064
1.16971376198962,0.245403838027051,-0.848939583361756,0.0968823387879375,0.84766889241368,-2.37738249302993,-0.167737342832307,1.023835552516,-0.632672738711612,2.81730738686187,-1.77492378203803,0.526185851014137,-0.575226738592863,0.423970452263009,1.0223993365023,-1.60054042004266,0.503179943124028,2.11087711554045,0.269726436001535,-0.0639153049216487,-0.484425771674758,-0.802911413567451,0.398649672954839,1.19811668720705,0.269265323234316,2.26372630029178,2.00754578725016,-0.678922635719426,0.126408221848135,-1.29080631880751,0.192301751142683,-1.66145278412097,1.87118115120085,2.45676909939373,-0.443587136039578,-2.13566504097033,0.592624825001964,-1.80017348160645,0.711322379665201,-3.17524752381607,-0.439839430845954,-2.00684146433591,1.09240756723118,-0.313896966042193,0.402144289228526,-0.0737203577580551,1.1339764518808,0.434789748839138,-0.27780730716666,-0.348659714621165
-0.628662050858295,0.8995922737028,-0.736895708571647,-0.888544759271936,0.569988280609023,3.22426949092162,0.547012439594766,-0.211415328546299,0.390505228242254,-0.203797656029579,1.30108294060188,-0.645038621859249,-0.66285469035473,0.84113852394529,1.17919276962675,-0.171323758865308,-0.240638250266749,-0.544727085174226,-0.367759778538388,0.33166205165179,-0.103096503193723,-1.02934399728244,-2.0910851877318,1.87741718042607,0.0451777861888341,0.95184390577086,0.162464390601138,1.71406589119707,-2.81735625182184,-1.21508715009475,-0.776261035904368,0.35286965967696,1.84542025732797,-3.55405562146323,-0.147099012819509,-2.70572356201943,1.70492062841601,1.6803452847148,0.474734410784706,2.16214752391751,1.59500167331661,0.38952575328007,2.03260036495905,-2.82534392961467,0.676761227056321,-4.57402948100028,-1.66692220021268,4.19751020409829,-0.545858752938037,3.38552144316793
0.0833739935072896,0.0293903004768894,0.636571083406568,0.292952402454651,0.112397175342248,-1.42754265041047,-2.92756142388717,0.120565615078039,1.15130249515973,-0.922646635932898,0.422899155085053,2.09702771049413,2.70438262586909,-0.33284389071416,0.130811188673639,0.332365973380093,1.12209974986698,0.562091303578143,1.4771134619266,1.03015968234656,1.23990843682791,3.19716280879418,-0.830495349364069,-0.550521590967943,-0.287145311715273,0.185023001903705,-0.557174792416996,-0.276610137594587,-1.29407346013096,-0.0646131257395324,1.03243483239941,0.975656225924172,0.854555443733926,2.44357676039226,2.73050056601782,0.80658599346563,-3.06570195000665,-1.0345214223807,0.087897349594367,-0.990619081365627,-2.39162386738828,0.538996094248457,3.17315982046447,1.72170590595747,0.32582946959817,0.52167909800643,-0.137748810664023,-2.16385710520689,0.346063618816071,-2.15224495049194
2.16729690992939,-0.141546787473463,0.190612404946538,0.405225009153343,-0.762789672748756,2.97382191901879,-0.386502476349137,-0.687858380185642,0.480765266314253,-1.17982901466404,1.7618666938679,-5.19286113452783,0.892469815233608,2.62887034385385,0.222960521914806,-2.02886675399321,-0.277267854312683,0.544159645671686,-2.47023605176284,2.84821232856992,-0.140768902681921,-0.629031155105055,1.65823494386152,-1.73802390287102,5.17297104842967,-2.07566794676839,-2.30813149774771,-3.87519460596921,-1.95969464564813,-0.894637599566279,-0.479858098970432,-2.55492865490884,-3.86794512096086,0.798366859614938,-1.42231858968007,0.904661240681209,-0.631624330940294,1.66303367359839,3.17509652407436,-3.25638184805529,0.510795061225449,-0.583751072946091,1.58975993533162,-0.320888526304784,0.856209694221382,2.58136889062859,1.72051495508298,-0.986191720673387,0.941614085088252,1.79407486307531
0.279270350793821,-0.885436734158111,0.687936225731982,1.78339960587937,1.50168129912278,-0.232542130980668,2.24591493530228,-1.57100303579882,-0.480941209732962,1.05624202467188,-1.80935700325563,-4.12542768200619,0.255317701804592,-1.19151106644084,0.194608811818738,2.20836450071164,1.22194705719025,-0.01870266470269,0.613379917129797,1.25058717772006,-1.29984422729646,1.95121455087403,3.17141496487076,1.1136189834783,0.0345806876043536,-2.25636975076057,-1.94591109257431,1.17233565056297,0.665344038141559,5.50478688795318,1.96304765304022,-0.69891789369996,0.145490375340443,2.00433871929667,0.144387260446193,-0.935672816194124,1.54448099036107,0.541909107157154,-0.253450724744665,1.06878807695268,2.22562471240148,1.01135390527871,-1.69338837384165,0.743962707629998,0.045125095778331,1.26136513984504,-1.45245059014237,-0.610976636263742,-2.32361591374497,0.884311994754643
-1.2538613771232,0.29577466693915,0.413673360356004,-0.174314841058824,-0.981458640895044,0.408539289800055,0.463050172851536,-0.197334492995197,-1.9957631381125,0.877202476653604,-0.258470956594352,-0.128391900532903,-0.955608147082507,0.0817857187627713,-0.949892085683506,-0.0944719971725538,1.10757400256242,1.09594158369642,-2.17452296697647,1.28476962940381,1.29635109342767,1.44017598618172,0.760563620095104,1.19246348228637,-0.768960587884234,1.54361692040111,1.64148821741577,0.287842406990848,0.710197667840601,0.00173634242865915,-1.80548313563601,0.0333968183385253,-0.561027995453484,-3.65080630550081,-0.927445957541583,-1.56791170975134,0.428609732465518,0.709303921162069,0.0950317019668676,-0.765683392065879,1.88560818565734,-0.337281072517207,0.950879928215686,-0.606876096765002,-1.99096455560951,-0.571529924606389,0.588614683379883,1.98500641785864,-1.9944464662064,1.15095977234786
-2.33382398741939,-0.973251687963411,-2.15231925561044,-2.52618131010223,-1.9645623735578,-3.03052517750304,-1.03663289762707,-0.174402431021202,-0.110361881390494,1.60915277627506,0.35763330012406,3.50739547652613,-0.515877430424915,-1.54567726847198,0.727078219372599,0.289115379016074,-0.576785579621578,1.37223738149231,-0.887331107525311,-0.464588831615245,1.21398787192019,-1.69293917832496,0.930413925358906,-2.70079631009498,-0.0345599612339087,3.45514387858094,2.06133196635495,-1.62092156213468,1.20711681385184,1.50440364458113,0.895832124791281,-0.404852313937459,0.311190873518716,0.649790396925574,1.09326020195287,0.989323092803905,-0.914684972107158,-0.66204696116659,-0.957387936638518,-2.59078423509972,-1.27337494289311,1.74489724476285,0.879018767835148,1.20124876120621,-0.803796381673508,0.148808186591759,-1.60018422585293,-0.695829851760964,-1.62608964024424,-0.767020490027303
-0.428343329407312,0.325306205107365,0.123561972262612,0.515832048988565,0.422576903649888,0.159203778794501,1.04712224234124,-0.990021638631529,0.918060842995425,-1.54629942391168,-0.287045044086942,-1.61655538877748,-1.52480375729647,1.6627095351789,-0.0615989557893554,0.370009995326007,0.90363699032827,-1.43585905600782,0.750132631227036,0.387873815053136,2.12269025790228,-0.529368209985414,1.55671967865282,1.54619022599893,2.18354589109354,1.20193222095263,1.18371592454468,2.11353605769805,-1.20900615218303,-2.4911600903024,-1.06808379863094,-0.954687508515281,0.560325546101733,-1.07071849344373,-0.0322814916597151,-2.01400224993481,-0.0644954647812139,1.18150606528984,-0.666595898091262,1.54819423683559,-0.368171853765397,-0.619652964993824,-1.84339542614149,-1.77369392809693,-1.36646191788044,-1.8320164987863,-1.16005624612922,4.18740147498941,1.43196772804879,1.60180552073251
-1.16400532678125,0.265678287798666,-0.190548040575612,-1.64687820689984,-1.31056386239674,0.896085172765178,0.236772996103784,2.5467633338224,-0.291363707563504,-0.201146563826364,-1.43499031914805,2.60795559533475,-0.609144876746438,-2.35894960416148,-0.971016229853012,-0.713631335331925,0.527875081850847,-0.0949208535326257,-1.48353922453444,-1.31898715393117,-2.00856140144446,1.08930601768393,0.0856659507026768,-1.28056161659778,-0.654668270556572,-0.421614044830414,0.000812172669254554,-1.18062078269807,1.82035010214329,0.716047745896097,1.06934198596851,-0.886733924157585,0.53419231167779,-0.210757528289313,1.21635726880743,0.961746740306832,0.459693825882543,-1.86544442510023,-1.89069398201602,1.18414184293953,0.433489340015755,-0.200222887185971,-1.07774411506857,0.770121436220121,-0.958770500703078,2.1963932414266,0.832488860510757,-1.39169835370893,0.141634873322116,-2.11192858162909
-0.402023321206933,-0.479993726949179,-0.468449509602983,-1.34730532565874,1.22646024652526,2.45026090545899,-0.691193315454832,0.716921237445029,2.19985348448906,-0.127625497289704,1.65057735347662,1.23125719184782,-0.0462763760470781,2.63437237960227,-1.0907338429252,-0.754240635953254,1.80017432814179,-1.53673614811683,0.565971706290441,-2.37511352746678,0.32096573994131,-0.399003296282476,-0.43718096306236,1.66889531814931,0.742128237874887,1.75696868690536,-0.428343137211056,1.36787039817007,-2.09680947036599,-0.972242337551889,-2.76102338075298,0.16439202881661,0.497716410317094,-1.37149777956985,-0.349144016096485,-1.88097109598162,0.552613601755862,1.1791284676546,0.77747262757996,1.43352848429758,-0.08975566645697,1.50709674821322,-0.667595447853031,-0.381757362909236,-2.62436017635281,-0.678296260658601,-0.171510540111412,2.80714506878816,-0.382034988835572,2.77581404510981
0.815523854731624,-1.07419302567328,1.16022522267197,1.06503108345448,-0.162549947132425,-2.45847050617999,-1.11967658217873,1.48170680776601,-0.358187195381038,1.21365282661906,0.0762017888937925,-1.43803938397438,-1.01281642555187,-1.15564974217221,-0.683167156177672,-1.17011526381216,-0.571818860915548,-1.77868159941178,0.490332783324793,-1.06489740108362,-1.7574426730439,-0.453180478316678,-1.45963731262983,-1.95521187843373,-2.25964296385172,-0.239185686633962,-0.911139537136127,-0.422310274141545,2.95347982362416,3.33921186625978,2.55269345699429,1.57721274613229,0.820284638507001,-0.442824243833014,1.76276265588598,0.88213995410598,2.28841875046054,-0.181261146355645,-0.315119671010178,0.513972672762048,-0.0545528678162012,-0.273511802182134,-2.07121369700919,-0.487183883926605,-1.78452648118543,-0.46557654427663,0.238984114557118,0.76356536769521,-1.39538242022256,-0.36483509752856
-0.118261835899437,1.50017033206079,-1.27494950434923,2.06030308326536,1.25604491266242,1.22567983696543,-0.016506277304342,1.32617477794932,1.69467798884847,0.378804523494645,0.689470188178682,-4.20345056959577,0.127732020999145,2.55847897298752,1.02212604740787,-1.17189635551155,-0.806135378846661,0.0649272486645794,-3.72259333432424,1.96940872104919,1.13421390461826,-0.0760368983568625,3.80999706943807,1.03347688952848,4.6003143764326,-3.59336629327695,-0.629847496788824,0.499614893025073,-3.58617026106547,-0.57216417244966,-1.30005260977318,-1.50827069879095,-0.911496449452331,1.63642763245471,-0.597604025263833,1.41168519996244,-2.05486211185247,-0.105145618142064,3.10813139803378,-2.11963770555424,1.37925390390254,-0.592825230647954,-0.892051928001701,0.131181044286217,-1.31534011715288,4.3397365943414,2.68839631285004,-1.92834974974412,0.934007550698802,1.13953593287793
-0.735064540874921,1.13337718053672,-2.51718044845572,-0.833185596611658,-1.50379374827355,-0.192109854953731,1.0127211699926,-0.152989726573708,-1.87214553560804,-0.0133991399576077,-1.9865250391047,0.547221890796665,-0.0400532598440044,-0.560610407601147,-1.15883734329338,-0.470103500110928,-1.83527167212678,1.17202333072372,1.01564505231239,1.04287272455621,0.201962755280918,1.36823791575808,-0.910395433577662,-0.132128163166338,-0.676216346916644,0.10172992683519,1.93573096244075,-1.6931610196006,-0.915357701232059,-0.108252091630638,-2.11433543493027,1.0567079737751,0.7688414945572,0.749073757718431,-0.0795397957734628,-1.32132972242133,1.57953777894547,-2.55547242648816,3.78488935693909,-0.288960177101228,1.47291520271525,-0.892997656069132,-0.0480367374595196,0.211151912707908,1.38529681344631,1.70968180561211,-1.51703425120754,0.0807044640256318,-0.81551797048669,-0.312631315694396
1.37934015785671,-0.297811908184872,0.178927161278867,-0.42534711940977,-0.305684641313443,-1.96304424102248,-0.0471525464739986,2.3351650108338,1.5136832538074,-0.0809713165874872,1.60979107121454,0.113938038210313,1.61155391266958,-0.844119684972547,-0.738759658463919,1.36650579683238,-0.421932191829732,-1.01140769060346,0.65004455113124,0.111720425283736,-0.899743544142372,0.288753168345088,-0.428928197060078,-1.49598165437609,-1.7664215978372,2.71391164150684,-1.63847015490004,1.02008859353758,1.55529351398252,-0.603673002794646,0.603559861010023,0.856552798976297,0.55396967028796,0.927125308481909,2.78193481708284,1.93241474491948,-0.687514373147245,-0.953764241158529,-2.31992506466114,0.54514746842102,0.0611440730380799,0.780759022601784,-0.736174796544899,1.098825132325,1.00581002245116,1.28763165971301,-0.389630464074982,-1.01348232846564,-1.22278235702415,-0.153824451005548
2.03080002350861,-0.370462303962283,0.890710792753758,-0.306922327764285,1.6268277134114,-0.650063362607671,-2.38665118815837,0.951978679294161,-3.06409544752937,-0.737756472711636,0.181145105722752,-1.01647056661056,-2.11233513712813,-0.647388593011145,-1.3265912641114,2.70656119688799,-0.814447061480411,-0.97763033683845,-0.0380287658308265,-1.53533599795565,-1.33916370569115,-2.04145100065182,-1.01857261436431,-0.620882787618885,0.612912335534994,-1.26696526697595,-0.6566357705251,-0.214039563069798,1.7901750032161,1.82135057758218,1.54137423020933,0.571195691651798,3.29440463924439,-0.0637937344905705,3.03869111794779,0.813055162103633,0.641567939699372,-0.285953398953072,-2.11781275225773,0.113935588588338,2.06803707606393,-0.0349719894309846,-1.60303125715872,-0.416147464890431,-0.401602868975454,-0.133057301159059,-2.3256834147973,0.050369541400999,-0.732306949300872,-1.69406846152885
-0.376211452481811,-2.60791391050727,0.280747335262388,-0.61896819918586,-0.971027054997746,0.118933582321113,-1.98199186331939,2.46396309665896,-0.0453133642311932,1.26873948708899,0.30395970999247,0.190783998029889,-0.486875586001057,-0.858901748870196,-1.55976141538128,0.112872904728624,-0.21594625913667,0.453665975275802,-1.24645955858949,-1.1923115119852,-1.0044306073671,-0.170281447379393,-2.58166302663324,-0.387087405118849,0.346634428890375,-0.220444190397846,-0.36501950390376,-1.04717597951975,1.26720002380962,0.0262887478170813,1.56292725867232,-0.752043122165447,0.997442639081872,-0.230153147453242,1.51206079958671,1.52968760814362,-1.06684284509345,-0.195053257799454,-3.22124350257868,-2.70420502692747,-1.37876837621322,0.26804113051404,-0.904506697915049,3.27164900161757,-0.151377958476277,-0.0475037320046835,0.580752541950488,0.463421844501289,0.537546397871895,-1.14831600690631
0.915840267471031,0.570908714925667,1.9747214295005,-1.55393401217136,2.55612998333565,2.92162112105218,-0.46653098750695,-0.0213029468834945,3.37168002964754,-0.467402738504053,0.688472316836359,-0.709181088259385,0.501930634738119,0.153154803837837,-0.106254517912796,-1.92303013971421,1.22253821768257,-2.64713861945734,-2.17911082198596,1.82645499344079,0.788482184385434,-0.700783913076981,1.68055173751431,-0.786356445379529,1.42775328902998,1.23523708981109,-2.42761131392687,1.27270332488046,-3.05459510803637,0.586909420925004,-1.11125136349407,-0.387955914919043,-1.08196337506027,-1.51951230120336,-1.76550480216484,-1.14193256428275,-0.0950110338137458,1.67654243684337,1.76965863379307,0.985402352089317,-2.40091759242202,-1.81242356354632,-0.19912927931463,-2.55149718381965,-1.22337519864992,-0.112681023830517,1.49735088881721,2.61425374444558,1.863613274,1.27052992052982
1.18706106656148,-2.69078168055301,1.66516968521298,0.00400122159737834,0.0772415381062894,-0.15329282656964,2.05657597753763,0.209628813566343,-0.777105297811579,-0.552138171811605,-0.783972236802142,-0.641041756545781,-1.84589565239722,-1.22110213498873,0.288923324413034,2.79449987002084,-0.848291672720584,-2.39127041186625,0.644408475095683,0.599019354978707,-2.18156966302438,-0.410464585672688,0.398452689173064,1.01261140562985,-1.78208099986224,-1.649289463502,-0.0790945925881605,-2.65589871519021,2.51945243167368,2.03114158203669,0.197430554069225,-0.173126445404935,1.68665043959412,-0.510738575482086,-0.0863020052466213,-0.994920343801948,3.46928209244757,0.47028151848614,0.0956910936258489,0.253730118266195,-0.959440246372682,0.869105774483421,-2.42434100222018,-0.194683767896318,-0.567717863102776,0.781248487771956,-1.1859986433221,-0.232762062281986,0.98605081459664,-1.24887262515938
0.932238425401477,-1.33875676218036,-0.763503685284079,-0.626281063479403,-1.76429348709906,-1.74655673739636,-2.14079154868195,0.725065652917202,-0.375981108723867,1.99177788375242,-0.0619773817216633,2.23398917251216,1.74089216744167,-3.09337286963978,-0.967425446460397,-1.43103610866185,0.803790887437337,-0.0670850402158029,0.176919912668372,-1.71038948405656,1.44027798644141,2.06478447578728,-1.9110720161074,-1.73027578186133,-1.95341585017802,0.285778696985427,2.20294032760834,-0.835406303586283,0.966444711563047,-0.87215557669931,1.83903759799231,0.372857885962753,0.775831809512318,-0.849418405092567,1.27496538167238,2.26136143750944,-0.450236608048135,-2.06045668065999,1.37286508651967,-1.20109823182597,-0.462542561887804,0.297298338381104,0.599301305049029,0.289579460361119,-0.431649445667423,-0.430625201336828,-0.983948714497217,-1.64376798015525,0.0285038229994492,-0.16297469276975
0.321314223854997,-1.08113400760452,-0.087292603767021,0.462349225437094,-0.705257949783263,-0.892962558720749,0.579364408679587,2.69596057502263,-3.87542917105618,-1.61914261405623,2.28864196815828,-0.855489863150919,0.774215055644944,-2.84281867602736,0.245875310451641,1.47938498786227,0.374663191218023,-1.44090471133476,0.913425251528086,-2.51351495282542,-1.79591398469376,-1.2229829896102,-0.622026241280094,-1.22868163359468,-0.632725850211539,0.611414430860514,-0.521616093577048,0.207954231841843,2.86982413953405,2.69154473901758,0.834398338689964,3.25021676947302,0.173842620359369,1.54855636056373,0.43414500594175,0.680174994594241,0.985524009921794,2.21764571350248,-0.110483739311748,1.00102338701448,0.0144618632513636,0.0533695054305451,-2.35966599259132,0.464842407504586,-1.18201298232528,0.701610171545476,0.574427464163627,-0.429112704610241,0.601608370398665,1.50116245861924
0.38922843351951,1.88663728749932,0.120066673062816,-1.8052775887121,-0.0556353843305991,1.57701163069202,0.562111397594124,0.327427062732083,1.4674898767553,-0.807591201516228,-0.801879275326332,-0.239517915593818,-0.450139842586872,-0.248286699983214,0.425797447244255,-2.21391770469842,1.65597758101108,0.09486622199146,-0.208347732016694,1.21218686929911,0.520543753657611,0.894678505897375,0.583043678183167,-0.495442634443479,-1.89863308308883,2.07991395673531,0.999483939216626,0.958396655274787,-2.2396068557915,0.167040948059437,0.551600048671608,-0.252563987521519,0.107757076632412,-3.11880652460049,0.781155881314284,-0.513959417569381,0.892800716034162,2.90126240811641,-2.38303748195823,1.39303401567153,0.810843015884991,-0.320612469868272,0.520726562151874,-2.82369776789503,-1.01491595030232,-2.59732268068335,-0.935479142874772,2.57461373750586,0.424680014438522,4.23020935852153
0.0236072466099128,0.137351193838857,1.45446940467363,0.557305886891862,-0.136491191330889,0.0768882004243694,-0.0864396015159321,-1.59792798745527,-1.37346377934297,-0.788142364704595,-1.18595732035472,-1.62488980028213,-0.122264323152509,-1.80039216294438,0.817178793988742,2.85958526760222,-0.406866115623467,-0.388341582024338,0.857803424840997,-0.860216830425232,-1.77341486322794,2.1924469276408,-0.319833344914952,1.62774488881252,-0.772934940430861,-1.20722300419279,-1.9441368306706,1.25840050801749,1.18956346625552,2.47299133830683,2.63306393294724,0.513115423041573,2.27525725156189,0.100225116351222,-1.06016589805747,-1.62941628921088,0.228622507902786,2.31612732090693,0.973032870111482,0.456406683744675,1.00664404537734,0.329786651243277,-1.12398139263701,2.02706863777246,1.25231680831551,1.37296019640122,-0.66086477733231,0.0609826257801405,-0.264639716256247,-1.300762408822
1.08858596592429,-1.519399996209,2.33826480997926,0.100559667563461,0.597546855832769,-0.176627677156637,-1.11549067108046,-2.43303009018203,0.160904766188412,-0.230284784060823,-1.06059130813789,-1.07906615708064,-2.19693452397378,-0.547372644994109,1.85831830456539,1.79367780555427,0.850898430680024,1.60737255869855,2.16832944329588,0.424673004206033,-0.973001895886193,1.76580062308934,3.60554927915499,3.00629263666376,0.0768556359982672,-0.431364188648444,-1.64791822944546,0.27185692739899,1.69792286805177,1.60771955247826,-0.0174445830242853,0.119895255807931,0.080510207783089,1.68151975230378,-1.21725328902907,0.741141043962208,-0.198344693478445,-1.21545192277829,2.14098866178581,2.44457194798267,0.119870712479266,-0.120710405150231,0.253189960352063,-0.761846775589598,0.828750730318286,1.21696575496826,-0.503973318326371,0.420280115897988,0.532261427094094,0.431727338718046
1.83203973556904,-0.110770676813473,1.17620164326275,-1.78958954205412,-0.419721716380956,-0.148654013405075,-1.96899161281298,2.44737752392715,-1.20725788378974,2.25237027275078,2.03880289496589,1.01645492111836,1.53234658496134,-0.510905893558333,-0.334997932826745,-1.28995190029289,-0.0646795130802212,-0.214571619695202,-0.267912828179989,-2.37239239499981,-0.00310944713147198,-0.754543039293644,-1.29714822057562,-0.780692860632925,-0.91430124107964,-0.425355442075313,2.27798208348381,-0.603155117971661,1.48613327648345,0.958748373240072,1.76266278742966,0.135613037731202,-1.53104634141425,0.427998007897328,1.67551610645843,2.16654953500392,0.465570529580556,-0.742456535510244,-1.49609490356935,-0.708209261552298,-0.232149645681311,1.49628136935658,0.467961333147045,-0.775281682060518,-0.958975269980124,-0.632606673027742,-0.359931181520169,-2.96890425964472,-0.100077226619314,-1.45280498813757
1.00026362877107,-1.89108105063003,0.732578984616198,-2.21989465840307,-0.128271977193126,-2.53877079033812,-1.40888306758436,-0.0958745676388742,0.526744585141951,-0.470130639024074,0.672959553853565,2.34447589096459,1.65047919521069,-1.06719344278744,-1.94408110739862,0.228064363653108,-0.24739435907752,-0.093141068324728,1.83409405823947,-1.08594981901626,-0.167230539662136,0.921829333741653,-0.671387818994321,-1.74407839593916,-3.85047362705921,1.25903489861898,-0.453664058127864,-0.275734992292987,1.22240874349194,-1.61357710480414,-1.06050376536678,-0.775238638227325,1.07433620737677,1.11909103297896,2.32801696464829,1.84338161156814,-0.650229533593751,0.761424536183443,-2.43794486965896,-0.205983627914353,-0.0316012438089251,0.221720983922497,-0.18504202955472,1.59125229158253,0.968890447509979,-0.381676603287635,2.68030571260277,-3.13147215954231,0.8491069253187,-1.4899613784085
-1.09598038896452,-1.61845386797575,2.35507951279096,-0.53713872766396,-1.45755689512498,1.24981174501873,-0.627681974375845,0.925309508660441,0.469984554659906,-2.28797563080819,0.957227613080851,-1.92081966744938,0.329016158747944,1.96996753562639,-0.1295985796441,0.0574838935900095,1.7958406085064,-2.77246876413456,1.24571984467643,-1.94816401718189,0.337600947161839,-1.40702148596663,-0.461163141665091,-0.712892078691672,1.41438979090348,0.656668020446049,-1.24088748049467,1.00192549750234,-3.84312329976617,-1.17540354027778,1.04729260889118,0.628028147968163,-1.73294404740417,-2.93516156235166,-1.02043901354914,-0.16307082163809,0.842879894746026,1.46438404319501,-0.138935482147155,2.18879731373088,0.590572368420454,1.00272659554771,-0.792350106059613,-2.144316412544,0.123165289528517,-2.14393222468492,1.01400848651611,3.13365412751002,0.677338234907456,2.17705629261138
1.14322466464412,-1.31229386564298,1.33504744483614,0.595068492443724,-0.488919746141348,-1.34459006845476,-0.818477502302395,0.508852715438353,-0.813154122282972,-0.407101882840454,-1.79550115186789,-2.1460078774648,-1.30568431691663,-1.30525800452518,-0.339975332426889,2.16721301422419,1.11242025616474,1.3214806907413,0.319718680441822,1.35147948105812,-2.68429548881791,-1.22808725600687,-0.783350585001185,0.754355394925911,-1.18323114170681,-0.718661442497915,-1.57624388676961,-0.0635403215794187,3.09462502079462,2.15307849352949,0.24735082225854,-0.351317430065193,-0.0452859261308133,1.38918055302441,0.0818165640982917,0.521798485449421,0.65418417611641,1.15895766770955,-0.170171023225201,-0.516964524172674,1.52580182411115,1.29159583163063,-0.762130543548539,1.64787724493709,-0.0263682528304835,-0.700899219921442,0.626349469798085,-1.45679316962992,-0.244024204742432,-0.761248762500265
-2.09152801144785,2.30845655203813,-0.964705853634541,1.2214157492526,-1.60098525388058,-0.626398057073825,0.00253624767179159,0.455775867580993,0.377673805990164,0.891709393212772,0.913500514007781,2.59794721010872,0.941785319492372,0.632297921430299,1.24077037173832,-0.533943008221524,0.249062788391266,1.4903689316151,0.0185656459945113,1.32709657544294,-0.214568054399878,1.38654173349956,0.9633925955053,0.59384665226897,-1.23339736528327,0.124458073939466,2.87223827805338,-1.07573479285026,0.598666829394272,-1.11987099241369,0.178164094151839,-0.860698013928886,0.465943880301359,0.281051709673686,-0.823491922682547,-0.491316954336684,-1.02419475046536,-1.98955122464968,0.746626577130992,-0.654975825396333,-0.47028160714198,-1.2738133945691,1.63636513881323,-1.12022918966724,-1.59657073725473,1.78135416568594,0.565834271209872,-0.424215047271323,-1.59949186768242,-0.223378466543325
1.47325324242615,1.38615052148579,-0.622939677300279,3.16051589171451,1.43669048041924,3.59325543654464,-0.441549000076986,-0.509133602993262,0.703228370866681,2.94484641923521,1.56354352221872,-3.16373572355952,0.736808757240337,4.33045537105457,-1.35975403416553,-2.34020524490337,-0.484924614471193,2.91787332495651,-5.0315611658034,2.12736281310816,3.49256250731043,0.268953734841241,2.96072705198899,-0.560088647190424,5.29686348388936,-3.6893410453995,-4.18060717943689,-1.44659185418667,-2.69458065906006,-0.569727263964065,-1.93628408445959,-0.2246925601242,-2.14053022081331,1.28181056646741,-1.57749579099095,1.14396192209108,0.564135016746545,0.366307196565097,4.04694238072978,-1.11209830616784,-0.639681522433002,-0.88782121687311,-2.30692405769754,-0.658328232439258,-0.548428578698247,1.69586377642152,2.27265092063293,-0.545272039632792,-1.39947631072521,1.64160940882049
0.257606245624512,-1.69221435504756,-1.35951222384787,0.0250630286115661,0.448683908836493,-2.13761860910162,-1.05747278212794,1.47616266910342,-1.89248614476665,0.852395935206298,0.121528324641417,-0.151837679165917,-2.63903815224697,-2.55528352443486,-0.388210967033682,0.508752556880982,0.00621987076864935,-0.329833195673471,0.158202055835225,-1.79983865523916,-0.256792120766959,0.638700159975267,0.956546217833633,-1.72242375944007,-0.764907635190094,-0.408336636470593,-2.38534139520831,-1.0996566590622,2.56995222602121,1.49179210185628,0.0752272933641575,1.2214430906325,-1.20532437340234,1.79385427723233,2.92567262071234,1.61995172679026,1.58225315420403,1.05261889359915,-1.42523328353332,-0.543085828192083,-0.326864310734519,0.771349436218804,-1.66668565986897,1.99584406740464,1.07801283532421,-0.417012327807027,0.108390617399464,-0.99213533508923,-0.435289650562955,-1.16721477152635
2.04765586808692,-0.472913642345066,-0.41294506429338,-1.15079628898002,-0.158719762799908,-0.200749964193904,2.13890933276913,1.33861166158746,-3.16893157035392,-1.0853393671166,0.24837349122334,-0.67637881545256,-1.76958208646037,-0.802448053065115,0.695368584031967,1.22877134239365,-0.819803265988834,1.13195326121959,3.69886232910019,0.833596280677824,-2.35179980688839,-1.75138363154299,-0.915938116726228,-3.06625585638738,0.79841142833164,-0.382023937668272,-0.382008031444916,-2.86514515350692,0.69896266396849,1.384629274468,0.558157867202671,0.793295667035326,1.62597502649173,-1.8462088748386,2.98321240981595,0.510794557787038,0.888294583580499,0.910490752690061,-0.221132195901626,-0.848087302592241,-0.440112572268784,-0.133971849897405,-2.1778066226837,1.16479209832351,-0.133922376087737,-0.211397622949327,-0.307305055284589,-0.641229720478624,-0.109609743057541,-1.93971055162673
1.34435595393111,-1.56838052078679,0.926859666407402,-1.17273115121145,-1.58583637509826,-0.348653032951774,-0.106482895909948,0.106426664084158,-1.06975147221799,2.74628728137066,0.803795542813327,1.20143606882581,-0.364295037071357,-3.08268288813189,0.0185938346127591,2.39931907799809,-0.750358710764903,-0.518024112470243,-0.431154653172318,-0.742683353993685,-1.32329327374774,-1.20735314617729,-1.29072699549391,2.22037419966398,-1.89880765349847,-0.245513553871763,0.224166039632151,-2.28735833248311,2.38253199502241,0.316139139018014,0.31194893072996,0.452379098551835,1.24196143956152,0.283755783807107,1.18260469723729,0.624819353122688,2.32205450304664,1.62128890442052,-1.10315869299575,-0.932689779352732,1.56939157545267,0.779842414925594,-3.03813731267392,-0.303168531182887,-0.0792748816099621,-1.07840899603767,-0.510920418732855,-1.92888356457306,1.61143874897682,-1.18850771974116
-0.392416367304027,-1.03739314575032,-1.46700289959142,-1.25178856239354,1.25098484851036,0.396055997418914,1.36194426108255,-1.20834583909018,1.18144999075945,-0.678530508436635,0.0784273381981539,-0.966683283595316,0.426974349254315,-0.415823550988376,-0.0573987086500292,1.23068046815314,0.0301000650335126,-1.04934800773667,1.29936272432593,1.2441293476211,-1.64486670338548,-0.206429865287949,0.171694061502491,1.70939402857238,-0.52586047829358,0.83652859147686,0.705608884688305,1.59190444455286,-2.32183379048401,-0.128551704778631,-1.40308658028082,-0.769347544909718,-1.71256788101889,-2.59732189771131,-1.33070533400979,-1.78528313150172,-1.42046087021832,1.16531049486266,2.05435606597008,1.53722514355205,0.588149677700149,-1.35366651152459,0.782393621981549,-2.52349411872711,0.923433328760141,-2.79150010267893,0.052843577551372,3.24553060121444,-1.65188272589226,1.8800574394739
-1.97900196627325,-0.160421629744725,-1.09453569362675,-1.16583547814926,-3.42525447093983,0.413628355176485,0.710283921856805,-0.0551926578310032,-0.155081377781742,-0.800597626212729,-1.94591498992616,1.46350066366023,2.54831022278769,-0.214224669557578,0.31821403067155,-1.49095442869144,0.343661197394856,0.998895456798216,-1.14446874117642,-1.0057540068004,-0.179426099664294,1.86489409483968,-0.301913677192597,-0.404719939380789,-1.82410904720836,1.64932755931162,1.54831180151721,-0.858736858648942,-0.473145901474989,-0.719665665581324,-1.09531678618049,-1.24686311175155,-0.329035185427893,1.67672219205222,0.847869366184188,1.80562963176102,-0.225165398343104,-0.259327226894875,0.593268804065606,-0.795483116929022,-0.309174077744281,1.2895792415154,2.17738630703835,2.17392183814746,-0.832696212815197,-1.10068134911203,0.212932976035698,0.0306261956574147,-2.55409054641567,-1.9602702131061
1.00275541211486,-0.54435455784914,1.16788154670087,-0.85844950370911,1.69515884398851,-0.716747973938434,0.59836658251304,-0.329008874688496,-1.94939349128591,1.32186998123866,-1.11968765253563,-0.70835739325593,0.488473001235634,-2.03720362768049,0.28962534026075,-0.218466821639687,0.46730894123166,0.14190858098683,0.708213664111114,-1.76625428249133,-1.21061227842734,-2.12089004595626,-1.17276252305763,-0.610831434819893,-0.834774866614006,2.26217910778295,1.53495623217706,-0.175656871414056,2.71526341126883,1.30479467946984,2.11433713960624,-0.303002092638518,0.583919022835093,-0.594232260568848,2.32598107734515,2.7649692035237,1.21621619098845,-0.329910807999694,-0.380372209093754,0.279134256588576,-1.3836564563908,0.384761429284195,-0.712855654740214,1.29107969056759,0.323057920012566,1.17259762022964,0.520014371687366,0.543670011914079,1.58463453144348,0.590030175250617
0.125454762548793,-1.99729192680072,1.97101440493177,1.07482120202706,2.11351235386308,-0.37252562717241,1.04078578579453,-3.39755043549893,-1.30422437799101,-0.305558941674309,-0.391004306477205,-2.4498760367992,-1.54086970553852,-3.16600172489862,-1.32894901286534,2.2281916147374,0.275667981156925,-1.18516281820934,2.37980245463504,0.502318830954237,-1.61266601982852,1.01537246898611,1.33913027551878,0.374688715180883,0.291008164976378,-1.64173535548138,-0.819115375576527,-0.887656573116033,1.66703447861381,2.06992843197793,1.08208838866693,-0.144703657393519,-1.32915475027901,2.16372504469661,-1.17888117069649,1.73185016777332,1.38500570014721,2.38457921792694,0.549015087375134,1.6390836509015,-0.019988090937871,-0.456610901589575,-1.79314858939293,1.41595860725216,-0.118567865269524,1.1555355427759,-1.01940438694503,0.682200581932467,-0.699725763904876,0.0240834421282329
0.325434655775746,-2.43168603011736,0.156951123889017,-1.3252328006384,0.335640346221323,0.294152776612853,-0.907897361386794,2.10542910901019,1.45277267099177,-1.3358479929652,0.206822840305466,2.21491045717773,0.51721207470561,-2.02435498316855,1.25765775662581,-2.47456725381697,-0.689896180294642,2.56093374878072,0.525507025414451,-1.57802779488109,-0.930211955581237,-0.832862351049259,-1.89722892336822,-0.166765276201286,-1.66120498045918,0.771979508709834,0.323632447628948,2.08352595708067,-0.10555683703219,-1.37503685292258,1.41040542433025,-1.16339012310509,0.305835616394026,1.64581890994933,0.886041733252773,2.15671837636159,-1.50786182803617,-0.788598639980278,-1.24402672666443,0.0034055629435454,-3.13253802190687,0.751786730028461,1.38204381202112,-1.26229928256376,0.544483306716802,-1.46274369200846,-1.06405316339659,-0.839346899594628,-0.874115102736284,-0.118294051203024
-0.882325185182271,2.46081139144102,-0.118993042369116,0.853358802215531,-0.548106094989557,-2.15831415401136,0.47399572105709,-0.118182074571743,0.186979938370423,0.902338272051251,-0.62637245042405,0.852522318123058,-1.67785632086774,1.70540563622769,0.592853939806453,-1.36406806621247,-2.3282218086345,2.09739469390048,-1.45778132828038,-0.094315089949731,0.369365864410011,-0.0842870805745038,0.08022685455619,1.09291308590389,-0.475959502184845,0.963080326974115,1.51829731915888,0.591944499538647,-0.806892370874967,-1.12972106690419,-1.25907267307106,0.415814120494258,-0.661198911054037,-1.96195758174136,-1.7438035398093,-1.49035839524064,-1.70512681749214,-0.484460760339565,1.96755236302962,-1.41334899630082,1.11619217631155,-1.46132150246561,2.46070948677852,0.231367872802154,0.621166734843412,0.120101702941649,-0.484053219334809,-0.0432512055298351,-0.784285468449134,-0.201870267331938
-0.932115618307135,-0.528735219368667,-1.28803109062673,0.600260435930437,0.578249227160565,-2.12664509887638,0.439590855942548,0.393551323655337,1.73077358071615,0.571403022301967,1.17207762190005,3.03293953252515,-0.706347250756769,-2.21898306023851,-0.151732515779897,1.08930157648224,1.6254086131148,0.381512595280786,-0.072480901285057,-1.33019472869228,0.219415302794981,0.534962105302286,-0.966822646782184,-2.56420805403824,-1.09672723746489,2.57325376233175,1.58386202287773,-0.165287767531847,1.37764258476526,-1.56986527805716,-0.387191170728669,1.43393319540893,-0.204795909182599,0.0688907557932416,0.731820096457269,2.06826548248028,-1.40009690709133,-0.364372475852636,0.286908206611763,0.231362130275331,-2.20279816944352,0.648280384322595,-0.225827105497471,-0.290538088489851,0.171010308128785,-0.676695527588609,1.56467703989609,-3.32940817612342,0.587194468630516,-1.33900380238548
-0.752058210222879,-0.652774381904085,-1.01541326047217,-1.37646847955161,-2.18702551151694,-1.36930492532008,-0.780733137293256,0.901548983283727,1.4984744066483,-2.02476674917872,0.470109876183964,1.8983205527099,-0.962127576392983,-1.71905866713472,0.235486454881666,-0.367921853119199,-0.0637898118502219,0.85668832384032,0.29948134099081,0.435345990133445,3.54194064159958,1.79311058414969,-0.807137891883713,-0.698299833599087,-0.211164147464681,1.93745955646143,-0.698041657421894,-1.3320110315796,0.215729950191283,-0.752136799719568,-0.256533053245117,-0.15961976166484,-0.609617481042712,1.88135573558732,0.146303443932142,0.474894822774947,-0.920942833397143,-0.0626509073303966,-1.3903578596896,0.408618913657931,-1.15608425142092,0.418605237028126,1.46875899980559,0.100654512461316,0.203493695603108,-0.370411063275273,-0.965658946243438,-2.58442170922697,-0.026553067141085,-0.163368563218292
0.880189572122467,-0.558682103317448,-0.250478143825777,0.202493938981077,-2.72409503299256,-1.10789957684318,0.79110749385908,1.19259562864044,1.14695897314244,1.94919332992173,-0.327113340321637,0.802437682786029,-0.00258321863055061,0.412434431185715,1.62566777196145,0.0534221024987564,-0.653395776437449,1.09540799293523,0.327180182834409,-1.11262963952013,0.661432485926755,0.430004007745374,-0.198672650526901,-0.0627242634795528,-0.765871424107225,0.627619559701579,-0.420644215896643,0.249160989425155,0.433396695945984,-3.11972393144013,1.3478968521353,-0.840171657388104,1.94519100722063,-2.09796873145956,0.38702117327746,-0.781781123038414,-2.92835664228265,-0.234398154484203,-0.511001341403359,-0.135506727913285,-0.37749783157793,-1.70855036502547,2.40612663190796,1.01265572804103,0.124377655300825,0.373223172818406,-1.02438901291055,-1.47533778311269,0.174776831562499,-0.599056782231398
-0.0537103156234214,-1.36253359731803,-0.487847334795527,1.01837364570613,-1.20582664937875,-0.810737210888444,-0.814869159381558,2.25966878952461,-0.920775547955878,-2.58381457156336,-1.36642841830002,0.224241975028678,0.306769218423203,-3.1870076429019,-1.16670009086029,-1.09615961660688,-0.223045222826098,-0.483413510268761,1.08609483122732,-1.05077579901392,-0.433002373444327,1.10572871813044,-0.61103536064453,-1.93485320077176,0.199576653626102,3.68560554065328,-0.162111582574918,-0.57523829532655,0.921064600329049,-0.748295694847953,0.875387293340621,0.0405347680970558,0.862808270725787,1.02539258019403,1.58813968554391,1.68645424162709,-0.129761047325346,-0.625670961589112,-1.19921487537161,-0.993144245698506,-0.732269920403703,2.16005787352361,-0.215482791068234,-0.231136551609786,-0.612618549481511,-2.81616109808233,0.269350148065051,-2.04362151161868,-1.17292904438946,0.865628276125948
-1.30029865365114,1.63666917160799,-1.05829261832885,0.784472325272916,-0.983027136209114,-2.29131230657341,-0.0618342062489609,-0.776500186148542,0.114767061549349,-0.18583293662921,1.88924980196711,1.15625054886841,0.607035132094562,-1.18999797682448,0.347073521143629,0.279574107768537,-1.85090841804806,1.56455424180533,0.48611422078459,0.387902228055686,-2.03944139490547,0.455593245504248,0.471674878728081,1.3857824513608,-0.486453694352172,1.03851423627706,-0.39659715620096,-0.316605775450398,1.05037449905832,-1.51232068760899,0.510570792499725,-0.545542686099794,-0.144389721156977,1.28223268987553,-2.39109290346469,0.0622409933702519,-0.467518942585893,-0.424734160179573,0.808725382790801,-1.03347982160065,0.741792902197703,0.337660938334104,1.36617620383341,-0.761717433048215,-0.0426755032232739,-0.655182340988322,-0.719171503077406,-2.40002241182962,-1.20390717236441,0.294624275408683
-2.60207989379189,1.21592522916868,1.06410371994177,-1.15399043633227,2.6133548572942,1.14059042766841,-0.599951986480509,1.7512680025611,2.43290623910433,1.44766872720627,0.460249465936444,-0.876329362670911,0.265517395166716,2.1150040963015,-0.984853077582005,0.629336302410949,1.43775518786144,-1.40514634431437,0.883904776911586,-0.357316418051582,0.31594501819263,1.43872110121057,-0.225183659191831,-0.784674822573184,1.49477682964428,-0.15562260378952,-0.145713548244052,0.407648429853177,-1.83401792674765,-0.442082860161771,-0.549997599312274,0.537912580844628,-0.121130943222081,-1.57467519347524,-0.195342937086707,-0.0231662688366613,-0.735487978488609,-0.283126656275863,-0.772823309236689,0.278925372865991,-1.56418080021282,-0.269365405902345,0.0630400323169906,-2.05171745887696,-1.67163672284752,-0.0213109959176358,0.0324742604428221,1.98099777359319,1.81638927749531,1.79514270119608
2.86486123632716,2.77765863624865,-1.17910050953944,3.5754413688243,-0.365382559963437,1.88624468996901,2.00347960311809,0.942986401460099,0.506979487133759,-0.775122935918305,1.80779376284395,-3.31864829545439,1.3642720780951,1.74772673478219,1.23662500806292,-0.485872960461882,0.139893242777466,0.760714750534756,-3.10961060858089,2.84355864153568,1.28935427914414,-0.795357281055432,0.10928547375074,-2.13865892074434,4.18699480527593,-5.27655419507408,0.628185707406817,2.12115097965949,-2.25338554356876,1.38965419875849,-1.64729175705583,1.00097117050136,-1.09867716975418,2.5821077290398,-1.57672197104938,1.93475324078533,0.926011966595172,-1.34483889856499,2.19446018973366,-2.40469628345622,1.57825662813056,0.898395789897419,-1.3649171307297,1.5144160927382,0.516909930602601,2.38479640971529,1.6623758257092,-0.636106154918402,0.15834273679458,-0.366889552868013
-0.124383673754999,-1.6639807258161,-1.28553488231673,0.412118354531416,-0.151569493195057,-1.59404035502916,-2.38383204649668,0.693969617937783,1.88532997395088,-0.268050425973921,-0.0952324870556205,1.65663947907369,1.26409426051835,-0.863321610809518,-0.0272526553383689,-1.06011718462823,2.22405306929442,0.291798582007798,-0.0972139600047521,0.204080585717545,0.927330882128663,0.336327261698534,-3.07185183893596,0.589062199210979,-0.495255824843939,2.95759410338194,0.580404380524687,-0.0155894186548102,0.698157028750697,0.0329275880400451,-0.0963249386062366,1.53162614638293,0.85588136671059,2.34556903939826,0.624712786940344,-0.35862765210178,-3.06734530315638,-1.52797471408468,-1.54604074842538,-0.399900332744597,-0.198009404688699,0.137155875073031,-0.213696434255868,0.135620240894936,-1.50775119145336,-0.0681351004043549,0.156947489172159,0.024313410534905,-1.97019165837408,-2.87853344247557
-0.350257507726844,0.377953072323032,-1.78391244879541,-0.0973903007752149,-0.671403429089814,-0.295466458348041,-1.31664227796043,-0.254650179785461,1.12298125923975,-1.33257835835342,0.178994435462697,2.69270020574936,3.22758825844783,-1.36699689827285,-0.732664161665682,0.85744766919216,0.0863755055690597,1.61212248469264,-1.2141683667783,-0.475420110580275,0.0103431400095697,2.55340296753607,0.0529845582893216,-1.31258658916485,0.0800632593658186,1.61675236814311,0.718553541537687,1.66316720821448,2.18526648280365,-1.94116541101153,1.21598743623178,1.20373095711526,1.29664983754377,0.477301873425166,1.03389798864618,0.606924773724247,-1.77553726530508,-0.838047316744798,-1.00717186839031,-0.891877675631517,-1.59389152046577,-0.239586666955347,1.74463848168364,0.374203137129885,-0.499516420335725,0.983197392658182,1.07427248149356,-1.36652316053903,-2.0021589399456,-1.06256970087699
-0.697834832779835,1.8303930017608,-1.91597911443083,-0.608853357220001,-0.543408006268,0.350549877930991,1.9473013869145,-1.3334870676993,-0.876174533422334,1.0166044632076,-0.092031051214929,2.03015258609326,-2.04501954421675,1.32858063450562,1.14840988295524,-0.232134372020842,-0.24504361112431,-0.693894794878306,2.22697580699182,-0.26549589484737,3.31471881432164,0.296442969965864,-1.00996369904049,0.180523449762448,-0.453552881015828,1.47724744496741,1.85625025651579,1.37171849022444,-1.62333680060786,-2.64079445823872,-0.255426039430946,-0.551489309094414,0.187329552117296,-0.496061578409748,-2.25597374271303,-1.85611265810882,2.58263871220789,2.10644366456796,0.727632315774126,0.795170480509575,0.577278289291729,0.0502110624773598,3.24158054573897,-1.47387631957138,0.012853885875038,-1.83678546198714,-0.255926317429258,-0.814435281881207,-0.936055148618337,0.352714999155893
-1.3517768755634,0.0632576337778638,1.71501614280891,2.33820364846417,0.484873585808864,-0.187116056586392,1.22683692672237,-1.86141235706671,-1.11416720015804,-0.156692542259801,-0.663176132389471,-1.08095211667445,-0.64227846863517,-1.35426035622445,-0.0462589426138155,1.78924998952097,-0.311177001101433,0.787265760148285,0.156996812050373,0.212930755183122,-2.39548784768552,0.550081134159509,2.15072860642421,0.298499761916361,-0.0373150422890049,-2.3046604050789,-2.03944335717466,-0.902967535264822,2.97102939416728,1.71488765733195,0.714251410011245,1.52383462208899,-1.32397954615737,-1.35054569145478,-1.94564826656691,0.518050181738937,1.51253941198522,-0.22649734740516,0.643194651192917,3.71350218058689,1.16428612898239,-1.95472523045875,-2.87468093320839,0.527742266800404,1.35847211281232,3.57211915707037,-0.358542994115944,-0.90875938237753,-0.153519716234407,0.770495923760515
0.715665173515482,1.15272420375538,-0.973246887371475,-0.45519613369858,1.83044639891566,1.46879303259074,1.80427811609773,-0.609139907504414,-0.680292638062424,0.408494883313426,0.387270311340153,-0.485714044504616,-1.24399454194402,0.665049043054033,-0.114566203916513,-1.11823316911365,1.55192254442381,-1.12422313040656,-0.421101810521901,-1.07302819075314,0.246824194572073,0.30731736378948,-0.43034279614719,1.942603857922,-1.44518211181086,0.0865462018164914,0.0289388138278195,-0.399288405810695,-1.96428943470333,-0.871706046929758,-1.38545079604247,0.276031394969379,-0.54588587489387,-3.49093410360645,-2.75816851238267,0.53142076913229,0.697454392316781,1.20568535218032,1.46923823049397,0.132735678494407,-0.846810848627423,0.187067654173117,1.20714279521776,-2.4888425151054,-1.42094027176975,-2.83601318218261,0.317560236954868,2.69245459968344,-1.43656102687864,2.63829333749911
0.751092912468404,1.33063939576083,-0.989917485570799,1.1949067069682,-0.290578169745641,-0.0199871439216188,0.947789491150791,-0.019035035676415,-0.575481617733488,-1.88797531505055,0.352341654209518,1.10788885448454,-2.76880055521026,0.814630494590525,0.479624808993282,-0.838574641852236,0.581122679675277,-1.01041769667942,1.07353661692011,0.990156724677267,1.33812048747604,0.199173678510548,0.750977078144702,1.19227358691019,-0.9351542184489,1.52190390679352,1.94272750900977,1.51656191180076,-0.662069281825476,-3.06834400803485,2.43294459967852,-1.17472202886948,-0.6034608287815,-2.16481577495257,-3.27508258637525,-0.590866560447303,0.373944737430364,2.54803210052876,-0.452903864465091,0.894040993805915,0.367062030533182,-0.999097680064521,0.453886042048871,-1.50861426246546,-0.771045660224434,-1.00389823552616,1.84706852142453,1.40199489107249,-0.247451876603042,0.908202985102624
-2.19199117903666,0.982115194177088,-0.28948633778728,0.425284125535635,0.20789188572245,0.829728871708211,-0.959833366579961,-1.31668549501728,-0.263680381119745,-0.973533344456495,-1.0126103859289,-1.61543101962131,-1.16743454601017,1.94550851513503,-0.326462304516432,0.446554939474906,-1.76627016285855,0.881328739523219,0.176128940578755,1.68460114650696,2.16695024927371,1.4271728693027,-2.02329905861968,-0.0705279649807888,0.52232226141605,-1.62374475190635,-0.26594779277236,-0.613884148048404,-1.35269349814087,-1.15366090212382,-1.57633184485747,-1.21456657275015,0.215495294317127,-1.73743733278705,-0.672400479174636,-3.98277824129807,-0.31157737936806,-1.6504530655801,1.19256052830861,-0.534935622363961,1.34811890672354,-0.702374284439538,2.65562166954,1.41679877743434,-2.12039679198426,0.254972738665059,-0.466728446344305,0.959352016800257,-0.577163597178995,-1.32933272659397
0.629775891830504,-2.41212417713797,-1.32507966898816,-0.893767898716487,-2.53683769319362,-0.552639370479393,0.334731691753265,2.10531014306299,-1.54387119963355,1.60258424214838,-1.30031652021454,2.99316959755054,0.431038095192211,-1.19070658002879,-0.115763773693384,0.093313578805884,0.414511070854588,-1.18177614240439,-0.197129109557208,-0.94316685886485,-1.8620917936609,0.355945866983847,-0.897533394663056,-1.89930696266005,0.442675001032878,2.10258147777998,-0.0811938742139268,-1.10227104834362,0.168568716003115,0.0830864389094694,2.04910709161865,0.0789632849645609,0.858609483060309,0.903180722378149,0.505843030552707,1.9979399723632,-1.357465709181,-1.35520224451404,0.56412646283433,-0.417116716630863,-2.36261024742603,0.0882468738628472,-0.538565161192978,-0.230279968314513,-1.2459936583389,0.693617365402062,1.0602879435182,-1.07923139810865,0.121852718723023,0.393296801571693
-0.338638484234903,1.12856402199885,0.965424070104732,-2.44134515400001,2.53479149689858,0.76371458050452,-0.591599111679159,0.739322920331026,0.759316852036956,-0.0183737209123881,1.21986097629366,-1.3215486003729,0.331821152004829,0.555422349581586,0.861054220713055,0.167418955120499,0.583053587479631,-2.02866545535778,0.495476872773488,-0.29301814168374,1.57963475914778,-1.12265604349436,-0.353050441761023,-0.557185020449552,1.87520401866368,1.89582572081044,-2.13361276432219,2.92847366466882,-3.93703895649197,1.58465149003253,-0.774576475051097,-2.50390413475225,-0.551426872241762,-3.34375058124276,-0.676593012051679,-0.0522807913750166,-1.03513179026002,2.11469335983822,-2.61731118408,0.893594113749401,0.236933797016246,-0.558744243446533,1.76137417026291,-2.50769224946935,-0.928728598493289,-3.77620835298923,-0.103436718616325,3.38461075473808,1.13821326424233,2.45829292618236
0.516902070476443,1.76351850719171,0.133005152194497,0.476613529543467,-0.187423174526804,0.165063296417866,0.189725959009186,0.133234329584374,-1.512333628725,0.461026081163312,1.07941457482716,1.05227430305782,0.459491799540361,1.16152626573181,0.698744947951777,-0.519623297380073,0.882355999725924,0.450600628230797,-0.886183230016112,0.0180284139069574,1.38235635844485,-0.388131942195328,-0.633327830254047,0.9388223557106,-1.82330947746546,-0.256501612566868,2.38449677982322,0.12415459215953,0.158918189131692,-1.02251910298235,-1.00826496557691,0.536716782571751,-0.54924503546104,-1.17033446378939,-2.16152969829814,-3.73335667373433,-0.736011779541993,0.126138322598147,-0.1297500655984,0.860926121969887,-0.191164231430993,-0.893797330467352,2.70718381030157,0.924000372384448,0.0865536760765563,1.10037443614855,1.22105875327323,-0.430591057997989,-2.14518647384948,-0.878479644705053
-0.762624147286148,-0.458160428584014,-0.383009814138522,-1.42283996334328,-0.133724415403286,0.681027620063228,1.636464653231,-1.35621714299611,-1.04167006207498,1.36684486566736,0.0953821527640454,0.866100148321396,-1.1290412379826,-0.947011744603519,-0.692406495956707,-1.09469693779684,1.15877421537901,-1.41376053472495,-0.0178524699698948,0.206535625771072,0.757936125045406,-1.25710656463129,-1.11384121293278,0.191162548021623,-2.96458434418313,-0.697780227989125,2.91696636054236,0.806121073570109,-1.41117105431388,-1.40831543459572,-1.63756498905998,0.565454215101175,1.8167251287003,-1.91565472060011,-0.661215359534146,-3.6456585745858,1.40563795468067,-0.38320435906403,-0.662024870132051,-0.506938479525971,1.35414053947415,-1.7050932030306,1.88220536200908,-1.08895726649147,-2.32227896205738,-2.4537436622544,1.09978398551984,0.0761632896875035,-0.927956759855169,-0.266589392333962
-1.07273500461964,-0.0324634784223048,-0.0195678876550559,-0.206328182893897,1.74898597451289,-0.138193274131481,0.436778050059269,2.4268476909854,-0.0125013228299527,-0.929567240485517,0.116202046341039,1.34841415972779,0.227246004331868,-3.05224122512968,-0.856054230779307,1.11078754024282,-1.21567650014183,-1.46763423373637,-0.565318351215824,-1.9292752119407,-0.305940004777285,-1.62769849687532,0.0426564077495492,-1.53388102390601,-1.71666178916424,0.890072008820912,0.118304978957459,0.679616936927416,1.43342058085629,0.342441703831675,0.873892034860538,2.42492128049472,1.48578420577836,1.6820401702364,0.825755188975548,3.35078448929443,-1.14961088708521,-0.64686845093126,-1.26934658196931,0.434726090922556,-1.20244807048198,0.751829193938772,0.0426450827274951,-0.537671994181597,-0.864373412977061,-0.625945953688799,-2.2485088819626,-2.24610146604285,1.08384238406572,-0.807855556995959
0.405517336927934,1.63840242003433,-1.04860845663914,1.07502308767345,0.741292320242106,3.1173919956166,-1.23791776786705,-1.49114471761967,4.19147398179245,-0.652103038043866,0.961362306099078,-1.73940477208959,2.82235359763052,2.7832342645894,-1.13639695541768,0.518576102368983,0.610713285984213,0.75214628118566,-1.81377390292342,1.00183990649517,-1.32254792971475,0.425858361892524,3.06698369389086,-1.12969708462231,5.0150099178669,-2.56452482420772,-1.24716141566763,-0.814502368173796,-1.87719924546446,0.715156782235687,-0.500297289110262,-0.710800688706895,-2.41498718867097,2.33994838349497,0.106830742341515,1.64174148390071,-1.11261532630305,-0.746059221900268,0.473846359838233,-0.943878395469379,-1.16445431213939,0.126007228107747,-0.528904703842938,-1.29456608550737,1.96030994487287,3.07058133187548,2.65007557580031,1.34538907756811,-0.599851319246036,2.77051133084486
-1.790857626798,-0.548602657751643,-1.25410742239455,-0.578371748862837,0.701218081748463,-0.864195438248048,0.604126767295973,0.658095369342133,0.608200521202562,1.92766829158692,0.752487174536494,1.67255544074119,1.73500892527034,0.188618932019995,2.42636859578589,0.461587626094552,0.757137985889242,2.44059022531724,0.495070297364419,2.4558491491018,1.66781792629719,1.70588830219416,-1.17096408414005,-0.834696195233624,-2.40349182585286,-0.316485554265762,2.20479675776387,-1.43072682512325,-0.285001114642412,0.654624914904302,-0.475450323321681,0.250695801821013,-2.72408895150349,0.151147492586188,-0.0256728953686233,-0.995523155900071,0.13846921192994,-1.57098319920182,-0.0474601232099311,-1.41359033956214,-1.91449371129014,-1.79936329472947,2.8442807511032,0.953563952482632,1.06974295571731,0.665399088428199,0.83893255528411,0.231528793643002,0.640530360233322,-2.74881522240152
-0.791217257377614,0.392448214686678,-1.08656902671698,-0.399563692288582,1.947356784242,-0.760364599601441,3.00569097398169,0.10239044101907,-0.81004992731466,-0.117950671129228,-0.360170231246602,2.00024221722816,-1.76029851984965,0.885745603867623,-0.477729415097814,-0.304720047390712,-0.783410313372759,1.37462360148767,-1.86471824492785,0.21003773674641,-0.378368127292994,-1.83887760816542,-0.339110065794283,1.82449576539453,0.0422470325556962,0.447728670008418,1.92555899438245,0.208799724134494,-1.73211982654305,-0.507568878367833,-0.631650248738106,-0.695237334378591,0.654408125608529,-2.9235156415306,-0.495135388339872,-2.82892468771316,0.958306923907908,0.987551806508569,1.22118955190348,0.573549960780963,-0.108897751350734,-1.72082932037709,-0.486570692508814,-1.53336684351307,-0.879067418789194,0.272751408045728,2.41414653461806,0.0598343918345683,-1.05896334813943,1.35029630334949
1.91649606245392,0.360610606773705,0.770853059368896,1.16483561865679,0.346048814387367,1.57322090034586,2.3736352698474,-0.0319426279274676,-1.63727622908678,-1.10431841276633,1.65534845604993,-0.545922518646123,-2.0878073278755,-1.01684050361226,0.337469774717462,-0.0815525186892658,-1.15377716389208,0.557993177751914,0.856194839600734,0.260163063762896,-2.67776352434087,-0.206089014901976,1.08588342413194,0.523086348867655,1.0587604611643,-1.89932461719045,-1.80245301532585,0.11403567771985,0.645918822930398,4.35977766919422,0.783411193507202,0.119756654753283,0.821220968836679,0.243559217746587,-0.865337249120659,1.57540321940375,1.46282803347867,-0.317831473323853,1.11612502984381,2.73765849707664,3.62321847088579,2.12453280659104,-1.89281848427618,1.83612840215803,1.92695423688241,1.81679283861076,1.25626782409992,1.20913620626924,-0.576453109624619,-0.224182757097077
-1.47321247237692,-2.31552153410935,1.1753164664367,-0.91962055914693,0.391439711158542,-1.56227038350097,2.0221617860072,1.58076360450946,-3.0829333024382,0.580074579414555,0.42872800764552,0.166927958441614,-1.26796108929933,-0.773928767294453,-0.79699073089262,0.241437405199041,0.529194665130621,-1.24091087239526,-1.43214790795289,-3.38934763640642,-1.03279483151172,0.770264087734739,-2.38099706918831,-1.15426445414122,-0.604648614114425,-0.384120331035954,0.0121198546828503,-0.0504660782095983,0.662223424421596,2.2226235441358,-0.294731244884936,-0.573941957558418,0.653781209390859,1.8700867065185,1.98023524176484,2.73415039844953,2.65800870585626,-0.817889977814874,-2.41237847802273,-1.97583743318835,0.384370060523425,0.364178795064972,-1.47578774698907,1.27951814005395,-1.14556271458747,-1.51520419481726,0.371256394753989,-0.718310863749181,-0.709882879895112,-2.21040431927785
0.808030046489865,1.0616269576003,0.294537226585162,0.912320802898038,1.35282597579983,-0.0382002215855096,0.897021987013572,-0.771352581727685,0.402033332402891,-0.650995969077397,0.593560709343886,0.877477217598826,-0.950505216920893,-0.983648081223795,1.59661831411617,0.00842453186809857,1.05694822062099,0.213794052203371,0.0953334404612088,-1.33686430641013,0.481639392337325,0.276536246930294,-0.417766169366389,2.05509846644943,-1.18239389923009,-1.03762235219937,-0.762921333488626,1.37038309328293,-2.63955499604744,0.57667847082851,0.230079650814466,-2.1899827187084,-0.209124570899297,-0.466529095619031,-2.7496399627812,-2.69361671126787,1.46185185033367,1.3534214783408,0.894824544415662,0.0388761529132647,0.15911954712533,-0.728889259118039,0.443097514308285,-1.32376892229465,-0.980502677382185,-2.05508077591356,-0.243599301834544,1.13361266621613,0.112437708510638,1.29131465971758
0.303603741145757,0.198052367580399,-0.345925490624615,1.68198629048817,1.08708211894601,2.20487464781442,-0.0182751381895599,-1.06947033858448,0.873988648658588,-0.631834647835347,-1.0260419847093,0.0967385550567738,0.106123875410868,0.924281571366885,0.1168335361463,0.632764992485402,2.0553327960334,-0.0641600718729279,1.63713177735879,1.20377426223284,1.29418696532372,0.438717270399382,-1.60948314468389,-0.0353042766898224,0.234277475234565,-0.825043911078036,-0.981145215692145,1.27738407044053,-0.921106940084293,-1.96579113843847,-0.991006225189334,0.0633847967134378,0.240459524447097,-2.50356427121319,-1.58453082849365,-1.63925409969547,0.707661392648298,1.40867855995877,0.187473696373482,1.63179690221441,2.57693534659866,-0.615731291685163,-0.532918784289785,-1.73684639841137,-0.853887309110428,-4.33443300386423,-0.0895021379705648,2.81640204371183,0.704784669968226,0.52470417924848
1.41529627090974,-0.910423106433103,1.5083871237989,-1.63766882559936,-0.970180712147403,-0.909468002515824,-0.969026039504138,0.41511395185038,0.248288553837776,-0.991140823726647,-0.245615706020065,0.650540004239943,1.58122978671486,-2.67533254114392,0.134784679608608,0.416288752218356,1.89921116257043,1.69173853634305,-1.59143928530413,-1.16294475670934,0.398704966274933,1.81580533022813,-0.054045623332203,-0.588145243467848,0.199098377820524,-0.250929701041148,-1.18078479391759,-0.792007730174827,1.83951730358762,0.714212104636139,1.25195023634646,2.65210612449259,1.30401232899175,1.51659225063257,1.96124085293297,2.15601996428659,-1.07722248549645,-1.20499893526773,-0.0547537470775109,-1.17496807795083,-1.48687855800883,1.8196511415654,0.952516242400959,-0.480378277467767,-0.446549315879729,-0.237324765783744,-2.41846647825366,-1.99096647066381,-1.36907473231092,-0.0778608025546706
-2.56443539691755,-0.0181915470009127,-0.311057606090449,0.807772105444869,-1.54854162069196,-0.497600443799401,-1.31771651079448,1.08727406409879,1.61798544368091,-2.76683941472071,-0.843458704616752,1.12374162286941,1.09464213540414,1.79793799286115,0.17697311408029,1.14928725495652,0.910781256373144,0.57032107499683,-0.346997216936567,-0.558250097990856,2.03230378477383,1.20076547301026,0.517542132003672,0.337992070588976,0.255436534958043,1.75104181086602,2.75949539895848,0.623581279572726,0.58737281797022,-0.726977239889434,-0.643203214177376,-1.2023351816574,-0.141742188070431,1.28203484342056,-1.85158112559415,-0.829902454732074,-1.11300084279746,-1.74833001821745,0.426762363229434,-1.5017990134148,-2.089655176502,-0.876309750270558,0.635185912779732,0.436867889843064,0.610830969430993,0.121457262519493,-1.69273706741552,-2.072509474286,-1.44053670013907,-1.02461945036388
-1.52806214306024,-1.05123434478358,-1.6196392840675,-2.43377004442281,0.106415353465632,0.152295998909787,-0.306243188363333,1.13898090381037,-0.706757952623355,0.427523568794693,0.0650879882242062,1.19066491793361,2.044066825558,-3.81506663488967,-0.836006303511225,-0.869277301660634,1.43211891759727,0.0421475946411351,-0.517004574891165,-1.17956109644327,-0.560793733722816,0.80304933350177,-2.77402676466417,-1.82317536644547,-0.391591156859644,-1.25770924512234,0.264376557462102,1.09576925415035,1.66244069275882,0.437374861665921,1.08454117306592,0.154488560540961,0.184222598705582,0.565671035765806,-0.117157361347574,1.59406444949381,-0.935702675434121,-0.534703786796221,-0.121673185771546,-2.37495551096423,-0.870777826556628,1.00437612054281,-1.31917049942593,-0.703999496501574,-1.30248787584797,1.10888232524042,-1.10778664616412,-0.707680631444634,-0.650087150077295,-0.882204485390038
1.0822691202,3.70235837863838,1.1999376630485,-0.189820911348026,-1.45231921317103,0.783828157561447,-1.25015105320038,-1.30833884498628,2.14112716359188,1.26370756012542,-0.950789361734275,0.3336316236751,-1.44199223389585,-0.24752134595001,-1.30129610148846,0.352831972152083,-2.17246523110149,1.88212118876761,-1.33241838984037,-0.241482689082682,0.287420594028961,0.753480816080904,0.443328887926905,-0.17346378757954,-0.841290842600634,1.04536247165343,0.320472075834757,-1.83085719559969,2.14478560071505,-3.45195726375654,-0.547527998275107,0.669010565336523,-1.31790066788084,1.57152782946286,-0.165500424689934,-1.41083701205379,0.385930211539958,-1.34506234623111,-0.722609472156567,0.0812585717947588,0.572044634902587,-0.425938756664655,2.78896699137069,1.08626961638607,-0.0380074076139883,2.319849964317,0.62934922868479,-0.341935161248369,0.200306543016726,-1.35084374171072
-0.518214536926207,-1.37169589973046,1.08185038182824,-0.468692870249103,-1.13520425150775,-2.44539347238185,0.583962038180863,2.94617159719866,-0.40075564297787,0.653609975717574,2.26837342362994,-0.332180435733195,-1.0814871316307,-1.0656792321184,-0.454563741616091,0.854908026468393,-1.13610521238868,-1.27724153862257,-1.20025587835768,-0.641111892209234,-1.24046171773864,-2.60188099935466,-0.857330126760761,0.059637554144479,-2.03778817683335,-1.92608083135177,-0.382088959122552,-1.46797963364054,1.71156599010832,1.35724445133307,0.294623208677,1.29454384836381,1.51496437672213,-0.575931300358856,2.13708401484963,-0.682666695660534,2.7587682175095,1.73860153631475,-1.89248198108956,0.549424582768708,3.27468133514673,0.953559467053943,-2.45396666079548,1.03840917475669,1.39160629166068,0.417595953107054,-0.369029460317475,-0.423694994328733,0.585278954566726,0.459301888898542
-2.07721535993138,2.91966219253111,0.529759322032857,-0.712022850263287,2.66258156659962,1.31016864967468,-0.641406221920398,1.63709052866198,2.32088894117314,-1.00697515544396,-0.401322610037719,-0.477769085488698,0.221206591978013,4.16476164036159,0.352737215162851,-0.695631857389345,-0.275521107673157,-2.0885151085106,-0.137728328840331,-1.62845786710339,0.929690492939798,-2.9479222173837,0.440639490912219,0.682169329136899,3.29248181360065,0.727393960754732,-0.0601573952826408,1.76984616277667,-2.85231888031134,-1.59646838260077,-2.23537463186396,0.0220110895637819,-1.87175126171385,-0.351991662850481,-0.39261599561496,-0.719181258561544,0.263876840556484,1.95614069446019,0.481035801423546,1.56931815125527,-2.96675115084127,1.02971156803884,-0.178022080659909,-2.0742324660658,0.184021962106367,-1.57461887459527,-0.0822735123869395,1.37677818981402,3.21006389759996,0.91136549326088
1.66766292291556,0.876997483648726,0.278629942851053,-1.07308516260907,0.0597653878956023,1.58838795084077,-1.7205966837538,-0.510471324198322,1.25750456775407,-1.28662246532155,-1.50754538031784,-1.07070265250226,0.953984983678557,2.81050189810794,-0.541301251434928,-0.00276530432701679,0.705656907537006,-1.59521126867632,0.76776493840741,0.798949320885154,0.319477629417624,-0.990274810864924,1.69361166789784,-1.18384423956931,3.0010714793601,1.51333112753792,0.497472705069856,1.35400711995938,-3.65899870690535,-1.04973221826296,-1.41448492119927,-0.578416524057103,-0.362991987981663,-1.05444507076056,-1.73506880294344,-1.18236640767303,-0.774676848105191,-1.75160251522037,0.39171335846618,1.20795770493624,-1.22480969565108,-0.691562938125217,-1.11136035958639,-1.46919600292503,1.65139584740719,0.0367880370846019,0.513009835550272,1.86137841390541,1.32583292305437,2.20102853901224
-2.00812525759317,-1.35168442749762,0.0597569157782333,0.0738687925465394,-2.7198132245652,-0.271003450831734,-1.39868341476601,0.710401291402231,0.337382781808796,-0.782114325468111,-0.213788986712636,2.00472980773145,2.03173851644041,-1.716948100505,-0.0592057169688616,-0.147847548880313,-0.513078229645761,-0.614384724074708,0.318047757159217,0.614764324643639,-1.71439519059454,1.68568906923986,-1.01312484828264,-1.11155210544754,0.697541271467619,2.53770584567582,0.906755423192818,-1.25098539573293,1.64131550444151,-1.7567393608221,2.72698664196343,0.669747841944037,1.71113789445034,-0.0230282616491151,1.08446335641872,3.0264724177727,-0.763598188571977,0.679025927604983,-1.21976649902134,-0.0103283185431028,-0.661405302889261,1.19405152980787,-0.817573543952669,1.05108910708799,2.33757117683842,-0.47042742022994,0.867026163338041,-0.155922709814735,-1.89252243476763,-1.43571333311
-0.398426229232709,-2.8595474885672,-0.54642246177372,0.75053993919217,-2.41403025717773,-1.07389112402203,0.356101538765154,2.04868848426512,1.35626462382755,-1.12442890734248,-0.237792092793574,-0.918199638575221,1.06919760381089,-0.829689037508018,-0.773062235975977,-0.376701646764281,0.158141901561804,0.174940803670545,-0.0387046146076768,1.53807177983303,0.43751960595675,0.856231987512601,-1.70124190406446,0.0373775741979207,-2.09136114565299,1.1786149601917,0.464718249868562,-0.469170078376295,1.84799191753529,-1.24590090632041,0.683087094715826,0.53180473700251,1.13455455000084,0.756271257588629,0.898606873557541,0.23311750970443,-1.00163935659126,-0.236137677252838,-1.24466184152036,-0.625047928200375,-1.34789227510592,-0.0780937054063875,0.13214944446908,-1.39850801860382,-1.87276608637961,-0.0186029110723368,0.266167867136064,-3.57066892464251,-0.982587446304673,-0.474145196385632
0.255155449760791,-1.23376331381162,0.0886821415007092,-2.15436147988251,1.30774746319622,-2.56515758302423,-0.287252772120894,0.317850485845646,-0.239061633711391,-1.72957530398763,-0.337197602579272,1.38313887752831,0.263698338414486,-1.43051948604125,0.931750207557158,1.48554522158967,-1.60050363955175,-1.32133071501667,0.582115310402705,-1.3099940161108,-1.33410966614617,-1.89980305706868,-2.80222707469045,0.838419933047533,-4.31630624108408,-0.162303265079365,-2.29574770496903,-0.192504054612425,2.15913702800497,2.62002598238344,0.292841894125733,0.41057064230396,1.74246742408212,0.362929837557068,2.70136298433105,3.15484145053899,-0.258700984703289,0.330058137632607,-3.16981576556304,-1.37400592606009,0.764866369092595,0.820936296155376,-2.39444700120746,-0.0145921549853032,1.13809900002974,0.393040783031588,-2.86649802417622,-1.26417072062681,-1.08621791514539,-0.698607326932114
-1.68276118069038,0.269357230332056,-1.44505492497369,-0.6639460903401,1.31308769556044,-0.0591651086863639,-0.350537658590575,-0.388501632896546,-1.40516218795325,1.58206453627306,-0.420718833650215,0.485158222276195,-1.5109896615021,1.03198982016339,2.11827977440606,0.716553969134837,-0.515492297973996,-0.1383371492739,-0.700900398427459,-0.0610259579807162,-0.883917530725235,-1.52509942443062,-0.480943931022772,-0.0925503121889299,-0.100782400687464,-1.21287836702749,2.08930422425216,-0.121318120098844,-1.61005429157433,-0.536324755670126,0.402181002240082,0.241132016841998,0.13948286783343,0.19232842175938,-1.77017492823729,-2.91151001984458,-1.69027652283699,2.22667596445029,0.418698359999957,-0.33819540183582,1.65115675413428,-2.35876960423631,1.49216347546126,-0.321198027091211,-0.269180934919267,-0.756261156684409,0.442335597059009,1.05295936787776,-1.68050078741554,-1.9178012120941
0.442266292860678,-0.886646486500437,0.464464783667998,0.791621790682973,1.08175267442469,0.288323433740323,2.52497568885108,-0.483889811623694,-2.40934552000406,-1.52304366254471,-1.22751438977728,0.230920563963644,0.158917352026962,0.116475785491762,0.881147545657429,-0.422141736893508,0.297973797292481,0.108378443566596,0.895723124775818,-0.138043662361243,-0.908808578315787,0.0939876940852513,-1.39385880870205,-1.30373814330811,0.540898645745327,-2.37891833427018,-2.19831701197948,-0.304572767611095,1.42917927600805,1.7991782064532,1.60823592899925,0.444736901913329,1.39254852971446,-1.59970069603518,1.02157327880122,-0.112189347278855,-0.615863418677101,0.863804099776649,-0.358301912638074,0.222629475455498,0.490175596846353,0.162129323177262,-1.76885796401824,-0.117355543551266,0.493575860517039,0.254246895384269,-0.748812884844594,-0.761178561567446,0.538965155896763,-1.65856862695922
-1.61765017912231,1.08039538966122,-1.22222886753278,-1.51502780458281,-2.92710543688311,0.518320156033281,0.753589208222788,-0.786135891946269,1.63453469658508,-1.26148868416398,-1.26702196174189,-0.10929471834915,0.622105288755079,-0.180362764904261,-1.18997734426792,-0.099632739327534,-0.249434922278756,0.899576377805809,0.591079585948218,0.112001415773339,1.99837823117676,-2.14401995349947,-0.100824768969131,-0.709048535221774,-1.76779823057062,0.805754792968033,0.227683600031863,0.14788346733435,1.61095838482505,-2.69257104903239,-1.60433850079872,-0.289896484191182,0.771384713827759,1.90374910079373,0.766583805709251,-2.44346355044029,-2.74801691073045,-2.3133743663764,-1.46237215436035,-2.44980366986116,-0.0672148238593402,0.230721328612391,1.61664239128341,-0.576110010282241,-1.64432196382259,1.5391870698316,-1.46444946360485,0.378371326999811,-0.524208179068411,-1.01191190215707
1.81803843454708,0.661794082737698,-0.801230997923067,3.236297610707,0.546586879903977,3.78312213565845,0.807174082536165,-2.24505877256758,-1.68527555553213,-1.92961542519369,0.0948793440499154,-4.31999901891851,-0.268093695593406,2.56073269099307,-0.360447105032674,-0.208304016244684,-1.83669074773482,0.321605057877024,-1.81789884457213,2.62365989742234,-0.0493103266228338,-0.385396905742885,3.15376000381426,-1.85444691821486,4.0799971442867,-3.50677813206029,-2.31962930381753,-0.0324034857377761,-3.43278357574518,1.36498526809933,-1.05355255227353,-0.59534826183961,-2.93429900718909,2.69195639864743,-2.36048136808911,2.29040668634245,0.639409492108713,-0.812841848921033,-0.72829664256976,-1.57307151396692,1.13919871685105,-0.442039650064068,0.866849064753374,0.636109457631871,0.673122356767568,3.21387870427595,1.51584465434962,1.06077601049142,2.16869513095793,-0.501291429451647
2.13720226321571,1.34930624418614,-1.01593537544085,-0.327433564071404,1.37723456405888,2.27083543944761,0.877460119510337,-0.0985999970756644,2.17326809953851,-0.707702958090214,-0.126557993843402,-2.87270041485963,1.91077770868281,3.80120030553193,-2.13103389670722,-1.20035650230431,-1.33384033150455,-0.879813932544955,-1.6796486567062,2.05156883083319,1.28589537782545,-1.07872231441641,2.27814426266216,-0.97762280704715,5.382764034737,-3.11104304935451,-1.7522633575622,1.60642244248669,-4.21202660155518,-0.847825350058101,-2.40625322687576,0.293327579693754,-1.51752410031602,3.10069841100448,-0.600859513744758,1.07734795110974,-0.00744878077659641,-0.706540355738082,2.58111960305667,-0.0710735253019164,-2.23273978533576,0.27416186827981,0.821039775651913,-0.754362225500283,0.413185666815632,3.51195481385559,0.169745695638181,-0.803992962560876,2.29499839468901,0.759790801558722
-0.286515889390208,-0.901392265353769,-0.00349963438151753,-0.296660168091577,-2.65314701807296,-0.0950979007074138,-2.69867055006201,-1.76708930326269,1.50851239732949,-0.686397813722614,2.04931750052047,1.50909726021679,-1.84761715231672,1.0270226764537,1.67060605905521,-0.475770016483126,0.372621646841881,2.79877791194963,0.274387171302232,-0.720166192010923,1.41852399762381,1.07650441376873,2.58872054347508,-0.956789454790176,-0.263873044761483,2.14214059687389,2.81557010807416,0.817969131456641,0.309081572572904,-0.218749422928533,0.747951084510598,-2.30862878083529,-0.0642184324665177,2.202337891879,-2.09330231242728,-0.909388611711989,-2.12612352511136,-1.47981170887137,-0.175461661844337,-1.65614353016969,-0.396124133453946,2.61057774500656,3.56161115908471,1.72565040396243,0.115140006995091,0.849330995229469,-0.831403503167209,-0.521117399999651,-0.526389906162079,-2.380282133333
-0.388401756206494,2.91721525308903,-1.70743177354405,2.73611026698756,0.164288199219224,2.06213572339478,0.497809919549947,-0.644302636726373,1.51515960416808,0.0289274202428826,0.580395352309685,-5.33060904929638,1.57138590676688,2.32641868216606,-1.5791672033858,-1.40061880256048,1.91584630026775,1.63933073300311,-2.7389254916739,3.96545791935762,0.406518291870766,0.424856362978183,0.934759391658631,1.52251733012833,3.62571016455758,-3.701995602012,-0.254105388351184,-1.89869144238616,-3.19006661821123,1.08529998896512,-2.0477795361742,-0.146029071709702,-3.55932104249425,-1.15929141443285,0.489039793256014,2.1839080680895,1.23648931712843,-0.86943014519161,2.73923208619943,-1.53341354508023,0.745939851723761,2.50462793081583,0.186604998050925,0.359126493575079,1.7800390165219,2.42249797898404,3.51233368731855,-1.5948831479845,-0.514817990147512,-0.554349493221301
1.12164101529703,-1.40522562322387,0.561339205836282,-0.337466444705239,0.220174901621906,-0.961783074991429,0.628499046622646,1.38040523569621,-1.62779030491308,0.134436650997896,-0.293962012088179,-0.765977490469059,-0.653117149756066,0.65145815269988,1.2306736842522,1.02393417731113,-1.84288622610309,-1.824326203387,-0.637224110874972,-0.218895572200263,-2.95165555483186,-0.986680093955945,0.0430370685985989,2.09757671502186,-0.853639761046196,-1.51646492270209,-1.19983040030786,-1.98786543234045,1.81923672348205,3.14891925425103,0.138207529685296,-1.07933242070015,-0.114413263939655,-1.7245020169077,0.673699937568581,-1.13261895667572,2.28763486470102,-0.983755292859783,0.544342465175102,1.66771811093244,1.37537872604073,-1.05643669602221,-0.735738501425664,0.72888698352725,1.16383061005289,0.941919241084841,-0.249455710525064,0.119237909221776,0.999856206839599,1.09361536317168
0.59378614031866,1.09779912916259,-0.527267199585128,1.08953547909525,0.969036072688585,-1.02344272320503,-2.93864304496917,-0.689832535854786,0.517935928043658,-1.10810681700136,0.471161978817996,2.06810147902686,0.73885292951358,0.946904088955492,0.635637919465369,-0.179867056855202,-0.069189068898709,2.22319245134027,-0.464292292705926,0.12893345427776,-0.61754502732095,2.28279901716233,-1.1148554950118,0.648221232235636,-1.29967577211311,1.87352246107665,2.1665647007946,-0.32777709099277,2.26242746391305,-1.69770788972551,-0.876716528862818,-1.10592720737854,1.41818571397941,1.76550693390111,0.416299437975425,0.196214774805472,-2.11536812368776,-1.48469721130913,-0.170780115959054,-0.776177579298929,0.286548607639844,0.996011348451369,2.19878670203206,-0.980117256045433,-1.34526264880692,-0.433017268560506,1.32654199244473,-1.0739614837049,-0.485331680032796,-0.821360796578261
2.00165973438663,-0.408617724358602,0.641172248884457,-0.688755536733625,1.16023804379486,-1.87149931318472,0.878048848430919,-0.0844790425183988,0.463430435727931,-0.174919767175032,0.110617145993245,0.851358503984222,-0.268497056024958,-2.05732181924125,-0.521454653864245,0.270674814023131,-1.50076471228607,-1.38616828846389,-0.649296702306297,-0.608414968415464,-1.0078485104113,-1.7539223957324,1.26557064541721,0.368329521616267,-0.702778341309971,-2.73105688197917,-1.91006638992374,-2.12638331737136,2.68541774835939,-0.116860755596585,2.02174411169851,-0.0575645762956256,2.14153868120881,-0.342440203423925,0.194030268412321,0.614064647480916,1.80729574550423,1.70183673204583,-1.64818836857692,-0.162175983592791,-0.149574242103285,0.309062642416224,-2.18736661348621,1.04602228632027,0.789188062640563,2.21477697010028,-0.871492367978488,-0.321388494065837,0.947971383809182,-1.20305921389806
-0.574456986848167,-0.490447506633641,-1.22458429619875,0.234616482394521,-0.278738541389308,-2.162421673101,-1.39737959349937,2.54762676284919,0.43148822091912,0.0209579163528541,-0.0347968450128589,-1.31045169053973,2.41330714550113,-2.32032185233955,0.445156866203705,0.88000592045596,-0.861577000811697,0.888792649017813,2.13720631215438,-0.366102601971191,0.662629756720278,0.0512428080600325,-0.19028963805958,-1.52601793807023,0.0468947191662551,0.490604205139301,-0.185559994791793,-0.0805378869924161,0.753636497836829,1.05308128485461,2.72569702847065,1.07867829302734,2.19762346040362,0.670531156452613,0.487733937433905,-0.515193854723458,-0.464073704421082,0.187260590020225,-1.29662327998899,2.24626127366165,0.251701202553426,1.27060808753827,-0.860139882972641,0.157120617224993,-1.86477581926188,-0.929973178515813,-1.22639636930781,-2.94076714509316,1.24893274821727,-0.0195499148547456
0.387191341682194,3.27838009809628,0.980192864734075,1.24963631305694,1.8305033323627,2.25865230776301,1.94794130244623,0.183507819207843,1.2266712141543,0.22462038786369,-0.7989752644804,-2.12715359453072,2.49730129531378,5.33119126318168,0.531948274946963,-1.8436531043403,0.272106484619181,0.316172342622978,-3.17551759670183,1.071502154186,1.07310409331345,-0.273228242103468,2.17701250149718,-2.48314596753769,3.15722148235849,-2.79876007210628,-0.586838588327649,-0.00634838043890346,-2.44704402869065,-0.12347912194922,-1.27716318919125,-1.76946924418712,-0.846211656806372,0.361820011319131,-1.22019582526094,2.23260011012491,-0.320611262634377,0.00962667887629176,0.837061139657906,0.22417192434829,-1.46627220463766,-0.851576857254837,-1.37237549252232,-0.145148404161277,0.98981447699026,0.305557662350255,0.278380547874657,1.45362838725008,1.84699826937196,2.2391555057578
-0.269180792308412,-0.734052550145596,0.706692771060738,0.674119949075855,1.13654677247713,-0.367052631453021,2.45803477574284,-1.69078768418422,-2.04649095569049,-0.629649612704342,-1.09933298690201,-1.16950117354648,1.13764267200981,-0.453209919779468,-0.510390511159361,-0.649321220086513,-0.15362518541806,1.49288681235986,2.50542623037114,1.64692311209518,-1.5627915002793,-1.65191738894152,2.14490636421501,2.89862725779702,0.0997560923175136,-1.34100249973172,-0.439455907506107,0.311738084661431,2.39668117212697,4.41209337017471,2.29701544266893,0.456239565458459,0.978421148031311,0.0972530701680132,0.106727044550508,-0.023183567050909,1.60715327662161,1.78008541966262,2.78471950852962,2.10551281443177,0.014966613194118,-0.880376176624713,-1.49936136737902,-0.308060278928125,1.79318947351723,0.933222868380003,-0.340636271739969,0.850103025603739,0.858128730668307,-0.0227429997322127
-1.48795723782438,-0.513924752079369,-1.16481331417996,0.937078292914543,-2.36239439663996,0.405564640939073,-0.786765105451312,-2.45363951651778,0.918322192965027,0.367426708899298,0.073070759872804,1.44106571149774,-0.628515935259192,0.934084774671772,2.31658034445053,-4.47757196972104,-1.44114070854321,2.4014950131967,0.114521917141347,0.872636958003068,0.806774479311614,1.5962287620055,-1.40526593017715,0.562420969042384,-1.29409095185415,0.00144444385614029,1.20928506733579,-2.03109038427438,-0.828695429283988,-2.90390788805825,-2.0276339020394,1.29530183066244,-1.20946866733209,0.0967009711304544,-2.93657041545553,-1.08699760713262,-0.373805652484594,-0.239775076511074,0.574190546548369,-1.26560613363618,3.11758875400519,-0.538538145213865,2.70856578452501,0.821740843175774,0.346372764111197,2.08447069916256,1.17298603605536,-0.930716057340463,-1.28026418146753,-0.452208256619714
-0.860755383294919,2.17797725167593,-0.491050823383134,-0.141680336368087,-0.779838684014568,-1.06942287642738,1.15876112945045,-1.47342940399851,0.867624950170442,0.624287995939732,0.187230387531402,-0.0314106475763978,-1.54903050292333,0.123821387754806,-1.30774486420235,-1.37568511612013,1.38070542932898,1.3665647132809,-0.0461282820325655,-0.443239337718273,-1.23569659117575,-0.520014141513498,0.219958830057475,0.732897890823232,-1.1905353305158,1.59397392020521,1.86999889632778,0.138297309808948,-0.440572261025112,-1.68197575020048,-0.983600281988242,-0.665158591514671,-0.838992987305933,-2.60256231990859,-0.59839017343871,-1.63572048267528,1.64308877894008,0.488025851899342,3.49597482138414,0.139831663659611,-0.187869584997717,-0.501220194139116,0.867836829423097,0.67698977154896,1.20216318435048,-1.29851253711298,0.642107650990989,0.0944576791419676,-0.538002980627543,0.111847859816044
-1.68255049372198,1.73589763304532,-1.23805119898272,-0.421407729492114,-1.33347124080919,-0.645801129419413,-1.57326082798376,-1.03447510713661,-0.0936338247715047,2.22775932594672,1.93568410796651,1.34703263122962,0.417408955821963,-1.53183687120379,0.812983213637226,-0.209268540467125,1.07565813472848,1.66354118168149,-0.747446288624797,-1.55547592167491,0.593830892678142,-1.51146817900434,-1.77258534247432,-0.488063169521529,-4.22813429951372,-0.00640549226071604,1.87536151501431,-0.518459807205942,0.90870673552429,0.371642133007266,-0.423009068804454,0.0866250504586518,0.762400715333923,2.10581313704927,0.707380556672564,-2.02097615968158,-1.18649392430172,-2.12486151173792,-3.05167235280478,-0.660607889037073,-1.64873718815224,-1.32305000193654,2.23097343856738,-0.105210785373394,-1.14536077227943,0.888560944771079,2.27743412515446,-1.57509632255043,-0.318497421200432,-0.0637958204461105
0.305700008834734,-3.9489077780171,-1.19270759040724,0.032446023430725,0.639229330039934,-1.62090461825682,-1.50425076629389,2.61880637072958,-0.0158818263291812,0.818712453315003,0.610646955961769,-0.0694715227330757,-1.24127477694844,0.205817144519643,0.625498617844441,-0.955214577199682,-0.142215205751706,-1.06060492664491,0.98343389000918,-1.58170964713259,-0.303125128159617,0.975120508208807,0.425958270127092,-0.186441901214467,1.16633353719887,0.0062140804834937,0.630912035042078,-1.2835713757332,1.86539888025685,1.18063535946007,0.123000893812815,-1.34773960937519,2.02822244214748,-2.00485764230432,2.07964996907229,0.0947901575979281,1.64661537302319,1.7849622910192,-1.25740391752287,-0.898879032585184,0.752309327277058,-0.293435422602632,0.147675968978895,-0.386994184601753,0.142378284128766,0.361404157222247,-0.321002174747557,-1.69475703798375,0.386645775620264,-1.21594426392588
0.44464371891442,0.317614026120056,0.0782171223745677,-0.0443688867181395,-0.582243635421429,-1.14268712442382,0.232215172083969,-0.879754219565037,-0.0410149815912573,-1.26088808584664,-1.31276221229719,0.689166268252157,1.61603116777766,0.792848278424923,-0.268809435210459,0.536117429991489,1.49681740506713,0.453709981548767,1.67037388502238,1.25940086285324,0.439762201319396,-0.899181288163172,-0.901612387094389,-1.0619371967657,-0.564039394637808,-0.537337770898077,0.936393639154269,-0.511630661687714,0.613623597458103,-0.898122441604503,0.356266695297555,1.2177326168061,-0.388907732408515,0.115866546235498,1.28592631043667,-0.11136142210038,0.0911556035315384,-1.81660323757324,-1.19070505547739,0.817987868425993,-0.551313083507242,1.3511271963153,2.51359563849906,1.58956185586517,-1.60886880182007,1.27414544476365,0.711930472120386,-1.4325273202422,-1.46304744823696,-1.99412632763456
1.20927138742792,-2.55396250244876,-0.831512415607007,0.183216173900568,-1.32126271982288,-0.43911669838986,0.531963940992397,0.750199124779088,-0.935202276514948,0.230678053371362,-0.94568917908274,0.528863963314417,-0.838485208649582,-4.39450040537288,0.240386885890538,-1.05863848643987,0.855435391868617,-1.04920377572937,-1.49515275003837,-1.83163122724235,-0.954756929409639,-1.03563788439937,-0.640478057445476,-0.141559023468557,-1.68669943931424,-0.402926284588121,-2.94564914419239,-0.775531355685713,2.19934467105233,1.80196977808187,1.12757148594123,1.13425556968554,2.36771173512018,-0.457761879046558,0.678986395747282,1.07668565287151,1.32435773111341,0.684793267908283,0.636707662465747,-0.624287715817661,0.646518201348748,-1.28167634038257,0.100453949008306,1.12677071242084,-0.311578585920256,-0.503122943077498,-2.03657159574535,-3.68536710950289,0.958173572658308,0.473896321571179
0.758149721195313,0.244139304146534,1.30141142937019,0.0439410738939288,-0.473627178082169,-0.422853773948014,0.239327836985876,-0.0752369547377912,0.281858985132921,1.02337215268255,-0.635385075177103,0.236231397590989,-1.3829189420632,-3.01500409921933,-0.38343340493123,1.83376277985889,-0.228088284782165,0.432961193637365,-0.528617798091342,-0.312843347725315,-1.22333317348914,0.40988677152517,1.57584781931492,0.476867062568485,-0.608269969064359,-2.66206522705597,-1.76817486262623,-0.495354739634151,1.45850294272786,4.01494790752919,1.57549004596743,-1.1750141805647,0.0944771503528348,0.900052274624073,-2.5009498396405,0.76436747983719,3.07945387437653,0.901280131746283,0.262025514258186,0.497692826172828,1.39115877626516,-0.513138701981842,-1.74862948654743,2.04122466014103,0.161931589231418,1.39523056718823,-0.0438418210113084,-0.650603822477922,0.585837715371391,-0.622727053549296
1.68971940565948,-0.486771813807112,-0.196908651228823,-0.485433443987162,1.03840322380039,-1.86147764571819,2.51905001294537,-0.346123618002652,-0.722278665833286,0.270254499135367,-0.718185780698524,-0.315957526585337,-1.10303478816412,-1.89795521803578,-1.85110637491343,1.05416374802525,-0.369683619133903,-0.301269931041899,1.78739929829121,0.130065591222647,-0.917068207773012,-0.37211655023422,-0.168467683023742,-0.65419080813666,-0.250477392551715,-0.0740725825982728,-1.56044683631671,-1.41256880491557,1.97069192411074,2.38021750976963,1.55553085806308,2.19394075537888,0.228050674756013,1.59997393832106,2.71137756601591,-0.0235470888391215,2.07807216902545,0.146758097954378,-0.185566869959991,1.34955823716824,2.2089583010655,-1.56319263797349,-1.92574929142274,0.79160469653506,0.405734842401916,0.960682066508023,-0.897936652950446,-1.69326126582411,0.0664606983246773,-1.46193849581368
-0.3985586737957,1.02132255882367,-1.30188211254701,-1.19718736978364,-0.876823901985055,-1.37487872195299,-0.937966626147254,-0.73531844418676,-1.25440581718597,-0.602993497222062,-1.41334147329219,2.39756042172255,0.0134019611985641,0.0292494634698969,0.191425136423568,-0.75666468119771,0.585571859523866,1.13247962554051,-1.61169692675617,0.110578161958271,0.786467275482849,2.47798074275678,0.160883859886808,0.29261101064843,-2.68515112840611,-0.0620385705029447,0.455373263858426,0.426954463309695,-0.995768720173393,-1.98152407782184,-1.25347734354996,-1.85509840120519,-0.888725673374998,1.66054702160597,0.271770287050381,-0.933374160457267,-0.840772583038767,-2.7076200582089,1.73797544843142,-0.834985061439903,0.296640003430078,-0.534474269819204,-0.523228514928331,0.432506549891022,-0.751426336701552,0.20117692335158,-1.23989559866131,0.542117998952743,0.388440560638222,-3.49531785730356
-0.0897157579144257,-0.796739208807896,-0.425427267874842,1.31849166404342,-1.19600597544081,-0.243582939669853,-1.4237407321988,2.08704945798532,1.3722223948962,-0.761360788532899,0.0411743424239414,1.67832588938764,3.48052676683032,-1.18140373188898,0.272929635116101,0.888372319174012,0.859888800843481,0.589819981211771,0.835672091629466,0.143927860352113,0.393263269909902,0.824295124554912,-3.32063860168536,-0.719751792909263,-1.95659845974903,-0.107513482565355,0.0593642298818993,1.69399465484924,2.0917141748418,-1.27945182680382,-0.863001551820179,-0.445831775024781,-0.425575829042806,1.15644431997148,2.18031820574481,1.80368668665873,-1.19265500343678,-1.18269856260217,-0.170311114956433,-0.791540581712885,0.423746953225022,1.60484520419926,-1.06787776613936,0.0119202863132441,-0.39848505366207,-1.28656108988189,1.86914225961521,0.865457531968211,-2.69947159653071,-1.90011876958232
1.48290265643285,0.543077801784822,-1.2669628415704,3.01057831799431,-0.273332802128325,4.17010849645928,-0.0276438760241555,0.8159132308066,0.648239277373881,-1.36356395759753,1.74617780503622,-2.53666865549602,0.308881356480299,1.62591053863933,-0.362545663411636,-1.38065584613736,0.819109244623415,0.778285892454158,-4.00862579208287,0.504075487458585,0.34473436883254,-1.21244892310528,1.84594088357834,0.809412928480185,5.0717592900456,-2.69295928696434,-1.14997850062361,-1.73434935086024,-3.27719227777648,0.227591372663905,-2.31044032665933,1.10189380950196,-2.54721305314874,1.57903786090932,-0.751583385350789,3.98145992647252,0.224205880646602,1.16050392198766,0.604588498961189,-0.416888285777021,0.456915893846252,-0.42082311073036,-0.0734705045236327,0.15686551924496,0.450015698930441,1.55406915766641,0.804369206827864,1.41805153263192,-0.980759057839726,0.435035727937962
1.87474952085259,-0.276071623906448,-0.220946290415067,0.171359636727368,0.0374776570045409,-1.77234178231931,-1.11618841470626,0.31457641485841,-1.35370029581324,0.212144402157159,0.505013519436202,0.127205259745791,-1.36373256931251,-2.1938763212731,0.115468067706557,0.936074948117295,-0.153070262499628,-0.355094398700596,0.231846239836464,-1.69271540642752,0.0266175980548185,-1.7808144540985,-0.6085583174294,1.12272265690941,-2.15449882276997,0.0134439208041989,-1.74401970050012,-1.7779579782172,1.94332634422446,1.46853955783919,1.55941362361785,-0.602722899199067,0.882093338229611,-1.21644689147018,1.42099294068129,1.59400979810585,0.640674987600324,-0.187816130229822,0.35661694446439,1.38311957560291,1.94303406436333,2.35999690296266,-1.21105709350505,1.35443877428114,-0.949051406540189,0.129423257300216,0.42729374970261,-1.73018584649059,-0.707813840059771,-0.161567980814403
-1.42269423509333,-0.447568497204457,0.0252824922171368,-0.0514474196211489,1.11209946454461,2.19102438670413,0.801716470509658,-1.01381275727629,0.551281593597608,0.805659436727274,0.0715511278168966,1.20450165306319,-0.66925642369233,1.77360681269787,0.86341564744238,1.28234643018462,1.53050259847965,-1.01133978155456,0.676661961904926,-0.594803619939828,0.773046721486136,1.45347048370201,-0.467182980096475,-0.735025626747152,-0.114248577362492,1.660553818156,1.33991954345035,2.12837163870066,-2.83946169643642,1.34165258085191,0.24239481356591,0.530241478087352,-1.01394661527198,-2.28283826709102,-1.99250063178157,-2.83556817280249,0.843973377252303,1.65116487152073,-0.612771213340377,1.75523147932731,0.389894004080969,-0.602405762147923,1.10174005507741,-3.11078507556371,-0.354015828277717,-2.15457915209887,-1.40013380642171,1.24357734443439,0.61265060089813,2.10977685739534
-1.61407090548899,0.542625913283764,0.0630470717834044,-0.0134603631584563,2.99495468656076,3.31331956775361,-0.439730482893237,1.39186194102853,1.19411100212675,-1.07489631725944,-1.67185376938249,-0.91797938170363,0.513512921940153,2.65799255322161,0.00726280904415152,-0.361510514310802,1.82066118551255,-2.49047872596722,-0.0400090546954382,2.18775605147106,0.832559445957389,-0.804759811466059,1.16484546657482,0.759152303075502,1.30841086386178,1.90922608705575,-0.759286581596275,1.32131054139802,-3.88942563301689,-2.29693672181447,-2.59630054686191,-1.20188043215462,-0.853817856268207,-0.232244140083445,-0.759388686657646,-2.05871546294259,-0.0492881207598879,1.29158809614952,2.50487757282838,0.439067011215416,-0.482798335396789,0.556534166867321,-1.55359652303545,-1.24135215457478,1.01691413257152,0.273754666351769,0.656619060715183,1.33914797497617,1.52310219702856,1.27605585231405
-0.657057228062633,-0.953440441551832,-0.264201450086729,1.41929365391457,-0.945435514815821,-0.578309457652803,0.0774190441339899,-1.00104563595484,0.874839108633815,1.56007768332331,0.860117394920521,3.59233016963935,1.50726945998956,-1.51491170102874,0.0659078282652164,-1.95076967156845,-2.2457397418928,2.52321664998617,0.407858182491502,0.0559713977160758,3.30363969673129,0.22422744253131,-0.46758991789333,-1.06310756555798,0.699441383485973,1.17916281222912,-0.816532452402424,-0.612208928120329,0.892683118598574,-1.83478836201687,1.23755675481968,1.31557105404671,0.305744586039552,0.482796875003717,1.06320651463582,-0.165221245711999,-1.98924867459455,-3.09004905194272,-0.061848277825553,-0.576067655069387,-1.25289290567025,0.116969785897007,1.60456660319465,0.41076334166525,-0.0641989074111833,-1.72108909666896,0.75962978694458,0.0446909166007307,0.185836016891965,-1.92683730095293
1.3908618340553,2.11132930378473,0.224292819799586,-0.39576061058053,1.52241723648413,1.70703781499702,-0.223440409912993,-0.635481888657004,2.22469319362146,0.23141447576648,-0.557921184310517,-0.741061772788506,-0.268629145997807,3.17724377528007,2.05064247097502,-0.623491825711369,-1.03406627358468,0.0764123209889202,0.777042937003166,-0.181441092752468,1.30928561814243,0.614009691368012,0.778242043155989,-1.77489410236435,3.04026502806232,0.860394992168123,-2.23194484906401,1.65627524584603,-4.92692659248992,-1.24621238680855,-0.327655001305389,0.553394840878732,-0.604126998455659,-2.6177848511111,-1.63864905494552,-0.166104037848984,0.455288153295396,0.327987308459117,-1.45496591168448,3.09915549622955,-0.654687788797529,0.731957160335551,-0.169599592140685,-4.00310294259681,-0.432736089351392,-1.60120758817208,-0.278213645491587,2.06394807659975,1.18315801663828,0.395541356745574
2.40296536454576,-1.19515154154284,2.37789387048618,0.468565038140531,0.554977236723535,-1.28525980804888,1.84825717653902,1.55809833144353,-2.14228598470116,-1.02189523801916,1.55732431756689,0.263827193123469,2.11005232341907,-0.765298842359968,-0.706080535533004,0.105096298123724,-1.41790781953205,-1.13071765274927,-0.733710644464592,-0.533723663394721,-1.62689899863748,-1.24917559461321,-0.249199635686012,-0.0345297691576991,0.0725478183878489,-0.487049658796684,0.317276633701528,-0.520841302653109,1.25138719991606,1.46168242531127,-0.315980917905424,1.15338195599162,1.79533521183665,-1.95670227894892,-1.35574000913855,1.38762430632898,2.51549835792375,0.0459990498424905,-1.65514844547828,-0.306124403821247,-1.23362100437066,0.343200159400434,-0.324675456850083,1.52177995355321,0.655730182602858,1.264681523559,-0.415340665609196,-0.699870382855049,-0.565219926555286,0.657379461403521
2.27351608475207,1.21296759865238,-0.374892175452723,0.922997824182283,1.58665190681692,1.6262265830653,2.42741782744603,1.41357988615626,-0.543051037703406,-0.296055167386673,1.87767121511773,-2.19651756023503,2.00855816551501,2.34808683171675,-0.519679376623084,-1.16119777507885,0.0702726016857297,-1.78862136049735,0.0489539354955033,0.231521256752054,-1.01364008968562,-0.668827519893342,1.11870247931138,-0.364974358785186,3.93701027063024,-2.33639715219573,-0.827030888787261,0.197080532806257,-3.13876797498488,1.23057639900349,-0.973019743194381,-0.145444089228278,-1.45447774599727,2.27832413996388,-0.181647935133021,-0.105256354019492,-0.754193492099686,-0.00140093576277184,1.32822270063444,0.197473265651468,-0.145105454375971,-0.331270393727224,-0.29630709521312,-1.69017703759501,1.30943194212971,0.683664679964833,1.3514226835553,1.53382153221062,1.48184935906027,2.82668405220578
-0.126595744134961,-0.164416597609816,1.25671919919258,-0.645400217405599,-0.997091665670571,-1.49490114620061,0.182829937851386,0.459343609905194,0.416207502849244,-1.13485306712731,0.267986844352886,0.19584765898561,-0.557293258987675,-1.03028995893298,-1.80987889536311,0.207334273618344,-1.40799642148965,1.05302014558161,0.0591891811202817,1.25845734084141,1.73711927436609,1.23722714948239,-0.528129164747181,0.57755059744527,0.980243980872931,1.61556360543029,-2.18428199236621,0.0719117833417454,-1.20050320121038,-2.32044475238553,-1.18082845635978,1.67957541387284,1.25978078230574,2.52710175659914,-0.109018821915848,0.592840764011319,-0.687834978083132,-0.419684918228695,0.563831769207509,0.338945361525696,0.00458469052749251,1.07818359860959,2.19495779994795,-0.340473015412055,0.437217931029834,1.75708899261739,-1.58796526458882,-0.340187939920726,-0.78046871051439,-0.867886527923903
-1.00494805842362,-0.906142401228995,-2.01402657556621,-0.685198253013533,-1.12489750618391,-2.34511928768828,-1.86228926578616,0.7232282497772,-0.501936980142276,-0.584465406412953,1.69469647578246,-0.252863873089246,2.02811114194995,-0.665342256244564,-1.30200870550942,-0.324411325823558,0.659521584633104,-0.292261663462867,-0.746845131849326,0.395943949189695,-0.281363530791626,-0.00941223346503051,-1.47397128762804,-1.68148726256994,-2.57948204691141,-0.460276879554208,1.11755971227172,-0.941465055135241,1.36144597373713,-0.404222273347587,1.6737477740765,1.22483951504264,-1.33849561470547,1.71096642921021,0.0694156647856086,1.47672962054593,-0.199184298379226,-3.04557001483938,-1.04830726641064,-1.31524259396162,-1.15869720854511,2.8476154769993,-1.43442910207172,0.888744324232066,-0.422939804151177,-0.32575321795903,0.357217285542857,0.820442779536841,-0.0690447487468982,-1.57553239248782
-0.268314165179879,-0.783249554617614,0.243509185712119,0.58965271397322,-1.82294788756297,-1.29878251052586,1.51196501013272,-1.87557414309513,-0.101618578102406,1.49059124623048,0.175475527678136,1.16156794037796,-0.940120004851139,-0.584016735405987,-0.0247330473156396,1.22754013848449,-1.70142389974794,1.06731334420684,1.20327759202534,-0.649540942427559,0.958215638270414,-0.274467878159046,-0.222722031293793,3.16897313604436,0.0112292215402722,0.887707555250191,0.896262490667103,0.384474195905454,-0.281604047374887,-2.24069178272615,0.265381315213833,-1.74997003751144,-1.23675502790467,2.0934796113012,-1.1482011502414,-1.99999532921094,-0.492416243391356,-1.02526063894749,-0.37195665304225,-0.763493218755893,1.27593733323927,-0.205911542505249,2.42682324304145,-0.420829548368194,-1.29163360845582,0.813467679953577,-0.239062014795584,1.03680560976821,-0.355554931795091,1.27675543587082
-1.32710328968999,-0.237810926538589,-0.233799382046764,-0.518191871327207,-1.28893229404298,-1.39294835892855,0.259961571580896,1.52903595356289,2.02152099844164,-0.0571434163104854,-0.0192128957889077,0.664766202386107,-0.784599948869351,-0.634456893704319,-1.11736234744239,1.2038789524773,-1.56938419108131,1.35527700853404,1.49110619696617,0.856581424117348,0.894624511842652,1.16258509896226,-0.821267783339967,0.706886462039876,-0.248710088343774,1.49979608264064,1.63154230536193,1.63603460901063,2.15448022615415,-1.69983559731068,-0.520718122796258,0.138685243924713,1.13652027537228,-1.04974398762126,-1.04836485275904,-0.895021679285579,-1.33204653975621,-0.724669947747691,0.956681693319261,0.507368099410612,0.0727588963453701,2.6892717288189,2.1887003343449,1.46092949766533,-0.0276414962556365,0.7609858410453,0.0914393752458789,0.0048369752596846,-1.19350019811281,0.17830534114806
-1.87562776012956,1.14065987470112,0.341544874654618,0.909049913691997,-0.798357008896374,1.54458353631978,-0.865448484210801,-0.381108744560054,-1.57608914387579,-1.10521706304578,-1.12076248732131,1.44226953166952,-2.15209187577508,0.453440569073579,-0.485386115236911,-0.327581285857785,-1.57679960816287,0.0760111229285445,0.321089868509809,0.224652259662715,1.39363813204472,1.91124815900036,0.315248519343668,0.27895068596093,-1.98210757977855,-0.22564471983644,2.74226261145617,-0.67154765714262,0.781685866805191,-0.159410057190701,-1.67077920041623,-0.608922413527387,0.191833566820302,0.791176898746207,0.87964507784575,-0.686332292252447,0.209322515198146,-0.939284908567659,0.947092914903221,-1.15153942438632,0.624050597101573,-2.28867562245941,2.39264293124197,0.158179209671289,-0.430460223637854,-0.175026115839733,0.404863937447098,0.122858361050532,-0.646472865199524,-0.661560891112547
1.08252244029235,0.190394678353309,-0.108376338485446,1.21418843356957,2.45100941991756,2.51294846154164,0.766528510995377,0.1429461185674,0.947075340764919,-0.129875513313174,-1.01878874243879,-3.65602405622242,0.723858126140944,4.10391266461836,0.44029109232681,0.116619106796637,2.08684722085045,0.573295071367581,-1.93079071405167,2.71851113156857,0.969936495181519,0.27891980130497,2.8714939673452,1.18198456487178,5.49099665520732,-2.86731879924372,0.362741302706685,-0.539667149537133,-3.16909872005076,1.30534303040809,-0.651059938128376,-1.13502189685066,-4.10387121289212,2.34706700723556,-1.0153414656729,0.447179119316551,0.129877496426379,1.57529261360477,1.68849629877602,-1.26930225201186,-2.15749984335049,-0.251475086827541,0.535443075113114,0.249298371071025,-0.202124287393195,2.64849200400731,1.18025285311938,0.824736544951957,0.867574635087387,0.66840804018817
2.43999059656603,1.36586980194095,0.489142638765817,0.055375718700276,-1.11251259686564,2.08459642628914,1.25022854001369,-2.66897043042131,0.0973219397337946,2.15349291088361,-0.805141179921858,1.06565571325456,-1.55690280526505,1.51747569938864,-0.345152377246071,-1.72339197152923,0.0621345610388779,0.0844975316555784,0.628705743137139,-0.872919879643305,0.687793455054638,0.957578937737178,0.201531900617064,0.914820697094373,-3.10164003423206,-0.0367806144005972,4.27304276914039,1.31460879697569,-0.0216932226757811,-2.51274241119339,-1.20878921022595,0.0138689065372356,-0.429821911098594,-0.47698557952665,-0.734825101346015,-2.13717517469744,-0.619718738543857,-0.394693689328979,1.60141200029229,0.0389341777099557,-0.301092601856257,-1.4005175408348,-0.187694015231772,-0.291371973911898,0.344277810932953,0.423461641082424,-0.378330916692716,0.713081883639196,-1.8339445940606,0.662846283077602
0.0660105978698333,-0.745284254853914,3.22319447168157,1.04055123809415,-0.157478807058387,0.815363067759565,0.101074753148064,-1.91798612694805,-0.379387607952561,-0.40334667140772,-0.977409602428812,-1.25315918066464,-1.15613641410503,0.653908740148285,1.56282601434769,2.07369314448722,-0.732855570754028,0.450568403509017,1.37055403901951,0.491879533814875,0.297883262422074,1.75565990423869,2.97903054708843,1.44940361793989,-0.509475150883368,0.414393404642055,-0.0335194488948995,2.37078813771516,3.34905360869512,3.76744968758053,-0.372714311358853,1.50764458433578,-2.42200255232453,0.218853978535943,-0.812840167302916,1.69807476895887,0.388557917239849,0.471766506826712,-1.34584847420643,2.23210783894685,0.082273788356015,-0.850691490746225,-3.27439542074168,-1.12408190043916,2.44117255331275,2.22846933251635,-0.707972485902127,-0.531347844015812,-0.310066318177984,-1.55552044890166
1.2222456430199,2.47196359275665,0.281692494122623,3.18256756518083,0.382315056087469,3.9901542741118,-1.04689255952586,-0.780737402855657,1.27182424432352,0.657170492607147,2.11658117115069,-3.00414766030373,2.0519340042116,5.18029336834554,0.172103868727074,-0.521147058060714,1.26580794867858,-1.71249414372991,-1.24127940305587,1.35445371579566,0.557346047739965,-1.28196074440058,2.85328268633079,-0.560010033830882,3.9895454400772,-2.14857531753549,-0.15395152815185,-0.0906689584591027,-0.777321221570909,-1.3100908303189,-0.990328396809048,-0.259080443635262,-1.18324825426673,0.818066374376593,0.986082933729717,1.22956401462172,0.524498605618207,0.613879976901544,1.87166862525717,-0.367782103133479,0.839051906451332,-0.876381233532566,-1.91572896874118,-0.197207022299551,1.47543547555475,2.57406685946844,0.662140518945736,0.75790926127999,2.94609626203473,0.161134881275535
1.13645601281801,-1.67437745225761,1.12792070318064,1.80743574677422,2.38785962602921,0.297266212044397,3.20293978371172,-0.215661205943703,-1.40898509831844,1.73203947449492,-0.347997478521751,-2.00129069767327,0.161886421529881,0.87546043248387,-1.02822780650835,-0.0825479633544577,-0.0228048052272985,-0.320051304102297,0.510611444882305,0.221442998619532,-2.54743584870118,0.675544253354227,3.22392534401923,1.53406959382992,0.0139478798097862,-1.84438139233383,-2.01408688068657,-0.235620951369816,2.2848964364877,2.2252951732476,1.44698442816701,2.39301435394365,0.733732128928358,-0.907790371381584,0.0765981890950119,-0.788310908454534,0.763006942853592,0.477251715864186,1.01404281807601,0.626117208891125,-0.335306675553397,1.31804964419962,-1.10831804080415,0.925158099883804,1.37633567908995,1.67029622999868,-0.136407516055429,0.387309574181454,0.950622749451874,1.99113269258983
-0.577513799897186,0.323334303190848,3.12680903835938,1.93406777720913,1.08217768069919,3.06974164362193,1.01329659357603,-3.7769000016675,0.657991610003176,0.282103595147105,-1.23362271978831,-2.67627743808247,-1.89290078351216,0.620401521653956,1.62712779430593,0.0564317447063052,0.461490429664476,-2.04853865244809,1.14122699255807,0.898373120693676,-0.67106982831816,4.59967591749058,1.01212120589144,0.959272286218766,1.13698989096165,-0.0366101120896754,0.9687211650547,2.06470009192522,1.36017991555512,1.46526088468626,-4.44572351037444,-0.457012487263845,-0.301147217527656,2.5810839014528,-3.08953113468828,0.155271336288967,-4.35749236869932,1.7850575646709,-0.346507197777589,1.06776427048025,-0.680014099668137,0.630682721731229,2.62508920854308,2.24419584232153,2.58035964282363,1.63780879386485,-0.0452139645221813,1.67168100584235,0.27050999336059,-0.82579185361566
-1.57330324979507,0.349898044237123,-1.18911070817907,-0.611543352903651,-1.35467785551762,-0.844282568373859,-0.453614702429832,-1.08901270010957,1.23986469759204,0.474599517343549,-0.236925864540789,0.787531661935018,0.169984358449047,-0.700888380411581,-0.439436619275894,0.0149151491569979,-1.52188708643175,3.43462865292634,1.19771744740393,0.616360385842763,-0.614444320106655,1.50060129841264,-0.00587984429497773,-0.195708405758466,-1.13016342156269,1.02016995665216,0.347971049074205,0.514820428388069,0.0187765495291486,-1.74914485635919,1.14780098222133,-0.176100498261439,-2.36936334873091,0.676711836046559,-0.80048112211444,-1.60307034685206,-0.658157011458187,-2.43455790493127,0.105527597798716,-1.64734752265025,-0.705847258800577,-1.53817053919174,1.94415275043736,0.294292978694572,-1.02762345031079,-0.98304450222094,1.06046073575574,-0.0942315012745364,-1.87560401253817,-1.25692144086155
0.111497064119589,-1.1466534777623,0.483451075237379,0.321897327720096,1.32395395600888,1.28437413291115,-0.240236930451098,0.37438142542102,0.665612196158795,-2.641746964163,0.1149045420386,-1.55733615140803,0.489606812729939,1.30361356702346,0.582203412206876,0.371603191567149,-0.840432131274554,-1.40701187111732,0.989138609792375,1.16146514349007,1.62984768999013,-1.1685193144059,0.225137798769079,0.730549747645909,0.501928956759274,0.407141765260858,3.04449911919298,1.81764967323407,-3.13709979636852,-1.58066060595181,0.55819124036182,-0.555446556915071,-0.0208866769928392,-1.77834443455628,-0.154333691629875,-1.61518908272798,1.39523796318173,0.460073889894359,0.23857365264003,1.13892035224218,2.09974471236922,-0.719809768630131,-0.851104627635331,-0.780036000957829,-0.515022466673589,-5.0850924513912,0.0191090317277556,1.93117193617504,1.17669510926739,2.2008217079551
1.72158858929444,-0.423354885389485,-0.763954331512323,-2.6077142199396,-0.871118272008944,-2.10891330793648,-1.26315460261306,1.30179511911638,-0.278609048240101,0.773036617285209,-0.0538521949541566,0.702183211931266,1.9400232047162,-0.899244652683395,-0.140781678987298,-0.345866562818531,-1.20653210676733,-1.22615061274172,-0.16344853946934,-1.94924086459062,-0.910241647871314,-1.77524726238946,-1.97036011827927,0.795400726231535,0.939991391363926,-1.07766819482077,-0.265914444568692,1.27568294501576,2.30327521067508,0.843605168939512,1.81544048555372,1.61177332400253,0.345409109865567,-0.616108651474456,2.82564681939313,2.83248074927411,1.93421033954117,-0.896344597923939,-1.28097084349324,-0.488596576405447,-0.454095154608531,-0.335210225354238,0.692681409434911,-1.08220649268118,-0.365202858997095,0.795843825056566,-0.949225727465425,-1.43218831845382,-0.131212676238885,-0.999577759018777
-0.920391709447355,-2.50703884545994,-1.03136245609352,-0.390671633557564,-3.17559218922912,0.170036541533556,-0.416501847018951,-0.348300063386742,-0.420580878388547,-0.462020163228514,0.761408930497533,1.55947492205495,2.7765857815369,-2.51117258105417,-3.12659507961033,-0.117974444567888,1.53428463809587,1.17796137725012,-0.73093351602713,0.182213437457197,1.8205657905904,1.6655159525886,-1.70013432752277,-0.0745305324651219,-1.34373005155453,1.29738339000474,1.26480503003602,-0.822535101112581,3.41250274664184,-0.708361306993589,0.501581027750223,-0.545290944305703,-1.66676522818739,1.83752543399108,0.613071686423595,-0.756407290078117,-0.037172414898395,-1.81044494880212,0.115422128671623,-2.78381821558834,-0.966517859386835,0.802447078644872,-0.0695357652526236,0.05753376283151,-1.31288155907257,1.51165583323064,0.69070469725168,-0.888530899773797,-0.422422327355916,0.525745837227467
-1.3633404879052,0.119651237010631,-1.1334199844775,-3.12673532989485,1.57119531111689,-0.55254313779319,-0.215295649176431,0.255949206473812,0.724223069394868,0.710316266461429,-0.87728997718632,-0.226397827131743,-2.18856428290862,0.609399821875916,-0.0671014349839328,0.655920148741841,1.11638158865885,-2.03369969007879,1.75469964395267,-1.49600579042239,0.58132167759727,0.197164035227626,-0.611262408748581,0.940857534554663,1.63701627785232,1.86972960921967,-0.465786149450638,0.559790712026101,-4.26630474817336,-0.419857548541386,-2.35647696434203,-0.31073519186475,-2.50089249776641,-2.11394941892546,-0.758064360597566,-1.69969645213935,1.42265302629814,1.80399001260666,1.84611551352721,0.0417026092984748,-1.38423219873873,-0.848368801258159,1.58528645354435,-0.0746773633654957,-0.233436812065177,-1.47965816331046,0.460855263805229,2.21336089198512,-0.247257889251531,3.99815330530562
-0.56142456221515,0.956432460842263,3.29710739698948,1.71131910172522,1.80639893257923,3.02101299001004,1.12926426451533,-1.42232437719088,0.376674541293729,-1.40169583684262,1.10941095617153,1.19804623028637,-2.40994176920964,1.23883890835818,0.190813766351535,0.732371762703495,0.811279980241386,-1.82242601340223,0.115194329011271,-0.286674472158651,-0.378004010232852,-0.187405637131072,-0.424810143208241,-0.113047234552693,0.304289087725821,-1.01631118956679,-0.339329755687039,0.621902506915205,-2.50207980861521,-0.605874760888158,-0.885691071750017,-0.628995211915161,0.969815948928732,-3.62162263543666,-2.14807575700475,-0.239614519606566,-0.449422302003931,0.577039301406634,-0.41370704637768,0.349050377412918,-0.273263920655981,-0.859979008169079,-0.632812039488408,-1.20587858365896,-0.382453940676678,-1.56061548948396,-1.17192076186866,3.0968164759616,0.376343766184239,2.38929976045463
-1.22387239710859,-1.08386010932778,-0.819179567952777,-0.384083276438182,-1.06154228119628,-1.58747053789649,-2.35511157695306,-2.52138615564685,0.758201684897169,-0.428595654672546,-0.432991990240179,1.89753614590915,0.774237045130165,-2.52261082731179,-1.61056861832926,-0.534757212149521,1.10126776250235,2.04678862165598,-2.01702458116288,-1.51091998655122,-1.129952566343,0.184816730240027,-2.52947815751469,-1.1528834943759,0.0274802852305963,3.57873994477024,-1.57806800816358,-2.03922819003445,0.605586747615958,0.874994083082121,-0.263427504807728,0.186055846532219,0.00191932366543807,1.60486254892425,3.52676449400029,-0.418476258450494,-1.41968974972896,-0.720075623172177,-1.73484994322772,-0.834520146118284,0.312001193773534,2.05609925782691,0.850543385212198,-0.133169584882154,0.760465795619122,-0.991907144567968,-0.284606774369294,-0.798896054512079,-1.13855155267639,1.51406233149685
0.470340577199697,2.17067057438579,0.0410947946610733,3.51308444770518,1.07211332423436,0.648114902885321,-0.746090811740503,1.27138681546119,1.73928275782611,0.825615921039707,-0.429803587056534,-2.60356921550031,2.45775454808445,3.07153353953885,0.113612649682464,-1.03799379447978,0.314195191262402,0.854066586821843,-2.94797452471642,3.37556208454942,1.55203365009058,0.624485984742402,1.64372298890152,-0.248629042170613,4.69275361416431,-2.78056151189132,-3.47445319198506,-0.914535451024185,-4.59528752987906,0.299760430327691,-0.531579274127237,-1.61831141499406,-2.22780790109952,1.14341479803209,0.233023747311912,2.6080404851297,1.02666648101836,-0.12838623748232,0.727660552639562,-0.120640205521244,-1.34588193412586,-1.59588484476719,-0.273190433300824,-0.900730877287881,0.364548698714237,2.17745521303009,2.48576876088022,-0.0982116164466372,1.54176646637713,1.20880040840932
-1.85351808657847,-0.831057655113437,0.592202069966938,-0.736335695206667,-2.60194115676148,-0.910101141673965,-0.939398887945612,0.351009446240567,0.787162422161715,-0.719552583366514,-1.50686886708159,0.967536349169325,1.94511417287651,1.42062194464256,-2.26051826066095,-0.59813644154251,0.509775551258601,1.7684129437286,-1.36464277494869,1.3016728830037,-0.393791297519217,0.838492819075972,-0.0214741218882021,0.755818949451334,-0.30235885725772,0.15805810707889,0.276291408034531,0.684926268979796,0.396332844165514,-3.07173321986929,0.504137657896024,-1.38826233815658,0.09031504763558,1.22927501173773,-0.930671037818233,1.16032430465905,0.311059910864225,-1.72564738224773,2.23175436434766,-0.0475216984126396,-1.25190763397574,0.132906168377141,2.48719451104252,1.09816555294248,-0.651348116962349,0.623478052871419,1.42571175359124,-0.252577919726381,-1.40081233005218,0.195407524443575
-0.61615254657159,0.0502059892529001,1.60957866067208,0.100575438076746,1.27832550688674,0.183367907234939,0.722520523462874,-4.98798929683998,-1.52467962882366,-0.519512089020267,-1.25851219247452,-1.3853530512323,-3.38969127208638,1.45822541794838,2.43629123995292,0.513900598643306,1.45361704716379,-3.47063483434971,2.545266681945,-0.142409839886163,1.03878791663501,5.97860282027725,1.17402373371764,2.4912637520446,0.962066688023603,0.658231819576081,2.046200453781,2.91414332587643,0.215669418362023,-0.36058305560093,-1.71048193214784,1.94218413304219,-0.608715815750938,0.620051558684743,-3.21778737274028,1.49625962335402,-2.82527441254633,2.17380467977107,-0.381915402448969,0.434658151454646,-1.16192676397762,1.18301110634038,1.79108240590171,2.28009857714026,0.357915986450455,-1.33474006063121,1.05474190355038,0.896539810756434,1.8241976050162,-1.33125862276966
-0.992298357469402,2.02932968079443,-0.509693398460663,-1.25329723558853,2.13415042541963,1.69569070973345,-0.100031884920467,-0.806918377965078,0.287426689175134,-0.748641832408468,1.27386725011015,0.861368964712505,-0.557692224770755,3.51119192152297,0.296993032097336,-0.0352569935966166,-0.482891811829176,0.796964243675901,0.964871054211202,-0.00997039490847836,0.249284011532211,-0.392732062528954,-0.130599649604885,1.06321017732215,-0.104875452623128,1.5403224451821,-0.120429043336574,0.118181291927871,-2.46805017371685,0.264238622833199,-2.74703659218706,-0.502307032379414,-2.34766220460567,-2.07681828187177,-0.689030460761744,-3.09250572193264,0.50046922893814,0.583238290112135,0.0205833045370429,0.165331155489014,2.27851132120358,1.65072433995224,-0.342116697323062,-0.405314042756893,1.5976129392922,-0.334119340685746,-0.246727618705138,2.68218691334661,0.972641767543766,2.05335758129766
2.8862997491789,0.228883651991298,0.79472398064354,-0.795835481996833,2.27980567449555,1.45791868471883,-1.26970532568603,-0.452213737423902,1.27251570897934,0.301902414339524,0.519480756996655,-1.40822235701378,-0.49710124273712,0.562176823417659,1.48751117694587,2.02628602150936,0.360607066627003,-2.58638825240415,-1.04568968938428,-0.690595189259732,1.21379279165216,-0.371929199321558,2.33442035005131,-1.26680322922475,0.882457472658312,-1.07023886227285,1.31719904358344,1.7151700515818,-3.69314464454058,-0.0931349503084816,0.591470807209591,0.0303296814403755,-0.86372759617366,-0.146689879792799,0.634022191446865,-0.709968526255469,-2.56436352998234,-0.409019216206099,0.828999774708346,2.40420603758973,-1.04840324359158,0.188594143832174,-0.390495331691015,-2.00925922942575,-1.78783926936417,-1.13838634082439,-0.626651490942256,1.56503782283992,1.44241717708358,1.41142870559402
-0.956319834975925,3.29092469388927,-1.10509015316917,-0.165856962952674,-2.1355053932324,-1.19525059427956,0.353818893252083,-0.302582891870249,0.155577276077777,1.40023664440801,0.75526058298957,0.0502856874705434,-2.29744404949231,0.904169107931375,1.07825789024121,0.0826082949509692,-1.81514094538384,0.756392820226944,0.88094381208053,0.134768823605527,1.71301734836816,-1.68007916654045,0.107275828039688,-0.800539415913863,-1.53116094711401,0.238512347383588,1.80333256227406,-0.583018381877841,1.31896560450751,-1.76772246648934,-1.35479994106369,-1.6623867200703,0.0107602778423121,0.491807216585515,-0.737875888357195,-1.74784275674367,-1.94196671376297,1.17261843598241,1.35760323735547,-1.42282094986648,-0.331832331440137,-0.634970110241278,1.66796488469772,0.427026975385595,-0.968253728144142,2.25504290256819,-0.655462860451043,2.06804403131512,-1.50126118531704,-1.08263618086352
0.291139405948853,2.65916407023709,0.210139951516355,-0.961156653446026,2.96286933885856,3.00505333766894,-0.897779219304543,-0.784452299714579,2.99798225403338,-0.674665254572851,1.23995874225593,-1.01283106931381,0.075118440221735,1.92805089040302,0.1369945031969,1.38057347997811,0.0906244031332282,-0.256104660894041,0.602388321339086,0.191991355125482,0.705696335947392,0.594969155646689,-1.7142145747506,-1.42529970888679,2.32948586599721,-0.195076819687715,1.28579061496499,0.916254735608335,-3.21500220469203,-0.767581230950363,-0.569353963756791,0.865978729610604,0.0565431897317632,-1.86547287230569,-1.87330450874523,-0.355818242011536,-1.76199650603085,0.236140009547911,-1.64892848768983,0.905763768388102,-1.58003943549676,-1.67481640710471,-0.411101078354351,-1.70591371637123,-0.642822888003241,-3.58324484754881,0.453087435371534,1.54778242460103,1.11471332289655,2.16195941774472
-2.29143416766633,2.58672580104098,0.16722199880698,0.118063779263229,-0.552023815195812,1.37151310423444,0.345684182716231,-2.59025228875888,0.805246276430486,0.825299728071987,0.563671455099787,1.34357186786563,-3.15318572655011,2.90507623932982,1.86342702527598,0.557456963706972,-1.07683623171167,-1.58272997298291,-0.190294230636226,1.94019804301349,0.0489632150553857,-0.237919243289023,-0.799849479393508,0.522547433335877,-1.44902932211978,0.866454020575857,2.17522520023572,1.78291645992508,-2.36320085820167,-0.433559395786185,-1.75885786801056,-0.365151129208011,0.149614380051558,-1.83591237647318,0.293173756385622,-2.64630173371053,-0.270111661909313,2.42019826011914,-1.31712498633345,-0.218277944815102,1.64861592022969,-0.63557406789988,0.502886200299807,-0.317849853904179,-0.525547619375104,-1.94623358057735,-0.90807092215913,1.85599704997001,-0.81507181463518,1.9140206781299
-2.0303655976178,0.0801226043693238,-0.327350566657824,1.11598281968954,-0.940061183729189,-1.88880404457035,-0.570374384493634,-0.939940021393779,-0.501135983521196,-0.603275079088122,-0.279703645755329,1.72754271830294,0.0399994635140881,-0.391439608930177,1.61109994819566,-1.75529091611316,0.142131567625253,3.17983956480658,-1.86826500139021,0.329933856976983,1.5544845779175,-1.6113053677788,0.104187834501647,0.864161905142546,-2.47230366014559,1.63383933759346,2.90467270514886,-0.313524365502653,0.164500033272935,-1.95758275685667,-0.686730825803353,-0.367181674262467,-1.0106252023529,1.3580308668354,-0.362462680496033,-1.22030922698597,1.19742582894402,-0.447492724041335,2.24888734856563,-0.940057951834041,-0.867694149686932,-0.325087558638283,1.25945495483659,1.03059431520766,1.33513321920538,-1.54146437186747,0.871746518250247,-2.32051969683722,1.50197166618633,-1.11934820058463
-1.09521848499707,-0.833977137259323,-0.5268448921647,-1.16010634640693,-0.168339755566584,-1.14917095295533,0.872286214780266,0.894668687030151,0.405356520581316,-0.230695836524704,1.74425421397888,2.97129203201337,2.61774831574926,-1.15999855897863,0.420940921538393,-0.417701476501329,0.502201147931978,2.37302256520955,2.12947928842609,0.500822252466125,-1.16498524783397,-0.055627547792078,-2.40560274265758,2.1634505558217,-0.308483566253579,2.18281520306666,1.12582895264267,0.392967484068816,1.52245319857942,-1.4517880373726,1.131736279686,-0.331669070656704,0.544659249445472,0.762023609027636,0.101829163089412,-0.296429290231326,0.587572349039772,-1.51567094524069,-0.300443586872481,1.80151074503404,-0.342456772705764,1.93414544956997,-0.760360197658988,0.847771753274319,0.0795622736818251,-0.409625201539428,-1.37857589481995,-1.4350301657198,-0.429955623193446,-1.29864942873285
0.156629425222403,0.0680646674189955,-0.882054969292666,0.168571744426705,1.17990602577617,-0.571116620364405,-1.17535042034793,0.287187836037609,-0.809234474123445,1.92114063864706,0.160289783469953,-0.724880340992546,1.25804742217738,-2.05132878814285,-1.74799059800468,-0.812394295597186,0.944792862980613,-0.268532775521163,0.328077045805464,-2.54816108963097,-1.77884170489256,-1.18413964011846,-0.422382374828205,-0.205524353721929,-1.38867492995761,0.52831690036927,-1.16952206320558,0.368664473423707,-0.114183261925422,1.25224955519144,0.464500826440628,1.06297799313284,0.293741235783784,0.439426513720073,0.329288476412731,1.3371757309925,1.06207766698654,1.66973882606893,-1.79074938565923,-1.12275456916283,-0.360935343744225,1.3227778314347,-1.29642084194065,0.873500396951038,0.824503840449372,-0.996570866722414,-1.33675004994681,0.237084982640192,0.824710939125484,-0.888719264860628
0.0901321539329489,-1.36603867521934,0.306430391273686,-1.07188953707017,0.928169677603999,-0.0353658978007055,-0.813033202090608,2.47993888143438,-0.815758112109487,1.10338721178389,0.570583699598109,0.607139641522137,-1.49165200703408,-0.657517360830252,-1.10565896498041,0.386408206360542,1.37176408261339,-0.691583315577353,-0.351471619485187,-1.18030408618225,-2.61339685235412,-0.667976171126658,-0.901532927477425,-0.282355369208911,-0.348711071536644,-2.67502617264984,-1.23293505334459,-2.16835131568924,1.23633833550272,1.81115198895578,0.995076519936298,2.03204092566985,1.33492342294342,0.170134120839403,2.12274564824152,0.722334038599664,-0.43021824273586,0.848200453479422,-1.55058055607488,1.16503085558857,-1.42000325533617,0.746144139809952,-2.22402480992517,0.280995259428289,-1.16723019559662,-0.357895210473619,-0.785627624979894,-0.388802169020211,1.19409781628747,-0.990245187725319
-0.0383783276296171,-2.16058546364943,1.34526035984313,0.175652521970152,-2.2917338112752,-1.39318096285264,-0.551612077384152,0.679682129328067,0.257414782582933,0.216397907562295,-1.31054037521275,1.58472387688175,1.08256288656503,-1.176242819663,-1.83536764019924,0.170778268060139,0.575364374150032,1.41705926715448,-1.22619099418778,0.52910780560177,-0.473441264149074,-0.829007448364757,-1.16008996974841,-0.618045458391566,0.193748886750219,1.55313540312006,-1.90501750733011,1.67502551130722,1.89380728703388,-3.16311704400702,0.6454121869022,0.241518458059182,2.88463530909333,2.01765495433867,1.93187678363859,0.916828639086577,-2.67739895199273,-1.25477968313607,-0.559412442975445,-0.369750337163322,-1.81685330982319,0.269322574684924,-0.463770805031944,0.258828061384503,-0.404779371084882,-0.259292955215638,-1.99202223620033,-2.55596477942776,-0.755263169146699,-1.53567192094831
2.40839405853755,-0.909406154825338,1.12672088053229,1.85982826358592,1.02861198592655,0.480837313726162,2.5785475996282,-0.341211247397072,-1.00827759652118,0.781599397560197,-0.625766313075477,-0.303593264154028,-0.381836958329947,-0.567235287554883,-0.220340837494138,0.885924983694748,-0.745855312076708,0.290741412642552,1.66472525786421,-1.76720119064682,-2.03530038703356,0.916516879710908,0.551210720599876,0.390172019930474,1.21130100445334,-2.74575725112657,-1.25877864575984,-0.586794804130805,2.00199649102602,2.90051746366342,0.270995940806031,-0.128849162902534,-0.31602209941229,1.67186215867541,-0.34141821498488,0.993009989691977,1.49419544914355,0.439055739630916,1.34457958396983,0.589714651404696,0.757752793704745,-1.63564498249487,-2.62197146842815,1.4264831568151,1.96327948606975,0.771295247839964,-2.22615632547651,0.257909120334359,0.056119189577276,-1.64660704416064
1.0272664250094,0.874920469306441,-1.07805954139281,0.15162857693359,1.44430948274571,2.53146596699037,-0.0952401387357956,-1.04655982721396,0.695038907239668,-0.998703466950308,-1.75097447143387,1.39822138571241,-1.46695349335779,0.72425547653024,-1.36086551938284,-0.0660622455180414,1.08301116002895,-0.364418405771315,1.27678899283853,-0.0279324594867923,-1.68030257283853,0.434674318762432,-1.2620295041545,0.672677234078823,-0.209543636475591,0.443484038860168,1.10038838693039,2.30821378110934,-2.60502612325549,-0.648674865353117,-0.86461784931994,0.24612848355712,0.673948009919251,-4.36508097511024,-2.14498145883442,-2.80534083895391,-0.611902812888419,0.288405598895786,-1.18876664982013,2.40040243788617,0.089769690882601,-1.67468055663969,-2.1044467017944,-1.36662349437959,-1.21697850720813,-3.7458949674832,0.527973952304655,3.3851683241291,1.12190476637779,3.0859597679871
1.40119303683219,-2.52261235398685,0.710870830378705,-0.546797400753358,-0.95266776158109,-0.233578596464423,0.364621522600584,2.10702258111537,-1.09331256040923,1.15731698278179,-0.861619708934957,-1.34130959051462,-0.810132316045227,-2.54627283409674,0.358977730606579,0.540327895343526,-0.516906040835275,-0.235327250306653,1.36158175195017,-1.71806898665586,-0.85532619850182,0.67341944637387,1.355579773878,0.090576939118134,-1.04077935692702,-1.09403288375824,0.146676701484852,-1.00501754809133,1.41610141524061,0.465320348109089,-0.11266823837358,1.33728572451236,2.95624019132724,-1.74902931288926,1.34038984087211,0.0636805497096041,-0.321326007503459,-0.113789375521858,1.35297984525363,0.429499806946236,0.72219497407434,1.88851878365344,-2.13990592851834,0.0898373893642101,0.849855107075241,-0.39391676730597,-1.09025164893896,-1.38786094077324,-1.28723464168002,1.46595968938764
-1.95356412584664,-0.620487838857826,-0.540419362253539,-0.360158175446211,-1.6260067445568,-1.11325347309863,-1.28742759427893,-0.292180098644982,0.586287246901883,-0.449471052743598,0.338379759283232,1.58722271309699,0.43828152415609,-2.05636718063544,-1.63609489237581,-1.3723934164622,0.935051376125089,-0.266309124015778,1.33274454185396,1.09527545279877,1.60840001213425,-0.0415570625092223,2.05413663053982,-0.306147056026616,-1.607281280923,0.70230905149823,-0.581511607873505,-0.21452336500506,0.0636328070473772,-1.08498305786629,0.99701045830352,-0.385945075330557,-0.195328612500526,1.61110623732596,1.96166085961367,2.07668133435474,-0.740831525220128,0.0825440498929318,-0.505699365275987,-0.480540560133984,0.3907696699487,2.39273102594144,0.356465234517468,-0.674509881618328,-1.04166358654981,-0.478058930853445,2.03897560991534,-3.01935319444257,-1.38164303999604,-0.99613454304172
-0.447993314633516,2.45338170314866,-0.482651944791961,1.23712354629843,0.308286202182455,0.471429674800748,-0.0558579685407176,-3.13795438246274,-0.913744683048065,0.357706506136755,-0.41296804058245,2.05147826857908,-0.979517975592394,1.48809731949006,0.845477069907237,-1.54655449129111,-1.24580185202627,0.125344757946414,-0.904657125728234,-0.368182355397746,1.47200828787832,-0.483377328262778,-1.78226215366146,1.90164073442723,-0.866540372013956,0.187688888422818,1.36481275092634,0.885170338334361,-0.169772004619747,-1.29842650430832,-0.581587363821605,0.329516273412518,-0.249152282887622,0.018769960019219,-0.701422504457572,-3.0228111344778,0.825599595321597,-1.66937921322331,0.725894379661625,-0.148909572723211,0.0569143292848858,-2.21799290341712,3.55421283481906,-1.15313995152309,-0.111083977390931,1.67665647965445,-0.0233724650802239,-0.27428358587167,-1.79406455069539,0.0914340040340728
-1.30392839962922,-1.13113890509887,2.28319251675037,1.885269436076,0.192573341455843,-0.68121487247225,0.994631716447825,-2.33405768527223,-0.859828046270824,-0.013675278744835,-0.363180197333907,-0.27583134424132,-1.28352182182717,-3.30884991990145,0.879842397990777,0.479208919688224,-0.466458715884457,0.145577901315325,0.908129967573586,1.69195459859999,-0.685231018561956,0.729538911651268,0.98136747981658,1.75932886260023,0.268312702936755,-3.93086904094157,-1.29306242250391,-0.323763812872134,0.40504248311149,3.37193412330531,1.50721965202143,-1.05772613454426,1.30243094141721,1.42290447781995,-0.0292539763253676,0.259611346005448,-1.20802989769478,2.22729045283071,1.1048745131515,0.366119332480071,0.394678193695175,-1.03500550881379,-0.0650560801588916,1.4426970517917,1.57284708791008,-0.967201834688026,-0.016650957233222,-0.31925522944363,-0.375376566789514,0.447169924283177
-1.69421810049853,3.2783924487281,0.327565093183089,1.01182696207312,0.488020957203836,-1.62329747312464,2.38735308444471,-3.08482374897925,-1.06742454032607,1.94160328149792,-1.7659152188908,-1.1517729682168,-0.0112845680749856,1.20074059669323,1.64478148857756,-0.517523062596606,-0.115357228065727,0.738117922489556,1.55869245743997,0.121467988627121,0.257926710798165,1.41433997156599,0.64055793826028,0.124173261404733,-1.89917798258301,0.541417977868297,1.54705022374338,0.869945625877114,0.0833551864023007,-1.2061704572384,0.288786725874648,0.0449439151446222,-1.3541346320519,0.272350888962256,-0.741387484745698,-1.5668370944932,0.357579132429895,0.128547046275857,1.37856983824808,-0.3611951790523,0.528414002965257,-1.11778104587523,1.82541226929577,0.251095442126702,-0.356025387235284,0.246203833654676,-0.816721374200118,0.187204373435782,-1.0031325483709,-0.367452179418028
1.52262565709158,-0.424366259678961,-0.34780889910251,-0.474826393867723,-0.170782041524073,3.01470898676247,0.64604841178249,-0.393405866048645,1.77396802207855,-1.19692504713193,0.473630975986176,-0.317017336511938,-1.11349444483612,-0.629135851114273,1.9338836103147,-0.155674469114705,1.51055830201432,-0.921804511617341,-1.37159482700802,-1.32313911016993,1.01463432679122,-0.348983486525538,1.04433038406563,-1.41734632047727,1.07796317869201,0.996408540354192,1.14232764949434,0.108459125432775,-1.96267587051778,2.38059915600904,-0.0884176628854625,-0.455747098025359,0.604372622336095,-1.5889499002421,-0.0747224349643069,-0.269009582273641,-0.480517746339217,2.77179509021929,0.620677154506307,0.371227339450297,0.714525042527927,-1.7037833667376,-2.03075648071925,-0.94273478143682,0.706718248331047,-1.10740677434092,1.45815430970906,1.1092472446865,0.285142879173341,2.12063094235649
-2.13758770536995,-0.0713785609393302,-0.779539894829063,-2.80164592069466,-0.996644232389781,-1.93307308292566,0.580912935449607,-1.05478048575201,-0.778723053188738,-0.324420095697915,-0.302478082794526,4.5101101805828,2.52742011470566,0.164825996738517,-0.409851258588506,-0.0815778076283826,-0.219201934570027,0.155983649467086,0.620817907382368,1.07621649148461,0.395901668280646,0.699082617651152,-1.17401799984612,1.22090686722145,0.0063155411805963,-0.885266793398339,1.33985111425224,-0.0956176444033308,0.47264138075191,-1.47039442622297,-0.68245443786771,0.219838722931165,0.260869685618475,1.70986098835792,-1.97029730072677,-0.780556055816943,-1.33064208359943,-4.91062310125991,-0.172524322737781,-1.57874500029482,-1.59916438926971,-0.14851595829837,2.2770021444028,0.365405295894083,1.30194926212153,2.23618474968402,0.960947522231289,-0.637905098466847,0.324649967052499,-1.90022226319021
-1.13219827723116,-0.864974145139141,-2.86304470426154,-1.60549525630176,-1.22627315751376,-1.91516682668573,0.439427408601206,-0.0800390725849447,-0.849449787868397,2.81401200190009,1.19521007322482,0.546553187051377,1.45435696602685,-2.25922627436253,0.150613218527162,-0.50906223250271,-0.129260340683041,0.994896589333965,-1.14861579090796,0.982069147937567,1.12325567272215,0.268938964516826,1.28074346746583,0.349686583674762,-0.701325998231576,1.43185571067058,0.45704170570893,-0.499991006336827,0.0851766674316669,-0.340859819739889,0.0274530074980785,-0.333017718061377,-0.207240373497193,0.0163047966747333,0.854276935735134,1.15802393376204,-1.11411493322005,-1.34581287455385,-1.37929579365043,-0.185582775207396,-0.756489819765561,-0.303309971612902,0.593570066642312,0.299834482664215,-0.695318838412149,0.07913454832637,0.854865552007377,1.8703595388288,-0.734450978260113,0.403623856330604
-0.240263966602576,1.47872915170584,0.90309404740927,-0.708873301597519,2.60425032954685,2.76359029582846,-0.0363958458570968,-0.828844822888451,3.38555485457155,-3.27767516748831,1.58556710826004,-2.63150231131607,0.266395151242423,3.68668453373827,0.680888358626405,-0.136917425806794,1.15857218052582,-1.46990931955157,0.621212312310482,0.428408842363715,1.16779571413103,0.497967157404339,0.832421232415325,-0.346506221450602,5.37406074830375,2.11673028535644,-1.94633639323922,-0.822914048203979,-4.33258758011368,0.495289040404608,-2.20490975235841,-0.864089917721713,-0.243270069864944,0.146749935858917,-1.48276602503105,-1.25083727808261,-1.02832740791959,-1.83295150016946,2.75860428055602,0.300389009468212,-0.404945975010201,-1.20295898177462,-2.15903822165624,-0.934373414780686,0.879170457135417,-0.389775519294301,0.644356443009051,1.79448441389774,2.85423739498066,2.00427342343262
1.35429979252769,-1.94464093170023,0.322479051841917,1.15845038846824,-0.563902530209203,-0.0549703739064068,2.82019166801822,2.01985739742422,0.704871525805944,0.0640289402012772,1.63315310891231,0.0137039318946647,-0.0903779528384475,-1.99307123645731,1.0922179323742,2.58486173924485,-0.930114330046458,0.0982968152362799,1.38291249728649,-1.39230576449937,0.260298645610975,-1.0060472923218,0.28555485451866,0.0651815241710717,-2.82855236328743,0.0367401444795745,-2.3158487761098,-1.09721397827677,2.45683565055671,1.4396753210362,1.35838430683641,1.12184483792324,1.65907282542905,-0.573293239045533,0.459140964631708,0.895974915613719,-0.071026768089616,-0.98691498835089,-0.558656709529068,1.68867745269399,1.09921762578879,1.51071574258393,-3.09975796602029,1.04841939916365,1.37787437271825,1.5191313747621,-0.309202530083941,-0.76408360957174,0.602603443973727,-0.934223877436522
0.228859868907069,0.188219015677435,1.51489426403708,1.47006413388373,1.06080841546465,1.4189463271913,-0.19825014892386,-0.731664206239192,1.48653660350392,0.835341372511962,-0.954063544635226,-0.704653325945173,-0.320154643298855,2.29193033542053,2.01227021659367,0.298062936828833,1.59101811809788,-3.30625148475276,0.0987504035854463,-0.115446132917709,0.31703680144474,-0.183944901889061,0.132845583831344,-0.0922944929586755,0.894601109419055,3.06486996088119,0.561189510415812,1.05471569596211,-3.8147113314564,0.591226441740936,-2.08126763655969,1.66012413879904,-2.23976373646353,-4.04040469652814,-0.0098749003586257,-0.487272006029741,1.53842867425344,-0.43161750468146,-0.39914836510834,1.92562291177385,0.603332325592733,0.120625588108514,-0.415448368898675,-1.83177472820748,-1.06675373891464,-2.20616703025231,-0.753611985717434,2.42635966957475,1.96688994325021,3.6801518648224
1.61155134398234,-1.68073279729483,0.654552853011595,-1.45946149578673,0.829301899488931,-0.959493361013152,-0.166953898290638,0.380657003000993,-0.153413047433553,-1.25976763271571,0.755114279103618,0.343381838915009,0.0882635551650259,-2.53712461435195,-2.0198309813274,-0.689742803902747,0.0250932058727747,0.292045886672301,1.14037859078322,-0.92532132125771,-1.82695833593576,0.461591530450799,0.605301729103326,0.657961679027128,-0.764126225327089,-0.38018127750724,-0.978213073876708,0.336100754012739,0.984830004940816,0.134301861235368,1.53540779710128,0.645761473500951,1.99346471613073,-1.24462808836784,1.71739798121894,1.50081033848024,2.4780581333384,1.69055113789337,-1.08016160265452,-0.587086763560208,-0.593693268372129,0.459764201534307,-3.32530803642016,0.74110335431135,-0.276179887180896,-2.06868557223369,0.665783564421207,-0.0482106537373339,-0.549674052493465,1.68670515417059
2.27466008956377,1.69247038674416,1.99017842684998,-0.416784683819084,1.79511000382575,3.02250101201152,1.06726014790467,0.401928483630664,1.87684061840818,-0.859506329615765,2.35612962192279,-1.55847610634659,1.20546329832182,3.7845757959315,0.72918153400839,-0.394778181904513,2.50071451209135,-1.56235230688364,-0.592229107782214,-0.901166658766217,-0.0583708616834108,-1.2240170907186,0.726935514599483,-1.17512488677656,2.56573517638586,-0.149934374585703,0.389121873244529,0.718402921544346,-4.11547225271506,-1.65908860716997,-2.63684013605772,-1.14765828903653,-0.468412424370321,1.18000874637308,-0.641276790852899,-0.177153682746075,-1.62594072070527,0.0731534064923028,-0.851341807427903,1.48203281552825,0.00363423407423653,-0.329504127407221,-1.82816863211482,-0.910538814457035,0.989479881753394,1.04139781892878,-1.4618637085349,0.955793482368144,2.53880318539341,1.96748680381629
-0.443999722815489,-0.552784041649379,-0.895315079930323,-0.0287791996908139,0.404888812232167,-0.660300724465059,1.26181486943428,0.234694047643746,-1.09579315479454,-0.419628186539018,-0.725106166457829,-1.73491923340815,-1.13694020905443,-3.3520434353311,0.4403684247849,1.27718799092917,1.0110813161006,-1.26420250982862,0.511522064783181,0.846880486822873,-1.75302984086865,-1.65986147032348,0.595972642190158,-0.860845945244145,-3.35340311366678,-1.55256994431787,-2.78933915472922,0.493477118517704,0.674931636350106,3.14240147024574,1.65624480916842,-0.808732523978815,2.86456439366411,0.187397468142128,-0.533501695065291,-0.940563046521287,1.5862569638539,-0.39780563839892,0.896622936651085,1.29766075479214,0.0855435956067814,-0.942360112304999,-1.14827066239294,1.30750108111723,1.60872318496729,0.0651913411214342,-0.013082743063888,0.365770589799628,-0.271688988965073,-1.12068221968587
-1.58915175715267,1.90930398020066,-0.170652375854122,1.45399861806112,-1.56985052331286,-1.02591351894668,-0.491828007809693,-0.0173426145386352,-0.524786736036028,1.75217420606754,-0.200292954798316,0.641078088488418,-0.0536913456327459,1.13589041118137,0.343926096420585,-0.68217758535513,-0.352267255086579,3.87003616799262,-1.24720326264076,1.49794371316378,3.24896602671653,0.256687116884581,1.07854323373019,-0.186880234904188,-0.869884595784968,-0.182993741430845,-0.293989921723325,0.0020574417528702,1.34642465883947,-2.6337536086904,-0.437586264840797,0.490496579434557,0.581725187594883,1.08476429234438,-0.92939448798937,-0.928582881924191,-1.4443732124715,-0.629525627528948,0.463059362674608,-1.29548261080111,-1.24321884298295,-1.465936333489,2.32585328479461,-0.471317771351003,0.324154338135357,0.397701913341104,-0.0179160534820668,-0.540216209140644,-0.932664172296999,-1.35585162010243
-0.519710947013725,0.542871294416886,-0.360026517064967,-0.825058999363072,2.61944962183811,0.823643181394793,-0.826884780067642,-0.0475059254118605,-0.0159397536270283,0.802597251819759,-0.970883117359378,0.0766409331904885,-0.0352282303704319,0.739853484420717,1.36335884942521,2.02987174193243,1.17809673046948,0.922413422987135,-1.04211446480936,0.166378808404188,0.0452510537060573,-2.3528143098301,-0.230201388280034,1.64121807895765,1.20511029656688,1.77081078904939,-1.96476465534664,0.598042358053223,-2.80319619638501,-0.765911129727318,1.44651909632293,-1.1731468298068,1.01168166650558,-2.461622628171,-0.0614803045036885,-1.11751989668364,0.0283189771242734,2.31388809162602,-1.63367138045975,1.60879885469286,-0.613040894293274,-0.19824082465955,-0.0948579171452009,-0.902107132540353,-0.746325453528331,-2.73928786065165,0.313694822761688,2.74940289949722,-1.25921784203379,0.482028433093923
-0.231497406238897,0.935015398284932,0.857029797406802,0.751379288688254,-1.34329815979473,-1.85950225197536,0.538463872681335,1.92111148395518,-2.70646719239476,-0.0416259195765062,-0.2466679650423,-2.26645735011825,-0.602597303806733,-2.75855925849666,1.23579840127926,1.59328200832105,-0.766782791742752,-2.22078614313298,0.147664136162953,-0.36560222730737,-1.12346377315384,-1.0800539889766,-0.843162910418749,0.869198035229894,-1.19628156365719,-0.63242483879624,-3.70050379335299,-0.130405167220044,0.760229461915768,2.84349632461519,-0.0339561825418638,0.425052118155742,0.321903598396113,-1.26154903344621,1.0112893679362,1.29010374505887,1.95445535901914,0.602518404132533,-0.275615264104383,1.40410680014245,-0.712635016330868,0.803897047064745,-0.0938938039157171,1.12139539784795,-0.613882744034774,-1.25641667976995,0.626833087431883,-0.269651445537896,0.0648304199424636,0.209487707902198
-0.218329402273988,2.68042480119684,-1.40841917169262,0.56687515883409,0.393020194793321,0.892598087158172,0.0168844633990988,-0.103826273095824,0.828176607709918,-1.85489534801434,0.0729643676937381,0.742449230230504,-1.52008898536035,-0.0363841434753906,-0.945212534960831,-0.268050329046749,0.726890374808383,0.914939891938601,1.70043758480834,-0.477713261682667,1.17056224168435,-0.67046991781331,-1.45342052200158,1.89068154087738,-0.688632377458656,-0.105084657640658,1.7071320787547,1.59212465728998,-2.17348484861724,1.53743068173695,-0.122002184438909,0.478367887843597,1.34347181596269,-2.63632006256544,-0.852021941306507,-1.66254583170967,-1.1246876559608,2.03844587732653,0.99453337707345,-1.23751371393206,0.538743785985583,-0.574697998812477,3.1125806924703,0.716617046791794,-0.105385655526922,-1.68809649659665,-1.40129860872665,2.30795960732005,-2.07421589624194,1.76407448752543
-2.69542361426476,-0.808410943889637,0.465463280957568,-0.270609762062542,-2.26083600841303,-1.41736115716686,-0.739746194725009,-0.820151758247103,1.61773438563103,0.630344660774477,0.0238633656969245,0.984854717288027,3.46262789308475,-1.1523848610667,0.127672421066734,-1.14309218475642,-1.58200794657176,0.598093170619281,0.03020052556043,0.847115558381845,-0.224255370452065,1.00010678009747,1.29250726091838,-0.473934576574158,-1.30352078938663,0.608110564886789,-0.0945426034193673,-0.247801774027269,0.760014295783525,-1.23498832365235,0.239031587597571,-0.708437320126419,-1.80255088299918,1.67761877999786,2.45984585597226,1.8084744987978,-0.923412120956111,-1.13008162508292,-0.883155553191813,-0.291007541470454,-0.73597336785975,1.23563658406578,2.68393458816248,0.890378081065085,0.808069565917121,1.98104107310846,-0.6114785546034,0.66630789444099,-0.466197715276305,-1.80236389549292
-1.89326488089668,-1.13083199359329,-0.155077261901957,-0.0192923870468832,-0.736273173544403,-2.90342113498682,-2.06676530974742,1.50391573140668,1.28125827748928,0.435052269245873,-1.02451665260421,1.05152685286973,1.19035756289474,-2.4116851858556,-1.41722678156529,0.149492004472381,-0.589055295039141,1.69405058903968,-1.23623653492245,0.622635661437639,0.548027064978989,0.167869460753724,-0.920075023806761,-1.5313329250549,0.462281373319625,1.1550977760946,0.809384659974749,0.373741957065679,0.33094698925098,-2.39356801784657,1.43024352895082,0.257500403316306,-0.501896479798794,0.700268060635817,0.168566719036339,0.072779557516459,-2.70266791992961,-0.356687572510573,0.30694992800663,-1.44517949701545,-0.470379241370226,1.75673842784425,0.641267383615883,0.364467392561251,0.833408720857209,0.970519093287454,0.0415169179822731,-0.00148566470903203,0.0499896534777642,-1.18474794179579
-1.42030525862678,-1.48725620908412,-1.6279915124229,-1.53891648660545,-2.84767005546825,-2.50208545413717,-0.200842950857756,-1.05803964161385,1.8457431346334,1.98235601737125,1.0020867729244,3.19306789312809,0.230133475337969,1.04687638235548,0.0497995957296952,-1.48916683025302,0.884187892241671,2.06628043819737,0.256694843151076,-0.985893335857829,-0.316068678114265,0.810813009700026,0.288398334517968,-1.47251263909231,-0.75813772504514,-0.784630020642561,1.93079081956169,-1.3495306572073,0.0229539850075308,-0.379572154976245,1.01361889268332,1.59392159864119,-1.48990356622337,2.16640246726026,-1.2554784319939,0.735525166132039,-0.481175287116496,-3.30512481957032,0.351499912152417,-1.78841874424278,1.31611673170227,0.616580854398581,0.95287122165083,1.39545448836697,-1.01461385170244,0.346337049259287,-0.998787353218689,-0.576366600308977,-0.715623548487268,-1.68106406634695
-1.12630376939717,-0.439305843937168,-0.646076090001514,-0.0864709945807259,-0.256795558714827,-1.16159643311213,0.91023438037131,2.20659484543402,-1.80443223748867,0.293179488995203,1.17668820698562,-0.319536649218164,0.828429436396278,-1.7922995100031,-1.77930700799895,3.07522232643089,-1.30432570501166,-0.442061209035796,-0.0479158074003592,-2.15404525331376,-1.22732638544941,-0.161705402538111,-0.865459086624662,0.0514251988379591,-1.37602561613004,1.17089211800839,-1.14506388901284,-1.77074038360175,1.59287406306596,1.75005132976705,1.37666637671034,0.0613505291207824,0.360949509515507,0.70545589433081,2.08095643983561,1.77740569569028,-0.448421870571778,0.730175194010474,-3.11818753136859,0.489122468751822,-0.123996482143118,0.0775436412455008,-1.3173665781077,-0.923495976389688,-0.703609770722454,-1.32205500663759,-0.619832229703342,-1.69893736582375,0.4170426658858,-0.715622593623504
-1.29052892094033,1.22680322824111,-1.12452053025779,0.528292173260553,1.07176965438934,1.62978486398488,-0.246631136618185,0.0231180157695735,2.3414534566762,-1.55521991927628,1.30263756842671,-0.418787819508264,2.194596509501,3.9918688033635,-1.01742016014872,-0.521189572756721,1.00973435624059,-1.66900844848923,-0.548883713491658,1.50440807073067,-0.622095115011688,0.650393968137665,0.721435721801914,-0.507584536208366,1.96001475649131,-0.171734055301767,0.258375058554692,0.687930647024788,-3.46119029070229,-1.24564480142023,-0.787492673256834,-1.42991995750063,-2.22331115547403,0.104973510546641,0.029029553942674,-0.93814265281945,-0.775133451245374,0.166201774153976,0.765501727981185,3.29330242384816,-1.28020429544497,-1.39642048544258,-2.06489057645008,0.344122727879397,-0.187951924441419,-0.558129846111521,0.08785056071723,2.18007228994187,3.96090268591268,0.994787651414992
0.58603342622663,0.415377279186324,1.16336568319292,0.329148878735965,1.89937500339993,1.82684010358219,0.214362800071367,-1.83073047236603,1.75715144664724,-0.955379327475933,-1.3865824336001,-2.31299140798788,-0.457201995219764,2.56407225788845,-0.013892871948538,0.188617614473958,-0.236102865401183,-2.32561098625893,0.379914504330731,0.550676082496678,1.29688248332412,-0.885230240846681,-1.22368831870085,-2.4478542275076,1.38929208201706,0.844204706471989,1.85921902617541,-0.159811813157324,-3.05332233756423,-1.90147527847357,-1.45669283951948,-0.669398260966203,0.389722080363878,-2.40284764851485,-0.48976507685132,-0.124179983697942,1.42428131069543,1.04317058381682,-0.450720528364454,1.24997323984288,0.735871181790165,0.792418019954552,-2.20729427033486,-3.77480713595216,0.69468587561141,-0.442966269170562,2.30044080690359,1.56198899423614,1.60971317464902,3.30457194898627
1.44229872903394,-0.537624491792617,0.631799715978529,1.30692617200115,-1.97681908273261,-0.116063313265677,-0.988167513000559,1.95746496337563,-0.394973559311289,-1.47741517902369,1.21087774576758,0.598212461576109,1.91894109837993,-3.45190898889771,-0.536015277414385,-0.105649490867848,-0.415570413572698,0.165475476540391,0.646576631344159,0.795054405057819,-0.610112054116452,-2.79041028291857,0.166296732893108,-0.771849103876758,-0.698231420774528,-0.203725188327249,-2.38073660381024,-2.32752950283792,1.72674947421524,-1.04449356263973,-0.217160855819606,-0.693156824744193,0.933667904006308,-0.872201422942697,0.853897940198554,1.17676658573821,-0.256672900703811,0.27260916675965,-0.933968215769096,-1.97823804669749,0.482441003501882,-0.870633232633734,-2.34560484466736,1.09325593009027,0.736590200414991,-0.161488370390229,0.479823698870124,-1.03243177306726,0.985560919579326,1.63278069585617
0.90697467646526,-0.956427911632321,-1.72408966594263,-0.489346088994033,-0.427666846025607,0.242596900966004,-0.417140229827661,1.05716136227035,-2.20929631024741,0.0311535892091806,-0.412709221469957,-1.07355583502185,-0.626853460183267,-2.04074154241978,0.561252831799445,1.40005937622816,-0.0933324483770328,-0.375257765960476,-0.0296706992194357,-0.835844393269713,-1.86557535991117,-1.52400095738637,0.174097143660154,0.339612225892043,-0.521816781955383,-0.965216956424455,-0.656005486339131,-0.932763508715683,2.47614596431694,1.45168562316429,0.382439304009624,-0.519060098488853,1.63705456044363,-2.01472953064525,0.565261410784883,0.528766902639569,1.55493033718395,-0.917667828819956,-1.44502987097857,0.375634010530576,2.32047533479216,2.47166322855945,-1.81586366239613,1.22056339974981,-1.41067267149773,1.18488532819164,-0.0251681139224756,0.875939231655575,-1.12176604190233,1.18995896948787
1.30954944471812,-1.09340173778224,0.863406680883594,-0.319490911825043,0.382745596133803,-0.642103129654786,-1.68599164359079,0.736402300092317,-1.37145253307791,0.856800830954682,0.109905052077377,-0.250612694546925,-0.639997821338016,-1.17469064820257,0.21839753244795,-0.303347838614323,-0.530048665025588,0.302674274598971,-0.600706163442767,-1.33029717681567,0.235373924281326,-0.51598049471324,-1.17447215861641,-2.37888454663588,-0.48017635778957,-0.750227825933391,-1.52463956549893,-1.13194906925305,1.20235346017689,-0.123792028329571,2.38963376083694,1.08127907584729,0.141780640069623,-1.82893951077587,1.9501150256893,0.369873729080878,1.85225873799239,0.0666262894557906,-3.4498370202278,-2.10389412797393,1.77957561327589,0.599677543217304,0.990142542914462,1.27029680130458,-1.34898501980221,0.355184847699757,-0.694856219843121,0.460635795285184,-0.422617185760073,0.52219747145206
-1.92888049947029,-0.293815716523358,-0.307118512636999,-0.358773874411896,-1.2957656050305,-2.03034101784065,-2.44131977662296,0.439558316365316,-0.116801710109777,-0.188204551977138,-0.246415653660532,1.14537991615203,1.12745038360002,-0.98290754336132,-1.51295648249627,0.600430960414418,-0.233759056569862,1.0288737062361,-1.84488636354296,-1.32230515778713,1.30780198349993,2.02627731885465,-0.668712856521416,0.33686344492859,-0.27923320052827,-0.810691237119416,0.910790842551832,1.38669439327383,0.548401146818544,-3.5151055854621,0.754437077619839,1.05289439140906,-0.638370844675146,0.804618849497544,-0.993365136336265,-0.811623944434275,-1.18047841852231,-1.76291391771138,-1.39317645618205,-0.782087274971136,0.94190915021573,-1.0416627588725,0.9885884577404,-0.635422297227779,-0.348768127922781,1.1825812706511,0.128674170696732,-1.83574497136619,-1.53604087752075,-2.91811737525891
0.991455707797239,-1.48746088598627,-0.262350945401886,-1.59922850735967,-1.08718413728604,-2.41794882674059,-1.59379995526165,0.48937182686687,-1.58712215588814,0.106990200692303,0.266208001374587,0.835679783278292,-0.0930284975325676,-1.75934699778376,-1.58687491090282,-2.69975581501339,1.56235146055081,-0.246810039963648,-1.29705936903471,-0.163145788920236,-0.0638614571008552,-2.01408446665102,-1.23795241899565,-0.309736029324294,0.0505924532533786,-1.09648053361137,-0.728202769467645,-1.07406621316103,3.19691481459931,-1.00058172339978,1.44502055359249,1.63499267103728,0.812394068635659,0.407916823932117,1.62614938666441,0.65449701516806,-0.23017030593198,-0.0342219998521797,-2.33571335411005,0.00951429690954672,-1.14652013695735,1.44820737107794,-0.568412042829233,0.83343514538474,-0.598892118173061,-1.53491263768628,-0.496603248835329,-2.44119144785207,-0.044517895023175,-2.49315804836766
-0.471430602188491,-0.891322219608578,1.42260009659054,-0.791645932651925,0.986022591706213,-0.23743295215586,1.26953309316607,1.50058594712426,-2.38361428207393,0.129986438018933,-1.98430432978026,0.62993980838032,-0.872517968093798,-1.36016488835056,0.1295889302304,0.576150461764268,0.820548412505608,-3.14755862455011,0.787231774174595,0.093245562538284,-1.74323256821165,-1.09620443679908,-0.155116660007452,0.164881411433111,-1.7766379709858,-4.92096980987581,1.72782044414047,-0.328135338791724,2.25092934400889,3.53774328912672,1.64360443517963,1.40208442064234,1.78449071220084,-0.0761876455567513,1.12634738508681,-0.252430241167505,2.50498989435926,1.5225096714905,-1.90116477742574,0.22399067432102,1.84248736214753,-1.92565934793394,-2.85493533312351,0.690410454137382,1.89710407569307,1.2817596804402,-1.89617491865547,-0.0480457242759962,-0.427435832675063,0.575582957095432
0.0391584997280464,1.30259058392235,-1.21610821925159,0.444932892201186,-0.761311467706017,-0.687651137983243,-0.612615753203842,-1.05171045710951,1.23221781071891,1.17632068999997,-0.996242181902788,-0.812793459335326,-1.9338955579543,1.37218009931984,0.405490763389207,-0.0170353736125439,0.0136336238995756,1.07978633005308,-1.18902343205627,1.89768262218479,2.01200607228541,0.459088804067077,-0.573707324751356,1.78791386311534,-0.524017398672464,0.379459376458206,1.71046771113452,0.272191948887154,-0.320027464755254,-1.65662725231077,-2.56471567365472,-1.4816456618469,-1.73986774579761,-0.24796097794742,-0.38735743791957,-2.98998867458111,0.215047436434236,0.0157483645829618,1.01416669247364,0.0279774193610937,-0.00135838819232818,-0.995779553728352,2.34442124951299,-0.504924800660855,-0.643339827899532,-0.406990828233756,0.910860645017074,1.77121870588942,-1.35290019508805,0.287306195211326
1.32801095327289,-1.31821792507314,2.42718064604485,1.30712034278565,0.788007685892478,0.453181274310863,-0.467633512525211,0.181955831314293,-0.168731619135405,-0.941203558858425,-0.723953079645377,-0.907315409865977,-0.649310230043834,-0.338813225683329,-0.75891126885168,1.04613491433983,-1.07028161579072,-1.75628569388238,-0.44448369460339,1.05928618813711,-2.25070214133646,0.0373497742194685,-0.0650695120607768,0.886914688827373,-0.958881724019151,-1.77605079340383,-1.20614306149533,0.210338529151463,2.31732198691699,2.78898132739108,2.15479104927575,0.0368849010933218,-1.54321952592525,-0.522962689767656,-1.28975671264709,0.973921034602556,1.84660466698533,2.18132380775936,-0.0191573454991535,-0.0640254180680957,-0.645695860403716,0.167392196306187,-1.58513075678062,1.11209471997339,-0.775850926613557,1.19501028562683,0.32050268285074,-0.480615451124781,0.931027780778871,0.037125217098025
0.509990659045233,-0.114816998639314,0.136106597915728,-0.924171659613765,-0.867808337933301,-0.759548460702985,-1.33506306720625,-0.460747538173464,-0.683792521410511,-0.196434393248943,0.402026912190566,1.09363512367791,-0.0736192421304068,-0.225133580474296,0.43714513786966,-1.33202493598057,-0.280006448119737,0.510041327022333,-2.31870010508156,0.977925432889544,-0.207818221056365,0.451437398348092,1.37196689133742,0.457123716578893,0.871958696088699,-0.168230810826478,1.23183026022105,1.39987242775535,0.259408671205145,-2.83205650084558,-1.58589639833282,0.941091212105963,-0.935747371196613,-0.131047710599688,-0.98112328003055,-1.08578074176916,0.549986997851535,-2.13971459968563,1.40774808408772,-2.65296631401665,-1.10065694972842,-2.22089390627023,0.0178091862057069,0.377589501700263,-0.577878842816863,-1.76694901377324,-0.222233732659945,-2.02056879260246,-1.54682041791324,-2.20105953486015
0.307179941983251,2.44446329836232,-1.08145349099191,0.738682760563466,1.03564024116618,2.42718861348828,0.464621131265749,-1.52526909255223,-0.596002451234402,-0.591789126717607,-0.974731555223092,-1.72596801302317,1.38627883665222,3.69440433004013,1.24351073176073,-0.829834212448687,-0.424210466970055,-0.627122053035003,-1.95258058570993,1.09405532560042,2.19615688663883,-0.0404978575617113,2.06658156434402,-0.824253181229391,2.19553181315558,-0.802430742871978,-1.49186378468286,1.8090164415122,-2.17184880042679,0.287069189754117,-1.30280507285965,-1.2476918604288,-0.123802874207684,0.572887998723772,-0.481178718532026,1.17357853597753,0.199374725666362,-2.95946858528748,1.51035017703937,1.73443995899905,0.556476654077395,0.0138958856883164,-0.117315916156122,-2.83849353273179,-0.00798378942093639,-0.46172227702268,0.814274417538301,1.63136589422496,1.02604506324464,0.200869794685728
1.8635629641981,-4.0536804172316,1.56380102448176,0.135685449470119,0.140787323680223,-1.49752542591892,-0.370166272314991,1.94974992901737,-1.64702508733304,0.280201952107792,-1.37072906405697,-2.04821337177201,0.291600815034021,-0.754336744274333,-0.594732115270854,-0.995938271243415,-2.00700254438079,1.63075514984824,1.50393537988333,-3.70323305328326,-0.307372976574702,-2.23096128761459,-1.80673694962727,-0.742092820026967,-1.16672163378882,-0.716233624163467,-0.305505908549872,-0.325473760714577,1.87404615566389,2.61130413483908,1.91909796969194,-1.63499229273119,0.663081580384667,-0.609789769517076,1.41640986536368,0.500966444072939,2.69733334559944,2.38485610846147,-0.451671434262374,-0.625833302836074,0.220063776359613,0.354887774068644,-2.04844233449922,0.250062707351917,0.319640474348157,0.277894977487419,-0.57716903911814,-1.63302355250453,-2.25289445231902,-0.868234717539475
-0.932496720378285,-0.261167606321012,-0.312280205659991,0.305724300070713,0.639251002703552,2.96142289642093,-0.812108924300553,-0.406166828136288,1.0150378704233,0.476095728194918,-0.981695517394294,-2.10346710927687,-1.89677638846895,2.69026705181836,0.834369585971638,-0.508284083360939,0.326933379748429,-0.945460110760694,1.16905913600017,0.932598148318937,0.126711627386092,-1.38085746020972,0.0351991250920272,-0.393832921778499,0.883479319885368,1.81939248208802,0.433839472542288,0.105006020698156,-3.48866999789166,-0.476582460776062,-0.61677122049256,-1.82912158350417,-0.718179279565892,-3.13338623467586,-1.34212460607876,-3.1649045341882,-0.701707213144642,4.12273590227072,-0.279318471671319,1.19711032893389,-0.192124554143256,0.407651638696258,0.697169373799059,-2.17059355502981,-1.02499008443671,-2.70050077205357,0.725549362030866,3.15850741984021,1.25010171338926,2.70299853322352
-0.402482081610822,0.633526111901669,-0.910280194297893,-1.25775295559957,-1.85428389343814,0.447317074946587,1.16570282987946,-0.0609077207220395,-0.997423851099593,0.572023494257094,0.265477697788355,-0.247442885379699,-1.25932149979079,-0.94178785232729,0.0104238055261326,1.08051001041945,0.854977113893959,1.30785747201691,0.964853906192983,2.01844734999462,1.87039834163658,0.489862970181559,0.155299042302129,-0.224052611966807,-1.35077973411615,0.731316028281568,0.672905750359287,1.61952100595346,-0.0569640379897467,-1.72577812774835,0.304557544195834,-0.903850146270905,-1.13237323080674,0.858591072648305,-0.440141723000383,-2.47031439152752,-0.901615453040451,-0.651916286434805,1.4835719891621,-0.928770436252717,1.13360016970668,-1.05036549594752,2.26064802236727,-0.0646460892766231,-0.299341949208564,-0.338948812793779,0.409945065220994,-1.63048245575225,0.266991010051653,-1.20098034374335
1.58702792492642,0.392203278031498,1.49383571373642,-0.877262634508322,1.35890660232872,1.66150898734631,-2.24001422304469,-0.405296900479482,2.09549194198811,-0.218354114294056,0.912267189294794,-1.08059633222948,1.10845175906754,3.7357156398013,-0.0374390230188429,2.00970794202382,0.738213563275228,-0.733117084243366,0.0472566207491635,-0.0865870716919134,-0.232492223781813,-0.785118380014827,2.34566771175342,-1.82901273132565,3.73813840687621,0.740544323003585,-1.07275467039461,1.49372189977674,-3.04865424409776,-1.69987793185106,-1.17395784041805,-1.49236415956269,0.422082823616009,-2.1972046328083,-0.783932494699349,0.246448444663809,-1.95523270248962,-0.312664886529935,-0.27519461345869,0.641150979907939,-0.0533499581519013,-0.0980200551290247,-1.21660441842091,-0.767747922992453,0.772070073910005,-1.09820864311842,-0.774866774044781,0.71822056612894,2.38895208776181,1.9134630501314
2.2071201520899,-0.899411477399017,1.30842581680306,-0.55800625979796,-0.290467428718348,0.238921143335521,1.87484491360354,0.580232367958634,-1.27117723160527,0.221682740013339,0.0215145968081803,-2.25264790289071,-0.425515332287341,-0.995139788612044,-0.0592103128144988,-0.448915868139468,-3.15231792130125,1.19481753453103,-2.22637599511138,0.951200266060764,-0.17755895719983,-0.232299364417172,0.587658094587334,-0.572569443819327,-0.99551387422716,-2.40697812549083,-2.85907619297144,-0.905918159870976,2.51060757044018,2.24860482576513,0.286800050451872,0.650909364602965,1.55984730399195,-1.32507528200829,0.29693225903067,-0.482174396227324,1.99539800188481,0.184871162114458,0.0459095577247757,2.16314515683534,2.02255452792434,0.646296125257104,-1.71795505653594,1.869067605461,-0.674332986224828,0.911773724030519,-2.53752649179021,1.15783518101315,0.511103793624241,-0.37044983944097
0.233580828936439,-1.32860983804888,-0.689446855006386,-2.31280739417742,0.199822370189462,-0.977830265260438,-0.00698534612157453,-0.148964683532352,-0.529431825177753,1.17393091849213,1.63190648217375,0.622383132253759,2.0701603366005,-1.38867572157984,-0.88346749819421,1.09756453156818,-0.0245394729931986,-1.03796276253545,0.562156457151195,-2.05874207326345,-2.10353615325332,-0.199571407621748,-0.767991345258211,-1.89489703513043,-1.15395437479877,2.78458254050989,1.38839176010947,-0.657074030511109,1.04624395076083,0.97604792165096,0.276291614996032,1.13253597327495,1.55181752878035,0.0659005581681968,1.94479192989419,1.51927367880633,-1.49479132518918,-0.188810191227726,-1.04294654440849,-0.0569697362296321,0.271138255135061,0.689016026337589,2.3387311794648,1.98093090471351,1.06876195870697,-2.38003398293378,-0.389693800820805,-2.55451264963975,-0.960762007087145,-2.72976287819671
0.528452704844984,-2.28542416490337,-0.0918034926501747,1.25939737945899,-0.830176608185738,-0.980538089834469,1.40910378136536,0.622724277611056,-1.98779496280266,0.662833660096821,-1.4103762692789,-0.423519067597174,-0.487673075240014,-0.581109954268821,0.275492628101398,1.27659216823306,-1.42815303195153,-0.945883683935101,0.206983317802864,-1.2022569232463,-0.54866660818882,-1.697533144158,-0.164565768625384,0.428285473622286,-0.280500176849436,-0.613373115545416,-1.95551705665913,-2.37708886572908,2.07589386173792,3.61075141199387,1.71823719332188,0.605967297315608,0.662590259012667,2.86288695823215,1.2757348318119,0.00839841678780118,0.109306502706395,1.56007393133462,-0.846987996031801,1.02295691920874,-0.0590409063180519,-1.92506391434547,-2.99110998074792,0.0973908280852945,2.24266891919317,1.80219600899014,-0.88384808889339,-0.128865626048619,-1.73234804659938,-0.46076969353611
-0.122399133171504,0.264797874949791,3.4737420782111,-0.538943893347555,0.0499395638343346,-1.66119089397728,-0.79215735353689,-4.27014490096079,-0.062510989572023,-0.892340625693986,0.568635809349722,-1.4356831844042,-3.68141616742903,-0.269530554333412,0.884717767195204,0.614037686663339,-1.04789739830975,-1.63400467869323,3.37007520341923,0.494905685946936,1.16997174356654,3.75286467962843,-0.0140605280577292,1.38113619034484,1.16767375910248,0.46902499553205,2.21473226907465,2.2341680847977,3.55286989509423,0.979199288198417,-0.456160086196087,0.263485216422527,-1.19211745882877,1.40346520624713,-3.18476385387176,1.63774243702079,-2.04536160810291,1.79923164430599,-0.188497333934982,2.93498917085492,-2.35341503548886,-0.594319929379446,2.65270211275546,1.00508678812574,4.11295281852875,0.738098428624003,1.03901851695786,0.343958615469663,2.65265349735684,0.585809230389133
0.995963883097893,0.868862477064019,-0.0530436034703626,-0.798928866708075,0.514427503318531,0.0241162664573256,-0.515572169282305,1.43434750021472,-1.39726552982529,0.13276924395425,0.41226122634672,-0.355107761344802,0.109577415846235,-1.53501614932688,0.106611986294752,0.319456780649468,0.135214698239371,-2.1056474595795,-0.11373197635828,-2.2152848374935,-1.41011101210033,-0.962807512063009,-0.782180389174492,0.23978552129616,-0.416098411036066,0.0315843292272965,-1.70446216888562,-2.13583733842177,2.76129326025976,1.39574789885297,0.760574341625618,0.6513918001611,1.93846850304627,-0.248968677863339,2.41701107758434,1.75558592454535,2.38899922753696,0.772629034895119,-0.77572169281054,0.528223151797528,-0.881932863547773,-0.398075816181465,-2.2611159529279,0.517999222855824,-0.950180294536489,0.776417745421529,0.496936746481912,-1.38782191232,0.034989639089643,-1.19801214142233
3.14754374603906,3.24859067682552,0.719618921414065,1.26635903639769,2.13934729608659,1.58280647407185,-1.5682006365816,0.834674086716632,1.99793068550209,0.0215123874782122,-0.0981739729421152,-3.13914231843918,0.442460620194263,4.46966669988863,0.937720751755213,-0.654564647932582,1.64826750259168,-0.358139230786532,-1.39243135546294,2.26705919405477,1.65338931947742,0.997331811884287,1.01071684364761,-2.43570802668603,4.40299606098372,-0.755683664595148,-0.546036416788597,-0.569625452810228,-3.076475797677,-1.30712286336943,-3.64143136461427,-1.20011081712737,-1.29614601767387,-0.592105940600992,-0.656915657933418,1.51437447620513,0.0804289470404802,0.716267651151286,0.81703892608911,0.156626726564741,0.780791024030983,-0.974684435841943,0.292314953339926,-1.07154749951851,-0.536820323091205,0.754716003113512,0.180118342044125,0.706641128465737,3.42154220991721,2.22695387584472
3.19904046521764,-2.99154351661493,-0.337270220694401,-1.01965947287586,1.39469037653261,0.04100021081857,-1.85026883208214,1.0927922295846,-1.0804204846527,1.15534764659962,0.61859522218272,0.671707561207071,0.784951372824456,-1.28706220983565,-1.16116452818433,-1.09468390835055,-0.732350956726893,-0.847434913469782,-1.28795374801199,-1.78915532625282,0.183000926597745,-0.69353078964357,-1.91178880918617,-0.899260852478727,-2.44972456676369,2.30472199372912,0.654313012672761,0.387670315213052,3.02013003788085,-1.41140040576801,0.302913924553697,0.9660276520275,0.399565606956245,2.36133273372501,0.861901402097186,0.20431112712989,-0.67916968698574,1.22584588843672,-2.2997626500277,0.0456790859249588,-1.20458017029307,2.58821196056818,0.429637612947299,0.974588304771013,-0.14547195371183,-0.633612815603568,-2.32691903742309,-1.90881954240308,1.72945928945607,-2.97131201925495
-1.19551655601298,-2.21567074876916,0.937700122872712,-1.17644201464486,0.780728890819769,-1.68639018345646,-0.984716741666829,1.3006249906532,0.411863933584119,-0.404310681621394,0.953336138048076,3.09769688943738,0.987091390827927,1.02560094361807,-1.57694635972564,-0.797809005675833,1.71203320524058,-0.0430117786782951,-0.646076916402517,0.955674555433778,0.966180942278533,0.439227452887323,-2.15777225295435,-0.37669093645134,-1.41834296095622,3.10293543962442,-2.42241281305643,-0.0364753531934507,-0.192727179100631,-0.869508943680078,0.478850062843828,0.556524364761018,-0.165106851662779,0.374861683706503,1.94532564009723,2.3680558633356,-1.05198292496991,-1.78000521258384,-0.413800617995826,-1.251587230439,-0.712751322884496,1.22857669744498,0.963709709905669,-0.64420072201388,-0.341723521172942,-0.433631222210546,1.16289762966712,-2.22223388663513,0.615147137948709,-2.33242809079651
