"V1","V2","V3","V4","V5","V6","V7","V8","V9","V10","V11","V12","V13","V14","V15","V16","V17","V18","V19","V20","V21","V22","V23","V24","V25","V26","V27","V28","V29","V30","V31","V32","V33","V34","V35","V36","V37","V38","V39","V40","V41","V42","V43","V44","V45","V46","V47","V48","V49","V50"
1.23563802597679,0.980377214394066,-1.88511108294106,-1.25241951859543,3.17131302777499,1.64437862799182,1.34906092387278,-0.8046646582006,1.08015737913843,0.812626516832871,2.40161638845469,-0.155265042012179,-1.42663220170614,0.199656776884972,-0.645566447334915,-0.0284254757218845,0.283532170631715,-1.61488940630166,0.229214919430301,0.717465131049132,-1.87799558628917,-1.07903502536109,-0.0867414558813154,1.60486818981252,1.82871892251311,0.400632419996443,1.75964905357027,0.553418216320487,0.586691240572418,-0.138144409082035,-0.149115363513005,1.99648480885648,1.31637765020057,0.00264708415550399,0.562187772950155,-1.08510191687894,1.40065701148285,-0.383243381236181,1.0381141743414,1.39697456639491,0.681547512177944,-0.160615977769791,-1.51192641242152,-1.2301391510905,-2.11498049961561,1.25537514975004,1.4161749294468,0.33988146767756,-2.22137311289856,0.597192297188155
-0.287962207719512,0.36922426042208,-0.401520860902188,-0.773749336617899,3.07462968604902,-0.0131939584587597,-0.236277660082538,0.913406342670279,3.21841550874662,-2.38312523952185,2.14402575386704,-1.37552705819444,0.564571770068844,2.43182027993729,1.46778881785601,-0.44337080212757,1.1836308003888,-1.9022739213247,2.16087631229271,0.88602730110928,0.142851082955322,0.217930899318177,1.53016543571067,2.33474174931958,1.59356255187019,-1.37066036042001,-0.340358659441555,-0.817850192899803,-0.855318012881696,0.901148545586187,0.585219091116654,0.884827561954005,0.363103124696594,0.286328574541089,3.19405697967768,-0.168840293677113,-0.676097473041397,2.99246843144899,0.258027214345863,-1.31648446291587,-1.6677673258859,0.949673321280662,0.389412059983706,0.246831589054093,-1.457431969359,0.896534958700907,1.13204432829004,-0.461555477077085,0.419308347812898,-2.36204910536309
2.37789085535919,-2.28720589943887,-0.55377622168506,-0.862076965373725,1.8228826194133,-3.15150222131198,-3.53018473034091,-0.62135392423824,0.0924003335528987,1.48078487253044,-1.4034184441881,-2.32163903801786,-1.09895170317995,1.10055302460087,-1.09217470765522,2.48326926345892,-0.546258114068285,1.27523118638424,-2.11185846125969,-2.83133837222596,1.85966196266506,-1.12748149841059,2.27340399233477,-1.49138179476593,2.00180977063964,-0.512325284725964,0.0237700909430331,0.397598128850334,-3.31682877352523,-3.25089268089017,1.74889847793125,-1.73362651833084,-0.845209811125719,-1.61573982426142,1.83152638011997,0.0889655604670156,-1.14654950191031,0.995796175089711,-0.543687108091444,2.20799619696042,2.17754316048013,-1.17638167453174,-1.69991172206817,2.56940079195588,0.887543040647279,0.883559923179285,-1.03910495638545,-0.179338805514173,-0.969054915431679,0.842278004282746
-1.437649991566,-1.7883870485356,-0.386337532975422,-1.76551729916643,1.3472738854965,1.20260265909338,2.30792813968824,1.72014678936241,-0.857251936314485,2.06787664747538,1.02464645017455,0.490470299162993,-1.01900048942749,2.34338532672731,-1.40021584343633,-1.39836507938368,0.66475132115501,-4.66580141992916,-0.315774678095306,-1.24973454377841,-1.51916935299925,1.96394694326454,-3.54219491413849,-1.52895090775174,-1.25932588319297,2.72366539439016,-0.817092545797869,0.0326929119410729,-0.0645042666305468,-0.113960711273754,1.40017899143052,0.943040560760057,1.69346887079712,1.06564999336218,-0.226860001615848,1.18398458362567,-1.62992707130056,3.48629986174953,0.160525841455207,-2.11045881313553,1.84969395367483,-0.496671916614976,1.69914759789004,-1.30835686322535,-0.537018794195037,-1.08402337784173,-1.19987355523473,0.903162398557006,4.18172835607405,-2.58856014423584
-0.305045054580018,-0.39724183557895,-0.475808027555088,0.315989874051847,3.15126671847729,-0.322774515634097,-0.984865662555659,0.899829776939663,0.789914567213116,-0.77753226695622,0.310601262881628,0.0633797942187564,1.4813043205311,-0.189339678451144,0.586457285489428,-0.169030358479394,-2.01842966667672,-0.390023107790916,2.09247294268796,2.28204702681676,-0.178204173214606,-0.96291582369719,0.650545731650253,1.45936397780161,-0.659520494620578,-0.945111522130882,0.625505839062235,-0.0333853056178392,1.22647378359806,0.628847445905092,0.141110054327768,-2.579766238898,1.8803688574945,-0.304129013950747,1.52487426077425,-0.650543474408972,0.605075692041824,-0.518926098467473,0.327453389322789,1.13478735547834,-0.604769841138718,0.282909156186143,1.20815864033445,1.8944470198705,-2.81177156845565,-0.514123424146654,1.96104779564362,-3.46213510217364,-1.1098403030126,1.28502857234812
1.09645348034825,-0.184900604598131,-0.522596593828147,1.34110228895378,3.29473871088075,-0.660399330670558,-1.12469007738765,-1.76625583914317,0.748160915185051,-1.62437165134153,-0.758555041512623,-0.784108132204386,1.74496098046258,-0.365138789894899,0.397401660751042,-1.30440138511812,-0.661197412149476,-0.852934665005675,1.75104478155691,1.85921489766735,-0.544612259146425,-0.733447875314744,1.01783564978989,0.71069994383363,1.20859614615066,-1.36329425959798,0.0569534888853605,0.66511092506757,-0.50484237902341,1.70331066273664,1.08845685451367,0.500509804874517,1.31493769004279,-0.519370799240965,2.92782165240493,-0.723866280880418,0.72542887550292,-0.223119662062147,-0.0824238843013878,0.51054319121427,-1.48843263630746,0.494852697463637,-2.36996870187579,-0.00926471720117461,-1.21658425836161,1.62124875575521,1.83535079694992,-1.30129447698965,-1.21470200668559,0.375108073679686
2.24311522286604,-0.537125504044192,1.82025206584071,0.106142197343285,-2.83466217159071,-1.21040909418328,1.41787778180813,3.12038015200759,-0.707216364346217,-0.903943454421824,-0.447011988460472,0.705965598881612,-0.367187654601849,-0.00826059261142387,1.05460355009925,0.655336769217772,2.04582318856161,1.14963821670525,-0.695822173536876,0.530058984707365,-0.827564309281179,-0.794234760779056,1.02032058472881,-1.01866010156241,-0.644821879390644,0.0596276455597719,-1.02847189832173,0.924312932681101,1.8164921818316,-0.70679454770438,-0.31036046116345,0.645250464938291,-1.47727664741948,0.630952781723261,-1.57194563983384,0.53274055306549,-0.979176360779474,-0.40316548168659,-0.672193121557438,-1.81272904964247,0.0757621937291631,1.31020445237194,2.1927419740827,3.02559133550351,1.03465867624923,0.799675444039433,-0.926001762270846,1.92623459758025,0.401012847903432,-0.277630544103668
0.966983253446426,-0.328871910215571,-0.877420572787392,0.995534088014882,-2.61927490734104,0.794199862420349,0.500784895713362,1.46493478532358,0.664572810119426,-1.24208538526637,-1.0870572725534,1.23644763376079,0.297851219287216,-0.220277512070536,0.609898771827944,0.854996609541675,1.96641427164875,1.4223627406769,-0.570707430222104,-0.90362859515968,-0.853947500258829,1.56497828329242,0.14605450201654,1.74336270129958,1.05471249947375,1.78329570984024,-0.52279536911826,-0.349916383074966,-0.193610495671194,-0.292553340577238,-0.216833449376985,0.0300339625703474,-0.723141476179,0.620170158386967,0.288456307752023,3.50762314828301,-1.69624966687673,-0.295707671791454,-0.576348506402432,0.517571623139147,-0.164501424444445,0.251902896646061,-0.18216101218673,0.763095188501627,0.625076712680486,-0.402357161548769,-2.48695069222653,0.86031447243047,0.897479772124072,-2.40430912898219
1.49021363241384,-0.681671497624473,-0.233933612450757,1.89391329025956,-2.31700732445589,-1.75141237802188,-1.79117859909166,-0.596584245371881,-1.05459234090555,-2.17046614124806,-1.04638498251386,0.578617771614664,-0.264730971699953,-0.335619359548493,-0.183000875924792,-1.9462633428137,0.838984933936211,2.4872832799143,3.38571845718673,-1.10161868099867,-0.829938448308331,-1.10173267445876,0.520033856306538,0.895464651848463,-0.835511300938854,-1.77049071462595,-1.17458006229413,0.969066441534252,2.19332574122179,0.098020819949139,0.207130109694636,-1.86232963097631,-1.08696098736755,0.591523624965617,-0.658906943719857,2.36646724381681,-1.52584631715928,-2.15072128761442,-2.33089367825324,-0.471629687305314,1.20559129457034,-1.43752039745265,1.45373640573402,1.70281221056266,0.971431167627638,-0.164819876778614,0.00691836896169663,-0.305985808619103,0.511343356784015,-1.40930665613982
-1.13076023179543,-0.313542220501937,-0.157342439070429,-0.623110814933559,-2.31200635315005,-0.625639483943867,-1.64586370853196,-0.535783314183448,-1.08947874688913,-1.87044210272232,-1.63400697801682,0.694371977311535,-0.458450309605548,-0.932163410362862,0.696032078780922,-0.130431965871898,-0.160281065698686,1.46098036501121,-0.278603667101027,-0.0704984337391351,-0.665163633326427,-1.16193798643531,0.430164226046987,0.514623670012077,0.542956263764232,-0.240608643219454,-1.0380208145604,-0.279547659112708,2.86204671142189,-0.751734528490275,1.25268730366849,0.0545547826494216,-4.98650362331601,-0.570686718796763,-0.857097757402607,-0.837087417965217,-0.866109290812907,-0.977098427998864,0.0462109207653232,-0.898190045611818,0.334624948575453,-0.52180266713953,1.25002271170489,0.160466333523977,1.6839963459546,0.148055408066175,1.09982281672333,0.140180533121042,-0.78718329959233,1.66946909234288
0.030359628554989,0.0863661123391439,0.3064623922606,0.309236200793306,-0.663555321871999,-0.463791793118819,1.08140279484087,-0.272441364890243,-1.63180497419308,1.12104193068959,-0.586878012409653,-0.53154518830506,0.392904332811193,-0.29191376758438,0.649402159664287,-0.886034645589744,-0.416754009538795,-0.00605281620922007,1.29588060600794,2.16557071781283,2.18498935142654,-0.238105309685471,1.03371628844547,0.5869885174086,-1.33127501327231,2.45570940273987,2.53727802975783,-1.12197089319982,1.42596122763772,4.24622203723686,-1.56187220515477,-0.769266165718009,2.46524371612084,0.235175464440557,-1.03951968430043,-1.26984665864981,0.58587269038475,-0.380315331008742,0.570999535443837,3.67700571246056,-2.16430345736616,-0.887430324233777,-0.654526493349006,0.71908194251254,-2.5897333083747,-0.313134723454684,0.851112697006227,-1.8359425562959,-1.09623101419178,1.59131670871875
-0.0677633847284016,0.288308962462835,0.10876502637969,-1.46661273994839,-3.38723528880283,-0.916098009757148,0.987673439183412,-0.634542076870713,-0.0930018902633889,-1.1275854900068,-1.69619668641506,1.70351443414363,-1.10811192912602,0.457631374183598,0.358111180924297,0.282276188217654,2.1176593601994,3.79807472772088,1.54564799438354,-0.211122001720415,-1.41974240043253,0.413124446425882,-1.04167908100735,1.89969976928929,-0.481911497226179,0.260728028424788,-0.315915533964313,-1.10173198418158,0.558087875355662,-1.0921468041786,0.0847552293662837,-1.24446101295794,-1.01348703571071,1.35283163535911,-0.378104474992287,-0.207256434949741,0.671827826927963,-2.64318132394757,-2.51420354879608,-1.11952396296717,0.433321004959563,1.63220733669349,-0.761915743097929,-1.21862053975527,1.49465173229396,0.450182201481065,0.232957389211917,-0.520065926905974,-1.52530817272834,-0.347732747691766
-0.938258651179782,0.86048503042047,0.0655638869884999,-0.618016754764496,0.6556479569455,0.422342912335337,-1.32888041137714,-0.542149393943998,3.0984523207159,-1.27744632969031,1.11309825402196,-0.569497597268502,-0.592828703706628,1.13925209228985,0.373828343768112,-0.970119887057963,-0.204546821448716,-2.63749417762327,-0.627635410271741,0.414333259529665,0.0241070285692282,1.2335944096253,-2.55024034823774,0.753435151949955,-0.781673293943899,-2.02780884067022,3.5398529049571,0.811658245095279,-0.450118850708449,3.70439405022153,0.644261380240059,0.126030380963235,2.15331216274303,-0.275474786857952,0.48370360564773,-1.55352607400784,1.41125778024634,-0.242659456011948,1.00954435756139,2.56548160087233,-1.43405811901353,-0.630694725187086,-0.13393743827566,-1.25590490618153,-2.66638935534943,3.18048503671286,-0.389998587008341,-2.35383103274944,-1.13445664729312,0.0595053483714471
0.500713048595789,0.181183605383968,0.385785104167062,0.402120551770543,-2.79060000207018,0.651659131640183,1.10269494987746,-2.49574692012511,-3.38004942487616,-1.77563356862174,0.460792402596031,0.955838014788449,-1.55859161522466,0.272661385715552,0.69644457373376,0.853928995826795,-2.28164878754945,-0.772403227487025,2.9930475409956,0.433642693611803,0.745418385369911,-0.0626150207110389,-0.275439907337111,-0.926368932371442,-0.501441159015542,1.40852281416204,0.0945457130088747,-0.458362029262723,1.84178259432757,-1.27440556731464,-0.386692984940469,0.700326662258137,1.33811966939173,0.033546929485463,-1.70383858605571,1.74502658676597,2.84828181719438,-2.5183476807545,-0.0313775501898444,-1.16751847348285,-2.6871216099968,0.0775593496269597,0.752738193115077,-2.3605230599276,2.07428187863481,-1.87128894248327,0.338755451731975,-2.20128243723355,-2.15762670574596,1.3957052174981
0.456110898015656,-0.920060144283445,1.1008263331004,-0.428492210112524,-1.67231673231315,-0.0850698414286348,1.32483552642845,-2.09379904360378,-3.33476706295068,-1.95835158869757,-0.77649277096715,3.6372098926328,-0.564703260348481,-1.8872495388008,1.88403555525232,-1.9029651448133,0.141139099901407,-0.267761788486494,2.63622966646521,-1.39427686832423,-0.80488901810748,-0.959148157022507,-0.154160505583537,1.77570848612007,-0.335481462247533,1.40493163937098,-1.18269484370013,-2.04021283555566,1.26465952657202,0.0198704606579855,-0.143647483693995,0.0578028976217959,-0.0593282507209371,-0.764738885772598,-1.4921124545002,1.14930342249135,2.97258106585276,-1.02959889554433,-0.495763989029259,-1.88890509605723,0.08369215543825,0.106030657958012,0.795687467740474,-1.14270720002961,1.3771715451449,-1.83856453000492,0.128081533330298,-0.58019009863048,0.151568496939164,1.4652923924912
-1.5682020478094,0.546953879156184,0.420835762326815,-1.70423499396407,-1.21848681381253,-0.542234731239746,0.447208265855439,0.360742473634931,1.26384366804194,-0.602364897846875,-2.33722183209561,-0.38688304068186,-1.36144827501307,-0.362449518738041,0.14218096908399,0.171732042108615,1.01459523699856,0.969887423585812,-0.466553328928352,-1.12519044918013,0.163584343674116,0.306323405814863,-0.435541334991995,-2.64673345293278,-0.657784407756899,0.873593459495029,0.809981005345635,-0.306107777079973,0.444677310228417,-1.48298959971306,-0.683435014914405,-0.273021772022451,-0.832989806518665,-1.59658526501803,-1.43767336291478,-0.554322369485842,-2.01926586136179,1.08234674920766,-1.58278604607926,-1.11950811364925,1.43832250309229,1.29496323783595,-1.39838910264466,1.8067839829933,0.252107246657716,0.963545725395783,1.14976690863471,2.11142697432383,1.11518924069714,-2.24473989570266
-0.537812541725011,1.46304025558367,0.557249961651084,-4.38896517711767,3.00643623121629,0.664992940299699,-0.579243994922359,1.11058959518719,-0.153505681169515,1.55859619760227,-0.548147476822317,2.0533226057601,-1.47750813377743,1.52653404067896,-2.36486078372824,-2.15843759437912,-1.30889496943509,-1.04246383861397,-4.03931685259947,-0.941456871484832,-0.534110174466772,0.27032930438558,-0.852245546478444,-2.83122641414234,0.471834803619538,0.858918455459391,-1.40111896529887,-1.97099748173686,0.968439156071987,-1.32792368209859,0.087616452039803,-1.11913525238872,1.35712084383944,-0.825072055685589,-1.64254893301457,-0.300245680131359,0.206188620727681,1.20065967422581,-1.35011530656411,-1.24301619331016,0.857413506301285,-0.170101423094611,-0.70043224740412,-1.17305980545684,0.16890009295158,-1.14524705363778,0.473117274762139,0.912715073678085,3.3126269550039,-0.228597393302042
-1.38990173629355,0.135459759179398,1.4482171389269,-0.267417958516534,1.46363529183938,-0.281004598836639,-0.410395091942404,1.75896939255603,0.978383393802022,1.68464341458596,-0.265854454612471,-1.15469302186371,1.67745463970319,-0.424645070532019,-2.31158509646736,-0.605443708324067,0.101538591250441,-0.957793571415363,-2.40876407484492,1.45361068750131,0.649282917134738,0.864495539341701,-0.126564978614987,-1.3643228926179,-0.640469158320975,2.55204919855231,1.23642217708097,0.239724616683445,-0.907743258731829,1.76488765071201,1.47836931942655,-0.505959283107477,0.699872440341826,-0.130432336304258,0.357881081929058,0.209636795084132,-0.176054603815826,0.698362501349521,-0.0533642850329952,-1.46756700105561,0.481177669992485,-1.90084148098916,-1.00813122664907,1.5132979025806,-0.859295353183182,1.92530479344519,-1.24280864377465,-0.0297494740253803,3.27367068782786,-0.371300313450789
-0.655183991469295,1.42149602780227,0.0392345884241745,1.23628508792509,-2.61813063033013,0.465908720326221,-1.73097476281221,-0.700208747427862,1.12160614720501,-2.78497295893693,-0.978087793118275,3.74765838963428,0.450159145539553,-1.22793147159653,-0.147876989272795,0.16225705923991,-0.368660085356961,3.96554720336682,0.994303177026069,0.651149855159352,-1.24158075537921,1.51697421561907,0.548196725009557,0.839108904687667,0.023933483267401,0.915514802220709,-1.19766340488713,0.688047898895659,0.204679706745001,1.04410112580579,-0.51256080281604,0.254951575580513,-1.02679216963054,1.15569116300476,0.205374921290078,1.50781477415937,0.709005920880442,-2.75876959109921,-0.0102574121897549,-1.51518353105294,0.109189106075362,0.501935817073384,-0.251207660669439,1.19990546420123,1.25077457511382,-0.019134954865179,-0.742385136762668,0.938058581006363,-0.893861759592938,0.331218374472155
0.874647848347757,1.00520464374254,-2.02799387852701,-0.553747535505945,1.66267895074676,-0.926434130112889,-1.59384734199158,0.537274431895043,1.71594277211046,0.410845811819057,0.551326793718208,-1.31616273753945,0.757587506701594,0.722011875972556,-0.115116101070155,0.195215893160124,0.321291978459611,-0.381356173270806,-2.24592519221182,-0.960945791546685,0.884107126312133,-0.0357458931051943,1.53630035465929,-1.34476567217974,2.11000615031762,-0.541147910981283,-0.48224169526818,0.527902144938569,-3.0063545623584,-1.53424663820141,-0.342007927168061,-1.91095079634427,1.4922824666097,-0.530673099015383,2.73901652271186,-0.158711887899464,0.286285607128239,-0.438110861410486,-0.572768152336324,0.843685317616539,0.906468309108705,1.75434776180538,-0.926232912263566,-0.0153001733480144,-0.578133916792926,-2.09377497105699,-0.271352543167282,-0.807282119810976,-0.663594479998774,-0.314607275308351
0.330057319010513,0.159662917012384,0.125296553161276,-1.5186923681529,2.61907376131115,-0.0499892003114228,-1.04956476333353,0.0822820528825099,1.75946689744516,-0.189236142845096,1.72900957801288,-0.68448304857244,0.317754952454222,-0.190487484863745,0.386486216798937,-0.659893071396062,0.852899972004709,-1.14347122236151,1.62650690155995,-0.0433979856052083,-0.174615963355331,0.941568145386832,1.47197502855478,0.411887320972229,0.715818813048734,-0.781515512552655,-0.263435998775514,0.331872411289052,-1.8108455930575,-0.774126177200227,-1.70206085743442,-0.05997121852305,0.822119951625443,-0.21585215022283,2.23533436428688,0.569633372226711,0.644117932485366,0.772522267409555,0.200760916001257,0.118790670716274,0.72716707007609,-0.479831456305655,-0.484998787327703,-0.518066284291647,0.966394509058531,1.34312628146864,3.3345185334129,-0.242021421835722,-1.82227619106003,0.653706248359559
-0.464400120865965,-0.145091836903838,-1.13316046848346,-1.46701580712504,-0.768213387114897,-0.610334971319266,-1.74190526459803,-0.170171449411984,-0.950928058836531,-0.956564624093463,-0.983307668980138,2.89045788424142,-0.910889459317912,-1.4612064299766,-0.482873309217993,-0.013691339355016,-1.14227362932558,2.91827599199396,-0.584177415302533,0.01885274841992,-0.586231422485397,-1.91451326333076,0.699291008926774,0.345382317451565,-0.162959173036829,1.12684404056347,-0.54889219794728,-0.234426547255619,1.45592718366025,-0.997395343920684,-0.738341312731259,3.23760681555504,0.243932550417937,0.914107316792081,-1.70534825359991,-0.211061264279286,-0.149782988122675,-1.19195148941356,-1.60660095869569,-1.00506240358327,-0.664482915352838,0.930620993582285,0.240668679019543,0.0743643151675241,-0.46709827811396,-0.823318669758982,0.0587789412991457,0.962220844179445,2.5270457506789,-0.284073213235651
-0.861126779183748,0.104574627989219,1.56989565379404,0.625661510963821,-0.433728961112055,0.690903260612852,-0.107780643927423,-0.157572023293275,-1.73284519350077,-0.139119403603356,0.521412969951576,-0.151462381389033,1.40498806490269,-0.354316563585378,0.110911138878756,-0.592257334485577,0.206548080510626,0.582306014995782,0.0197609772347774,0.0670848995916806,1.74929579574197,0.294792451494659,0.254838594417534,4.13070165262397,-1.03470362158352,0.429102740935088,1.77898093776677,0.560338698760675,0.179989614945819,2.59667306035552,0.167084759631354,1.23199121618247,1.46216310147405,-1.8575728197801,0.662093560826137,-1.04159247383584,-1.67426872705793,-1.50397459506049,-0.49816178283756,1.175176595502,-4.61479911027958,0.60592771046914,-0.165649684434479,2.29487383063234,-2.15416811392046,-1.4376859714623,3.99779683003129,-2.28726236630981,-1.07682598765527,0.378155800378073
0.46427336851813,0.849450667301548,0.30482604546295,0.328658900534666,0.307728902113895,-2.2248293605412,-2.28995341027497,1.50692729879471,1.93765304015276,3.51509453900364,0.214413844722331,-1.65814159393928,-0.152048583831392,-1.12551290799933,1.5191058487396,2.71588477139255,0.871920339199078,0.447701517504193,-4.79688469882465,0.397000230109193,0.888647413560405,-1.08830804016649,0.0312516562915963,-1.89641548112504,0.83123899569173,-0.723614073870844,-1.04849429236121,0.53887122956501,-1.05702403352804,-3.63643089527924,-0.042629635806777,-1.7610877337867,0.0840889481011048,-0.897347566381116,-0.0392053675419382,-0.411599078566092,-0.391039730704222,1.68782883347647,-0.755404525674271,2.16496417047237,1.96560373433656,-1.00615662377066,-0.384007258123264,0.439700932762601,2.8156751318935,-1.8928402670918,-2.80257674320055,1.90292397357511,-1.20792174791067,-0.142233210754317
-0.0542192740660168,-0.00280378080414295,1.25799202941052,-1.64575807546155,0.0795630704751729,-0.132347547887132,-2.31698731097823,0.756213759264589,0.866744796817825,-0.701022316707225,-0.385715605309877,1.50108520203454,-1.03493500650918,0.16239273823332,-0.69285850769779,-1.23262418317788,0.255325335312198,1.62578260694018,-3.68198973541659,1.76665219191621,-0.660178157319458,0.255212781702142,0.465860224416412,-1.0468068398986,-1.08389225481361,0.0638853909818761,-0.532590800662246,-0.592655708692385,0.597892753659025,-0.950391415857598,-0.988944350585104,0.805143464169811,-0.981378084852601,-0.149168196322032,-2.84085989766956,0.960190483890455,2.16601128575722,0.709727702211332,-0.161147302970373,-2.84770435640255,0.233407489564349,1.23547556324343,-2.57611431925903,0.127151764301177,-0.190935339867523,1.67715705031995,-0.734305170022644,1.77411473213878,1.71687617373601,-1.57084314523993
0.0533487266040048,-0.221527303303304,1.5042502986112,-0.862665866465191,0.621930379134739,0.923952420985781,0.525499529496236,3.55813317836667,1.7565970653139,2.27139821199529,1.06410726426893,-0.299704520326006,-0.417291037663234,0.71932535753756,0.631186282114071,-0.248455322150356,0.652313892505821,-1.73425309146191,-1.86142659615099,0.351633398411263,-0.831770299763548,0.12076192918784,-0.524840176309332,-2.27763423961006,-1.59805454336939,1.68035143696136,0.347925922542962,-0.651482910621434,0.0940408519301676,-1.29721733736156,2.29432125769658,0.207644926522045,2.28033003436324,-0.562142693681073,0.567352267674867,-0.630349364408419,-0.149575501738709,0.97808063436392,0.849812030279067,-3.40259159315745,0.956028473976975,-1.69423856435174,-0.217687641318353,-0.00599140329941893,-0.514570526319615,-0.902424455650408,-2.28438569558299,-0.657447058815914,2.86366537412441,-0.547070148628098
0.953029599504689,-0.713707332579139,1.15566926977963,-0.78039169881702,-1.54661861459525,1.8295980204143,2.21546671009855,-3.3115081976971,-3.04391719397359,0.72528432918165,0.328936497193393,2.09214068144116,0.18501661515185,0.244344117737135,2.14489518140761,0.0177825652996947,-0.782561309527144,0.808034847766484,1.40863231007498,0.637234183194128,1.77339180592048,-1.79209519437037,-0.119284998188144,2.71325990964323,-0.549934561151243,-0.884154912037839,0.670140488454089,-0.39915751347449,0.307367448577578,3.62328708873207,0.318508167892294,-0.332474263595892,1.47464523052404,-1.58298496756221,-1.48201735111234,-2.88808402004117,0.85260365204934,-1.7181138946877,0.10625747186568,-0.89947076316905,-1.32370014594485,0.175011438975582,-0.0662687190964951,-1.46962800619544,-2.36187014793907,-0.789735048029919,0.589601233983718,-2.29414759205862,-0.694652332475772,2.00895727572772
0.540560421691665,-0.507090448701116,-1.33158444986176,-0.145011785040005,2.88642063666955,0.00154851485428339,-0.253450903204081,-0.987135489498742,-0.326856812255195,-0.395289618498711,3.54912486186351,-2.46338667423323,1.09845695781905,-0.246485874112959,0.230884381083245,-0.748851284679528,-0.898555851445582,-2.75409531287164,0.81944127253999,0.180400753594917,-1.20460665880129,1.27994656450942,-0.346802168905779,-0.831426877621037,1.35530108095774,-0.171318218404065,0.212609730495364,-0.33173402525224,-0.140736214701247,0.1783580744732,0.305657700186182,0.394693648632003,-0.437129599806895,1.24011705195854,0.51283187194747,0.156514788414495,1.18772017077463,1.08078498969048,1.41229604645758,3.89041801849929,-0.212568655678469,1.75810466384895,-0.778573818865354,-0.565105440744704,-1.00401512571714,1.39143221020605,2.13249681333798,0.358277899092572,-0.611937469145752,0.672774222825374
-1.32673131448345,1.25437773670405,3.36096922532147,-0.77101084730864,0.18973760152699,2.00501933001262,-1.86262423925654,0.374501797043939,1.95115932890003,-0.421004153798267,-0.624746707407559,-0.199224161619649,-2.655917206469,0.371000039805093,-1.45583767066434,0.770282977090777,-0.745512899379344,-2.22962498631558,-0.580966754507515,0.840710004779915,-1.2950521618228,1.23471166023406,0.355317041952553,-1.44870951337281,-1.19181322389724,1.32239799407395,-0.447334988242516,0.283898747918293,-0.588391991750535,-1.41469779792175,-0.108156568095174,-1.71678471297147,0.736408028800171,-0.0511687375651937,-0.844664875916222,0.239580760461358,-1.08351783816532,0.75702123916418,2.33010519059569,-1.76701315517265,1.3723328282596,-1.51041393167353,-1.72833929338309,-0.374248879006392,1.27173236751475,1.03656425541154,-0.371846673650738,1.58765810210644,2.58196859577611,-0.63872970561524
2.00016868250794,2.49794626140421,1.26816997545044,1.33342295759826,0.755217685805236,0.220552793135692,1.82071583957237,-0.452480534375856,-0.741600347880297,0.206774026586789,0.439901315684075,-0.604790122045751,-0.246691455042216,-0.435524448061649,-0.509583247199383,-1.20548772458871,-1.05366343434276,0.714414666463203,1.9951565150061,-0.319744569898904,1.17151566035686,-0.15969686423195,0.243808248779698,-0.175518755904921,-0.182105243735076,1.39917818759809,-0.132721893168951,0.0966636884841944,1.41446345984282,1.9262548355628,-1.87471886901389,0.115304550509756,0.895988285107714,-0.029925885504401,-2.66253446768192,-3.17059108550399,0.155054562541405,0.439813807423877,2.33163666581663,0.8726533333004,-3.11617421448434,-0.579995378974865,0.265200360942207,-1.33000727348998,-2.89027013508683,0.373757733036354,0.388116866376336,-1.50399422321577,1.40157086183221,-0.360449293520399
1.3767163742409,-1.66223823888486,-1.93781743088907,0.821057031281,2.88197101275022,-2.14371511055825,-2.88108916645267,1.69957825947857,-0.462853821835649,0.704866442285215,-1.66455076965112,-0.712609369572555,0.626964426064748,0.276857018445046,1.14851275431411,1.26148570382972,1.2403477643402,-0.303541460423873,-1.59954046166164,-0.370433751872367,-0.717494515921818,-0.0766207191545567,1.14655224983946,-1.24864472131791,0.804494705855585,-0.205400184283852,-0.937040468990163,1.79909904550886,-2.61545298093966,-1.68456626780119,-0.405084471032099,-1.45116703237096,-0.181177708162843,-0.351586772134774,0.376804512423496,1.88192849258034,-0.569928846699427,1.92588841787694,-0.888646004247249,0.35387804187363,0.83359694607946,-0.662480198295343,-1.66513233146859,0.0173764708180592,1.72024210961904,-0.31859612726599,-0.911351096734278,-0.0139331376948756,-1.89881023932669,0.391173675219454
1.29680158719128,0.653297615009074,0.169325114041337,-0.548525152061381,-1.44419477888531,0.347990745814678,0.858482643268665,0.071246190267604,-2.50587936421964,-0.970808921801211,-0.208336996994783,0.732405862753676,0.450510870378856,-0.529717592402554,0.37855051699991,-0.476386454713571,-0.334296576358191,2.65699014957872,1.69642010688395,-0.166627325531753,-0.914221433109653,-1.07893063626999,0.594237148747434,1.31027493802105,0.0915962284846581,0.727595047002543,-1.65124519752759,0.307834070156476,1.51284982829002,0.0565131019294576,0.322754898022639,0.436757023677062,-2.18023898849112,0.0723321756046261,-1.39344130305363,1.21520556322466,0.627163494193587,-0.599062564967305,-0.95353679206759,0.846301334577408,0.27257899556685,-1.33127135380845,-0.251846682955015,0.109917219488954,0.52661558870285,-1.27267911890067,1.99992496395036,1.00190418977826,-0.685819987266667,-0.987009953791772
0.5501864515932,1.18260535834107,2.12661258355931,0.185446340191453,2.37244019084637,0.474907854274903,1.04353489788437,1.45122285736109,-0.601018683894274,0.88683643029446,1.42510136001292,0.0764102783515184,-0.378939179969734,0.856971366159059,-1.73298733316268,0.641329705852192,-1.08240435661665,-1.47261902070552,-0.0942652344080542,0.684417061141645,-0.732079048994347,1.46722257952817,-0.808097827946118,-1.44722951625356,-1.47324347725748,0.380931059747369,-0.338904139859919,-0.486418571198427,-1.54429877904178,-0.751952005982241,3.4778135436482,-0.993163757479895,2.32482447942459,0.544106721103493,-1.13267817940841,-1.78895848853289,0.347516580285147,0.421342582592495,-0.54987091762706,-3.17325111545212,1.28402850653177,-0.655854813487794,0.106294109049877,1.45112256577953,-0.54762815059229,0.339954806725675,-1.59236436654888,-0.412534163188416,1.09634491598053,0.255537638237736
0.31861077700147,-0.797641330024516,0.320687833594416,0.81781701390423,-0.503067086732015,0.268055054651952,2.29430741392823,-3.68161387533162,-2.44449046111808,-0.416779399080625,0.0748222060707317,2.90067124240383,1.40935116731158,-1.10632141225943,0.385386240595162,0.484198384160426,0.862559734506277,0.775384666441106,2.95514347855109,0.547293207824344,0.11951723748503,-0.816136401919931,0.686560013183927,0.42775715469843,0.560455768853392,-1.7114775120689,-0.669921497367803,0.000391197840387034,1.74198920954636,1.07363012081186,-0.472204657517957,-0.877204597743788,-2.06268834381405,-0.931857055339701,0.113189428483856,0.690076267407588,0.328145038348824,-2.36253942362274,0.427937025717581,-0.596794240491308,-0.341374798703744,-0.770375909804116,2.50509923333686,-0.992355027073536,0.996225205714708,-0.0958812613975799,-0.417895842376562,-0.908308879065891,-0.898575605108069,1.6780690669861
-0.730074107489376,0.769861764492037,2.40261737976995,-2.75940340737464,0.554209368195203,-0.181254570224533,0.166668697413331,1.77697314914564,0.520377559877271,-0.3831182972914,-1.21929966448697,-0.380442822734884,1.244383595132,1.52476603335107,-0.579914604002119,-1.63490629011016,0.631520001220064,-1.85052762239241,-0.819331429317765,1.17609848602488,-1.38111249590779,2.23528913923169,0.286436528484447,-0.508259756063253,0.502757524526812,1.46127843300938,-0.404236055984492,-0.803549527363475,0.293906335112947,-2.51839416540975,-0.175859867818951,1.11248708166161,1.01929289709194,0.909301923176713,-0.781207404624566,0.0296318048105485,-0.950223393238737,-0.779822669182433,0.900744507471576,-1.70513784194691,2.82165067137267,1.30860522620986,-0.302381844630448,0.745978900031666,0.54433093619435,-1.4300873259609,-1.78238336097754,1.44208535009206,2.17040128877861,-0.0825956573069092
-0.563016277736076,1.09869250952651,-1.68096282005611,-0.163960613656667,0.730405651524199,-0.329136763068285,0.981744320221014,-2.49027766809218,2.23995200782173,-1.91636920471186,1.44145228741842,-1.55476077845207,-0.433470474557411,1.68389750962414,0.9843103089281,-1.50579660120894,0.620438532032118,-0.0398416604382367,2.6096956472549,0.411668105249053,-2.4032131308331,-0.542709899558182,1.21301631998978,0.162322748307081,-0.991548229661081,-0.805646183333154,0.182089811670342,-0.243965532216272,1.90492346685064,2.14789146717105,0.945217248321506,2.08935988114854,0.911506778437849,-0.37812896779477,0.218647708340511,-1.89245262436592,0.420323098381359,1.52683346680771,0.717360841981038,1.47624256498047,-1.07277760256808,-0.539922691879993,-1.15769703178575,-1.73062102850869,-0.626433026635402,0.921408251286169,3.71253603589234,-1.32090613609332,-0.658392155152793,0.770523406453744
1.894041654512,0.057964335068682,-1.16330183301955,-0.105311654300408,2.9804077660876,-0.762156304169475,-0.686354294586577,0.523140790612304,3.18530223227055,1.5016220965752,3.15075865489769,-0.584157828405337,1.84801917510596,1.18780463660556,-1.98321031527811,0.176364976271864,-0.822234327500643,-0.0249834125401511,-0.630768388430252,-0.145897667915231,0.941795493884667,0.244844649426582,-0.591141700024085,0.163317729978548,-0.633248921133894,-4.37362989117804,0.7468513158973,-1.72086180418631,-1.52967208085222,-0.663668373255947,-0.161666454201352,1.23727002721925,1.75807113051155,0.707365921557363,2.30592971356229,1.61936541254244,0.867710385158735,1.22773844152644,1.71055863363946,-0.172314076411199,-2.03670068570797,2.00364447138539,-1.83596894188034,0.310140700382579,0.475872632022802,3.01731402529627,-0.312199949253709,1.29085428417586,-1.53907943321908,-0.490558534377053
2.03968336268434,-0.304426014437119,-0.549967703521689,3.21794826631984,1.36454451745847,-1.51697145364463,0.894132082260696,1.47557472386492,0.0101501989201298,1.81974241851679,1.48238039615723,-0.170395369475252,-0.356683925425283,-1.5997383419297,-2.34228031663754,1.64505600752186,1.36687964939694,-1.43152564252578,-1.52536160040095,-0.858147215848896,-1.53453689290475,-1.72457758137757,-0.872669765411483,-1.78207558033272,1.48173183725418,-1.16527724120236,-1.2368480173909,-0.0557029604439088,-0.581085504642067,0.15490546079634,0.117981394203734,1.0180479008729,0.0180289152937992,-1.32063012907997,-0.685571853198206,0.825136961601245,0.214517764304569,2.03312106541989,0.325316009413131,0.560995092577049,2.81608641790224,0.777206602924508,0.550574442831642,0.582479905210793,2.5981729949843,1.21555847710365,-1.44224063172971,-0.211130070924236,-0.816518733503858,-0.963567272385365
0.937189067708128,0.474467938419813,-2.20518971611844,-1.13676956824095,-1.07386097803686,2.11778193405606,1.43021668756439,-1.40561466233749,-2.15833043711005,-0.528419314015188,-0.26163444290004,0.983641497239747,-0.801619716423566,0.199176661882245,1.34907329631351,0.426800415225576,-0.802447970575072,2.39841562703317,1.44249708268062,-0.0230316129892015,1.52024931422372,-0.404903397560112,0.562606797326366,0.845420767321051,-1.14765193567687,-0.398351209357638,0.556735917645833,0.463592366208383,1.54302597786799,0.556456516579185,1.01491035838267,1.07279479564257,0.119984585263802,0.71867100991125,-2.11289676173115,0.989015533251549,1.0419653285956,-2.4655304093768,-0.0801156584491143,0.609520179328778,-0.450839517335698,-0.910256922191467,0.438092837109411,-2.12614213510707,1.00504443350951,-1.65494462059546,0.136356292637349,-0.129346365025161,-0.665422441434832,0.690675906651284
0.682442766651425,-0.461621989809403,-2.36430574293149,1.05077909497489,-1.19353386356533,-2.47099958602259,-1.47472661292229,-1.05215179369873,-1.14367434397226,0.849401547874197,-0.432308200477206,-3.07814514443883,1.05669687422677,1.61977700090349,-1.68759441705071,0.816358231782008,0.620350156151204,-0.764971257498536,-0.617119219318559,-1.7832765028158,0.464561400417477,-1.98986343730805,0.179394971257101,-0.301830887509242,1.15060114897301,-1.49305826322181,-1.68077085601477,1.78380012725226,-2.52872846122326,0.150298510274299,-0.503249085554507,0.979118930056543,-0.0351047371557178,-0.760790366366027,-0.531276274288488,1.12989485749685,0.316857736253472,-0.127540843857774,-1.04593871997415,0.53794642628733,1.68970839259397,-1.02429425704077,-0.175052462411326,1.46984455825552,-0.582874351734583,-0.685763667684158,-2.53545089275517,1.18170340114853,-1.14991407219183,-1.67090405587929
-0.587125376410476,1.06164012421237,-0.999150196878753,3.92309081400923,0.168134993974586,-1.29102162120893,0.0500289068957833,0.293230415858479,-2.87943248141236,1.66076471342988,-0.155587296612582,-0.216588074326515,-0.0979837550980398,1.33891362774523,-1.49700012134889,-0.309910000989931,-1.05646146995183,-0.0663750756404768,-1.30157944675092,0.246491008546155,-1.7565521747029,0.145315607452209,-0.910081267881205,-1.50381198064502,0.232579296772371,-2.50822968495465,-1.94019839001539,0.918877294956521,-3.88669516501624,1.13964619596899,1.03725511799805,2.85744401459567,-3.48734033291884,-0.333040583061419,-1.96186433995181,-1.38374297223983,-0.0413839549938402,2.19072136577678,-0.909755896257318,0.681137606231992,0.827704927914008,1.08788778248319,2.20445232424665,0.192530885911342,0.649477619478516,1.50991992340366,-3.07279088885257,2.47988554317178,0.406148629620848,-1.59169966911382
1.59888009737611,0.13125919055156,1.14986772894948,1.12072831445896,-0.0634187689669724,2.27697072381855,1.64604138249269,-2.80263124218407,-0.486081892939366,1.72495894140108,0.538491744307205,-0.345282478584609,1.34941988652678,-1.44074700525568,1.4304265283978,-1.04492640580155,-0.862866036509893,0.553189886724261,1.16581572598616,1.1563786157087,3.70265132576856,1.30233652130525,-1.15017641848873,0.230172746132639,-1.06807535491167,0.738110161677148,1.15282633783511,1.46707886450755,1.38047653086412,2.0697744746377,1.04066355169582,0.2854369108831,1.59629671701404,-1.07685454670536,-1.1229903563043,-1.73656653770638,0.0762465047001873,-0.719862906874124,-0.256529258892068,-0.132727581643501,-3.23379322778855,0.875686832102436,0.504072808141563,-1.05767325912841,-1.62723932214294,0.235221758610755,3.02064388489626,-3.1106386059435,0.0454449777389912,1.72171137152379
-0.118729390158261,1.44968286519293,-0.060001005551415,0.0371735285143397,2.52977265577373,-0.781916535893979,-0.12457656175244,-1.79917286157269,3.30671597115852,1.32249865657127,0.370818617817702,1.51445834237473,0.542271741153428,0.141158181317404,0.28422280415431,-0.205641267728794,-0.248450885788796,-2.08303009238563,0.729627091419549,0.25571619029773,-1.04138676534673,-0.658613111136554,-0.525557354534075,0.929151499820888,1.39733661140587,-2.34682967070551,0.587564671201322,0.0643729691665486,1.15093891758356,2.35094776969437,0.0244677944364551,1.55364942401297,-0.283471791422255,-0.914434110745303,2.06666983653748,-0.908016486042946,0.0957127131078366,-0.895615402203282,0.242692735178054,1.55893262994504,-2.40373290659687,-0.432403375189345,-0.40093586774789,0.168111657567522,-1.73132556345245,1.10940084358332,1.52350511625219,1.8384174942323,-1.04802513948889,-0.358247902637819
-1.13521845336075,1.69458072464956,0.541853563394196,-1.28200296890438,-1.40133600948636,-0.937626578201989,-0.0027581787436986,2.49352410977831,-1.4683269311514,-2.05882527183805,-1.65774448472298,0.865189147582772,-2.35734950878918,-0.0306063686095438,1.07213375757105,0.26987622644592,-0.524173052669401,3.21646451062182,-1.15687589628395,-1.34136830083458,-0.916104451108884,0.14258775431951,-0.0215646941276788,-1.80013588160423,1.01215090963254,0.546434057714472,-0.832446283542811,0.577132139087316,0.235379999634087,0.251279330195203,1.1381168244362,-0.0847084443914485,-3.54073949879625,-0.908365696366762,-1.23705598693048,1.53814322497192,-1.48391929318353,0.637668671912767,-1.59995084638423,-0.303274012375913,0.737344971036427,0.231867905519069,0.15429953340002,0.642298270622258,0.561439345509007,0.748630136358228,-0.754364633029261,1.46496172755118,0.896701622026281,-1.28176524791714
1.93230132305538,-0.131250837630811,-0.943401912145947,-0.594250439290316,1.24547416100149,-1.56734188883604,-1.68565919061728,0.718051187406473,0.388725735716891,0.240742251099877,1.56243982807271,-1.27080030823547,-1.95386291082679,1.17386827777582,-1.59219566221462,1.22897640978625,1.3336977046251,-0.558400585593242,-3.44705134757204,-1.00101347196827,-0.438326557828549,-0.858791288456167,1.21814667706329,0.0554844206162234,1.40355223403873,-0.76008007799494,-1.65970827258247,-0.978758803651015,-4.25077394576653,-4.12600233421468,0.00198203000356113,-1.75620293736913,2.44037068787063,0.118722509793449,2.10010161300815,0.0328669697953837,-0.723022763389844,0.15632739623597,0.806543795982863,-0.0681434196216779,3.51086476499182,0.428835081880923,-0.0988200779635636,1.17702128127942,1.28414435538055,0.939592274338043,-1.88785284993611,1.78630788743847,-0.76149367674423,-0.246853772881421
1.89889719921379,0.863091959993915,0.310143352463734,-1.09080319054961,-2.113864839714,1.16958050996213,1.78168212817677,-1.66667708348779,-2.17673383125037,-0.345383879204522,0.588950749174459,-1.60511676443883,1.43640648489024,-2.56619282735515,0.679058493201568,-0.00207135520992696,0.71194477830429,1.90289909240559,1.64819540479376,1.36104753791609,1.6077544642384,0.94311919869046,2.01448480355444,0.640263073690783,0.0816639388338916,-0.619378579151273,0.747319484157381,-1.20365414044827,4.45657936051062,0.153906261554213,-0.531427024390431,0.461921345323397,0.756140186099767,-0.941510481204204,-0.329455094002021,-2.84332915213152,2.35950720785507,-0.670993064431872,1.93867030405996,2.80553408183225,-2.54953726636042,-1.9206426420642,1.39721261382813,-0.991869580028806,-1.50053180872058,-0.737646379851439,1.45942247653426,-2.00593486876282,-0.127123744284211,2.14447651190031
-1.08606131602898,-2.33998510751925,0.841367425549168,-1.20732739006626,-1.95366784088991,-0.580004951854075,-0.525719129814324,1.10371894787278,0.390724850486767,0.531595484813017,-1.74752772453938,1.37099310359974,-0.196932101796562,-0.824064384021717,-0.191326373338642,-1.72022770751728,-0.14157022906707,3.02307053961635,-0.103020708821444,1.32502959531997,0.205299424588713,0.843715244983327,0.00124687447068424,1.6201845910454,-2.19927034873863,2.28901499291936,-0.757848969318452,-0.491252681485947,1.73145585705115,0.729736245115014,-0.0458390521622306,0.244136399945002,-0.392259784311125,1.45771909911824,0.505113186788977,2.31847299168675,-0.268093646123146,0.227575807516526,-0.345152436074317,-1.21519853964098,-2.19458331636188,1.82352805929316,-1.1262521273059,-0.593430391508913,1.83091370759209,-0.614912411305623,-0.164306259067937,0.685563522889496,-1.73632798464122,-0.272267628587673
-2.97227736124814,-0.475978529798592,1.70388476973815,-0.922413888387291,1.10060426405145,1.21702943278415,2.69258045360727,3.9242806327388,-2.14928652699227,1.07913267931163,1.36230512038715,0.853250778008231,2.86566004977003,2.16858607393956,-2.6285521603017,0.124155875820837,0.156120290928424,-3.97598203698525,-0.603183130246011,0.656896979040916,-2.18905461550773,0.60558538305479,-2.45545332873013,-3.02160434758284,-1.5197851508828,1.51302332306612,0.982016822251018,1.82266953875889,0.0422557342528139,-0.58206243781191,2.96207650949322,-0.472031438255957,2.6820259152577,1.60192569979234,0.797949268268433,-0.546470601911881,-0.901901823489389,4.1871916725374,0.568543854928809,-1.86382602059133,3.45150955016522,-1.84479329113405,0.828565271729933,1.02501284465577,-1.90711798596704,-2.67679742220608,-0.519070313172929,2.53864547208318,3.04414073108559,-2.16215142244252
-0.692974614370032,0.967828659921089,-0.228116075365263,0.508994699981713,-0.569332850763323,0.329756302609595,3.67676441939094,0.841706541158695,-2.13735558467526,-1.29362290175014,0.279695745811009,-0.727531489170368,-1.32817678232903,-0.565080969736659,0.0639715055341074,-0.800658974031082,2.95455451254981,-0.448046291228767,-0.266980833418164,-1.1955340560851,1.35644575002397,1.79064598987257,0.759091912348812,0.590670310922828,-0.689959613404741,-0.189076237815786,0.43725042231287,0.407251765979012,2.0228101595438,3.67725616222112,-2.25280482119056,-1.19192268956841,1.52747883113863,-2.08449113908512,-1.31560357065216,-1.56185814637353,-0.780888148626384,-1.11017006363236,0.066771877406564,1.65728807061233,-1.46422925710246,-0.984899716166285,0.54656003304294,1.03079362582553,-3.83618476494941,-0.794025000387692,0.344781932163236,-0.993930672942061,-1.63377397104269,1.53116291452294
-0.499372200697196,-0.397514969350289,1.62598087287281,-0.153467876789313,0.966413096232077,0.00337723489239675,0.568916374143835,0.730546119425844,1.10149623410543,1.78507937365626,-0.26345423954372,1.11926819672903,-0.366359705594715,0.389032640069937,-1.37276599662395,0.358833228048968,-0.226672929114444,-3.12187379598511,-0.653544037407195,1.30478582343154,-1.26089207193375,1.69702397946394,-0.399306468166878,-0.337956605853693,0.923208858833051,0.40032927398575,0.61182027180242,1.55328164004363,0.0581652047665686,-0.868503118392119,0.270665131812285,2.00203228453665,1.12084996992899,0.499354069385362,-1.20072981392211,-0.659827255152968,0.197063223123303,2.15674713680059,1.25056303641654,-2.14983440641749,1.65904266640077,-0.52896408759971,0.263767783203358,-0.513343136495582,-0.259898083757251,-1.50269152304137,-1.10420226083536,1.25533985589696,1.69237550389787,-1.30084198808612
-0.788654305143725,0.974607213716664,2.32735734266379,-1.70948759912813,-0.452128280125792,-1.68124146330283,0.557187353093621,2.31721677733824,1.43242017407717,0.654907472273502,0.195490956975128,1.581141260124,-1.68943385205253,1.47011514446972,-0.877206620062391,-1.81719352647101,-0.269554160178082,-1.77028054509694,-2.10738080305275,1.61726532964359,-1.26861152089123,1.64625825492824,-1.29625051765494,0.30059686349811,0.119842739964355,0.603900274237755,1.06937480427571,-0.0272221391659582,1.7711648804166,1.116071119665,-0.15555958484274,-0.439996389231024,-0.128597656688937,-0.0487026517887075,-1.82669639596454,-0.201534078871257,-1.40862595783345,1.09825015474329,-0.253884678612609,-1.5906065857718,2.05284422492328,1.04579841109539,-1.6573750098132,0.443996378126259,0.64743721097129,1.0409096356779,-2.00002426859038,0.998626665023506,2.43151121123563,-0.655108036889721
-0.567061085337824,-1.34244705901101,0.957146360678602,2.84234267702011,-2.28906143244026,0.426177128470269,0.259381524607623,-2.27133054431992,-1.0123373670247,-0.242491842942358,0.550167070644832,-0.262874801858269,-1.40893061656914,-0.17671110411196,1.10488351922152,-0.908067078324957,0.976875940051671,2.63356920573035,0.100751571862026,0.439398385566611,-1.85493761399959,1.07418017750104,1.41550065214964,-0.725967147125042,-1.75735904864132,0.849409171129118,-2.21906388739539,0.636348022626088,1.29343149709175,1.84863605306293,-0.622717374673887,-0.919265468148971,-0.85245708770649,1.60852922703514,-0.23206098467646,2.15350738003922,1.45545112360953,-1.07864392685082,0.0494340683869399,-1.69014497723391,-0.0308554404271286,-0.760529183090448,0.878208898978994,-0.947187518846136,1.62423159686084,-0.90055870211035,-0.194032395160398,0.273347857763005,0.847816797830591,1.09557850847864
0.722162410461546,-0.852251055028056,0.295232409642329,-0.258650943423586,0.276908795144398,-1.95816060525667,-1.81956722236791,0.944310072103369,0.767288110191592,-1.20268647979263,-1.00367863998468,-2.62270297295202,1.34730879861704,0.677805795661312,-1.6440635465938,1.99003689061878,-1.15223822203407,0.884568863511155,-1.57539742121012,-2.16514625416906,1.16634065432975,-0.763796158899843,1.0328229329281,-1.25419899532015,-0.439355640193475,-1.82142379011368,-0.848401520044108,0.149705459261711,-3.67581404375965,-1.2161450962436,0.555883818515321,-0.127400121340155,1.53993903082119,-1.7973490187087,2.1645877924561,0.639653981291817,-1.23371405164957,1.09928036613535,1.42416697619717,1.87826967326963,1.41324489636362,-1.05847037151503,-1.71685456420118,-0.210393588414204,1.42984353152511,-0.695456644488433,2.89184044264674,-0.0838066562904308,-2.08669064266051,0.819027726031273
-0.632487380432657,0.873992345420986,1.07249969925853,0.136367256691629,-1.38044050239458,-0.245528079869279,-0.71453452032249,1.60054728992756,1.09372631709393,0.289300601583371,0.172939988141562,2.49442436430286,0.825416813550862,-0.311819503108704,-1.09625236650848,-1.34688390013065,2.69190185772042,1.99281700617207,-3.26188792149024,1.16782665868776,-1.94762288319277,0.645511039713069,-1.71982793856235,0.500857550061113,-1.37857513420957,1.00329661950539,-1.57223638584393,0.521694688864289,1.8586567208059,-1.27613616554161,0.349645446499748,-0.164762421233577,-3.0785276449861,1.48948389854082,-0.293884935397476,0.38597808996928,0.0146544239874476,-0.421643922976206,-0.320449942750215,-0.299517546620173,0.532815962278305,1.32989857673644,-0.187925286095188,0.56483317762045,-0.380309998643724,1.10279591052142,1.32634522192819,0.396519279981668,1.24242804397859,1.32861772429658
-0.405564376418589,-0.704048070129679,-0.153753360961787,1.43873589795993,-0.290540701595228,0.664437597941896,-0.466243556017248,-0.478776434269807,0.595741192663637,0.108078964724076,-0.858008062484868,-0.316296282539775,2.24203734751027,-0.295499588201234,0.643037103009655,-2.60948117896822,0.134929909744146,1.13033592005676,1.44409311585511,-0.034282330843005,2.27598860517498,0.383000568731619,-0.201665218811656,3.11139015135076,-0.465766029078956,-0.467447814115863,2.45454737459432,0.621549083331392,-0.146509765274406,2.68005959373297,-0.659168001026039,0.011023721943994,0.962842458488006,-1.77815375998518,1.73872663041237,-0.910736617533963,1.69486904201484,-0.956753632523636,0.307076490363854,1.2333828219425,-2.16976474708622,-0.645421032037919,-0.212183019850849,0.63117091054161,-2.96897511585556,-0.672107504235261,1.52714582968365,-1.43670002024709,1.57793987341364,-0.291243014465214
0.329581819635842,0.666408018411767,-0.0595808450346741,-1.16947326964279,3.00367222056471,-0.222722698407659,-0.127549197084379,-1.2414161276081,2.86569444926107,0.581711455517485,1.28027418026558,-0.570656361038672,1.14045124733236,0.0835580515065777,0.132727265253992,1.61838627068168,-0.762913512109602,-0.830564050293502,1.37072539329877,0.525075855228467,-2.10294959946389,-1.75892286117365,0.00646774924146416,-1.15317538487934,0.724414215721288,-1.90232621165683,0.556724390442856,0.392953910873749,0.479204594773324,1.28469737073283,0.593493414611543,-0.170170430128919,1.39090699062411,0.153990910201794,3.43998898007739,0.63081654350217,1.79468584362273,2.5727935875352,1.34074059729887,2.28787086809719,-0.293619506006774,0.317938135124988,1.73753039753587,-0.104997979733572,-0.608684351115112,-0.0429919182372325,0.0910172270026814,0.19913678663924,-0.561427192810267,-0.690362329741163
-0.107658464760905,1.19456146811361,1.80768290557519,-0.94459771760268,-2.78540126837871,1.73013347034319,1.01805624538889,-0.863678860123015,0.190336907217017,-0.681885401928651,-3.33224737404132,3.34340064839946,-0.627432513148767,-0.922402447237833,1.49951446762596,0.62164936196563,-0.41180435532876,-0.204971459524303,2.22537213841525,0.00580929547707359,-0.0776491149346106,-0.945640256395338,0.589112190629813,1.75137454089526,-0.106898290146466,-0.418942734058602,-0.423782607131855,0.26302719202153,2.19216382708385,-0.174011938584551,-2.07728399132985,-0.0607982817080483,-0.789435554810668,0.289454702001524,-1.50659712952044,1.50685086152895,-0.0792716301071251,-1.19544681091696,-0.0486635978128315,-1.73142582853576,-1.19902324130413,-0.108402890655876,2.38448586155974,-0.44942183496652,-0.456137999859529,-1.11408929895145,0.676718120719902,-1.11094622247857,-0.0454302635067592,2.13350800504365
0.322871853247279,-2.76113260522968,-1.73703929447772,-0.380231070792964,0.920031820766951,-0.976340986072902,-1.91993945793041,2.67209369730839,0.368063511810992,0.592153382167177,1.12009700846824,-0.633448184723754,-0.580153533526646,-1.33049634414004,-0.354431535825643,2.51552339160119,-2.27878772476906,-1.51284519828121,0.440879819021744,-0.341124182287177,0.465587072232016,-1.64396154354345,-0.0843690014013977,-0.502644387749431,1.9128271438318,-2.83993674087454,-1.04283389023215,-1.23715454916283,-4.19691232836655,-2.82888485526296,0.12946599547982,-1.83498875398686,-1.62006586020672,0.234353596577434,3.34143606401617,0.162664939437327,-1.02943053018235,0.437227716133363,0.864883968567969,1.88219802828553,3.455145921688,-0.00364875435392401,-1.41937088067911,1.35867100605029,2.24925341237867,0.704275480795622,-1.31271508530424,-0.15701635069328,-2.27565431412671,0.130487114786586
-0.702470720832853,0.408324945543479,-1.76216040201439,-1.14151427602205,1.32511491199321,-2.1168681470544,-1.95332159568527,1.74217627226753,-1.00278115003969,1.38107925123417,0.187121552468739,-0.634103770444816,0.753603415146675,-1.27256196148153,-1.86407036111506,1.13440330794664,0.737592585420329,1.01411234320404,-3.72482547825763,-0.572591115985982,1.62734732097436,0.0100400056621724,0.788244795966312,-1.76215171559462,0.00534143526686236,-2.09876792302843,-0.453583467819208,1.42590192488973,-3.5394038489796,-2.5769076087931,-0.707153936274525,-0.832181234346885,0.399163415357526,-0.677156151462379,0.764200588357131,2.18694791363051,-1.16413749831968,2.01108254854176,-0.54996193493833,1.29214688376799,-0.267042996029106,0.465918137435567,-2.10412848128965,-0.0564145677855409,3.58597772693753,0.455091884431653,-2.82221076344928,3.02239346781387,-3.11553991578472,0.33597063996603
-0.197114262317462,-1.29113600916101,-2.42814816649759,0.228467412968691,1.50246947169166,1.13448962884783,0.531585887545777,2.12195242348611,0.260047897607682,-2.01286520185301,2.67462019827485,-0.657157341020532,2.85547437025903,1.47630360652985,-1.06127118957889,0.0846887949355857,-1.9438365156441,-0.641368240265159,3.66365811573326,-0.138851288016237,1.41726853450808,0.522483655236903,1.0407991077305,-0.623586197559715,0.196838676888133,-2.62941481428663,1.54632964084679,-0.369015995698914,-0.212104144397297,2.58986222976282,0.151448341085937,1.06031522375289,0.23004011378033,-0.142422209128744,1.80420147274836,-1.32525738938656,0.983946571503738,1.62125074472006,1.28819941027901,2.50942860539633,-1.62711246285087,0.247716835061739,0.755620294396013,0.838334901145261,-3.27012795128922,1.36954657336929,1.06521865429335,-0.178739428816324,-0.0199197112159746,-0.294277927201957
0.918494256260118,-0.640924281306401,1.0353813348135,2.3270091034811,-0.0738365784085921,2.40205119836211,1.88682187810475,-1.1022284282942,-3.29733368310833,0.870555366553523,-0.64129549324066,-0.380189508437652,0.258436016500414,-0.63011271583298,1.33111533026058,-1.96139052833332,0.159844947263127,2.39820116373228,-0.484287950030043,-0.365724911744278,1.58407901641733,1.01327219111755,-0.415575083821388,1.08967178571753,-1.08111868110148,-0.196703957726296,0.437556794724062,0.717966910732147,2.62233041496178,1.26994774434333,-1.29256591745545,-1.81937282337356,-1.83575484052939,1.70385376184491,0.166756344054898,-0.914156875979024,-0.760768065536303,-0.572176243235473,-0.432940628964681,0.905384330338376,-1.65769962196211,0.0817987029076841,0.833713982886918,0.0459931748521109,-0.947875854709923,-1.99239794360616,0.552736131330551,0.161028449654599,-1.35741427408716,1.83591516007342
0.174505454949463,-1.13668660918112,-2.31711225354448,0.262005159417698,1.80603536837042,-0.603776669778949,-1.99965353810404,-0.588053862275838,3.31231024814632,0.0277726273231021,-0.429824127739917,-2.40518020839966,0.296347938211933,1.24900846537947,1.20828717907965,2.23885182634391,-1.06566245782066,0.501931319121627,-1.35878701101868,-0.300031310158604,1.77247971181155,-1.01171778390063,0.940793616573748,-1.97781285113133,0.268719841760895,0.848808069010626,-0.700724767168464,0.493089986403109,-1.75200968844045,-2.19210339817208,-1.0073379253203,-1.68081798680761,0.566603790742346,0.10715124851014,1.60523471475239,0.20195885723208,-0.22255956359714,1.41202535798254,1.18468456615096,0.409746672832246,-1.33709625312412,-1.41901220878094,-2.34132606502671,-0.773151684910144,1.47551855703469,0.0749924730120045,-1.89845850454152,-0.0241712574123571,0.34142526527422,-0.520206034744748
-0.896130543762806,1.42924658867089,1.53204608794931,-0.920148890445315,0.425237426630818,0.269652111877678,-3.04035589852786,0.330610093394616,1.845870881828,-0.165486351808226,-0.960429370296659,3.11938024945209,-1.40984978277168,2.70913542604622,-0.806966160872379,-0.942920452221434,0.259669521472426,0.804810420810416,-1.85099576322605,1.80760679312028,0.125107924782214,1.67178788550436,-0.326608351095158,-1.84249688413167,0.62380872519055,0.0122221797840191,0.629085042850249,-0.808440658070246,-0.51005571370219,1.42968850573261,-0.722832718049684,0.27493761079025,-0.707998111583773,0.875866553276659,-1.65882273963249,0.236468634958502,-1.91936586050397,1.53837964190456,-1.81240830322705,-2.64437036251599,3.2303843207819,0.118897836399183,-2.28046781488188,0.173425420769386,-0.314184389781737,1.58685542898526,0.881698481855188,0.662853109421102,1.93822804362139,0.124203314936704
0.550339255690262,2.34799388484845,-0.60830431105734,-2.53732099368004,-0.153913487389586,-0.567343435382566,-0.80981672489507,1.92628769163947,0.628516533429966,0.952020761621408,-0.575231919079496,-0.0508300504653176,-1.09338605583211,0.363314441756722,-1.1905580633906,-0.207525311185107,0.333806738599171,-1.53774849848853,-1.71649940128083,0.47492962045552,-1.76395937002553,1.00763694510147,-0.426449783222349,-2.97170282314112,0.440518439849453,1.56294293955333,-0.465961591276628,-1.28859513765119,2.04479768794623,0.0101047254750199,2.25574158918301,1.22044530439416,1.29813483276924,1.92094293354156,-0.222914363894466,-1.36438864916279,-1.37190930065248,0.268937858281816,0.25465057464741,-1.20785058318312,1.49721798076398,1.74180896191899,-1.60122355788439,2.30108582636284,-1.12198082372057,1.47481460485741,1.29062971602925,0.00613690619377416,3.51968251743081,-1.71198202395371
-0.656840121801539,0.188153263619101,1.21265291067775,1.1668997544266,-2.58067208443842,0.447598668560427,-1.08022539285833,-1.20527635161077,1.4766798226628,0.782267780470361,-1.11566988932073,1.71684072939324,-1.11228748856062,-0.985334111308455,1.25878410280802,0.587025925960193,1.8991761853908,-0.70511241755597,-3.00135664908187,0.617404415651665,-0.311466799163553,0.870696093137319,-0.455993789711736,-2.04418901123355,-0.873939006070476,1.16860230899752,-0.447853602775263,-1.10246127344509,1.48546648628463,-2.35689018640293,0.00457684073889645,-0.484058845934352,-2.71165002534188,1.35995710146105,-1.62786436823972,0.543432842969567,-1.0545989862803,-0.693341767932817,-1.65252930213029,-3.85734205239572,-0.104292572953201,0.486334101976465,-1.82459572846023,-0.796888846981727,0.141604984014546,-0.668644817176744,-0.376192242312855,-0.274504494645448,-0.201815964095462,-0.397686577333585
1.6990558063244,0.0914367508521259,-2.38945962410079,0.472130097396353,1.60252052237959,-2.06396078140323,-1.98540220141912,0.645224150478071,-0.36722349925311,2.10386164949253,-1.08573289953557,-1.49358263769693,0.40115119915613,0.661756826097409,-1.61885257630978,1.97986398681223,0.457921837851796,-1.93076816001009,-3.4411369538857,-0.804680834777422,1.46345489287385,0.992720451091783,-0.526463703159792,0.564809763043078,2.26077324812768,0.997397168579965,0.457841782322258,-0.858269841154539,-2.58441828900398,-2.47101495677388,1.45599519966443,-1.20317591181833,0.60852141410656,-0.377617993378936,0.155938483915576,1.09060702326078,0.422568934616956,1.52529089828952,0.713526917967202,1.59710599899371,1.02882079338872,-0.2261653818999,-0.536587591439391,0.863063128669273,1.1397758262809,1.33205463818333,-1.50208781339065,1.48996128006866,-0.419603064947691,-1.64288060540223
0.162704159524936,-1.20869057751093,-1.20504059993773,-1.32169062641825,2.47702164406304,-0.464905351142064,-1.36875575210143,1.6555695038813,3.27598004844264,0.663329348266099,-0.16384656010748,-0.0335587115051781,-0.459465675116455,1.95489763221412,1.10192249527882,1.19403255580083,-0.00189605842309444,-0.183284968296309,-2.06932511990428,-1.58947145193414,2.33263414600196,2.83009288693267,0.222919118702773,-0.0429570857575839,2.01203900437371,-0.537582358145638,-1.47283552677339,0.223089321202394,-1.80565745969803,-1.61048201253338,-0.338723659315536,-1.25653287042899,-1.53839988020951,-0.204756762373969,1.36922623809975,-0.333870441817134,0.152953802071751,1.27082207271154,1.38303237017649,0.774068718093906,2.81943800320199,1.21341299186086,-2.18741127942488,0.388567700430036,-0.366132117038066,2.38902952379909,-1.24259308011207,0.758423889888499,-1.56800731680127,-0.86148879435894
-0.953687653764811,0.421162221077584,-1.54689751020921,-0.167349009745531,2.78919343866294,3.09388176237863,-1.55518001935965,-0.0810031069296983,1.42702420027233,-2.33803264049155,1.21792219908353,-0.683857224882595,-0.309188900350533,1.19967383701945,0.0706907766200893,-2.06051159971721,-0.578914985615516,-1.72983198500772,0.830611653729999,1.46726549482269,-0.759415771286615,-0.406054209817509,0.443691863675147,0.0158437216873087,1.15778598650207,-2.42829787671143,-0.0209246216319266,1.04053968901786,0.352415662459591,1.66908160065246,-0.740389528227557,-0.85898856584555,0.730119266390679,0.722618387065273,1.859586412353,0.947322548232323,0.650209162718753,-1.12582474871217,0.351466277451581,1.1715955794463,-1.66025360067321,-0.564096755405144,-1.04739042087517,-1.14289306307024,-2.25051367967395,1.18266211037851,1.35797390106017,-0.230589448183435,-1.78544735249568,-1.77618448473328
-0.144877679380614,0.471695915801043,-1.34662579759768,1.05328022424558,-1.51306845556865,2.65030708313882,0.809866406652861,-2.22982371537221,-3.88123936345499,-0.198693516754041,0.639449765403503,1.76806253072851,0.821368170326893,-0.907847451607562,0.459627441805858,-1.05000151224354,-0.966629023904209,1.1962188391416,3.91391086889873,-0.259008780988695,1.31962393483432,1.49371979772931,2.10233272369182,-1.12510536263191,-0.338953998515235,1.37549556180304,-0.0627598681357888,1.7384772469214,3.2683614461716,1.8530531346865,0.532253908696492,-0.621008884963461,-1.81829401922849,0.644723681193095,0.0172013032904485,0.0709984003554426,1.48197149132451,-1.14074585557587,1.75861327508733,0.130224933769957,-0.747507964992683,0.691395735548094,1.26520794849314,-0.667925959753119,2.18724316003914,1.02685595487339,-1.09534938851647,-0.890129072060877,-0.0102276633977328,0.729575698319782
0.340060352666938,-1.68424027330163,-1.00913591200757,1.61838245074507,-0.84814801956469,-0.647875957419672,-2.46971202288397,0.358412226040339,4.50407062581165,1.80609793258849,0.121876412969097,-0.461770487435986,0.586386169510237,-0.0754092686091513,-0.473737540680832,0.277081164885889,-0.0118059110128704,-1.26420729503815,-2.93030684972554,-1.53236742913565,2.09535262810008,-0.62613124001112,1.196855996148,-0.692373718949935,1.42288197613944,-2.38374131251817,-0.492068543743996,-0.421339551438432,-3.07720878888548,-2.16735564027901,1.03748799205753,-0.400262443115659,-0.0970328649198431,0.244457990948197,2.18870683783979,0.508602953926631,-0.0888166914299055,2.81017659264505,-1.09586064146118,0.742654783922682,1.57632817981857,0.927726207444407,0.209244743715655,0.983089217500293,1.27755806123686,1.66719137822064,-1.76353979708696,0.0537739368277994,-1.78545364040149,-0.71149036072455
1.156346884969,0.212553408229186,-1.20939894593477,1.09775328699932,2.30825766685647,-1.92056018806155,-1.26237824827025,2.08791512102835,-1.15729476330883,1.8818938312546,1.13889413867281,-0.508816581183554,-0.964902055488105,0.769282637046397,-1.53738830778751,-0.435318491172135,-0.361185851173467,0.0550251728754138,-1.0052954277183,-0.604788569975252,1.20595834123758,0.12055157738281,-1.27778578811234,0.00572046462421819,0.526309588915986,-0.179166952207462,-1.15622270030399,0.062235037442715,-4.54098122703036,-3.89793950611326,-0.979989730990227,-0.430034751703287,-2.47065234351404,-1.93414494402666,1.62996135536205,0.017504398597804,0.406739952802899,0.530320046324175,0.0338863774413527,-0.0853159260370207,0.969483724002991,-0.299929594277486,1.84942760078963,0.0604148482049581,2.69249486554962,0.636639558570601,-3.37900817101867,1.0962862079234,-1.47189573779485,-1.718413480815
1.37776984915298,0.87032391703142,1.02669810543718,1.15534686307112,-1.63414333032521,2.46513974732623,0.544296864538062,0.274871963552853,-1.78700633291542,-0.143916603182941,0.806114882539606,0.518357205375664,-0.557386743320153,0.429292349670113,2.11213522515778,-1.40639870159274,0.45890094402378,0.142241656367053,0.988715669197875,1.89782181350216,0.802859617401758,0.0885270694990539,-0.39307850150291,1.84494056933563,-1.40008907507648,-0.703265059149581,-0.915558259769688,-2.62902048424174,2.95120249376367,1.74969702118906,-1.30429172303958,-0.733603209526977,0.787128371761075,-0.283609740491374,-1.15079045647409,-1.87675186356528,-0.517896301858657,-3.32946563580924,0.697102571147876,0.714295844356946,-2.7916046715966,-1.74930894449346,2.91591547459847,0.257740146406998,1.18583790673823,-1.99298156775559,0.919624632172065,-0.651705275869568,-1.95376055448233,0.0131526393603724
-2.44598067223075,2.72288803526147,2.05982689937687,-1.99701216094704,0.519477724034033,-0.128214711347072,0.773364403021012,1.76663721598455,1.77794180470387,0.395288154419635,0.882226645005368,0.0298283490017937,-0.39951286850106,0.510705628005399,-2.17829046656949,-2.08622571034064,-0.431233083805146,-1.26046671183142,-3.49702999408262,0.969845155306036,1.65740498270039,0.771460648479125,-0.0863435992845395,-2.42552178488599,-0.0271590280280144,2.90776564023062,0.135015367210173,-0.359414697905462,-0.872067250988232,0.14922272522578,-0.262554428122327,-0.388241209953736,-0.621638538650895,0.0752214250809157,-0.783226805772345,0.496169232453953,-2.23402435191375,-0.623173956674843,0.878712795130271,-1.49362871728047,0.139607350912047,0.682340810524839,-2.00055864327864,-1.48504066960504,-0.0170212501473139,0.951008737577996,0.337598034032558,0.629982236135568,2.22826677255749,-1.07191348524157
0.830876977701617,-1.03270607116794,0.273238323545894,1.08585924023056,-1.12383651984791,0.648273748339159,0.594773785754057,-1.41622818386171,-2.18779903867097,-1.12491803274724,-0.333361236154377,2.15234230506319,-0.81457914587067,-2.2399044259231,0.10722911021288,1.36368512941463,1.03347931229797,-0.0947112891822163,2.28669182882896,3.09355459972371,1.1499263360149,1.24959021056323,2.26007189838653,-0.765941031120427,-1.35886956796914,0.976427966090752,2.93940172706709,-1.31402630223952,2.01326882136754,1.05596485143979,0.642412585338836,-0.427300899300872,-1.39161599187827,0.76385387871989,-1.7143497424522,-0.00474432967508663,0.755735195563626,-1.42788762574368,-2.37925236275082,-0.968972904185052,0.576464087895086,-1.89341025341375,1.601865857696,-0.0788428670480811,1.44951758307548,-1.01259063820372,0.120864278664858,1.01289643787031,0.234098206484306,0.445899757944577
-0.102282602168247,-1.76849290730543,-3.17988111243118,-1.28683177790033,-0.492076327018292,-2.55877322756569,-3.30929572306432,-0.662101966066711,1.71155754805964,0.904763894565837,-0.491704185194078,-3.24076936911463,-0.333136900815933,1.06709650690239,1.09877740197703,2.67257663501832,-2.47330490981336,-0.681350540160574,-1.4864770916678,-1.16190795981089,0.623018148816804,-0.547026054331205,-0.344784637452492,0.822793796558215,1.44904564912456,-1.59970671663649,-0.32615708439438,1.71313583869062,-4.33579689476568,-1.30696257574022,-2.36046022603803,-0.0889849037554621,1.01403345531511,0.282624484024291,1.38467520448863,1.51270296778107,-1.66700954579664,0.537780465426397,-0.855506112629467,2.94928907332106,2.01658929348168,-0.163672783444602,-0.316680702103403,0.990059003420157,1.19848393878711,-0.531200428848534,-0.72726927935994,-0.0633729583860619,-2.33713510618718,-1.69734956828797
0.0454268882133553,0.218117770721533,-0.187455233330717,0.159454703750321,2.22352372710282,-0.277672616400177,-1.10042357428552,-0.601089452739795,1.0940637836169,-1.56031204736456,0.440861970332585,-2.91689433183097,-0.171557830358017,1.45910789573553,-0.683004819183213,-1.24465063744725,-0.110582175166406,-1.01536640052719,1.06116176773584,0.690169441874981,-1.48641884244498,-0.359326386549955,-0.814082538176075,2.4633882679781,-0.756232021390804,-0.762300034387112,-0.540992644048095,1.21377201534593,-0.260117894737481,0.0765751591775625,1.18792317787678,0.804815966036015,2.48298673514683,1.00377253867415,0.452158233471759,0.420967348239484,1.31163174075205,-0.763852289518006,1.87772308047313,0.298173147661756,-2.65083721292793,0.204786570439228,-1.55878851233249,-1.80867896192221,-0.698866120639138,1.78668939942439,1.04636784769554,-0.350146316423956,-1.20352973989644,2.66828769532967
-1.09670695786831,1.80296548291755,0.664442558396198,-1.55116788687231,-2.88128879329399,-1.85134834796628,-0.230176079599806,1.14524004979497,-1.20423939848388,-0.0119976711907655,-2.02775461667267,2.53247950206285,0.414226650191769,-0.162720263557441,-0.0475413338315002,0.305256097097075,0.697815826413855,1.93608459507655,1.0378922990581,-0.184334260328186,-1.37102308738514,0.177086711416209,-0.952219467735639,-2.06618271324417,0.0675916326629027,2.70527411306384,-1.64896205698386,-0.140814868326516,1.52761256238989,-0.701295679460796,-0.932017561678942,0.15466881800531,-2.22486607704514,0.00414831907686797,-2.10196988671118,1.42146828263028,-1.67834046025809,-0.298928563926616,-0.367120104223527,1.65524875176436,0.226673663609266,0.882278836479435,-0.026497124577261,0.756438241023472,2.13533661420821,1.43089317922517,0.255939498577095,0.882370270259524,-0.740688345572245,1.13199457269375
-0.122412727215551,0.917146941805774,0.440710234758364,0.23501715037415,1.92030575220706,-0.527652927606572,-0.829384139811896,0.330741051779774,1.9049550716256,0.934388403064443,0.547442522485672,-1.63173271827899,0.885138046256283,1.0512311365364,0.568347179928302,0.189499484220048,-0.309528196685504,-2.61723803120051,0.19535325785941,-0.84682947667625,-0.166614870260824,-0.0723652013647118,0.865957190663377,-1.27373174369002,0.305094038774252,0.734977384909288,2.03241314081289,-0.0969192976259381,-0.760905755060342,-0.0613043162976589,-0.828793680140436,0.131865727205545,-0.0940524752059878,0.95854807077131,2.44079479314348,-0.367824711830894,-0.428119720475413,1.09744978147196,0.990461370155011,0.958394779668681,1.63235655114271,0.750637229444258,-0.563538318033942,-1.66186283959242,-2.03406252980354,-0.138368228402243,1.26594209155311,0.251797531527924,-2.69884179539447,1.38113754144153
2.0884437593914,-0.698106997039073,0.914483326168395,-1.68041224903872,-0.586351487201209,0.815797695395631,1.10254017659039,-1.08266417740593,-2.02096517521675,0.37026876650307,0.34182207676381,-1.15130964158031,-2.11296291827319,-1.67141216916905,1.15285657828285,-0.315176389191057,0.11500644621434,-1.30630104589967,2.13342410549664,0.966141986342189,1.64783159356393,0.593767559504099,-0.068549629002847,0.663395730044604,-1.73689133131354,1.12099871380346,1.45053265094695,-1.03024705032863,1.96787853692719,1.76947426722692,1.00696832839701,0.114955989522367,0.0664793753465993,-2.72500133199179,-0.632429672137485,-1.60453905364633,-1.41481575036044,-2.48655424062183,-0.264505009545263,1.04049761640652,-0.47664847661924,0.642980316230945,1.9633402195968,-1.00719382275916,-0.65032539523524,-3.15020796166567,1.08177014541998,-1.32721903771201,-1.56955996140034,1.98575615333125
0.653226093480112,0.65492449788611,1.13947881072356,0.0611883900485052,-0.388612361079464,-0.0197768559758435,2.15403732273258,-0.226590834219308,-1.21641943923156,1.0641077287326,-1.3185308694646,-0.165393642445859,-1.63324473430954,0.633043631812447,0.987848919450058,-0.390921348094104,2.05274894692157,1.70148421062098,1.47335265292873,-0.555516354919982,1.76798955793025,1.03932303478398,3.80192201963258,2.31721272627403,-1.14388569218923,0.741875664940933,1.37999296917079,-0.401885371311166,1.11242142064814,2.59004479541694,0.420267125967455,0.633375363049146,0.917530861502142,-1.67902229760442,-2.09719236922868,-1.48591904894786,-1.50115578615707,-1.60678500400497,-1.21373500193829,0.336642342801358,-1.57416112160713,1.42673907057371,2.23706498403261,-1.43231365558218,-0.656284818304703,-1.63309879082363,1.40354073338056,-1.58766250061942,-0.35717797315707,0.0752610315820372
-0.607797611946397,0.0214962651289484,0.521915796140469,0.240787803626433,-3.60646673224518,-0.492257851128551,0.0349370925119383,0.0313475129243959,-1.6508086173135,-0.604894972710643,0.467104640086811,1.24884826107972,-0.991400557566759,-0.229986221920377,-0.483633702252584,1.74760928731823,1.0081380313532,1.80039442960161,-0.915091452655437,-1.22952514883245,-1.11255933435389,0.185278543756179,-1.00821668554207,1.56530117143947,0.31817425622835,3.37551227777846,0.643819729994504,-0.9004751124473,1.79343691990969,0.441239598475624,0.80124602891302,-1.28539947963853,-2.41392291315861,0.755189444501791,-2.14555598919443,1.59668505754896,-1.37976572577667,-0.265310429513027,1.16391683972995,-3.51142754966769,0.828861034370072,0.0522021519773722,0.513532693334135,-1.22329181265792,1.60199811490464,0.464924844588872,1.04468640989884,0.75562490013732,0.952052006411049,1.39294672136745
0.891919480689367,0.881122872476614,-0.682370872258281,1.79057219368356,-0.341496974390475,-1.0851022663738,-2.69610414933056,-0.102835897821229,-1.60928013029178,1.27011142373253,1.12546842379181,-1.15576518337697,0.558852509182345,1.98031223150612,-2.31918002745268,0.565791892265037,-1.03410405866833,-0.740077308033718,-1.64281377791506,-2.19994151321317,1.02460422805451,-1.77344029718665,1.4300015348079,-0.383290660591457,0.331355420178219,-0.696173673746466,-1.04472187981627,0.0255711814717303,-4.34283851795543,-2.54491450782901,1.40784387271654,-0.856871894723394,-1.34539025250894,0.680184126609186,-0.927677586088808,0.951285360555404,0.634026797788026,0.833751655373578,1.19306582580081,0.784876359675674,3.17402958154211,-1.03263688847874,-0.227331945997529,-1.73768933207611,0.77972171569695,-1.61069250224933,-2.09612884435924,1.59131353734266,0.751788706021773,-1.5184541784802
1.09361211300208,-1.25799415432537,-2.20701552862678,-0.206227811508161,0.329196834402131,-1.33638058603119,-1.63357466788974,0.778276134410424,0.14934424809965,1.12765180520477,0.690834361204534,-1.32499827967397,1.90415642778164,-0.32909393996805,0.488782309021307,3.03984269110342,-0.834294832195475,1.26408467290953,0.14588888941548,-2.62556026950874,0.0473717197866178,-0.972594866951761,0.386403520041294,-1.37251420789338,-0.689126916945585,-1.78104042258607,-2.59333676019792,0.935032582718688,-2.83561418091097,-3.68634664954568,-1.87466758335861,-0.782129541851625,-0.50505950578771,-0.649570594805027,-0.0302227293584441,0.537969669337595,-0.661986221968449,1.23446517286643,-0.304343308684866,1.4796110424317,3.30497759667557,1.48339612864644,-0.824093259892707,1.67189289318028,1.74967688953572,-0.697265009506467,-0.352968006401762,2.74343520732556,-1.2120967653297,-0.830790285747246
-0.835046146284242,1.04305298362798,1.64842723632733,-0.00906141710180414,-0.0806809154251441,0.883179169706859,0.0705579454271206,-1.08418547334988,-3.61348004104304,-0.61740947541333,-0.891553943112445,0.481189073336441,-0.530064275832045,-1.83964578141398,1.6439827094534,1.28749157128868,0.786774589892853,0.448967689586299,3.15589043041917,2.26192196413388,2.46562315394731,-1.69408867293905,-1.22763077134747,1.20164756348821,-1.2201962860887,-1.20934598224492,1.10552509284278,-1.06526791721785,0.470148090409371,2.2883809958881,2.5166314196781,-0.588423543008538,-0.278583179154335,-2.36103355663947,-1.38417860348481,-1.29668395862486,0.797939029669361,-3.77488670894279,-0.813849088556601,0.0272741749277284,-0.471713380273122,1.60958999182068,0.168818589055558,0.479006059429481,-0.670503451095722,-0.735782221049333,0.540412401930115,-0.78022873649019,-1.57369534859526,0.70476773030726
-1.3774627818384,-0.253132827569109,1.62997438621231,-3.06565448721952,0.799390913066005,-0.332843835309603,-0.182343032717752,1.53759261215636,2.01964615672992,0.166441458564188,2.58440251630869,-0.366334517624219,-1.35918787342759,1.39000111325164,1.23944211660967,-0.404363980566773,-0.887200342625644,-0.963149309117881,-2.52488460412525,0.996465398745765,2.26181762958016,2.53623556037041,-0.493252974765368,-2.91642683147221,-1.55828516919825,2.56722124644834,-1.82001257166104,-0.131018739046811,-0.470000340103325,-0.0949116649618005,0.806380415212384,-0.197422669845754,0.37992155566931,-0.199602277613912,-0.397333668504958,-0.578610987518426,-1.40133762433741,0.721781819147736,0.814749483369599,-2.24262336076932,2.91885441027998,0.135694618727867,-0.75053821272507,0.178041281357025,0.834498104790545,1.91822565952882,-0.130529371163652,0.84759435520018,4.44910199029715,0.579386282007626
1.78053899799108,0.45672765514868,-1.59235128470633,2.770588495637,-1.49735506393817,-0.532721950666388,-2.14710540334243,1.10782451647463,0.309901601898114,2.33076374413603,-1.89065770259102,-1.31050641213484,0.0717120075441223,0.476888372276878,-1.68972378731064,1.66850274913073,0.140862700942076,0.194221943654329,-1.34980918155347,-1.87367322169953,1.37969603424896,-1.78777685665022,-0.421717113347885,-1.06243305121006,0.878258641788327,-1.91636624730951,-1.80066313483979,0.856754814874485,-2.34811939407234,-0.914314632148747,-0.935623416845626,1.56848445763742,-3.09261848294198,-2.67948260307884,0.825196842014308,-1.60214002371599,0.781611922659445,1.3440398808446,-1.47221085787351,1.69300637828499,0.35018827569745,1.45699976262924,-2.08461288807967,-1.49484818868883,1.65645043607669,-2.15445494287436,-2.43459119349424,1.84254496981262,0.764463730335811,-0.704136893818373
-0.582497984548226,-0.558652096001656,-0.871058360199632,0.383163604011507,-0.253282387032375,2.18447476758396,0.930577330727382,-3.26059653593521,-1.23419585411532,1.13457632994633,-0.00334644535489256,-0.375406678806729,-0.671305367872699,-1.62791884158418,-0.221427616995183,0.0469629049171621,0.230778716332381,1.66266749810658,1.05966559357891,-0.558676479717331,2.97261430520106,0.200516417492933,0.849973917517637,3.07387883486014,0.848176975344824,-0.963076445911858,0.859451907135129,0.91294912956274,-0.273206559788381,1.42054055818765,-1.44360476950665,-0.471725362729479,-0.822662922951903,-2.31562915792798,2.0564799090455,-1.71542484691333,0.474600627398647,-2.27850875370304,0.550296266590972,-0.660364451271655,-2.10279126704039,-1.26419571585554,1.95299100866341,-1.29920205063548,-0.467327181399558,1.35588297906791,0.794214638044204,-0.334695666831044,0.103425692635683,1.9416120074694
-0.399844853381725,0.332787066792617,-0.562598385296771,-0.28231005369547,4.32819141511906,-0.313639654279015,0.893074436138476,0.647110341694261,1.42364063479283,-0.238034119352878,1.21985516285925,-2.79835447776132,1.79847519157376,-0.677800705481464,-0.933828769782854,-0.360560191305101,-1.10181600259801,-1.05407525873136,-0.781462002358428,1.78711877725645,-0.176214900646044,0.0612833605962719,-0.820693195038212,-0.231451671307567,-1.07563837195325,-2.89183157537038,0.0713757030902322,-0.324231221336163,0.128646564468148,1.01093714425945,-0.63239334178256,-0.836172934731374,0.552204061566701,-0.0804011458914476,0.956912870772911,0.00896564681005464,2.82564585901543,0.127326576591168,0.663081518503718,2.21094165724468,-2.27041850619485,0.945933824030905,1.57460190646662,-0.484223856379679,-2.41107399381629,1.42116445330794,0.895024482781766,-2.8212070987475,-0.541267167817791,0.805741453223407
-0.595019945870747,1.00050324066727,-0.77065184329053,1.77314122244675,-0.722360942649488,-0.453243659738952,0.74939137257144,1.41033665462005,1.77076773818019,0.174503130596572,-1.70129166191588,-0.725419248032275,-0.994394362172851,-1.04551857997813,1.63430609098766,-0.380229610700939,-1.06311350208451,2.66511095225119,-0.781153842788275,0.867007389982528,-1.87979839667367,1.68524965803326,0.262730204349854,-0.39740598356093,-0.368094744445218,0.267852326821671,0.143069494408294,-0.78043450574709,1.51101142675619,0.935445477767297,0.093751091111819,0.528618828552661,-2.1366141822085,0.0750034533335469,-0.674551150989242,1.20428213522644,-1.55301274601256,-1.02362178840815,0.0404685048384892,-1.29264322456508,-0.636892365241927,1.53009465564261,0.160003134806149,0.983162705950027,1.63267230949599,-0.583304733236803,0.869496739244064,0.0514471515971588,-0.24900652635804,-0.292621117224777
0.542221535237195,-0.117321491372734,-1.24956681674828,0.228026020017613,-3.43469744904225,-1.83548692758905,0.906079788423472,0.0436562281701465,-0.398546999913097,-2.24759129143454,-1.996160497373,1.21595719743662,-0.265411591077096,-0.32211152083969,-0.0830602281803128,-0.0506505467556883,3.07402978412632,1.7706017443173,1.26587522971558,0.936118784905223,-1.79042288029201,-1.61894526779228,-1.9184413488336,-0.21912621961797,0.469205720213257,1.65216914674536,-2.57385201035271,0.816979822612534,-0.00749096283843448,-0.241722124020421,-0.457714487973621,0.923978531227224,-2.03415613469185,0.128982812390432,-1.96153016280084,1.1106563892049,2.04313140378433,0.167136705036021,-0.953360246504268,-2.58253521656488,-0.228094426596103,1.70431934415174,-0.202293745230815,0.678099499520377,1.5250585771548,-0.157037985743605,-0.0403812719466237,1.25349081639416,-0.302661132881819,0.703698663591904
-1.26396221570631,-1.65502299724636,0.993086980212875,-1.00234199929194,1.85808101043683,0.517264082857979,-0.408378976418651,-0.987794822119245,2.1336508788137,-1.22890910903969,1.08709999732435,-0.533856818486509,0.504771520520257,-0.477144691029931,-0.0733091006892677,-1.66709314352551,0.538868318174928,-0.781974164980311,0.629338447009122,0.490244072463831,-2.08710551924254,-0.701373446966128,0.16068556247526,1.15343769261433,1.81926293098042,-2.75976564635669,0.200892700099952,0.0738126730310012,0.890443187116689,1.58210691460003,0.152905439088309,1.72167818659317,0.800200002942041,-0.490631803420544,1.94064527476949,-0.903518722247948,1.14487257494442,0.998430725823718,1.1800397733174,1.49419247933023,-1.59418682946206,-1.3991389291324,-1.0250510664445,-0.00837685951074274,-1.69487953810909,-0.651280609226048,1.03597412180047,-1.20564925724392,-0.501058216192775,1.29682123068525
-0.764828068162352,-1.20256593060135,0.304488152261016,-0.362452218590934,-3.09360322629298,-2.2951928362424,-0.438175928778333,0.154101444532752,-0.590207561022068,-1.21629743257331,-1.68978264702509,2.79160755277605,-0.609504947191341,-1.29135648649339,-0.0784375026166644,-0.182877615663511,-0.529067703123806,2.81055673101481,0.237301225111214,-0.239273498823297,-1.43057519215322,-1.06270379589641,-2.30810949267475,0.7352206076222,-0.247976849407999,1.35565270140724,-1.65117567060194,-1.11878704866066,1.66714184146675,0.258316613253164,0.971869170942036,-0.488362185909513,-1.63731598895357,2.43640135020325,1.238157741589,1.88681603492407,-0.0234317461582754,-1.58854859682995,-0.660763285597827,-0.894222126121569,0.625070419253884,1.08027125101366,0.0987088573970033,-0.0485318268618692,1.83115670722119,-1.7411093247014,-0.0888776723806945,0.116539288800699,2.41468710042135,0.910026782862126
0.0371317180998694,1.27869168094673,2.4622731615804,1.44866324936745,1.97720330835541,2.48207646917326,0.795785785155215,-4.98418163944569,-1.78946848777684,0.441337597647657,1.0362837489683,-2.12563137874733,-0.312481112985642,-2.15621791821424,-0.170100065960247,-1.68203217031799,0.622702006252879,0.328991320815142,-0.556739963656001,1.03989310259793,1.5820380885146,-1.05305151365333,-0.716020581833783,0.208079293486507,0.603162635832974,-0.127157520420728,0.507848301588712,-0.432670622577957,2.30435200443886,2.03250448028194,0.421158868926032,-0.430002987622584,-0.113272706760981,-0.187833518144441,1.22629389689336,-3.24487474316731,1.1349988832325,-2.57779447816008,-0.922843068527221,2.03197664829357,-3.71074488388895,0.984935672862987,0.748129539554379,1.62183699807906,-1.14151404406758,-2.52471075831046,-0.458408092689513,-3.50527285040035,-0.498319824382431,0.823798253535473
-1.52019170462788,-0.196458289166408,1.82141850300056,1.35234875980128,0.612841609340622,-0.165203030494238,0.940458297615872,-3.92965446414458,-0.34532445061961,-2.01758532274977,0.263061897189436,-0.370129711653669,0.219881090149825,-2.04255441585341,-0.211783851151116,-0.738029596092983,-0.635773713699927,0.653006027529971,0.0562183025692656,0.407376942946173,1.32318286797072,1.06937004314039,-1.22060511911256,1.23353211870621,-1.48850282580467,0.467903891545702,2.58800105046779,0.758406705134244,1.41876369722674,3.61104313883952,-0.501870473549872,-0.994612668403357,-1.43174575324267,-0.21487826043837,-0.751027096422695,-4.03577180178488,1.10308712834146,-1.9635631144071,0.327088282348832,1.96871849594032,-3.55724221960683,-0.540035234946964,2.78261240977096,-1.0519605673406,-3.16959302033739,-1.51292837516959,-0.168835863797707,-3.42685770381459,-0.660144917792531,0.706583273271028
-2.0506168831301,-0.166883039138816,0.874611932445138,-2.3485698103001,-2.99048666897535,0.159204083537989,1.08365069969491,2.73089563918706,-1.83769630374741,4.02539360735681,0.743758937201728,1.33807256233331,0.129848146796564,1.9940331303236,-2.1590409552073,0.660756779774345,-0.0812817734832503,-3.93976948049561,1.10290081042086,-0.955334443076065,-1.75581700575576,-0.156849462198282,-1.99706144055851,-3.82097818091552,-0.0934618196217645,1.34783448172584,1.05634009231881,2.56839458007083,-1.98916890451455,-0.636618160655011,-0.179556596595914,0.0165445810123066,0.853021083814972,1.35821514474696,0.970988714385453,0.116519108279078,-2.14662433982189,2.34207285464413,1.01334857876937,-2.10970445505541,0.488821342081506,-1.28385048709494,1.53114884427123,0.375099412600338,-0.46767684040172,-2.54244166737827,-0.735357342355908,2.3950363055056,3.83828572004475,-2.74260721105003
0.86059826752103,-1.63757808557135,-1.64061327953243,0.946880360411561,0.564795656124311,-0.950355681154816,-1.33746528858986,0.841970299335324,1.024113532637,-0.334094071718013,-0.0339859309290947,-1.42999479842624,0.78745155864976,-0.157178059966989,-0.157550401684831,2.37405125928967,0.769192028204905,-0.131997534476667,-1.62881299944522,1.47587177777383,-0.0128177615845644,0.208887731827065,-0.0902898611010911,0.528739061360005,-1.2427546619682,1.41018866707705,-0.79575289955008,0.396060057302152,-2.30936092788195,-4.19524443345374,-1.82226143243111,-0.028289910774551,-0.6023593901541,1.40962808829026,3.93787470958546,1.58948633156084,0.850656911742397,2.73932120632816,2.9605269438014,1.95344391217038,1.5460364562918,0.618416503208656,-0.524478362176406,-0.723140769860553,0.205797003831901,0.10036802757197,-1.61960261272116,0.479397059709529,-1.38953986360273,-1.65309759452278
-0.345693616845194,-0.371004036239331,0.243125767067226,-0.291508481427359,1.41799573444954,0.216453734594286,0.55763339035175,-0.0823650902051548,1.03771227713944,-0.830773738903686,1.17887015280397,1.23643170929864,-0.433242537549935,-1.17634568376208,-0.477644221525313,-0.724440968626807,0.50106911243048,1.34472927703913,0.736904346367602,-0.427745631087577,-1.45770645749974,-0.486684140538988,-0.196146656995255,0.848253674531468,-0.484419109337996,-0.0979189880876826,-0.0571117155883222,-0.320123361549683,-0.816175353802535,-0.601666851726176,-0.345658057617033,-0.490305441049491,-1.8741077980452,3.08001219441007,-3.96243002671949,2.18633666104111,0.6926423354387,0.869407796042247,-1.01566156093961,0.305748534893391,0.588228551784689,-0.647411033286771,0.0603981620916447,0.675362746626541,1.71491946130901,-0.586324570209267,-0.210784466149687,-0.66659221321577,-0.576313629693256,0.115583791447773
2.16481535178634,-0.216955096101669,-0.671616444150837,0.556691365911275,1.95128492941727,-1.12162172390208,-3.09477924247498,-0.708175179484625,1.53022558340309,-0.445395065414301,2.47051681056723,-1.31067094526982,0.9178591035106,0.894791119145764,-1.31564308932243,-0.475305199409093,1.55724742690475,-2.91646609686987,-0.515795459822035,-0.69032888516901,0.161254143808309,0.147183273569119,0.11007576380592,1.46983855098275,1.49490171210831,-1.78854557058329,0.62453582680923,-0.318576881975431,-1.6790390910408,-0.108962129584201,-3.28867421944714,0.951387071924022,0.772088303257028,1.33850885878129,2.91435646763501,1.18637531543437,2.10737210139997,1.18823835467354,1.68037241287491,2.06275649811079,0.173199158409719,0.264789729097225,-3.20072297335841,-1.65167252249127,-2.06217591478087,0.649899058064173,1.31739605013169,1.68556183445826,-2.2354369721847,0.588182550529157
-0.870335961478754,0.789216803653167,-1.10635364360222,0.730189688688846,3.45352941580281,1.15961176189408,-0.266128763983906,1.37948904535778,3.29631543579539,1.53681653715614,0.652557484080811,-3.12449663853749,2.21294977428153,0.33095701058763,-1.85530590160635,0.0185560653834325,-1.39481003294157,0.302073009805112,-0.0635378849820543,0.701296208082043,-0.899081297321045,-0.8679803099679,-0.0284235272074787,0.554396923116009,1.01223128993627,-1.3044211113396,-0.888403709077592,-1.83916848222331,-1.48316023295056,-1.24130620081792,1.14508947673431,0.311657907536545,0.922504719022305,0.624386350589278,0.683462490384233,-0.111628619221082,1.42752416600438,-0.779097600546824,-0.199970382251302,2.22379253368429,-0.165383750886717,0.251792036321672,-0.56041823184755,-0.889387740225403,0.240771696638855,1.82605812090696,1.01113031307667,-0.419029819905476,-1.38097965701972,-2.08812811895337
0.860813145587012,-0.162206185402112,0.491353784079964,-0.659507322911447,-1.76158533006016,1.51180727340834,1.54457122912908,-1.92609776579948,-0.247258208112318,0.0466086146541526,-0.687900399486731,1.27876593493754,0.383790720754769,-1.34778212489427,0.795721738936882,-0.468705512221062,-0.23764712205631,1.64319827035514,3.21682385654753,0.189309409378631,1.46958828682957,-0.931687220322721,-0.647662192598204,1.28824208932784,-0.921607228890893,-0.905389313209287,1.22184159081016,-0.386806489055084,2.36278273560306,2.54063253992117,0.475326954112551,-0.351129631166429,-0.383333297984436,0.174052844217846,-1.24659164191842,-0.752732741593545,0.956409130969162,-2.1776658124159,-2.35707232598261,-0.558414307786474,-1.13487088250068,-0.46484462532086,1.40997599246258,0.808575293428073,-0.0222289933291098,-0.129992468645885,0.000962061744686889,-0.520786419457231,-1.02171318331114,2.16897746108319
-1.27215230727935,-1.0452585261049,-0.389659504994185,-0.0116383585836929,-2.2677106426113,1.61798296839792,2.36119188020318,-0.334612308882275,-2.34266454046454,0.439255045411359,0.521012507953209,0.713583860241723,1.2261196929606,1.43901497535297,-0.107595809992207,-0.463238188558451,-0.0214036947195506,0.864156953522847,2.31471482711209,-0.992867497044208,1.14089396224427,-1.24398989740683,-0.251501381581778,1.91933501053622,-0.446467867919389,-0.371905806182072,1.87740641833013,-0.12370114993956,1.17967345020851,3.70993250059363,0.37123877809554,1.21632204849807,0.156342307298071,-0.683227423106465,-1.66119666608403,-1.19404694763587,-0.403209264769935,0.153687544941791,-0.123390059557424,1.27102616199916,-3.96526355720832,1.7943574202428,0.485552374308368,0.638464235337292,-0.923215539490852,-0.505280530466148,1.22250247874551,-1.9505855423943,1.17479350708598,1.40298081619029
0.707165878269632,-0.576985822996714,0.551095746723743,-1.50109048491659,2.92725333829789,-1.40288199075369,-0.0993823524046002,2.02077907127642,4.21767019140991,-0.443247122919314,1.32700905892162,-0.356044454077922,1.29193538922666,1.66577482707716,0.000513149477861213,-0.14444744737876,0.672996181865866,-0.940266484743581,-0.115902167392189,0.929834397947443,-0.341032250904128,-0.889914265020779,1.2475211827708,0.628104588976292,0.328656006478912,0.247565298763556,-1.12855490419674,0.580380475096693,-1.12299469806279,-1.68248745673811,-0.564353338524767,1.88927278755229,2.06705008588178,-1.33621037799853,1.21899703313877,-0.0230485505425999,1.38700242113904,0.86652996374867,2.28034301793096,1.33841079691912,0.235765675946142,1.40300898025922,-1.3677953789121,1.10400801574917,-0.368501056226886,-1.25778395439665,0.172497357189475,-1.5206545115248,-0.472561850545749,-0.214926466114002
0.12129478271401,-0.835699691864109,-0.753908091208566,-1.36542927020973,-1.78235720884291,-1.21018182416923,0.23914706117219,2.2813435918667,-1.15001117144104,-3.89251403875053,-1.28315138841334,1.5711391116162,-0.182207286964729,1.52750920996713,-1.17639190262672,1.19432985345377,0.416571769181089,1.81022231261639,-0.0814660269035063,0.93897153200572,-2.01179399488757,-0.599766052089749,0.328128870036225,1.70457633431228,0.529429911903119,1.18494497239912,-1.23736024547679,-1.41169345376492,1.21656242060119,1.82223647348411,-0.629520453027727,1.5146504273828,-2.29766533451739,-0.871713780055212,-0.959086657361515,1.92813254418364,1.12712625145881,-4.06816644826128,-0.00237194899438133,-1.03014572636246,0.0591731455316474,0.613799971444246,0.604830790408256,0.658831969832344,0.605016008180037,0.0290787364319576,-2.60482136942362,0.0392364577986331,0.951478919595194,0.42846134082747
0.130070118414847,-0.339183235231417,-0.499882193442879,1.34830247692851,2.19989376880019,-0.539155212552439,-0.280619351619181,0.567796692464352,3.2904594651038,1.08762038298712,0.848267097624956,-0.822751617943224,2.06755346389383,-0.338539823638149,1.03883276622252,-0.173600945009813,-0.90249523021858,-0.153638590865855,-0.0688854218916804,-1.41595190957004,-0.0493713722887862,0.429986484548535,1.14699507817507,1.05247133454944,0.709195924104211,-1.02819377193148,0.975574091724329,0.284305785605597,0.552771857280296,-1.98842155988647,-0.20658832435739,1.11836052030359,1.16918438809676,0.232028419424459,2.81090002252354,-1.29340766310379,-0.102133343557473,-0.726212854953521,1.92448789373605,2.11983856085631,-1.87264111365848,1.67935556728103,-1.32692724348338,-2.3831504376587,0.36030446364062,2.37968926206865,-0.468581958708048,-0.88094774717105,-1.67706075497958,-1.01193636217377
1.37895487152868,-1.18581611172809,-1.52737097822203,1.76159252056788,-0.298114488537751,-0.0176466769964165,-1.60700435597274,2.07173748605207,-1.5274623437868,1.87127950818081,-1.91203162815508,-1.37527225296533,-0.64940216717935,-0.939333362868166,0.426947791883259,3.94977595065109,0.923904105646292,-1.68034572620015,-1.91249550769215,-1.18160198282669,-0.0905522299717443,-0.942590689568091,-2.78208105209479,-1.0079670814544,5.11805693984001,-0.40810280568551,-0.703423445780804,0.369123399729384,-2.56978609556251,-2.26711583305763,0.198817236088516,-1.18921732264132,-1.21554475241637,-0.794411364278464,-0.0316400422465961,-0.42299265243645,0.803190545922354,1.35473516393745,1.33790233927494,1.91121155332404,2.23864847099781,0.275913566929688,-0.162209771174748,1.32418761627965,2.41674804920802,-2.0581308390575,-0.539782208050589,3.1087020586379,-0.730258083275223,-1.18761335290638
-0.801208530540378,0.59317769239745,0.33346714633564,0.341704704906713,0.566731105220079,1.51686377747033,3.98374224421479,-2.27100129258523,-2.00920202370313,0.124670567417419,0.0485673864966596,0.621595536791921,-1.34299959447914,-1.51576509715488,0.0868496970559331,-1.22719167434948,-1.22922938468561,0.525986658724482,1.23179840397348,1.01707635856749,1.29760527812464,0.955269264100059,-0.878549041164645,0.282192326011805,-1.21441017857013,0.689980462313272,1.54568316120494,-0.942938296931677,-0.22788292510733,2.52066670079953,-1.03194483508777,0.113095341843656,1.35952681979869,-0.619928270118932,-1.6965309183086,-1.92921443522182,-1.51793107319651,-0.4458133858077,1.5630278751336,2.76462897222622,-1.67182425380021,-1.00450202485573,1.77926883505414,0.0229401660377953,-1.85773448642722,0.891463973359702,-0.201148251739599,-3.1070937056192,-0.0179764958067874,0.0955230055486848
0.832282760164463,-0.935303915078562,-3.19659983219605,1.52024411108327,0.16305448580032,-1.99496459864711,-2.74536362740024,0.949625534578629,0.0521769832539197,0.386211154924278,-0.468264292732795,-0.823801167536647,0.292136418130769,-0.319422887476912,-0.749969222108086,2.24503907141492,1.23105585474455,-0.895871614398191,-2.11662886350751,-0.235819656847297,-2.12801899264423,-0.321395565805912,1.36104139807267,-0.871252555430425,0.585277028456694,-0.503471961923774,-0.472967018358393,0.162261874635749,-2.91046003550891,-2.32677718216854,0.186437121766446,-1.10272735843651,0.996841045309339,0.292099951250893,1.29993316798446,-1.71129266127331,-1.78405805561571,0.731193454174334,-1.21278603660083,1.45708051843668,2.17512636956717,-0.810221019709597,-1.99174046422818,-0.178184918121308,0.644847358891132,2.08622960645568,-0.965577185735098,0.709769692748168,-3.25141250882364,-1.81084561522458
0.708365293557687,-0.825309087704726,-1.31743465385967,0.396548783703104,-0.391277489857079,-0.695400232871589,-0.612136449337562,-0.449470108118124,1.19632925282945,-0.415501198311272,1.14594834785651,-1.38947049166891,-2.44901021852511,2.70117322330169,-0.598265039719181,1.05172778474363,-1.41649806147294,-1.58940352219853,-2.83896204966291,-0.162103296775259,0.197563954320863,-1.13906401624242,-0.000329853661557064,0.662904056472447,1.94879093862206,-0.350053469088634,-0.933644218163981,-0.551760032595869,-2.52804765213508,-1.78616995292267,0.993789683470128,-0.183060827178415,1.21047317364046,0.764234913007612,1.989344833712,0.948012595464229,0.128381574535826,0.150833497181082,0.236534700083821,1.59811553661993,0.404613190307735,1.0583292386461,-0.586120788497586,-1.15418509269098,0.893108171574668,0.835272010368983,-2.90700923201774,1.14809377907781,-1.06617362803782,-1.30114910360054
-0.89729083650561,-0.382966828473839,0.0269649604463829,0.23075056781204,-3.10451924802557,-3.44548565735982,-0.773229521260779,0.427919797662788,0.251049546691693,-1.35765976811266,-2.77668649321266,1.87116615942051,-0.557613783812797,0.787822429081021,-0.588661699452801,-2.36830674232652,0.915314019114905,2.53720338051232,0.437131297436217,-0.919676391366576,-0.707910710151373,-0.654695890405872,-1.07846478320949,1.793656761756,0.120068089511728,1.98341142894841,-0.158785702161105,-0.574561217421517,1.20758628964913,1.83026691783769,1.16074635459187,-1.11504296227384,-0.792142413224589,1.15309124137444,-0.398113941283255,1.02202584428401,-0.82986663137693,-0.709848941040531,-0.942060632692034,-1.13828685854604,0.44126841753651,0.80859998453381,-0.44127173728699,0.286426827717135,1.54447413947759,-1.77837094232177,-0.362571088007499,1.32610650642954,0.949390346360724,-0.301707321529507
-0.185681647509679,0.281738952777883,-0.388672933934388,0.220679992815072,2.71599860690533,-1.51959578458221,-0.34798531735533,0.0123515763154641,0.768750065093098,0.728527925197533,0.426386396956656,-1.55086234642797,0.716289098716512,1.56436977044102,-2.05701769481297,1.84095639505437,0.0745688618522009,0.312807512479611,-1.53871357268722,-0.390452413070469,1.26997673756058,0.562772560659008,-0.0187695290569394,-2.13479762860403,3.08657641994113,-1.22043807281153,0.903653858866733,0.112381369249156,-1.78441417953454,-1.50826812175489,-2.44538216062213,-2.0176153274812,1.45517817334526,2.50002501706935,2.54623261448541,0.642181908968999,-0.708496643444898,0.384024936176291,1.69046118914865,1.50094809214905,1.55978289105152,0.180791916200013,0.588503877625055,2.87424111133853,1.80077731181399,0.376550030349049,0.923774069003068,1.54858415142701,-2.14625320505194,-0.157541112496586
0.255804761045598,-0.171286293908543,0.156931570060689,-0.00205797226184201,2.12380582971665,-0.109905012869654,0.334957814940819,1.69424328496503,1.59229504184419,-1.44340359565979,1.87033099177839,-2.05403739789724,1.08952550272382,0.641499388430607,1.53009664874845,-0.511125378962987,-2.16538791146301,-1.21109413021419,-0.066233217515874,2.09869992404593,-0.738903321637346,0.874911828190841,1.53597508027382,0.691895807663801,0.809612655411058,-1.72377583849775,-0.235170020411957,-0.693452684299712,-1.47251861537901,0.951403238059698,-1.62071133269975,1.97946573048053,1.35580201331067,-0.15063341756997,0.232478865623852,-0.358296387950858,-0.760274895605967,2.4030186286709,1.04262113311402,2.15791979033949,-1.61160406049476,2.13233206146713,0.0019415937683454,-1.56343705462011,-0.270249464222774,1.45850954899151,1.38114822417818,-1.36474691645982,-1.8347756422796,0.534009636361838
1.44510839141411,2.86443808563939,-0.0935577835135384,0.210990771290054,-1.3984202383576,2.15054523162309,1.39578275186744,-0.6676132146378,-2.36102516065811,-2.08488642767985,-2.18572919124035,1.6646394014439,-0.0822414378818597,-2.33348560278535,0.360833991863129,0.819034782340814,0.399755785718551,0.412307102807058,4.11140665122599,-1.13583975509119,0.0859566819860799,0.0855891112676177,-0.188902530620126,1.26007575118024,-0.969430165433843,0.38949768376003,-0.173974936487735,0.352242363629109,1.8714790930714,-0.625459869438894,1.53253670370053,0.740547875261472,-0.382203003345857,-2.06428913577499,-0.522669333785801,2.68340195415884,2.46625607655644,-1.93717947295866,0.29749438517591,-3.3798884029697,0.105897430989239,-0.0151330579404054,0.531858675453884,-0.5430083447705,0.897791531198238,-2.2554348504709,-2.10928356731311,-1.50122302670292,-0.733035521351116,2.18089925277018
-1.46062589803865,-2.5422009067264,-0.266263240239002,-1.14098075379916,-1.63819156410449,-1.73723709699444,1.71514375993169,-0.779013575306695,0.42688527958996,-0.851278953968667,-1.20031499129665,3.65323130996035,-1.64895462042104,-0.748017783298329,0.453021320284059,-0.810852848585725,0.898801696742783,2.34136028204474,1.92237147568931,-0.729964146749535,-0.914689461263091,0.479644158493559,-0.426179338186452,0.443410230367419,-1.69099674613449,1.39386507009107,-0.775967187816835,0.165066973356438,1.42073829672212,1.72770020475396,0.195610886678871,1.00819893167438,-0.213560526528748,1.01496209960551,-2.94461727730808,0.60465640733581,0.0363768820363898,1.57004857968843,0.266529391122352,-1.85232831107128,0.933124933695452,0.302478422667044,-0.253314294456276,0.488109023069454,-0.564718598694517,-0.213269700829191,0.429464722275602,-0.170044077685187,0.405040378625799,0.318014729091049
1.33625692483906,-1.79692748362658,-0.446702704970957,-0.218091334851976,1.18379647841809,-1.24857663706147,-1.02267892194874,0.98739494097717,0.892751601338794,0.100662215380599,0.16554025676112,-0.354662630247836,1.26469577185423,0.78355357636659,0.519922359662512,0.691473166865399,-1.01079680475853,0.788479820887975,-2.27917366104692,0.56157196386928,0.633532404962561,0.155857391863312,0.838507939031217,-1.99037362964387,1.86155679598571,-1.66623731683224,-0.301549190836527,-0.222344489178271,-2.35582134004632,-3.82189051950578,-0.0128328903908483,-0.698213574884385,0.769043764533753,1.24318834031831,0.303785124113754,0.737192324578929,0.798732204795767,1.14841994588619,-0.520182060121795,1.80718899671605,3.2016948027421,1.22444584431259,-3.84240895861471,0.594284823381892,0.00670087242572564,0.421680163639997,-2.36988996824473,0.203076451255308,-1.76118765119326,-0.414506317114945
-0.16459911383503,-0.134226895325136,-0.845084996354727,-0.0707196087879804,2.01811903933337,2.23753952488091,2.15043745837775,-0.601930137140257,1.7683521006816,-0.591436364088605,0.392023728271541,-0.617397303696191,-1.48544908278866,-0.62463754875448,1.04904498631056,-0.256154693919498,-1.81606663385557,0.519258757569178,1.1984392307186,-0.274051271042146,-0.414174783929377,0.0265336976051609,-1.31095766303656,2.82938367651847,0.247865616538877,-1.78078243370195,4.68839287038581,-0.988304740977502,-0.43477889420312,0.056184864937195,0.460436319855276,0.639588318815024,1.07795370493906,-0.25271151132367,0.904797211876768,-1.97344385191401,0.234494535077218,-0.588463060537866,0.824192520535923,1.12074468618881,-0.952812748652209,0.203949356469433,2.37627144513222,0.405146144409492,-2.2091653665542,1.4698849309414,3.37638925087901,-1.30203605448797,-0.663347655849154,-0.796478458493506
-1.64839714497925,0.561242061858791,1.71720420919267,1.15199902915594,-1.89146707801637,0.894327418103684,0.954196514549135,-2.35327577467267,-0.481986936425509,-1.21167864514038,0.793379042209691,1.0437583004587,-1.54725502402426,-0.527496648183899,0.676591351243525,-0.478801519557513,-0.408597929819405,1.44122696087468,2.42742327846832,-0.0824032047296868,-0.0724334436505043,-0.944578680995523,-0.225576816956882,1.80076414165382,-1.74004823936562,-1.1139803346142,0.138851309118941,-0.912444773399589,2.03638206277178,0.0024863970164529,-1.32976420017752,0.818686973709406,1.17417053499287,-1.94610299788376,-2.88623810453105,-0.261138148033102,0.266557693237633,-2.08611259079671,-0.606254326399352,0.196587381063128,-1.52801335726469,-2.67994238710823,0.77668921594597,-0.519479876479908,0.505381528862419,-0.344487820919413,-0.277688616213439,-0.622416645653703,0.0413265352688732,2.02587664282645
-0.964203677513231,-0.187324082234711,-0.573877228971915,-1.58839060428771,1.06485722969855,1.50129184867844,1.27635288737186,1.78277781179943,0.615464124208943,0.635122756526965,0.648656407801081,1.30229824515305,-0.774281866148893,-0.533807566216157,0.360241991505949,1.13681081392854,0.72444901259025,-1.6957186219359,-2.32336821713727,2.39156884068865,-1.08649442355311,1.23191957453141,-1.67331711912632,-2.01957478869361,0.614542362880035,0.876800409237514,0.461733270064043,1.56642129315623,-0.0745336832305056,-0.389100750871836,1.49711026833317,1.07169510084535,-0.56408726410399,1.76645612039421,-2.0532448347084,-0.635497398375459,-1.78459761081995,1.78248396644964,-0.0576948293911879,-1.63524381290276,2.66536789209877,-1.0725580237194,-1.29245963060124,-0.515594968911473,-1.50200419725532,-1.05223304859963,-0.377806120890016,0.00141087966597353,2.48486298692447,-2.74099194704306
0.303675795388577,-0.695718701460213,1.74835631156234,-0.717373351536809,-0.838825446259009,1.11150273336356,1.20188986948623,2.07773881322903,-0.819916111073054,2.10455273688647,1.87786095156878,-1.3458350613426,-0.553115074059769,1.39566737428442,0.383575111043557,-0.169599648630655,0.399556440864186,-3.48484610096311,0.724493943285648,-1.1068455298065,-1.17277819150615,1.65855930757823,-2.20122369106492,-1.71030203637086,-3.64884184249614,2.84685490943828,2.16488014331308,2.35769502127788,-0.582140393323478,-1.56847618910014,2.1020796723373,-1.21326515293976,1.89699522562965,0.11644673735028,1.86309594022469,-1.23663221138482,-2.00691458009726,3.59175718417267,0.87395637364765,-2.52203352547716,2.84373566180506,-2.68971058108171,2.21800814234153,0.185385223689752,-0.0499571176110815,-4.22070073782313,-1.15122195157582,1.53002603197735,4.67494398407811,-1.5856535601715
1.37590570750249,0.861133430144356,1.47373947159009,1.67074295935642,-0.395044961161103,1.91416283809707,1.5458091982898,-1.45793737506611,0.75038223220568,-0.550704568249476,0.0957460257845256,-2.79102929360958,0.592050757717944,-0.467972990569458,1.39576258028024,-1.00659003319018,-1.07218633125731,0.3017580744859,-0.961577918444523,-0.0431915281980004,-0.091186253894074,2.00496186101889,0.301579449476903,0.313926799409523,-1.62751502208103,1.43499959175729,0.929646764632009,-0.617115014081174,2.58748536183703,3.43749004184822,-0.147745366037485,-0.770109673288727,-0.318485588559268,-1.79161317729599,0.538041264413079,-1.76859152013332,0.367865400885692,-0.886742340441585,1.56232748416215,2.38555199498868,-3.38903229324175,-0.336730967149179,1.65384227357009,-0.673781786077477,-3.88339205409579,-0.3679358117662,0.411501063337082,-1.5403401200476,-0.377106694979219,0.837573659938251
-0.179401438321641,-0.886799795052757,0.208330317456169,3.180066478683,-0.353988242820938,-0.967738808610366,-1.69186375382871,1.22910670532937,-0.543748840395341,1.67661960844498,1.90741085383322,-1.51014253959404,-0.505415093454538,1.88621104824821,-2.02250261800647,-0.0852263341631972,-2.64234885879664,-1.19531785633084,-2.10061387440422,-1.45787206837231,2.36459247240183,-1.0014267315542,2.06643033627441,-0.634588094227866,0.0838168155099712,-0.466164237360917,-0.775334245395707,-0.832587090157338,-3.21112194590272,-1.36856645914945,-1.00408678975632,-0.428070986280945,-2.3515411550742,-0.704778483819867,1.15993629580217,-1.25015210568391,-2.13092467571583,-0.0922637003245538,-0.772922036421914,1.84890207223488,1.1848708078197,1.1712907757099,1.32967860198375,-1.50557016520928,2.13147136837709,0.792298987906822,-1.6679373787236,-1.73557016977696,-0.907357367050033,-3.24778518230742
-0.0593923213809615,0.834975576559106,-0.534476805870352,0.542055459530587,3.03407348455322,1.18826482853139,-2.58467391928353,-0.783104689284337,1.21288288381877,-1.26828608496153,2.16553885772842,-1.85597450036097,0.335311122239934,0.417617880853779,-0.719606034224434,0.543576092690845,-0.98726853009748,-0.550761470526403,-0.0847790417768674,1.1139461695926,-1.11327891962234,-0.282519603058432,1.1139716641013,-1.00373064825856,-0.355114188507435,-0.807740687076701,-0.327562549587909,0.639168089915266,1.61912596011663,0.232008329469334,-0.592670342538877,0.139096524384689,0.33106122025443,0.330230873739441,3.36755703725232,0.991811016818664,0.258731063137185,-0.0679815352774113,-0.232501974078723,-0.576984206832944,-0.0796186787963005,1.19291880619781,-1.02175654100027,0.52208725060139,-1.29514857184563,-0.117738631907678,-0.583475350113954,0.221842715943526,0.782351813797446,1.22262312396318
3.7286707317889,-1.67152077284643,-1.29161225911579,-0.147293805258588,1.82615167363062,-1.88132209905015,-1.00984116462647,0.476356323842808,-1.76879751162326,2.19206966456343,-1.602432542245,-0.531084287023375,0.10678918288661,0.758400925077061,-1.38895880845139,2.80651162777434,0.196853776911359,-1.3637395056822,-1.86639882030907,-1.08289385473429,1.86825499270626,-1.32828264951411,-1.20477614478816,-2.08875107091954,3.08012740028349,-1.73929978144577,-0.694005446487187,-1.44110103960468,-2.34019050958747,-2.95383872067162,-0.847088406928803,-0.653243351968603,0.205717117463614,-1.0251975815522,1.53952122945759,0.622464560198838,0.406568956187945,1.69258770826176,-0.633433116194554,0.90361105179361,2.40890943475095,1.07991146795403,-2.02298590757734,0.493405305638359,2.03035426176587,2.05668603235773,-1.02093617375603,1.61273639051127,-1.74269332338991,-2.17944335232308
-0.98378363477241,-0.27002914599063,-0.749032178008364,0.146499706221914,-2.18510130330104,0.154898662443074,0.57141929637611,-2.57685959892687,-2.70523414742101,-1.04847377260733,-0.976511107641701,1.84214110528726,-0.698883096142364,-1.88058520611708,0.668577779480728,-0.636158134350661,0.0561194036836574,2.36665365327872,2.38838155612494,0.143715021467649,0.683028329945066,-1.68829053045602,1.06428715790445,0.941975407151497,1.60672057773669,0.716856276355634,-1.04268100889991,0.307797838436602,3.11441483739521,0.36325899705209,-0.37441847937172,1.44055455969799,-0.135809487807827,-0.403086948734554,-1.70380995488852,2.40865065443736,-0.332993460265738,0.0918272889439545,-3.17102762041879,0.492610924972903,1.15569982616713,1.5965070549234,2.41725720231118,0.262785375449043,1.58743150677258,-1.19707778368701,-1.13986092871099,0.0828169279456256,-1.39441674478574,1.10972539203818
0.73895058388876,-0.539577655168544,-0.0451509047872282,-0.887623909083879,-1.65045249771353,0.321318436796779,0.746903530910535,-0.338425041960424,-3.05743348013103,-0.695099157470335,-0.947438302389166,2.5744809157818,-1.59357883766111,-0.526046149078904,0.563421095281459,-0.0986933389527905,0.176593575186681,2.71226462283658,1.746244610136,-4.15678054045958,-2.28974066364018,0.074086468184099,0.91075881310964,-1.24169770902767,-3.61416894028636,1.60528473947643,-3.86598494014574,0.352964088677456,0.579996206365085,0.245780896933224,0.352385847139939,-1.06925377540177,-0.361907186886244,2.60904902322279,-1.94007838097664,1.03117432007099,-0.536022815747636,-1.31874780514726,-2.09335182502959,-1.8329955234224,-0.687274347530155,1.87773876170241,0.77161583694335,-0.584373783330241,1.28008680442767,-1.61367856676837,1.38488486908388,0.285773923443823,-0.61520126907448,3.17823234065205
-0.843191906037743,-0.0799837448440014,0.745505804025974,-0.0163653296268968,-3.44380592123724,1.05799380249696,0.251314434273244,-1.66099626314953,1.00305842316591,-0.0191819696344861,-1.39625517376517,1.09548965076746,-0.269416485283844,-0.9489914071066,-0.127091690066808,1.63017191305587,-0.364696449119149,2.26404038433917,-0.295127830325086,-0.716455570045242,-0.0253980944401001,-0.793776842601505,-1.74532886317359,0.994419967757828,0.0693907924145863,2.11384530871824,-1.04677780323944,-0.756120423404263,-1.35813784766293,-0.151439078353458,-1.38004797051395,-1.05908732075351,-1.36770116324806,0.318114397930829,-1.83091126438011,1.4428804803859,0.159583225650344,-0.762624432258489,-1.02111042736307,-2.15458720386764,-2.05352130579162,-0.605890607617985,-1.69291075519788,0.892669865841199,1.72744481812906,1.17282242854495,0.16512029313349,0.519883109652561,2.54111195536914,-1.3533972677361
-0.877185567104162,1.11262526793783,0.403958132984363,1.14979714539675,-1.40039625061109,0.985846645153147,2.02971539009727,0.45042485454115,0.928279490541249,1.20651198084695,-0.710689484175711,-1.29358697570966,2.17765017113852,0.0430019240006568,1.2150967437367,-1.08789995835716,0.38852734646923,1.13413909816809,0.554211701142465,0.197525423670468,2.87669379293128,1.10127043524193,-0.0730583327130202,2.4610416710015,-1.67542066298997,1.14322643722769,1.30108894617193,-0.773935900313532,0.191693699745472,3.72039671292718,0.367144404400497,0.209284160287184,0.727976524900615,-1.88489597350757,-1.1940360834661,-2.91523190699016,0.339203015853496,-2.59210451640976,1.20770779700647,2.35572477911629,-3.10635336005372,0.233577141641497,0.775595499569956,-0.666805065560489,-1.09360657963808,0.458830723903496,2.00365847131726,0.210320574107757,0.550198028357365,2.23563659965268
-0.556165444557037,-0.135073374706451,1.93285041392709,-1.53608344934744,-0.046206481110755,1.79163957398018,0.756943767609079,-1.38347676808267,-1.5475025578936,-2.23400562229549,-0.866456882245988,0.243741367139165,-0.211387879879431,-0.732727748969022,1.23019050953694,0.0996891735142975,-0.934134956202399,2.5781300391983,3.12785286468876,-0.0959254457912861,0.694933866953976,-1.25526233239556,0.904552806053386,0.301155996251221,-0.487381011598568,2.57153108572959,-1.37663196589794,1.12952527529586,2.15591448858184,-1.17740429049509,0.921891284533632,0.386127669063679,0.642523119153722,-0.983454741373354,0.0578359610780321,-1.08770250047471,-0.359517679018035,-0.215576854503617,-1.02915332480386,-0.917263673950683,-1.14336846027774,-1.48505599150105,1.51857282462597,-0.317819063953885,-0.846767156583605,-1.93920135004012,-0.59995184348461,0.454222575042087,-0.281306113666037,0.180325864517668
-2.06330038105447,0.587856130386749,1.16868140865752,0.412405053924588,-1.06965214470687,-1.60892833380704,-1.94502408674847,1.87376210765139,2.0474514493483,-1.27039804125431,-0.931624012047697,-0.126251793936251,-2.24834136513849,0.49643922616037,1.52249676963072,-1.29126152917093,3.45289089378217,1.71744907354912,-0.847739604364354,0.144183144259958,-1.69396010724649,1.64676177534072,-0.7877396699418,-0.433256876241452,0.383575797142388,0.0408866125084585,-1.94129185510947,-1.60824595903247,1.07934411766637,-0.625387939904223,-0.10609316556406,0.669685301934239,-2.7431018841397,0.149391126489257,-0.378678489802916,-0.0395295643508104,-1.29112717224597,-0.733307592033691,-0.568805995245647,-2.41707003799167,-1.56611127290527,1.92993845075554,-1.66176354371256,0.957380079064404,0.439003293201066,1.56650166442983,0.466797341197898,2.20934132223356,2.31997033820904,-1.47149264768209
0.266346267394888,-1.08658203463524,-1.59151738125017,-0.22944389117296,-0.973898456229809,-1.67835851824855,-0.535378564693708,-0.0634733834190591,0.071057688536749,-1.13335912614369,-1.5445503388702,-0.133389246491634,-0.668352278538667,1.8838382653264,-0.814786471526215,-1.18610323934521,0.602018039098272,1.71415169310277,-3.17122629742708,-1.42258333346567,-0.150476833458343,0.690158666358614,-1.46303134608518,0.206187372248855,0.501926469124773,0.490898385512574,-0.739454230702566,2.39656056651615,2.39513987055921,-1.28626336724952,-1.03919286070068,-0.212517962163113,-2.48171243405598,0.235870606267939,-2.46203975160837,-0.671323116412293,-2.39760185104116,-0.320037771128735,-0.914173827448123,0.38132643028439,0.420067264573614,-1.09090081786335,-1.31486034293942,0.0652847783738634,0.851146131554476,2.21173331213041,-0.934373414795615,-0.802921430021157,1.87125979195113,-2.0237663586786
-2.0083868010819,0.813492087679312,0.660932897753519,-0.220073079657559,-2.63935682929243,-0.262034455979969,0.105690546545825,2.47567205080468,1.0917821952248,-1.22876073386631,0.239247536936086,1.57966143972001,-1.18511977585864,-0.852216480166098,0.651133797970677,-0.398375920925328,0.389423693102956,0.760756903700276,-0.173421350034434,0.185222260322071,-0.711988526276012,0.37636499301121,0.357509123435453,-0.487339759101154,0.662459101822847,0.0225202553045957,0.000377722700731713,-2.75842496734444,0.362887694188577,0.66978172234172,-0.0468265092019498,-0.315730451466766,-1.7682747049539,0.652108897877253,-1.43629460045144,2.16158093327044,-0.331240430572241,-1.85886087098319,-0.75103472478436,-2.18242343259694,-0.0947036267657417,-0.0404940074547311,0.117194278185603,2.36950221393286,1.55358103613343,0.585061231448171,-1.02212777402685,0.16312093945313,1.53687772879614,-1.27181651797794
-0.245747409061626,-0.158434869260068,-1.98960758631866,-1.87032570253075,1.35164513684637,0.360971812136211,-1.25992835985771,0.165595031068069,1.16145431131856,-0.169746261774907,-0.844765153288702,-2.59305161450414,-0.457530638820979,-0.081329884611115,-0.285811206805735,0.60090837360017,-1.33014143510184,-1.24133665387601,-0.677226593457748,0.240737800850704,-0.729713583526779,-0.60697466362306,0.518158486183215,-0.166779396754142,2.78544396822437,-1.96706383068139,0.201247692122596,1.07820912958458,-3.26001574125385,-2.58790606921617,-2.21747991738768,-0.655598273559754,0.118253246306258,-1.50351407048523,1.60947073981101,1.84469623184644,0.714909980399247,0.489258777325649,-0.53102139980742,1.13257951187159,0.738507690515864,0.584381109213258,-1.65628131699322,-0.645035594722345,1.48199612028571,1.64066192846608,-0.667375571752339,1.87428666103098,-1.43754181862226,-1.66289162894468
1.18485816596878,0.738990494571134,-0.241705049324138,-0.676572433063059,-3.51959422027009,-0.500785268116434,-0.519897244774445,-1.4010603915717,-1.58914733677336,-1.59454187165806,0.526593083181412,1.89278427902884,0.713415044384503,-0.712843346554855,-0.0886932987522065,1.01648228944891,-0.0837368202225904,3.47280488232604,1.02312053670275,-2.32657477187754,-1.2240754572224,-1.2194825869022,1.67006060677957,0.920628923181142,1.00233438248786,-0.300660111614364,-0.380865913211582,1.9969820876357,-0.0532236829056852,0.199202121457638,-0.215482728664288,-0.882102099765802,-1.65996573024881,-1.88080651323067,-1.31880864728729,-0.154136726624342,0.149546397081595,-2.23962284447989,-1.13832039086233,-2.1704324050995,-0.733821951737232,-1.27988307833219,1.30275111133845,0.124115966747225,1.25974191117026,-1.32439545904925,-0.263092385614225,1.50117366938294,-1.49962974151031,1.49883956592759
-1.40288760007168,-0.375666342786999,-1.62431965844501,0.692126577535839,2.72702604515089,-0.633675240782235,-0.415582152480923,-0.864459069692532,3.6057731235429,-0.777649392231298,1.66104714800501,-1.05534201492569,0.404194148763733,1.04208713327153,-2.08309521935639,-0.737444574984105,-0.881266206162503,-0.112310651732442,-0.500769144894844,-0.435334851155173,-0.88525474637078,0.0860633846962707,1.33490575119988,0.771886326907933,1.10916741334739,-1.12681375440106,0.836095310794175,1.74470116318576,-1.62166822451678,-0.429912745530749,-0.573432524713273,0.855018935351889,0.0887918047488333,-0.0872754344754834,1.52246547419058,1.7068597144534,-0.0563717940388637,1.10148712668318,0.296019023339561,2.43584068295394,-0.395597356129577,1.90239391469351,-0.316278977274307,0.578614096595402,0.249644511758255,-0.207147185903538,0.728912392815558,0.999895381493474,-0.533815579179403,0.442929354535639
-0.65739766980174,-2.12510199732237,1.55366057759844,0.277873030115456,-2.04182943414616,0.456918834261813,1.74966601564862,0.189529430307335,-1.61346320621904,-0.368709959614504,-1.27700048071936,2.61341856937093,1.0157996134138,1.29967162599897,2.66931878915856,0.87334634486354,-1.70612518992493,0.594225688707203,0.00519796333196441,-0.831064321954885,-1.23143757995668,-1.79953167858127,0.483203334953694,1.26212757663836,-0.852408761668385,-0.34424710790699,-0.543790652513838,-0.0281704958633226,1.73407308099774,-0.959127940902298,1.05420032946629,0.402102324731659,-0.743635505068925,-0.509901896362197,0.223315426580542,-1.16507160722123,-1.15009373325596,-0.422583743142886,0.53881685748819,-1.40405921029931,-0.585278384169758,-0.735540319555365,-0.352156666936847,-1.28647069833573,0.405514858113493,-1.83412467987672,-0.933877254259131,-0.51797387991501,0.982314362506883,-0.862612133351938
0.107557505215227,-0.97965510598735,-2.44678130948411,-0.234581882913569,3.13333032764861,-1.22614007753297,-1.74142579993782,-0.406937346929472,2.39465506791498,-0.37158887035923,0.561256768161571,-0.995965868544722,0.177345249425674,1.43697140676106,-0.120069918373447,-0.043828290939527,0.21746041430244,-0.162390303552231,-0.936391178758618,-1.1193990086811,-1.63389115579365,-0.731109214423939,0.033618775301621,-0.0329683731452125,2.57599214958465,-1.78396133045498,0.521628310868146,-1.59613146515546,-3.39578527636934,-2.53123540558209,0.80831558532434,-3.25417743159561,0.394707408102103,0.279580565597366,3.21832836177302,1.6684323229282,1.88574338417217,1.31437523986452,0.424962534073765,1.65274588600184,1.25745342259268,-0.288344918223038,-3.1649981554585,-1.61293667033519,-1.31925033617889,0.663433340898202,-1.64767300511796,0.910131950685459,-1.52360941363778,-0.12742817870248
2.18649590705416,1.42381601031108,-1.04041102588092,0.556323500914419,2.87452351703732,0.515690713366522,-1.60154038026674,-0.155608225946294,3.54826256660672,0.125972884654198,-0.518156864289311,-0.541632604491568,1.80326185123481,-0.603103112521378,0.336321171246091,-1.53764678699127,1.17737104485983,-2.2487349398431,0.143332350493995,0.59240613725668,-0.944714129054533,0.930586793914571,-1.80916586373589,0.208876525237569,-0.701715089472782,-2.11712337514966,0.678725481760883,1.37385642911217,-0.227707172999364,0.0989125660395105,0.390665864183541,2.20040097787485,2.24700265022954,0.197650117892523,-0.0538431228067624,0.142858946337683,1.73601228670251,1.14636037249157,0.378375013378343,0.255959459908448,-0.98092178407329,-0.326557076293727,-0.128737624648813,-1.84320246112957,0.286886860050005,1.72121994695376,0.641794106083591,-0.705829529556418,-0.606287343211941,1.03407988555706
-1.57463092701772,-0.244926773577338,-0.729891824626377,-0.681820072471835,1.41641972285316,0.879227532773268,1.27061355378769,-1.3834814083241,0.458563379819694,-1.15237978282542,0.834991508775741,-2.93177366002781,-0.00447082257943442,0.76639687264122,-0.311907105363486,-0.304167628673821,-0.0241944029846375,-0.50931574666959,-1.04250476294646,-0.560307140813058,0.705273736120775,-0.957619806234398,0.379417216581036,1.04235613913923,-2.6456138069348,-0.726062425903464,0.0165975192470377,-0.811911184096147,2.60713876127584,0.782953538669674,-2.15917443557948,-0.829888988384811,0.304310557522898,-0.416410439656925,0.186072911114344,-3.45001512488637,-0.305675482033938,-0.423968255009058,-0.969522797497957,1.06850398527582,-3.67065050633999,0.672577206343853,2.04570395267889,0.266400389850135,-0.993020224006596,-0.473335865160929,0.330474605594273,-0.797579946786571,0.17631572059993,0.927615198150806
0.065869753360695,0.204772966165227,1.50030454458771,1.85494632274427,-0.600251631053868,-0.835417673108285,-0.567937520811448,-1.51987600466397,-1.517545653842,-1.72490121411565,0.0173007475381698,1.61848294297061,-0.647978805385236,-1.11189797614404,0.615857353402263,0.449392851171806,-0.0326611862520221,2.16492284888235,1.96569488990657,-1.44940316843337,1.10255947413832,-0.335353668531271,-1.44155057383604,0.110320106085682,-2.48372095043861,1.38113037894874,0.74947065304494,0.527479464397631,1.22510103614541,0.343373982794266,0.387874488028266,-1.02562178998977,0.377437713901262,0.0240306802529804,-2.98762228167505,1.44941383562792,-0.905722432594354,-2.35133469393212,-1.48481695815433,-0.541632860785252,-0.616626350163323,1.03730605438992,1.09011194823518,0.757360936238836,0.549045096249966,0.405954158154155,-0.724107576406442,-0.145341482971327,-1.15045102160051,0.764127612769131
-0.856381445730741,1.37192390543314,1.50077793680305,-0.114266284943838,0.704105974650158,0.802069496392051,-0.934661260456122,1.13505487292662,0.685621779346923,-0.311203637246977,-0.854279156317524,-0.128038009342194,-1.31096497554131,0.622623922785635,-2.34426767039931,1.01171750149122,1.44409665266837,-1.17893939370238,-2.61156473521848,1.37408684524907,-0.733550597927277,0.86425255664803,0.388047004752366,-1.98080937975743,1.62106449012593,0.915189426719328,0.631627005383794,1.46703556089193,-0.489372894541864,0.721177661170825,0.208038725222885,1.05090674161438,1.23522684733592,0.492819071008661,-1.48524593050806,-0.749802576112249,-1.75025941202328,1.23005078553032,-0.522626319839206,-1.70300916258906,1.20451938605643,-0.701738827297773,-3.03511172722741,0.981552732272432,0.427069511705903,0.00498022606607285,-1.62417903908452,0.0361564024847396,2.20693363509398,-1.53921900068303
-2.14447338242241,-0.531970314828131,-0.125677779778808,-0.123582099154544,-0.475398230299603,2.58913262104866,3.44805516240554,3.04467055359744,-1.17337261023204,2.97771825222366,0.209805909698378,-0.0305467040864522,-0.66428727028227,3.54338498353334,-0.79405275260059,-0.216804732507899,-1.82762558977138,-3.73457718534604,0.671349067855075,-1.44934572656432,-2.42571138100959,-2.20020394039399,-1.7992672756991,-3.1501666883371,-1.87675367364508,2.81216167092847,1.59517041138259,0.256279538920599,-1.72880568197198,-3.4265338700386,3.92070015954716,0.31120916749529,3.34368062576327,1.41635389154339,2.57982013117114,-1.2295971089512,-1.1553908803612,3.24354595834534,1.5618856781472,-1.47715969947701,3.34598906050631,-1.1571072724596,2.76534113456603,0.151163788495986,-0.219317330437633,-2.94399822195571,-1.31599209550506,1.80392424466873,3.19476593720864,-2.13225573973208
3.67264375320185,-0.936958259681548,-0.973346505660838,2.17723562985633,0.366593535680144,-1.74311846917685,0.0479045664053916,1.28388727963037,-0.419829678967978,2.14703173311197,1.05230531993117,-1.98637776065575,1.38561391785961,-0.279864682111249,-0.429589731918231,0.000693978802711048,-1.3038168357408,-0.123390672862144,-1.27888113077036,-1.24072270503916,-0.269053346518879,-2.53688848767697,0.121624248550534,-1.75256552576709,0.695699268227624,-0.575608614002364,-1.13742888995185,0.567403319478337,-1.39649706522066,-1.73854609715985,-0.162469595163083,-0.619863206524118,0.429172512326441,-2.45042392611049,0.832431351285756,0.591830089056201,-0.0388581766754886,1.88379449796621,-0.349431448211884,2.08470617326066,1.37260135988975,1.27754666380385,-0.0936520352290648,-0.669875771476694,1.92641254509581,-1.34559179523623,-2.78370378892418,1.30178498058135,0.521922488949188,-1.9859269694825
-0.549268765718636,-0.186745380317498,-2.73798655697226,0.186217867175991,2.48618572443768,0.679666600795493,-1.45359621828621,1.47354083382384,2.16601855498287,0.164828415283061,1.55880537808768,-1.95004735640257,0.477854208301751,0.671405458948501,-0.313658718166416,1.3982778403445,1.09253024301287,1.10258443248367,-0.0689939791605083,0.740007685037437,0.320628876344743,0.161946464651632,0.492603036092293,-0.311095290642055,-1.26592943383696,-2.5671310442139,-0.88308529872525,1.60334549242922,-1.79294206682232,-1.82473989141877,-1.96427138528206,1.64576399746537,3.38578774576729,-0.601039014340649,3.01270611141261,1.6542544297691,1.14427239927453,-0.890720955249742,1.95298975365909,-0.128132262233462,-0.199951081773965,0.968298839363174,-1.32524343813795,-1.08937324645235,-1.11623849886901,-0.543637832795415,-0.652603749581037,-0.261776684628684,-1.69397753040357,-0.528566665186211
0.551990279750448,1.65673960874334,0.516379046990059,-1.9381368496485,-0.564750770884456,-0.452705026840288,2.98843731227081,-1.61569198335552,-2.45503544318536,0.348139557757097,-1.32280463907833,-0.914270875720251,0.34072424420978,-2.0327170728674,1.23348602212257,-0.0672190705621544,0.238292749933924,-0.748161213733255,2.30091086042035,2.04075930574035,1.26310755381285,1.24621174704602,0.385218650834951,4.00905997748196,0.0428622990217919,-0.244057407718318,2.78073894137455,-1.1934182861822,3.18538590439511,0.84218355353354,-0.17495781855566,1.68701409873404,0.020166049911012,0.13732353780594,-0.567650350518943,-2.61386232918653,-0.533835905307901,-1.27996819118495,-0.127328845350979,1.39898365565098,-2.40380783465705,-0.236975075608593,1.81182074805913,1.13713255205643,-1.97764695906811,-0.598869032201149,2.18105850602587,-2.46864591082878,-0.833580572087831,0.725391192500136
-1.01372310119828,-1.20304743776016,1.27876394837041,-0.125344754917166,-2.76468752157743,0.123283219270453,-1.22051499698862,-1.28376218442016,-0.985237923943468,-1.99323700206431,-0.482965055059509,1.39785153345968,0.463083700848773,-1.99935002940247,0.129197790633999,0.479357489604214,0.998788073027068,2.42529233088212,0.96139750337328,-2.30400643033968,0.643629897420134,-0.980136912838975,0.0680200910521947,0.668142159913787,-1.09984759169602,0.871762687473542,-0.840324000556116,-0.398650840656308,0.340650921702329,-0.999880466383029,-0.854381262964676,-0.894124048332451,-1.25829756925521,-0.24534721011929,-1.05186260390655,1.54897531844919,1.12105530912953,-1.29469757047782,1.2146996953214,-2.85920355266335,0.934096322010734,0.562774698663222,0.404486132211246,1.62571943161306,1.02051140529649,0.786300942117625,-1.0235657795824,1.86279058294378,0.400155387177991,-0.774780271824258
-0.0672430580373635,2.80643463805958,3.3508147296356,-1.75782588109843,-1.38471619993369,0.165334223459779,0.797240491927293,1.78463767286303,0.40733434567933,0.319756053163038,-0.304944725248688,-0.792133142366295,-1.14162644638427,0.0817706720077917,-0.489415149644349,0.0933451992245373,0.14421056210781,-0.309188361584779,-3.02666393752647,1.46314531061649,-0.269053276186901,1.57226117255887,-0.163301252716842,-2.56104663420673,-1.18465597663096,0.535369247240744,-0.478598765086489,0.848534838766288,0.197349724838293,1.0222612855599,-0.144337372408636,0.784756693713557,-0.827118901321398,0.0373711830093387,-2.35132210840178,-0.0297772456892942,-2.16283408278663,-0.924596149709655,-0.240998559811322,-3.44973448423727,1.28535630629583,-1.53085225374699,-1.4963299927029,1.90842717175053,1.02226493630688,-0.996659493469447,0.00712459565477853,1.58632194633034,2.82850197977762,-2.30252336333615
0.31964876131177,0.0175612945254486,0.541767670708788,-0.667634204547276,-1.06098078722734,1.33135330388847,-2.07150709360324,-0.994573175866717,0.187222822063774,-2.05280754343948,-2.65255873656914,0.336014523290958,-0.881074901570335,-0.687076869376811,0.948962422232917,-0.413866727281866,-0.161453663210659,2.10471336830727,0.042378534558761,-1.38075298856048,-0.517925080720056,0.14878903261586,-0.405222780710461,-0.501219934206871,-0.908047114937349,1.59628657349185,0.433950192829228,-0.861232779139298,2.14751616190969,1.06128512296591,-1.36760384022542,-2.10226542059681,-2.03980283074207,-0.0418444337808257,-1.84798907827618,1.0981242100398,0.180746128939815,-0.63542396789426,0.209305739740602,-0.809836753019429,-0.709573984530297,-1.23943020614433,-1.0985321216924,-0.807129987760928,2.58945688379354,1.9721399512805,0.00605615870031628,0.987109217126819,0.220760791445464,1.64099047854248
-0.172460025246524,1.32196082388592,-0.356703421208255,-0.101393701293134,-1.76728568291744,1.02146359829299,0.948099422261673,-3.43847423820032,-2.25215377644408,-0.231257508554544,0.300026782980317,1.92304980352856,-1.1228610696357,-2.99927047575886,3.02122512531699,1.97564347260316,0.378969383415729,0.398425745995374,1.72575803643424,0.0511526067979222,1.05666010734811,-0.805410990044327,0.0849695041464467,1.9879716192786,-0.496320610653323,-0.389168361649575,-1.36713967845375,-2.83789043870342,1.00593406620245,0.497248165849146,0.802247251074714,-1.66216946170234,-0.465864244295446,0.880352600544317,-0.628456468660374,0.297647016300341,0.23210107184001,-2.22575932854215,-0.711788072875152,-0.435640966716486,-0.59941468533851,-1.53358015859092,0.166963666960346,-0.369735845995563,-0.207881967402178,-1.27171542420261,-0.244188009139304,-1.5263449625693,-2.00879350672115,1.49732539039008
-0.174605269252736,-0.354943349229883,-1.1092170562584,-1.30573356215043,-1.28648362620335,0.848116325824376,2.5672183976804,3.64690948198654,0.419533888655154,0.635280071754797,1.27328590128603,3.33601580971254,-0.540986349346821,2.23639033624015,-1.48057517193435,-1.8220322786182,-0.190894215991277,-3.31284883546011,-0.997988396852408,0.472853226401992,-2.85571271613491,-0.284517445528515,-1.19797071716281,-2.03647409007034,-0.606725645982614,2.11073149092063,1.69535607053158,1.38681292929386,-0.00737871930667339,-0.106349516375112,2.20225003163232,1.5028276392815,2.64151416139015,2.99120968277205,2.34335182855092,0.58724473977116,-2.83645574399618,6.13897334292526,0.105742255026602,-1.83481420195271,4.71107424767231,-2.00434672336241,-0.489957096934359,1.15596258416014,-0.00115556675302204,-1.5850555549694,-0.908657816988171,2.2041153547832,2.79382268044068,-0.948654483246085
0.547321942303381,-0.640601481379519,-0.258963100930964,0.0185254841894481,-2.48902514480252,1.01147657269479,-0.0164051482925893,-1.98470160755236,-3.04533687179373,0.237944571810141,-2.12739801908717,1.6765308651101,0.355725008999916,-1.15684400544917,1.81179851792593,-1.39936267394178,-0.703543601768596,1.01413895022442,3.97370698118982,-0.139943816612064,1.24402440223684,-0.573060984908797,3.21006419429742,-0.694641299780428,1.96898265498292,1.91756829218421,-0.122515184756448,0.150056785885359,0.807035928789352,2.26948279869355,0.59506812486291,0.828961198454272,-1.59931915215142,1.01929802542076,-3.23133323968017,1.63349865392748,-0.21241624734062,-1.93116520866373,0.591293103792308,-1.84283574252855,1.45778041638167,-0.330256384181712,1.9904371562934,-0.350820321145969,1.14230605053628,-1.97764540081283,-0.228175258593779,-0.544571351427427,-0.0107302296879861,1.3982573418193
-0.0461517803428027,1.37697000847714,0.409016878128695,-0.847853366352038,-3.58895045483608,0.463952740831044,0.475226788793971,-2.07591725857789,-3.26977107906365,-1.7217463879434,-0.41687906986166,2.99039203993841,-0.256148592989056,-0.669597565715791,0.965651021831493,1.97589772408054,1.25912669088454,3.32908443791284,2.97177891754654,0.943877171044394,0.630803601979937,-1.34347746187124,1.00614989035083,2.16746557019185,-0.366522714926388,1.16184428378409,-0.925817641694343,-1.83234777979409,-1.17785740095278,-1.16096053760248,2.1522883790261,0.437992362006231,-0.105234740071205,1.25789991742989,-2.50691426381678,1.51939589660046,-0.133310295115841,-3.91678899401826,-2.23865968183937,-1.34860130793176,0.0684493120585901,-0.206722031012563,1.78225954197068,0.0600753887850335,-1.27505417877271,-1.95281192728996,0.456721910823559,0.132820245580151,-1.32555808583878,3.172683250928
0.879155590953582,-1.1899521460015,-0.968355054795654,0.94294261289721,0.943207711161562,-1.12021703084432,-0.533366807063715,0.616884564439108,1.55663344710175,1.91825193615882,0.0909859134379632,-1.64244384294313,1.45511677516207,0.0747158015114208,-0.193702339039925,0.0528628063585949,0.0694703055097293,0.320713491318056,-0.491093629523581,-3.03305569437569,-0.75811431588152,-1.25627421037574,-0.535270529099447,-1.23656961414223,1.57189404323105,-1.7626495515658,-0.234390297533296,1.49950638475335,-2.51373749470052,-2.65582665629218,-0.232386035796383,-0.860534649890394,-0.75773725012889,-0.799153853279857,1.44512010054364,1.47417659266334,0.35317869322382,1.11793781789259,-1.21126543672669,2.77532471924051,1.54779591773712,1.78659025977098,-1.69206251634003,0.846380187684378,0.973628563677448,0.321013742755231,-1.27566324421452,2.07794793666288,-2.3125880451483,0.420314111333902
1.08846312976665,0.00741668496025158,-1.0095291281619,-0.861586019649518,1.6298714079508,1.57744783786269,-1.08575424952846,-0.430974567017771,3.81295696712828,-0.0112537204403816,-0.384395420696839,-0.173573265259619,1.90119648316459,0.847761409855272,-2.80430961904579,0.388045661669996,1.19846523236053,-1.24254683914967,-1.10932371195396,2.14632205055529,-0.281379568865272,-0.51067704244412,0.538484953925858,1.51318662848798,1.45663559779558,-0.541827189092899,-1.51909686750792,-0.244704997611622,-0.588834967651329,-0.398037912701556,0.831973056264664,1.00202408917577,0.421230866123444,1.02536329701495,1.17341720016699,-0.201982389541903,2.71478157057741,0.524767436064598,1.15909167270178,0.692359424369347,-0.779112113904093,1.26934530047596,-0.448664683531745,-0.498164450260234,-1.92952315436611,0.710722610897938,2.530459661303,1.78891139204041,-0.744766192912923,1.74278247840146
-1.04917555963798,0.0277581145346041,2.42952450088637,0.0433374156513392,-1.87102379277128,0.965484476458084,2.7129918012647,-2.12468117466237,-2.43599091077299,1.47915826412204,-0.238174129198846,0.138670257876722,-1.3542608435261,-2.43949971862758,1.63475899989073,1.29491882512994,-0.389062853555864,1.12836780537698,1.27136678118377,0.714749508786466,1.31879147526919,0.944567568851815,1.10218263704401,0.480688865015386,-0.370357852609505,0.698650359012649,-0.774023124761534,-0.751260766924208,1.73780661811903,0.433787859910853,-0.548966368966514,0.303657882450518,0.465891887159755,-0.856890164001554,-1.70512001292485,-1.32406514236859,0.873445739067015,-0.755599984586338,0.550630936119112,-0.801409212175462,-1.67346919656775,-0.769901123363147,1.42040999747883,-0.550823015965476,-0.505405260833644,-0.796868585747566,0.235413862039883,-2.09614897345198,1.33681347416645,-0.382470646548866
0.640026609223968,-0.443356181626648,-1.93627143206107,-2.27360562993811,-0.0537542580180108,-1.20054040486012,-1.01143073834182,-0.0582152474796642,1.56729446647796,0.043619365506276,0.91570835206729,-2.45085636154023,0.4161357917786,1.81818900093294,-0.174660478408387,2.51610231072554,-1.81735719055183,0.139347118186829,-1.40394310696396,-1.84751936258508,0.106386614666787,0.933232851519295,-0.245447910180356,-1.13306802827084,-0.0514607800006273,-2.61283036313645,-0.95475190459594,0.564779907691749,-3.45531740814477,-3.0092552286067,-0.817303681114639,1.36040425844189,0.15846633736113,-0.139570237370915,1.68879908760699,1.29389059010671,-1.20709441349971,1.6471500020598,-0.0399960110610549,2.17140739981068,0.504083122022372,-0.621277019934552,0.565887998167752,0.583333203428573,0.962216002457071,-0.559627475376538,-2.1325227458014,1.26663509449444,-0.516968894474709,-0.706567733141514
2.29026209645688,-2.76974457031629,0.903016820749029,1.4490219117796,2.62509099308332,-1.09711072264892,-2.92020897894224,0.261320136358432,1.50707687770479,0.989734629654715,-1.11251087481378,-1.40056133345526,-2.09022710675692,-0.404870544625976,0.0570698298676073,-0.457255581621792,-0.888081176583811,-0.076268583192082,-2.63786754439557,-2.22080020258804,1.72758453400513,-0.194230320331581,-0.42420097523828,-1.46274606350759,0.332378163359546,-2.13804994669367,-1.0660721615035,1.77289168242244,-3.42084833948609,-1.82303696543378,-1.48008674853925,-0.987217827111342,0.103360826721547,-0.412506648207158,1.01272764022464,-0.959792933152857,0.757752958053649,-0.0117433339737815,-1.38350899804725,2.23277091371522,0.95587303164041,-1.74467626804197,-1.4920113587259,1.59769064082462,-0.969063220451413,0.221404565820376,-0.937095615518842,0.214459180957826,-2.32591104755494,-1.17006669545769
-0.804543999293347,0.920182328314348,-0.774157479769289,0.603523261590333,3.51577369576211,1.05138510738637,-0.944935261198829,1.4421756439834,2.08763016607738,0.937009532242365,0.875410694910804,-2.76080925898489,1.41188126532653,1.35535285990929,-1.56316794667721,-0.623507605238487,-1.60463322848209,-1.73148042733783,1.48119158494618,0.678477436491667,-1.13125743857032,1.07775331723643,-0.847900793903438,1.66066985570339,1.83722236369204,-5.09831404302518,-0.480369232108092,1.19007948223639,-0.480699226607687,2.04053219632008,-0.447414414775806,2.16361181465876,1.9649134959135,0.355827357258383,2.58248616635973,1.86787212731561,0.780027724344448,0.561920495124698,-0.118655117845781,0.10897338042179,-1.21071337842607,-0.0505560858000024,-1.46885005365022,-1.65482431412155,-0.889563804362762,1.27627726097066,3.70533821953903,-2.19979348437206,-1.95154912756254,-0.372019580608917
1.07172840640199,-0.05785742293862,-0.763067434558921,3.72684646458272,-0.453275509411871,-2.98603463143081,-0.536724474296193,2.01565546892455,0.750854949679115,2.53812306949357,1.03021214305822,-2.5270148671913,1.70234663373589,-0.797935618361157,-1.43533600236576,0.728491010630701,0.483854067412629,-1.16710822867082,-0.674882118176594,-0.544371377235073,-0.289505873695172,-0.860656506942024,1.28196839738436,-1.22576760438499,2.26476020826083,-0.769005361972432,-0.631293515885681,-0.040535642372158,-2.30398420877001,0.0891231519654634,-1.119501300203,2.91265762157778,-2.11238320933568,-0.413242149860178,-1.90158429230993,-0.856813397351292,-0.908427424872527,2.46715990927276,1.40463867883133,3.00005170046746,2.11510457830003,0.4574516421878,1.59570825528714,0.350330539600711,0.274744912930687,1.49835240512499,-2.22228959369149,0.587652255452528,-1.18566561399125,-1.3346208901052
0.167261326877991,-0.607940973029339,-0.195733410039421,-0.440700556919686,-1.01307100806215,2.46228966826241,1.6095402875223,-3.05054865861808,-2.51157874163202,-1.27305360589492,-1.37154481849442,1.42789687312414,-0.690854485619841,0.4030433079852,1.33380834687903,0.520954312330327,-0.444485987768138,0.334208175956078,0.702781650588411,2.28615637716859,-0.81365776544851,-0.296372775552809,2.30728079581499,0.306936321325936,-1.52444884728264,2.13531980662919,-0.0680341436949494,-1.43506771051175,3.14634810243058,0.44638161607267,0.227667716978182,-0.306006762726953,0.0124717834814065,1.59337571178588,-2.44602405070275,0.40880859241976,0.52216006891849,-0.370070415994252,-1.2565587249602,-0.595826401121965,-1.62810176758929,-0.583307022387698,2.70273515729078,-1.31704031076834,0.603107632572896,-0.816348209044561,0.894002699324534,-1.85381393383158,-2.03257443787664,1.45495367990377
1.61857904199784,0.829225870015301,-0.745397551800978,0.506072680679434,0.241974482334022,-0.541302763896661,2.06471091595047,0.144734966406397,1.21790258207464,0.123816773475065,1.13398029512179,-0.563193881742927,1.24295291017207,0.473629710547385,0.714207097535744,-1.26053389343026,0.253616796918345,-2.05573523350719,-0.120687045306119,-1.5710528377684,-0.443605915207038,0.29446565436748,-0.933196333000951,0.113124652174774,0.52718955886365,-0.767041897131801,0.866288300060316,-0.960359472930067,-2.08918429072921,1.54824115186489,-0.799150587277777,-0.265252480483829,-0.332360546557307,-0.0752790823160235,1.8553635420893,-2.9504799575425,0.19927825586847,0.478263731346704,1.36800284057183,0.86795786457857,-1.51833065697689,0.455415106145832,1.04610752806157,0.206114924718491,-3.15387289070562,0.62377861893808,0.497427530361109,-1.09928077298759,-0.943054322987793,2.76146930167205
2.15450682027704,-2.25495035249285,-1.9819737741056,1.56032521592782,0.312144081511092,-3.25444288826089,-0.847480342456485,3.01250196087378,-1.15849611648709,1.09733751208007,0.548359549981899,-1.89842312906206,-0.726398952491943,0.0503022880806704,-2.5452957911943,2.23588293445233,-2.67949391182359,-1.18880553650258,-1.98244893945135,-0.505658875936203,-0.0270775807000995,0.141316751166318,0.102816099519418,-2.3853600538115,0.780696684969294,-0.937700650635891,-1.70557761530278,0.191037351715311,-2.31564037240195,-1.79338948410738,-0.547227274836189,-0.302522165078839,-1.38523086216938,-0.88754572059015,0.021351755684335,-0.873633382187786,0.790904224374905,1.62925350039809,2.22685945040693,0.670204258834587,3.27217675302857,-0.259447220265822,1.80517984118941,-1.04005069092243,3.46252108186504,1.08082079994116,-1.34856421633152,0.2739027657549,-0.133435492980313,-0.712826567269601
-1.89040166283657,-0.140669916333675,0.518768197303955,2.18226963291433,1.24166427203762,0.433890178966169,2.47968512570041,2.97615488780419,-1.66080805889405,2.55680222350321,0.245033780116114,-0.134454030085364,-2.43800121715304,0.824282444341594,-2.06859146097472,0.522635547875871,-0.548592907047585,-2.03651307827708,-0.769131345826086,1.00751245972919,-0.840793147759924,-0.026013362627578,-2.13951656783369,-2.66237218953318,-0.793107172212469,2.49766685774029,-1.27462700564015,0.998372259432386,-1.35513435660494,-1.68379768567839,1.36692228327622,1.28528319641346,2.06019853136369,2.24299812586287,1.93877607763325,-0.500202201569395,-1.89516220620618,4.13917015810398,0.488121711131095,-4.20678346670374,2.37508993477861,-2.57790668402404,0.127749438823611,-0.750668870783775,-1.55742223454001,-0.18469968384676,-1.93976594636435,0.751045989908864,4.02794094114483,-2.50134473210127
-0.0950352972640425,0.767185593533774,0.618947579776933,0.426258602574005,-1.46893237829412,2.25278762311069,0.0431472138017421,-0.615827785720098,-0.714562257285774,0.068040418072629,0.546694305439585,-1.77307484696753,-0.499962483399534,-2.2939895790201,0.910789827728153,0.629009016514418,1.2638604757042,-0.295977493700605,0.37018929723762,-1.32229123047372,1.01757209401473,-0.231633363206469,-0.364527634946546,1.69526295291188,0.126831171466597,0.417208922544547,2.06276924613097,-2.21683104486132,1.55745303312905,4.31279868615702,-0.0279881625559385,0.561855175703611,0.372722366385577,-0.597684763983908,-0.907241576056148,-0.990518472996057,2.86082885114427,-3.26511249259408,-3.17790400957589,0.807147971436803,-3.4677248537272,-0.59034445131535,0.142733259963484,-0.542655783840975,-2.82665624289228,1.24316358605576,-0.77160944901492,-2.30956881311436,-0.566744364390189,1.0806978789926
1.15390694582406,-0.699404742755102,0.745340944342645,1.23921832510854,1.77084443847699,-0.934923361431098,-1.62640212514713,1.518552998364,1.03014457225867,-0.57125061437212,1.15940563922202,-2.70183197642836,-1.97049863834416,-0.57872734930331,-1.90140272154545,0.862887251738818,-1.80311704302605,-0.247553065741257,-2.48856469171014,-0.0941611217422172,0.843976975883672,-0.129593856642074,0.0325678637457881,-0.86344037920455,0.623779109372591,1.18085335088377,-0.856889302142792,-0.285291609876609,-0.985631864164974,-2.31859054862224,-1.44393068684628,-1.69850203540836,1.40074437358557,-0.139440798861994,2.38437662684315,0.112026355033781,0.361654981456443,1.70037561666758,2.39937089101861,1.21429634568513,0.915146787983259,-0.781390788146055,-0.972511623829854,0.221206226282008,0.692848866793433,2.13849405083261,0.0662267562138983,-1.26298156996629,-0.780749367086318,-0.286290467533342
0.312567031041298,0.0891572208399234,2.16396622390976,1.47592734667776,-0.209487053091496,1.27841604954663,1.81574016618507,-0.350132097196758,0.491464452723581,1.32071710276352,-0.734186707627808,0.176694365900549,0.515990012958883,-0.876616926303398,1.788780433884,-0.0281094229644726,0.831768972454401,0.209539853557516,0.603831495857681,-1.30688722880854,0.839086785995551,0.649846846701693,-0.73683711763748,0.30026593588985,-2.35234263710919,1.88803894430564,1.96790665277909,1.06741753726427,2.54823706144278,1.9326678602511,-1.10295977098234,-2.11036030095208,1.28750542441738,-0.898294539500892,0.495671443460411,-2.30808215946147,0.0888369224453877,-1.33603745518269,-0.43837411534457,2.68194490089814,-1.22478479558202,0.868399261833719,2.81419049719911,-1.20295781792203,-2.48508276137952,0.221849177562662,0.815705708064713,-2.91810191335457,-0.323903859240591,2.01192668241524
-2.02614190689459,0.873178281326152,-0.00879056318798901,0.0714195089401393,-0.1820250149243,0.743262429671402,-1.96376910574222,1.9139694604238,1.68902387722272,-0.654268004716136,-2.28141972324968,2.26773794011434,0.633644617980123,0.425804542489863,0.409704822859718,0.126034785111293,1.10080245765103,1.46834548136551,-0.643892609705743,-0.366761896743375,0.754474956259469,0.597035388275074,-2.43373377727047,-0.691595307715481,-0.0175925663197364,1.01630202775841,-0.128060800194338,-0.904221505842916,1.23604460009531,0.47462572750036,0.00630334067933323,0.420694758954911,-2.82040775961897,-0.114383489531646,-1.01033676729483,3.11774674261575,-2.25061719047233,-0.128174133796021,-1.2693587982154,-2.40557152242106,-0.168200305971261,-0.815749042036416,-2.03039237160617,0.715533205239586,1.93792245603518,-0.276200572886276,-2.14420716634475,0.487158333886229,0.610366551522414,-1.23801433846159
-3.16746340214847,1.42153046104099,-0.463151938964274,-0.428838872562583,-0.651512820896214,0.139999294924936,0.0550078823158577,2.03275990639012,0.641802410824567,-3.16048940772382,-0.990589474751791,-0.469463362604471,-1.58097449131166,1.6655310418283,0.0516864042780631,-1.98697556964367,3.06182563078218,0.379875653644003,-2.6761848970928,-1.05187835170515,-1.1749331269291,-0.727054040590496,0.107337354876911,0.135401962683279,1.00254606969445,1.23149209406845,0.292790044477444,-0.810353550606556,0.551778738894512,-0.917131999329452,0.0178493818771981,0.82722162844531,-0.681177942410453,0.865858437954684,-2.06024324075114,1.41586002265232,-0.599547908966711,0.622816372460695,-1.02309591402766,-0.513765334255889,0.844202284824353,-0.846630697248597,0.440147829316713,1.9589849404845,2.33306724995786,1.97975018207372,0.111438171928589,1.97110192766611,1.27130672581089,-3.83503791079536
-1.11349277689397,0.117963764783883,-0.318856076069615,-0.0329629585778995,0.737595252318056,-0.325089430193146,-1.04934208061509,-2.63196670924967,-2.31248346399661,0.200343291130277,0.65713212605008,-0.0918189694935478,0.647465104651513,-2.65945590146701,0.5150210909499,-0.600295320697191,0.977234498788802,-1.76848362146226,0.221380133941276,0.712602057460211,1.51796006134086,0.746005535007254,-0.584932348754375,1.59912574378098,0.151911070549788,-0.763677809048006,3.14124934290669,1.37844493448592,3.5182284332159,3.39425612058602,0.640980544807842,1.4076677213476,1.97482176274676,-0.054660369980837,0.523661964888292,-1.75085685041835,-0.0579976588902055,-0.188367216827745,1.62507639602596,2.93866228923246,-2.6016473394145,0.226433881140347,-0.0249221500850267,-1.34603072536992,-2.46353448565292,-0.374188455060363,1.21236147715199,-1.61738568073622,-0.792736088478396,0.854565110634105
0.224226151142781,-1.05169882542504,-2.64339875210528,-0.205991857757139,2.59896285370879,0.843994866609885,1.8727671707313,-0.341874738786615,3.02300451625206,-0.852446371316343,1.67179251762229,0.13893697619801,0.0825710504451186,-1.14107103988629,0.113076775269703,0.786861418557756,-0.986364812496328,-0.925409336602088,1.30135369696526,0.309216102870552,-0.599316225149544,1.85945992386685,0.253382321844108,1.28905291830821,-0.180918523020418,-2.76877351761453,-1.07448292565543,-0.0546958874234822,-1.03351095533726,1.45473331097166,0.732726259489056,0.929327898392928,0.874502290356815,1.75440213878446,2.32089157461677,0.176488799212768,0.137692279871287,-0.636536389517886,3.09186752982827,-0.123645858118775,-2.39173570235644,-0.520955807747554,-0.217757015463786,-2.06660438149655,-0.742389758789119,-0.625449054136435,2.00256254124031,-0.0267469802680513,-0.0930532095549742,1.27437501713389
-1.2061454774263,1.35547821124962,-0.0126649321091753,-2.31956950116085,1.35353231604304,2.22385856689822,1.48015520818359,0.307458418063681,0.247063843763498,1.07257193174094,-0.0285832484188721,-0.136408881158659,-1.9323645707786,0.353033175089953,-0.633168009490974,-1.94714476038165,1.3961733925608,-3.51282876268915,-1.61148215690139,1.45016054721348,-1.17892053744964,1.07207688633678,-1.92773688755972,-1.35216773382947,-0.154150377723211,1.71061957213653,1.45199190835284,-0.0593769440441976,-2.24755166125018,-1.7929218622343,2.22865068222491,0.0801812147109817,0.550040315801343,0.437795340568956,-0.316351297512885,1.17941528252516,-1.11597781823076,1.79491016563248,-0.202134236544027,-1.99506226384312,2.6079048974469,-0.427095596770667,-1.30653982820389,0.769804728648783,-0.222317424920622,-0.250773274154074,0.462560939020838,2.65173995460539,3.89766677342588,-2.3878465609547
-0.235430247120379,-0.20889418812212,-0.160374811232455,-0.307824519994329,2.25067786840698,-0.830834025752021,-0.403477400268186,-2.73422923448522,1.34847567957076,-1.98395045621869,0.96167304101693,-2.51358773812639,0.195515354970039,-0.358634226652155,0.547960823871926,-3.05861746011424,-1.25143470552564,-2.6073914131604,0.345555984666768,0.381606788766251,1.36005866464746,2.81487025016492,0.502392914563374,2.36354825571563,0.307314465840528,-1.23786642059637,3.03762741008242,-0.658904307959294,-0.307726530167116,2.72474786450314,-0.460383330948075,-0.0204170130307642,-0.139512243101927,-1.62730016945144,0.512607812183896,-1.36911460200878,-0.234809480363502,-1.02262797888668,1.47470123951404,0.266090867530567,-1.74163809204945,0.326898245119612,-0.819684971712984,-1.21210247883809,-3.0032016237696,1.15338404313073,2.04571562957429,-1.91903964434153,-2.0672906691079,1.16792519036855
-1.56328382361521,-0.0553210384816628,0.519261918197564,-0.933836451897791,0.0518354360306726,0.583161198091271,-0.705337855304018,-0.0481759513396698,-0.0427668715809155,2.47758793025304,-0.409774005085908,-0.395760973821897,-0.170937532818456,1.05322260472208,-0.317268878358193,-0.803802960104647,0.332260526108961,-2.76575403864144,-2.23204316116649,3.18209133809052,-0.314155933239448,0.545414951481219,-1.48386215479666,-1.18105663595066,1.61377166099342,1.12774641712253,0.365956489834457,0.411513344363144,0.420697676260322,-0.467883077984084,0.709428374922152,-0.630775113230047,1.67355202209087,0.842813238552192,-1.1507413065813,-1.30784675354005,0.282497062056121,2.86132442290718,1.41047917428294,-1.1006467096053,3.48573509273324,-1.78607234712108,-1.26068329502365,-0.228986621766314,-0.865764605537869,-1.4761577819706,-0.863749956667991,2.28427556953011,3.79093048936705,0.190118009155979
-2.00517061513568,0.861766731586307,-0.901425055359214,0.376755774597819,1.2568948213449,1.73582030561365,0.0173576833075696,-0.0158952919504178,-1.08797558506021,-0.756592999698402,1.64057826595419,-1.86974607565951,2.19285212937941,-0.773821553427849,0.830449756072554,-1.50327056499142,-1.932984690548,-0.892574213349145,2.49661481491256,0.622397932057038,2.01522238569476,2.03818535963989,0.0204726651067492,2.07072824446139,-2.2990567774526,-0.211233157282784,3.5040991948763,-0.407721384010124,0.352553950233739,2.31167555467016,-1.21876530194532,-1.07613404165423,0.237578237821685,-0.114837581935191,-0.104886385149435,-0.384732463836318,0.430789230166568,-1.19064094105086,-0.298230754228816,1.67304283326239,-1.83417387159198,-0.768700896103007,1.69100502519421,-1.33890043704717,-2.26435006313813,0.111989245337508,1.91981061346235,0.0133714045252314,-1.11148701864371,0.531147818085199
1.29709890434419,0.436197868307572,-1.15512406384222,2.04482963594815,0.651660966617084,-3.08978608215704,-1.9925806746937,1.37305163313952,-0.749128719012043,2.08126737758823,0.622892807129818,-1.34107610187538,0.222085566066054,0.0668289722059385,0.0283505735597251,1.08124360484053,-0.494005092512695,0.049966708966428,-0.872558940904838,-0.512767004957528,2.18037744680024,0.195502373039457,1.21106084511856,-1.78575186376612,0.178612970974493,-2.54205665054772,-0.444588911219007,1.15773502954673,-3.56502610601928,-1.48362500986983,-0.846336364415707,-0.868996231330289,0.38086734433201,0.615797440425714,0.00524375010272797,0.794990833018653,-0.773049504639412,2.4660659987157,0.588779821285578,1.6120846442349,2.62011031542508,0.045628229031467,0.529185115695565,-0.755507063779848,1.22366197071817,-0.341678304726236,-0.341918191894999,2.38962923418851,-2.08633625114241,-0.713873728721973
-1.25643325262771,1.22666896246683,-0.12693561521449,0.897968826531954,-2.19537949184472,2.489484474701,-0.224596372077323,-0.778587431653909,-2.86013653080674,0.244843414483657,-0.195040689420947,0.414727518397772,1.01664707267481,-1.24486840729323,1.04682671229416,1.10603783923694,0.645611341530681,1.86880427975305,3.0288639877991,-0.20341753348424,-1.67651571705245,-0.981533892339276,-0.292067622993135,0.522964388070073,-0.0351226614269236,-0.924537555228438,-0.452435190775787,1.1539557593582,1.16001430903759,-0.545640915965432,1.11328886766565,0.735841373266602,-0.839004251122835,-1.71652352954624,-1.6072945882144,-0.219877327902068,0.298730923878552,-1.77417196762374,-1.3051459758282,-1.83969982156274,-0.701455379716014,-0.98593047305554,2.03386771554941,-0.405372653133063,0.771371256915071,-0.443649205129202,-0.365057973608943,-0.940918271256107,0.584018473591337,1.33341415038658
1.9921996523941,-0.138514930876071,-0.930547358888367,0.207191460889102,-0.842746831530982,0.996198585075946,1.41850397940246,-2.18755476237126,-2.53623071114548,0.674243331140062,-2.47974247285029,0.888178618634813,1.41894761851708,0.869701544640113,1.71787683810596,-0.0267947935270661,-1.53638981462998,0.595887404527639,2.51538472511481,-0.0176948625894371,1.33046513876232,-0.475773099176261,1.86712113319094,0.579985728528455,-0.735628928137273,-0.216445882082494,1.32513874880744,-0.393446133936956,1.57834258019446,2.39735103954175,-2.20028509885721,0.230024168545152,0.374619335522944,-0.0331311530566613,0.191675629384139,-1.0279483321169,1.29480928787943,-1.4586636223091,0.237864295838949,1.62229515018888,-0.53980175051615,0.8260116972093,-0.284378254912982,0.183785354327401,0.57214608118315,0.0124156697943507,2.18365177463538,-1.24553166490436,0.696883250866436,1.73944187175124
-0.376985874663039,1.63497349689782,2.42935625697745,0.284899471505858,1.2919337858228,2.02441470540155,-0.188809147071852,-1.48008582076941,-2.93001652261013,0.604097892915246,1.04743487695468,1.58263697397159,1.34137541273635,-1.53378482377917,2.05596121060413,1.38770512281118,0.583103870611562,0.208354078258701,2.98326435961881,0.762648643570952,2.54299397849051,-1.11068370828005,-0.22892503379886,1.26932431338036,-0.328255597063483,-1.0468380993403,-0.351304083062522,-1.09914877551147,1.48696927188168,2.53612795009687,-0.802154814875623,-0.837081413385435,1.85085700472589,-1.87349744781269,-1.52282968500897,-1.21267724794499,0.12055994003322,0.653957428442987,-0.378066238590406,2.16765011677688,-1.80644829606834,-0.96818051958519,3.13540752875217,1.00206943076782,-3.00615705299994,-0.412253829666894,0.192511171827149,-2.09205304079804,-0.434205429752659,0.633460184558805
0.324238159816183,-0.374173758273145,-0.911782881912138,1.34088263631085,1.42827733280818,-0.379179349003494,-0.0717262966916906,-0.142648948662524,1.34054108754384,-1.51535346540318,0.70858389694914,-0.579192567981617,1.14387707805545,-0.950032277450171,-0.454205623968516,-2.83096386555285,-0.0559184275900625,-1.4397034490023,3.37924690691979,0.568571848563211,-0.862079070182217,1.4146513412384,0.74267143751539,2.31347815710111,2.15692899108356,-2.12190174763013,1.79670524904929,1.83396661177506,0.411197884012966,3.00078944746228,0.816713439719624,0.614957491712686,1.18953763059552,-0.427964759962972,1.42189736907763,-0.126538605401118,0.169349717631239,1.43771788224643,-0.59669998726192,2.04445083436566,1.13016288784187,0.969053529605323,-1.54476582099043,-0.592951418972528,-1.36894181228513,2.47918928793843,1.75000438750712,-0.920578391837052,-0.301924169411081,-0.294549775881602
-1.41370653801899,1.00305604482223,0.749958395379465,1.02604358057292,-3.05460144313727,0.963418987100874,0.902663106671711,-1.36935524062213,-2.63132011312667,-0.413295373448058,-1.61521233510668,2.84742179374958,1.10079435165216,1.00950526087004,0.51359985749027,-0.852344122368985,0.0924156935680346,-0.306995206170073,2.6204836221066,-1.66724542484331,-1.14212097905427,-0.480072172971041,1.78510620550946,-0.11367192300436,-2.17645688329668,-1.79713026733722,1.87034487745102,-0.636740458701101,1.60246248043851,0.577499401903829,-0.590577486223758,-0.547478504936529,-0.0483235592795651,-1.33073862398067,0.0658612375571575,0.262010305932319,1.10992756314292,-1.24003281204407,0.136064820719448,0.321463806875866,0.0901782746021531,0.408317394831169,-0.259112578384786,-0.616653292974138,-0.203993495267934,-0.15694488156361,0.194349683559354,0.806058637505557,-1.78757650403966,1.13053473144519
-0.0911268872198669,-1.27615893496796,1.00462083097022,-0.364014280103019,1.17462278261373,1.40601666091404,2.2662922882736,-0.538552032528378,-1.28567121361324,-2.28052118308566,-0.139366201266246,-0.148746534123366,2.27557476915588,-1.15690891170634,1.40316709138255,-0.435573793476867,1.21899776392798,1.18330398177421,0.898699365222711,0.138396505467356,2.30381562410133,0.627255020539895,0.560582550137144,-0.553883002400826,-0.882840194182122,-0.2519077291401,-0.47346848381074,-1.968383389598,0.993765351541313,3.40761075484263,1.01470890044278,-0.746922032310593,0.942324840050606,0.824952214827207,-2.34473217002512,-0.962663144338055,-0.666432605609548,-0.782815992082772,-1.01275766712832,0.973075650978242,-4.00552954756187,-1.39124681055986,1.0942430210396,-0.196784166761225,-0.749605162378324,0.311214458817242,2.18087182269315,-1.96204148825774,-1.15967547737442,2.1437333445085
0.952799372664261,-0.426644677524155,-0.994666352926113,-0.486744561665894,-2.57111130154135,-0.348093180117501,-1.48464298498338,-2.32497216043472,-2.33632825342747,-1.05675002005225,-0.58610306862615,0.97655314539219,-0.590138361819757,-0.655851790618583,2.66183926709681,-1.09581776732743,-0.109342436546085,1.42833005767755,0.626051601720499,-0.597681163718183,0.0232246292391497,-0.557284049417924,-0.988881562445716,0.646081908438921,0.903430652803607,0.270219857469133,-0.385233847866203,0.769338452227004,1.04720871890295,-0.790111693103572,1.49614655673781,1.48417133392248,-1.3279363081937,0.367003020187118,-0.115330251603025,1.86210315966461,0.693099019485299,-2.04316159808927,-0.422601414307969,-1.81589324906554,-0.831034561800948,1.04838303890723,1.28400820385532,1.9256510960165,1.04271592465268,-1.43569453333311,-0.520519221185125,-1.46548213857683,-1.11245699682303,-0.325588782925524
-0.492190096220795,-0.452210071329549,-1.4057425650488,1.15516594898727,2.81361939753221,-0.148395923344114,3.11152775582441,-1.41024863452406,2.26585372264988,-1.43312286173985,0.00596712275443881,0.219989531608626,2.27858640955023,-0.954866037561973,0.331702659354088,-0.764511372711426,0.76595746246531,-1.89162603770873,-0.0239776966888983,1.73571338036868,0.581214528615023,0.46883281574466,0.781757128218517,1.96064159155836,1.76249778065341,-0.396930668399107,0.6735485015254,-1.8028510842666,-1.5041934031243,-0.356079533236855,1.03534234499576,-0.426076265505795,0.66327861738372,-0.524709122626174,1.2343902476508,-0.805965306351632,1.59580909209996,1.27798417738786,1.07606690221456,0.979530968316681,-0.0971270079970614,0.319955669243234,0.572561321463914,-0.372664929439384,-1.6168845337486,1.99376015435699,0.951514015825257,-3.64893491647953,-0.561744183651563,1.27422537896067
0.717263118892767,0.47878852248033,1.03756868204447,0.560890061890054,-3.55271048007824,-0.0102579914898592,1.0361879023543,-0.31133218452509,-1.39662371357963,-0.418683261678262,-0.715630052233162,1.58530180701999,0.872041035499994,-2.35081873233009,2.06363794124685,0.312524064914762,1.33359656445242,0.139330394477459,0.518168726801952,0.768703323051927,-0.583505179719009,-0.606426745063531,-0.0257229375768569,1.39304086594114,-1.11701149027605,1.31890688077868,-0.614086167335099,-1.6254366223667,2.52456843834475,-1.12937688674818,0.953543119332698,-0.371036501459092,-0.595352850588948,0.459988787447595,-2.021037569167,1.13528386815114,0.328153204003543,-1.35665650631171,-0.777027620608118,-1.30381979048909,-0.453186208628377,0.108572008108375,0.844431786739568,-0.319313832867872,1.86865911475983,2.4526945004659,1.20243707622347,0.282608411390356,0.956005489418117,0.0759694645436281
-0.370790661305995,0.546693400313932,1.6613041223248,1.07840974767848,-2.92873549236413,0.0801725017599196,1.14679043625364,-1.79081946498017,-1.75898703625179,-1.51727202133928,-0.98166994121431,-0.985108521945559,-1.03264567664968,-1.12992398261331,-1.0460203741078,0.75897980395913,0.738314600874936,2.07994490243493,0.522266918481682,-2.08088257431144,0.738699285074645,0.660114042433881,0.0803418640988236,0.496779035326512,-1.0658420533396,2.38976442178071,-2.09513578983807,0.744370586647328,1.35250179820817,0.904600041074231,-1.81671222534642,0.506061613775579,-2.17501318753423,0.49838007618441,-1.8226335530383,0.271084855460823,0.949744006837519,-1.62274508012503,-1.40118473180284,-0.932427705962895,-0.612445371640506,0.613528376141707,1.03323665312437,0.709050451523652,1.59377655597365,-1.80555122576939,1.80908407111647,-1.10464375013724,-0.620594166357695,0.596690154500121
-1.26817621813314,0.461438394959236,1.02431886458024,0.691656377972562,0.113944156930433,1.56500116235875,0.165704715235261,-2.43429854878244,-1.28734757135099,0.306266475156448,-0.561003237728386,0.474735941901375,0.696988758208935,-1.15663609974383,-0.761338718021476,-1.42707084177247,-0.415797639365853,1.96127741504416,1.50499048831179,1.94090824734915,1.34268447966418,1.21839954358728,0.281270274869117,0.548972277590321,-1.80994089988354,-0.315159588030497,1.44817670868128,-0.30397601797059,2.98727841241775,2.81995864751145,-1.83007803850272,-0.123190825815814,-0.478137313450427,-1.41360816967825,-0.155802808360029,-1.36267223278439,1.25988113118542,-0.212993496577166,-0.82423638347122,1.62457837728843,-0.724160107719287,0.497555764956804,-0.358649610695157,-0.446661190416429,-2.9146973464702,0.980698182781488,0.975991377478856,-0.887728792912013,1.47690655688836,1.99950798843255
0.247415023640164,0.548288652529382,-0.735526133109673,-0.196746603038833,3.26741859909786,0.449444459873335,-0.128586078350061,-1.30019128083018,1.78350470895464,-0.860436625904959,2.8842568011813,0.851943457714066,1.36715968325208,0.202236171134319,-0.852976987689652,-1.03471883250058,-0.965662452993809,-2.8538521872506,-0.459023411318476,0.540615601289353,-2.20975199025619,-0.875301882409287,2.29441501120741,-0.533675286676264,0.418748550456973,-0.689766157315309,1.87727246543999,0.966125882099807,-0.00654651588605398,0.161918668546469,1.5007000129135,2.3921564435444,1.42742017868665,0.115692658360445,1.40966006989172,2.95601743346431,1.76346637444951,0.552949122258557,0.753964424107589,-0.0252436757129327,-2.2733610313682,0.0782097647343103,-2.30155597405091,0.917485820051731,-1.22332047193901,0.827701197972523,1.10802746991049,0.590277404577881,-0.678463793618192,1.1590183326317
-0.226639960333503,-1.10701506405801,0.53516557484643,0.33931807447039,-1.26126489998877,1.48642659904601,1.43152912276188,-2.25136386171657,-3.15322257484836,0.216453158025663,-1.13651407294714,1.41631606990322,0.55591341486219,-2.70786258495598,0.761422803797474,-0.150169573313174,-0.640357622053525,0.0240125865287225,1.28293754233142,-0.795743432326573,0.541870679804576,-1.07752505716799,2.20981050122207,2.11956248145496,-0.365091833996649,-0.132221927223217,-0.723217696974848,1.19568931358547,2.00031664130466,-0.197191056949643,-0.411200994482682,1.09791830925559,0.115927358250048,-0.0119865710688927,2.16689747621473,-0.899118975709797,0.0284468948123877,-0.790268184562581,-1.10576612818715,-0.942484073869581,-0.278697792127806,-0.0742348082142316,4.03368436343085,-0.810851270305931,-0.720792391938093,1.02675363354169,0.364853351128126,-0.748799665042869,1.46306528337558,1.7922606590145
-1.56667906626295,-0.152929801666881,0.239266544133444,-1.39508915328854,-0.748345418771902,1.11741093836156,1.15019925738274,1.31303239000827,-0.732117787007541,1.37135086203327,1.58732635467018,1.34284250170843,-0.135884681435056,1.72606684797578,-2.34465036485186,1.18079085203077,0.836238869736752,-2.31250254716005,-1.21087291568731,1.68760023021379,0.153750949923073,1.09807851477077,-2.04449239485059,-0.362791945124888,-1.07054652747737,0.574725687712202,0.650926502912934,1.05467231784519,-3.13368608537149,-0.287106500789614,-0.289743764107218,0.188027688953266,0.366702630463803,0.476150509218992,-0.526952761804818,-0.497530334457689,-2.71924041115593,1.20089030031483,-0.125372757737177,-1.98616528792392,2.10802134207073,-1.41566984027175,-0.295965599855963,0.670856704526698,0.63440531483356,0.300837663234641,-0.737620528846629,-0.941449608520936,3.63298927578637,-1.71924172773051
-1.1478247470364,1.31035431545629,1.64811039596662,-1.60139186305934,-0.74802547678664,0.322564141216096,0.999293673868237,2.41205691939693,-0.0118881726845746,-0.496457085915421,-0.00631521442002406,0.37660670350907,-0.777538837037931,-0.171757594652032,-2.41741836817321,-2.68184227778432,1.02763729286934,-1.01448865846494,-2.3872893891809,2.69772378302525,-1.73455943455475,0.689673083603355,-1.33383641059587,-1.6979441659665,-0.971869483006057,1.48205857026829,-1.12268327472048,0.0170145972489345,-0.333815134530578,-1.4195410067631,-0.21868303235232,0.503100048017463,-0.259962088967643,1.3995522073043,-1.29098995521023,-1.13358881640139,-0.448154353058354,2.47426645155447,-0.657013558041149,-2.02191896273294,1.18903109572216,-1.24134952747752,-2.69404347615123,1.04322566605575,0.0573798748962074,0.580643613509323,0.127687559261084,1.52711030399368,2.8088339981414,-1.24933266403106
-0.268230124053456,-0.507034103178519,-0.112212622463949,-0.669248578351022,-2.29314048636358,-1.23595792153405,0.719585287234775,-1.16780753088186,-2.32627264747138,-0.725287250375255,0.163757621433568,0.615999116200607,1.93981204661915,-0.613005122198607,1.24547099378714,-0.00108371248267036,0.302934550071041,1.46090230973608,0.943680984852503,-1.59417498235517,0.807284635688971,-1.99763739093191,1.15936410660253,0.877319384916831,-0.681107759820167,1.35305187635773,-1.25069694912924,0.132862553416925,1.80112763347851,0.178596278522472,-1.28348436396507,0.00426618990354545,-1.73908294044921,1.68879291269067,-0.877359597975624,1.19159549346455,1.71405204108854,-3.07220728198559,-2.01540656055505,-3.30073508904962,-0.315717859012294,0.509310039848705,1.29384036604816,-1.19368682695312,0.424799623528955,-0.325772963430267,0.158334190609348,-2.11954571820125,0.201381177304703,0.366613157167954
1.05953182164545,-1.53352340384239,0.71315464266133,-0.649195164263624,-3.12616420697565,-0.507789846620481,-1.67310298481734,0.628418973028088,-2.59100380411072,-0.936139122247814,0.0244662714064459,3.2595674979348,-1.83513246363477,-2.4011461576774,2.54907979807277,-0.398576758645494,1.66807366218463,-0.0744554278443119,4.06854214654243,-0.787855399780339,0.877628673255596,0.870878520391275,-0.977505981106848,2.06268732082033,0.765597224219392,-0.630621051097717,-0.654374430163002,0.179960985252714,2.21481312582735,-1.09120613304892,-0.232506472008892,-1.55656203892053,-1.66228008971445,1.0365677851363,-1.96545905582829,1.23934479792864,1.09122819110129,-3.2345179149934,0.484143324295394,-2.26916252253504,-0.680545797737732,0.777122908176637,0.455978905218951,0.311517243756413,1.85772360665753,-0.293125932774172,-1.14265199325692,0.201093478324824,-1.426267270668,0.199060800303691
1.6450642437604,0.425177455782085,-1.81043732393337,0.641054196234831,-0.310382459903535,-2.03677955984702,-1.66682642267469,2.07536590161935,2.19397041235355,-0.363501591730616,-1.4018186173295,-2.2649649814689,-0.673741469223129,2.34786922651519,0.880029785503443,2.06598108183152,-1.28074165672121,-1.0398217287501,-2.73892607000239,-1.10860685837905,1.95334419708079,-0.934398674852126,-0.180386729392463,-1.43139745214863,1.52798407007476,-1.00964821314961,-0.267213730109955,0.673118966457149,-2.55228262877986,-1.44364440714619,-0.0332155820141602,-0.174568955118723,0.340784829224911,-0.866220422267287,0.277030069185616,-1.22312709458325,-1.66073564431659,1.13633314029283,-0.181911461935072,1.88267702354895,0.682011586974363,0.182138304872486,-1.59724221488113,1.67506361589001,2.38545076670178,-1.50083847573477,0.00333415051084946,0.731178811605837,-0.127584652323119,-0.544103591177267
-2.32362746529405,0.223988373366257,0.600746931193607,-0.135649658773407,0.33647666710262,-1.78702707797709,-0.684786740565928,1.36533236195559,2.60052465300758,0.53880774537953,-1.09499889550629,-0.314933960772046,0.271584884869065,-0.0575801762038556,-0.736204121802413,-0.995684867557032,0.805339331925853,1.69391610731971,-1.00139077817605,-0.446036673803083,0.217632807761865,-1.10682970009825,-2.1726882822014,-0.926917690246846,-0.26087527966483,2.49353628297264,-1.13564154922044,0.214201475539531,1.5878297215034,-1.63970159345673,-2.16686982143426,0.262833812108233,-0.448856605333375,1.54185060836227,-1.54130473215405,0.484498367506129,-0.483872139204424,-0.422393335377672,-2.03429174808767,-2.6673016382201,0.439781947801664,0.22175661860529,-2.64349260524981,0.830903060329671,1.73922546389623,0.549129522149924,-0.111411897773977,1.96841657571645,2.78677715461939,-0.465207668072737
-0.951288687920836,0.201117079850747,-0.505844840794683,-0.372925250366462,-1.91211989326522,-3.33796093796232,1.60713428698818,-0.608102542440573,-1.06187866620605,-0.329958625055521,-0.330118376809621,3.27933580535406,1.67667763128622,-0.12129529098508,-0.307160670949145,-0.334938061843823,0.237255953899856,3.03049829020202,0.0661584474505992,0.0646740116969703,-2.09406217223383,0.127147170302299,-0.0590560686280801,0.138963010047874,0.208260671749435,2.3138823000958,-0.998653647547338,-1.40684627974962,2.63815604341843,0.2709834118623,0.174730981329068,-0.307460641449904,-2.90657041800678,0.747794527083372,-0.515920829927611,2.53353787177336,-1.13099383176305,-2.55555451676109,-0.619507756732382,-3.31364314500781,-1.07509659325605,1.13105844213235,0.234137440218321,-1.44893572912729,-0.199422203975955,-0.301629430254303,1.3007938478868,0.600620983312466,0.808798912388445,0.454003060200398
0.572722642388839,0.515073688106539,1.96330766498813,-1.17033566377169,1.34853708150459,-0.407111047898025,1.31829691378157,0.939129009465143,0.981650404247928,0.901549046715743,0.445909463524663,-0.255488178367496,-1.12445879198006,2.63922997514371,0.906545806597909,0.360538880647841,-0.671929039261046,-1.62115186235841,-3.21447223327055,1.62092396754933,-0.931485036751536,1.65461912996319,0.354083338665322,-1.68778986691446,0.558894583043724,1.03464004364455,-0.591452890378585,0.0563896306995811,-0.322450310801277,0.177598241410012,1.78822591661589,-0.416670083950084,-1.6133303566671,-0.200462710099568,-0.451691293723587,0.243659950848555,0.422872168929929,1.03537132893604,-0.655235890815245,-2.7098319789483,1.23307841891392,-1.274971002597,0.54030380158605,-0.1194052163842,0.197932197663741,0.794839828688553,-0.295232701172149,-0.0110409870252328,2.47702106934184,-1.21557543052367
-2.73227044926272,1.05647485359228,1.2560576173639,-0.349485604647419,-0.20786345901499,1.35928353983879,-0.185827385264952,3.3729268876844,1.77199875430633,1.77431088301594,-1.04578171935615,-0.211619718326365,-2.64859215384605,0.719360397439229,-1.16804166322307,0.364960487577569,-0.00533161984836557,-3.84750647113119,-0.163513412914025,-0.253217223309222,-2.74952391827493,-0.418664176901726,-2.71461456844076,-2.8340821189019,-1.06087464757409,1.72712529620319,-0.279687370783419,0.490367120065632,-1.48521976957925,-1.53099802880958,1.61744456664302,-0.87747744407094,2.40025501876661,1.40409933805799,1.43347008438487,-0.525503744085447,-2.15036972395027,-0.622184657902344,-0.521381120202102,-1.05686193547675,2.93286998974939,-1.57633263139797,-1.92014420290889,0.0828552860356125,-0.928761567001104,0.547503540641508,0.999698585949603,2.14195090821459,3.20512767613843,-1.90517451960158
0.321242801078596,-0.415430563162982,0.743947173583853,0.592422792536665,1.40935198024452,0.663031489649368,0.426119097643425,-1.16198994829509,-0.539008538573828,0.45256755041411,0.292580673169267,-0.295402089022333,-0.0211033805693231,-1.13220189568728,2.10512565230841,-2.11072387375052,1.26339409967375,-1.06814669456175,1.34994903575244,-0.0493558857466845,1.6631067972914,0.967924529863368,0.965684123877504,0.479838434286057,-1.19311441822271,-0.237257055077377,2.33256279817976,0.123009770131418,-0.0765869644151029,1.608479496695,0.296387355808067,0.192325773737517,-0.239088011921157,-0.965260471739501,0.976195583193176,-2.22330646253218,0.505765886998582,-0.604326639552619,-0.733791426546052,-0.589205128733038,-1.82743938308901,1.48920169023311,1.91555129796718,2.18611743601138,-3.33504085902992,0.523888705668748,2.62461447455155,0.212022459052626,0.197008333915642,1.65209085694949
0.010554901780874,-0.476454901421891,1.57741952339558,0.511635470004932,-0.405671595023203,-0.0563786664913024,-0.415524515147307,2.20496715974471,2.09250323495519,0.927212678125891,0.549566260595963,1.15911426871361,-1.14433131398979,1.46853986060385,-1.89079806306442,-0.592296685526305,-1.08515239347682,-0.950060958663317,-0.573923348280925,1.54761738946088,-2.95644988396784,0.824335397731589,-1.14084790435915,-3.10804115365517,-0.819387262500683,2.3443824158999,1.14398380957875,-0.163297165815209,-0.0540566662076324,-2.23353310261283,1.2193490007245,-1.70900379836758,1.9157069748019,-0.687981668981242,-0.408668431266207,-2.08176733565701,-2.32626048379538,1.20590577569181,1.17835900375996,-1.08837840392627,1.66242905690702,-1.86086571232963,0.70703012341905,-1.61913241446354,-1.63091346034231,-1.2083972096754,0.588938717427768,-0.640877288294759,2.26597614501952,-1.17468906180499
1.05761967963952,-0.800720288534618,1.32876577285448,-0.666331868202212,-1.9746495009218,1.0445539082407,1.43070521381652,-1.79778696177855,-1.35014229835831,0.18184745080183,0.0361423470145208,2.04616026817037,1.42041467368991,0.125760091398305,-0.780384160338822,0.167229966443535,-0.594313449109665,2.67849902108887,0.204908173149831,0.0485322739952097,0.0765192649170163,-0.583234208194693,0.663630966216039,2.44806810385018,-1.03568157022129,-0.927152655853017,1.35471213061824,-2.12621141872669,2.31902963265565,1.48623143145818,0.358755360105922,0.142773804952282,0.796939097557536,0.297450861086913,-1.39277267843204,-1.25143741900155,-0.460180004091685,-1.4354310701733,-0.996335741953387,0.377141870185899,-1.70749623558178,-0.895549101133141,1.08670503049273,0.2640585224555,-0.120784607859588,0.0878773500013134,-0.0552232952169936,-0.350797441591144,-0.592727982052258,1.34101211864615
0.083382768659552,-1.06777635064837,-1.69953843256513,-0.739796026261957,2.21592389648211,-0.727803561247405,-0.605071176597907,-2.08115215140589,3.06845608676836,-0.428825769788069,0.841049002495407,-1.75363158228746,0.353510598893744,2.40291405448031,0.343806844783767,1.38766940853074,-0.305208927997543,-1.00986117708196,1.1386744061731,0.46441572930623,-1.58866673463009,-0.646287813536412,0.646568741949013,0.517660685834181,1.06269066327368,-1.64245050980759,0.136333306531631,-0.0336950859930844,-2.05088783683893,-1.03189394454024,0.853604317850951,1.16979257454219,1.05766040662235,-0.363476579734095,2.75336174315291,0.772814850904826,1.78561289624868,2.5748280774102,0.909771721537115,1.51260818440295,-0.453498700088309,0.270918096134655,-1.3979189621993,-0.0861904034953565,0.970948353448813,-0.17530241629741,0.228251635658267,-0.958485164580626,0.0362837224202459,-1.18796589370089
0.365399351935733,-0.861445898194888,2.09635628999155,-0.304047074604012,-2.75985209770546,0.813478871784094,1.11439476037618,-1.33704851497563,-1.43632114033027,1.73874288696997,-1.27670713630515,0.916261437644268,-0.215819112788988,-0.989185181382969,2.41872032386118,1.69962327929123,-1.27243397536154,2.17122589825848,1.43694700339238,-2.27667871069794,0.694209268636701,-3.9407328320814,0.212667170146616,0.128772778820437,0.282807924176785,1.04098273693733,-0.400112106471928,0.576513404947808,0.36282872810953,-1.36351400398591,-0.173094818200641,-0.794587639618013,-1.64577335927802,0.136872434095854,0.909430410281488,1.55276006705396,1.78016898263632,-0.662149666635262,-1.36482212050393,-1.92132706698554,-0.488480071955953,-1.91375854347336,1.33242808349895,-0.300293698507015,2.27696070692789,-0.982983933113724,-1.49540352733496,-0.74947078009742,-0.901303890661416,1.31446468281175
