"V1","V2","V3","V4","V5","V6","V7","V8","V9","V10","V11","V12","V13","V14","V15","V16","V17","V18","V19","V20","V21","V22","V23","V24","V25","V26","V27","V28","V29","V30","V31","V32","V33","V34","V35","V36","V37","V38","V39","V40","V41","V42","V43","V44","V45","V46","V47","V48","V49","V50"
3.40469600958113,-0.0279905618735776,-4.13733876302941,-3.25854411798753,0.44572085044532,-1.04895042766113,0.237014233155315,-0.913282611458443,-0.348255524932385,-1.37409773005022,-1.07126364279542,0.4139038199449,1.60507126451389,-1.84383874799472,0.936519804992344,-3.03890393410364,0.868237834892488,-0.0517962562834698,-0.015385056716284,0.705772517996078,-0.998290532516904,-0.793345855979482,0.262625713248204,2.06221946676578,-0.252505188139308,1.12126369513576,-1.08111665181969,1.41507018338228,-1.83270442584624,1.80385232382207,-1.33433472963876,-2.33786749508262,-2.01448527100256,1.81933151070993,1.43370945875784,1.48626544321089,0.106416254368414,-0.321907515331674,2.77946144109845,-0.473883790142976,0.469501986172698,-1.79672014227888,-0.667672581813103,1.00538932272725,1.10112084975614,-0.262354169832716,2.07776370514972,1.24048189757751,2.44145547461396,1.55920664075445
0.556404512666345,-0.279253575324395,2.28735605682672,-1.36214447764841,0.633449313670341,0.67263840116596,-0.13185679408365,1.24326863353469,1.32583697901648,0.272641193550358,0.604918847666398,-0.145876117990566,-0.908653419453632,-1.75320063464799,0.0836306929791945,-1.71883507308742,1.69362440797038,-0.0854051172960421,1.51257276231077,0.440893964804747,-1.13824871643546,0.900349264677187,-1.57622851295567,1.3736709111351,-0.331391701429721,-0.85069414692971,1.44356348751193,-1.29681300393245,0.682421751035639,-0.286769756617139,-1.58801505025325,1.33049082435784,-0.280260838302535,0.68289680255877,-0.825044272075709,-1.4130575711942,-0.469043460752832,0.039203314066379,-0.732919281645972,2.48836509118002,-0.415417645418424,-2.24349362916794,-0.694049372727114,-1.38512382751922,-1.34116361845922,0.135462556280061,1.27863032598087,0.839068480237955,0.464973924111798,-0.305568163827964
1.08962130683421,0.0607355719747646,-2.17125001625302,0.241139004686103,-0.152377900362474,-3.32669954111751,1.46075212157172,-1.47946709712778,1.72303148742711,-1.29178741651551,0.5090693961418,1.33180136621056,0.721897014788725,0.923724295851793,1.35900907301646,-2.08207901177195,-2.44342556124514,0.696361423489649,-2.93976506935322,-1.98336420162783,1.86723513300574,0.0970061693283538,1.00125764772339,0.0886829085154326,-1.02915321438158,-0.886847436783403,-0.762318243047314,-2.48101963662233,-0.681914680305048,0.212495025239985,2.11998837050556,-0.170822158969086,-1.6136231912362,-4.42160174000641,0.160566617626915,-0.657790037963264,0.558196424440202,0.576096584507923,-0.520888560918933,2.64851191051145,2.03402400302065,1.01014434690632,1.27484277131797,2.29400550398417,-1.15403867008304,1.63677327520721,0.621637620107133,0.474445324049722,0.599721021835007,0.720429137029111
0.354769508158364,-0.141042175567081,-2.40126573543062,0.0624619583948629,0.696862421725591,0.44766009697849,0.329218756867995,1.28069174684022,1.80608648223423,0.853546414160477,2.31699145593312,-0.326593141589217,1.63488032637758,-1.83583786365647,1.82405569172876,0.0706757265654939,-1.37818427377749,1.11572134586933,-1.58078700175642,2.54741680461492,-0.0297761491537166,-0.410185363289744,0.999901425393092,2.36638802418691,2.690701804794,-3.33079196880673,-0.0738237565637031,2.05037407996173,0.440752580593758,-2.24833802270104,-0.19170780575203,-0.177826192434965,-0.945911040378379,0.686489833664102,3.04969967370923,0.24023158674755,-1.75744441395249,-1.4995873380983,-0.294804010512497,-1.49547283118539,1.77683685618686,-1.49280479363822,0.662185069396476,0.177076102240745,2.41156178250205,0.380676346605137,-0.5290106676127,0.30316359003674,0.80129556457754,0.190582788275662
-2.39030009692546,0.057197931399558,-1.24398364727036,-0.213281572295517,0.273997589276817,0.522452766303557,-0.518871192433203,-0.733992762564058,0.573949500749021,0.707943882962563,0.380731513754405,0.952320507966539,2.08238882439511,2.12846447224064,-0.64342929681468,-1.76016067354101,-1.50333558982526,0.351104370443703,-0.199376572786938,0.755945522595726,-1.08932687226138,0.257965818991618,-0.436102652300377,1.23829909888986,-0.0937420351273685,-3.02417064182254,0.294071095504191,1.89081855523029,-1.57095429141212,-1.53197315874473,0.469309611247352,1.06263398080965,0.36133452889301,-0.013090287119956,2.32379249041432,2.18617223457811,-2.3687405741866,-1.58539866671307,-0.864988170494287,-1.04428826837441,1.98272381059107,-0.343589965941452,-1.0974906878072,0.971250329748478,-0.786520203691751,1.37179418317944,-1.13836367890568,-0.284365175540002,0.843456219755575,0.446108467596503
1.17094150393638,1.59445713445453,0.717721644507015,-0.687397658247433,0.77482889768821,2.36569708332744,-1.59143374010497,0.437678028025716,-0.300250455526965,0.741147983889682,0.458522942687264,0.245134812021274,-0.387024918455626,2.50046392805069,-0.853239116459373,-1.74309727784233,0.356879361415622,-1.42466502901135,0.973085186656844,-0.621609409488209,-1.86216967355872,0.583633828708855,1.05514096853491,-0.477150384221731,2.67336412405331,-2.07399860043505,-0.538622963163033,2.17448111801211,-0.569169247116807,0.63689126819988,-0.97805536028068,-0.910983235625575,-0.848919072317257,1.06233107632495,1.9102833818759,1.36360033014389,-1.57290491519627,-1.40361331196291,1.71492964954928,-2.21562052773351,1.22927565318293,-0.181888042700904,-3.44673229648485,0.727063891060043,-1.57726025269237,1.2826411761934,-1.64226679723231,-1.99313638023811,0.513981416238382,0.0460732396545456
-2.41767709098047,-0.886334324514085,1.77017008471997,0.848858677029864,0.390657198801823,0.024644389394442,-1.27621792675122,1.48063716306095,-0.653489352904129,0.979423936993544,0.119959659906096,-0.313793021353406,-0.612036410449751,2.09502763727888,-0.0566397893076304,-1.94479004789563,0.9011047784137,0.270564201724556,2.01474747079106,0.0356689799925599,-1.96135864865046,2.77487790323682,0.979413073140226,-0.412386926315805,-0.136464823820771,-0.732624087010947,0.872813628278323,0.381271112739163,0.160963232169495,-1.40425274915124,-1.78414199068199,0.701980459787212,-0.249310468599123,3.09064143600067,-0.887321421198361,-1.31825245156038,1.24615426742048,1.54154298883979,-0.607080022674693,0.285684792541235,-0.518004201685365,1.30178974873552,-2.67260562394877,1.72483803201394,-3.12160902801216,0.304225044831323,-3.40338845235009,-0.14712468142725,0.268006600693651,0.388883141084249
0.32459721912996,-1.24300338061873,0.71264376101137,0.462360573700665,0.844398445962234,-1.43262033425924,-0.916126250177314,-1.69408665488567,-2.74262288320346,-0.350399825518558,0.567040053767979,-0.401190573761888,-0.579031915600328,-1.25923921926183,-0.556121128763868,1.73913154982769,2.62734298930094,-1.01178211920087,-0.553176921015613,-0.928002929771312,0.891812468031615,-1.8401975896004,0.431579834126843,0.370487614627388,0.261938041372662,-0.143338403774999,0.984948567395796,-0.372021367183392,1.12511762225219,-2.03950434244093,0.071466173047738,-0.0627085038706805,-0.0658259367832738,1.30921889981784,-0.699190251615595,0.669150869185294,1.07267180435608,-0.729248399970543,0.568727741619693,0.603764217668273,-0.847566368323038,-0.0762077466502473,0.673050582735301,-2.48742379185366,-1.99011013739205,-0.226440045821142,1.19859206698403,1.27249968732923,0.137143846634332,-1.64150651501787
-0.255270354806582,0.318265757749454,0.397725130938913,-0.0062837588989115,-0.111273629385983,1.09027746397731,-0.893517185164613,0.154338825539249,1.69668998667206,1.12345739088175,-0.765801978474552,-0.177606645915453,1.21232694322727,-0.627744585999994,2.45813942778842,0.567972287122738,-0.306357016589892,-0.193645305855761,-0.401517568488394,-1.73995864261606,0.974491776569485,-3.29373030806801,-2.52743411927397,-0.282142122509572,-1.79993350857313,0.661054441454399,1.63069636478545,-1.60442894111537,-0.424771612506169,1.5622982739218,1.50681010077933,0.386376029381344,-1.07524010443982,-3.62436262271583,0.488673506553406,-1.22921942953184,-0.370441474746033,-1.25497180686094,-0.664394042880201,0.746030304205075,-0.630529266057104,0.449179926027588,1.50134529164543,1.13968289992321,2.91599412420953,1.12040387047578,1.72726567836709,0.366464118400835,-2.1842871467586,0.137155980442258
-2.17729687079117,1.00075542778921,-0.925391899918088,-0.714952944377519,0.0822318162980816,0.258527262057411,-1.28741582394669,-0.0185329091966123,0.619930111122632,-0.802275110567621,-2.73009483940245,0.230029278039983,-0.317367723568082,0.972779049051216,-2.90082242386207,-0.104018170741394,1.79345027248151,-2.36824119742713,2.22882265570977,-1.22186385958355,-0.415421270941174,3.18245191815261,1.56864706570584,-0.595184617775451,2.81657096377655,-1.06588341021273,0.334156450321981,0.847915461712959,-0.688342081682309,0.182313024862118,-0.098572067737373,0.942233573109861,1.20758459466398,2.92586359856768,-0.393830616031897,-1.47562672006457,0.665669172949376,1.23357277327358,-1.49107605893537,-2.48572872684763,-0.0480892254263204,-0.313319262454145,-2.69123835869886,1.34833653329327,-3.6342354221753,-0.381682548461982,-1.10457416934341,-2.47340584209659,-0.274693293682778,0.318501627122317
-0.252005104242358,-1.59237101799854,0.980499953356625,1.01814703024626,-0.0141637506135926,-1.16421615425291,-0.534484219626908,0.133696489863238,-1.1284888475802,0.00347314183901148,-0.319278407885221,0.99954909313418,-2.1918267490805,0.193654031487133,-1.42679735519976,-1.06821627424253,0.0678964828320642,0.932782852557699,1.34121960488708,-1.58384975096968,0.920562963067629,1.84992926281579,-0.421286929974669,2.2179583457619,-0.0499053857082296,0.993515648305765,-0.527402994748375,0.718010103690826,1.78615200268125,1.52019224273215,-3.60223497538593,-2.32853697874833,1.06276127829552,1.9475638113112,-0.616052380696504,1.45951486259354,1.08066414854053,0.426228987516131,-0.155651734615995,1.94348277455092,0.0888751301318969,0.714435597954502,-1.45609222494489,0.30790774455299,-3.28239334629182,0.688131916345895,-2.28435183343624,-1.01101015172876,-1.39782420803258,-0.722671070093786
-1.66468127057946,-0.861819599853138,0.55639210897416,-0.449036340103864,1.19409501636047,0.76056420519134,-1.2755594597587,-2.30713796765265,-0.61692092209475,1.079953262875,-0.00278464444420202,1.85074381747399,-1.41476722193486,-1.75258467733148,-1.35155501089448,2.00515768367651,1.57374819821684,1.60320112737735,0.321406111273309,0.15673352542012,-1.12436831901372,0.22519091218469,-1.28274061802356,0.543133902839172,-0.953730339064129,1.2282885262823,0.602665004788016,-2.36103477471221,-0.191930082326188,-0.867193932937058,-1.55161850346685,-0.984251381569065,0.125954647929444,0.738200402838458,-1.56299123882947,0.0751777791198203,0.863836641014045,1.28121823185569,-2.3224087652684,0.339704483674412,-1.65678443854318,-0.405990280506028,0.115759746396837,0.221197936533244,-3.49817930173927,-0.01675549518682,0.283459524869662,-0.133854193283921,1.14196453356044,-0.653628178970155
0.157484863991895,1.49837487730302,-1.69513712079079,1.45367569954346,-0.71061181805744,-1.67612789150902,1.3374170312055,-1.53267871877419,1.40867968841393,-0.658946635005387,-0.0553189425579651,1.3652072634667,-0.251013437410154,0.461707405850561,3.60546746358943,-0.20195079167725,-1.23634227576069,0.171428841132729,-1.69585137747839,1.59447922011507,2.04655238244983,0.294138587394451,-0.353515054452375,-0.34734933454483,-2.99414375740945,0.904905173885592,-0.434010539591751,-1.83647644619564,0.126126342892226,1.36033168263623,1.73928847557118,-0.515623491261114,-0.310958351235276,-3.68057849038903,-0.904977507301724,1.04762710864863,-0.697816457321092,-0.62650046317883,1.03461396170721,0.618443936858524,2.26204926304528,-0.907567048265882,1.95379176465608,0.898499486982561,2.05545291937369,2.37937322271155,2.8377293444292,2.04105434550926,-0.950154446867546,0.174095747453351
-1.47072589870497,-1.14410981352247,-0.274972678755048,1.05417277281195,1.3461222682626,0.934080433074434,-1.3120270072313,1.48792643942117,-2.46151647694237,0.0824950154192031,-0.413274925280207,0.0911816215384985,0.0431421482846187,-0.340247499271326,1.86448294300773,1.00819267107004,2.10838009706819,0.0125793854791891,-0.677540197316117,-0.493508355732356,2.42716956704209,-0.0877408562147537,-0.826397022426046,1.81095949344534,-1.24092545346552,0.421682873635871,-0.130283260467413,-2.56048534261239,0.947150511840674,0.864538246137383,0.194358979417601,0.277395549751297,-1.0085325957624,0.52762531775712,-0.597268157324633,-0.332461192128889,0.136981145102729,0.554349935875331,0.77320812755397,-0.597223732022073,-2.45643501256171,-1.5889483952277,2.10619246453535,-2.41578174574704,-0.502051761205066,-1.39357852776579,1.27840177132596,1.18360773893559,0.333930794883833,-0.28842950684763
0.212485992159049,0.662908240597921,-1.20454953955685,-0.563274177853056,-3.37280029738725,-1.32984713430825,0.901759894095632,-0.799194188343074,0.0915595650645724,-0.912891307833939,1.3208573326214,1.10928168083966,-0.903914380224345,0.581673991562697,1.01242024417621,-2.7149611092906,-0.95504654141443,0.551333900098215,-1.66303279500874,-1.7146863181008,2.72516519820707,-0.714646547512257,-0.0526012428701706,-0.621472285047766,-1.04813301442474,3.25516710235753,-0.360491032517589,-2.48634685298085,-0.899100059119763,-0.0293362410715462,2.81659377272795,0.13266098667964,-2.4824878250412,-3.50998921456719,-1.3708533580252,0.566674701605439,0.078964563763013,0.26883861478583,-0.197531015598415,0.920054665572482,1.07607398643204,0.480679607745069,2.04941000715927,2.61324991986548,0.727052328799142,0.323872408224678,2.35462435983411,-0.193891227178047,-0.146720828342684,0.544566808133003
0.909411590111894,-0.315422060663092,-0.0778995603886938,-0.725419403989031,-1.22189720216799,-1.43835921356941,2.55185085269848,-1.25868802020255,1.30635371585896,0.935795072019929,-1.50630188788122,2.65926910181222,-0.177624385123829,0.286071215099308,0.816417526697242,0.613893124626119,-3.04510090461071,1.7756441961855,-1.45600954120713,-1.08969662642288,3.53143145893641,1.09314007060449,1.94672898093239,0.00940229576068802,-1.50609082395658,-0.509655684628309,-0.933025723905602,-2.48450006164218,-0.693428374901686,-0.410927874628499,2.80585015251415,-0.617306917520304,-2.39971223260619,-1.29927779335287,1.21902444696976,0.597369431155144,-1.5404494969578,0.664021583990633,-0.670603580206399,0.905112076292837,2.23135725529028,1.37561323566268,1.76966612553371,2.31786420784439,2.30803604840339,1.80129969133734,0.916509932616115,0.554433753258013,-0.69792651251004,-0.381576374816658
0.518041149961125,-0.42668662525434,-1.30798223141585,-2.11691490482905,2.0495176957132,-1.27772482903288,0.99585658890429,-0.182872743353991,0.678302085377831,0.244384344080165,-1.16533726494424,0.566224921622558,2.45295382931917,1.43172057788707,0.114227464862157,1.19088649959254,0.331019653256804,-0.177931891262832,-1.49610056687807,0.47628360768782,-0.459607607312637,-0.891920312631239,-0.835981425640624,0.833385943418691,0.0196387448080768,0.522984585852927,-1.85834693048761,1.16469578823229,-0.808368370511095,-0.300693115971535,-0.504605934120223,-2.63797130952381,-1.13013313455947,0.92127579872559,2.22303478648621,0.712602930516666,0.343880373898827,-0.781878714788693,2.65425027560891,-0.0163057597777924,-0.0014504572902226,-0.445108871743112,2.78836419676977,1.34152202076451,1.54456397567096,-0.988413594530709,-0.0102434340438438,0.443834296900187,-0.0813890146774533,-2.19335534525999
-0.955720846480221,-0.198603403324054,0.374615869918778,-0.076862326674405,1.23300613411032,1.1698599636543,-0.72135106741528,-1.07995459967131,-1.19356887863531,-0.228130352065048,-0.660035554430657,-0.0750688066554954,-0.830466868641505,-1.27935667071899,-1.32048128927472,-0.342998560548036,0.82354330789986,-1.15723413094924,1.98930493472108,-1.7945343866908,0.40932848612037,2.26431305087458,0.100856065295604,-0.340199079659016,-0.0778364832177867,1.41175503754469,0.410345366690779,-1.21382681315628,1.84726179547431,-1.20642529848284,-0.238251616520422,-0.700510531605654,-1.77938536611623,1.49978650443265,-1.43369112868879,0.488203549911849,1.81503835281459,0.401706061870778,-1.85175518575805,0.620158215500297,-0.212549933757881,0.600615012315915,-1.07229492383989,-0.806080674969344,-2.66370260431001,-1.53199280474094,-0.292028029270716,-0.937802466369937,-0.574986732474444,-0.68083824866294
1.03577691619465,0.751184138062627,1.87717593101088,-0.156629148084202,-0.266348248016887,-1.04969893613595,-1.03919150851611,-0.62823443843602,-1.52357445590449,1.53885707017309,1.31018972263819,0.658040430609004,-0.424790085551958,0.854109291490169,-0.201496260465518,-0.248914980845754,0.148570011014751,-2.57997150475588,2.20855166914829,-1.43265405982484,-0.505625172932362,1.73362946119089,-0.593184466939263,-0.514548085394156,0.350278672029833,-0.958413233979158,2.04546820317452,0.647838974337823,-0.760702340726659,-0.970713402614544,-2.07575733086898,0.865080807630463,-0.448985016609411,0.612721798169819,0.0265713170655623,1.4363238823499,0.0833746469312158,1.97558590765198,-0.592733606182203,1.30865554305586,-0.694398590606159,-0.209129188902687,-0.589393049821034,0.581773650390658,-2.11690527884059,-1.28619893029405,-0.998978349024845,0.690278251084341,0.343102014312068,1.6546943447023
0.830068659633396,0.838879094966374,1.57126641671706,0.101204166601838,-0.407545339654081,0.611188701195243,-0.462180909024581,-0.0661304095535827,-3.17464068955087,0.542261242179381,-0.699882170366176,0.0726051435850689,-2.08843234786452,-1.64227273100607,0.383723190263612,-0.998436663650377,1.23814384753185,-0.161817213573562,1.87846365100579,-0.633692385805676,0.528823417477625,0.950447441607247,-1.04172965633858,0.957637651229815,-0.239621518703019,1.08945874936663,-0.645067297660348,-0.405219366554802,-0.363221318219107,-1.5286632874783,-0.18387435387223,-0.741337087123272,1.73788640716875,0.444967710300454,0.137355622929644,0.416239236186463,-0.107627290797086,0.699255746012743,-0.467862041330966,2.11597917265817,-2.73911085452827,-1.65406060560066,-0.257072008658468,-2.07634895630223,-3.45122611745234,0.738639278494167,-1.02293650059339,0.423641556919501,-0.268225948232281,-0.441795117441016
-1.50725610566856,0.291284901940491,-1.78626591909277,-2.35984039611086,3.38489440194462,-0.00343599433257697,1.65834793847865,0.0658446713783817,2.81175335729244,0.148036248595642,0.687837593525771,-0.85561423908221,0.938546438135117,1.15585060794222,-0.222292155998423,0.595168108051056,0.101960484430264,-0.324614980167519,-1.0102061711004,0.16179343957271,-0.688974744805589,-1.52198333363619,0.79120772685031,1.51994642015574,1.10682295686713,-2.17074900023704,-1.37973446249207,1.50845014198536,-1.70982537874948,0.589422180374403,-0.0471174505880762,-0.488707322025072,-0.190153430068025,-0.01456064073872,0.171674581770143,0.97581834913272,0.985149198766613,-2.91552930221635,1.00580618444305,-2.19853577254267,1.23726385953506,0.723893399964203,-1.16546770029713,0.863152185670348,2.37498840552821,0.714813967779745,0.365881859033123,0.0803776719731754,1.3509055112035,-0.486439381269664
2.1809501921091,-1.0906897801431,-3.34848358665471,-1.82035469418275,3.88090817776127,-1.52373641688212,-0.555104079233893,0.0187277635962213,0.784026009338738,-1.54983024443582,-0.908456277701036,0.204969540579408,1.82534359317944,-2.33017025460185,-1.50489440057648,-1.11131081721381,2.18215411770187,1.492195741373,-1.81019219922896,0.635614790799773,0.14836553540947,-0.834923603183969,-2.58521913846372,0.744503285384343,-2.62935884781734,0.96583332188438,0.0103557197199306,1.9259720945317,0.261906720373806,-0.985478400305335,-1.79518267370951,0.284817650242343,-1.84258365513331,-0.388207729747559,0.905673096398612,-2.16525403606207,2.17918597515114,-1.24108165710143,0.976070633020486,-2.27612926812092,-0.837650529717872,-1.86015728815951,1.32568873695511,0.899008699406479,-0.542347041986713,-1.30815828278204,0.330361191845732,-1.41953217841403,-0.00811291851676578,1.73764918184085
1.27481825902801,1.26197517225775,-0.0334786385229165,-1.09634919065447,-0.402407792550671,1.10230487596962,-2.60207698131458,-1.16005247370682,0.654459713508227,1.84296611765463,0.912377645069589,-1.4013045594888,-0.421467076639325,1.7472090988263,3.00574912688083,0.400096373102594,-0.138334890595994,-0.684383601558019,-0.241717710753853,1.96792826855575,-1.76397660567067,0.954785849967401,-0.830152940475452,1.19200587836457,2.01761936032898,-2.8368294853433,-1.38049152899961,1.53359595487786,0.230284403881883,-0.834643654770609,-0.707292321591827,-0.62696811476818,-0.416371514514263,1.19395051174842,1.01813457674548,1.64456632620604,-1.77626712717881,-2.03104001583316,0.534132472261629,-2.65732389045883,1.19958049701628,-0.339607635539422,-1.10001573750513,0.758661986797585,1.07942946233151,0.22451585168064,0.800101835445877,-0.856131621944099,-0.173039642707219,0.835898030823813
-0.370632166413584,1.33197851563199,1.20913908343625,-0.0222802989136697,-1.1610125140727,-0.625924301055723,0.580936170124766,-0.217508398741991,0.160352627873782,0.597859078080325,-0.146781228550507,0.405583681659738,-0.750213165625213,-0.188898385859513,2.22581531048089,-0.990754574912511,-0.747995213614955,0.735166997193469,-1.88503668255789,0.520440460025726,1.42920654336462,-0.564021045366542,-1.25877272956734,-0.431495451249287,-1.15500693620971,0.710062773052833,-1.78628274488677,-3.96476615012844,0.319808138657216,-1.02358255295162,2.1207105875753,-0.962773045370187,0.88138573097359,-2.10540197510939,-2.02524907657596,-0.871129487634962,-1.05241516961218,1.99573379198015,0.898525181415659,1.47754195090226,0.757577277279875,0.837462400844882,-0.939623871100517,-0.746713859776458,-0.207442613340303,-1.08653831227256,1.42373385872306,1.18298639957928,-1.12230913876598,0.640119225809491
0.983303505776163,0.364431818210986,0.839427844380295,-0.305516943307039,-1.27687882304818,-1.86947095897923,1.21149137232879,-0.998828362251359,0.767355004092598,-0.932491080045401,-1.26064798248626,2.42886250248702,0.286810960521798,-0.227962965261097,1.24583821928572,-1.53318606817843,0.16336657932707,1.57606521195866,-2.92438756829142,-1.30347129610116,3.44059996251515,0.569431983013078,0.740632721012541,-1.14946530421461,-0.68349615190517,1.66634969191932,0.296844899912242,-0.927813994667271,-1.05960184409858,2.22101891071275,2.1047078009191,-0.0137934858795316,-0.244801478055009,-3.07698019145696,-0.735148593506657,-1.5848263178293,0.432216039417724,-0.24981579587068,0.100869174395719,1.89601321528255,3.27852332585473,1.58216844690233,0.865764866462596,2.95772671736228,2.80798718163448,-0.869432978921991,0.939396203301786,1.23536362817316,-1.21746090812467,2.53594191882033
-0.878221380158184,1.80370645289487,-0.0205849814381205,1.19968592158757,0.40077070108488,2.74153605313823,-0.594196275806737,0.0110692430355834,1.64937198613308,0.142196425235785,0.345376365862204,0.339780181607447,-0.960814626936229,2.06322265333289,-1.93919443970879,-1.82369018395294,-1.37786459942817,-1.25300962285495,1.86545795625583,-1.31104590874686,-2.99918609059366,1.51558521541935,1.76715344990472,0.638272458871215,1.59879780741409,-2.64561806998983,1.00983195703309,2.99649108801783,-2.04242602788306,1.78832833548043,0.695972667355861,-0.2044766122093,0.450491135414937,2.03489628208519,1.82947011830389,-0.682864594255161,1.26891451061463,-0.498390195761532,-1.8041552929538,0.372128710615583,2.09402215082421,0.250448975049525,-2.10319115281531,0.726116184213589,-0.0495756733486198,1.81153284619425,-2.02633087389833,0.167927345863996,-1.30034045831618,0.67722426254284
0.235353588683448,-1.24746712901006,-0.0702508783984656,-1.01292341628675,-1.61974429877441,-1.79729386749059,0.282735280844566,-1.20720890698813,0.33269257570011,0.44784632266747,1.39294949877356,-0.382441365417758,-2.13556466039787,0.689382763910275,1.68721029233579,-0.854739697154521,0.108835073556401,-1.03785892660744,-3.80465801205266,1.24246741860147,1.35647528187799,-0.272012908430138,0.532096214844232,-3.23476299146347,-1.46278264327867,0.0688653551156488,-0.718157116750206,-0.28439195648155,0.635109814067086,0.478930027422694,1.46374603254164,1.40806860685877,-0.698737325840533,-0.561852629458562,-1.00992925081155,1.05502425288598,-0.698664661851107,-0.0899218847792183,1.24962227074412,0.956088269550095,1.13674484745253,2.98777121488003,0.595420847102831,0.750499752935165,4.18815730281756,1.93350324366391,2.72530822088553,0.197501779529253,-1.97401419794064,0.241904323768321
1.56493992321797,-1.47338800478873,-0.277335261763872,-2.50496919344022,-0.209586859084455,-1.47794734310647,1.14043502811,-1.05920841203438,1.71193790218882,-0.241694466523194,1.42662826289856,1.08336397435706,-0.631655990478241,0.685352945108869,0.774713005881517,-1.73260507417782,-3.47658498561788,0.194323548931441,-4.03040009917956,0.181967377257036,3.38044378465218,1.96107626696932,1.20144397919083,-2.04286898829054,-1.76317620991962,-0.727418669847947,-0.227972548025444,-2.45090827494017,0.00142547696687881,1.85239928680562,0.643562413348442,2.47080681414562,0.680722426320517,-3.20625477428681,-0.196590818667128,-0.3348435462869,1.44527247516139,1.2710230250704,-1.62532707132563,-0.448573657426219,1.46327772457685,0.313223180158974,1.07786061180349,0.477000828139002,1.4119972424937,1.91871979224013,1.12635054881557,1.63941554782371,-2.03656087835339,-0.282924325260474
-1.06387859725052,2.08498895705008,-2.54246638015095,0.548261346555874,-0.727344652310646,0.320864280639201,0.979362636652981,0.788962718033276,-0.63625847150392,-1.19034440005961,-0.233428821137622,0.251191774002632,1.9185342935786,0.0597119951977376,1.1687234887796,1.28167730500293,-0.410809620193258,0.322353072251521,0.325171569732501,2.72474522682747,-3.42414795505228,-1.56687819439175,0.873116282534125,-0.549488001927444,0.849965217508541,0.25143944651909,-2.45580832636072,2.31760967927197,-1.19124763072296,-0.112852917296379,-1.11689562310356,0.679720748635201,-0.17094278450707,-0.203916259227765,-0.45701614322557,0.715637624594734,0.419051991145121,-2.89052005138956,1.30529270884236,-2.45563382037876,0.741678139593504,-1.01907029135049,2.23914546203487,0.756531774213321,0.594824424613381,-0.181187477825259,0.463248073132143,1.61453252863195,-0.716411024193396,-0.820733300369105
1.44315246165484,-0.946035834269386,-1.37150138093867,-3.30985403011106,1.15089198416431,-0.823065594591783,-0.614421108902921,-0.219877108677557,1.02680914286179,-0.483214956077718,-1.07916625977583,-0.953891498168028,2.16781038359584,-2.0952975616932,0.516064886830883,-0.720670182823866,2.99321791163239,0.893805509222048,-0.696737081078425,0.903033013279528,-1.2339210379166,-0.689141229760307,-2.24310258305061,-0.578328977819375,-0.6398633381572,2.92794846055163,-0.923059661270662,1.06396824579557,-0.968385993962385,-0.182647172656389,-1.80782660850823,0.732677629902213,-0.674999342914385,0.921349193739876,1.17900902964935,-1.81812428794714,-0.20703593619271,-2.24366090312321,1.931392500111,-1.43121463850465,-0.902523554064439,0.358146271485343,1.43794652741788,0.183750263475985,2.7911750348096,0.973658636850958,-0.520760608184317,-1.2715131278149,0.270960904987167,2.13432737031642
-0.479659000093369,1.35437347581716,0.049228874861541,-0.366104784564439,-0.58757298269251,0.34844487728031,-1.01893172946983,-0.341942253467963,-1.58370329994161,-1.39381880392396,-0.805266449340969,-1.20581201398459,-0.285841353410964,-1.62028563724707,1.70318849783056,0.344592033372273,1.68350595574925,2.60083304708767,-0.0331047156163275,2.48265328460541,0.0156977205533323,-0.908810200433938,-0.552486864828455,1.28589582654724,0.419078218031817,1.7677804261473,1.56757017226849,-1.86842188896596,0.684842889113963,1.9882746758107,-0.470366852941704,-0.65367458136703,1.23738637854673,-2.16995885770466,-1.71410378365862,0.0889490651479051,1.06066907592779,-0.449931050806492,0.599083279007978,1.98059369583949,-1.07451448451851,1.10533675834914,-1.14922115687638,-1.14357084285727,-0.517021332719021,-0.220592509874724,1.60237561320751,-1.71764068574403,0.3953768118351,-2.48236079909442
0.185830765157247,-0.425791971793614,0.977318952590306,0.0528771309555653,-1.06380251508488,-0.239895056918985,0.635031081177761,-0.678542578919949,-0.115615852980513,0.566765683405315,1.45235841197192,0.641306246108971,1.81107139602276,-0.604823802725292,0.426082062179837,-0.38038145804269,-0.98895256044474,1.71395044919389,-0.490546194401999,-0.503594771020382,2.02035712080832,-1.26773956850273,-2.5578504577291,-0.364455695856825,-1.52363768710744,1.24748087042733,-0.675228863710165,-1.40496389621021,0.776481869837914,2.50718800020011,-0.0940754796813453,1.06784181584471,0.0802291187631451,-1.09362531603772,-0.410494882323101,0.0791029663823762,-0.456110026170225,0.0985040747416024,0.714563987301377,1.11990340361527,-1.76219659806075,0.127678544432601,1.19241811056525,-0.154898876173077,3.36182617351885,0.24949536169914,4.01421360882791,0.0874936199698794,-0.874335848701393,-0.242330613914393
0.201105484710909,-0.928916816963155,-0.712337884118336,-1.24667206472664,0.14974049575116,1.59223821973861,0.770676564477987,-0.177144393163752,0.620068892071517,1.90954356001439,-1.90244348956439,-0.435330940889022,-0.640967169561776,0.898508558989157,1.98896280312124,0.577943233520298,0.378028436282352,1.63114009515016,-2.00627795071774,-0.192587128443217,-2.67474891704427,-0.692418520254979,0.340839312591002,2.08996451639141,-2.07831252016951,-1.87180112018394,-1.77698091808326,2.86216194433203,0.0288914718435042,0.887863749302673,-2.61534080274083,-1.27206329379261,0.106031698372522,-0.462617933872174,0.277058968609256,2.77554451908716,-0.015237289897893,-1.80862560045246,1.31613790063934,-2.84339436494973,0.29913941157256,-0.122514420362788,0.0856259801745311,1.26188424087961,1.00156085687863,0.231077252144356,0.55717505113492,-1.66258825982673,2.56070770884717,-1.84206093038039
-0.570034566351146,-1.62221557270312,1.07559929098445,-0.771469702160708,-0.067334032418403,1.2310180808791,-0.99209462660646,0.598890430018612,-1.03957387843981,1.17256967992071,-0.390881943370025,1.30587440410853,-1.11064881059912,0.564521564926858,-0.874756667519707,1.80094433640455,-1.67097856197383,-0.934291459366941,0.562637107207062,-1.44540233978484,0.545280912377242,0.586283043044131,-0.694610824067589,0.963489185568405,-0.293202185685995,1.95800407064986,0.726180364223275,-0.934518995149548,2.74529433598371,-0.520468360031382,-0.475899914184937,0.877857128439988,-1.44291532390225,0.920415246965178,0.586737178899184,-1.4413737272587,0.121111202428595,2.42915419331696,0.356518881025238,-0.139867664980271,-3.5123361527575,0.777050581144295,1.77172372559131,-1.38268306989711,-2.2479730087853,-0.37275188429057,0.830414913361047,1.07499953350757,0.461585966025752,-2.47922182036136
-0.435159968024303,0.743202687555094,1.28617614391512,1.42641343969886,-0.258842870853718,1.34536304082617,-2.39469925525946,2.81822481771365,0.0659659274810145,0.161431942010253,-0.81227704439836,0.0746921488228487,-1.65169419907165,0.00708285116877012,-0.52222963329344,0.770254861000756,-1.52482593386931,-0.95794501114676,1.48497557396479,-0.681840191767347,-0.652264466180518,1.48158596355845,-1.6801257604084,-1.07979076903862,3.07758986537534,-1.53934714642942,1.4911222486611,0.0456684359402194,-0.283385178682292,-1.56149503077568,-0.736592972866944,0.468098229529854,0.247896254040392,1.99510446377618,-0.358392208032364,0.183533936902811,0.161037920979206,1.29593655328938,-1.32095479634691,-0.463872287573886,-1.11411374012256,0.460910871461621,-1.03500498533022,0.308766968210842,-3.09698229361585,-0.47216360475364,-1.08085164532129,-0.064043300860132,-0.837147516037349,0.710291656461651
1.31381922613578,-0.0221948798958577,-0.286477071288399,-0.441274121909561,-0.808838404234155,-1.89838061712807,-0.0641306854863622,-0.984696705368135,1.02901874447908,-1.46038380640903,0.0372254083560135,2.46767055685462,0.884675853384861,-1.91876178758776,1.15201120477601,-1.63704112596324,-1.68250028206014,0.543351013172293,-1.23938512379658,-1.38124003026203,1.88710471804751,-0.568205859067818,1.33432013268551,-2.09226574521083,-1.82955443363636,0.288236968236997,-1.55167154242367,-1.92676670581188,-2.5749792260021,2.07894759318099,0.797792683392517,-0.281970421757953,0.504438816532537,-2.87956377355299,0.854131020771198,-1.64413752618557,-0.0329408444891015,-0.367865100215614,0.450740500834779,4.36124935752035,1.1902474594536,1.0213933840779,-1.1357686774963,1.44916277707213,2.30531232602612,-0.42269691224092,2.6552991893686,0.286385376190076,-2.80323949502153,-1.41020044608122
-0.374594591492585,0.621385950529712,2.55312742388536,2.8505466060742,-1.00390096028647,1.77232380960413,-0.886942913355817,-0.26465115120366,-0.974013399519143,2.20514215668002,-0.0211148740166061,0.407602594651364,-3.27546263090603,-1.10788563356915,-1.9635654508662,0.626770183247881,1.14350455829777,-1.97056755518829,1.76941005393917,-2.44807302959178,-1.31793448413921,1.14579028501207,-1.38549119391686,1.55621979295614,-0.156543145263998,1.11698498734535,-0.457575885923753,-0.342365103685616,-1.82148386199519,-2.00273456161729,-0.568228140169776,-2.16661361963009,0.755221682030477,0.849936251117326,-2.3866072558073,0.161425853392074,-2.79636411144928,2.99034174037127,-1.55743738546362,-0.683442069213942,-1.92696390804461,0.692845104259786,0.624913795351372,-1.00315024362925,-3.79956626504617,-2.58394633753429,-1.16463998766221,0.502432295861017,-2.0335079298637,-1.61913836876068
1.06122030600683,1.43113943101658,0.146113017556745,1.18280661621081,-0.0237351465531144,2.30440003954149,-0.0248699541388845,-0.765281840442567,1.30820433624744,-0.231637731252173,-0.536034436471602,0.24471483206234,-2.46662251958176,2.41660085476109,-0.826248487361257,1.76597782556138,-1.06624074292849,-0.23964237157818,3.18218406315024,-1.65329868410586,-2.40886828363328,2.14865015148649,-1.11016683888415,0.371017811865616,1.93461937353037,-1.99459792548351,0.294703116722265,2.34075493036681,1.67735980390217,-2.15487800898314,-0.306258369583332,1.50238625568579,2.7309845457971,2.96768969162239,0.755319005012967,0.616861870156246,1.49400547197782,3.31952969070899,-0.754018044642161,-1.53740036642766,0.736914121739813,0.1299154696813,-1.52860032881458,-0.658213407587339,-3.40347231459628,0.180534361795848,-0.631245665728241,1.56983453891325,-1.34571282702241,1.23694121929876
-0.98048577910539,0.817109085049332,-0.915465226027653,1.15294556329157,2.19295463709467,1.14341229036383,0.494495813004999,0.211923929925017,-0.223204903212645,0.896910863670554,0.843264877954059,-0.786911680565929,1.16440379728295,2.01343173864494,0.522668019343698,-0.00363128413690769,-2.66073513424613,0.488129770052734,-0.279257374005905,2.30211187703169,-2.3635412571469,-0.692710000550501,1.12764744982299,2.27141430865605,0.43475781899816,-0.0890177395665242,-0.085805764773066,3.54884900709434,0.735391666203189,0.045441870512497,0.767422968709787,-2.03930252697449,-2.70644449186559,0.328553221689791,1.1285254633636,2.28108085409818,-1.69454929781428,-2.24742857645728,-0.64923395188054,-4.617176623,1.99180031310248,-0.132690165574328,-0.551833474248973,0.746875071216489,1.66274578748898,1.20311642487963,0.446703161722625,-1.23102047591459,2.50136807189851,-1.36469552279897
2.79350727584636,0.117415415095591,-1.00368240090647,-0.206339510761413,-0.0868324314532167,-0.0705372590845881,1.05033102810282,-0.878966278957223,0.870668732282913,1.31056670868636,2.35131151510274,2.63090151647444,-1.20590180955905,-0.745952610232532,0.0784542190785705,-0.50378902167194,-1.66490538203617,-0.0914005129514032,-0.0637204535195222,-1.90804420965394,2.59968257894753,-1.83236562757574,3.28526285239314,-1.07422776645568,-0.109354955602555,1.0911334779611,1.32875016130107,-1.88904153975838,-2.58907848394231,1.55166333236144,0.509050418636888,-0.122722720989529,-1.29069585437766,-2.70768294842979,-0.841387778440817,0.695697559448313,2.19677530980417,0.131450960119509,-1.01806628714521,1.95919194547803,0.19215493383013,1.12361751015172,1.46158468816309,2.13179000156762,-0.482263220621401,0.641642289885237,-1.1423384631701,-0.0318531378968701,-1.48264960204702,1.93876468396701
0.436493227005034,-0.349522096949353,0.990372916258469,2.12214790105331,0.911825642998437,-1.27592841878306,-0.561564946280122,-0.0141027368510322,0.273432362736837,0.216886692294686,0.523809209276986,-0.712200621019506,1.20747721817114,-1.64606658079864,2.58353360730771,0.113540409959749,1.17423289531591,-0.502215325082331,-0.0966175744191908,0.963833182684532,2.11806577499888,-1.09548416995609,-0.883192874973634,0.941892461650288,0.577116640423354,2.78299342856164,-1.23108787543508,-1.26677742961538,0.72326595230685,0.192115698685282,2.70452869913056,2.82280790900058,0.329969274430831,-1.14178403288612,0.859250141604496,-0.540211664372092,0.962371624507223,-0.149447274916807,1.33482327374518,2.09263373940387,-1.21187100008964,-0.398297677191875,0.543728335742682,-0.174998830101156,1.72905437447012,-2.20299823607341,0.326998054911826,1.32878362835057,-0.164018343662923,0.766715261335656
-3.6167618466103,1.11624865848982,-0.176077446289261,0.61957104315354,1.35296612860422,0.261188142775923,-1.08371820726976,0.283411773197477,0.188344058994748,0.29019652220941,1.12053240338857,-0.270317891537433,1.27507530039874,1.2596376846181,-1.69754826036749,0.2857806015951,-2.35202479223431,0.353666314503599,1.72390729223336,0.0126280316521502,-1.74718831241355,1.09421500673838,1.0936520471049,1.70527608017352,1.56190913013988,-2.67616507365086,1.26844108060127,2.74341085488623,-0.289783192639455,-1.7373031299996,1.74574269173041,-0.124699088359082,0.259693688915268,0.722881400365685,1.29248852049956,1.41784884109712,-0.450189076812722,-0.937306167622947,-1.8647949230101,-1.52233614942875,1.46498570077144,-0.578849505044872,-2.16505215254685,-0.549922291381648,-0.0550010858702809,0.473635063540698,-2.19996087573599,0.332542144042829,-0.531762002248491,0.444024217811945
0.0731891693240405,-0.18717030230666,-0.462841240251596,2.73293995704689,1.37921997609569,0.321699214356028,-1.68528541419502,1.65723300775735,0.938445805133937,-0.45740672198976,-1.05333527646762,-0.56505201818285,-2.64015683568459,-1.7598593249966,-2.69414511944202,1.46418715587706,0.642050089067678,-0.703084776438819,-0.119566890345291,0.308774059252383,-1.61264472488179,1.89467846085914,-0.13889219037259,-0.404736501095894,0.422454914146066,0.866221047573089,0.931872319994999,-0.799992741637081,-0.535005834471786,-0.437651619852521,-0.340981070744701,-1.43326288787192,-0.519940643085367,1.21390389778851,0.120366254176885,0.445396869295713,0.672309007529335,1.24208078188835,-0.0707399293880003,1.92559636537732,-0.520979650760143,0.455616436613702,-2.90944334195988,-1.77331363145592,-1.71526184454279,1.01471342283561,-1.39475222853223,0.349389223849379,1.81868666162017,0.553912053203883
1.39889167527897,-0.496266258711007,0.269701616575248,1.16957326336282,0.212880357049233,-0.998975864296135,0.442047792493265,-0.541046105125825,0.485981887010161,-1.12140519808325,0.0834005369101785,-0.454343157495601,0.729723668959968,-0.332406454811786,-0.814466103212572,-1.46549317682077,-0.825698623492571,-1.12087798649096,-3.02769104641708,1.43649674606164,2.93931051984854,-1.07331299295293,-1.49798566347726,-0.10282932908937,0.589939566080214,1.39131265961681,0.0671306165502967,-2.11515230311345,0.179943044457258,0.258982980823971,1.46123981269773,-0.421575419710988,0.972627694740641,-2.50062137114289,-0.535714864928015,-2.73165604685596,1.10433745123975,0.560506274179493,0.903575159893953,0.249538611256263,1.87867525930078,2.07803370625774,1.58706082160497,2.06246617953472,4.51201169200889,1.93941318414303,1.89524508890771,-0.392842775510219,-1.14851969194459,-2.510889270301
-0.850505728911175,-0.544889875550508,0.837540202796203,1.3975578383732,-0.980009497343596,0.210150138504242,-0.313623276568928,0.423320821902721,-1.05498141196665,0.300032830610918,0.238164855835062,-0.802377666933556,-0.208777188970956,-3.1758500334342,-1.02810406569337,1.04248006515153,0.535392248583492,-1.17380804360695,0.835013471551544,0.398491538776819,-0.17659813369402,0.0119969509995634,-1.70407272796457,-0.381680280271604,-0.52744805051097,2.63322659124851,-1.11023732925085,-2.8152587536086,1.56578911340457,0.0583315353589192,-0.256316509439545,0.768034442605642,-0.656138812709814,1.3260691970222,-1.94472430273953,-1.89673868149094,1.2201173186653,0.815708722035597,0.0729733645238283,0.602744358984299,-1.24986685545271,1.12473452885883,0.551840006859531,-1.39468603529111,-1.96433196612292,-2.42626767026308,0.00660220457845279,-1.59435869830553,0.117527638199772,-0.320801089112176
-1.82235647775083,-2.33899217906092,0.026290349013326,3.11542340433471,1.22019742713978,-0.575040331028159,-1.28962507890141,1.35789242152372,-3.01437551639549,1.70939444746254,1.69773292170664,1.04891611521913,-0.973162517861636,-2.53220228282782,-0.0476031875838158,1.95642117443269,0.12192819874196,-0.025401055419357,1.98295386603718,-0.79109221480138,0.608395476229845,0.510857372371964,-0.649791402279676,0.923187489976022,0.15377775356751,2.73477763296329,0.0784312437612028,0.710941358596594,0.795219039873553,-1.10392543223414,-0.845173912816566,0.374494263804142,0.217525509815084,0.833533744444632,-1.88853369014441,-0.415819150720344,-0.750926542893237,1.97118954377794,1.27497307569746,1.36356874237713,-2.55455194923338,1.55434337692136,0.687107028058157,-1.36601870520738,-2.0898928495593,-0.66775743743122,-0.704196518377847,2.07713432818275,-0.244313910962835,-1.05341196353527
-3.04015198186646,-1.04450843445104,-0.801075606437111,0.450407651769244,-0.866760477979211,-0.858223987496073,0.277467870631133,0.716297861431375,1.31779670098572,0.198988756977004,-0.0119060598935554,0.387933302867244,1.15162213158727,-0.0135082966313591,2.7591210139162,-1.02079583805861,-0.168417294326724,1.69516850927205,-0.653209642198176,-0.724687855080198,2.53454935778066,-0.515371090830194,-1.4022180806655,-1.0401633795424,-0.309831301158582,1.84970666634049,0.376712990393144,-4.11798989609294,-1.76924318055843,1.39832751078866,0.403909128490209,0.846998328000952,0.16022066596128,-0.625036039222034,0.880706531375056,0.107257324184871,-0.569913913443242,0.11936492803927,0.406601808438109,1.76438704858427,-2.43527265863746,0.405571569672855,1.64553331182765,1.0135424326032,1.88602876201592,-0.291538506882406,-0.00477508128096776,-0.616471416362904,-0.0240081486870664,1.17975102116851
0.304954185673733,-2.15112785690648,0.625015738385484,-1.14121737021674,0.775353619035677,0.430315353774611,-0.173469350887537,-0.842741389877408,-0.447404089184979,0.149721324998245,0.569137762013064,-0.80757810410794,1.23927219294015,-0.097140662840471,1.19186073944844,0.321261086746816,0.877526155980627,1.30020072557849,-1.10515662733822,0.0204932848401401,0.851564364029473,-1.65108369809238,-0.0611706299787911,0.472542676699788,0.169407180355078,1.79655561393014,-0.780059867272313,-0.319393687383528,0.548940432710766,-0.739483389918363,-0.740008427048894,0.704362982355262,-1.8419659992386,0.107956439536941,1.88358013245341,-0.655309768384782,-0.788330394620487,-1.40354955169395,-0.313537634485462,3.08517581503542,-0.307433172060275,1.34768117496864,0.956068890325624,-0.0935420135262681,0.757446787709599,-0.620119393756023,2.54144547403432,-0.198431459888958,0.164451488819183,0.0859615720364755
-0.729283229759,-0.140285728454498,-1.84986847622119,1.32503926622287,-0.314601292356181,-2.13417303397646,1.32639832333354,0.385677395894381,0.37113241803708,0.700153563045963,-0.045348380259222,0.801567704172283,1.20356874007597,-0.471920063267434,3.36880327745042,-0.740436282691324,-0.396819379774671,0.157839582464699,-0.931130946410255,-1.05872090697267,1.20066641868945,-0.489812337314889,-1.82037051497835,-1.31632751098031,-1.28995320859717,-0.0956127658889765,0.285396386902754,-3.89857977664271,1.29145465694556,1.60505517109342,0.598596144495309,2.11939490659313,-0.170753923741461,-2.21015273860039,-0.0718692960788412,-1.51908183867238,1.10526068530565,-1.57752858333783,2.5786577850115,0.00736189752333409,1.13588395477173,-0.428613906124663,-0.39692684960402,0.275655501222874,3.77435564720918,0.457117514115089,2.36347132362054,0.261682093121428,-1.3810953097888,-1.3700060223151
2.93531823454253,-1.39696336101982,-3.48190321711108,-3.42214528864975,1.49399367384249,-0.935166315077342,1.66863022271309,1.70260076817756,0.368301447523957,-0.251049196581247,-1.58636333049045,1.95071152730851,4.55210611363491,-0.0532071889020472,-4.53412221640975,-1.7865388207244,0.782801444744665,1.18784650876965,-1.11135551472934,1.01644189063438,-2.01829383200113,0.755281834653688,-1.95099889689219,0.822918707549191,-0.524989534651291,1.59459575210179,0.0538256114277449,-0.0694268520768176,0.927701755905174,-0.816086910040379,-1.12369487408739,2.0850315183489,-0.372555244569211,1.46711553248517,0.633000559643382,-1.51127759727562,0.528290566556426,-0.159592475080594,2.40504120189576,0.205359161547424,-2.41180187029767,0.442924757076856,1.95839512785241,0.269618491866365,-1.88879577299849,-0.45669755667299,1.42138905963365,-2.08422559996208,3.51509946765076,3.12195130239817
0.00145404820816089,-0.0260090950831015,-0.118718949451611,1.36673263449483,2.60840929984677,1.02221157154181,0.0711352503971199,-0.451631832108487,-1.67854807196888,-0.987710033915334,-1.30676397174815,0.478925425939601,-0.345204059192821,1.17190296681432,0.446228530759848,-1.04585727095841,-2.57225423876768,0.3020080315852,0.811815457698355,-1.26757079371563,-2.01321394137009,1.58540770291505,-0.18327616772711,-1.56671840566568,2.25784588570057,-1.3739025862066,-0.080309807740481,1.22190314612418,0.23586663412592,-2.72776792890377,0.518314844634748,0.630026822928148,1.24997325634636,2.353912973905,-0.621159274610055,0.0685030212666122,-0.648306338661101,1.47004941381398,-0.71751383803361,-0.812467723618996,0.918334912487465,-1.46557632162701,0.159692441674658,0.306597925556331,-2.3537377820655,-1.01056322245672,-2.02417578898299,1.22962584663725,-1.87592877117465,0.348585355198845
-0.239005425299019,-1.94811274577873,2.71538593257917,-0.0553876216603816,1.0985845251539,2.22280731884489,-1.02297762158284,0.139807805435876,-1.56057165705451,0.18235080384326,-1.27875192299044,-0.189220300707848,-2.17003979843798,-0.132388866375413,-1.61807222609615,0.469567637954969,-0.0715739090138993,0.172783169084315,0.416437672851778,-2.07959805634652,-0.450622578792276,1.16654544437587,0.370195790764113,1.00302961016405,1.10662034684994,0.0750429600356133,0.801736097128202,1.3379022057706,0.644235728856079,0.684139230601588,0.365727273592736,1.15934514523365,1.40311709603132,0.554284979488924,0.155424010151211,-1.0796859128511,0.0657216923296124,2.3076374684435,-1.2615793973604,1.25557811573157,-1.96188844789347,0.735035316636854,-0.735971832310086,-2.56853304985434,-4.03122369048244,0.0523808044427693,-1.83488222364065,1.12963524506454,-0.0203451011582748,-0.819814606037019
3.90018813053752,-0.480504231535164,3.35387701982422,0.279034366811732,-0.730924789753646,0.916803221390195,2.90751101072148,-1.05597607661297,1.47733312673689,1.99113653034808,1.57218839592702,-0.87652707975312,0.122468665433655,-0.136919406197912,-0.92395479936533,3.91393353823686,0.846714007750439,-0.771248825176955,-1.63630259859172,-0.975080163006075,1.99346812788422,-1.49410298484657,2.9516353340934,0.635282595736048,0.185013016666401,0.142296422403387,-2.87386737881332,-2.00541447647811,-1.80942067693121,0.561106123438183,-0.429789947656125,-2.07122340143094,0.0333861163803877,-3.81868522695366,-2.49075102593329,-2.98058469871687,0.728515178202943,-0.407862679720454,-2.73752739821308,0.289497774543947,-2.05220781419861,0.366007040641324,1.88175562504763,-1.01315721574436,-1.58177009253731,-1.50683855151818,-1.47481567603004,-3.16781025287824,1.4117848803408,0.444029141378583
0.892929595153761,1.06767562180254,0.504259414065068,0.257064078592579,0.731274459614345,0.895111322672946,-1.13398694906266,-0.473502185926477,-0.435517303864265,-0.938091737510218,1.66916419446169,-1.64673385476148,-0.696047448933586,-0.595117739217374,-2.47218217177375,0.382352026254617,0.38959587581384,-0.36038359562463,1.40588622742049,-2.32278870949546,-1.64807100080158,0.676267823103631,-1.72409996653632,-1.83383929278416,1.49434742945101,-0.00257472587982702,-0.972261017652928,0.855536751910743,1.33347466839177,-2.42449225853617,1.2633675665266,-0.485747706126657,1.33405116990607,2.68977001145515,0.452972959505428,-0.235503344611919,1.0575466197929,0.487996637260292,-0.943701337528022,-0.37667954756007,-0.261890481078479,-0.142826049577182,-0.729431275316419,-0.68533628921602,-2.57393116593548,0.739015960490916,-3.47118852607718,-0.546775275829442,-1.16999262092823,2.34231898032472
-1.26064918305137,0.0446740325582166,-0.0186702873990633,0.961965224621914,0.160656619400145,-0.214174333494949,-1.18233264649344,0.657982874395335,0.506194935769309,-0.0380826669872356,-0.287169701729684,-0.365989091640482,0.882862460456894,-3.00924210713862,0.427010566194528,2.54409063613499,1.39171196341618,0.684214386484391,-0.722224577636448,0.949429321187479,0.617551561335491,-1.63359186386628,-2.49698851512847,0.000634187240304923,0.264434255708445,3.29078076108078,-0.605007158926884,-3.00657643533313,1.67927078845955,1.4315575576747,-0.659637706294009,-0.647949571866811,-0.947440248350528,0.153410550803617,-1.66509509165828,-0.613836894888898,-1.07792714752005,-0.905803187950555,-0.397112890701533,0.503430264339608,-0.844420585753714,1.03121296154501,-0.344288662989881,-1.22336087578016,-0.831545300807427,1.52779893282752,-0.269542463325848,2.3394511516053,-2.06489030647806,-1.99982899199556
2.90625642649145,-0.183940875800046,0.965961203527415,1.14755017474478,-0.275939343529637,-0.645063833459572,2.60314432028434,-1.49161912493211,0.0650396257862731,0.991758420694677,0.731296169691089,-0.403590598091018,0.188489129398456,-0.258688228141013,0.08215706873846,-0.0870715721925571,-2.8659257676308,-1.65082721206212,0.00458486871070807,-0.155929983398363,1.28786990074844,0.400407445664712,5.06422269947247,0.950277937185302,1.50555417693777,1.32101323882698,-1.87349804271505,-2.35358929246866,-2.55925426095976,-1.40369143023458,0.369822741614852,-1.31908564250361,-0.227545912411512,-1.98189684407934,-1.87793890284303,-2.3147659067646,0.8348325689372,0.192405517153195,-2.07913328254776,2.5170375004146,0.180296616004426,-0.277812166918722,0.470345193771896,2.85025514054646,1.75057346203778,-2.05446192759828,-1.69990788787273,-0.625886957177781,0.736298614301481,0.254438923476446
-0.32593480071363,-0.485172690012545,0.997953971451087,0.303532471505346,-1.2548889693512,-0.389783991718989,-0.397209327039728,0.186931550908209,-0.415778598019785,-0.793458797926956,0.345362256548609,-0.888782207089984,-1.90927233444393,0.408414315974633,0.861666294826664,-0.408310423310851,1.18708506508577,0.530151036686146,-0.372667679929019,0.959279328792543,1.03716533778316,0.837210995574882,-1.22445689987136,-0.376636450182321,-2.48209923820275,-0.0358926913218065,0.293332013057793,-1.42675342353683,1.79603587767561,-0.328008292010342,-0.0826870534365133,1.18349999265961,1.46918929917327,1.47433675985093,-2.50305998656327,-0.637321410930059,-0.802124643102624,-0.0794475771295996,1.72348261372193,2.84903453217093,-0.367372812519733,-0.139605234772407,1.39925855454514,-2.82873396318892,2.1335039922116,0.0733050153934609,2.73736672458521,0.743183027323179,-0.853176408216833,-0.559682839695698
-0.53859326024693,2.00648220419395,-1.59911397931365,-0.203889260848542,1.04104210806864,-0.575039872004898,0.321555204564396,0.200332687427863,1.46935584909633,0.416340804493423,-2.99124473469232,0.137310792335868,-0.788653914238943,0.266608077446755,-2.69259354013789,-1.90861234008156,0.234628353181215,-0.121123077354289,0.597560863752703,-0.0398712311560131,-2.78163878606779,2.11554483314694,1.60189813518289,-0.53078664899606,4.63534957635498,-0.622335186433048,2.01540877968253,1.43954904312823,-1.33774911685507,0.271891943128486,-0.251105731937528,0.930628502382473,3.26650280516224,2.47871756880456,0.746415628016693,0.527863100970593,-0.732110918561619,-0.509816076978569,-2.19928772959843,-1.34389143838089,1.39673975393228,-0.288884926240862,-0.14288500012496,-2.00206256546338,-1.71896732954926,-0.253550953587782,-1.47960303517277,-1.45314726713692,-0.783967132716963,-0.171690258034995
0.262136752560994,0.230962227731387,1.25057855039796,-0.852580172202317,0.85687236125457,-0.246303483387892,-0.503296818269372,0.413742119091564,1.58501481796214,2.49196718416353,0.935600627225319,-0.63102415354688,-1.02456978199387,2.14652058768407,-0.339672372120139,0.701601581374416,-0.0154279223137806,0.44822433468556,-0.256494782150639,-0.709796526167492,-3.82565284330902,1.22422691836537,0.895159131207666,0.997199698167161,2.0789518470935,-3.14360649657475,1.02755562001356,2.13877993025848,0.136544320084623,-0.230480578250821,-0.633854259649247,-1.04026253609025,-1.00363131758712,-0.681013100404784,2.15108122659933,1.47526019528712,-2.8978487841838,0.308954494319946,0.700303775242907,-1.76545572242533,2.23469898095049,-1.64872815864791,-1.2019845716453,1.23283104997359,-0.000481657451955275,-0.0143747901627316,0.90234684647906,0.757575449379422,0.278362206466499,0.501604868932961
-1.15651380508971,1.26419359510306,0.389445406137785,-0.987650968928862,-0.0247222761608422,1.97184401834941,0.921637998476486,2.50323742419124,0.446806820697956,0.144314340420097,-1.59901117759171,-1.32828015663427,1.32343169980408,-0.310296951124621,0.677320141376554,-0.269314974522815,-0.559798538858913,-0.972700103747058,-0.853681798537662,1.31104751169233,-0.0810802940677127,-0.335166551483048,2.60223683049851,0.108627793392272,0.129720621779943,-3.65631838615568,0.24010109001821,1.3347614812504,-0.226076585548517,-1.61789361560224,-0.319232381749197,-0.928321286158019,-0.880929448407381,-0.261300707482502,-1.26653661709175,3.50435151256644,-0.28357268722634,-0.676089558354781,0.975276473220603,-1.75214216807389,0.576899158482448,-0.897386348492839,-0.989846396918751,0.814939191631407,2.48210048799654,1.21531207397152,-1.00253898865353,-0.861958297416314,1.74385079554734,-0.0995280846227314
2.32144548733415,-2.44878756727533,0.57210270313354,1.63978035229541,-1.16035189437792,-1.18426430555652,-0.133497336049184,1.83874721003637,-1.55794330129615,-0.273798072508733,-1.90609874831116,0.301066424710925,-1.2959132104488,0.164610189881939,-0.95937711996181,-1.13495494474975,1.28182989778992,-2.59639955071043,0.156164679122002,-1.1286463725673,-0.69699064344506,1.2675288736992,-0.00543871812123932,-1.0732175337599,1.85724879553467,-0.649615635933465,0.00114383314266314,0.561692161017376,1.42300214602294,-0.000690427318612824,-0.429906499987696,0.302054555026832,1.14022638621406,-0.789988999281569,-0.163556819317428,-0.735467438353097,-1.50373707761815,0.88457947157197,-0.7684635776014,1.05785639149963,0.56539182136628,-0.664093086552421,-0.273830478816672,-2.11588313976914,-1.28381727187875,-2.22082754520304,-1.60400272577964,2.07016359827745,-1.14385395407624,-0.293591437080888
-2.06971973807875,-0.155530363304086,0.235786051082092,0.68439962233892,-0.627045442621351,0.815639920014756,-1.03541002889111,2.55838734252902,-0.115861498047371,-1.65814562015828,0.251623283267613,-1.18726539390753,0.435285142278078,-1.01902719973668,-0.142186929874135,1.21149107194521,0.0429908334731712,-2.22262121725271,-0.667856545685906,0.939331629018499,1.22897615497624,-1.75503501831389,-2.3626121516975,-0.290839300467108,-1.18195929258413,0.760877039023216,0.412612363142223,-0.657496972542691,-0.694105875752483,0.457834130707855,1.44298596720164,-0.240447454025432,0.921980250582488,-1.15770614359669,-2.14627246718895,-0.100545286837389,-0.460679194234606,0.0133555284607006,-1.26830103972846,-0.220980958661813,-0.669990536777094,0.274850514249883,-0.195616343705019,-0.364873500546809,0.383378671231161,-0.764394921104017,0.37961323583892,0.462484219911882,1.70521563427244,-0.999087116198541
-1.23594599473107,0.924225913488225,-1.4855673691851,-0.0225219473278887,1.20330007113802,-0.230742500916538,0.703495233129926,0.106167954788023,-0.859896658412376,-0.149919456612013,0.795874175880628,0.625835158232634,1.37374758915423,0.47105234343365,0.432623058027195,0.602294050333263,1.1165717064594,2.05767261558992,-1.94253230718497,2.97900633448989,-2.23679510052948,-1.6852171874485,-1.7183626420179,-3.18330356891499,-0.615450819267875,-0.773073672855276,-0.827405419360172,0.944425554319851,-1.66144378380513,0.826508267412327,-0.295002789953824,0.634242989928568,0.758659189712602,-2.83088221042889,0.930635764448059,0.756863595240983,-1.20045109695118,-1.52208687690072,3.58472277919197,-1.84320768106517,0.259465437629033,1.64880026470318,1.56417319932117,0.704044013197814,1.76427243201552,-1.3789551770046,-1.40630935673394,-1.83556594442165,0.0858025774413634,-0.0935984097141513
3.55044383331681,-1.26576077363901,-1.46005596494642,-1.65538820335954,1.7542852235078,0.234662770584565,1.52772883442346,0.253882307699211,-0.710336113327358,-1.81670290787344,-0.783582318771445,-0.422556578175634,3.7789747333527,-0.733048514636662,-1.5298810828445,-1.69620936646,0.246632032023252,3.35466955134683,-0.0262019017060616,-0.0508735634513423,1.01358502150341,-2.31949988073747,-2.58461678435365,-0.340996023795744,-3.04774442449695,2.30209410226823,1.69874383398577,1.04865378585916,-0.147589134643983,-0.759768833987482,-1.62203960258296,0.794256340292342,0.412239688736268,0.804038051930141,0.330831672604177,-2.15659194277765,1.48320358506883,0.979535218744406,1.39571311821489,-0.131660148536581,-0.927332659367446,0.408857214988581,1.26048167174532,2.11275531599668,0.388155073391632,-0.879116506570857,0.9441861002298,0.153845968000825,1.38817893217488,2.45725458363553
-0.463904600521862,1.42746076744362,0.738822292029203,0.333281490382704,0.660763577969615,0.639958776351604,-1.35040170814356,0.934387362023698,1.17547357129545,-0.831080363086651,0.300494053525953,-0.903229417039957,-1.26759194691155,1.82441208561129,-1.21264610476381,-0.882091269226897,-1.49317307751583,2.02463635400062,1.53250490345804,-0.656990436254926,-4.05326900830976,2.84746455519258,1.3331584384299,-0.367335685497351,3.2731594262939,-2.08567905571037,2.48663985121085,1.32095866128661,-0.227012238743319,-0.138830772050019,-0.14055812001602,0.723770027148357,-1.09715905240837,0.805968962201562,-0.568314780485436,-0.335950832293542,-1.65834027090804,2.94385771854663,-2.05404612701029,-1.74145572579575,-0.0793487598851608,-0.304936951050973,-1.8986561587958,0.301450488942699,-0.567883502647493,1.55649207668477,-0.141996126729336,-0.447151175916322,-0.298426435762595,0.183810323709353
3.65276526309106,0.00804426731737183,-3.34381853227467,-0.504977932822796,1.55839980983234,-0.889073232990235,-3.17196407277276,1.20214686544373,0.307849691895819,-0.959231116129385,-1.49200852329448,1.09629282443363,6.16799638970452,-0.724149667642105,-2.78804756282454,-1.15472120548385,-0.135830231288933,2.21105453993633,-1.59735374923066,0.327210434463059,-1.54710816468017,-1.01859902930458,-1.31699980589729,-1.58270129517305,-2.96260418434412,0.893886198675444,3.67053311208472,0.264819598695772,0.465428919191269,-1.02071363653784,-1.25128391838946,2.0854677106241,-2.16049444426767,2.40964039691626,-1.45668075652328,0.279820663968997,1.58457706801511,-0.129796147769635,1.30472618554627,-0.381157478948457,-2.60642471581137,-0.842792090679216,1.77820957234237,0.0772141401194466,-1.26309143782149,-0.695327805468372,-1.75272600260864,-0.529073599940456,2.7436242490036,0.689497248979713
-0.203493899894056,-2.24583832009077,1.8648636968316,0.602668300235601,0.638039742876022,1.27827008298869,-0.040292335349951,0.415972400142944,-1.06033621539109,-1.25391749998973,-0.19950130966213,-1.05568462577055,-2.21227924959011,0.399326362873889,-1.68108633506916,1.21715950478186,1.45857862191266,-0.410578402199884,1.00936369378231,-1.26224596756598,-0.305206269925829,0.153578726429995,0.0999695466824047,0.221841936442082,-0.26875439991885,0.0784446224270594,-0.30484720391904,1.26621135550232,0.807108104365427,-0.109265748296244,-2.08806265015608,-0.939887317887991,0.301384350933356,0.0955288906641534,-1.68059244892273,-1.93977488051875,-0.683669782891375,0.800879487597243,-1.3705144899754,1.46565901853326,-0.325931615946356,-1.27005587192535,-2.53450252864893,-0.780783574950239,-3.54185623570676,-0.135143501352812,-0.0794561878873829,1.17997211074333,-0.833789709331396,-0.228207725815714
0.361282737071902,-0.84862223322264,-0.271894610544455,-1.50572736760974,-0.931351040955532,0.260826719525446,-0.786201216954163,-1.02872140300394,0.631682222189272,-0.0523840283335194,0.120866226568852,-0.50733833237713,0.614098928296296,-0.838917212960532,1.38068429469054,0.36282447521387,-0.0172704929109224,0.0684798373097053,0.533016244849674,1.66861026518739,0.0733259462937451,-3.31799898116835,1.02807633576942,0.531202344877142,-1.56054810666818,-2.09746538912205,-1.27523777332803,-1.40186318166737,-2.85760596238041,-0.86552254633861,-2.42835123592462,0.933195533091593,-1.58475645553791,0.186054830174035,2.48378781606045,1.31703459084456,-1.2668765508542,-1.16913323711689,1.52524382971212,-3.03575095238825,2.61015866582676,1.4238484797706,0.779556285414311,0.68673363233495,2.33873468920613,-0.969865472001828,0.761294573946292,-1.35144099446851,0.241488525064534,-0.223908415092322
0.66152793386619,1.55213767068641,1.14651889124755,0.180230631821194,1.20081910869703,1.64518855020147,-2.14134662839717,0.100300618760492,0.591176213651015,2.69565818286517,0.29901218619815,0.843200347863893,-0.477756551594542,0.414668730892681,-0.501284062010928,-1.29381356302473,1.80954034435845,-0.743428140512153,1.89826023967015,-1.28447420139677,-3.09096953243839,2.13663583204676,-0.168773453236131,0.51689266712045,3.4903270569585,-0.747392955879193,-1.55069861013211,2.5392329208147,0.955273769657075,0.379152927018711,-0.0107659097250467,1.50243664233391,0.965047129625557,1.69479771293637,1.4529870678088,0.280324338405737,1.64047010585826,1.87353727863149,-0.389497626230972,-0.670821976978735,0.214498509391234,1.22981748037428,-1.44070068051009,-1.67000051292981,-1.0253283119013,-0.469782655339927,-1.9830117232348,-0.703314178067074,0.100745985877873,3.19499250111149
-1.3828695842952,2.40560548055428,-0.433094051785813,1.836454618796,0.460397495559567,2.18472947175455,-0.288215476584354,0.933187362067241,1.31668735868548,-0.408864925484582,0.0886921723007072,0.876358908061069,-1.93180589094337,0.696918433242214,0.264311659341848,-1.21328667156022,-2.31773504845459,-0.484136979288083,2.10420873294186,0.375851132224665,-1.17560308785287,1.35356355836157,1.92243146555103,0.976434323624521,0.729585406250571,-2.56658982726746,2.56718101803722,0.923049785229091,-0.138518915641276,1.91208027162897,-0.399495947960771,1.32356857984585,0.410958465140846,0.185783901384758,0.375539078184866,1.3758577592031,-0.953429625167343,0.109421682429936,0.16564937057473,-0.897258564858278,3.54401360544227,0.122884676065271,-1.58512383464222,-1.71644906785339,-1.14409956469719,0.618286347730049,-1.42812044799166,1.20644513970396,0.649762036749332,-0.159827012055634
-2.1769604924658,-2.97973904618212,2.95653507105723,0.90965470299196,1.60897166834229,-0.799336892084431,0.144798207699728,1.991907919303,-3.24308899529456,0.632223796233089,-0.968199643141349,-0.0266746132312236,-0.491738591783904,0.333889459840509,0.0801623183724779,0.0459425083142443,-0.798134662108833,-0.439051894764718,0.993643874494672,-0.908653786271578,0.924346549980094,0.403449583868638,0.0387724045487853,1.57478837718443,1.0485606242331,-0.182798827787633,-1.44688909046942,-1.37267461092496,1.31002349399678,0.330784908270614,-1.67927363088379,-2.41496281531021,0.110452858765033,1.19888643169088,-1.35155484666356,-0.362572384769997,0.895003516456836,2.07524298610893,1.38391461411152,3.22830548889012,0.234169967654636,-0.15907247964815,-0.154116586876322,-0.788050825668385,0.370975032647569,-0.374876222539416,0.717180574552095,-2.68714418043271,-0.18394547263241,0.0893996739708083
-0.905506738617178,-0.520986717028012,-1.36904410736943,-2.03125881751992,0.277967843746917,1.86912938089149,0.699106738833458,-0.0726871953187113,2.05955711559063,2.18798726110819,2.01859729905173,-0.551284835902727,-0.0191355834967832,0.188890255370196,-0.733220862054433,0.248904442459875,-0.346718707739875,0.616335200232961,1.69845981811851,0.754997122845998,-2.46345535056739,-0.624088585188655,0.865615424588161,1.66393923795161,1.29986552195332,-1.8329686509534,-1.16321011026374,1.86799298320176,0.64146828164249,-0.35272937064492,1.07596269194058,0.0571060555372155,1.18288785148863,0.0912625484599,0.524518267853192,1.3485486736434,1.0908447994788,-0.332025417984791,0.451027357351332,-4.01819881378048,2.06990993214236,-0.289966165918496,-2.1081305050978,0.721057859558684,1.70551999840865,0.451115092721011,0.845806813345646,-0.815748190863787,1.18097821796428,-1.59624296787529
0.996595823053327,0.214326634350002,0.20858516085295,-0.959218197115052,-0.801160004138479,-0.62931174611927,0.0978679061373476,0.702029892773848,-0.26242928701105,0.471650627208224,0.895286990720399,0.152934725483692,1.45175935735483,0.696421470827197,2.12615920449297,1.41971301934288,0.60849139921811,-1.11010436081632,-2.22255015238152,-1.06282778348794,0.61638753867575,-0.773303181082285,-1.11873415440515,0.352274626161188,-2.45688751387928,1.19621209608473,-0.656843010699017,-3.08510155147174,-0.253687437952571,2.60495329087091,1.4455014745408,1.32454551366504,0.56994822523535,-0.998535154550959,1.00496136456788,-1.22232343314024,-1.31252641275149,1.31623312613543,1.16233138052149,1.26015182312185,0.937539515130023,-0.305824877739937,2.23168843230564,-0.148552864508619,2.64199557414567,0.197886899249619,1.69915401562202,-0.934888382578018,0.450352616909392,-0.380906781950065
1.18673375461013,-1.53605255956977,-1.3487224507412,-1.12790875321835,-0.536243411929478,0.805644657847341,2.58166033290281,0.42448731191657,1.1591911065378,-0.512350571246256,-0.890148549502614,-0.998991826367999,1.26638142319462,-1.23081753505381,1.35879859519395,-0.420796401011567,0.866065624699149,0.119342053998959,-0.726813806236939,0.919951703230924,-1.86160199342667,-1.62179269859281,-0.651627943710386,-0.28192346146539,-0.437163642738297,-0.712542626545118,-0.363744857292302,1.84727872432023,-0.970824055722094,0.44447930851301,-0.0595725448550706,-1.14607453725419,-1.41540680288577,0.0449344954341388,2.10714729904489,-1.39704499606971,-0.742453582572534,-0.601108621477616,1.31756239008336,-1.93932821186011,0.466890643067227,-0.0200743322605608,1.45033640016032,0.95026267652293,0.288322142751924,-0.23415373857308,0.0732490922982443,0.402166765877232,0.889194726099616,1.70731185104189
-0.581530828613658,0.557954397580136,-0.0701696488965975,0.326605126741499,-0.693959203653594,0.86314414025254,0.438878309757146,0.503321061161804,2.01867016619759,-1.18472474514499,-1.41630611550361,-0.0684605300421599,0.0789629879405275,2.12220129083867,0.678892767511772,-1.33157585424668,-1.96423736753736,0.335263805525577,0.985406135472708,0.298802570608204,-0.819492979486934,0.230399901843211,2.87017185215733,1.26591501549036,1.45781408464226,-3.13791959533556,0.920291147313402,2.60783681698173,-0.611518492729791,-2.49399391217321,0.480385779389074,0.129115990530147,0.0500803172732854,0.261220643242407,2.01600913496071,1.9702893108037,0.207641615280281,-1.26078618022523,-1.32351604154664,-0.681582265456835,1.92986634900773,0.534072831690585,-1.76392000774037,0.0298011640289912,-1.19864296117146,-0.759403328324875,-1.66330131441274,0.751353619132579,-1.66205179410517,-0.252999730345973
-1.82181611370636,-1.09549212543307,1.79974399288662,0.515681734078646,-0.0782535010271527,-0.0572203713043074,-0.3272631252936,-0.152062120198781,-0.548014464303388,0.111400519096889,1.02345812131583,-0.682627298706808,-2.1226188231965,-0.926891289031746,-2.73120021836291,-0.34253907949959,2.00214910861451,1.00132232563776,1.8177814184146,-0.933882542264169,0.900700855183469,1.56971155950546,-0.8466481195114,-2.00213947569483,0.292109290926039,-0.66940970525533,-1.53038670163567,-1.51584573564416,-0.79557013959317,0.151546169385247,0.656609068966036,1.71590593029005,0.416414345574453,2.83841633769,-1.57898135617614,1.39638190974632,0.86006954258472,1.56094426821044,1.07980564394599,-0.389298955595955,-0.0271029739150492,-1.54462377188542,-1.74960836609269,-0.341636415149306,-1.87008565635161,-0.204497700585109,-2.44157690921375,0.230389339822078,-0.0635298364940947,-0.485463664710765
0.270354333847777,-0.288843969231915,-1.67266632532511,0.112413336992599,1.65366142734103,0.358381287988104,-2.32269888253954,0.328929617071205,-1.51644207630976,-2.06275868423508,-0.607450403274497,-2.14184558898853,-1.43039102343143,0.638438517372848,-0.67291447702116,0.165107104247302,-1.34562513880697,0.212167730015795,0.0216055305437845,-0.019505556485396,0.165571056767424,-0.113361125741427,0.270190811413586,1.84946810276232,0.366517851474486,-0.403821250220951,1.67969451773813,2.63631874555138,-1.02364843089835,-0.55702499970509,0.938956614839919,0.651913033703702,0.282786906148268,3.85917026760473,1.93376160446088,2.00497786043247,0.635080002097903,1.8172203624922,-1.37207826167739,-2.21437255156951,0.186596784095278,0.73153778260673,-1.36696659575836,-0.501929692418144,-0.439879864825463,0.737223225612549,-0.933651853414517,-0.517004463469548,-1.56439634447936,3.6472447413738
-0.285296800803861,1.16306729951393,0.00407213008412691,-1.28528520789987,0.405247417826489,1.04921836335569,0.862423597013129,-0.224052480309826,1.93176454877211,0.104479992600439,0.503392219373119,1.25531488169465,0.955350230199067,0.759142358355137,-0.809689043109216,0.910202113827124,-1.097143907038,0.180464396189118,1.3337484109988,1.00567424376616,-1.66433045533954,-0.0561709641815211,0.130002165281003,1.96197730154067,2.36457070285505,-3.06296802462329,-0.849725649980834,2.31387334210022,0.0177765570250253,-0.731249445554859,0.608167668258457,-0.982305235333165,0.437930942962849,0.886906666013704,2.11136289513262,2.20855498949493,-1.17522657413102,-0.327906577196826,1.0466240999879,-2.01884410301929,2.75617651140734,-0.464654051007365,-1.69187482794455,-0.278803457814205,3.76700674712343,-0.106277227232519,0.247297485063759,-1.58700637775689,1.08848215228136,-3.04928266819278
-1.61869393629619,1.68933594231893,-1.35418308960766,1.71708747730233,0.998351362570123,0.278687687507263,-1.1128561553061,0.266120200944726,2.19662478455951,0.0561225669742237,0.133149773823587,-1.33031594313888,-0.435555871615782,0.426407991589616,-2.46982825720917,-2.26361242676386,-0.651842264371212,-0.295243649891524,2.90609770000646,-1.43594404775436,-1.43686165464973,2.57801992814263,0.863998252250251,-0.842674947446973,2.9506770967432,-3.86609891425991,0.752644450897302,2.3060211662569,0.0425524733455211,-0.934541486491355,1.94067338718046,-0.289649243102447,0.424406919475067,0.801968845636757,2.75939018225107,0.383729428908207,0.425423508840228,0.836595213567583,-0.0291089085073197,-1.03038706527455,1.20272733466243,-1.14719586729899,-2.34619068841658,-0.0194563336279157,-2.75879002990745,1.28483021916511,-0.239371864729704,0.174684797173321,-1.04475226929423,1.83033772045049
-1.15470795613278,-0.597248264817256,2.25384646930229,2.17838245333249,1.11610769389644,-0.530759690192906,0.0403897854914363,-0.611305113048831,-1.52673475124788,-0.962736231312503,-0.127023769635662,-1.68887352485705,-1.79359148802956,-3.64616011240323,0.0761403774571244,0.457053687833922,1.15469084665191,-0.706115524402161,1.18667592027917,-1.03814441327139,1.06423646750987,0.806983122823116,-1.38579932929571,-0.904468089559132,1.80993115745733,1.92169340087331,0.978493173114504,-2.03523758763623,0.595466741343395,0.0777711600369651,1.0775560903882,-0.0269134497783285,-2.07997771437762,1.48959084445235,-0.807518156919589,0.468197982632667,-1.28464703479509,-0.908733996016981,0.185573611064181,-0.189396934610813,-2.07592457769783,-0.827049410953114,-2.01549103977247,-0.724286696504191,-0.361042925986113,-2.27320665420165,2.0819335066996,-0.709963449366435,-0.877293606188554,-0.613987074501842
-0.874200452702449,-0.202624651981971,-3.60363454693178,-1.36091577463793,1.6402964289846,-1.69208363892783,0.550639258043428,-0.0998359830394603,-0.932490706998837,-1.0530292371469,1.47129692384243,-1.26934509674668,2.16444137617587,1.51280344634335,1.35461466373262,1.53779087130979,0.231144776153967,0.0433338743508086,-0.477617243854867,1.83880729150728,-0.700744083819624,-1.78195956906981,0.500628956597105,1.30966803993605,-0.353222640211164,-0.140151545217793,-0.629632364890318,1.11561013727081,-0.795955678299797,0.0166669089785706,-3.25992252494448,-0.489317968877916,-0.395316002051989,2.59203286008268,1.6087293629905,0.274682503978873,-0.223041338054702,-1.78066911061637,1.90609833996931,-0.726725506415262,2.07329123990798,-1.60058332737643,1.47805648966292,1.41196459106947,2.51003413256171,-0.240483845133274,-0.382442791817313,0.741402330461549,-0.217745174873629,0.914498021425347
1.38484966934409,0.716107228081822,0.182942902976684,0.812845859196419,-1.4825183090597,-2.21297244952315,1.11923858416465,0.17158229872165,-0.195676805994928,0.337912227104022,0.172214654449855,1.44996358852219,0.224055277416679,-0.0717062887354065,1.22747193264358,-0.89105897489273,-3.0076672141073,1.93642143686703,-3.91021176552619,-0.526594728840467,3.09751169604239,-0.414228422479108,-0.286600087766792,-2.17136494794204,-1.92435556624418,0.725802896655933,2.12231807887229,-0.84803837431691,-1.14571327035667,-0.66051972382353,1.41375687231147,0.770406926188617,-0.288344896133432,-2.95054885788271,-0.698400671018631,-0.613624065296508,0.212313510119574,0.938249247857747,0.833878904971226,2.49250267932846,1.03997205792274,2.68152498451313,0.360875979564823,2.84859439589257,2.82045668285115,1.10798106561381,1.62493398903683,0.700487176184367,-2.10469494924694,0.0948963889852531
0.0722590670983155,1.85970422411779,0.898301170092211,0.925864266318279,0.463653016138575,1.26267445182903,-0.83906101914446,0.227410645625982,-0.0685059062821965,-0.352597401101354,0.339543590475265,1.24012865732037,0.285096036329268,2.9165864298288,-0.303462307091627,-2.42483283109765,-3.24125227238493,-0.893742588073984,2.09260502724683,-0.806841240631295,-2.14644583820798,2.90782927271014,1.08280782838453,-1.73288156431368,1.99154669127793,-3.005056251704,0.730099064058244,1.06520834457296,0.690813711374883,-2.14664661681296,1.06505141754689,0.679266212121706,0.118213677648036,0.750008723939975,0.504346873279175,1.25689266624613,0.389002082164215,0.0920743048604044,-1.08943559238904,-2.96975845981991,1.21820914363517,-1.17267750864633,-1.86939719311121,-1.00827764984814,-0.318080432065474,-0.0981788764703954,-1.3927319642485,0.341423302858909,1.24362699324003,1.1833414751996
3.17482486655613,-2.67802249035031,-4.43973433093856,-4.50822099527448,0.899861356044417,-0.921577554327364,1.4959675473984,0.869784835123916,0.027288455279016,-1.18540574429638,-3.16523546806357,0.268150755085564,4.37215057035899,-1.36715835144463,-3.19809241253365,0.395677933441707,0.69320787476837,2.13418764251717,-0.335632379003019,2.38862511976235,-1.95791712771675,-0.968811952672216,-0.534333756622648,-1.08281145238715,-1.53978191307374,-0.0770241244373985,1.57983477589022,0.835194974884438,0.756714856376923,-2.03060274474602,-3.52893377187974,-1.72078356453514,-1.31404049440887,1.40594470194219,-1.46845733646871,-1.13646109413606,0.136670111263457,-0.785033653236402,-0.46072329402468,-1.12237363954009,-1.19608966419087,0.617659573359861,3.37554383810085,2.36687568974366,-0.854656864675636,0.361381609768391,-0.54189332686298,-2.69494863300197,2.88919184092763,1.98933626832756
-0.648461110003984,3.03409899321353,-1.0242220226493,-1.60456897806017,-0.696199587761257,2.31505381806611,0.638465377369454,-0.0747541024891545,0.937122525495981,-0.330089585897922,2.50592098974346,0.261299358004724,-0.953264651102111,4.61470145712539,-0.710993155516556,-2.85108832675805,-0.439357780879574,0.821352542251025,1.36399252565744,0.0452250522550222,0.287150248220505,1.33535778691462,1.68765110589096,1.31952349013265,0.304817481607767,-2.99511851682612,0.48003244896495,5.22470047133935,-0.0674080664339049,0.486527158210237,0.147098521524735,0.749859272163948,0.81043464051009,0.377226256963069,-1.06168838579741,0.677883607235816,-0.879333910220634,-0.159742639524936,-2.84554508825294,-2.01477944653676,1.0261074995467,0.0521610064474353,-3.11780905303862,-1.2748678780603,1.49378855953852,1.18539969216868,-1.14148248947395,-0.52096860164325,-0.277725166298079,-0.619720351600229
-1.10409485151278,2.65971216519487,-1.87644071792998,-0.471996849185932,-0.76592816841849,-1.59214115382508,-1.57707473139002,0.0901054046749767,-0.279471120054948,0.132486315229954,-0.674165237222569,1.99627018153673,0.62252913391498,-0.157808920627063,2.76364223229338,0.133210194453147,0.830798173958213,0.617034799757101,-2.09377309083931,-0.979425830846852,0.605663062280075,0.331484552197359,0.211351647577875,-0.941730733255811,-0.144898597142797,1.60496015096412,0.206828700774307,-1.19015864651098,-1.90711158647565,-1.86787786234451,-0.205130517295059,0.83149131464517,-1.05364131046747,-1.41514616565867,0.248984540578993,-0.812956092503191,0.454786957435439,0.557373820831491,0.393395774394475,1.13872158301369,2.05148781355846,1.10920812816305,0.787914021679774,-0.110686154226806,1.23517100716915,1.31847175286475,0.34290341031531,0.852898101219968,-0.618527425249265,-0.927716064788541
-0.52063363509135,-0.966161154177602,2.07167577517724,0.944643750244258,-0.269139544653372,-0.41151191423166,-0.00269540801958213,-0.359064217119562,-0.413863336497366,-2.85439084453152,1.4259719649476,-1.87842122489603,-0.328218535761682,-1.38800515046685,-0.371477705812559,0.274660680110619,1.32480412820038,0.427884145958473,1.17468138746076,0.816330937799322,2.27248648644276,-1.15854521886422,-1.65998747378092,-1.56479596495089,-1.02771494252839,-0.445678208298413,1.24068747965223,-2.88278065411636,-0.0480941591639007,1.05881479878353,-0.566224680953169,0.220392092896841,0.880002749175713,-1.80477152983712,-1.92966565449351,0.371116664441605,1.6322389626345,0.680428222486339,1.58480341630749,-1.43516282061509,-1.12981322095336,1.65880205234217,0.633176229107057,-0.142033205392658,0.739121806202189,0.13342372260035,1.59050181628892,-1.11692995998106,-0.60602461126617,-0.169000136384726
-0.299566836169127,-1.47072155937684,3.47273476994602,0.870691847827772,-0.0207702824651381,0.734101218758613,0.257178941874259,2.20293791642592,-2.79927403826213,0.855969610627224,-0.0630906947963069,-0.942758348803894,-1.59444046507938,0.193932816308811,-0.191603603456892,0.0963190419908102,0.0347042532246746,-0.336312165070131,2.07249319807056,-1.11618405585694,0.362767468752808,2.1858372799908,0.301181846325563,0.266053072570089,-1.05192166267959,1.76902514362971,1.43530151463782,-0.91439929614069,2.12383279247866,-1.70605389531271,-1.36201816521016,0.409231243958473,0.881995374962449,2.31057892150522,-0.540128770381809,-0.397681116405256,-2.03595445616849,1.63183050145247,-1.95015975234644,-0.106050776347768,-0.145975297929779,-1.7033285317215,-0.518285570336362,-0.361305996891701,-3.41525668935709,-0.53702099816567,0.658436415032072,0.760671361468317,0.343443963499617,-0.656676612329831
-0.265798574595916,-0.367034543735934,0.063642426195429,1.98273886942926,1.50640424779285,0.875393036075937,0.665150316277145,0.500862297361213,-0.538025896600755,-1.32266389080969,1.77858769626205,1.06583851328693,-3.17408593261993,-0.360733679799147,-0.655303961437493,0.883765565860654,0.75238776727858,-1.03422058099029,2.2999829139143,-2.02458291685407,0.204493747325627,0.543921217176168,0.528467045781751,2.28792843632139,0.26505904767604,-0.189460731926823,1.43965537066632,0.566291303919208,2.72592573042017,-0.352467553882292,-0.73342242316824,0.508278866099901,1.02056591626288,0.232991479510267,-1.45711231294846,0.26021915354005,-0.343126527273463,2.45649413852015,-1.72676878547248,-0.967477685567712,-0.942160558635851,-0.785731885234359,-2.50674752002007,-0.436294102596164,-2.4250567214987,-1.53913033236532,-1.72163751401236,1.20897099902775,-1.59801623405411,1.14569903449815
-1.50645738777139,0.794982245757036,1.95194492764741,0.491175176171743,1.82739381402942,1.18083886838346,0.866960153835041,-1.42116595236498,-0.812518128482953,0.874663900231916,0.0190316277130111,0.488438618062496,0.0858184360480339,-2.64759938983954,0.422922217863271,2.76830147912532,0.49807973792678,-0.0979342699116417,0.474390713905415,-0.262796211344532,1.09417855449098,-0.98480365126612,-1.42909834716518,0.736874133020043,-2.40342940182484,2.03808581235906,1.93550905946494,-2.33952431503957,-0.129201961135417,-0.620296452131225,0.916624231989325,-0.341922714352301,0.65699513670274,-0.474695281910058,0.214503144243023,-1.38308843861,0.414426659054056,-0.809686944873051,1.99420349098773,2.04436371627202,-1.55558237267713,1.31991239719988,0.560837728933249,0.146499808164865,-1.89310718798645,-2.27588659523093,0.674219768964424,-0.284801245133574,-0.135613254721745,-1.82485275866803
-0.144271636161239,1.1145310109522,-2.26542908537569,-1.22230730706229,-0.0051569312681301,0.325853751218465,3.54115542842679,0.338867911274917,-0.151117764033987,-0.2844435306744,-0.212373734834605,0.644451675898374,1.14027516165987,0.0355015375012619,0.74908240679911,-0.869945409716358,0.865759546298882,-0.377340444620185,-0.453235102803917,1.79606307038171,-0.196128791012015,-0.676565745660132,1.38408798441756,0.435818546458562,-0.291038799774095,0.293605149014866,-1.3224241263539,1.29817477955155,-0.933675764023871,0.456264375863462,-1.92686607060863,-0.360959602344416,-1.21656821167695,2.07667796189625,1.98288508448796,0.348040196417693,0.34951714439267,-1.65089313322984,2.10943771159518,-2.62788077266601,1.52843820178019,-1.10390650308466,1.50062583218864,-0.364427082499392,1.00399817197987,-0.17707826227964,-1.38002056373427,-2.41857690430995,1.49327202471562,1.49752715598524
-0.93230757722924,0.326250835440123,-0.919376354299702,1.68591054023809,-1.21613084202951,0.422664735348933,-0.704091310618634,0.248942115927976,-1.52997233536879,-0.0854667659533702,-0.22648001578752,-0.880783804468233,-1.51522429960637,-0.615422556030531,-0.827657552598187,2.41360693682943,1.21013297921167,-0.558260000140134,0.297629679280759,-1.02507328785265,-0.211273854318723,0.858770521425272,-1.11823258899789,0.248731630598421,1.22561745022295,0.225139544944487,0.691398656697642,-1.38221895592551,0.81046793319029,0.0224160036336595,-1.05384761679587,-0.514126712875705,2.97232041242655,-1.05707092265354,-1.92459600771224,-0.513462331177315,-1.35093091138807,2.64123498154948,0.374774340192187,0.634386521459627,-1.53647542508768,-0.531089274978616,-1.23486248362058,-2.43963071009368,-2.10255817220179,0.191720673654753,-0.49163777902269,1.61802686395668,0.191747937026566,-1.46085972381039
-2.20531316514928,-0.256624745346937,2.11386415673239,1.18352850936622,0.475970180164881,1.83954531949544,-0.988664062006515,0.785584288075301,0.209864430280248,0.593358296749053,-1.07370928941463,-2.06716791936926,-0.686458860299224,-1.45899265530514,0.894511970352105,-0.34451499252868,0.640277283632927,1.18274040236069,-0.415999498234269,1.67375478881389,2.35320185901744,-0.627333747928127,-0.996321353313004,-1.64569830331037,-1.4669329846826,1.8025129669229,0.165763128700895,-1.70407392749935,-0.230563908498208,0.159262000231654,0.203710742407856,0.233761247433516,0.427986583396466,-1.16983049914169,-1.1095670512953,-2.09009945617005,-0.40249055391124,-1.41337082188608,0.929429365980689,1.69064026981057,-2.06375170846938,-0.993855936408055,-0.89728348631215,-1.48323766787554,2.34429580512201,0.102752138167109,0.77005046804129,0.00359754925594519,0.465127959880444,-2.12476908160216
1.04686012243721,0.426053153813314,0.416708737546841,1.14711996492927,-1.28413951602822,0.0482180093598621,0.0542954813031088,1.48939255196235,0.0112457090090354,-0.197355029866095,-1.13192390752951,-0.0973545940420102,1.45396442613589,1.60102446542338,-0.733741888208369,-0.450849044493375,-2.12791897431606,0.688353790725879,2.75373893086894,-0.125039533320899,-0.981360879641055,1.5414956547532,1.66383636281711,1.00134596666076,2.44294094435945,-1.39970331784282,-0.320207808609413,3.17523863145734,0.904153771235132,-0.220395781079465,-1.34624867626698,0.302926931964454,1.60358061151461,2.0820160435319,1.08021727053325,-0.727956952698364,-0.120187317175493,1.16846963463185,0.0755000872821723,-1.24434417397528,1.58296483967183,1.31766852753634,-0.296899410564664,-1.68379966751251,-1.71269505133752,1.72734617980576,-2.29757615090801,1.7656039994374,-1.08878579195202,1.83102027789574
1.73260771055962,-0.0987045779358553,0.710333953001408,-0.365680848433466,-2.23682815210557,-0.27901846257776,2.68445768957,-1.36153767356266,1.35717043516926,1.6760351158704,0.929627384385912,-0.0430701796594353,-0.148622930941348,0.771699010950814,0.654996677767606,1.49127998650238,-1.35698414420922,-0.663115163490864,-1.33703264126641,-1.52878124447889,2.99726569551427,0.110484257455586,2.61462127568035,-1.48337560041002,0.959596854862282,-2.00524021732104,-2.69734189535251,-1.29869074890631,-0.861097936998597,2.46126732908905,1.46400005420207,-1.07340755694796,-1.45848466371498,-2.64665941164454,-0.0654920190755222,-0.267799426107319,1.33611562966929,-1.05467984720547,-2.74204143430282,-0.272779582055454,-1.87101658041557,1.23017253122403,1.01730481765804,1.26969445453918,0.194850837862388,-1.82168234971727,-0.848961886714769,-1.30123465456741,1.17706635176206,1.77207599474361
3.68802173581444,0.521688801222613,1.41252695417066,0.728486758634982,-1.96657176307807,1.41267063809826,3.23585733050647,-2.90230422421535,1.34756663736613,2.41636245286831,2.20541163426259,-0.672977505310095,0.379022032867672,0.894787544353857,1.80846001483924,2.20231676042542,0.340502652767578,0.807193610233971,-0.0617847482611621,-0.370092047343418,0.937673026285219,-1.64518576898432,1.55269484539286,1.76360147291555,-0.690212396315249,0.191819322491973,-1.11639640022799,-2.83074981947374,-0.511608711792967,-0.14871529581236,1.02370166082606,-2.82649252146392,-1.60361586263622,-2.91692447584396,-3.7241767158676,-2.16104688718932,0.0739091689546351,0.994273622099045,-0.168701018801888,-1.03223895463182,-0.0712558522310145,0.588314459995726,1.12143279056438,1.51479806183586,-1.90625476023413,-0.967938083933775,-2.64548756759868,-1.28902868145613,2.79998165449906,-0.290759152789086
1.37106502846209,1.33745777646197,0.1669931398088,0.288828146854854,-3.21116590485999,0.292076638457866,0.391805583000229,-0.978997835214663,1.84760922098565,-1.02546319755237,1.25009106586239,4.17266200670699,-0.851631716293177,2.72123116546037,0.895416568789966,1.86883093592502,-0.325814663551872,0.918525333946197,-2.49869320540506,0.140504083856903,2.92151425413932,-0.358645576046921,-0.0327169613279828,-0.751808710848366,-2.23429858763932,-0.314262354407187,-0.36237697804766,-1.48102787433982,-1.49169070720458,1.19446624388208,2.85268622532998,1.46961916723726,0.819246238634731,-3.65202633097581,-1.7345821494672,-0.0593907509936295,-0.365928401891874,2.46198430434729,-0.833792591106541,1.32370561512307,0.79330014939177,1.37083821864928,2.1177714086116,3.33162324209352,2.18091399745315,0.645605711545352,2.30434027396816,3.18936586668529,-0.793515692526005,2.28590636969185
1.3989024681587,-0.936169738788567,-3.947641374087,-1.39861501711165,-0.293868185422233,-1.08030546987967,2.54783581792318,-0.617671820152297,0.41277361819662,-2.85552487170925,-1.79546541670053,0.423763139208842,3.17232638771583,-1.71836282962348,0.187082142064244,-2.97775587006915,1.84164007085385,0.305647049975602,-0.930835538970932,1.4658397545804,-0.300429348199855,-1.79741890911343,0.466107246665875,-1.62510400410058,-3.14348379618416,3.1791123726738,-1.8783161314477,0.326409459015317,-0.374590491804534,0.947646957898403,-0.864175788251033,-0.371713714470124,0.724239882732153,1.10669403380717,0.162779157457389,-3.37385494620842,1.22091196515364,-1.21282980221761,1.549121247411,-0.375694191842781,-0.948646807531938,-0.878285835920554,1.73962940740434,0.598768398742943,1.20225228938512,0.666005350478237,0.473560507224707,-1.11005671554336,1.65589028605208,1.16744820940324
0.333337226299243,0.425447563889385,-2.04771540922366,-0.0919984063377837,0.340809204401885,0.280468464238566,0.312012193883145,-0.681659502209333,1.96253987958848,-0.274009110027078,1.72045146964186,0.538445103363109,-0.475466603959882,2.51665926489768,0.981731090339942,1.08945262761945,-1.1540773562242,0.840795606626511,-0.956316969423601,0.738632436592266,-3.22443878512318,-2.03390895278559,0.72282598864085,0.349959473584448,0.303011794696494,-1.35726560035764,1.21099410204658,1.19596374926123,-2.71837840403864,-0.916819689555087,-0.697725245365848,-1.25698326641322,0.0602605369075605,-0.379007576700232,2.03604710223103,2.7776028661666,-0.730409948189115,-1.41500777096347,1.93279994465251,-1.04030580740762,0.715592224531145,-0.826687476547273,0.462742977371085,-0.062917708059886,0.814238173277551,-0.754024583703228,-0.623685390614229,-0.167562357861705,2.49980341727528,-1.91608604996928
1.92397822823395,0.0569960879035573,0.342962230367675,0.709071919190145,-1.6264232086804,-0.622522450042716,0.572101941553893,-1.07511562363103,0.674498361696606,-1.55899070505914,1.21511802913443,2.86547576580095,0.266026378355827,-0.265187513134385,1.73433951425286,-1.19138671086394,-1.35506304326853,0.416661644196458,-2.83458203195042,1.19274680229356,1.96237554948513,-0.537082517035833,0.734947878436051,-1.49781199568655,-2.12393864409506,0.516844540278683,0.909993880923658,-1.20344088527376,-2.03708612726464,2.67626902847043,3.09715542110567,1.79224057081265,-0.902964105388645,-0.802271732679614,1.06262193421711,-0.0963600601179792,0.69800523112366,0.79169484424112,1.14800338853968,1.57376969226919,-0.153075491583262,0.573006337976035,1.95525712185124,1.61901149905224,3.02953659946024,-0.00640736361558654,3.4113757835678,2.34402574253726,-2.10342875670419,0.547521728491137
-1.25551209285349,-0.949640196264535,2.17463265845035,0.9544501601554,1.35367976920602,0.207868725490947,-0.588695520088671,1.04596147324408,-1.62376078357176,-0.0603609564401658,-0.579360420549621,-0.925265794651359,-0.208661645365549,-0.465916575670418,-0.649000613569759,0.608167480574858,1.12235236303876,0.0326421528877251,1.32081465896952,0.000264606674978074,1.17309956592284,-0.426887588629107,-1.07562213645817,-0.990100031982364,-0.568408366367797,2.2547148278907,1.12933189361274,-0.989434231750995,0.908751828404843,0.218052427004147,-1.60647276293501,-1.03295585224041,-0.401844138395132,-0.225602183641862,-0.66313865251024,0.482204257303261,0.376264618883728,0.97677582418155,1.63769418874409,1.35278933933867,-1.01938166168895,0.864389397319043,2.82275124743375,0.609506410569638,-1.53540237595911,-0.148262641127318,-0.0396609057888253,-1.43056910121462,-0.604770381579325,-1.05866273803157
-1.08603236839024,0.822630954389241,-0.318195093416825,-1.07932842940714,0.274015302728031,0.565875354934232,-1.6052044816625,0.0961806265628346,-0.526012460391332,-0.150375055151945,0.839126668629914,-1.82472697190532,0.487985111169832,2.59836406900821,-0.359032799206647,0.411510484751719,-1.56533821576523,-0.64172390431084,1.63504204571252,1.4504362437162,-3.44222273877591,1.16273808837235,0.51273902611387,1.02212578365591,2.0669007294871,-3.92767689148308,-0.267315213264194,1.46429674445213,0.370977283623065,-1.05288253283309,0.28332946453552,-0.793301116780851,0.402019347605517,-0.933367300950704,1.36410316121141,2.10621579136537,-1.46000468986436,-0.0579087629769984,-0.877789827382273,-4.03730252087528,0.515389942337168,-1.37197386504298,-1.05166407867495,0.023528730874932,1.12839948488059,1.09034107565382,-0.534843888542048,-2.62480552300632,1.86691010879011,-1.20369149032022
-2.07666725988085,-0.377415022790141,-0.919136976478345,0.425073799742002,-0.873148006977078,-0.752002713406835,0.725112610732511,-0.529958190044396,-1.10866167269243,-0.30438873997853,0.76563814244132,-1.74582713404036,1.41840708056839,-1.72151760607827,2.02271112115068,0.458667255631346,-0.0972271412009067,-0.217300785310906,-0.370165635186988,-0.740911804263711,1.16769118978185,-2.04462583511731,-1.543766241639,-0.801191316410456,-1.57191291889939,0.317271385397662,0.531911012034758,-1.71569041269815,-1.91009391463708,0.257272309578155,0.716386830086214,0.716587052190782,0.397355512571703,-1.02180549834309,0.717894405825839,-0.740026885495864,2.01769911676147,-1.33000704305554,-0.011874650701611,1.53674905264329,0.270473212143621,0.440710303653079,1.42180984140218,0.529026200671723,2.62126322714742,-1.55805116777834,1.02936415013388,0.57482376145144,-0.519978944036409,1.04598100649709
0.586625223865279,-0.00246150702583221,0.961795833619549,0.0619751388422179,-2.29295851798709,-2.58355256453814,-0.93952378415362,-0.291138655562326,1.64305458300254,-0.779247273078272,1.83382360074632,1.24342994563194,0.124837864648602,1.34408805912597,0.0980784853734905,-0.857328159634242,-1.29725301720337,0.522859373267088,-3.50159603225126,-0.0976659645352259,3.37841751130603,-1.46137606189944,1.12921065471298,-1.29285800039714,-3.13829722058526,0.849083337912401,0.650654547324354,-1.51492511651728,-2.25112641461304,0.849748634524674,1.65753320587572,-3.16639554032205,-0.179545395130127,-3.69051081228704,-1.03833153031356,1.09452890285444,0.618722068819863,0.0557797096830254,-1.91906852160945,2.24000176864332,0.674309982862961,0.0224025396358138,2.54414276127592,1.73827258132933,2.27688113523672,1.06298581964005,2.00871791917066,1.78067027572309,-2.14697134026003,1.74809971018078
-1.83694293642027,-0.995649734933778,2.41819794622567,1.00937577673454,1.59820741033085,-0.0155946091903044,-0.192565040732825,-1.06835497293016,-1.73888853169834,-0.950988824665982,0.688329228571907,0.946318552333454,-2.43579556113968,0.43110752516376,-1.63166275736484,-1.53720463977876,-1.09605645513252,0.83573273719079,1.70987427306046,-0.342383993044771,-0.00227601178420101,2.7911684799441,-0.601660471596767,-0.567730772426919,1.69410604802832,-0.172808284554638,-1.84565258245383,-0.953918035150604,1.07904562443484,-0.874980664719502,-1.05569363865948,-1.91631012325055,1.17179896781024,1.03303096714793,-2.20129181584679,1.10747549198412,-0.872038700900846,-1.62334978757747,-0.617590928613391,0.0644136673076866,-2.30996840448334,-0.401194245770308,-1.02846740931234,-1.97223607441754,-1.99607781034332,0.07199569514629,0.583412559496234,1.56917055465284,-0.944456826005394,-1.11976688323513
0.326949558206806,1.00811948131497,-0.473841360575388,-0.356178907806535,0.890618540087951,1.49959156630936,-1.51402691683714,1.78780527197791,0.168478755319204,-2.41512378356631,-0.28835177669704,2.99792480238546,-1.34914274987827,2.01372052180105,-0.280054306792996,-1.85950033038026,-2.23235549385502,-0.00937595639795412,0.447198512785492,0.631178051170045,-1.81648433223936,2.60118000571394,1.72354809013079,0.023510471115738,2.0235403471032,-1.76096432762777,-0.829051173509207,2.07428902819949,-0.200584524437492,0.419741051131372,-1.52097960364356,0.141720322188043,-0.65823994437078,0.669767519709329,-0.354490905325703,1.85663014190185,-1.02056047792363,1.11819215823973,0.443352527971005,-0.963197847059084,-0.649046477139898,-0.253001563415908,-3.28221777247572,1.71624179994675,1.25134200695342,1.18892485070628,-0.724537785607782,-0.618751282489556,-0.0568466412785974,0.799670230921375
-1.22003916927789,-0.344924511993678,0.387001484643383,0.158138380373253,-0.54373833483671,-0.135294040442902,-0.702502304895087,-1.10347704087952,-1.11914611319971,-0.581157605646156,-0.0972372141844068,-0.522133514671883,-0.43975777538181,-2.71793935007465,1.53680033163692,2.06045136099137,1.12102412756356,0.983630846639772,-0.217135468616947,-0.526218963838545,1.71369453085076,-0.983243821200569,-1.70942248005873,-1.65403436051771,0.193871269962632,2.10910383704216,1.46381574502824,-3.99770973767644,3.26136003148745,0.1736585722837,1.6257147794356,0.449611301961037,1.97161881224569,-0.603308793188267,-1.04691202479766,0.429677882262566,1.65797146676871,-0.396481851655753,-0.550552086629251,1.57573245132704,-4.10982398398327,-0.177560973566981,2.52201065254722,-1.28022235561203,-0.640732273805842,1.03684288998884,-0.698488903750514,0.392340797920234,0.0854937880057144,-0.868725784827831
-0.67262007047105,0.173288600887311,2.7475181523707,0.706663509671245,1.61581218428059,-1.13302773357547,0.824277173658737,0.346033510332605,-2.6483765291146,1.36679815245998,0.489304115588593,-0.0792700435757456,-2.0651416221231,-2.4336424811708,-1.70976815912153,1.4616548312709,1.70484800895217,-1.55623505110153,0.418123214697417,-1.89126685139302,0.594974984394851,0.316590304382101,-2.08827525907651,-0.966268918446353,0.371739306950836,1.24873559805243,1.11531456830717,-2.82116568376801,1.82175933283729,1.9767867572182,-0.619328366362318,-0.675496326126525,-0.558454546299645,-0.639814986155855,0.487411996938837,-0.933578627490054,-1.65517900171928,-0.578320022149906,-0.12753827085692,3.13572601203707,-1.4040134833998,-0.669828119380393,-0.161944828207403,-1.04926043121126,-0.506066401820622,-1.28983293898895,0.420895286922187,2.20691219077074,0.857085045352124,-0.988308406175529
-0.469884355814539,-1.94129156904005,-0.529786884177429,1.24168004870616,0.636815213127775,0.872620142980076,0.176692305661484,-1.97011951820796,-1.67774347248022,0.929253322713601,-0.428705305356338,-0.330279077448664,-1.37173915896181,0.111492844115127,-0.621722647822269,-1.0113898547442,1.36867251848114,-1.11282349855529,1.94691341795408,-1.16435115919875,-0.395919121395272,2.69620233464671,-0.42144371145795,-0.751939020242633,0.756395581724051,1.26676489257389,1.58591775024707,1.26873592807462,1.13399919674943,-2.21332567860033,-0.598219234346314,-1.45983141126835,-0.371344555501627,2.0995193201258,-0.609722864359794,1.39658115471718,-0.641799303087241,1.68764057430322,-2.2657386338561,-0.685351851014277,-0.280017147717852,0.0987089982077679,-3.15020137569639,-0.916129706539673,-2.39023236786715,1.46455561069971,-1.96233034007663,2.47955689601255,0.871056539199142,1.5313463396788
-1.83381134987045,1.12950152549027,-0.897286833647763,0.691410610606028,-1.16795278759333,1.61598409136244,0.647605734192887,0.0301536186873781,-0.0804452234614069,0.101594678151646,-0.69582126551985,0.00310800393114242,-0.196088165509925,-0.103548941341024,-0.710062742950334,1.01344196198511,0.460643471872958,0.123299483748861,1.46787375356613,-0.964190840622543,-1.62389587970345,2.40921786738697,-0.325911094384667,0.644249402219995,2.82645964674911,-0.452099066191713,1.99812348671498,2.05009354457649,1.32603449469381,-0.873653526117132,0.0348781617002131,-0.616566197634758,1.15332995746957,1.29685056808594,-0.398771872801973,0.296675829703598,-1.11093528174369,1.59681150242533,-0.712699972424283,-1.96582773621902,1.14550470207891,0.868705966524127,-0.377794238340498,0.323059854612699,-2.16841657541508,1.58858063004679,-0.695119052842877,-0.196686370367532,-1.23594340503396,-0.00243111712803209
-0.259397070671931,0.865023909742687,0.0727014617369271,1.12705863099921,-1.45034659753528,-1.49214947541248,-0.218204144897428,-1.23974667535787,-0.114481495442098,-1.57071480014162,1.37166901781495,-0.493719424677046,0.898451451668238,-1.32258870518072,2.86845326755628,-1.58083228605257,0.47140452046489,1.72441438520199,-2.31720061343099,1.67765954555722,2.24158009288267,0.235461648172523,1.38969826669758,-1.11649788055675,-0.695237322115946,-0.266596851277559,-0.177988812721612,-2.45187234897144,0.835626752526127,3.55161470648029,0.2920742003003,3.28902248423379,0.727356747696422,-2.34951188824829,0.387422721380954,-2.97059649298543,0.616979749405483,-0.00341538111234124,-0.732601658442132,2.09360211035253,-0.37603495833518,0.426822476851376,1.48331926147313,-2.22105875655235,1.90778595768612,1.84897997393118,1.38616382241272,0.91540791884652,-0.89566489711013,0.305414131333944
-2.43831599786057,0.0266111508692088,2.70773993831374,-0.344770914619532,-0.492616841483298,-0.19735723550516,-0.0441156047483141,0.568014274478523,-4.56531236426872,2.25691055933897,0.313066665083574,0.632958871003817,0.080258408369929,-2.1097836682234,-1.41122936419312,1.37925107471066,2.44976428457515,-0.959307425175341,0.860453008132145,-0.976924068247551,2.14990659782689,-0.710634786560545,-0.734997937900635,-0.709445519928561,-0.930150347109219,0.80748017503177,-0.233489491308163,-1.74927387456987,2.6540706017849,0.759455573875256,-1.07852360545894,1.66689008893682,-0.237081648835159,1.15893455114626,0.316106899860365,-0.912762044230984,-0.0820359755903884,2.50671261569006,0.52872070574563,-0.375416377696617,-0.793177524654563,0.386819879913947,1.10609785424033,-1.60782948486363,-1.27039149864149,-1.6813623972044,2.08778678178249,-0.756511451349591,0.160034262830922,-1.07486210171927
0.523669692887478,-1.43741560817698,-0.184554865129137,-0.306728183345272,0.863870335660023,-1.66664365446469,0.129148160187481,0.922007239904674,-0.125701735542873,-1.03261992886662,0.804034562562657,0.576353763571352,1.02843613226571,0.297454861857235,1.0867630089432,-2.27379522212366,0.363539451812886,1.13441733827835,-0.872910810613877,-1.01383366826886,4.25602874167487,-2.1629158256505,1.23687490376166,-0.408490384897269,-0.863003951057808,-0.147969687556081,0.441402844198683,-1.1291732927722,-0.185014383283284,1.67142552443877,2.26750464247721,2.22659076017747,-0.51499968427433,-0.481860693591978,-1.52526197299502,0.607333904859592,-0.704403175229983,-1.46956944923442,1.27207009579764,2.72727255697368,0.0226055600151001,-0.458143754045241,0.200375164547974,1.39417887472466,2.97696456198672,0.667889612449355,2.83745162539419,-0.127202526928468,-0.323830231985578,0.984763738930315
-1.82755393038601,-0.172311111515766,-0.40070186222787,0.688871381117939,-1.1297262822848,-0.392401486498894,-1.40986461481082,0.239935841663815,-1.78878017136477,0.696071863874488,0.243138659979856,-1.36691750995701,1.14990819612495,-1.95508676325112,0.402710353966086,-0.182595093723453,0.446094124741211,0.552378696847594,-0.800353652787216,0.298240023151956,2.02854544001283,0.297760419662965,-2.29492862820491,-0.181724744285564,-1.65768150347946,1.06934379355428,1.17823839815827,-2.45485976241881,0.684898165183654,1.24759775540542,1.07764662944557,2.09262384147047,0.369359840494192,-0.095558308327795,-0.297692936586372,-0.776424042896092,-0.126969881243768,-2.29240575973385,1.72641060201256,0.577303536681989,0.530625604339665,1.46760856040813,1.49146382024585,-0.452163535286874,0.174050344602915,1.48742422090084,0.304811547275838,-1.33579530528394,-0.642731074071103,0.0574485360394273
-0.00916519832696608,1.15888533684873,1.06175415959466,0.244264625654576,1.99035359622802,3.09146959302883,0.0328072564246143,-0.196329788113483,-0.691510554407615,-0.800888147807626,-0.864824529366151,-3.06788819970327,-0.292784203047871,3.75908151303523,-0.340871034310253,-2.24170590775712,-1.3224492728476,-0.981353371723494,-0.970627027305083,1.50782177304805,-2.94010401953209,-0.0662860212710172,0.671709116407809,-0.330944250007683,0.950713710330199,-2.0420716063822,1.33199233128606,1.98189580533632,-0.649083217696265,-1.25127951779975,-0.195489741369728,0.18735516628461,-1.12381749325116,0.177067146376698,3.4777885857754,1.75326699874698,-0.600901665057151,0.658517817807175,-0.162625345742279,-2.10103646094913,2.09452826138054,-0.727409634851716,0.825300339451325,0.89405395990452,1.00121812039389,0.490986441384026,1.00063678068799,-0.312278134825071,2.08933484963468,-0.648749541300292
-0.982720651616694,0.160075558830636,0.656622709251582,2.0527661902643,-1.7214841134934,-0.32915100266252,-0.0227616534947691,-1.60399296032396,-0.309135901580954,-1.36750647642323,0.312485294850509,-3.91812539899722,-0.118070586448858,-0.818956729287195,0.906795042950207,3.16201221761165,1.79592496822,-0.620073864495008,-0.797677168254686,0.267366937065486,-0.164650524432649,0.62255728373677,-1.75434620509098,-0.295841909401992,0.557364033673172,0.680469874134809,1.52320659966688,-2.86938771854246,3.1528359935548,1.23345835280711,0.306539558983115,-1.84919830841071,0.273134954964986,0.148010353905522,1.32071550651887,-1.14480320952469,-0.177600302625939,-1.35472000464595,-0.10595938919275,1.8934577899068,-0.379109754134432,-0.258970180327228,-0.145655605026288,-2.00113810525985,0.525831666971803,-1.94518553190503,1.1078696371174,1.01364579797817,0.339912292221921,-2.00145591391086
-0.726446005468781,1.23378990716413,1.13897110076415,1.66449611616512,0.0146902758093194,-0.485900992595486,-1.37367343446289,-0.392670042714946,0.33606479569393,-0.410532967253726,1.18745395114373,0.297352633475654,-0.792678865620913,1.65198442003899,-0.873397630084179,-0.473141161453468,-2.29846437958239,-0.670331055704162,1.86202728288174,0.869943840713085,-2.09603089348894,2.88597838430572,0.634274642611666,-0.581655783200416,2.99558108491867,0.194276355795556,-0.524464360836088,4.219544487494,0.708173589030383,-0.0271532288877535,0.268122301008853,-0.0707865963483338,0.264552857298787,2.69149649335592,0.292343617649805,1.07473441222106,0.358371836057854,1.20573565881392,-2.43089687466641,-2.56142381434962,1.53997436282726,0.459877685045177,-3.12390319540217,1.1200969178853,-1.19117268664964,-0.552558086280172,-0.822523126123971,1.6225891858344,-2.73037466532879,1.20028055413106
0.884007323983914,-0.165022824287643,1.71972416123811,0.697274837442581,-0.735438374031251,-0.0116108453275002,-1.29377398035997,0.546301312326602,0.253090134791425,-1.26099046556695,-0.216643386298769,0.852125444822738,-0.228234460135108,-0.21182120297826,2.14528140484183,0.685387287503999,2.56859181823038,0.322351669580017,-0.64281247586391,0.840128476415029,1.33129331888169,-0.341437721798491,-2.05172568425334,-0.701057596958841,-0.615169268403861,2.70180991485109,1.44400596588984,-2.33887343186557,-0.337501267074867,-0.487806740317375,-0.626675031648305,0.552022601762142,-0.221058604212836,-2.08040490033995,-2.25784445430658,-0.00543980470507413,-0.809184534700704,1.43062210916749,0.559551809682613,0.325417315337467,0.19079841712692,0.337404167413185,1.00215686230111,0.759967923267916,0.772595457467962,0.230002272145055,1.37979396633029,-0.501642900280732,0.158703885004736,-0.413370825930176
-0.78765925182888,1.17506388142244,-2.06651861075121,-3.70557819762526,1.07740864472595,0.149278242160937,-0.491269881973399,0.0366659671347886,1.35198846817609,0.131172377450298,0.496491583151633,0.967057207003617,1.40102374726275,1.37808487489896,-0.14481531485109,0.0721125104943522,-1.58894636536217,-0.981634956634229,0.580113364603,0.266455740440497,-0.777870671971588,-0.480807313894285,-0.496227669792488,1.30645937395469,-2.43187609520476,-1.59649559742175,-1.43954274466,1.49336165836589,-1.99459218527324,-2.32865967342845,0.357802076049894,-2.19272158925077,-0.802677177216803,-0.664939117277904,2.59665162275453,-0.981229680824045,0.340434121680146,-1.86803022824478,0.782803128966164,-1.98953754521736,0.129519119709878,-0.373719413999399,-0.98529857036549,0.216156034685851,1.9306909182131,1.33660484493586,0.99402254028673,0.022925349900155,0.457588176742099,-1.81696073111919
-0.712022599205414,0.0323581990896638,1.16562021702292,0.834558874904759,-0.296428107347287,1.84353147450896,-1.39461789310126,2.01630814121918,1.47116587219212,1.90764012103824,-2.66561157430654,1.56838666167523,-0.278441172450868,1.22652560253033,-1.65879005415447,1.05240425862046,-0.717933639163529,-1.51975865777793,1.44988391683203,0.199662579690509,-1.2926100613396,2.00480703002903,0.493421368209824,-0.293974194728866,0.0265902141772459,-0.175920387753211,0.0384272393092607,-0.399576183633906,0.842704148977621,-0.859737817932332,-0.10239712030724,1.47031099542902,2.27422575900194,-0.185124790024167,0.809679760506008,0.101408862740448,-1.92781081856352,-0.447092483537716,-1.67689951907573,0.907004335711458,0.51792991847239,1.38200040428044,-2.26284307909338,-0.238155615312662,-0.807203704307359,0.311258967056136,-1.88908675531009,-0.133807813947929,-0.470305389606251,1.59715127466844
-0.661673561421075,1.17119840563334,-1.59246633272517,0.503243498802528,0.91980694637791,2.35551811532567,0.841072887506562,0.816924313665934,1.53812986208951,-0.462995328660815,0.505929445825668,-0.021572850336267,-0.930452698721928,2.98271267755387,0.784704044644116,-0.639133025474543,-0.190298234650828,-1.02223090165806,0.0504667595472522,-0.545212789588312,-1.46331849550932,1.16120928470523,1.37673807140289,1.05976073791876,0.333192556085159,-1.27623038918888,0.301726700856747,3.68182154166293,0.0485632488918166,2.91283357890153,0.743363213246389,-2.09898703766186,-1.49917427099663,1.99835565830975,1.28387846605594,0.945019749404878,0.182987266856771,-1.31310863241959,0.541678477551659,-2.41900309554735,0.984921994126497,-1.02922329161468,-2.41427520353616,-0.192321968599106,1.75139993350737,0.977839077158811,0.13935597449506,0.0956412412835363,-0.766883884989513,-0.854407231810342
0.0373919080436548,2.08596381832736,0.568827713511308,1.47168107760456,0.851749886645876,0.406855964335089,-1.76685133828655,-0.123831420068602,-1.59254053747034,1.74482794460604,-0.295386023856114,0.104723980563894,-0.127086330171156,0.0973426487961885,-1.69876508010571,-2.18462900977974,1.12806476188387,-0.61684413203972,2.12262079572241,-1.68093090584517,-2.55654687480498,1.63568960424823,0.755280348823298,0.492242660469736,2.88193057234021,-1.09243449092688,1.19166742936789,3.7052186664882,0.437730088324837,-1.71623000935142,0.637348259107745,2.23916311346995,-0.297867776077415,3.1195313772772,1.49113425971966,0.093779300693654,1.54310212296982,-1.40492141122087,-1.54213333318184,-0.30037305676251,-0.124415103239294,-0.93899988685152,-0.0330863434989447,-0.413677341691903,-0.421360102123655,0.52266312263804,0.0508066111848779,0.813091541066625,-1.19865025251167,0.796991495161377
-1.4465607294275,-2.07237534935163,0.484187853056737,-0.818049636584874,-0.974451131037854,-0.0992370742711763,1.19673266901733,-1.19535864295307,-0.798599401415783,-1.12022330487181,-0.288538285441235,-0.219506157379367,0.0522436797121841,-2.17681081127092,0.885731807454466,0.215860734451278,1.62652783131158,-0.676272488538891,-0.271119648600489,-0.667774996551571,0.895099653169769,0.318729113237934,-0.698223555893649,-0.66156242324496,0.171435605049561,2.48141975696851,-0.905484170175312,-2.03017047947354,-0.556311985812842,0.63527265006184,0.410222016434504,1.23560826876825,-0.50926582015186,0.889884835979312,-1.38991633734739,-1.7860565946258,-0.701076946580214,0.656550002836815,-1.14968508290739,0.925225597662428,-2.48737282775629,-1.51995688492921,1.30445405750533,-1.33970010457833,-1.55430977038415,-2.05000630910428,-0.360513685005215,-1.52197718767635,1.89820130126244,0.16179185426155
-0.238128235185353,-0.718983764518879,-1.6623531102002,-1.02890628413956,-0.646952477933356,0.822106396869973,-0.43211945772468,0.00349058447467485,0.0160033775712738,-0.0330334470701091,0.826281741367653,-1.8808797915175,0.38588880753535,0.292535054379828,-1.26283637972234,-0.0759153044979032,-0.302682879799866,-1.43323773603883,0.596082674057452,0.942870580683316,0.47051942518362,-2.41675121092099,0.105167855884053,-0.238633917147463,0.202059672425445,-1.96638186413458,0.59361810046973,2.85219247317576,-0.692003298836214,0.0970836682221375,-0.355156977673087,0.311005530527359,-1.78984345782363,-0.28723960990978,1.46230941639147,4.31206714130067,0.727706395935213,-0.495894267968557,1.48944198857784,-2.15875226733444,2.01712835550381,-0.788305339790276,0.285116399427061,-0.853404536704731,1.57018346791314,0.611800795647709,-0.27385684226842,-0.688070254218489,0.850914313045062,-0.0137866443300071
3.62172776891172,-0.365393961437669,-2.29097539954906,-3.6986634669894,0.668101576152109,-0.948127828671044,-0.358790640688513,1.34310266049908,1.16066126090233,-0.620375567094964,-1.8789869207023,1.36985080799404,4.34320819470282,-1.8179115820518,-2.29416810790621,-2.30094396507471,-0.570703885728859,2.66664857608937,-0.396739408848859,0.879797649831627,-0.747289830157788,0.225182877307324,-1.3465468518264,-0.547045460756343,-2.60241627151374,1.35063121704754,2.27389585601325,2.73965288583944,1.70276818970569,0.5225476017063,-1.43156741343503,-1.25106586443714,-0.351621254603917,0.560960839506338,-0.53831915138109,-0.445249752487782,0.700443247066593,-0.92987056430914,1.50521263625497,-1.42532323718411,-2.30357801608243,0.260127367545105,-0.386674797768487,1.17353430208929,-2.15549510869225,-0.757905062258299,-0.789654407853191,0.211293993924601,1.96150701124792,1.72504767457659
1.41342483098641,-2.58629272648561,-2.02043528760655,-2.40989008039455,1.82651916247216,-0.91258059257066,-0.363871936426495,2.23176864619386,-0.955618769322555,-0.695015579028553,-0.967867904881794,-0.198727314284045,5.45291407847832,-0.0878380807588555,-0.576063845476151,-1.95503354855076,1.31965623178651,1.22467155561876,-1.77675843088998,1.36978571155545,0.115544400436096,-0.408783067669109,0.51633215051902,0.604740614308964,-1.08997286701041,0.325986737716794,-1.71131147672775,1.32729650621271,0.0885714636865979,0.346765064991424,-2.80053313736468,1.17000592435179,-2.42306020481217,0.527980421896539,0.926770011125135,-0.515316758216108,-0.722751047919506,-0.264469533504214,0.738791532302645,-1.82553686883613,-1.68512436110021,-1.07896484282914,0.942685457221633,0.912346081678451,1.2264028225727,-2.04971177923305,2.80181006425795,-0.157899830467074,1.26299599012876,2.39216959098319
-0.241383748917761,0.765394277042164,2.070532336281,-0.151879179872183,-0.250776013704929,2.10120206155832,-2.90784780052336,0.176113399780066,-0.343119592293605,0.50301682475821,1.07798582969059,0.174800791472109,0.451462228959692,1.54898983509402,-0.69140147904988,-0.0915937399312515,-1.57164956745463,-0.479237752289923,2.51582382716317,-0.213855528511215,-1.53545216338326,0.805250785893304,-1.0426924573346,1.55927839364126,1.23255385501914,-2.2468731696039,0.938806208785245,2.08644220390081,-0.247122702197487,-1.01605120205567,0.0422178725118258,-2.75767920160783,1.00183708519277,2.6821408234825,0.369352643877603,0.763500327264942,-0.692807305682042,-0.732036200965593,-2.19469252427392,-2.02498671710871,-0.031335330285011,-0.47620992512924,-1.4595771337774,1.16156229177424,0.523826438662211,-0.95677846951573,-1.94055787127368,-0.961415512334966,-1.02509312280333,-0.487008670436385
-0.97513059609324,-0.918033479961202,1.85373841219854,-0.35727178682793,-1.23274703459903,0.284690175489814,-1.18775191442131,-1.26847805476378,-1.38276444380437,-0.951147718969666,-1.45434901657934,-0.927350031205499,0.341072775142913,-2.03122239525998,-0.226603481303353,1.07744592479579,1.77816736206938,0.720640848267868,0.551970992850032,0.178548339725426,1.77081847612029,-0.707547863474178,-1.84841676800844,-0.694360146231337,-1.13855543382646,0.157448424126638,-1.40427687185311,-2.10631733802802,1.61258578344477,0.637576430118968,1.33091729159227,-0.596633211203844,-0.551578099190286,0.0773203192471809,-1.39746712414541,-0.286691867754628,-0.102211638270799,-1.07986727445635,1.42905544056049,1.07969245701484,0.0239277951598706,1.17844207529861,0.542207598263607,-0.708630004676071,0.384013945686637,-1.04915460793686,0.714348317737129,-0.82033548170228,-1.99250913350817,-1.41086313360878
-2.01823919395484,0.264685962581081,0.605226574620917,1.55260456451921,0.788487613985182,-2.12032229619945,-0.76117760743305,-1.46358944092451,-0.252871646721036,-1.06938349582412,-0.674441321089825,0.218710461045278,-2.0012073584987,-1.77270860497595,-1.32042124627985,-0.104627415939695,0.510784593033864,-0.644914378520332,0.724248085452912,-1.37253651045624,2.24026480610325,2.27506296048422,0.132726777701856,0.468937293141241,2.24485915829998,0.495807002661301,-0.351600027165193,-1.12057560848305,1.80836003326276,-0.216082565225875,-1.76421269795803,-0.217889391786298,0.678154337027444,0.720735993100192,0.771845377228365,0.15129937402764,-1.14169955664469,0.915201830646582,1.15474993024054,2.14741360750402,-3.34943436043653,-0.835323946847577,-1.17023319357924,-3.02787893448138,-2.34003445915793,0.278621220746088,-0.616345230822704,-0.871328543043074,-0.745500900143466,-0.780184342471326
-1.04259157776444,0.13243487647389,-1.68823048536781,-2.42741606519352,0.379716956094889,0.378902512393486,-0.0274454018448487,0.753252274573734,-1.00576080120449,-0.497325759189128,0.563869637322504,0.115609109886096,1.43556881362167,2.29106424455134,-0.302752328038655,-0.826617584680567,-2.21487641086715,-0.287502540815296,-0.620724830159858,1.40427794024416,-1.14755634684206,-0.664113225837608,1.29838491054055,0.309044947368718,0.940882936318209,-1.92172946944005,0.924051058291483,1.99965110211869,-1.29399097212567,-0.542566228670512,0.802191572431636,-1.4155364047539,0.59610606779508,-0.895844821572855,0.101106629063016,1.78720962611643,-1.735786262676,-1.02436699700462,0.978652819200432,-4.69871411244569,-0.192376363446488,-0.87622207726571,-0.834142988444528,-0.733496756573679,0.00140300196476295,0.739353580506245,1.11809964781391,-1.68550248212948,1.18508840376059,-0.27739510834518
0.570753689540609,-0.519329542276859,-4.15020929121412,-1.50438505833338,0.872332961720669,-1.9642888089423,2.76284012360427,0.776053496507311,0.550885670864569,-1.87145709001193,-2.62095324946155,0.963448769333005,4.13943117324639,-0.585500077538723,0.215201661425061,-0.283302283242398,2.45657768494782,1.21505958063639,-0.38761309603598,2.57938115833892,-0.38257071218422,-0.991381298326569,0.704271379129407,1.28184471810066,-2.11252704962797,1.21584783490294,-2.28548530992123,0.800298361751556,-1.82842636451469,-0.111466391797712,-1.76021435976357,-1.08649309391589,0.230584134062427,0.0625712950528257,0.839876590320803,-0.197949129351029,0.933037874873903,0.0889891592501665,2.16095421508124,0.313410863463416,1.4962753253811,-1.12496755812742,1.88322603021381,1.52001327494788,-0.0581667915332804,-0.741171359710789,-0.953092320125646,-0.344698351983643,1.0543238292609,-0.148990358005432
-1.06662978334061,-0.730161319429826,-2.51642607293316,-2.24592733761148,-0.260078913770494,-1.25231730008805,1.8650889418342,0.00677198363327797,0.0520345857683479,-2.11640397711256,-1.24674984011607,0.190384980961759,1.1063514779614,-1.06522471629469,0.726409773264392,-1.19664974706414,0.014601930893804,0.0366241793642947,0.364520418167331,1.882257446847,-1.9236719737956,-1.26345273194515,-0.3259815785608,-0.946162605417918,-0.963576474232501,0.630068251624886,-3.6128412350039,1.1792106627821,-0.623176237255872,-2.15797922233974,-1.51946371223632,-1.21465921075888,0.497517875088367,3.41750682966546,1.72556665331472,0.764580257227791,-0.17697447694993,0.834694631014489,3.61872175583181,-1.94082157633622,-0.23367613112057,-1.02910647196894,1.48441483071722,-0.294906207816156,1.27172714863304,-1.82098885925813,-1.0992872587784,-1.83712764090008,0.922476736111527,-0.445218109777306
-0.255491157099293,1.958608753971,0.211655998303714,-1.51986434323026,0.873944523255505,0.897560381020179,0.760659521756388,1.18480464205711,1.71494585010102,-1.19719934847704,0.384901912762233,0.353407861360627,-0.699407732073316,2.39398495138387,-2.36968585847403,0.478967646147462,0.185517350597178,-1.34541514636708,0.420079508143198,-1.18627196812834,-2.29494398235884,-1.74881128955828,1.66763302976223,1.67771910531616,1.64906976930783,-3.26716231727407,-1.38612036513516,3.18017782243767,1.20930544922418,0.584562454223929,0.767838750475252,-1.83124398804324,0.262800057688619,-0.00880347001507321,2.78677953366306,2.5281573053127,1.12671415392357,0.196180557533235,0.38101825158975,-2.72842625673065,0.433418715800261,-2.34507906518567,-2.5419561877342,0.682419907154442,-0.386903068490892,3.04510809732659,-1.6216473023889,-0.203541817113102,1.15945644920533,-0.25771602606127
4.67216155399029,0.644773685131844,1.3882636477276,1.1379183684021,-0.646686872856025,-1.8436117309037,2.75502911308594,-1.30282848583383,0.550718810661154,3.24290408199225,1.80900502173807,-1.12125825521528,-1.53045282023309,-0.280916221048212,0.357503614402608,1.59516958432161,-0.273604938249105,-0.864654994752968,-1.25566760155187,0.427799575238281,0.784113831599034,-0.878577971757774,2.21966392638028,-0.0482688418694349,1.0612781027686,-0.315404547173464,-3.53823835600988,-0.674413512120551,-0.206189084771905,1.85737865153196,1.15458085010954,-1.65763652752972,0.86080215773,-3.56969827916904,-1.26214676848485,-3.27030539586036,1.84398579007371,1.23327102710107,-1.13981081454053,-0.144157970071134,-2.06616142067699,-1.09717014637156,1.54570748746795,0.46466674879951,-0.614332735853212,-2.07879803325113,-2.27491440310996,0.752990154512344,1.9681152424473,1.62962489922875
1.20824669539942,1.92838455922902,-1.38321424696121,0.0101129236829779,0.793580241293357,1.06275834615136,0.893100222603876,0.487122467323239,-0.0994597803736961,-2.11641519102295,0.8573680875726,-0.247355085659166,1.47435410586515,1.29736274149109,-0.185630512777694,1.48862915670632,-0.108908644752546,-1.73529362181559,1.88082853209009,-1.39333745441307,-2.47101035741208,-1.48436569978787,-0.518568455384381,0.690504235514,1.40718915577975,-2.7523301616108,1.1193390750859,3.40258623455094,0.835706741311051,-2.44387040608037,1.03133237023821,1.21740498842712,0.451121522955489,0.343068602594196,1.39917470755546,0.493614623830937,-0.976173136725862,-2.17182446894299,-0.49768381281297,-3.06598710718275,1.36323389887704,-1.4635500017848,-0.913699238260086,0.0549702927299493,0.628333039714688,-0.346826402401917,-1.52349124113415,-1.24488388222816,-0.275122014968569,-1.09254875850187
0.518914109100844,-0.639717878412383,0.988386887489646,-0.843534868550755,1.4486063839862,-0.119173146542091,0.581849529288446,-0.770683068808547,1.93031946640768,-0.273852886678579,1.24860967367393,1.79591807117853,-0.546283809291234,0.857043522901975,-1.96522920029874,1.73831018670046,-0.905889229986421,-1.77080010589199,1.31680687728086,1.37904052759108,-0.956250252921081,0.118738151986167,0.68500922993236,2.87685201500979,2.97745299202141,-2.22467448128171,0.558849721384552,1.13475411277678,-1.33313815358727,-1.14993786454529,1.06589893586916,-0.472594956572528,-0.301841053591664,0.4528016490549,0.417740077456731,2.93264800011025,0.374455223308851,-0.910735710614664,-1.82061302765211,-4.22953154278572,1.27692939080065,-1.15143266467003,-1.82090537708715,1.34542731279891,0.988741598362468,0.147258292355099,0.617212122461145,0.0826518294061737,1.76930636435454,0.20098709511191
-0.912318956720322,-0.376831094046131,2.40559862549984,-1.17746993284496,-2.09312058424477,1.00647078853329,-1.19700464766656,-0.00792732715088179,-0.736833863338559,-1.27095940766981,-2.78466371313267,0.0557036683198336,0.0727201225847169,-1.84853947548694,1.4454040844953,2.24312471225246,1.44441576506595,0.133682221591358,-1.10135070669727,1.66202498605142,2.94448505362622,-0.616704582223734,-0.982122801381645,-0.104653904224221,-2.06555415099028,1.73008958656472,0.875926542483658,-2.04425696885884,-0.0568146532511607,1.69374772627987,1.87087449534664,0.970176475326196,0.657050056096472,-1.02533211627039,-0.194557847754897,-1.33961353837609,1.76039902067006,0.276301562179542,-1.13839315050885,1.48523068824551,-0.962957677305051,0.608423559758313,-0.890497600680412,-0.503440862039412,2.15920783316643,1.169522374818,2.35047756756567,1.63049121154471,0.482018431796474,-1.10159857421115
1.64921076012365,-1.47067543112905,0.125669495927947,-0.359745383056954,-0.998163711134905,-0.138627643189378,0.976272905947067,-0.862397762054621,0.259247970954688,2.09713074987481,1.30602306662451,-0.718937312612769,-1.51270855684011,-0.761289674808159,1.80313014777781,-0.41384528916606,-0.677462577450095,-0.974933779786826,-1.02656899905365,-1.23513507111211,2.03828461984859,0.600209157201951,1.55965616355254,0.791551464961181,-0.721068012629441,-0.109420291066687,-0.976769414831195,-0.0860513569569291,-0.42934885578779,-0.994858831840917,0.6967962339653,-0.1513063447365,0.560951823002383,-3.07691642716098,-0.745662868357389,-1.02397920047867,-0.194876809772209,1.62772551132074,-0.921919925549776,1.341962092239,0.628039242490517,-0.888133392321126,0.126503909604947,3.06752130131448,-0.31713571739253,0.602283030998064,0.607054505824004,0.462406001983799,0.933309850561679,0.394810716352201
-1.99025033662748,0.0910839491327045,-0.0589597085632876,2.10661557270778,-1.52613672594217,0.568459602538583,-1.18011203748718,-0.37970834926825,-1.07314251128806,0.905365770287985,-2.36757275465337,-1.57455828041456,-1.49239788438722,1.03954229145883,-0.309173677234378,1.261622758325,1.11015798891618,-2.26331495774673,1.54558947616461,-1.31861603361649,-0.650588943159155,1.59452210956727,-0.720735001783983,1.73922320211183,-0.376030630885111,0.0105670622353297,1.59930222604503,-0.910447990721764,1.02882045485909,-0.158937301510886,0.0565480473343296,0.406152015828364,0.800683353246083,0.33081579382003,-0.66017962477849,1.6885259078565,-0.675835290547995,-0.207209102445905,-0.777307027561218,0.703529107756328,0.570945995862414,0.223025688880971,-0.898859211389374,-0.107966230447415,-2.13721703367208,-0.37428557615237,-2.91574622630121,-0.351901720287149,-1.68779361240693,1.35493029807161
0.59857321394707,0.574850187777652,0.790271253722845,-0.130396387395595,0.0564634317715489,1.20015932295787,0.990896596462399,-0.705962288038504,-1.08481977787038,-0.459891981502497,-1.09439430197751,-0.573404014790944,-0.12226338003387,0.101123986412478,-1.58227698197916,-1.77543791511157,-1.37089432299756,-0.964360145569863,2.41973295974639,-0.410919623233572,-0.138496849210959,3.05606177140405,2.28726795128276,0.199020047803859,2.45097832243022,1.02186807575676,1.26256548578415,2.35412078390777,-0.119358779960986,-1.9377262575996,-1.06780007497294,1.51865288731383,0.943351101500885,-0.061000636900911,1.55745489949557,0.782363260723954,1.91947123270353,1.34030186303817,-1.19857632498209,-2.90873261408123,-0.147480234498099,0.285878291273546,-2.03803096546868,-2.86035101446255,-2.23839276844659,1.77292890361553,-1.75361272578695,1.32966976787332,-1.15212087646489,0.385964102259769
-1.76481671401264,0.115256055426938,0.761748790682792,0.976745302223776,-0.462892566055259,-0.562894623185238,-1.35215436507828,0.0494166796865848,-1.30687845153293,0.188717812545474,-0.154015951910565,-1.35001611804991,-1.74227870828207,-3.01909513628945,2.80630725688322,-0.0492137563443545,2.06187537767339,0.551703809217097,-0.625723737095029,0.388409295022832,2.37182603277052,-1.53932352662369,-2.30543213729364,-0.587451218676575,-0.170976341489441,-1.32222663152532,-0.701636990103279,-0.349973844678499,0.730458728480523,0.637790420191871,-0.614629366910982,0.750246749560544,1.17255521525004,0.15811870111473,-0.873673983294581,-1.29991506558002,-1.74696304484654,-0.346370779351227,0.955089629373748,1.92767153072366,-1.71094174865056,0.283230655483518,-0.245957124532474,-1.80236310421719,-1.05391513351839,0.574822189739103,0.626805453543522,0.209070027867874,-0.414453621582635,1.52036031066429
1.52243791997053,-0.887176663079947,-0.643029283377148,-0.710890941110027,-2.19358711688409,-3.86741214926936,1.64080133968333,-0.0727959274116813,3.12378736384134,0.508716557136209,0.173939961242112,-0.501661457112804,0.0793848286148873,1.87754912231978,0.457343774461328,0.0810261319513004,-3.37202748080264,1.04445072197767,-1.19365033314564,-2.45336144133981,3.85085770386554,-0.938926120470227,0.999290580808145,-2.4136536995516,-2.45663732290464,0.617924606076993,-1.40669946127016,-0.944157596128959,0.43128460085144,-1.62020202751962,1.49700432536699,-0.487728381447036,-1.18888778453446,-2.54797260041356,-0.485520928179531,-0.740956744933054,0.875235900562162,-0.55573416489212,-1.14260449191741,2.4310557231192,0.403719626967372,1.98428310809643,2.23799703311828,1.58311118944196,1.67746422679826,3.04452639832416,2.36692650672321,1.42952113729979,-1.2043162400335,-1.08844314095809
-3.40954082500872,2.31416991671353,-0.458466404602258,0.180542259964581,0.828038349518898,0.267153929506901,-0.293708361045339,0.818749197517851,-0.990447673736031,-0.136348749470027,-0.861257986581063,1.18671610060104,0.349277933434465,3.04134142228249,-1.05869919122474,-0.887004438079082,-0.953437159550269,0.549626374072545,1.70221639983635,-1.65024074660238,-2.25556181595206,-0.17433883043605,1.12192465011661,-0.327752437444079,2.05066100591579,-3.34740851263289,0.235332201656534,3.37211749563608,-1.1342514137597,0.606234669628463,-0.0803300054463849,0.868129887840716,1.81104057395865,1.47614687779253,0.832327353369071,2.52794905189382,0.0646695549833602,0.400739995609099,0.200053223183992,-2.91261078739188,2.06170354397022,-2.64651211764409,-1.53084135023452,0.76802805460701,-0.808631364470891,2.0751734264415,-2.43269965471202,-1.18566608890848,-0.661732902568673,0.409592717689069
-0.0912252330505404,-0.828564313436801,0.448383065468443,-0.0519060164530431,-0.457733824321646,0.36363801376281,-0.986131935565531,0.900696797107412,-0.254229994019934,2.10456130693953,-0.60689250253167,0.34042392199269,0.560583171225826,3.08923117671093,0.0337230398256794,1.77348598124155,0.564844123634905,-0.962621340660676,0.733755569366031,0.843492210054729,-4.10092123707459,1.63945912766886,2.93702345944223,0.513017930841166,0.818990215223054,-3.03485279862271,-0.551940553874801,2.68027957866896,0.691276852083083,-0.385214530894843,-0.318575692101663,-1.54022482900904,0.901902155840939,1.03092813930847,-0.504342822983286,1.01517119998312,-1.05852982611548,0.153589370187256,0.30834249759195,-1.70702907719386,2.33761484785516,-0.185754555971064,-2.14812674565401,0.654953307556804,0.816485541377246,1.32945026222989,-0.618056122952255,0.494121286106337,-0.485056388878314,0.89630054093883
-0.291175797855036,-1.73916179063099,-2.92802026129642,-3.05098376063583,0.904487167239386,-2.07576208779838,1.80182598420564,0.826717211325811,2.55298418705078,-1.05738235519716,0.758506129900032,-1.14630060797608,1.08151877967542,0.170187948182012,1.0654795256182,-0.863555793465799,2.42670332592609,-0.0989805605016345,-1.5805199069524,2.93296000745162,-1.586720880383,-3.09395862588188,0.202357244734164,2.07201038782085,-2.58402420773642,0.739452583601132,-2.61126759726332,0.579838172902961,-2.3466226619003,-2.16120520795514,-2.48308799894547,0.724992328071588,-1.63418057654603,2.74321092750006,0.728870652787295,-0.441013329631786,1.31089236222788,-1.3890529823553,1.86856423992595,-2.96914206292655,-1.39464988728197,-1.01490725369503,2.83435641056705,2.15714941650539,2.53973536712515,-1.61400351153152,-0.467489959157067,-0.363312969816371,-0.698946379229489,0.0711361348052466
0.532107060962663,0.217782097948697,-0.950768713318435,0.241779365226307,-2.4536261316494,-0.346516568581581,1.6901649107218,-0.412082938225262,0.53301480038416,1.45583586177807,0.121841087848442,-0.971893807491951,0.107665560599084,0.979797477608504,-3.47830521519459,0.709061900357788,0.888578736006614,-0.18902042075924,2.18057540708087,1.35342516914392,-1.11843239052579,1.54820243910724,2.4853232806465,2.30810865442941,0.111822035565091,-2.55939941966755,0.575546605505164,3.35959378136432,-0.192582537822663,-2.0539436345475,2.07489413505858,-0.111444161486811,1.37981681880506,2.69003415400008,1.86455017510504,2.28983752832352,1.57063762406318,-0.868637489554084,-1.08751620615354,-3.45015100514453,2.19130504289684,-0.728550296265344,-2.95412766393429,0.135976393757123,0.556548363779548,0.016854946703485,0.00547162416665808,-2.55277798620911,-1.84110637926494,-0.568683700791045
0.112645549186479,1.08558780927328,-0.122205896739826,0.43616478599193,-0.138474666729394,0.167588376253181,-0.819986190399932,0.841835198100197,-0.0141730410288712,0.496914841268755,0.148160064113986,0.237813680115821,-2.75916030433649,-0.487703415646955,-2.17983431502985,-0.538026010076654,1.32329842582108,0.180164144348645,0.167489668133063,0.27427094685019,-0.401415287534807,1.47559817989371,1.8899182444519,-1.21903829763558,1.54222873241539,-0.78928281085791,1.30874428603328,0.785226973630307,-1.43676248192148,-2.20859842913366,-1.81092396817406,-1.48391491809282,1.69753879260777,0.652713900759374,0.869904225949734,0.792262403177215,0.689899595503493,0.864415641073563,-2.23020541297836,2.0628604728963,-1.64532943333358,-0.499302571307778,-2.066370711109,-2.09864974689775,-3.3905372080778,-0.745850145781692,0.30597278324239,1.37262690783796,0.867731887675476,2.14919905031185
0.391742801335809,0.151362194719314,0.97446964573203,-1.1830913121307,0.680310506040724,1.67750372147615,0.267445158753519,0.534096139483058,0.669343526893589,-0.600015198585176,0.307779063069183,0.810302414206332,-1.45883234522503,3.49792620178473,0.65090073035807,-1.27499857221484,-1.47808120126502,-0.0450470594060019,1.7044153197389,-1.37524744230995,-1.55388779292458,0.504104268697056,1.39208024058549,-0.202323644158154,1.35427925041926,-0.670141731660343,0.968731578076483,3.06642110087761,1.25260781995015,-1.07796495521045,-1.05967381493429,1.26712611636215,1.25711901261546,1.06379637649359,1.07000350177816,1.0321737647046,0.176626941477027,0.798430769247533,-0.453061164678886,-2.06833824859219,1.67059026362438,-0.0569247072642295,-1.63759154845956,0.50478875797331,0.376120703434375,0.929099336253522,-3.390707177141,0.0301534274475551,0.941761339786704,0.684844625939145
-0.222069259188385,-0.628283964622362,-0.858447305324891,-0.136814891176248,-1.52829715970241,-1.15785903210655,-1.11675734923509,-1.4901208113419,1.53177984148174,-0.939109716673253,0.709368567306265,-0.6132258834266,-0.0864238502025208,0.321043301491494,3.81472855380464,0.278611700310862,0.268691678538793,3.04889418283005,-2.03511628745099,0.406510963964694,3.39265667142567,0.371098825718993,-1.93878913483181,-0.731043310515241,-0.00763120518893775,-0.798198504171183,1.02831590548196,-2.08923773957905,-0.764964691963221,1.49665686040418,3.35698535114409,1.39433262495139,0.144220459733277,-2.29490958504035,1.14685910534974,-0.928747263728498,-0.2427967950823,-1.28292359835578,-0.00883423182153853,2.44134864641969,-0.806337798464214,-0.0511441538403469,1.06258722153583,1.98583954890055,5.24405971494725,1.89857735262127,1.56845620117556,1.46174090533481,-1.84132426490346,0.390496216644815
0.991517611825881,1.02733585385601,-4.92804214100095,-3.11978754098476,1.15613549609959,-0.491733678847839,2.93500667862238,1.83961263156332,0.850646781407557,-1.32286497189485,0.382352560509595,0.392175021633465,1.75858323725193,-2.08528304862387,0.0735748951317545,0.270866042219561,0.637928087066055,1.19412192369244,-1.9784531587109,1.96017119211884,-0.0047934321748488,-1.18169145887177,0.409699317016337,0.486442605718145,-2.26554658769507,0.279954974142759,-0.831996949798797,0.243133154599783,-0.593033677426867,-0.153513698983148,-1.58805975446109,-2.15677910779017,0.0138043466744597,3.20135037425531,2.02270889059496,-1.65941152697326,-0.161640422163549,-0.871430978196229,1.40024719555937,-1.57534067846004,-1.51184411908492,1.92806734824941,3.70427217136403,0.422074538338929,-0.492782193672522,-2.6580771430732,-0.0338646604609955,1.19738597774971,1.23915742915378,-0.924231612829053
1.12361168546746,-1.5060180161054,0.522689890997963,0.328865565559242,0.891329006193124,0.0538336327756415,-2.47629757815747,-0.893844313075202,1.44523258616935,-0.692782365982713,-1.00999954080689,-0.00416088234402126,-4.12763172598787,-0.088708115551158,-1.5680250704347,0.684139771615211,1.53876198417691,-0.958264172046846,0.594609781459038,-0.178560291702898,-0.926329329649338,2.2062381231665,-1.55548916361232,-0.772029498476225,0.604492283834365,-0.957409642490625,-0.989132826543343,0.592288925687299,1.3212512586095,-0.233215287482393,0.153104097649309,2.02231332357771,2.67742032815851,1.36929698403378,0.355978313380341,0.444569773157152,1.1285556530577,0.673384728371752,-3.32724358941303,0.974156694890237,-0.313045213215187,0.696262795115501,1.03186023297186,-0.0338106856971691,-5.34165337384181,0.249461410743091,-0.868256598142547,-0.224678518100804,-0.403629081387752,-0.157057975842321
0.895111078350915,0.886595151342537,-0.714546737684805,1.20167024939802,-1.37309235693248,0.729591370979809,0.81977282164742,-0.234311731757131,0.178842456806048,0.185493907292241,1.57676999740529,0.0803943593765975,-0.520068687645606,3.14530236260064,-0.976931246313121,-0.280617364587569,1.71213537179164,0.134588594708589,1.40850924827493,0.282642780028768,-0.24438895676229,-0.844989423316127,0.359139861620526,1.36040804559945,1.99294067218582,-1.88306487625673,0.821132067434731,1.03451303575242,-0.952581969917313,-0.612390448861267,0.70821808588557,-3.02738941395404,0.70922607559783,-0.202210234895072,0.974098318017695,0.0898975683002774,0.542870518629013,-1.17240041099752,-0.303457628152508,-1.30957626792057,0.0114115157054804,0.943902973369453,-0.651985331557469,-0.541589228043719,-0.913026652695786,0.198352256487303,-0.21936778226098,-0.0812442086231874,-0.400317376761251,-0.853878386535248
-3.02217169365589,-0.303767168859984,0.519697551241436,1.05741876610191,-0.627977234323261,0.594790671080608,-1.90896818140509,2.02306856775561,-2.16960351587454,0.0160318975159691,-0.753705195110139,-0.315777466124582,-2.59686563042631,-2.89397080281919,-0.628028506646595,-0.795608267052956,1.16862898939576,-0.292059718931803,-0.694997127850849,-0.990446299462038,1.36507685430629,-0.136839012864881,-1.01203928103543,-2.05032291940345,1.38565124147645,3.4058454389465,1.18223478787352,-0.640375652271661,0.859731723834686,0.743568436816945,-0.693275718676948,2.21939806937694,0.217824972364217,-1.17207310540155,0.748809313205933,0.654148024195213,1.28863121068398,-1.59361576207229,-0.389888793231354,2.52815680999355,-0.825221413148999,-0.350250090740363,0.461964313053712,-3.89647691252385,-0.905918261782988,-0.162512463943919,0.888578408684175,0.301127139239076,-0.919727646452541,0.217705248009783
-2.42212840856058,0.637700451721786,0.750837400007834,0.49572646655054,0.487237926995871,2.14760294638649,-0.737677246424633,-0.236000994934183,0.836331636140751,-0.114971154770345,-0.582370718445469,0.285299079459402,0.113675121980493,1.68042794427854,-1.93475439119809,-2.5308431566491,-0.155915835061393,1.79420498945249,0.712309869719713,-0.167448843714839,-1.20272985091783,0.763619812100516,1.74823137334487,0.531486076493659,-0.219900066619317,-1.33705643756572,0.97417875501899,1.59677802042168,1.02989084274418,-1.56180505515838,0.309648171277348,-0.634742264933802,-0.409208723369046,1.05696010426943,0.813820548916065,-0.400623782552814,0.607326265614558,0.165819569825003,-0.707600613104333,-1.83546154942662,-0.253697491013767,1.11781252865225,0.0137131318577842,-0.00294048871592169,-1.55559531456782,2.6670319502229,-2.80818219185436,0.403081868015861,-0.620240808283459,2.15039972058303
2.17498662380917,-0.797276076294377,-2.71878298405779,-2.34726024613106,0.364695418913323,-1.668434978028,-1.31305756979802,1.88922649634701,0.261358829395889,-0.819043706640645,0.568893243582035,-1.65519964199788,1.52159129532421,-0.537669662464912,-0.418582830343405,1.28142916004711,-0.138472081521949,-1.09670038109774,-1.05102758188854,1.83427422823637,0.300985722334716,-0.67045544527771,0.264058786912589,-1.30557264504715,-1.76629531879565,-0.026757970251585,-1.29299739387416,-0.472822641098848,-0.74395299940954,0.822516202160196,-1.54037257564827,1.68624800959026,-2.29868007083271,0.627397702566887,1.9297690218386,-0.448378905565783,2.19605470663605,0.197256692293508,3.66460318535453,-0.527363050609293,-0.780941883823763,-0.100983221341369,0.412611582935801,1.30104612682022,2.0265678951811,0.621945408571866,2.31040953209298,-0.599730914336061,1.28747421996449,-0.241113263112167
5.70047801271053,-0.493838473723,3.07124002837269,-0.0431645972906766,-1.93916737066048,-0.993126177085952,2.50200538257955,-0.793025260687146,1.6611066020823,2.96239881601738,3.58160398282368,-1.22129892129559,0.305313777450801,-0.303554703685886,1.06624884128292,2.15680391351735,-0.681345743363751,0.410299691655445,0.301085711998569,-0.988484112442999,0.98662605395779,-1.50257125595695,0.697594342718587,0.344255712126735,1.19549637969587,-0.989740901065733,-3.41611042538545,-2.84672269452839,-2.23302465937057,-1.68788068592787,-1.24414565158226,-3.44037918064994,0.0899314759019168,-2.46092609290085,-0.823836296024666,-1.67751974046481,2.29146997019693,1.34273440628821,-0.653132271176693,1.89106123883727,-1.83970937264778,-1.80383233718472,0.99409914832255,0.746162157257325,-1.23915195348369,-1.20352277179971,-3.50024244426706,-1.6578602192037,1.71333911161939,0.450727872731129
-1.43287130881171,2.31574279738566,-0.0918073532607794,0.505357862696051,0.488126356333366,-0.961886370630033,-2.29102438789324,0.321303802355048,0.84340835170204,-1.41563979972589,0.736473829256781,-2.3028596782265,0.435137191320137,1.63353419360585,-0.809029203040839,0.222365231051715,0.320725182659766,-1.68727197766341,1.40165387950506,0.777446276313328,-1.72748014811081,0.0618955429565482,1.28085590854071,3.46759099513508,0.547963970171398,-1.91941727533392,-0.908402403027411,2.9647017556535,-1.44533175287202,0.307615304973138,-1.23397188086968,-2.37105200959263,0.100996254843928,-2.15432798250469,0.09055391348792,1.88886247193848,-0.85487326602779,-0.699876060403728,1.47306372252224,-2.35082718503471,1.60733791202307,1.10077291901475,-0.412372440624814,0.934950463389196,2.2944643360497,-1.41118140513475,-0.640056679290707,-1.23650667507124,2.50360989878114,-1.66440295197269
0.445909478766413,-1.1576487020391,-3.54943382837023,-1.66054288853112,0.424593330534119,0.688609716162663,-0.279961640722657,0.815006052172727,1.74564589614534,-0.220078631875475,-1.23656946142688,-1.12229473109252,3.91772860376781,-1.02285435451047,-0.388131139761422,0.0544515580723411,0.401339373314088,0.451816285148811,-0.867251820194022,0.896374470872983,-0.974418971277157,-1.29929312073544,-0.113930115711889,-0.563357129671114,-1.60896343095395,1.09416122110119,-0.70771959004988,0.614608853724455,0.822124643070835,1.65690082861695,-3.28530445753292,-0.0505651894333662,-1.24496990065466,0.532854517311742,0.831822896293088,-0.986075252352815,0.468510384051686,-0.363545374977234,1.21161895774892,-0.478619975091685,-0.254435978161274,-0.90963729805072,-0.294068065343804,2.08027195635338,1.38342193385825,0.973242961808315,0.00943973277453786,0.382531564712385,-1.43999080386103,1.35228773787151
-0.0609150304722112,-0.9889511737181,-1.86077909675517,0.998659099718626,1.68077850846273,0.374381249410941,0.165248077332558,-0.351500878701036,2.24564385832124,0.883445320195336,0.0790510051095403,0.511819501636463,-0.872967445004149,2.40057391588477,0.465075818586206,0.681649944425202,-1.36723718727828,-0.550663092458983,2.2568282303294,2.75668917017766,-2.21117664060566,-0.43263264035733,0.1314044437433,-1.30523419381928,0.665917885640466,-3.15785065051767,0.078579840139386,1.39955651641208,1.21502064817299,0.369906540522677,-1.14925691237844,-2.04182988859244,0.312250579554757,0.0279639324228484,0.731369948196761,1.55882563225749,-2.05127143707503,-0.732984602210656,0.218557731538893,-2.14210364138756,1.583307078671,-0.930658349097617,-1.17615328891387,1.04606210133306,-0.0191198154497821,-0.275316732039334,-1.87738868418883,-1.02383284262924,1.20391264445207,0.210151130542831
2.57577603142737,-1.48929612069626,0.957359257325262,-0.550976099725866,-1.23081841710949,-1.79582174809072,2.03024066111814,-1.68447605681621,3.33442602629092,0.447660220430185,1.22440800122502,0.91530033007896,0.079456159451035,1.79716554507279,1.1345293903807,1.18133480441399,-0.955394336916241,0.447758292173438,-2.16448605937598,-2.00954271332627,0.694965928587494,0.0724051934730788,2.83748774715651,-1.14912679411836,-2.32479240611231,0.13635225836799,0.377916120587786,-0.425517104006461,1.20317310502435,0.328209015218877,2.22672349612274,-1.68467241735484,-1.47170826194362,-1.36202441400809,-1.9353124293483,-0.521643485840807,0.910980133627738,-0.752355314564833,-2.99821928205832,1.61384923450878,2.02189221146941,1.13885985280338,1.81073132054931,3.18126204337653,0.544691236286372,-0.860930634491782,-0.489956345718787,1.88727600499063,-0.812069822973648,1.27820087479721
-1.1511049687323,-0.0396648960570926,2.23827634426157,1.61088492684233,1.46902443746326,1.70079969704998,0.0396990681635705,1.16960459005103,-1.66968953656083,0.575634672838588,0.598078953407639,-0.120311997255067,-1.32952830040009,-3.54106463969638,-0.478904071434154,1.67602249417404,1.11506320306339,-1.61827466091505,-1.08741428826821,2.1807239115636,0.691559587178305,-1.00743102626824,-0.478647532416035,2.51205235643249,-0.306028566508232,1.62748443594016,0.0101228213019551,-2.64621304830233,1.17828780142624,2.4552079581852,0.423713009810918,-0.173435629739463,1.67825293989284,0.68414114950644,0.292552926831671,-1.10882375650831,-0.139209809982739,-0.678370166486815,0.987172175659597,2.9152981525281,-1.20901108434315,1.860898595632,0.51119120413609,0.38293156881254,0.914242046865108,-0.528139924536957,2.38547378248917,0.607236053615601,1.1494697885996,-0.903383837919364
0.789366187628716,1.1185055320638,-0.565525708879431,-2.6370827253556,0.497218669246,-0.270143892031338,1.53408900638971,-0.441406627209701,1.71581298338921,0.549192157916752,-1.00213535171752,-1.13308822433893,1.36823159625026,0.379356340163522,1.97021493657929,-0.906079169696946,0.939952003032371,-0.0115908301589444,-0.801247755580551,3.18310956589185,-1.49038918711968,-1.3354125825332,-0.557070681879317,0.602293187848293,-1.25941745690825,1.48523785503587,-0.580693508511358,0.349522649158019,0.283556676190947,-0.484026253177619,-1.69361584817941,1.00250718534215,-1.21135735596895,0.599877412047094,1.96144962759615,0.732801727017058,-1.85919345506798,-0.496968834748602,2.21972184541274,-1.51205297095745,-1.67807028422936,-1.21759067341965,1.35126306746234,1.4567104960813,1.54822676934927,-2.03372976499708,2.13803596535533,1.15057163194135,-1.29930165310984,-1.02656821502189
0.413740890847983,-0.99422662869242,-2.73944383258499,-1.11889103465869,-2.63216365658744,-1.36318376090945,0.252261933668796,-2.2504771185888,1.42388648455781,-0.906345921488078,-1.26777140526383,2.1941106973336,0.124379361428677,1.39737043097215,1.10740833653213,-2.50227060737062,0.151180749170883,1.05755825154806,-2.65171116753284,-1.59493501040376,1.50571174723692,0.786572475220303,1.13089575021467,-2.42976140390066,-0.557958625488908,0.850758904016722,0.121912756872412,-2.96345986104464,0.29799469833445,0.275269281079424,2.79586928970517,1.86858050289135,-0.370790261467015,-2.20619999041481,-1.86068950457106,1.43278697579652,-0.503258571618289,-1.40486836604502,-1.29473136138722,2.07689345479519,1.57730707449651,0.47556423728613,0.933461319156282,2.5623825115698,2.41488363164833,-1.27629803766228,1.3946595975978,1.20609582209275,-2.69096667245179,-0.343043817526615
-0.288466577098625,1.18903433515303,0.258085202952363,-0.436935758732853,-1.44847987575312,-0.388389284269695,-0.988779334520992,0.51643371934551,-0.680273297089761,-0.418960208981861,-0.910285826142913,-1.25301662214483,-0.591784934553693,-0.106608195680856,0.082819079433785,0.0718457663184485,-2.68456072885053,-0.436035623313241,-1.01177292444235,0.606065687114059,1.39278787732595,-0.573810465825116,-0.355391684672877,-1.34126004238943,-1.10103442149109,2.41884750113173,-0.103525778280488,-2.17744810838175,1.21570510171732,-0.350021359246826,0.445882041442174,0.00185005072112954,-1.71786408683519,-1.82652871794872,0.103211033944845,-0.93141172893105,-0.65441981953937,0.607628734628301,0.472988408462459,1.1347324935753,1.46869035649422,1.36809634335521,1.81704284577045,-0.5719964037764,2.15949263883383,-0.16185030562358,2.46858405464887,1.04085832395419,0.468637497160122,0.64292466552399
1.53181604131978,-0.104850270789684,-0.582395377795182,0.204837078309249,-1.49076442899064,-1.78886222918761,0.253398386167805,-0.247952793276809,2.3367003993229,1.97032874361939,0.320787436758858,1.80223424880395,0.334750696540144,0.260871401431397,0.295732167490352,-0.11998354751976,-2.23478982908038,1.30473512404952,-1.00091231583305,-1.61194425275482,1.48329595189906,-0.796680566660443,0.154539900379895,-0.811131657589196,-1.2809799299442,-1.01867670970495,-0.856359590853478,-1.0761919760725,-2.59886265807328,-1.38805037293034,0.963777333159477,-0.770007024335249,-0.33588907224926,-1.51228662880092,-1.16355696450228,-0.497570460976148,0.938292802852797,-1.14203152224857,0.570407090109645,2.72610618060025,1.82438576582765,-0.462231037279825,1.13586884478029,-1.44864417733645,1.89241905355347,1.52387401777727,-0.709390851481028,0.587339310512898,-1.76581027526805,1.16409190754434
-2.78928793292713,-0.679056090620694,1.56517095093481,1.55603821876806,1.40300351013937,1.32852681416054,-1.51306396221098,-0.0664746403724547,0.510202277630915,-0.0751215466736913,-0.223383375329128,-1.93491731325916,-1.72755014915054,0.251817623961765,-0.765106124783158,-1.20180547701724,0.475891450689604,-2.89442045605806,1.0264678957354,-2.53033949843505,-0.985606061961547,1.65525863004251,-0.0579092381362356,0.868731874196006,1.08369298806436,0.967452472315854,0.583122541867421,0.565135181384958,1.87520931004581,-0.922543505113572,-2.47402962783545,0.481149332331882,0.82420452259895,1.94873528011514,0.655799216766796,0.168071270868021,1.42147609534014,1.33395585438046,-2.42676178007413,1.94144233531629,2.45670030006171,-0.64762308606407,-0.0108788656837367,0.652067261510931,-5.35517345505176,0.416709321524112,-3.17073002151572,-0.970208205106441,-0.00846599764811608,0.246385758835584
2.13726124525591,-1.53676033508054,-1.82266919975745,-2.59444667820635,-0.311527766189889,0.515134860209135,0.2400261218938,1.23499863253382,1.71347235699239,-2.13381209874164,0.233540668641005,-0.779009634512015,2.96132458712433,-2.62540272990929,0.350264427341739,-0.29639310842923,1.06405185367426,-0.305669390711112,-1.33163613659356,2.38830627407746,-2.3268838981964,-2.68859488847664,0.131598819552024,-0.879141688743243,-1.47723501980313,2.56947297286068,-1.64299066281537,2.32237343867084,-1.84247057747563,0.774158910768923,-1.87010005568956,-0.587143385082567,-1.25245444164441,1.36338416725829,0.925880667073806,0.143585214334878,-0.0603501097893126,-2.21690083311898,3.54095355436279,-2.2449420661005,-0.62708046029189,0.054254863806665,1.33743010301819,0.398948320841344,2.80813482691385,0.849495580323205,-0.778372406517179,0.474495811059431,2.35870319517044,0.125929883444165
-0.987976399929261,1.66627095644255,0.209837832216696,-1.35831947262147,-1.71618846343496,-0.750165963238325,0.061136529246929,0.611576300522755,-1.65516221912191,-0.306088884489212,-1.43439396311612,-1.38243063163106,0.771047512352275,0.446885542509565,0.713574057370884,1.22854393689734,-0.780445863260446,0.203187621266721,-2.80408505714793,1.36179101500552,1.83618029658463,-1.22750205397963,-1.37535856934378,-0.688692402100632,-1.1119471571979,1.12746429639797,-1.25116462982727,-1.75541098851839,0.133386798883381,0.221048973218518,1.2734303086732,1.53909652047194,0.81137278264817,-1.71311083643232,-1.38031504333642,-2.24498512260185,0.494519217781024,-1.74463996232105,1.66774722022648,2.09504935256713,-1.8091849149476,2.1629799186813,-0.825147411278297,0.226135576643469,0.65195768272951,0.110930613412066,0.736068955644703,1.07421681255255,0.78005860933656,-0.343222843089515
0.765862767190626,1.53656056911311,1.72446562059976,-0.258416738341003,-0.214820210351176,-1.99672321508626,0.175321233444437,0.956868351765814,-0.70481032532765,-1.02217427818594,-0.188578851770366,-0.00718042643934522,-1.51109270448344,0.641774903846698,2.01384188214097,0.64640909687917,-1.0868800403298,-0.216057987724476,-2.5336155459657,-1.0204443782066,2.3059100649433,0.44719313795306,-1.23598611323529,-0.450577061940424,-1.45734469293688,0.82852026885728,-0.740961114386195,0.10273341180309,-0.115424839702728,1.27131776113089,1.56342722753054,-0.866321468037236,-0.329526939441669,-1.81582407072115,-1.31418658498762,-1.99502142617663,0.22102504843977,-0.708132313174127,0.0748389459509066,1.01318567969589,2.0161512261834,1.98610399685097,2.28788092849375,0.0699922635319467,2.74427805949554,-0.391603288119687,-0.157613162234838,0.583704651741198,-1.39284167827582,-0.680957076359106
-0.801902063149455,0.74271923155268,1.05771109990107,1.3450317726428,1.13178849658832,-0.438013844118418,-0.623925496696071,-1.50679588115982,-1.57705958883396,1.28956001077636,2.75775460067953,0.105716959228311,-1.68474319091569,-1.20497060041525,-1.12695974299109,0.22697651514155,0.626308047636916,-2.00207576944633,0.304125962705567,-0.941111962131717,0.454769321444221,0.972413949077391,-0.503540319981984,0.354797018771904,0.409348537157553,2.00106114851891,0.302825960385047,1.84660804875376,0.550037013651006,0.10625040383304,-1.20258819007826,0.300760435930252,1.14215419383007,1.6331728527912,-2.20970940962625,0.0271498146085892,-0.384968642179211,-0.845583154964487,-2.69886625028462,0.320264890899075,-0.738072270751142,-0.128152533263264,-3.30499173262145,-2.25496220241225,-3.67165778262846,-1.26473163146968,-0.856407401285778,-1.21544216490174,0.180347892160902,-1.37506039219431
-0.282407870420384,-0.571514333418979,1.67757026682743,0.59802414578698,-1.38131637572546,2.12672412307993,-0.974177924323811,0.533095095998947,-3.19783490811067,0.467408302978514,0.682401632828811,0.426886738841801,-1.26692124067443,-0.981430576344715,0.31580370500439,-0.106123603471718,2.26606515603644,0.312011887073996,1.10928021686221,-0.733142134598665,-1.93644026506368,1.10436583021518,-0.505320482706437,-0.381200276286764,-1.27601438932383,1.59211109860529,0.504437576027745,-0.438108462210029,0.530437294945823,0.525456584116369,0.00786532831181454,-0.296337029123964,-0.00209072841746571,1.22580883801185,-2.5198574187862,-0.360529428192276,-0.626455085546937,1.50298423742765,0.0971208711607422,2.33976205460389,-4.27002015104368,-0.862025988387007,-0.576158225120496,-2.87820708552779,-1.88241759984369,-1.50615229577849,-1.13273974092606,-1.15445840570317,0.573342670373292,-1.77441328616876
-0.0554971486423953,0.975864270961487,0.36741406637154,0.314951245230357,-0.851588528443388,-1.27745399843716,0.392084513169557,0.000864725526164178,-0.402385047000165,-0.246944036650467,-0.373597303148241,-0.347696269711766,-0.237063496176688,-0.408895719038437,0.200899390962547,2.47545154013801,2.07014548171387,1.16413760088924,0.369345227101218,0.961904706447215,0.336347669553398,-1.43989832443035,-2.56804705870122,-0.0598447050113843,-0.199738425595115,0.616633805077538,-1.57785760952031,-3.20660838159728,-0.837233110744285,0.27666184170081,-0.98723482568158,0.358286238616472,-0.67686979596394,-1.36823644758077,-0.629568137796647,-0.442368137121962,-0.421672227465869,-0.231312038351241,-0.10015008518845,1.84999420577448,0.12972314121163,-0.0174882642561407,-0.630170525721051,-2.03600489639294,1.22462040884276,-2.19839868206058,1.30820817601203,-0.476492185935233,1.89804828610442,-2.55100906018432
-0.210059949852825,-0.186481172627238,0.353673698337137,3.01512985349389,0.607553939627481,0.635586216204163,1.17506793577502,-0.0343182897157519,-0.373181677120284,0.0582706335832857,2.47353939158359,-0.445364198986323,1.28839867265123,2.18733030314044,-1.27488597359144,2.19861811054376,-2.39074208502813,0.659397072794156,0.825876174986828,1.56365557690994,-1.27300537240042,-1.77910647213169,0.225718952636773,-0.545816366994944,1.23386315125846,-2.66444523931203,0.831930694354103,3.10744123880074,-0.282931053864509,-1.06551716933917,0.879738984804827,-0.475674729058193,-0.633618736103623,-1.10425750374488,-0.0289185463620978,3.63951377584019,-0.18172947599507,-2.0693786823228,0.517100077743327,-2.93586385053048,0.196149835343019,-1.77887563869636,-3.34820008857762,1.98040455117888,1.26241387760372,-0.736951564386194,-0.429869365616321,-1.73434572620813,3.37249416815556,-0.590003830204185
-0.414855127614483,0.517458379686326,0.0304091042461933,0.5488242403083,-1.8653842439267,-1.18153046592374,1.26678239663335,-0.806640977442945,-1.11171022586802,0.615581944835575,-0.282560386464238,-0.363406489367947,-1.82386889263623,0.796969427855278,1.84088710695696,-0.913288866331275,-0.462467466850302,-1.0157769724456,-2.03153105404157,0.0277469973289269,1.35823110557136,0.43947868360414,-1.1518248906767,-2.99756182765069,-1.86447551328423,0.426069993370422,0.204212020306849,-1.94486779790857,-1.49865602700147,2.18904157374473,0.0250427579150692,1.37987712497848,0.774467437671687,-1.0159411954987,-1.22030180650279,-1.92736137959132,-0.0650830957262352,0.311868463317968,-0.811711433048053,1.60812585634935,2.12495432505742,1.20535330556777,1.46379568135658,2.30159099009655,1.95189883335353,0.968742172467717,2.48345163413558,1.36350820964785,-1.38723158860834,-0.440549500563554
1.10521602099909,-1.62051749112656,-3.12129555609254,-3.97068918117851,-0.00527856351283806,-2.25773236214463,-0.17736392617397,1.46941938848507,2.15458670508412,-1.28879980182977,-0.286966524200106,3.16887629945688,5.30376575985215,-2.39904375981385,-0.4896638681569,0.711377627235914,1.73623800589791,1.65599662420351,-1.35452309512811,-0.945839418680814,-0.0397987756838833,-1.27453042957462,0.667468356187267,0.399068790922267,-0.250923111573402,1.37182749037447,0.0069961186064062,0.820189703366926,1.33042906329954,-1.48186586913344,-0.589398562785306,-0.205550177499123,-0.575859089172062,2.35374003542811,-0.433834512952038,-1.30552969269138,-0.813986040374572,-0.442545822458638,1.68320715543807,1.08637527683283,-0.997938870612084,0.0986073793172562,3.10471486477311,1.40317072441076,0.385257370235401,-1.03005700834441,0.67074392095299,0.0763898872577365,2.15072402311433,-1.13472946210152
-2.83434144343643,-1.67051753222261,2.69354972093928,0.928459899315101,-0.738887310975135,0.517890832088266,0.411629845726669,1.64135190184314,-1.50353076561513,0.126886749195657,-0.499635144245939,-0.167746407900113,-1.12310025416892,0.428845618524296,-1.10503314934456,3.48244277856186,0.152551902597572,0.200220857575058,0.615035204058225,-0.256991734844531,2.33357951762052,-1.40352209781953,-1.50389615096167,0.439506881593861,0.0217233584625233,1.02184401470775,0.307247681092627,-2.25128027767893,0.537217781399792,-0.434603989997343,0.371336568857202,1.37995796876221,0.280697258842414,-0.170439283886496,-1.32321674032176,-1.05102045020346,0.15291745897087,0.422641548639649,-2.56342362414531,4.56978423797957,0.609358921923696,1.43796609093449,-0.456316627415636,-1.95961059350975,-1.72814610502475,-0.609738526040048,-0.96827546504234,-0.688602623135819,0.536928803614719,-0.463782554921285
-0.650142306482994,-0.170400299446502,0.835942280699563,2.27575731477839,2.24035764060181,0.661047032229842,-0.869840917673907,0.484435843659181,-1.03153323764441,-0.734666057332351,0.741703119152095,-1.05855458584133,-2.03615270236073,-1.66403321414758,-1.52759903036232,-1.13212541969274,-0.0469568346551155,-1.15232972930871,2.49673116741884,-2.52854132992346,0.0103664364237256,2.93390255839992,-0.183437636518788,-0.0202934466185888,-0.149957428763506,0.180610136892527,1.08853410187877,-0.538623313177355,-0.622908655374116,-1.13193857351196,-0.459659301361495,0.449949799802258,-0.32130121645025,2.63450224117351,-1.66843000930625,-0.551625863690411,0.995701722036815,0.900597528519136,-1.01377112209864,1.22566235832599,-0.480039337623766,-0.128701027065531,-3.35423391850928,-1.82351767700264,-4.13998699207707,0.391618218592998,-0.641389552903236,-0.467690336668646,-0.748256376480741,-2.35150673928675
-1.26605530021361,-0.399885242346457,0.240460095927119,1.90033619794808,0.82287109084256,-0.817598100865786,-1.28773608757714,-0.566883896620276,-0.623342982215603,2.39102070724899,-0.663954512748524,1.37280150885533,-0.0787043374487174,0.214841280228936,-1.29156722074143,-0.917469344605375,0.294422671040535,-1.40540267460741,2.64419685881586,-3.42031164785201,-2.33988924574483,1.18965933969139,0.0859430124523003,-1.96910480692484,1.33287175639159,-0.379413831330221,-0.146220875794658,-0.55271949619784,0.632296251931041,-0.50285812261583,-1.36948411414883,-2.1435308821739,0.9130231404469,0.765416559422749,0.10565274070969,1.72765327166363,0.453375161268357,0.399974114378038,-1.31317882703836,0.180584338655578,-0.411479951063728,-0.614967318460847,-1.14482832119002,0.104611859388095,-2.38438226437711,-0.172210701901576,-2.16682058783115,0.177836184387581,1.82474309001078,-0.166015513551503
-0.183109903812584,-1.01977499628055,-0.837176246000932,0.931385938549746,1.72426722860091,-0.311846580110499,-0.651151503706454,0.0489471094406517,-0.732658965725291,-0.934023921130284,0.666292018068208,1.31164597565695,-3.21144172985621,-0.184377842017251,-0.314312120725081,0.0187246020267957,0.779003192445252,-1.60841095045896,1.57417000858609,-1.95379728871385,-2.28692522713742,2.51577054446843,-1.74403859045612,-0.34154521930074,0.468412739650305,-1.59449330136201,-0.170975703117597,-0.777908283576697,1.51989606090411,-0.0204491386465183,0.900086942588974,0.166785144340404,0.442801072389061,0.837701022007564,-1.04267974325186,1.14071188504475,-0.732201365706076,0.195847359773378,-2.68078556140105,0.205065158860594,-2.37550624688834,0.239687138792015,-1.58160931534834,-0.931288411738689,0.820919736103284,0.457466982688724,-0.330460750687876,-0.229623862925247,-1.31425895301531,-1.21009315022052
-2.94280239445606,1.56220996027663,0.202831776044063,1.35782905247975,-0.484413020252374,2.14531892327649,-0.872398231427487,-0.0399726830741577,-2.07118250734958,1.10001782067942,-0.618905280921317,1.03292752255958,-2.61473234610846,-3.27586074504621,1.31725897988863,1.2033334172131,2.55966102993088,-0.464930562587249,0.471717109057978,-0.404671063939805,1.80813742562029,0.335961788170915,0.387798024053454,0.530446321983379,-1.05785994959385,-0.0440548567162533,-0.425535609188815,0.521556623557019,-0.13219925576152,0.693250345851743,-1.42514387947556,0.390458174449348,-0.839137127054399,-0.607597065068726,-0.710978226114216,0.213931537469656,0.927111548994133,-0.609118831767018,-0.104910689534042,0.599526971285303,-2.16664293159295,0.278102830295596,-0.528387777569464,-2.74207606829553,-1.27923748677663,-0.433488178059668,0.665920301643874,-2.33473320189901,-1.23544906135917,-1.97278793065865
0.184860286067613,1.64314989227165,2.8477782283048,2.03191934629435,0.321811999154983,0.974746717303678,-0.960307553749547,1.57409418894297,-1.43945385755721,-0.619360659232526,0.715977551682582,-2.11576327943825,-1.88331407691739,-1.21674487835412,-1.51131903539571,0.748196724975719,-2.54395900215987,0.0448515825385115,3.32925885772083,0.46241485353482,0.0726174493498188,0.581012775143631,0.231993431702861,-0.316479860425183,2.13911198359007,-1.86785777350302,0.648597908671008,0.851240843090377,2.77223116210749,0.471856810442429,2.14100174327227,0.360383081506629,1.17733679407171,0.853677656343478,-1.2242798773379,0.945765623424139,-2.19371013683221,3.31882488014863,0.0711265595380823,0.588189442493926,1.55019068580313,0.399813136384389,0.897580809760931,-2.03788497193187,-2.41863096257982,-0.542325946296692,-1.01271291093442,-0.178189087268754,-0.361250144016311,0.13163878363107
-0.946644140688692,0.218949780605084,0.748287931030487,0.859731389191787,0.15279093251438,-0.689012119539903,1.40819438327329,0.301020895154103,-0.659252808102331,-0.091054183355079,-0.0908024665253161,-0.709043077848369,-1.28948317335472,0.902493283399182,-0.877477850604835,1.17493922145157,0.839713948478779,-0.134543290901809,2.98135499528713,-1.00216553691397,-1.7188328787323,0.0102733181997636,0.336575759109472,0.347395931316169,1.35753955911042,1.69768091968093,-0.712867600197724,1.46706515295293,-0.764984448980915,-0.398919613351021,0.470142861000692,1.01748355920609,0.839446543659067,0.63092392704731,-0.705630874027481,-0.667160679903205,0.714218256843443,2.70207198416293,-1.71796145411537,0.155021258462241,-0.347916596551951,-1.05403062145423,-0.235311187096432,-0.781409765710627,-3.33201483207594,0.67954407049826,-1.03694277890401,1.79028505360314,-1.56031765072063,0.918935245285436
0.935800836805598,-0.221736191334908,-0.196188257876411,1.54921166623708,-1.39229559305172,0.282770441769625,0.185215059032053,-1.78024488008501,1.64049541234244,-1.04036697505345,0.162709043818474,0.248525904668357,-0.425283980977283,0.230149508290092,2.63986169776872,-0.164624163085414,-1.53005417932676,0.606862262964512,-2.90475747156754,0.0987255818948002,-0.00430420160939111,1.37291503913822,0.72487431645271,-1.0111168487786,-0.655821779269976,-1.21484880266522,0.848965230129657,-3.82693935793922,0.0798480034667037,2.85161581111667,3.64610838670974,2.20645783591373,0.131638972243518,-2.3993057181871,-0.163957043633167,0.240398676833598,-0.511751690942172,-0.12525700833292,0.747173718491147,0.656771642603218,0.71044508739347,1.35136627429988,-0.235457074882186,0.418377658730878,0.908142519818024,-1.15300541368637,1.44616233270553,1.98736793816941,-0.687766732327792,0.804681643794969
0.158650866565423,1.58445228826865,1.47156588821072,1.64420866822362,-0.732982529351296,-0.544492919741859,-0.785205626138704,-0.559330671124015,0.402465083935589,-0.537881435411219,-0.669522259932951,-0.0601508627986638,-0.377233773942064,-0.33307013237901,1.95290063424198,1.72234642691038,0.706199558700093,2.42039189560877,-1.18387026166014,2.53308162830127,1.7350678756528,-2.69335313263495,-0.59943848611253,-0.632384598111289,-2.51871622176846,2.15903352202719,-0.587182235145722,-0.822314513665891,0.716282023350748,1.20463621285544,1.82291217427512,0.43732819347275,-0.634385363779746,-1.30706918313702,1.1955316782771,0.973273514819094,0.177586039374573,-2.40054669206809,2.61367694906063,2.25502576299891,0.246405961199994,0.634875193682964,1.78616262643384,-3.03251122946622,3.47400384162177,-0.295196078936943,2.82037826288529,-0.611578287312571,-0.0598294153526454,0.998689248209904
-1.69521482181839,0.346140616655132,1.70844337168718,2.69443408850722,0.598232849502111,0.146389741059387,0.13865071105433,-0.601258242163141,-2.02740369066822,-0.976899231596961,-0.845902456588675,0.0933216456495399,-2.20299830376809,-1.66673754280956,-1.11865260060477,0.0452427858113685,0.539872701271732,-2.79023790235576,2.26886208235575,-0.578583356926578,0.125756149529223,1.53764094165628,-0.543710489651063,-1.84233746871259,2.47767833278166,1.00411093174331,0.241925553939484,1.18828214453008,0.614437893324184,-0.491232884461972,-0.968653961733122,0.289622733950214,0.565511090303016,0.531342467753004,0.511612414609307,-1.36106183306489,0.180321789431679,2.04542806016092,0.0329946800837683,1.97170279976908,0.409806921678702,0.694643625442634,-0.496872245530766,-1.3548209968908,-2.13095067186245,1.01892903879966,-1.71614520774923,-0.628954142715885,0.111599991412681,-0.185456412162054
0.184161837158478,0.332063158289867,-0.881163644651127,-0.99750907094391,1.32994052299564,-0.383863743822373,1.21073450328735,-0.91745489980564,0.274033113250302,1.09507525079242,0.401184609040407,-0.75210999327314,1.41992492693577,1.03273255152156,1.24499749138393,0.685849192325868,-2.54656428121018,-0.476487292215972,-1.0479040339487,1.34247420055316,-1.2931392315877,-0.541063266007586,1.26915689487923,3.67015871109197,0.795641699999018,-1.8267101453838,0.110208804574415,1.66404298766967,-0.950193297896901,-1.8650931698254,-1.38477993271826,-0.281375413222729,-2.42655650430073,0.924259063033904,2.93530425888977,2.15475427258632,-0.359460106425109,-0.946879734866043,0.873364098782316,-3.59341861382462,3.0832550890996,-0.932565125630318,-0.464017641975047,-0.394521240305706,2.00993547949704,0.690016435246274,0.0154723684813943,-1.77492493611039,-0.887848906320755,1.01241570947998
0.925773126458277,-0.681370458635885,3.08716740048,-0.544349270515702,-1.69045861545206,1.47499393487019,-2.26601805463863,-0.340995759759335,-2.1345293432491,-0.932598155604759,-0.340627294592386,1.90781631811098,-1.25875019717908,-3.02074963342484,-0.621765156203128,0.903062851336818,2.02190218259201,-0.802808292075354,1.90769004457846,-0.631123823400782,-1.55031550690422,-1.47436571639017,-0.255458872386846,-0.24731507804622,0.306837756687138,3.05690963802429,-0.35438237763296,0.236502659697528,1.08289402777802,0.217328402393212,0.326064485270592,-0.14222372764293,0.143770236329458,0.279888703419665,-1.21830245403352,0.0489615255211768,-0.53043663992315,0.988132355820168,-1.99480743116616,1.22149871598288,-2.46165729238539,0.441423662089343,0.435014948823938,-1.46148463446493,-0.134196439529335,1.18964563447491,0.083781211941891,-0.0662034058732723,-0.0129935839118242,-0.253428029737392
-0.9506947494421,1.68873806364163,-0.0913647615023246,2.10124233005287,-2.17135571651761,1.32954950789118,0.125527850786614,0.478504163690699,0.734026369020809,2.40552815314565,-2.54463391224546,-0.930895718881553,-0.547768255878705,1.77439977967735,-2.34958310370448,-0.135798342439123,-3.43978502941218,0.376364938267068,-0.679522637354954,-1.20728417443047,-1.8914354102554,1.76590418480905,0.981610057283034,0.474928711040107,2.28067812126351,-1.82681275190258,0.704726990128655,1.57141189856137,-0.79382286322377,-1.26644636874014,-0.039160364571857,0.35886355990238,0.229090009817476,0.0398569159349421,0.992538555714363,0.950511915180407,-0.61102670232625,0.839662800770653,-1.40575727584688,-1.96541346825874,0.274165129447837,-0.636130165911945,-2.09072067800251,0.309216162755842,-1.34136827579531,0.525683433640203,-3.64732288686276,0.385567672230398,-0.519115819559626,0.114412624674997
1.24877433482178,-0.374528699398184,1.11560429294044,-0.116001792870079,-2.30942609262047,-0.24856574432645,1.50719112549453,-0.52864446072992,0.10280852472272,2.16223284402647,1.02082914419484,0.574452084852016,0.828827045443711,4.06824187314609,-1.21663299747363,1.32911576580021,-1.36608869580052,-0.128753227829613,-1.89331791827707,-1.95731002319173,2.35452349234446,-2.24603697941946,2.81654132579648,1.26896940310532,-0.652149327481391,0.593539476347191,-0.806803102819332,-2.15874976664882,-2.08123379531535,3.3320793795599,2.21514626136576,-2.07116203824489,-1.91882735682352,-1.19816981862242,-2.17295055344921,-0.366183422290374,2.22714945311279,0.785115650608073,0.511134620925856,2.6207901372342,2.0665866320415,0.998321764042909,2.76627480871706,0.481943814574807,0.0817547976556146,0.00888877305020395,-0.135184889540492,1.09318129112725,-0.306544851604845,1.5271044941201
1.66603598558015,-0.682795949737328,-0.536615880693768,-2.54441500573869,0.0615945003277624,-1.90664850525906,0.734257669333144,0.180662969655345,-0.778277324853866,-0.932866819747029,-0.361469390212476,-1.1266404962927,1.70579748900129,-1.55280968307878,0.230321496079994,-0.102238224876876,1.50694599198287,-0.439355512701367,0.396074307269131,0.748581337347145,-0.276570175793293,-0.683891723237165,0.397414714756743,-1.66896492676912,-3.01217539313546,1.76612495490937,-1.94465684724018,0.967956295260605,-1.03003129397315,1.29996889006437,-1.63981085314568,0.880669512218347,-1.38315266321357,-2.01029820943479,0.328383433063814,-0.873386301432166,0.800438592352889,-1.55980272854148,2.05316466565998,-1.4045422358052,-0.130579813457685,-1.3977399010678,1.66966667068983,-1.36252631592957,0.545882441926513,-0.415759843903354,0.857946434458644,1.07080535161254,0.691527857558522,0.447396054400113
-1.79684786648619,-0.822751706953919,-0.600244373745392,-0.0571151026269301,-1.1086742608152,-0.686158240833322,0.321267452304557,0.230109348927409,2.50751040847246,1.01067293044924,1.40426178001649,0.0531386818312223,-1.04320103272766,0.839446681167421,1.08821610160277,0.312653384774044,-0.221695765103089,-0.564222615324507,-2.96570269958456,1.03806673533404,1.77600709495102,-0.491820718136164,-0.647509676544218,-1.57351112426395,-0.323509719607911,2.56383559409601,0.365666142224343,0.583126508062088,-0.020408521986301,2.2687195077478,2.44207482300529,0.843173741347091,1.60794941591396,-1.7872047032648,0.110207035608957,-1.45649539837473,-1.2730483258252,0.143800725786187,0.694668391848954,2.05706878786285,0.856717183934821,1.15614794947,0.185310308830392,1.27234582689156,0.789202314788827,-0.417208669499066,0.0765373939338074,-0.394603512048271,-1.74391157656457,-1.00487919784756
1.6565068539811,-1.04265672510593,0.715504977271596,0.998442309493868,-1.44567190743804,-0.399478227020674,0.0664086952293893,-1.14028067693774,-0.553803263790469,2.11826546277042,-0.395306980769699,-0.426241693587112,-0.566299617675497,-1.33096823270863,1.74134763221156,-0.825901591471942,1.02945988364013,-3.440352620679,0.777617424696589,-0.203514227610023,0.483342297534447,-1.61065346615736,-2.00136722319915,0.653274245281537,-1.00619285238577,1.24574238050736,0.288165893754272,-2.04127546588835,0.855482608600065,-0.12412185353678,0.925365496160957,1.27196105545418,-0.150767719652564,-0.36252985679731,-1.47406951380634,0.0603575255630834,-0.805719093592871,-1.78917567828388,-0.141007868878143,1.26652400431721,-1.59965090072028,-0.395702153704344,1.20641707592278,-1.58203609464228,-0.100161013449223,0.594888673377897,1.62040103772954,1.10111649038505,-0.706612280012442,-1.33125152652367
-0.140194663990206,-1.63037487225294,2.15425528402848,-1.3849804028414,-0.0812337468815031,0.566211880134971,-0.135120107045204,-0.052187175526989,0.172348126066499,0.905077709305824,-1.31805097824562,0.665228104310084,0.588032710070454,-0.0729509754823186,1.53205743130335,1.66171330812399,0.462404566878813,0.510527622975633,-1.91263427217411,1.97079097300949,1.31853106625627,-2.22370898335464,-2.31066513587206,-0.0625401941811572,-1.64758020664568,2.5914858967195,1.45588926446532,0.235805939682907,0.763191082870514,0.932983645525849,0.135812401975527,0.808272454202116,-1.36037284946024,-0.130612759836532,-2.13521007962951,-0.640979258691257,0.230520422215562,-0.243629854400142,0.721405655948181,1.07110140806265,-1.14511620449549,-0.803701535160084,0.545747460782342,-1.27703420816904,2.8665664590397,-2.18697310809445,0.538520513508001,0.0640234415485485,-0.110296252251335,-1.35285467831337
-1.01360112206398,-0.13471288515667,1.31399052904455,0.421292434010962,0.0253513866536207,-0.794131081250056,-2.84066525269292,-2.40993626486377,0.195213644037569,-0.263535979016445,-1.34484339179313,0.262530252463359,0.54714294173822,-1.39797033505091,1.22563833531378,-0.00426213737486053,-1.06792173044506,1.48960807232564,0.637349357879877,-0.977286020584232,0.915578443410795,-0.593268089622154,-1.73786158077825,0.827836675427722,0.484973261394223,2.66045723591506,-0.0537568035933711,-0.65970986992717,0.53983391625698,-0.111163468492055,0.130928965155348,1.70573547708065,0.847889492820799,-0.932390584913986,-0.627022517376252,-0.929310902020662,0.020229787803863,-0.520632491071066,-2.62803786084745,2.12436087847717,-1.4469340363006,-1.43409155534129,0.165687655316262,-1.37626244807543,0.927857043071242,1.50825937817799,-0.035932759704678,-2.52744895445618,1.92593975827656,-1.18268912915141
-0.170371676393109,0.105620660711472,3.12737130826326,-0.450582316819198,-0.265380107431858,1.59658830810934,1.23693438008531,-0.294306092390686,-1.18761392054335,-0.645952059836206,0.876706355611126,-0.375306535688201,-0.530310341096319,-2.3028309876243,-0.420601953440379,1.27376808024582,-0.256069878236465,1.53050936862318,1.02887426775229,1.63232320748221,1.73391731200557,-0.86959845427347,0.474029753935165,1.88709021967664,-0.0212383279708339,0.396659135435328,-0.442906724105509,-0.182861121257841,-0.492796464675258,0.768383727653911,1.67517495281914,-0.252309754744794,2.13667587324011,0.75832011123926,-0.806798831900574,-0.0237325725287278,-0.90488599574169,0.00536646853280551,0.666894774477431,1.58477115522068,-2.02955336137305,0.206270706212903,0.302589232233348,-0.453131275614035,-0.844765019627569,-0.871604226939874,0.755013751130079,-0.544273349663981,0.8145874219437,-1.2071061440079
2.60786361546449,-1.97249900241698,-4.54099111381457,-1.39871112440366,1.69310194335342,-0.0958618097833027,1.61091443323867,0.682621303953739,1.24230793192817,1.16421634283935,-2.72709801067943,1.74375982746772,3.62554015511894,0.0953710336980246,-2.50903907146237,-1.62669648650837,0.62098431498829,0.970388506593565,1.30293260274951,2.32196348878656,0.53338716791722,-2.96860274438743,-1.17300079534383,-0.148025553771391,-2.96212548293882,1.69439512086032,1.32922514241597,0.46112623913537,2.36052292522351,-0.331070107374314,-0.962895773187222,0.300532444436466,-0.81710982551296,-1.06933533671042,1.35339694966872,-3.80637494118793,0.243564730621646,0.117006926593142,0.0168658737067292,-0.286544321017158,0.158761068808909,-1.18342130757202,0.813633641425152,0.626418948242301,-0.902068989802399,-2.12989976069563,0.423699776699203,-1.89279653617007,1.97345435504272,0.0819299013970216
-0.232550295681983,1.37978865628538,-0.00277361444147692,-0.135070693643027,0.453549026218946,-0.240215162921261,-0.420466753136969,-0.991936752833725,-1.832592460353,0.450431708756797,-1.22889761595215,-0.302497639973314,-1.83625382745811,-0.412511575450958,-1.99770715378507,-0.401622831781489,0.843182120497011,-0.334797995062281,1.7252928192161,-1.69267285989709,-1.17941167244593,1.31785474893708,0.660869463817208,-1.12650051892311,2.28470980032717,0.0630430961253344,-0.124007231325279,-0.0468855841871828,0.623358800870876,-0.68219384290901,0.291750756396787,0.713586017784025,2.04931489971591,0.837699229910397,-0.358834289202171,0.0323640778557154,1.04959687095051,-0.906234272288443,-0.844994480203434,-1.26893509998066,1.37641309857474,0.928644977978467,-1.51688757773639,0.33343528962043,-2.12333507074661,2.73875907371166,-1.52995134243952,0.0318967402790798,-2.31058815607022,1.11603249060982
3.70125625409799,0.0485142090410998,0.984724959868222,0.230514985833319,-0.635181869091799,-0.0688743527041905,1.18114281539735,-2.32128894834936,2.22429175790445,0.360707713250688,1.66732536771651,0.957928556751501,0.552071898754204,1.03419256847495,0.874745978163025,-0.536465268373683,-0.446343910761511,0.279785708482896,-1.50959267112386,-1.25699789585541,2.37754869778426,-1.00696196892601,3.93936143672063,-0.402124899092557,0.85943999527267,-0.351290064239632,-0.867675916596378,-2.79171402515409,-2.3497785127044,0.26327144740693,1.1668263045287,-0.021818303260533,-0.109220400853395,-2.2165174868492,-0.870953386210756,-2.22805622216416,-0.557729996114163,-0.538018300703548,-1.41628061898483,0.0494174906578582,0.79985351206533,1.33030700053968,2.66803828366899,0.203258569546727,-0.15859294093148,0.99537774168481,0.661971875153775,1.14468369388419,0.869457937300781,1.07381391660566
-0.270541678485366,0.427906799538913,1.54024211046172,0.150315467941175,-0.809243875147665,-0.913735111827325,-0.108553662999315,-0.625019648694051,-2.37606223339503,1.21904714035598,0.0554911161122576,-1.10378046304208,1.03172018620127,-1.2171854920176,1.15307499104065,-1.60092216410116,-0.896793151824647,0.285127107759786,-2.33503455357468,2.74423367946665,0.676537108644666,-1.35858809503118,-1.49334665737145,-0.431323336612617,-1.54770483057378,1.38713081836048,-1.94505444567153,-2.16953977005173,-0.725534768128908,2.41939125622808,1.17281390471912,0.000951452698163324,-0.551708182551676,-1.63263056610942,-0.558691717253256,0.566806496385145,-1.15657967109488,0.644468381089044,-0.403713506006658,2.12650656337053,-3.07884740312839,-1.28370132024888,0.665246992333002,-1.07513370531597,1.96571474624831,-0.248386627240436,3.37813390994505,1.42294214273388,-0.589435466358888,-1.11558705147668
-1.07321409241933,0.577371030351625,-0.129736114177723,1.15546195114086,-0.464757090007328,0.0992051623279044,0.174451275620121,0.113331507820979,-1.90610491251581,0.457068557956421,-0.34685595003624,-1.83475982849433,1.16647504055246,-0.716454084274807,2.69369310561134,0.319278994740671,1.90612890665005,2.61454928096357,-1.1770859558359,0.577035616388148,-1.03670436934762,-1.46595162039203,-0.975132964687417,0.631188291431944,-0.857390421858213,0.265307247817631,3.1504651738872,-2.02466886284075,-0.16078815364033,2.93583297400243,-1.37054903100114,-1.93898931570092,0.329129895522187,0.727038231234392,-0.385650303696691,-1.17638801660015,-1.22259128027212,0.218960137414815,0.720032897598063,1.86068953903463,-1.41427499580567,-0.245809695682556,-0.312132893659267,-1.11310836660553,0.964118244820705,-1.08693916455366,1.78417384935685,-0.202099468867037,0.566876176566247,-1.50446682671316
