"V1","V2","V3","V4","V5","V6","V7","V8","V9","V10","V11","V12","V13","V14","V15","V16","V17","V18","V19","V20","V21","V22","V23","V24","V25","V26","V27","V28","V29","V30","V31","V32","V33","V34","V35","V36","V37","V38","V39","V40","V41","V42","V43","V44","V45","V46","V47","V48","V49","V50"
0.726606563353133,0.61770480467328,1.02449030562721,-0.908136391263683,0.807789119417403,-0.223294137866747,-0.126529308992803,-0.238751135127806,0.610298502006934,-1.76954480985866,1.39235578221833,3.01919371818016,-0.185893919233781,0.673786892268835,0.218100404586238,-0.575820136050323,0.864905870409687,-1.42597168036553,-1.77192730240314,-1.56292132161173,1.30101881856052,2.57173183325601,-0.199980227374596,-1.01053573764944,0.917173482098289,-0.447126961565193,-0.397721494296302,-0.616727319803557,1.54994784909928,-1.29989828190291,-0.830038265480625,-0.432764645738755,0.444695460389543,2.8633425158419,0.12650018316915,0.0829734956042063,-0.0268132133533894,-0.64857646646075,0.828533190654254,-0.946528897708838,0.903975513881895,-0.898140836945662,-0.352037571153045,1.7176163866519,-0.686924848052865,-1.4802447260995,0.12419778231709,-0.560174361836743,0.245688251282616,1.53375768180988
0.173562400357885,-0.84562400292137,-0.423339220228094,-0.562140032883763,0.420887517098128,0.328010760950816,0.316013213107262,0.333361792114715,0.697051902733796,1.7742453286886,0.808817960078486,-0.665566053839511,-0.0565306175515177,0.366322824711802,0.464278493735655,0.387554156319986,-1.5940576229508,0.952425586831807,1.61985469092458,1.78390602549672,-0.13188678649392,-0.753667995812181,-0.0711927181016361,-0.985330890457593,-0.973898717707661,-0.564337511218294,0.224984546090226,-0.1933660709189,-1.45759418694145,0.119750354396284,0.778785791959598,0.861824349151837,-3.12326060572147,-0.255245885410054,-0.375351131123615,0.0443116574639586,-1.32901872184407,-0.612767747026163,0.870902875470095,-0.366536461084511,0.0824945578472588,1.34778431838383,0.163241819353277,1.15595561692212,0.0590257431533031,-0.936628700366914,-1.00349560718409,0.916600155904497,-0.687657534471246,-0.498815611757316
-1.08623558054848,1.11602767265631,0.406069161484074,-0.212309646242014,0.634436030837881,-0.356702094343478,-0.0827697454646593,0.242705709924947,-0.257625760953302,-0.966350410212964,2.05190212203208,2.79792437177494,1.32135307101781,0.847851108642103,-0.36533179553378,-0.705221573209057,2.54837107772766,-1.68204891521771,-3.0518303545944,-1.3460164722337,0.0435972062806744,2.56641427952198,-0.951719976368413,-0.209991892533318,1.238825509145,0.19709122881598,-0.682427690183172,-0.303192430586682,0.561023800989646,-0.331883845838841,0.330254828246028,-0.500036299188488,0.877155389196295,2.76867141075789,-1.0597766454764,-0.456388550436907,0.64363066470819,0.0846244188051334,-1.13877361766671,-0.909777552859558,-0.640713874007028,-0.174650729610118,-0.697279953114478,-0.0637480684275431,1.56255909194228,0.599489081670813,1.24203655875489,-1.12761093562359,0.140877271364749,-1.00831829588478
0.256808087147619,-0.553059510206333,-0.627409901876854,1.06712983984923,-0.528341174942606,0.278273226350031,0.829480875215011,-0.657259211973751,0.237487046599023,-0.114364521003298,-1.70767571455056,-1.60982085636237,-0.839637189439021,-1.08666823651369,-0.307617139575535,0.565057411080339,-1.01104695202791,1.53517796563769,0.920744893011276,1.42550953386613,-0.405421170596802,-1.80500982266753,1.16018321443111,1.27919185774025,0.260356519516716,0.476885714030552,-0.883439575127788,1.32812644865294,0.104172900389364,0.806398059770756,-0.170022754871464,-0.657857442549704,1.12938399710043,-3.98181890541011,0.874982870292395,-0.244612558899548,0.0856675743037369,0.129724004201816,-0.193615039227566,0.734720985965533,0.438764962806023,0.131646283359491,-0.275754693503678,-0.46455509283002,-0.970809654289987,0.329556321624006,-0.945229825683796,-0.45573276600838,-0.147980022765485,0.805878423174251
0.238232510971177,-0.818772372180788,-1.33738703056057,-0.447787168318756,1.05615671687567,0.896963554307009,0.3538194752739,0.465907830598959,0.712348283064652,1.7425454848938,0.526451410434848,-1.44155853383573,0.0468263073439951,0.321000154831975,0.524659933914582,0.0565736617225424,-1.17843962104864,1.01685531500761,1.06400321682499,2.21615446880314,-0.179073086173997,-1.32135377274098,0.0640214421586906,-0.446186955570594,-0.767708272418506,-0.534379927594847,-0.398368191050932,0.0953959290139038,-1.01198065422907,-0.226956541699272,0.59673328634169,0.771004266307465,-2.57677312160089,-0.888491488684487,0.369057017593948,0.108239907379284,-0.902625830996686,-0.304832743079291,0.646848135290426,0.0996285854247197,0.398626227004484,0.936305726369387,-0.137510833340718,0.779597738971966,-0.470508040935697,-0.506953540916003,-0.545269489165769,1.16539033494724,-1.15604827501149,-0.235830852250271
-1.06665833363526,0.486554975310065,-0.486903071119501,0.264799713356128,-0.570815764498347,0.00536846491966617,-0.572501879176697,0.290752140426093,-0.672152619204732,-0.0763862866558065,-0.960870846411779,1.71924877054045,0.61207543211513,0.197278330300927,-1.12693190303291,0.0450229708488797,1.3694303538273,-0.653992254621905,-1.70937229031713,-0.532442785355614,-1.1585240841629,1.61186017528745,-0.848258213343086,-0.233901439603937,1.24500323903264,0.396909201475219,-0.332473757238242,0.537091592666121,-0.636642278175054,1.10598405236193,-0.17027821600768,-0.425180734440764,1.62278181208225,0.0460856791606875,-1.21826124293477,-1.03169442827383,0.342330167228358,0.915769134119997,-1.28915950190217,0.348716102947728,-0.695542393114651,-0.472206503539623,0.392914774821478,-1.87957983631927,1.78317099479735,0.358282483962988,0.104970865551642,-0.979657378499614,-0.261735301390944,-1.74587395358722
0.0784514536859851,-0.42060900106504,-0.375636899925623,0.527173871304421,-0.312101091044796,-0.198866465951444,1.08490025859715,-0.883199183666398,0.0582352286938894,0.0688007895441506,-1.71772853514312,-2.4181577918168,-0.932880192585203,-0.478224946895253,-0.658528951239157,0.297293924567359,-0.959829171644154,1.51171783043206,0.971003576505378,1.44089770172233,-0.370498449866314,-2.14988583439344,0.855762838619154,1.6094933519852,0.471833934687895,0.241269232677368,-0.76571555727052,0.474973506402778,0.319193111128389,1.24600413419206,0.318502739276145,-0.339378193164277,1.44719613850306,-3.97078394111029,0.663168476448894,0.141976421322135,0.529336785907892,-0.308297828282018,-0.367780029777159,0.894252151773178,0.11198373984978,0.113126386260642,0.061139479945678,0.349142110299954,-0.961807342655976,0.223473517467752,-0.215681987127558,0.190467765994977,0.00261661837845749,0.720636937502066
-0.24585686550683,-0.0349351389526107,-1.12144323208546,0.709102544630659,-1.25132973644953,0.287191365966628,0.205890258040188,-0.443009463934124,0.00621746458600159,-0.561663449927179,-1.87135334843905,-0.280801042180624,-1.42351079732006,-0.194703742107207,-0.25101090006561,0.519877207436461,-0.0223398616362352,1.27090844692182,0.0153726550479791,0.437514366171205,-1.53187289987027,0.230969266572356,1.14895190404741,0.712924754454067,0.344393051951061,0.247541789412312,0.0579118889588633,1.44227124267771,-0.301361959753882,1.56942198543641,0.194918066471216,0.254465334227167,1.87124691037105,-3.01872365822479,0.57326873154887,0.133948390341956,0.394701750870489,1.08103180421444,-0.107234727149317,1.7356006669681,0.752803684428094,-0.483774087167285,0.586517931426938,-1.4553032236532,0.616383560835399,-0.426935268323076,-0.319227823360129,-0.828248515162418,-0.972191111755112,-0.467388936161803
0.0767414776331245,-0.470481468806607,-0.722185594664246,0.838936327584229,-0.728101374189311,-0.112314437905324,0.822426534339362,-0.867948530437665,-0.0486037714283404,-0.253094321736788,-1.67355689836203,-1.32239314579078,-0.906505847507242,-0.435154693279756,-0.692665506618248,0.672650092005443,-0.122974684809327,1.3658280026918,0.912706398741698,1.36041556724204,-0.876753098799853,-1.26199013404988,0.944191819797967,1.06715276313323,0.461054352195087,-0.15578243188619,-0.95328290722579,1.15924282958801,0.730021206835401,1.2261018434851,-0.675687654361471,-0.251028350085006,1.69484555252556,-3.50799517039986,0.547514595016597,0.297420826208365,0.234663330842973,0.0463199308312954,-0.182600493216135,1.22094664463385,0.635558976618076,-0.333465070014323,1.10330525979497,-0.325813804171283,-0.576663100554535,-0.432964822302473,-0.26858717520573,-0.324704072783209,-0.367719369782581,0.472360874052473
1.06690336411067,0.637587160524994,1.69331764907358,-0.0263723996601434,0.755028415327493,0.843844624091742,0.0993125259690145,-0.0644726127632484,-0.202014595874654,-0.711701193184146,-0.627837898867588,-1.99991021556421,0.533838013436666,-0.0404433068751754,0.910199171802026,-0.889461435137363,-0.451403910008757,-0.918243226966124,1.56949114823521,-0.919561729780225,1.65262746605046,-0.749221397511991,-1.09011803847429,-0.280125806619675,-1.12561428007752,-0.0353308284294212,1.16911670430326,-2.08882005113029,0.699089593852693,-2.58320851539725,-1.03289064325381,-0.212261711024321,-1.23297652902481,1.43834360273428,0.343762909662598,1.18791377097776,-0.137177232517733,-0.254482287781935,1.5271944376382,-0.702755450796811,-0.046657380227866,-0.745868906576751,0.115017773193151,-0.679735864377168,-1.5847058863829,0.558721480530653,0.641017422058373,0.0410160228526683,0.0619854263274969,0.721129668363777
0.870964693870635,1.26151140264335,1.76228859321051,-0.0913890618518551,-0.0732321994923533,1.7151965387295,0.3784889320691,0.074818234256588,-0.0051937246570632,-0.638098701646442,-0.0866375113582226,-2.48170076101337,0.153181146230224,-0.214991224396071,1.09058519973923,-1.26866027149313,-0.430129417462325,-0.810965754203996,1.82528277893168,-0.888686424442414,0.873302043363734,-0.967765842620121,-0.639022209518951,0.106070687869893,-1.34808713221848,-0.462010225982182,2.21714972043033,-2.33123058541261,0.377355507431154,-2.17435001297341,-0.18778317733465,-0.502772099769663,-0.924577141617023,1.53901924943736,0.427927960018944,1.298628410191,-0.413243461772184,-0.663395653183591,1.4552748753352,-0.455623656147506,-0.0458250439833868,-0.213250580895068,-0.210949022042754,-1.22177534888821,-0.507799885836786,0.958184333687535,0.948571648025324,0.600187579194386,-0.253807461745415,0.806973096641283
1.2456164058686,1.56580228955223,2.40536211671848,-0.0251679875978546,-1.01441411055851,3.97867569297108,0.5518940601835,-0.716129872344607,0.529145846721587,0.276609352910081,-0.622096219218513,-4.78531493896822,1.0468463949587,-0.418978554586027,1.79200484530578,-0.149298939602086,-1.23140881515936,-0.418860176591133,0.334112432529772,-1.30973732380527,0.103974875580777,-0.975449247246301,0.321436961791453,0.640790686672413,-1.15637637300389,-1.74795319676916,3.46991871996234,-1.41674136621041,0.246736533005952,-2.1877090232665,0.375096834495123,-2.39185983136465,-0.301629942899003,0.358899004524677,0.17958902114094,1.67842214030716,0.363832619312763,-0.43886846912233,3.38554241347219,-0.43867531337296,0.816922948198117,1.03514118011968,1.64829148947691,-1.94462021904688,0.988672097571581,2.80205278519064,1.85773232949066,0.41508920783069,-0.787878068747236,-0.577704754526194
0.0754682514895725,-0.423499520502252,-0.579044948707414,0.979628276252083,-0.0725385305947811,-0.555463544591671,0.343952907786767,-1.0024971414515,0.234402588396174,-0.13752317322274,-0.921183411696648,-1.54157378588301,-0.788704384509138,-0.580452310931204,-0.597670467173605,-0.344593764434289,-0.822877139748115,1.35065736341987,1.40529712341738,0.912899709952449,-0.676269254410117,-2.02131506456805,1.0371943581591,1.61146712384887,0.142653130949582,0.820332923751005,-0.256823624758845,1.33283458195447,0.559964909057059,1.48288817941918,0.413902578988482,-0.935745055410745,1.17024705193393,-3.81147183594724,0.826456014757949,0.239431983142167,0.254835526166456,-0.00470854092784239,0.301271733078489,1.27994827294292,1.0137351272506,-0.0359107778001367,0.306300555128611,0.156514781401816,-0.508084142528901,0.107017279870259,-0.143626827823134,-0.221268013533331,0.0643993500136088,0.576087956387871
-0.377358618111521,0.179407666681398,-1.06519862574313,0.933185869644721,-0.163086955638201,0.03346555041975,0.659506739007855,-0.596502872544531,0.101159849285333,-0.165426450412949,-1.59450545036036,-1.41637274278914,-1.11267167914915,-0.506957799337397,-0.910084616244484,0.737659594653334,-0.613819909547129,1.29396926448282,1.32461536937105,1.35846015479574,-0.0934571293732495,-2.39618540095274,0.797937059604139,1.82266206727643,0.0648787462989963,0.054927958085011,-0.932058854860851,1.14391397971687,0.464114257566389,1.00356191033516,-0.1410571002315,-0.338394458213431,0.949069187061958,-3.88328468311524,0.543270693770397,0.32883287582673,0.67091822981119,-0.189881001974356,-0.129167267821296,0.971517999800623,0.224786082734376,0.064854792309065,0.455642644732228,0.034147627943098,-0.594377313155379,0.342071827012608,-0.1854331538343,0.251392626329016,0.020061596409216,0.964043984959767
0.0010337699265573,-0.862034784397264,-0.629584097895802,-0.334096102439267,0.735143906242985,-0.343986467778965,-0.138707242047541,0.534442612907244,0.529238790263794,1.81906665176675,0.571803221255616,-1.71871028861438,-0.0600630744837534,-0.107980507788442,-0.131707841154061,0.373152307255964,-0.885041936212508,1.22822526133158,1.00513075006101,2.55288639344513,-0.0575414192897221,-2.0240772045099,0.175315423410378,0.345325499697658,-0.81785425521064,-0.194847187607325,-0.304625533640158,-0.0911384185537244,-0.783439936498483,-0.0764646282554417,1.07948536239275,0.229467190771167,-2.11731353704125,-1.74574906804397,1.26246535768222,0.240715839414412,-0.632026867780332,-1.10616364369695,0.494889394929237,-0.6235386819172,0.114321419508009,1.00019579559754,-0.296022150178753,1.33888538887629,-0.96783186479365,-0.0900908890027896,-0.178535574344982,1.07396920928169,-0.543283097574441,-0.307617174514235
-0.103853438852377,0.176315608704757,-0.86570668743293,0.943786317022297,-0.45562345338528,-0.188689893375627,0.438658765744055,-0.68402935402866,0.0526974164584375,-0.50302687880716,-1.90679501272339,-1.47802341494036,-1.10092590339539,0.186542732182243,-0.513306161487109,0.500172581662445,-0.82992408716362,1.46822634316457,0.591041364671632,1.12241464580457,-0.692953051310709,-1.52591920088679,0.687368541899213,1.69808312617946,0.814210806804048,0.148428225965299,-0.466512616426651,1.09869486022726,0.214241008220304,0.861904418588326,0.339072787295731,-0.190180490122724,1.54783417652404,-3.33383163533192,0.391477780857773,0.275287608719681,0.132404275487589,-0.00286450612371941,-0.131255395033477,1.20828803850504,0.607354705117595,0.140877558525738,0.362693029593723,-0.629899022937877,-0.340489080225305,-0.150950190205833,-0.272968652744162,0.18779997803601,-0.061210176034936,0.641366628506391
0.543520277833402,-0.86858148489579,-0.655846109199657,-0.126060182612257,0.698772263481762,0.167368155357365,0.213017024580998,-0.113140330601276,0.295240557329067,1.87816518935254,0.352631499392038,-1.39936546972424,-0.438709703615194,0.0204004496699915,0.230827127415476,-0.270995697406548,-0.852912449446015,1.09341527867942,0.894618479835205,2.21730307830844,0.0459973331095904,-1.23406452194456,-0.0844597936669376,-0.1891690541326,-0.966936684350797,-0.618246722357949,-0.0570687952270826,0.141410332067755,-0.970028558374035,-0.136612038547078,0.446032214023649,0.761485135671725,-2.70437268707402,-0.909768611570029,0.03436080684041,0.285443148061924,-0.689162188404779,-0.981710089701641,0.398150227908308,-0.721000955361667,-0.162655113878785,1.09024565670377,-0.269196616765474,1.16720149022961,-0.523538365375687,-0.39910301415694,-0.422985675331001,1.50145303337342,-0.822553308675727,-0.178506294431272
-0.123469700995256,0.0576488639633169,-0.719791791143856,0.880646814552863,-1.1334856623938,0.015730938127985,0.00628243350292826,-0.797347642664069,-0.593797743630587,-0.437802438044142,-2.27158527110853,0.171979898854521,-1.41410471614566,-0.671571551098933,0.0187579333152701,0.599305561408347,0.134107612616625,0.43429859310122,-0.278506461247571,-0.528356723139925,-1.91882571127372,0.468814514237763,0.299474935166215,0.703710855696383,0.844245193607873,0.207075558679394,0.401127452603064,1.05215277701664,-0.561927039337702,1.58146961338362,0.17859949692533,0.609918622009678,1.31438326967252,-1.5003366745439,-0.496316703031076,-0.642095750695445,0.273337452194485,1.23664332424514,-0.209975652804746,0.937755010094312,0.119693134841759,-0.622272024188199,0.667275639805417,-1.4808575156757,0.916009084820391,0.0683595743154674,0.24679223261187,-1.17118490488532,-0.88225114610034,-1.19149668495348
1.17720689964492,1.23161719866124,2.10207689740162,-0.111328363364037,-0.919955297957049,3.9236603027609,0.339634290696441,-0.851714219336628,0.441411624398814,0.194155070508507,-0.533633343218456,-3.92675468312652,0.753901682551486,0.630499944357584,1.93812627569686,-0.238319078059883,-0.974963607712032,-1.01227631509518,0.832325067400242,-1.2106774297121,0.156538651144278,-0.989416981868307,0.0915441275034235,0.492378149419211,-1.47319277422824,-1.20038421657054,3.54642555738437,-1.88703663251453,0.191205157195401,-2.02304931396702,-0.0105491914303225,-1.89022458462213,-0.249064256681317,0.626759184445167,0.371732088761203,1.90503755738864,-0.101761264999118,-0.266861753733071,3.09029848878733,-0.590977527317484,0.661690122780625,0.864143766429704,0.955260941351072,-2.13785646573276,0.825422339614262,2.44823340383974,1.58528956387582,0.533298814569476,-0.0515664673897435,-0.171180571469923
0.651738861524038,0.847830769072798,1.06140545669382,-0.0698471227415766,1.26539129203395,0.177578055463585,0.0537745641644981,0.550251093988634,-0.394389601246992,-0.859306628019841,0.3317586224154,0.119638372519415,-0.284863216291421,0.282833613220382,0.246206821506081,-0.692966269556726,0.168363334147513,-0.81724892411174,2.07501913325117,-1.02096352060055,2.21822244424514,-0.650895440110223,-1.42031636517692,-0.17599918063814,-1.4274168000656,0.329800416328166,0.97330342491978,-1.96781195527579,0.900378875294326,-2.48192677293429,-1.10653139077473,0.232416856780886,-1.23656650917738,2.51038192702006,0.200546349220004,0.917003205722055,-0.19012451875939,-0.298970674582961,0.752015230237457,-0.604398652677411,-0.0147982812551971,-0.981750396696094,-0.175648322505097,-0.316970963716612,-1.74198540675769,-0.589742583837246,-0.111604324362417,0.426594396717683,-0.474635435647445,1.23276209249404
-0.593322346152646,-0.16381654889536,-0.844917221762259,0.764584060989892,-1.34682362811367,-0.00343575770914563,-0.445101797327993,-0.386389994401917,-0.699076610453347,-0.0918380248077731,-1.4538856587716,0.881607285214042,-0.413941137833938,0.273668920717657,-0.113181340462703,0.165667770509547,0.741289527755687,-0.0665643075371648,-0.750382515811166,-0.450390578375934,-1.2890366665189,0.962057900472881,-0.0561769181396351,-0.187844604074645,0.347677513119434,0.828709919742521,-0.00417510787180096,1.34622083487149,-0.355478254849931,1.81703170242748,-0.127493555168181,0.0783379670732356,1.75253409462174,-0.640681076180125,-0.372050903816162,-0.360289832521448,0.155090731152123,1.48466084447843,-0.763547881045679,0.657685887811687,0.328971827178979,-0.287001192398665,-0.117708848036226,-2.08421651750867,1.35699784545535,0.458382350762172,0.494489699093788,-0.931598645315842,-0.442596450703558,-1.05920189539114
-0.599195846739761,-1.25915330472066,-0.276487641182954,-0.48574833016725,-0.693501943045539,0.99104418701998,-0.483140931334112,0.30064646048528,1.32978066460888,2.27426066606019,0.515699338563772,-0.379602626424405,0.28023503449793,-0.614164001054153,0.526741442691576,0.952946563492222,-1.77817134233961,0.376300351820837,0.781168951583865,0.594426686248036,-0.687362895911633,-0.348170338406613,0.323572392342147,-1.73515555331279,-1.17279113583079,-0.199660144592277,0.366352953066846,0.35721720979821,-1.62726881108612,0.580737581522353,0.790955746535909,0.806336514789431,-2.28236490258422,0.980530178468793,-0.2142439165705,0.0191040723324255,-1.12842504238459,0.733281113501282,0.340912594883726,-0.534277525040065,-0.599121998927424,1.103992823086,0.0471864421575013,1.25007687957026,0.0291098744310102,-0.067313277994857,-0.89391207459555,0.946826171801943,0.936682903972755,-0.0999639984036565
-0.89001877989063,0.0190905521633378,-1.03073663148444,0.610736660726139,-0.807589833685808,-0.0293290294773074,-0.244255735768553,0.432004033008903,-0.945707439976254,0.0603480030172506,-1.20987043979126,1.38861015303172,-0.121432112378614,-0.148279679942227,-0.370625985085183,0.126356549465909,0.742257202879103,-0.649881032012961,-1.29072485940883,-1.03039525232671,-1.170746563843,0.594921769638042,-0.197584647385019,-0.812669512814346,0.707632759956589,0.555895028760224,0.0419241565507639,1.08091819235754,-0.720157818798405,1.33899503172578,-0.489183318954121,0.473914912323542,1.56288433372981,-0.607827188730428,-0.163087217562464,-0.873446730685222,0.155305854283001,1.06794747669171,-0.653917219024236,0.673041802704652,-0.485502914585265,-0.26617909797515,0.359145336283656,-2.2013051004266,1.18100895042249,-0.436463020328668,-0.183882153882731,-0.93588288224446,-0.0291695262267721,-1.63113848057513
0.951585906911639,1.05832062659378,2.13936359966771,-0.226317707291232,-0.151128129154959,1.95785580489676,0.333537521389047,-0.213670892229839,0.331534610555437,-0.285204042075802,-0.166536174640438,-2.87207330014972,-0.114622667347451,0.0974184530385451,1.30673468596816,-0.528811672859972,-0.877441620045054,-0.827397231048562,1.4575633029755,-1.59339937101594,1.08976452276136,-0.656123877177337,-0.401322839856746,0.456953767293003,-1.33347223379237,-0.475967198474297,2.19322046079497,-2.08204612904827,0.266662382500283,-2.8627384916461,-0.858003421243302,-1.00587294631214,-1.11615766760288,0.870590819553474,0.452827121367443,1.5143002171953,0.335169941697636,0.22875935049454,2.68852487383162,-0.441024393727438,0.259027004013886,-0.329841754627772,0.159012980646524,-1.58124042064407,-0.721259324058736,1.29245199484992,1.30473598904275,0.0759142769666522,-0.511890865193366,0.448439489756158
0.733828879931205,0.593741759261455,1.11121289185402,-0.70922404670197,0.737415562086938,-0.425533895682926,0.191050304264563,-0.217029123235532,0.0953628318685766,-1.42053782448281,0.553201822672811,1.83625579486027,0.0978615392924237,0.102849392006567,0.811728437305655,-0.928691996421013,0.192964210129055,-1.09090123254311,0.0414560838815578,-1.19257818110173,1.9320082787249,0.792657891512535,-1.00634901360194,-0.775897669320306,-0.0724161936811698,-0.0535008838815653,0.0239563785744016,-1.34594136934896,1.14716869084638,-1.67793566658925,-1.24583343077817,0.0505749572841183,-0.904878188288424,3.2156952317767,0.509617670524969,-0.175972735379537,-0.127584838429904,-0.62386649573549,1.05663588067362,-0.806561346433249,0.582254088023699,-1.0900902051732,0.0017503343340846,1.41201512500301,-1.99344001942988,-1.63955641598588,-0.367219074838074,-0.226903436304928,0.0776558371419595,1.91680656427427
-0.228421084281419,-0.826847984469812,-0.894585769338033,-0.127624187923517,1.25528459930093,-0.36587154395228,0.476345121288392,-0.233247975984927,0.898080854068251,1.42812149791488,0.118041039764835,-1.49433323375195,0.257574301428478,0.0723736937261928,0.183222304355863,-0.382660634307131,-0.494810723742021,0.958684279456391,0.680069292272596,2.99597794283789,0.18274499442984,-1.41077128864945,0.182637962857861,0.167821988310737,-0.439834180796681,-0.0459657081726416,-0.611474707041153,0.163672765531346,-0.292670035850565,0.316153376009213,0.616589147217331,0.405808340291683,-1.97979396269788,-1.68447268362411,0.318468274337885,0.187882735483727,-0.512971011465284,-0.939231031133215,0.378704138368398,-0.250789415740471,0.0298468951031916,0.963580548530863,-0.285712795069075,1.03581163166932,-0.917320444491719,0.234998789890177,0.0776163126321859,1.02121979768693,-0.93510954254658,-0.471540814234041
0.0510887998021788,-0.640421316247056,-0.39088939728627,0.0764409412061165,0.966401222161427,-0.445923080842231,0.449825643535135,0.0358450497288789,0.465764967029573,0.45732936874241,0.0823699474103032,-2.16636113516169,0.222411870465705,0.185697847649584,-0.300324634373109,-0.173625942119498,-0.27703421242229,1.54844556637744,1.29137881648622,2.73739542091541,0.597906616770967,-2.4073543620743,0.959496650481567,1.76670745535068,0.0307081192459745,-0.341326851253527,-0.684395414296279,0.637488939667932,1.19095195242654,0.270640423624985,0.58044293307643,0.204940602002845,-1.05363883732508,-3.16284791788365,0.843189999488543,0.439838394755871,0.391863553974786,-0.989711754416418,-0.0591446127127566,0.0516962457941824,-0.501111510068419,0.733005305797939,-0.459853365564855,0.879818457022989,-1.25987777510176,0.31974405205188,0.229865273148705,0.739181001203152,-0.0897819641114761,0.552385845681518
-0.053504153165754,0.0233621207911643,-1.03120394652249,0.55368085754887,-0.370914701884928,0.0381295186545284,0.772784828022712,-0.74439402286993,-0.0110615628405212,-0.0720908222204314,-1.99895440715925,-0.693933596770388,-1.27893512479902,-0.882473967506161,-0.171037412866364,0.720585448338734,-0.277970320353588,1.51623972346266,0.396594936203644,0.268157353529016,-1.3571218391616,-0.558619483919288,1.02899277337566,1.29521894685663,0.553542437818863,0.845867945760839,0.219679898734656,1.17798990405416,0.354214930234943,1.60435424084115,0.233295745441647,-0.160807804039929,1.94752783484534,-3.34199908469618,0.473615601210856,0.327954878172205,-0.335243135057944,0.556009678508348,-0.672135533021453,1.10503819677226,1.0201269372269,-0.0641037536625271,0.605624694065765,-0.679934450752978,-0.430444867600837,-0.215827707536259,-0.543424925967102,-0.1691890865254,-0.590262825109273,0.000780979572533658
-0.365732287804656,-0.28690922503157,-0.843025156033518,0.464364989788193,-0.976878279463764,0.303826066037687,0.348005353982768,-0.373629680082147,-0.38977146144232,-0.242030747849573,-1.54368785786632,0.759338424984356,-0.688074807196303,-0.389760169998978,-0.585905647593642,0.104084446048648,0.264995862654224,0.266980987069263,-0.589703850880463,-0.852487994016897,-1.54713321241408,0.45303584975119,0.506623863427183,0.609598653974878,0.378191288233126,0.475817605856899,0.311847559490866,0.780600820901361,-0.883657365680272,1.67309936942624,0.164357801164847,0.118117938108992,1.63995354903492,-1.64813814734758,-0.43116729783967,-0.523599861413892,0.553967236082975,0.975022996138739,-0.48314769746517,0.573124866662254,0.147800882676802,-0.447094157622091,0.867375246730089,-1.83650669794846,0.832900903049039,0.31826420583091,-0.388536322749358,-0.814099211802167,-0.697607155843381,-1.32635571796766
-0.228021956998698,0.702395688857742,0.464743867276234,-0.439631723340685,0.733484347461183,-0.632877822379288,-0.561408386923636,0.131705350499773,-0.168319710631767,-1.20688020888838,1.66684313908651,2.89775667219397,1.02676366883673,0.66383384266353,-0.0568266108879671,-0.608357339700225,2.20282357107812,-1.47641031984541,-3.561265127458,-1.42687576982598,0.570805067304154,3.05384994685584,-0.818449642182212,-0.569220387351975,1.21907674781408,-0.47908888374324,-0.719562002910967,0.210856992515924,0.400560257663093,-0.575018902114698,-0.00544427231227719,-0.619935766616665,0.260321787817133,3.17496040032413,-0.388252030889654,-0.843664946204292,0.344113421488627,-0.857319249970343,-0.855277386578414,-0.429028377693789,-0.109728342392503,-0.253076333337995,-0.420346971829421,0.0137714730041802,1.44873311410752,-0.272248765291354,0.70323303681845,-0.909772365129295,0.00898330964616561,-0.753827987604528
0.95768343539408,0.521660546575486,1.21966457695917,-0.0506670987265309,0.928869481021952,-0.670238189906758,0.215265231501747,0.335309645135437,-0.207413296211382,-1.41365170099141,0.302163710553585,0.310550420170865,0.0589901997638019,-0.00188512497122768,0.821643438278999,-0.847996799801131,-0.695283520988721,-0.897658222686532,1.47575964068775,-1.19606160077682,2.21158582957656,-0.0653209935720694,-0.662227588550884,-0.00855587944469874,-0.857617179448826,0.684000695611853,0.485277665594963,-2.12597465590853,0.571714507265139,-1.75649348151179,-1.56465017827016,0.24439971390918,-0.700077369232006,2.47580593968582,0.773196654443843,0.66362127345576,0.202715030373761,-0.260740337360574,1.33552305625997,-0.635946494011517,0.0171378710783685,-1.64611631293474,-0.481060013949188,0.331162663735847,-2.56324080711871,-0.297586965802031,-0.446382860935446,-0.215659469789104,0.151107573569311,1.96852131010011
0.30487599979004,-0.47476204406313,-0.434821143364116,0.560158591726346,-0.587039721593997,-0.0624159967645397,0.881268599030132,-0.365844017092786,-0.621763468008756,-0.0797629517260833,-1.43899015574517,-1.68346044487805,-0.718407630217891,-0.604093789205014,-0.627561335855845,0.558074155467919,-0.793495525522515,1.47113152920354,1.01830736277706,1.19719438605234,-0.330829274865926,-2.26630818001839,0.547777062681006,1.69137829230699,0.25587577809866,0.214758531680466,-0.442041898720093,0.267410276428054,0.685555657699979,1.11201509487751,0.064284935639238,0.0771386231093389,1.13014076246681,-3.74746538894814,0.540694120344687,-0.0370114516667973,0.450293645393158,-0.768219188475314,0.335585728534213,1.45720752294485,0.217906269825153,-0.206637653117007,0.33377119316639,-0.13955425711336,-0.739911124060389,0.12607872594256,-0.02601159000076,0.23406113109327,-0.0282275653256574,0.695760851354999
-0.914156038837343,0.252677269882106,0.211561021725547,0.251522735536482,0.143991890631813,-0.698013836958271,-0.752125342763347,1.06178679707435,-1.84782935193069,-0.824910084645196,1.2870795985145,1.46515469149124,1.30661484416544,-0.0504777791175702,-0.30868996231207,-0.756361632073411,2.18951811690722,-1.06976156610505,-2.46273700181679,-0.533060053020979,-0.771386876573703,1.65281308766162,-0.964210467724761,-0.844569587594822,0.708346381901906,1.22011759718238,-0.70302526130852,0.309351038376117,-0.37784258217004,0.0618693253716142,0.0016679725654114,-0.23270742847681,0.971867449430452,1.80545310272326,-0.90597193530805,-1.26888398329373,0.343188458398043,0.846387889948094,-1.46353443827722,-0.0241580596786202,-0.897992050477491,0.306970809898403,-0.428513032790385,-1.33879485319821,2.25547998221815,0.639749011452974,1.00619241290156,-0.458361835254119,0.148629993546348,-1.82962716654769
-1.02058477545883,0.616614872294296,-0.133965090659016,0.552344099391912,0.0297086927010844,-0.271607196649138,-0.499579721190445,0.636376775863609,-0.764333945538785,-0.371792511656273,0.457024896350961,2.07756678617915,1.22126304477832,0.731567967306152,-0.585777640328767,-0.371412008010036,1.73482486158813,-0.945164177588445,-2.45190340548075,-0.897257035466178,-0.814761077206124,1.69341324738751,-0.816883238076279,-0.482638956983658,0.630879289844194,0.580233979185072,-0.765100192993749,-0.0548370065732388,0.0323934863780864,0.820842198368752,-0.183132878403475,0.309891934629865,1.11035936916177,1.77225250296488,-0.949251008976309,-0.78502596217842,0.504974172536344,1.06539859519275,-1.72526128042539,0.563036198362206,-1.31803235824104,0.301116790113837,-0.237689380954422,-1.60489756488563,2.04640379417173,0.809472476323468,0.756067610025582,-1.22835055867722,0.565324629118483,-1.95292130591584
-0.468746762512952,-0.598274169084062,-0.618980024177663,0.34034569504008,-0.231836502834193,-0.121721646745997,0.698834026836871,-0.742777859044398,-0.202230535221011,-0.162209297804188,-1.67135901004329,-1.89199076499741,-0.737908884335729,-0.234621568347018,-0.742255672525404,-0.161659544174275,-0.779044801125061,1.16909536391934,0.864308981171313,2.09323436698987,-0.444588669560028,-2.04498178670401,1.06040211253257,2.01768479946056,0.358621608931736,-0.00550463044364574,-0.797593157779901,1.10494663221134,0.981497813641347,0.970020427415223,0.469490779165389,-0.438948469248559,0.57912769117804,-3.84503087863953,0.86129218266952,-0.105312340074485,0.480134288910732,-0.525937882596163,-0.461212459907227,1.16834333603618,0.452722906081177,0.278092141286698,-0.100821141535997,-0.24165742075125,-0.895313549330436,-0.110366213498947,-0.229015880636878,0.427155565893104,-0.0277213446581765,0.851103989472747
0.668470107102966,-1.74409169534966,0.581472951102991,-0.806411716991957,-2.37318853525662,1.46147845381726,-1.61969954943423,-0.752481215459877,0.817346734174157,1.00394241755189,-0.0737298961072779,-0.537315715842314,0.46648358490045,-1.79184821005099,-0.133616868776496,2.07669914276093,-2.6588698924914,0.707227704878561,1.4450080078405,-2.99784984295034,-1.3241881536904,-1.25921417485778,1.64091652083057,-1.8571041579832,-1.21385060715328,-0.0680645324806243,1.27025383626941,0.526500384395546,-1.08420731958704,0.443028314183933,0.291568426768298,0.335735967764431,0.37044132121032,1.16583086201669,-1.66458895379816,-0.757600533583078,-1.02022135293035,2.47784409586442,-1.3155500417382,-0.314082715261165,-0.870548745999708,1.69146129089791,1.4976471504797,1.03155718621039,1.22274154006708,1.16586135058348,-0.806893342680723,1.06591490533757,2.01256562464701,1.38510329696047
0.390310403836585,-0.530371326769675,-0.983486820650223,0.0750223233381109,0.316846262041263,-0.326999391742088,0.407867083831478,-0.105088766689937,0.188226646073117,0.745643679516529,0.0321557002072151,-1.80662543079022,0.173003709607363,-0.116813164553428,-0.466320313188549,-0.0175869116963744,-0.927029873516406,1.51613801216409,1.15680891855475,2.96219629705807,0.740551639589264,-2.49507022321886,0.353683604880196,1.43752119827059,-0.0459544106242568,-0.516680376269973,-0.894457828369703,0.317494799106927,0.229989323775454,-0.150536593414068,0.833482817507248,-0.334371841319428,-1.02176729024528,-2.85306891537945,0.534646109406211,0.221272514528211,0.00886347476222051,-1.06338370120826,0.563413419378557,0.2606901196501,0.306993703308216,0.901870077637144,-0.801170133065089,1.01156847946796,-0.722405051181274,0.0292905246074298,0.113074193127775,0.778476050709816,-0.0634038397733361,0.184719444292566
1.08065947674311,0.6020091987921,1.97427426154366,-0.282903314465757,0.719064844242143,0.181482252582462,0.280011375128285,0.044701639624199,-0.579058647721997,-0.639543431423327,-0.325771529098363,-0.593552293968276,-0.168977135908435,-0.276929875547023,1.05858008092021,-0.671715377739962,-0.339732260098518,-0.622712192376635,2.0917811987338,-1.04653393440163,2.21548569061436,-0.353809594487524,-0.777802585920868,-0.449440178125761,-1.21095149439917,0.705445063968766,1.13238637828205,-2.15851102858971,0.65133768132758,-2.41648447558084,-1.57701311449136,0.0711207157449756,-0.92400849502332,2.62152483078409,0.785404935771898,1.22752794908484,0.00805468254193034,-0.529168409462255,1.667076240493,-0.589093235533099,-0.103609488267382,-0.83633034406388,-0.109443585129846,-0.0786064967770652,-1.74777719430438,0.208812258268918,-0.0253327453727817,0.456814827397145,0.289735635960093,1.34536577542383
-0.134795270815579,-0.675570938170869,-0.795050875449711,1.14782292580074,-0.955116878545567,-0.241326057284665,0.143345732128432,-0.548856441314418,0.395865229946203,-0.162846236650028,-2.16103679957291,0.622014548768493,-1.36587512441683,-0.114401795065049,-0.0210272112228575,0.0173947838249155,0.358139585158838,0.565946255715093,-0.373324084226341,-0.352445424509664,-1.66055254774191,-0.125244825291461,0.471314013857283,0.550256548152655,0.159960592324455,0.630086004618134,0.649014543225139,0.810739853084964,-0.706893062197261,1.46727331138692,0.0726031190462192,0.108705276428098,1.47472321429178,-1.92458553865244,-0.662296912756715,0.259091332301924,-0.179640962670801,1.12447849784538,-0.756657485665685,0.867521768094773,0.38705744644396,-0.424732523296365,0.437915737344992,-1.43409616029371,0.352884585841227,-0.453490795193855,-0.262233720327787,-0.986908975331491,-0.418032542081267,-0.60344760321104
0.226225692816439,-1.12246075451049,-0.426721368903453,-0.379867953861005,-1.04559709703495,0.948310148428148,-0.504717331077764,0.210608318276287,0.829012468480026,1.66808646750611,0.310828701430187,-0.675534043124218,-0.0176523276665915,-0.316968373784056,0.840201867070436,1.04093879790383,-1.72089644709942,0.891589706727616,1.12699174631952,-0.000504620343598577,-1.02085189881084,-0.407355410994599,0.272365059873901,-1.85089184982585,-1.38359782228993,-0.279011101617945,0.573210295965272,0.312076513719645,-1.95348355435906,0.656128343474749,0.807731755240084,1.40239030464365,-1.80842555044215,1.04475483872258,-1.03452696978145,-0.302003708410541,-0.947574555426076,0.758755994168963,0.703689841192852,-0.515871156657349,-0.176450439446437,1.30711233862183,0.545724926609012,0.637973374158261,0.440242806568954,-0.387096939099542,-1.0031216166635,0.945544516265408,0.401717243472419,-0.244392374886696
-0.708493204983509,0.714219585692266,-0.0807346884193541,0.42007053718167,-0.120411696383315,-0.654063735235132,-0.259580745416918,0.846092959557979,-1.11852868295494,-0.707074646404247,0.170637495059489,1.99214774520075,1.33868009675022,0.594429695189735,-0.656772407150746,-0.182310403540955,2.03686211495687,-1.21694176315909,-2.1242564532533,-0.834285038235766,-0.725526423676402,0.915232923386976,-1.20132032150098,-0.577202880485994,0.445748714295429,1.01707638923022,-0.458727675748047,-0.153854852733167,-0.560144459356293,0.804623530835735,0.158105909056189,0.364966156420226,0.880093254774833,1.64993235456679,-1.16119690980995,-1.21593095749582,1.2801363527433,1.13744824449716,-1.66104039594314,0.0335644529656651,-0.991502990822101,-0.0307260611685769,-0.750377531047675,-1.88676167694699,2.30004449115569,0.84043450843079,0.931241724523879,-0.921704451849115,-0.000120030830989486,-2.17586104335456
0.330077095506184,-1.92637442891908,0.820067043219205,-0.487804902857757,-2.63824813649911,1.36102358858807,-1.2099032449696,-0.455469099861687,0.437989696125507,1.31783147705411,0.0288048726443139,-0.743301901227301,0.398384968086085,-0.920458366497939,-0.373059064388152,2.08377230422723,-2.29568045297597,0.474226271691534,1.99815058231367,-2.89497602117314,-1.50742631601229,-1.1609944922252,1.50267371879063,-1.81143541006418,-0.513452162019524,0.759787642025486,0.93660461965419,0.726572131007413,-1.0627539539156,0.830431853397056,-0.492047785400632,0.199601776055176,0.355815996120848,1.10945114584497,-1.38993722841159,-0.893679386251962,-0.954930372625698,3.00566010029369,-1.34775395074604,-0.0674911652165614,-0.858121670325084,1.59743733716423,2.29172844579143,1.03643801881926,0.911667839639617,0.44664282447729,-0.517628390411021,1.41151764677516,1.95901027219937,1.20808892607236
0.477461533292142,0.853019538317487,0.879397731163327,-0.580195345925753,1.42048637141512,-0.900578399107852,-0.28535877768734,0.660653037897328,-0.195711480496526,-0.794512867114503,0.0133782706853532,0.810606160430186,-0.230861123025539,0.413940515567223,0.782520311700426,-0.630539286085848,0.220818035781909,-1.19594912123763,1.51473712733691,-1.73450539450085,2.26026115580906,0.394739092671699,-0.358040844305453,-0.575259493544952,-0.703722720964326,0.111326532340188,-0.00826971247365847,-1.91596267310917,0.835672720719537,-1.89056439879536,-1.38666766359925,0.21557437254015,-0.987640724034963,3.28043295545509,0.770821672971997,0.374616354331922,0.264616174755301,-0.524895058735102,0.756973883803253,-1.51621843608456,0.349818282249526,-1.70941002353836,-0.668448521540529,1.02094437516211,-2.11872468740525,-1.35104879565654,0.167693371041077,0.145389671442704,0.312955568126915,1.76603996183496
-0.169909787193895,-1.39925887077659,-0.602737640879548,-0.378897772289583,-0.514126848333598,0.605905117688392,-0.708641209151469,-0.00127867134026358,1.11085816050531,2.22131054451844,0.482409162845183,-0.531907483003677,-0.230450665049937,-0.627013851046864,0.588409887292355,0.715477460279481,-0.946414167269647,0.653384284644686,1.44301384255014,0.719555417052766,-0.898648721410555,-0.795447083428002,-0.160811799826164,-0.96565133796303,-0.967967484235191,-0.276712200945334,0.665052314988726,0.333044402692762,-1.78755906719196,0.27377948452125,1.04455191976563,0.716302512037656,-1.78528874837396,0.240245104274446,-0.44691178338135,0.124982748389645,-0.75234705106731,0.348614874373819,0.148416900055762,-0.671461224751485,0.0734980755678954,1.2719713826921,0.360083435702119,1.36285155057893,0.660384262136107,-0.464188645754525,-0.585615201953769,1.32663689442778,0.129793714303775,-0.556519172147029
0.230304165822406,0.536273582051514,0.934489312118653,-0.695378775396471,0.757746094864433,-0.486107402526436,-0.598688236393076,0.12897379793591,0.511171496654073,-1.13754260431599,0.321743508368762,1.94060787578014,-0.313136458621728,0.236498592215318,0.447405344856196,-0.5800568442354,0.651811974290149,-1.64529520728821,-0.109016721661567,-1.07622710056088,2.41853818057324,1.2181286781618,-0.646779336603639,-0.500777115897153,0.399524848783791,0.096786599654317,-0.313663163853344,-1.19856910046097,1.18448871522931,-1.43922906043054,-0.826220185005949,-0.437388328360697,-0.0391049532724322,3.0253287389561,0.689071463330511,0.526107934500661,-0.315663265305336,-0.925583686552977,0.725133098177417,-0.0701579675630544,0.970429269121799,-1.13773506604851,-0.363796964929729,1.54617872181614,-1.54437545023884,-1.45285155703871,-0.633187944571273,-0.523006666681728,0.447613457785908,1.93360576844664
0.662542765023326,1.04835018907348,0.469310421237153,-0.542691018805793,1.22326095323079,-0.837973115111385,-0.324895052151048,-0.174362039294763,0.359051949453362,-1.40829590792754,0.920887569604422,2.45891346934959,-0.501764110925328,0.214797527152194,0.778425454594646,-0.729739352587907,0.681918373513896,-1.49599866296096,-0.441111614905528,-1.20174057607131,1.82252254334662,1.97123925323113,-0.32338788889635,-0.498150194900651,0.875143673753038,0.413258687377212,-0.0316412997164688,-0.739305996110294,0.965090789700687,-1.52299867097462,-1.17018755424689,-0.202812352292999,-0.356622175050388,3.13601724595098,0.709963247295371,0.221001735720359,0.0674597572781226,-1.16575516549343,1.15083138522134,-0.730307261625263,1.49331713688188,-1.55564329883104,-0.183033719062379,1.3887238182277,-0.952297122847725,-1.30623475394229,-0.409476749194637,-0.450301586073364,0.190261143686382,1.96969189216019
0.102567200607553,-0.605160258086223,-0.742544373938663,0.0654961342000544,0.691768570830462,-0.349560236687567,0.967670273425577,0.344201829838886,-0.0116588303364553,0.932062879997207,0.246225822997151,-1.47939148577743,-0.490092905209874,-0.706469038237336,-0.358317710777367,0.0746497204229888,-0.828300405191641,1.2921423690336,1.35613988022436,2.81295125811763,0.429006241796134,-2.47953257788673,-0.0720940617665442,0.777798333427941,-0.429516129243929,-0.733386734728296,-0.642632693995352,0.162817100783619,-0.31072874457211,-0.393382872310932,1.01801292975089,0.117057831597887,-1.20597883860397,-2.57720124641218,0.838520259192006,0.30833917412946,0.0204759430132065,-1.23151568828871,0.240255103106156,-0.230916994824099,-0.120836927799975,1.06046369810473,-0.595287528261564,1.71461669733438,-0.564682038488517,0.325857157296358,-0.137258716231881,1.19344235691596,-0.505035580423601,0.283770000208303
0.220893518475474,-0.743882983323975,-0.763583117804132,0.390330881238898,0.680630405800526,-0.591689288402976,0.982963072847719,0.378394901914136,-0.078416305074117,1.06277068294854,-0.00499461821395349,-2.38044168726283,-0.128472429166987,0.450971609812591,0.186941659744377,0.219254934985652,-0.469316235337167,1.52022048119723,1.40631453181472,2.57595025119301,0.117997486887837,-2.3742790551771,0.106705738215913,1.66176294364441,-0.147270758883745,-0.139918828630917,-1.25995544676808,0.140391897279202,0.438390657667187,0.102707549782719,0.816792942003416,0.136046462186406,-1.28377701086202,-2.69744364928966,1.0233589575308,0.377695126032715,0.193925287459547,-1.07292955674262,-0.0564122654178045,0.728688730210708,-0.782319220434356,0.683861562184404,-0.663578431198715,0.869337673747344,-1.02012492888934,0.441231119645961,0.426619874237039,1.42708747369315,0.0130740538133648,0.606887932026206
-0.37631547145244,-0.0072963062431088,-0.765377445129702,0.988765603412969,-1.00882250931402,0.266843727377345,0.12766746775696,-1.24509155980142,0.212474758560872,-0.0891810700508536,-1.6866311910866,-0.0405196407356891,-0.982146135574968,-0.387862051179943,-0.255045294148939,0.521527946150716,-0.328906781101846,0.489847239106978,0.318700892262837,-0.27220802357781,-1.25767393862772,-0.397363879445209,0.15781528259424,0.312653847146688,0.0797913910579251,-0.196143222713272,0.0970431568578876,1.22561616916496,-0.813215100285641,1.88022384004754,-0.0656325900679082,0.679215322399273,2.22426507881779,-2.33559193023766,0.11691769157816,0.0520641200430807,0.155954868864889,1.00278958526295,-0.261968280345769,0.871640325343784,0.671032581884963,-0.221305959604633,0.691372076133499,-1.24715273200469,0.222199520714908,-0.229790617717046,-0.440140093026526,-1.07670726009702,-0.781496191480408,-0.070371963109291
-1.01232308655188,0.875376546656058,0.582828912205112,-0.322237928306799,0.421369227625352,-1.00161622713631,0.1143231351791,0.424873899094135,-0.972818945670637,-0.806886184775761,1.62998953539768,2.21299376631541,1.78521343824539,0.806628507033201,-0.916505640835019,-0.56921585771256,2.24001426654787,-1.17848918696551,-3.13681273166299,-1.0250865827464,-0.154416763139902,1.88593263385908,-0.706522648106814,-0.889179856700667,0.979293955182877,-0.00736127216834635,-0.575004274695764,-0.417127176824655,0.489481282649445,-0.436770503451192,-0.0985591786932751,-0.638297183741386,0.801612574348515,2.70249963200737,-1.03122980846296,-1.16855846665553,0.849737607674704,0.323506472474633,-1.47662624819787,-0.549462095141126,-1.26121297563806,-0.2117145406765,-0.889207138266413,-1.08249202245891,1.89367651064349,0.52314074300837,0.800700373033826,-0.814273298253543,-0.125989156026966,-1.91008882168196
-0.174802354365492,-0.311499457460187,-0.876044059673117,0.97046523603581,-0.980042293196686,0.10650081878141,0.259548061177466,-0.563463315240878,0.142411796580643,-0.385123011297138,-1.94248922111934,-0.12558480989582,-1.00161200382711,-0.0146932808796483,-0.275761657044184,0.614915946113549,0.0426102911019835,0.953266709393413,0.493682411373463,0.544682323864572,-0.954649420681258,-0.169244644647996,1.36619571911691,0.899393350129085,0.0841861556606835,-0.0265479912044859,-0.317986858426242,1.16462616222199,-0.246672720780128,1.80538779568533,-0.550910105753937,-0.168596764911171,2.00348953317174,-2.45664525515263,0.263757267920851,0.305151298494198,0.37681087672088,1.14127961158876,-0.525311529587485,1.20315369521894,0.601089805070181,-1.02073400614288,0.934136243238007,-1.75464027390261,0.112891963455582,-0.110425806389134,-0.173790854311771,-0.437266303752418,-0.103609858028965,-0.138267536392479
0.129806348829025,0.825686079566604,0.293437152202518,-1.06200877516267,0.613633596007616,-0.857808930813032,0.0535671854911291,0.292843869290358,0.00204144035969048,-1.66510332863249,2.07493818993936,3.03603943609973,0.626092442608057,0.246317723031923,0.87109221508384,-0.853700816012938,1.24263612428272,-1.19433844337638,-2.6962771475099,-1.85384362767939,1.24453828873167,2.5654116327103,-0.506587039886264,-0.810267860485579,1.03261527592594,-0.712908227180815,-0.480762233828914,-0.637039515677088,1.50397181467565,-1.11132234914483,-0.463043745290832,-0.788964958651022,0.566969418331549,2.77632871736213,0.410221493690638,-0.00156726834754507,0.00397028469790416,-0.894048591056369,0.473976597940132,-0.754696482860356,0.594768587996316,-1.02206154068243,-0.284730952775618,1.67644262121778,0.27548255158337,-0.837900267438109,0.105007803487578,-1.22071026461956,0.0110083187400052,0.460812714697241
-0.0409044416047559,0.803605785791845,0.240728169486902,-0.373043470309943,0.679022893445331,-0.971873346446571,0.176130902069697,-0.137822636863076,0.501844243122618,-1.60315360093912,2.04788651955719,2.71945833103983,0.17756079719844,0.633539394807092,0.0760466521153117,-0.977399778778604,1.79531270038656,-1.24767436869217,-2.73650207483085,-2.06226587865199,1.05917565609052,2.93060510592362,-0.452735783931785,-0.787682758870396,1.32275658291939,-0.172907422019857,-0.616746876941409,0.0778417124937546,0.908730448821223,-0.930999581552602,-0.376379828559573,-0.933855039765515,0.234827954001082,3.03148440792354,-0.044151192587766,-0.656493560486186,0.381978034674511,-1.49238123129497,0.113841375941671,-0.735786475669751,0.660755181938126,-0.0833030659200267,-0.0462236967866889,1.40681719899417,-0.284999133874548,-1.05237272029497,0.282319291450197,-0.748010858561907,0.43870733299462,0.809163105931035
-0.738062169339528,0.468544496784118,0.416142873842448,-0.452054969751626,0.494353085490079,-0.642389378731222,-0.315816474179361,0.544595417931361,-0.766369689681879,-0.459842959999555,1.75214651029649,2.70002013713632,1.34687930870697,0.42782138470153,-0.0999763165703463,-0.471844152674163,2.38832820600668,-1.92471507860847,-3.28155594308021,-0.974334669181591,0.313140629444116,2.70707709701184,-0.732813643023531,-0.500796765533339,1.48738377492215,-0.00293137885307183,-0.588398490559474,-0.506932908176638,0.528490952323092,-0.340501902503419,0.292763025651978,-0.0782559499818445,0.764739446182843,2.92434843261784,-0.915713619993311,-0.612996246559008,0.218368201164009,0.00690120664820296,-0.998293590920099,-0.242737004928941,-0.94746036163599,-0.282011747286747,-1.08973227383304,-0.107230723473456,2.04394060037663,0.711058701679576,0.911017011612402,-0.995076028416656,-0.0894786319072779,-1.25450661078481
-0.939599700139329,0.187305631884358,-0.638915731162842,0.770584744083096,-0.844510336549983,-0.326456853707351,-0.0931969087646248,0.497049791335516,-0.639456400977883,-0.208574629953645,-1.33907635162679,0.927619512328111,-0.00737662049214683,-0.251352532331535,-0.276567832930133,-0.12520082128372,0.835918209468835,-0.647470561485948,-1.07042880501551,-0.327028002700866,-1.17863984526633,1.43614872047685,-0.589786935076402,-0.239274971652122,0.142588722627093,0.604386472238581,0.264613927793,0.889803430481089,-1.40437175988817,1.26971526081792,0.196134992455693,0.364428092298919,1.63728292911074,-0.39005584260703,-0.764940779916874,-0.317260630474159,0.233481719801038,0.825538109599921,-0.875692330838535,0.716705138033555,0.158302490205378,-0.287909178234144,0.0381511185011912,-1.82810738883314,1.5604591597558,0.397076868792486,-0.15036903868769,-0.660565326081005,-0.00952996022819046,-1.41401710302382
-0.453716669653272,-0.321765387089287,-0.854682792026394,0.695044307003152,-1.07406883118584,0.530290760838873,0.357682416756988,-0.789680909305838,-0.146941601451447,0.0265776925307253,-2.06207830086526,-0.0595090589049238,-0.996828804621804,-0.298073267934835,-0.621957604318591,0.892373733866236,0.157556069712084,0.649334056656128,0.100469323256411,0.221912964187285,-1.63034322759698,0.361398295267237,0.508339187537237,0.080247388406099,0.143717485811175,0.636502294367101,0.416381170313155,1.55471233232611,-0.405359333100078,1.7095978035277,-0.0470157716085492,0.732214546991492,2.11515668465006,-2.45727863255688,0.159087189392555,-0.131278676744647,0.0963890468836216,1.57039203813229,-0.0875788906183287,1.61508646815697,0.618255402482051,-0.709070388062724,0.61336057804015,-1.34429165055424,0.757622655236992,-0.539878680232644,-0.484083517504609,-0.598916979738607,-0.518043100075616,-0.750256509043124
-1.06818499253839,0.0715514424559522,-0.341986276444786,0.765625095909845,-0.42695975409358,-0.224829209139552,-0.595263255107294,0.153996122688407,-1.31651323304035,-0.380521643841617,-0.728717575063865,1.88846277827162,0.353694787135167,0.574740258786422,-0.472166230374225,0.221541141063888,0.961064793954461,-0.357316150763902,-0.919967514917848,-0.708698963037396,-1.16346220926449,1.0080985249035,-0.0148244533523601,-0.238290174428471,0.13920441330554,0.813219101703763,-0.178137222026637,1.15536221145618,-0.643962496592804,1.36811001345864,0.298357697547448,0.152056849436623,1.58211716511208,-0.240440787852988,-0.915888574699016,-0.654236810165768,0.451909473995865,1.26802542618581,-1.20042811294084,0.672138979301137,-0.0866159783684015,-0.546582430237063,0.493145045115074,-1.86342070007381,1.2461514525707,0.335592678907563,-0.161077410684672,-0.932186891612986,-0.557714340492346,-2.18939462508662
0.421985333006761,1.13682251637968,0.561729733958644,-0.938068957282031,0.593114270465945,-0.738683179509716,0.0708386589082733,-0.460956869566603,0.622939484144541,-1.5810317073748,1.87270679269824,2.95205703760809,0.0608018566850624,0.505998627369962,0.262068904210719,-0.670989838008451,0.913695920503375,-1.21779848495304,-1.01012719868597,-2.00068040500855,1.15536554281199,2.46395330040442,-0.364444254818322,-0.895887720009508,0.76987976309048,0.0298927396408124,-0.36059757820109,-0.477858370628502,1.0038503296624,-1.24275904872474,-0.837970161246898,-0.70860289573331,0.233227405744948,2.82623263316285,0.568815347247319,-0.147737712063878,0.455740165964597,-1.23588562450231,0.610655942859228,-0.471840378998315,0.803957561957611,-1.06270475567545,0.0483611187711804,1.79317003112211,-0.675642531988469,-1.76280802636228,0.00218022347264647,-0.732881101158306,0.261081678568407,1.38585440772074
0.28578010027509,0.905627822957993,0.801655870056453,-1.14738564135937,0.551401069915308,-0.341515392973743,-0.326250171404761,-0.158811925280275,0.228437444116823,-1.16701983079031,1.20422099746164,2.6675691432861,-0.29951137933905,0.832649486694264,1.07324999505121,-0.725799273118903,0.931646760263819,-1.52662825448152,-2.17495431516031,-1.22387906971573,1.36625602548654,2.53603145077232,0.359324425818902,-0.53189919452733,0.776748528009678,-0.196706928536901,0.0338991114763158,-0.896034694583002,1.50300358347543,-1.34475293145811,-0.597234433572931,-0.568771163741783,0.0113648971973845,2.95062691368019,0.599126321143486,-0.0224452609863406,-0.0429282523259926,-1.31129641128839,0.666389494466541,-0.701122143054089,0.505224479160075,-0.908557199776944,-0.0441470921742812,1.17100446576085,-0.352100117987228,-1.45905513450473,0.322180241237941,-0.832735744158446,0.339695609167311,1.27078364249206
-0.0890875547456166,-0.33423044482366,-0.590175459538935,0.684633188531018,-0.828862900775407,0.213415743956454,0.461720573234241,-0.825714798106732,-0.253676985245742,-0.00810841514155033,-2.13167902774894,-0.816244954024056,-1.37614919701398,-0.438476845409594,-0.550770345521317,-0.0215358957955699,-0.117742519153081,1.1786321720005,0.756568778911281,0.270039905712995,-0.766004016654563,-0.51888137571373,0.865743063220868,1.39800626311071,0.050835201836034,0.062960722161587,-0.00375393137089181,1.1453734277414,0.102983193025317,2.07568166994096,0.039904056919386,-0.426946171056205,2.08226518786471,-2.81084202526357,0.574399284964592,0.478098238649704,0.505018198619327,1.04377578572797,-0.203870345967836,1.29176250941266,0.639204130454765,-0.660796601078565,0.869716983521967,-0.86149172809691,-0.458810853442792,-0.350099723466965,0.165612270928379,-0.371743316502555,-0.161435125318103,0.0955144282878283
-0.0263875103680158,-0.862166719504498,-0.94133176535639,0.0393210502778794,0.749141589715388,-0.0475487497507928,0.173603015228574,1.02923650805672,0.220737938908647,1.5680677401238,0.131065589550812,-2.06786780033833,0.170670160165276,0.481722344927164,-0.12572939853922,0.00821541136509112,-0.622609948478413,1.409021789854,0.899255245174883,2.79334963072725,0.552070592310379,-1.72092466328714,0.689848391808455,0.898601231880059,-0.381169940221148,-0.390399198537918,-0.38292761587718,0.0469311352283915,-0.543124827217077,0.470801262467129,0.459565141223576,0.433910312045163,-2.06606534247053,-1.43330586019171,0.260682834389355,0.273274887558796,-0.600175179938367,-1.24601845277913,0.074265642267494,0.0910263537334702,-0.410061190542071,0.536776287950596,-0.466698200976588,1.08826438232592,-0.779999132326083,0.181342415146059,-0.233404295062503,1.1050112726505,-0.196086793931612,-0.0135315571224304
-0.525727408108192,0.193002250999024,-1.00914448885695,1.02851144210084,-0.846383818088758,-0.0532576508737273,-0.0930546922130256,-0.099505989289829,-0.533859737637079,-0.231082568896451,-0.974710687168688,0.974031275241562,-0.67300435360037,0.157489509970587,-0.72700668255872,0.107359771874109,0.434783493471892,-0.0850747072678611,-0.644508856051397,-0.375069533353646,-1.37415956872933,0.700187151566397,0.311984224230335,0.138240167506269,0.0284413046650291,0.402482432405153,0.360039072358797,0.954008339097024,-0.769371514521054,1.53316303414325,-0.317316271978523,0.739328671898656,1.30176395548196,-1.16237075435918,-0.428497550209125,-0.588076651879,0.024853857776398,1.46038474367543,-0.567494205553708,0.535204260380757,0.00145204448931458,-0.10647018039379,0.309895530588013,-1.88638030122767,0.770191607508236,0.412892199371237,-0.553390686434955,-0.952284712720571,-0.178347713560565,-1.61706355819461
-0.537351616296019,-1.19835911084048,-0.867099732920975,-0.506721482114329,0.268217858742147,-0.127155405264157,0.337216517726575,0.648499156320579,1.07094778553761,1.30691625950438,0.466430052449769,-1.17580541737198,-0.0904884762518469,0.20750904855152,0.468535107071837,0.185338022029502,-1.19531891027838,1.0778189417406,0.776613385627473,2.26828978810218,-0.53414318617841,-0.674163228520785,0.0660090495492315,-0.661592010928341,-0.539310726172387,-0.677778229779295,0.216237282886342,0.209532331808724,-1.01170911163338,0.294123745525,0.74893180750207,0.715886639433979,-2.503200637605,-1.04002732355145,0.211196048983466,0.446595086065094,-1.00293161208203,-0.619761900377176,0.890028949499319,-0.537829425581138,-0.713203132127168,1.45141556428032,-0.394923538521104,1.27920518604866,-0.251141765534461,-0.145564377153539,-0.705362094836297,0.802177553708323,-0.353507999654404,-0.557808724398717
-0.0179986199335856,-0.806926455847201,-0.431096245063029,0.167200879500552,0.543315596649447,-0.59496625521592,0.563413562029227,-0.837489327299122,0.0713687148381416,-0.00904715694508285,-1.14856215142407,-2.46522652047708,-0.276098314731283,-0.184136574443447,-0.60745752049303,0.4131961339076,-0.702993580482384,1.49087206357606,1.43166723530763,2.31839454780907,-0.128539266229611,-2.2523274218321,0.859864180361967,2.24586932603761,0.118942399640461,0.0618527325375484,-0.525132235173334,0.675674243056585,1.14534680586114,0.690894861313661,0.532169987276877,-0.501715546836179,0.593274708194764,-3.88644539366528,1.05952050981175,-0.182473840705927,0.652702113271797,-0.977518698899221,-0.401625624415075,1.501422395087,0.131476992744145,0.35961696826651,-0.261267202938698,0.483205350506583,-0.959044132671301,0.512362626196226,0.0314288140883889,0.178726096776549,-0.0916358246965184,0.507008397949341
-0.752044243699252,0.813207107857871,-0.165112127068124,-0.188078898572092,0.467539005759333,-0.295818859591589,-0.293893012228491,0.6888332055644,-0.707375769165937,-0.649419715213382,0.98027901929582,2.37752099738589,1.27161605781232,0.9539660064611,-0.988881171420535,-0.708649910012169,2.33169501846558,-1.57194101726604,-2.73850586110244,-1.22466022188761,-0.0413971029795501,2.0102424411958,-1.27872269454137,-0.644301483396475,1.00282270249031,0.819713435795382,-0.52775371775497,-0.126895278199788,0.1970411743926,0.199053974170041,-0.00219424856764588,0.445697504398431,1.38181193390019,2.77894643160483,-0.89826691901211,-0.814763754566879,0.181681643522185,0.50889045818165,-1.57119768373164,0.124821475199479,-1.39114205792917,0.399173321866355,-1.02814740105733,-1.45170981996774,2.08269543618674,0.730423345269369,0.523223855854511,-0.919218853918209,0.204225987011083,-2.64979363575382
-0.495994418761147,0.0779691709871056,-0.551337309669493,0.569095346774215,-0.194281508030696,-0.168166723038744,0.0956450581259549,-0.058286428896414,-0.515250199290686,-0.20154599557543,-0.540642862795405,1.16345764660138,-0.10463971576434,0.341212004454218,-0.496948417384848,0.160836726354816,1.28350490089163,-0.613437789838921,-1.51555296996287,-0.634405224656412,-0.902847685145714,1.09324908275962,-0.417410564321335,-0.421815246094621,1.09067068688568,0.534978815522055,0.191376690395996,0.548572150773351,-0.68477175817439,1.15302176928449,0.115186362467502,0.774834466322689,1.6801029473249,-0.438295608391539,-0.969239906520459,-0.409035551778813,0.631675890972763,1.21157583052809,-1.47412757451635,0.383511247328603,-0.390599949113501,-0.332146171919309,-0.319273563662205,-2.29400906846705,0.982596918135313,0.398335078314354,0.367683712003209,-0.900371455658179,0.00973486803656366,-2.15718823616827
0.915856972239508,0.992620124684798,1.76125198379279,-0.134280847841626,1.04832924527709,-0.241900530954483,-0.00835745287701562,0.535136922190054,0.0588764777943079,-1.06976135946884,0.179874764724077,0.0837069652565592,-0.00043603090810192,0.0714457946738445,0.71449240597003,-1.06608441423627,-0.609265736336473,-1.26786896349784,1.88495416014331,-0.80356396095826,2.57107209580499,-0.148493023328769,-0.89258909175516,-0.44576361444365,-1.55073906532481,0.784973809162107,0.577912683186848,-2.11054778083568,0.663220151507522,-2.46057293148645,-1.48339011426251,0.0335836443592714,-0.964027236695588,2.78785398051252,0.6206435860583,0.513570232223679,0.552959429665695,-0.757218942531911,1.48230868978575,-0.11570157278235,-0.384933893774227,-1.21984430772284,-0.675137551487551,0.352171186283727,-1.68995375485504,-0.594895115928881,0.0421364301695764,0.0495012469961001,0.143612277258006,1.74134246728386
-0.0643291437978139,-1.20767070973972,-0.614255919433605,-0.266385591007913,0.390343980038101,0.127580706362665,-0.254618618915587,0.675743419883022,0.761002476877727,1.8558207146278,0.689215884286269,-1.08772548305141,0.00206315118414668,0.264307110890695,0.399719436191452,0.141608070776867,-0.85804064353163,1.1182453371011,1.19072699231076,1.99185714370853,-0.0659630745045875,-0.498405870758981,-0.100302152509596,-1.13448991208528,-1.06363645966395,-0.56650594861774,-0.117740754268941,0.321999820882096,-0.755913668107485,0.307515954892957,0.949818637536853,0.780385410152607,-2.60063561894289,-0.650900444595583,0.307939876883173,0.196576635743986,-1.17641428334394,-0.593120025156679,0.856324085824705,-0.378565201725105,-0.139120286259798,1.08569159016764,-0.0918550328566436,1.24994898412384,0.0391282910959313,-0.299088618603599,-0.846608824929792,1.31207308767804,-0.401013855209302,-0.176079333321473
-1.07100643255621,0.70946054990401,0.114238332342878,-0.362995992131898,0.876710558151358,-0.862106618077332,-0.732795104692893,0.69084108390339,-0.278136131949344,-0.864781482732771,1.66524291691558,2.58941959483896,1.37462177455183,0.716267779481795,-0.274267292147753,-0.823718032349464,1.89223553886275,-1.63622516133754,-3.19100981859964,-0.925540371055587,0.160185025908664,2.74780535102557,-1.33591534867693,-0.638911844233584,1.047700009318,0.685814205027284,-0.914838383753726,-0.131633774976639,0.731648239442628,-0.139271427521323,0.0554603755301006,-0.396091160756083,0.715834933151667,2.22019364664227,-1.27400378334136,-0.68562733839178,0.356343863278742,-0.0206692656040447,-1.81897436197212,-0.29875502618778,-0.74130876924572,-0.396813802712881,-0.386175833061223,-0.260158556703463,1.33313329831018,0.31332368997559,1.08375644070473,-0.378964635222936,-0.00356215276461853,-1.34175464641811
-0.121585398838271,0.916041955766326,0.842198677590942,-0.860506489725776,0.525365995613736,-1.02061497902237,-0.406576980452719,-0.287113672371648,0.245365999521801,-1.45818048181766,1.81942536507573,2.83464112725312,0.352924234208708,1.02975103054283,-0.0608081246827857,-0.578998136465483,1.11461862851984,-0.987233332115925,-2.55296023515555,-1.1141522518988,1.663336827913,2.5630691756717,-1.00779053538099,-0.693473398713677,1.62279653232573,-0.0833640616648281,-0.353282861126582,-0.292538505914041,0.782046711469464,-0.510830322995332,-0.655243575819214,-0.51753863488784,0.609831269294126,3.26650692803818,0.300653940715062,0.0928336206069822,0.599119695016882,-1.07650622057739,0.0413939918790237,-1.29527109444778,0.50486657281249,-0.526560014056491,-0.210882171676422,1.30895070787887,-0.207401766550557,-0.609386834928225,0.349005613493572,-0.998319905174476,0.154113425261524,0.707297240115824
-0.420602200615427,-0.310901576623013,-0.858385686014319,0.802514374022039,-0.462064982557577,-0.22556528837774,0.681642527893268,-0.959139389736336,-0.0444971295406992,0.250599131519019,-1.68996394594162,-1.76176010799833,-1.40781691718855,-0.498330405247117,0.0298377850920223,0.224808710667531,-0.376508349727378,1.43713932942163,1.3101754639306,1.33954166118517,-0.739945615393398,-1.83829342073189,0.825199241523806,1.60048816717274,0.182053424208197,-0.103607716915209,-0.744113738123631,1.28728423343385,-0.116208126782374,1.19971736440262,0.264449978544684,-0.16944170249512,1.10936288099125,-4.49163710280832,0.19120551966487,0.106156661464064,-0.0345353713829617,0.103206960482116,-0.108037618154263,0.792614308936851,0.597007169258558,-0.0980690534862049,0.332538791306624,-0.565035378962877,-0.943851440284896,0.217627251109661,-0.605438915030349,-0.248473751176665,0.144551423083825,0.611289973443856
0.341392170297924,-2.03257707657921,1.21860880202849,-0.898055786729909,-1.81312861771321,1.37495227263383,-1.65627825212702,-0.436140407337739,0.848294336714844,1.24209605497285,-0.300985332442549,-0.984882286537092,0.339917251801034,-1.00109725867746,0.0330720406562458,1.54500535104931,-2.24014412746601,1.00525378003162,1.71883253398802,-2.42549445320347,-1.62975793726589,-0.877287965503081,0.746237971261759,-1.79572845917307,-1.01161665343768,-0.326986724655933,1.25329971133063,0.25052408234163,-0.993525547494375,0.904269875279691,0.189824580334529,0.592947779645734,-0.506405443094484,1.00759034273292,-1.6735193504555,-0.275431720701552,-0.865662066985288,2.51549591413419,-0.763788753761793,-0.192192650724895,-0.606088084082211,1.44120742622281,1.72404416183743,1.05948015819357,0.910962447957055,0.603413982196164,-0.774108035338452,0.543102316136691,1.82800342229633,0.824719342423731
0.0824114716054316,-0.964533227408269,-0.223593082848045,-0.110396831827318,-0.341412817431214,0.395425529950028,-0.493087543021278,0.596510663953242,1.07796286420111,1.78238034449869,0.477995426392563,-0.165105319364661,0.0334698686953203,-0.169642785516251,0.513743260465757,1.50594507665549,-1.14421012138453,0.163090673620407,0.523912724573691,0.852714844801977,-1.03840252925541,-0.427828971726347,-0.256345696369258,-1.40548917398944,-0.795556481357037,-0.820375326650854,0.473825370039161,0.315437611807801,-1.91206655611691,-0.0309472357187612,0.371697725233175,0.817057684610431,-2.12165759000318,0.30144882599163,-0.183311166177093,-0.060180260158608,-1.05212479622218,0.113479714272746,0.848704846305304,-0.804514844036948,0.23045954159333,1.20750320318742,0.588172177903255,0.816942720812525,-0.171624043502772,-0.0635285050177526,-0.936098235800014,1.4954059686517,-0.158873417402564,-0.625003811624779
-0.31076538028428,0.799946768722943,0.657223152811998,-0.667741836467363,0.717058140944474,-0.677921808492308,-0.595855657221891,0.295543529524073,-0.313742260600686,-1.32394615458835,1.89794719522169,2.95356510651765,0.982061402040718,0.568380162136694,-0.029575767831429,-0.651237117781242,1.78535572571774,-1.35050904895249,-3.32655220268721,-1.26795776520716,0.450417478063311,2.39808752462385,-0.879234931546997,-0.985739701599113,1.39415517845434,-0.0882676064123159,-0.537460807242899,-0.588835218483567,0.788066744957402,-0.559282971465554,0.361713151885901,-0.472738661150931,0.707558620557103,3.30100897126313,-0.600171754499659,-0.924675640104584,0.403026077214669,-0.762278974942446,-0.745532099672652,-0.468680268142997,0.31038764796317,-0.345393547978223,-0.438950992028273,0.320797775223497,0.686436058478302,-0.245056556592181,0.560037895409558,-0.827286440514934,0.465547439145711,-0.738106175044889
0.103772086802018,-1.38001419385483,0.586687829164449,-0.716351461810938,-1.15112650313559,1.36196523376191,-0.749882647527754,0.00789160882131413,0.887694903818877,1.85028838850431,0.260830422480539,-0.334632091590697,0.10872544443568,-0.558082838884906,0.0956362051698627,1.42199481045276,-2.0918076081549,0.873102396822706,1.59186438727806,-1.04493924839023,-1.03586798115845,-0.690109238911638,0.269125421068223,-1.84961220154734,-1.41759504110717,-0.208444803108026,0.83733910515643,0.699809771976013,-1.54822886681782,0.203971720225815,-0.23698875594162,1.12757982321606,-1.41750501703073,1.00284225538466,-1.11638851940488,-0.15086020604097,-1.47771814166965,1.59137745653253,-0.11862267980384,-0.887093034965169,-0.39957828752214,1.74464904312917,1.11553291557981,1.2274487979839,0.728636181015837,0.403697946332404,-1.0636497318974,0.923067469325336,1.3635944376416,0.507242831968773
0.0725912146098345,-1.70570466008918,0.818058868896393,-0.847286089959614,-2.26964489082227,1.37660681314963,-1.87573571173643,-0.0250097455816664,1.07613484166484,1.54148646713783,0.319653970728506,-1.08515253024497,0.416052588118021,-1.51623667251171,-0.199236942247146,1.86856318225464,-2.57504345705147,0.363281709596099,1.32475512912325,-2.35474901027142,-1.24967651437148,-0.849024784410309,0.524509967411943,-2.03027728860133,-1.14211265367866,-0.284196387533477,0.925673270283325,0.595260201659114,-1.33695078072637,0.822491661914131,0.287089657339542,0.970805944450295,-0.318230802971251,0.469748036815112,-1.78250002897422,-1.06294192097338,-1.00127722551301,2.19289166544771,-1.008233211179,-0.486544567862231,-0.768126784620705,1.56564687904408,1.92954081372534,0.952735066999745,0.229770558888396,0.575038659896126,-1.06249516949602,0.95631552759112,2.32639728944951,1.17298947189913
0.421176910824276,-0.747795312425473,-0.832932600389385,-0.0896771873647407,0.456633988568377,0.0206656731210065,0.555219540503654,0.814263943453078,0.155375732695886,1.85327244907643,0.519812240377518,-1.04141906658413,-0.31735114233342,-0.12030334318986,0.625259801196823,0.445027764210303,-1.27215576242708,0.90236822572312,1.175002167951,2.57774335742078,-0.239240865873567,-1.21588787549059,-0.170176380570321,-0.312361940765674,-0.449637616247058,-0.737341370302818,0.193250926359438,-0.0931531294900306,-1.1309580542573,-0.114603864860471,0.742121792149323,0.717651631915171,-2.28164706369284,-0.814082498993152,-0.000425969845994495,0.258460023173048,-0.577896378745739,-0.496683105088459,0.328654374532183,-0.854818958895727,-0.267070877417435,1.32008499684145,-0.721126536866212,1.00154925360966,0.0747483772554696,0.0313931129616846,-0.715703208393458,1.12886198487809,-0.293095104799911,-0.0898991149372079
0.100810168561125,0.412361205378538,-0.464589659567383,1.2990876538839,-1.29567851512847,0.136340901187453,0.0666166357756487,-0.684865227090085,-0.633242244359561,-0.30647852872789,-1.72584268830404,0.276455169390398,-1.23881647385725,-0.121140074182233,-0.500424029402761,0.84587765776981,0.117825250414794,0.602379347867221,0.300994957989452,-0.000330642505216333,-1.5575743255388,0.656918680972457,0.0436936929284896,0.262132607988556,0.258253455320248,0.701756069194539,0.216439323586804,1.20190985310628,-0.721814798580123,1.69610053799717,-0.0939215825695727,0.149084686627369,2.37722892514461,-2.21021799002154,-0.223704768822809,-0.518554531457244,0.40439700808327,0.990636338741603,-0.0582468541000356,1.16509478114009,0.150636683038809,-0.123682763898447,0.844916588060491,-1.62283757954148,0.647644059171051,-0.0411450827405493,-0.443518451179641,-0.82883248597959,-0.377617631303656,-0.656262007690704
0.112936567991527,-1.31944468729291,-0.597066962556647,-0.45483539351111,-0.985904792693951,1.03111642150751,-1.24522474964804,0.21943417262776,0.773526822557543,2.01439180983399,0.337914348870309,-0.613778207376787,-0.165384058347645,-0.302910649990094,0.499099817543506,0.646694796849506,-1.49993855723522,0.869045591743367,1.15130036241131,0.543651114812977,-0.96104820355191,0.1098184339947,0.238152583029699,-1.4896936312983,-0.864771272180097,-0.53353308104936,0.284901161113178,0.265229980712736,-1.36651821976653,0.475842925768455,0.336851911374965,1.2756992578452,-2.10453265104528,0.473981731199023,-0.9692588648865,0.104878080916797,-1.45949789362923,0.58824290350325,1.00680217097568,-0.477775689673871,-0.214922419705103,1.29453453764649,0.614293105854592,0.930986023246164,-0.278709804414965,-0.173618934020465,-0.797305922694444,0.789168460595025,0.050231545376269,-0.277007903364302
0.954347745997709,0.616291203928506,1.64311448761122,-0.885813214999606,1.37786914600372,-0.76757956837132,-0.0216776106700483,0.405451280365422,-0.162239192706108,-1.60373145102594,0.551687003472279,0.851478192816855,-0.727720235061955,0.611834123190391,0.373388624308529,-1.44734985101474,-0.339202509884665,-1.04527883552803,0.649713256399334,-1.69127272977664,2.62332200795409,0.988996555398984,-0.705238724548237,-0.452785099697559,-0.214181840073598,0.0550719074421453,0.550973104841887,-1.29680774870393,0.675003515223965,-1.94703951291446,-0.968965390660647,0.317758597749574,-0.630165821675372,3.04959165683724,0.506936999115012,0.624155409522818,0.339888891331999,-0.863906524118866,1.45817449118302,-0.468201247572073,0.571753044855671,-1.51158558646959,-0.671589049795243,1.28548057179121,-1.99996667516548,-1.28641440511137,-0.116120137113343,-0.0714450103329641,0.302295609187978,1.95754488745379
0.437419264141622,-1.01424116521108,-0.720326355959224,0.431268368130098,0.838199694620815,-0.351707677348908,0.383075224921699,0.181343991729241,-0.240440624983974,0.225695522632551,0.32954652190975,-2.6516595239977,-0.0387927067136421,0.00972430507149208,-0.512938842050484,0.314444880921629,-0.563634670903011,1.37019996912011,1.23251080458828,3.2253769474934,0.372919239247017,-2.53323350355275,0.338032199474481,1.31701428045969,-0.340397981044268,-0.140828460034153,-1.26665487326288,0.442627600724996,0.654526776524153,0.222224053840164,0.36291559532549,-0.242910356187395,-0.755968021067384,-3.08073597457639,1.10339616499254,0.229450540305518,-0.04229678202308,-1.0176037660872,0.358993077153087,0.256000909049474,0.168719366188126,0.807015913513686,-0.511580773280134,1.04246493417177,-0.993272501919513,0.322977695427613,0.300745050496512,0.868822965776585,-0.550033428431404,0.389964663217341
-0.448271321876613,1.10786640138819,0.460269799861125,-0.379682683773178,0.0286289704211421,-0.569616643109795,-0.889483394438471,0.58852247592886,-0.463884661425892,-0.721197986332393,2.14820076867006,2.81598848934529,1.40515103174736,0.569146092610291,-0.661687364609093,-0.58003390672552,2.2158873920374,-1.81947117991769,-3.35836154481327,-0.495557348627976,0.215879246268584,2.4969306207895,-0.832593858024499,-0.813018372917677,0.922549609381965,0.604563595445078,-0.857463493706239,0.240952579935071,0.107644237133934,-0.409190117106965,-0.24626302714384,-0.0920962087478611,0.620222005927715,3.04767405092867,-0.560961235607704,-1.10091469609208,0.469693031998645,0.166864995216012,-1.4497016843157,-0.700015824762195,-0.756950828220454,-0.0886430035768948,-1.41948098057187,-0.419433958744848,1.41954140416007,0.733499024507699,0.758838745459205,-0.968338554819208,0.251822915716457,-1.59920568090026
0.0579777148338175,-1.2350044042677,-0.295880488460028,-0.455679127991582,-0.356610787976733,1.08446396127362,-0.718088230355083,0.26451652727325,0.547662751200639,2.42041967511527,0.626313676806252,-0.625243540032881,0.0227044825465088,-0.147340704175378,0.353162190974681,0.492107286843513,-1.2300824305242,0.709882657376993,0.816406569548117,1.24913197018959,-0.374450790345836,-0.488677121361082,-0.154638347483234,-1.10654904908705,-1.62272571440576,-0.657951444378868,0.420727586167948,0.120110285762883,-1.56594007233915,0.157035271135452,1.09799462168875,1.11117393880599,-2.57295440231723,0.137301869379668,-0.448876673792741,0.211737210739956,-1.35174978873297,0.126090541119042,0.8715746817179,-0.81178600113291,-0.152552839799524,1.41623278915231,-0.0849370421710067,1.46627929339304,-0.466238546703571,0.110862428196697,-1.31101428724585,0.750797762619188,0.246878016895335,-0.205652274958432
-0.5690569054507,0.656113190062578,0.542998407252734,-0.335065147938228,0.607092514283745,-0.537935662116107,-0.51167271772833,0.176907083767339,-0.189447144310344,-1.08486655995085,1.98054565941712,3.01188474079218,0.815802022472922,0.551714097980831,0.0263879418360196,-0.956473013393179,2.14430937765712,-1.37080583812807,-3.42565890413314,-1.40207514917835,0.376357002829476,2.80224163889417,-0.510755412866788,-0.804397905622287,1.55230891385552,0.189629315091468,-0.50681854958457,0.190411265393098,0.765726922928316,-0.154415784663318,-0.177431307325153,-0.597789673891234,0.87834336953528,2.51583696791306,-0.45765173357352,-0.692923034698165,0.0301138240469317,-0.562477478004082,-1.14331371606632,-0.496577531824812,-0.522097899989009,-0.166722000505268,-1.02661287562977,0.466289886021316,1.43235954488203,-0.312419902361584,0.449481767843062,-0.983775501645446,0.281122064967454,-0.474699334430941
-0.749412592340567,-0.142045603444314,0.0431072507535212,-0.0796797106004974,0.603711754610375,-0.197266816448419,-0.0535344546983766,0.729091143320207,-0.868489801497429,0.0891940119771242,0.904068476695227,2.01661291372619,1.08480153360557,-0.114360924770046,-1.0198574585555,-0.660395286936838,2.21222562258272,-1.74926368569168,-2.77826642966595,-0.692318748879246,-0.627830963608936,2.24178436060162,-0.80682716951226,-0.322468893159998,0.977157190810934,0.276715905665541,-0.490594237629137,-0.0414987096426428,-0.089202770068452,0.371331010841501,0.183725829988733,0.639081531845785,0.979894116040365,2.05097422536454,-1.54598168901874,-0.854556291125027,0.258589606709739,0.79836281024928,-2.03739602139918,0.190964485280371,-0.962925410519688,0.35844770662095,-0.145965751671486,-1.79600532012501,2.17748261260026,1.14587686520894,0.576778003414939,-1.06872242236225,0.0239279585619281,-2.51151757963544
0.503320897145983,-1.34798071102677,0.827621527951946,-0.592771810696155,-2.2487616648494,1.24857572332937,-0.805768424375241,0.0323817690832577,0.887840737383441,1.6166962964278,-0.129254254442911,-0.917611707298631,0.436431966816068,-1.21193898887051,-0.00867535797714237,2.03783524191618,-2.63851748084372,1.01741464599238,1.56144137394282,-2.45034144164631,-1.37905087820702,-0.872220776697552,1.08278646303656,-1.39416626432515,-0.635465925285421,0.0692943804647998,1.2153943762018,0.321597468377772,-1.19017300969576,0.92088447340249,0.130611653327785,0.22284147774384,0.499340230133307,1.21789678053046,-1.53313125600773,-0.320243724960829,-0.895534989942176,3.08776175554454,-1.30482498010566,0.122110662030508,-0.941918612423697,1.75808158444266,1.89246024351662,0.663780705439666,0.966734147943033,1.15876823619808,-0.976012299074922,1.19631461939048,1.62764722332165,1.13190149603042
0.121375090949074,0.744724796695539,0.498572489889249,-0.842235665339251,0.830651883499481,-0.636708945126708,0.112813856741436,-0.109477867809789,0.02488791143615,-1.35333858736366,1.88566892112431,2.92739192062076,0.530153475471077,0.506600510943877,0.492682946937781,-0.744804116994741,1.2070550449888,-1.59828326343171,-2.59444001975822,-1.27244592128262,0.887552632080529,2.27789390010531,-0.81162720949819,-0.510675665527048,1.39913099995416,-0.209302062256145,-0.763073545870197,-0.459042997221018,1.20850883696646,-1.40704344200818,-0.326762463831059,-1.05111633292722,0.259746726902193,2.67359094253397,0.0887051475459555,-0.364863569836133,0.672299474168134,-1.25020880399146,-0.0516468839028954,-1.08848442496283,0.979606003577683,-0.677199873741934,0.0194976437225241,1.06857501482916,0.48963750815971,-0.806662834659351,0.146208304301935,-0.821205570280995,0.0336545576352465,0.691065270326041
0.294262700902013,-0.354285518594352,-0.853037307306437,0.503049037084345,0.242511605412877,-0.465984376242063,1.07040743437737,-0.506194931203653,-0.485430916430335,-0.243941239974297,-1.06044339765754,-2.24465095097683,0.0874627795031093,-0.359460766234904,-0.599881407313232,0.341040946342779,-0.938439890869266,1.7272673652057,1.39330904117797,1.74269172570814,-0.00940244927220124,-2.3319991690373,0.781602709644676,2.00365394994557,0.158313246384719,-0.408226074052059,-1.10927112466335,0.661610234639057,0.640162030514839,1.03872881647406,0.721829979651943,-0.966423030043416,0.370165506332308,-3.89218789345526,1.39314082631712,0.0529364882839538,0.676258254253528,-0.785070480085311,-0.169273534946403,0.812843046746767,0.304559061011112,0.319724425060708,-0.438822683617418,0.605214027609496,-1.13789989165585,0.0385816096454795,0.634040098397059,0.69032349942516,-0.34431326421112,1.04718721526438
0.0570207779895941,0.285394835356876,-0.828830540638603,0.68186013279576,-1.20419551854648,0.56208382665112,0.420542142439297,-0.949916575804377,-0.606563770481243,0.365471372371969,-2.34336594864346,-0.0288078192592346,-1.42255626740369,-0.940493890950792,-0.264277851997205,0.781304121391083,-0.0460261316874595,1.03080577702668,0.886478637623327,0.176854251236523,-1.45727158139423,-0.264827930917151,0.968183563204561,0.732208675018743,0.00288233752724724,0.26562298680406,0.158277792569718,1.17253293344268,-0.696728292883969,1.1048842969794,0.0941038019190759,0.0791530159190232,1.94959021245782,-2.30142301540348,-0.0102301876062404,-0.202081862683421,0.403904466437447,1.21141662183406,-0.499049465461547,1.42297562660639,0.563272543936056,-0.546603790835882,0.821198740069563,-1.02618956144629,0.346949647201555,-0.645816579336273,-0.518443151685133,-0.738014657973874,-0.456557480378629,-0.455206117419221
-0.368277470190524,0.550557804349541,0.825159509429292,-0.811162669181223,0.571975648665744,-0.299436202898932,-0.595835439580168,0.445547198975379,-0.106056236590808,-0.589850516085871,2.11201035419538,2.47341902455106,1.11573633893405,0.829285062997409,0.165030594716386,-0.894926830238237,2.29204234865347,-1.42267151947099,-2.67466534555542,-1.36986022175339,0.782613233096343,3.11072716509574,-0.53222888951291,-0.796245551682391,1.00203681396902,-0.494538652435565,-0.205843068405508,-0.47673130280466,0.839987829242369,-0.987226479780805,0.140005475416832,-0.623917702373779,0.558675255989996,3.23563572710131,-0.385026463576297,-0.761977550999071,-0.246958629033699,-1.05975402309465,-0.690902742789603,-0.868628843166865,-0.122828375610464,-0.236514476163119,-0.759879677461467,0.588983998760141,0.892417087012587,-0.0118803044523088,1.0540407949209,-0.765190650102785,0.195549704060814,-0.408957166871912
-0.766797463646114,0.118899052866692,-0.54990815172792,0.649866373467951,-0.581344031196835,0.351855253605407,-0.163924774859004,0.0481132740256177,-0.893530244470825,-0.0281249127802851,-0.280053500734386,1.5646854622824,0.201314376710822,0.0604923704091471,-0.77127671600096,0.0912306003819996,1.64396104675424,-0.570281289006215,-2.01380212952523,-1.00966944642547,-1.59135743010653,1.73144308192787,-0.3503725251152,-0.325627337144707,0.835893259626724,0.529675221702028,0.211978426210997,0.153538336166441,-0.518564136416722,1.34951423201563,0.298664051967128,0.268745960083168,1.24684363410448,0.460628279922041,-0.473987631779453,-0.743129775678552,0.15169900639698,1.43108860999797,-0.715880121829966,0.747560983469559,-0.619174433203668,-0.245357061633885,0.101110447138814,-2.28696858546171,1.0949483385218,0.273706672030152,0.116072712198868,-0.476659648708664,-0.342255373978358,-1.49651637952724
1.17500604800713,0.873028672531868,1.94790587547015,-0.137329725428385,0.0741529609723274,1.18673204787169,-0.060105153625803,0.0644746795995664,-0.0493330826377935,-0.390427904915302,-0.710986394987932,-2.12974345423874,0.375863643346209,0.0115085642413689,1.06990176987136,-0.784664162045622,-1.02246951191643,-0.961448315029914,1.85142064957665,-1.19527228426026,0.764294827706432,-1.19218708406307,-0.489961177084652,0.356445653058394,-1.28358911138972,0.0696004874798388,2.05299386594851,-2.47932599366934,0.776179651914314,-2.68971200250782,-0.445861359383554,-0.730460318191737,-1.09038557788722,1.49901763205358,0.352646780051363,1.19025235167019,0.356672487000043,-0.517245411872561,2.18945308322768,-0.375333773794826,-0.467795736085118,-0.110058694659205,0.193960536537984,-1.09759143441224,-1.00280769484024,0.77692796494836,0.933968213111999,0.597419501645838,-0.53849523266818,0.328832861833884
-0.433043259470768,-0.0455135858486541,-0.22168204671594,0.58389494816491,-1.40303994471318,0.0461115632596126,0.0835939001686394,-0.232508460655346,-0.67514569967044,-0.434620382973741,-1.72756924730946,0.844126145164517,-0.907322275746325,-0.336957714604486,0.0372462784768069,0.0855390495388172,0.575557246848783,0.184320780220213,-0.595545398604553,-0.379682574625997,-1.97324279159953,0.767440802533909,0.5098113648617,0.383817083064092,0.559645202333822,0.121001894458767,0.417424886096352,1.40190063023961,-0.736240012204933,1.60452304381779,-0.151184344585861,0.717073671553182,1.80539810169925,-1.41847851071383,-0.568779911845809,0.0668898323282349,-0.0751911552092603,1.18987618777988,-0.395067169339908,1.01271594921912,0.29662389602089,-0.432447016878098,0.557001670735247,-2.05070000674535,1.12398833692608,-0.224238056947064,-0.241676593833334,-0.806062186672657,-0.277732605766476,-1.05925949719792
0.160527533617443,-1.28932315159171,-0.55453852149121,-0.0447894902691546,0.91371811389679,-0.00358086007432218,0.786079875602629,-0.379462026248949,0.0698239478403063,0.85327265803334,0.416195183053898,-2.1928483547156,-0.852734185173034,0.146880427438671,0.0174042319833519,-0.262627458164547,-0.701339190032579,1.27853112982094,1.22548158596597,2.5372612615305,0.0577430205272597,-2.34416808509794,0.476289505624822,1.20350201363496,-0.330723701956035,-0.375239224581366,-0.749459762580741,0.437657931180608,0.649804381124238,0.096621810172221,0.828904835560763,0.273942511332479,-1.17024867819021,-2.57653765977003,0.659371000250541,0.256005512742882,-0.145074609667388,-0.863812890397507,-0.171921670557945,0.00865776500856376,0.115330268211353,0.641853672491071,-0.689127631857155,1.53404234182449,-0.670132090591095,0.405830833876753,0.215047145127881,1.29727313241333,0.101138294493614,0.579127804695067
0.8526114360757,1.02902740770385,1.86946456104649,-0.107271963338494,0.207584526128806,0.270777433897095,-0.0969957659515207,0.477354792441268,0.112882201674744,-1.23665217209948,-0.669361844930456,-1.0614849611743,0.279450885482514,0.323395806371637,1.20153825367395,-0.822584644911091,-0.785067610923344,-0.495204896575054,1.89363183398282,-0.963635538267393,1.70852735489567,-0.740010339703911,-0.576785248274303,-0.16770593699922,-1.66189268588292,-0.0349521413830424,1.22254214190904,-2.76269667370681,0.340956797181373,-2.52764052602034,-0.966524895134364,-0.118778600686206,-1.13034268655691,2.39974762908201,0.557009434775188,0.917458018681566,0.176071094796111,-0.512707368917434,2.27705577031571,-0.652506776730028,-0.276450494382828,-0.806250487308727,-0.359063344250877,-0.597773095785238,-1.91645770599173,0.0971150329068586,0.558504426863757,0.245836097068398,-0.0669365598146832,1.7175821110875
0.0561499676043782,-0.296207291310401,-0.758764983870394,0.164633408781292,0.482239152020337,-0.848858627069641,0.658977890290331,-0.0513940132529641,0.265335605620114,0.629511714257613,-0.337824601259611,-2.18815210031051,0.803123410830194,-0.476939244254839,-0.519255366668235,-0.236688680185678,-1.11494145092876,1.47142533805547,1.69564953193927,2.88424631802874,-0.0637406780345594,-2.29343186032565,0.893519461449606,1.46886747434208,0.0206651371217183,0.0515893321344664,-1.1178141622914,0.39526017431779,0.786486609054767,0.00242626183672476,0.723210557646115,-0.352453185298913,-0.635748778016979,-3.12269684315577,0.617412182076541,0.390756470047548,0.279167861441512,-1.4040891043755,-0.270285631958464,0.473261514637029,-0.165620940751042,0.466434705705868,-0.527960288338366,0.796280578563267,-0.203818178086859,0.378235973935563,0.508479855737609,1.1897193882077,-0.133377591186524,0.647924306982685
0.482203987841247,-0.773137885343154,-0.28421192842782,-0.885667909932805,-0.929705894882761,0.97785306038119,-0.833785161880879,-0.351897783412506,1.03645295321412,2.30732942327551,0.396392450702808,-0.386117221688734,0.263376009649725,-0.815897638864877,0.37008994346198,1.65832665821701,-1.48598860442847,0.422039034368235,1.2148493229856,-0.19283462676427,-1.17157528526931,-0.235546461332633,0.0583001919015998,-1.75584353197236,-0.937862013193682,-0.677717990048791,0.548092081752988,0.492691164471213,-1.79777746152736,0.521004608560142,0.615827273043583,0.955369829048751,-2.06229860586904,0.82227133773691,-1.25300986258789,0.163569833689456,-1.25049556514284,0.941041956220597,0.168876199799991,-0.663247470288192,0.417393669238266,1.06918997795939,0.986030728715665,1.15315162767407,0.332127775445192,0.0342190167555981,-1.20643887263887,0.963100126051683,0.0476970832884085,-0.0167090850580719
1.31605793152359,1.18723057213926,1.88325038662849,-0.401182518400457,-0.75416641725295,3.10597166310816,-0.0380450355822252,-0.244290278632461,0.0651692045216825,-0.231286863939449,-0.847592051265823,-3.05503362955544,0.549387411293753,-0.185674536800378,1.79261245106526,-0.661782275086708,-0.688619020032864,-0.828942852930779,1.00656602702111,-1.73411691002868,1.20627167631421,-1.13865230621551,-0.563768122389405,0.489533755180175,-1.4414553226988,-0.497338311017669,2.27659293771676,-2.07273696759303,0.432806552168564,-2.31714389846259,-0.490234232727501,-1.24394259344958,-1.01280469504797,1.1093560535976,0.451964909878668,1.02805710741783,0.311189649635807,-0.698129888561871,2.71807941351879,-0.294623613601971,-0.0592566393641247,0.284270046010155,0.723890515894347,-1.65512386654219,0.424424850591404,1.29960032217211,1.03438806939643,0.342063474538419,-0.298068620601096,0.154738769817363
0.0950261349818394,-0.484875588325531,-0.92226488556337,0.183172851681165,0.0846160339993858,0.240943517081861,0.254370422001624,0.50002511524343,1.17443304095896,1.99266205399757,0.37447539744847,-1.1761623519296,-0.0714058859118339,0.194669560662505,0.395845986078117,0.256373601589384,-0.617407551663175,1.2290304727249,0.618822281530395,2.18090151826548,-0.411560321063257,-0.735938392431243,0.398780642040955,-0.102308748582247,-0.793600972204559,-0.215865317835457,-0.603099403882774,-0.0506434214187756,-1.18230747134983,-0.281666796860869,0.884592692567968,0.760845680145694,-2.36463203911264,-0.877293379834376,0.209832052798915,0.652566515403453,-0.540628846648326,-0.266609938108814,0.613850824339479,-0.269151090015566,0.0893740497594681,0.596013346686688,-0.0531222231323416,0.772038741449078,-0.35158806851931,0.0181180247925212,-0.598451667824851,1.39340088417294,-0.426688694042634,-0.355028917609689
0.0101558288610123,-0.333450101698276,-0.594410221065298,-0.167138582867623,0.725533477141477,-0.0979553802159147,0.692988938478717,0.137918642668504,0.366098701854871,1.07728140308699,0.630271197424542,-2.2276962218598,0.105058355408749,0.213439084557004,-0.137207400282939,-0.217174279408403,-0.607193937134699,1.25111139291207,1.79675132952583,2.80357694408983,0.306024719299219,-2.09052540490207,0.30113599218314,1.14783651109083,-0.545097891742077,-0.494713784400964,-0.281984065011524,-0.276315949509696,0.0632911467594008,0.107333646521682,0.528308693413901,0.406177348183542,-1.23833995538505,-2.23634252267037,0.819763644208569,0.0346906175785766,-0.270523888564295,-1.08713709289504,0.269492103547065,0.173970496161709,-0.0114052386085811,0.758826151025561,-0.733219907422108,1.08487219117782,-0.642044797017875,0.0164795078747473,-0.219847264153725,1.16388606071579,-0.104933246415742,-0.229229081187993
0.355137425976155,-0.542852082113173,-1.14175029223079,0.787132388851432,-0.489822907857329,0.0947909770209052,0.424409839569328,-0.598760743665648,0.345659321154299,-0.393317361953954,-1.98326024517888,-0.749123143942757,-1.67614206733725,-0.51997148567723,-0.604600511674515,1.10870514352809,-0.555262582643254,1.32368795513432,0.193286245557971,0.362569470276905,-1.02440529287788,-0.604279038664244,1.07315332402295,0.756673306290744,0.358820663393256,-0.0167881030111326,-0.171871153872933,1.39250208110866,-0.506631640997138,1.5682983682238,0.285821010554905,-0.376723353966235,1.6147149471253,-3.04435475061479,0.5874892308725,0.231556853944958,0.379248598820506,0.426060301967578,0.0349512394400893,1.46598750292213,0.652461920341723,-0.451276684835232,0.859438570045697,-0.766053574237383,0.0147409526467324,-0.429236796155433,-0.173358323987806,-0.640755314382031,-0.415191884175366,-0.263345292994385
-0.114350656634664,-0.443042258370028,-0.842275012395849,0.562287449444083,-1.31386593024021,0.266078874136411,0.688743107531172,-0.553917769996246,-0.288822351196004,-0.0758243346314476,-1.8017209088027,-0.334720461346655,-0.959052063477673,-0.820790378051246,-0.809291788800631,0.40106788333914,-0.410708056383406,0.884459127538072,0.618026345989338,0.193494089282754,-1.28662068480372,-0.539209062736503,0.86881425400413,1.16234247330144,0.235183646478258,0.191567402719937,-0.0183056517590442,0.915343396818804,-0.540696767919678,1.44358567263399,0.266858882847424,-0.420226098476525,1.59284748835195,-2.66624641026529,0.186760959621741,0.125023518890198,0.268885949072472,0.465738275234026,0.0776481648326111,1.11386512331974,1.1889457722421,-0.370351097048907,0.761071395312819,-1.46648970100978,-0.109078173480732,-0.445974982607206,-0.43503359111801,-0.46523286096161,-0.482280476460611,0.141342734963397
0.64725269576964,0.64349367158169,0.626896392149946,-0.939849165800478,0.67913708846935,-0.537969778370029,0.046133210879355,-0.168308147109707,0.18498092225118,-1.36321009714801,1.41016445704601,1.87483782343615,-0.435503392175878,0.548562267715397,0.486796874161816,-0.888899845817012,0.0696025211367788,-1.11262744947356,-0.347650099537255,-1.69170528983725,1.70333024865295,1.72817147247343,-0.379991318441593,-0.522627557534353,0.141880551916003,0.103644459720661,-0.196032677537315,-1.03385111634744,0.820383538995413,-1.57590953004103,-1.08272624583503,0.0462885460938707,-0.135980837444633,3.31705785808328,1.07273293400042,0.703545612276206,0.54974239025891,-0.547277231989438,0.873495568410712,-0.332541295528815,0.516259636780688,-1.44492283977802,-0.329417634073542,1.24342410121907,-1.36970255135623,-1.73033251196136,-0.435958374878396,-0.81198941616075,0.504495937775472,2.0930458090542
0.820059063432129,0.653866938161713,0.953014600367448,-1.07420894288061,1.06358878396852,-0.953888390142819,-0.258022937743053,0.332005850348048,-0.121366013972808,-1.54359884941233,0.75892072814656,1.48203912947558,-0.140947284958822,0.22922923913993,0.628017268299582,-0.547820158578548,0.000551080997209047,-1.29814820030973,0.00592700713170488,-1.62147153572305,2.35477617056667,1.50512856386428,-0.60452565577908,-0.396109143990584,-0.0918134986669333,0.234993235444924,-0.0272937812736289,-1.3023904653877,1.01037631800129,-1.52929312296507,-1.28228416823846,-0.388975172226966,-0.837919565671873,2.76240478615535,0.811230395432366,0.793385047984466,-0.191158287085787,-1.299638436419,1.0460631332005,-0.871511567018616,0.615524185394991,-0.940935982759736,-0.50846246592855,0.919069366597454,-1.89929828204576,-1.58777584224094,0.200105675039061,-0.0428361017794415,-0.00692264577013137,2.06405212539801
0.0478395404777279,-1.219933057623,-0.970147653782817,-0.593702107571834,-0.00676496285836959,0.855702768878881,-0.637315841790309,0.120784483342564,0.933186959059573,2.1969248333369,0.51146635765789,-0.848715467610496,-0.468831394086085,-0.445549492096038,0.484185403901593,0.961539079783202,-0.664613241035907,0.613361719278604,1.1755247184699,1.26897969423519,-0.246709234732833,-0.623046524430726,-0.344379908041963,-0.748416634833047,-1.1048408577515,-0.501731306734351,0.685761574828884,-0.094653038535324,-1.18502819259968,-0.257368961426493,1.04565673722072,1.17722680020964,-2.83217277897822,-0.120521853610298,-0.427607027911935,0.416797916999531,-1.02192555941357,-0.529291051867688,0.548340343799967,-1.004719881464,-0.64492874610261,1.05764110595416,-0.45330331442775,1.09427547486769,0.00313459326416175,-0.294063240917293,-1.1333399011022,1.15127448642598,-0.16248535846586,-0.28313673189651
-0.0555514636737601,0.103026355284954,-0.587983655484749,0.76917122170875,-0.831743177894263,0.280482603862697,0.771102113059653,-0.741313672654384,-0.0551863968556428,0.0953050896085106,-1.70315487258996,-0.672607981928694,-1.07878898721368,-0.991098292220268,-0.610239621853259,0.892700610259211,0.0720643987255553,1.40058227081118,0.800421980630652,0.51047068478964,-0.858172337298105,-1.35363894219696,0.999614309677924,1.47597674578331,0.473544212391861,-0.00171500468078432,-0.485756457364024,1.07310292667069,-0.0599746283373122,1.88656965291421,-0.135145242775225,-0.16506207979547,1.57376953123149,-3.4250676979767,0.759112935774644,-0.123906149291867,0.451716575299277,0.675710034673288,-0.0880428890854151,1.31049653576359,0.905035263724275,-0.617746925741196,0.319273465653839,-0.78659266017052,-0.028377552349503,0.124462432173989,-0.436673144014838,-1.05216596766923,-0.000770268176223991,0.138182118096814
0.311956769376351,0.967305967625922,0.852750600222836,-1.22578502690025,0.873566163608706,-1.53441561432214,-0.169969984868351,-0.850291347476382,0.239027045325007,-1.74591075604321,1.2865334048013,2.32591980792068,0.148625362929032,0.425816099791389,0.580138727863444,-0.804544722730412,1.15510970135312,-0.952621525154821,-0.649068297937158,-1.53840513686102,1.45436430287104,1.82475044625401,0.176957992282544,-1.14926773824757,0.611431487991763,-0.437943885198813,-0.208999984944834,-0.429096312365642,1.14910519349313,-1.3999171218948,-1.00560902559326,-0.358921477830786,-0.139832378669851,3.03996019971875,0.744852682620528,0.552158844590948,0.388508938081817,-1.3153210443524,0.517520658389997,-0.713999779239541,0.941970069304223,-1.36477067524137,-0.709473413642014,1.2948288648826,-0.87492198435168,-1.52380887722947,0.184405784617603,-1.07885406699515,-0.273324180147744,1.82928090637409
-0.402573755394939,-0.766059681482461,-0.413268197236993,0.416976344034951,1.2083429891517,-0.417993440484549,0.739819485400966,-0.0267539749106652,0.489898232232023,1.1827178672178,0.14517618230686,-1.99364497072285,0.36444686034254,0.335092917897906,-0.144486265672843,0.239835994859633,-0.613114556233232,1.35487123000709,0.967230828938069,2.53394335545076,-0.0863620222676075,-2.27898870757636,0.730561683414223,0.967083600727585,-0.387310149670397,-0.153424562837257,-0.923322532510063,0.441884970073625,0.190625597856028,0.52328821436376,0.627686803125288,0.462609205431693,-1.58987363171977,-1.91376480498668,0.977136266373487,0.0701685792626334,0.0540495184503803,-1.04774473791695,0.207223231146711,-0.15230948207885,-0.904602277898682,0.369534732659775,-0.877406977789184,1.31057239309313,-0.975731157456214,0.189262021780453,-0.0980062258381806,1.13914019553417,0.00915537108787815,0.553171327624514
-0.0529378792457057,-0.70018336493976,-0.874702886924039,-0.354692325741491,0.325613438684917,0.256793677424304,-0.0897235263485764,0.558704663407585,0.876086843412594,1.83102899297508,0.629522133525743,-0.807947209256949,-0.0984296028292846,0.0742055427858157,0.289466363353676,0.123993348387587,-0.663007951667804,0.657721876356247,1.03266012477149,2.25410331788699,0.0174034223792121,-0.966422668509993,0.389696436402738,-0.233427585874019,-0.663440708005516,-0.646758966287066,-0.33135250148823,0.394888415248882,-0.98705678926459,0.289091314637644,0.671705931767499,0.979328786552902,-2.2787392870046,-1.10503813763795,0.177597098195951,0.225840871839387,-0.746829258921816,-0.863018799149975,0.448992543641219,-0.751710112972108,-0.315616273175563,0.774037306779307,-0.295005012044033,1.03230946335485,-0.817892255308587,-0.49668925323115,-0.911979586095231,1.09252144794293,-0.594133969649606,-0.500358836154679
1.16559724462371,0.842732337902574,0.865780758220103,-0.868705637765277,0.930398761301527,-0.55914152507343,0.0269523767528852,0.0558471382957256,0.328599099000711,-1.44295906953163,0.551480936449351,2.36460116483802,-0.142294917917706,0.368711801554044,0.251728052041108,-0.713372823648855,0.706119476173543,-1.18472690574404,-0.364794957430295,-1.2219321531184,1.97601920282219,1.34197377867604,-0.478450831914767,-0.744378475866837,-0.0969410000713821,0.0772853351921828,-0.462544391127551,-1.24938974127517,1.01580863305044,-1.14788998578495,-1.14959259953066,-0.799614371960943,-0.525087438278063,2.61288097276969,0.747871443441294,0.554326821008841,-0.148307611949135,-0.96131115222001,1.17652812570515,-0.860914028138211,0.891841739280291,-1.53117348621137,-0.279198780258278,2.1266866811407,-1.71096777945277,-1.47839548461739,0.121321411400017,-1.00967815475257,0.157122456759401,1.82975093060077
0.197446978232335,-1.05205318712377,-0.674354312805363,-0.221251898404302,-0.174747487526479,0.604335639943795,-0.670485830947631,0.487937174685085,0.391776672763094,2.08899693070956,0.330826606232966,0.0753689363816512,-0.0966800830048712,0.0962972646868457,0.118268756624166,1.00501944112413,-1.3320414547917,0.579397756565066,0.986639739167042,1.37265321915608,-0.48678539543987,-0.553190507516961,0.00132128733111408,-1.34644040855292,-0.5886681194597,-0.526515018857167,0.404359482349622,-0.19307086169854,-1.59737136869138,-0.356841738091942,0.99535699356333,0.796558661066619,-2.71214211199933,0.206896154506451,-0.196151480347914,0.384786118175247,-1.08051792566112,0.350858384026483,0.891052689072239,-0.890155092978677,-0.661342912009159,1.35089581648898,0.436381964334427,0.867170679230825,-0.423290967432626,0.166904964628146,-1.42584417268852,1.16826002643525,-0.4061395913439,-0.0729246079607239
0.026738981549413,0.896891701895886,0.531768005847747,-0.935042822613589,0.434598400838624,-0.624546818792852,0.295221670939859,-0.439005456101228,0.381160805568013,-1.08384950878519,1.77488467026833,2.41023880309536,-0.125091826386074,1.02444444286541,0.591986257756806,-0.966043601115538,1.1147373792981,-1.4570299200016,-1.76257411693537,-1.46953937761151,1.15621118760704,2.26025212680901,-0.303316372384106,-0.790765045168783,1.26450987747389,-0.305680163124889,-0.692927132924289,0.128166253901027,0.672654089962849,-1.13356180744921,-0.142236639677762,-0.813192657816847,0.185019151620577,3.10742688684729,-0.0469163530869778,-0.675759183529486,0.105608955032533,-1.13059031024253,0.109247904118262,-1.02389700282326,0.4992514820931,-0.615711733691303,0.0102847089162728,0.849461464733503,0.75681811659395,-0.861832909833697,0.0521646115274603,-1.11393483849354,-0.12919638193904,0.724475188198804
0.104220292142816,-0.560867281719963,-0.702294405788491,-0.260666418825463,1.00937388144559,-0.10452130850222,0.724005740961806,0.366366148811106,0.472416408875975,1.4357348254139,-0.0153690621570836,-1.95264803966884,0.0337617125934694,-0.124868923957392,0.508940926007773,0.00996450002196614,-0.639014830549965,1.02475604304744,1.14646543434594,2.78803331725201,-0.0600816131490009,-2.06108986198731,-0.16170659878204,0.621488942009819,-0.900628495667855,-0.775770234596267,-0.625835867721661,0.0729197973964708,-0.00382915824398643,0.110781027178822,0.400708077153009,0.223936068533759,-1.98786759643665,-2.17788758214488,0.50678543531543,0.105712401978895,-0.384546932391266,-1.26610369212548,0.497190314316211,-0.370916981522054,-0.333444999207079,0.217056243072427,-0.87882354784124,1.1181167054817,-0.870007395786066,0.204213209067475,-0.250833648528361,0.952649521120791,-0.0407696917093023,-0.106980804276572
-0.690892901895565,0.313180196779986,-0.150820804927597,0.660223319556356,-0.0599041693583818,-0.516470957578075,-0.864209271995774,0.801275529729261,-1.10325816738622,-0.239870761137298,0.744439538116397,2.15773818592276,1.45596941288928,0.892637558188098,-0.60990764325047,-0.387008756296705,1.88857795965523,-1.50327540482035,-2.90030553697643,-0.879140279563583,-0.704753836146652,2.01792320043607,-0.925884587401856,-0.724272116963917,0.784548544559698,0.261561390123497,-0.599182577104838,0.306893796396352,0.282875277662903,0.522591272948113,-0.236060638435782,0.373310471739031,1.00001230128851,1.82686046941969,-1.14442855780363,-1.31122601835197,0.73576868779596,0.258031683250069,-1.40772069169102,-0.188681811243816,-1.74156086400466,-0.0559586552487062,-0.724721443529979,-1.58089457096748,1.95104373082804,0.939540396839168,1.16543734278113,-0.657425803976051,0.0292035222135367,-1.80452897927734
-0.298298726111295,0.313909778469199,-0.738598592729528,1.29842348840472,-1.6189561074581,0.562381469701876,0.185506045754451,-0.606244651034908,-0.117137596509872,-0.331081707449012,-1.99682495813769,-0.0212946626428026,-1.54397740442491,-0.579145792623108,-0.354681659030827,0.354108943049322,-0.183560155021638,1.05096119720251,0.428992323286038,-0.0847616760859569,-1.56706022258136,0.0361471833003212,0.773399840809955,0.996647801242235,0.0779785244353412,0.64979100431321,0.327757769143741,1.22350934121154,-0.760850993796537,1.89497142234758,-0.057134817257437,0.03771290883424,2.02081672192412,-2.69970796513556,-0.0253800207587889,-0.194954802975937,0.362085122092378,0.775811010644901,-0.316535606573453,1.07629883164323,1.06193225764588,-0.479478276827698,1.06465546854603,-1.22070961422478,0.312671973853699,-0.376363279743942,0.143528310820799,-1.09567405603266,-0.463603177224882,-0.154538661742616
-0.712755509122584,-0.0390796319674356,-0.892689194781892,1.03135568780959,-0.412997968324078,-0.634920450298686,-0.282759884847712,0.236117627524311,-0.978538799293509,-0.0715961713748537,-0.36706520932582,1.33032262721696,0.0845833174498295,-0.322866889069731,-0.255923581812973,-0.0620713184146163,1.21730707041347,-0.591629194677297,-1.3729343936084,-0.438015571397963,-0.970807442518712,1.77876500379439,-0.405841431914023,-0.251014445098231,0.751300347401127,0.464211687224248,-0.477739494538451,0.596786410330751,-0.707963009330555,0.9658313319095,0.310916954485919,0.363059957233722,1.37291914860439,0.188276029434666,-1.09734404677034,-0.690034326849605,0.179480110411783,0.772895084363099,-1.48926407272916,0.796578443324757,-0.309104779628644,-0.130407267329225,-0.0883469394486038,-2.27942640727589,1.13881140136442,0.284045135167199,-0.0400648275598707,-0.817483620921708,-0.472660772894574,-1.72055659499134
0.239170187100251,0.728312456906354,0.383935907106671,-0.842507135187018,0.66900551033867,-0.442951960134641,-0.396630522849727,-0.578108099864344,0.260539753642144,-1.35249906544865,1.18843965268504,2.34995084604749,-0.397119246762767,0.206964830561411,0.109126203524017,-0.584205586093306,0.825127574962151,-1.66847590632713,-1.03728903480739,-1.5708372858492,1.85668382318382,1.93910574005073,-0.200667719877009,-0.709266835628922,0.845414376034801,-0.381255964358875,-0.297072967532354,-0.613509917487649,1.19646310492558,-1.65786530707546,-0.849721067635826,-0.420185561894582,-0.18158250251663,2.67978435382567,0.896957700531372,0.0558302054360787,-0.163221285245937,-1.54922962733862,0.900692415799455,-0.745837464913135,0.913528039713197,-1.01673971069739,-0.635366786784153,1.7212894571319,-1.06781867235209,-1.70947105851737,-0.143738035841808,-0.398276021963909,-0.142467800334903,1.68436524403569
-0.65849241191345,-0.0186571608914249,-0.304176868093845,0.177829120104456,-0.630470682187508,-0.211756216117814,-0.32800285784214,0.328819788975437,-0.646664594115905,-0.22296090753861,0.0642314451050031,1.87309516287116,0.428322582696485,0.107835381333037,-0.908332204349882,-0.0865634222392847,1.62105089287278,-0.776282568551684,-2.08946773105142,-0.531628575149735,-0.502975700295947,1.69933918430096,-0.576620616278417,-0.308682737076565,0.790097764669576,0.579310183740155,0.0366308376272716,0.592410989483673,-0.500283563373182,0.68520430448824,0.459885344830708,0.499841404786637,1.592895233997,0.370999970442934,-0.943642923808422,-0.441574435623899,0.314826111169955,1.20727919618987,-1.82713481322825,0.0403068635410415,-0.517042388119072,-0.126408485861976,-0.711561229323007,-1.8700356144277,1.79124984580959,0.372239382462358,0.16889073665068,-0.969013012802855,-1.05400332780197,-1.94936744256452
0.0858794788541272,0.82308869380652,0.5265245574723,-0.963061137993987,0.646179747142943,-0.739235414661292,-0.134875285798125,0.0632781402916723,-0.106421333373488,-1.6115458088099,1.87958291955421,2.87732325453425,0.846591398917629,0.619269103751715,0.470099722353085,-0.701144456473788,1.0067377885781,-1.16811437715687,-2.57952098390417,-1.3245956701042,0.987117240478635,2.59168406516179,-0.375314134818453,-1.23306054310172,1.06940289066184,-0.113591945429403,-0.4802426193688,0.230820489117704,1.19143905313566,-0.778995441031694,-0.429542403232417,-0.819467315297306,1.0030791334898,3.04118025072958,-0.0612593284911698,-0.360944663800227,-0.172470785284016,-0.852869157679616,0.257388770998145,-0.752046865344777,0.242055554943451,-0.493589573822512,-0.299359755488815,1.41169678781527,0.175839144045714,-1.06833628117249,0.0389140253788141,-0.977210830111561,0.00521025186734939,0.204607498809129
0.150259908548549,-0.625595943417917,-0.562435674265589,0.495251768970849,1.08531077917899,-0.567092194343447,0.493845080345433,-0.462195609605941,0.20051297779818,1.06357545992887,-0.073665046493107,-2.35978343585071,0.348362532934499,-0.0465164050051456,-0.376824172882857,0.547478543401581,-0.795649932356032,1.44144880696592,1.85838915203256,2.92522946108272,0.50445835195637,-2.71308522399697,0.41456313599307,1.85103890509621,0.275066773622698,-0.432239246844299,-0.847860313075495,0.201570563164083,0.502240642935677,0.462058923801802,1.02926936077632,-0.123192215507387,-1.12551180545701,-2.7343549753375,0.678917081464692,0.451631940626844,-0.162113367840002,-0.926068739885225,-0.160571411595579,0.539009912164817,-0.10640155780825,0.697614151534579,-0.679114817154955,0.702794662452508,-1.24622307615061,0.528809868288268,-0.456889953460115,0.706210031034375,0.00990722919745576,0.245184946349676
-0.776319034551507,-0.0710234180798274,-0.851753805682333,0.68148616039408,-1.66951152463396,-0.150341377126488,0.21015609666477,-0.279322096023808,-0.578946169959864,-0.0203595970597663,-1.84898085999796,0.398111964488387,-0.511321780787286,-0.0921679036430176,-0.522765675705785,0.191698745602632,0.229338069428251,0.281750809340512,-0.374122595763954,-0.828160749222426,-2.11409038369756,0.631455457958703,0.330607031555782,0.167698591550268,0.221441283998032,0.861406531190478,0.653522376421464,1.24191375062306,-0.590879221900807,1.82314027482404,-0.210378665889156,0.236523403782662,1.90347620013282,-1.29757469790971,-0.484970788576292,-0.421752903768747,-0.180798810048807,1.54532634932306,-0.623397959318659,0.669082438817166,-0.140846517137538,-0.740344726761157,0.361681900014255,-1.68364267386764,1.35708073676672,-0.0834870501221369,-0.424078081003007,-1.44285277861538,-0.193275139811751,-1.09252039468663
0.155028366487235,-0.541846986146058,-0.622299742417736,-0.0817875923468224,0.434766770584533,0.487840453698665,-0.471386052872255,0.557451552312536,0.849631441040123,1.9221306616759,0.301974255256237,-0.920925937000292,-0.0788856983659457,-0.00196785983307606,0.646907822394828,0.395007448906475,-1.00837640057304,1.16256082288862,0.689877419348175,2.2117535529155,0.144761860478823,-0.323991136645548,-0.101816694555886,-0.721653098955016,-0.865219547164994,-0.558455388067329,0.333350781033601,0.137402992756826,-1.45081035348523,-0.193582209327161,0.480421642730893,0.489163060429523,-2.37055070482347,-0.283781523761919,-0.283047631120529,0.208685484234476,-0.975416347444433,-0.689880682512684,0.293155930056507,-0.369519509999632,-0.334308968190337,1.03644750808984,-0.406461485825728,1.11969703023303,-0.0393741453181819,-0.403644881793651,-0.530698481878399,0.910160792265235,-0.844229869950787,-0.555830390323979
1.2581424348449,0.648175242570734,2.2705883885803,-0.108301665030853,0.158309063340009,1.4432200587079,0.107175396418544,0.285378670054456,0.23609649275772,-0.613090389187706,-0.47578833798147,-2.5525961563133,1.02052781361813,-0.210846748947425,1.6059330309842,-0.778946918384818,-0.658410827151581,-0.302153448510549,1.5838579581501,-1.61532099542656,1.07973323770059,-0.908653920848216,-0.983807127174757,0.133876190167506,-1.32923713447361,-0.396034255477953,2.29079515089631,-2.32984512789406,0.648262732919911,-2.76821287721913,-0.889231622101975,-0.795248622444183,-1.18067217386358,1.42635674458455,0.224698466850971,1.41333999710233,1.03429296541728,-0.29368317678298,2.13558964814871,-0.164621289446114,0.268152834857147,-0.268655493249517,0.105846974785159,-1.40461297231053,-0.465364757717073,1.15588044519099,1.03289588024921,0.961467806015018,0.489150348681434,0.444858509859179
-0.784628897359412,0.156009967824513,-0.248281419676932,0.529522441775419,-0.790356922663271,-0.422318517321071,-0.469057582515692,0.466434516135306,-0.894355461648958,-0.423852565470083,-0.237928936744868,2.03785113426827,0.313598377149616,-0.102272674482277,-0.743952065146481,-0.0759813729590559,1.2837709584873,-0.571651717773968,-2.34060723942476,-0.828148181260486,-0.536661454844979,1.08483841602973,-0.625746566499806,-0.651999172028446,0.334194823563117,0.568228400141616,-0.443990579769921,0.276215429349782,-0.380880945413271,0.806984712534269,-0.00408958716134787,0.511298269616164,1.33734519513342,0.331500727854484,-1.0072117883622,-0.769791258705754,0.0484039103234857,0.740455870656115,-1.60910508135744,0.364728120372436,-1.00379618394063,0.233939029956097,-0.102742216330184,-2.22832389845344,1.52735363135162,0.34618244133296,0.727462217085788,-1.02281702896869,-0.311079120201944,-2.28018412409754
0.0784854191446416,-1.07818911509716,-0.937381102028456,0.301362024923262,0.627200865597004,0.287947589166588,0.323248421354756,0.516379099244734,0.49780645518127,1.64654361748865,0.564385990512929,-1.54900433324522,-0.167260930123688,0.569223165087594,0.274827467805218,0.22129589785472,-0.934549115688587,0.639506506989889,1.02709215487592,2.5520709141843,0.100915066958431,-1.21722516902199,0.267918795582614,-0.0041160073387009,-0.860624559535336,-0.541769230157516,0.00912202680151043,-0.00193382036835983,-0.977452079934584,-0.297993132556232,0.608347442905713,0.615926849368145,-2.11778277595265,-0.802304171133985,0.230738812728242,0.839373826683369,-1.04964952166251,-0.692328074549764,0.722046501351913,-0.54777903381239,0.0982747118516894,0.886527457300149,-0.506887384959741,1.21630075130668,-0.520307187583342,0.154669155155156,-0.565984013541612,1.24634566079502,-0.668150543141008,-0.835681804233332
-0.655875120358237,0.0194699979520706,-0.570921651142357,0.718024180899111,-0.687849523127421,-0.0797221880375423,0.239331360784416,-0.0596268422271027,-0.424144331246936,-0.0545586051303153,-1.36799215262158,0.955128211297007,-0.383077040414374,-0.168659834871841,-0.450064053309864,0.232794735800741,0.82235696190793,0.356378403711053,-0.737904510687757,-0.976275089949338,-1.39307352245488,1.0524492336522,0.234055764485774,-0.107792845455538,0.518119158914423,0.481174525896061,0.200714531733671,0.260168280090164,-0.560007192786082,1.21232573857263,-0.249070002464278,0.452293467840528,1.02790509358884,-0.994071927214992,-0.667652201661606,-0.584563955935251,0.230043471733814,1.3821655818983,-0.991059641623706,0.747196363988129,0.0658303840035363,-0.482435622443001,0.52679975296684,-1.44165185509401,0.715094791757889,0.0198425959603169,-0.682315955857406,-0.571817363413007,-0.62046316792839,-1.06668005004718
1.31880358097167,1.00628292374983,1.92447915672046,0.191700719515764,-0.320946681530439,3.7492935049937,0.426970951752858,-0.626802587970234,0.269442543563594,-0.455583972889291,-0.564177288253012,-3.87760929825903,0.544465158880015,0.00813752064760856,1.75345033001401,0.0133299696747838,-0.829220616957927,-0.971531093794904,1.09726105680477,-1.61515467159308,0.53797702866773,-1.40624974844844,-0.441140431214958,-0.11058901751337,-1.30090059522987,-1.60668498341621,3.08818864066306,-2.15045007623284,0.114819963201439,-2.34062201825425,0.00405281115188989,-1.88116218618785,-0.80783079420525,0.676493831897844,0.890148777498357,1.13535768607694,0.481821243917061,-0.633082301805959,2.57987408434595,-0.222529862848752,0.314165348531504,0.488636127475431,1.33269986632002,-2.25584228863306,1.15979088586781,1.75806055292917,1.88533084485022,0.0320481784081927,0.0531687760994708,-0.00442353485234566
0.228571505208768,-0.02274241703181,-0.249915705877027,0.0631781247681895,0.128560689308192,-0.582060472589877,1.00651780621079,-0.31413037722556,0.0280948766930107,0.357255145016188,-1.18926276076818,-2.05731084242074,-0.53968473784907,0.144247705429702,-0.284510517571027,0.195192763502427,-0.656563215211856,1.07496439536616,1.49693068034984,2.10745600926502,0.178052285749656,-2.61339699946087,1.35197767064921,1.9841167380492,0.150799439498992,0.219318576071323,-0.946922898845769,0.331319631396311,0.921211129061628,0.916045044208471,0.684627328189597,-0.375750117024345,0.429938211733526,-3.37118043750269,1.1427946763111,-0.221882273184186,0.830088919662375,-0.552286161397894,-0.375557694415891,0.87694164746835,-0.0225643541641815,0.180849423265159,-0.156445038356288,0.601777755361255,-0.866751701201588,0.263069955123981,0.493211924548613,0.470471241604688,0.039507851948529,1.01697571355975
0.153958283316549,-0.33858464092468,-0.408281962881216,0.543689105596534,0.83112617409337,-0.666597835965063,0.797030439826986,-0.533215598721604,-0.110277046068463,0.372387553332629,-0.576878944489018,-2.69596535728866,-0.6508714013542,0.0415514630512809,-0.549944422022871,0.198127079780927,-0.769275873513571,1.81633464893634,1.48248507402096,2.47816576330961,0.0238799273197775,-2.58232178514809,0.696095717288334,1.93870151210188,0.180314664407462,-0.349662150323705,-0.886466757893115,0.633031951316101,1.2756697315699,0.296808968605038,0.32672616453587,-0.0371120170541349,0.0295221387829503,-3.59323563573596,1.03513247263497,0.384251977886329,0.588173700254247,-1.35134066079125,-0.336190712272983,0.856487902069039,-0.443633567514257,0.0748968357250249,-0.55628784841979,0.638640442753765,-0.747286805394109,0.508652466429101,-0.0299206403459772,0.211886586720695,0.0910035601481528,0.857202077940086
0.610013827362062,1.03567249135389,1.9446422927846,-0.0959928749345775,0.0552386091100368,1.94698534123003,0.353857122642158,0.162764372974228,0.209114825047114,-0.684704875463717,-0.418318225793801,-2.41095826483707,0.266833769701142,-0.0631974423459026,1.18368892709198,-0.871209201465547,-0.672027402119876,-1.28164462716826,1.8429099788966,-1.27864892410841,1.62352253384185,-0.996495038251649,-0.64583857321507,0.0690220837626417,-1.30839003088101,-0.243222569097676,1.94345699725249,-2.02682668540503,0.214859410800401,-2.81136391610582,-0.851702835955264,-0.977236344069598,-1.01790861912458,1.79552787377791,0.386023842185288,0.983250423537695,0.36111446703862,0.00195003809109507,2.05804733123648,-0.286823383658322,0.361218225689089,-0.40069272747836,0.193702427585413,-1.28477195556402,-0.659952268430707,1.07477031233772,0.558693429530432,0.942525241836343,-0.374034787308867,0.45672752325126
-0.374126609578942,-0.218651758627699,-0.70181289039853,0.48967565501315,-0.0902785098681228,-0.0187569366654605,1.2412399860531,-0.405250425949082,-0.0277263750264316,-0.393551398280234,-1.74296536538119,-2.43846716106232,-0.944923194276455,-0.437051850660218,-0.233236427815839,0.23267332980672,-0.512189924506741,1.29254790367984,1.4266691483377,2.15070195384169,-0.168673605179671,-2.19116854306757,1.16537917218715,2.30351459289023,0.386204888629201,-0.0833108466060995,-0.817942387670289,1.23147950961083,0.510613068760044,1.28919046650058,0.221544178677085,-0.425091539253233,0.823670513103923,-4.3644975868273,0.644642085457355,0.308437805651683,0.631898027889587,-0.472227877732727,-0.118241677550678,1.44001217273379,0.496498834805517,0.0976781446101228,0.229534737221313,0.441681929223171,-1.06887337051386,0.32285814809447,-0.287816911914827,0.105919043022478,0.532423621998123,1.31749486243806
-0.897456290691361,0.792984103428849,0.0417515325398445,-0.394014136112921,0.806695827220067,-0.549713798377146,-1.10224245051133,1.08672955335708,-0.76482830275949,-0.969861357872768,2.19862226251522,2.67593508882609,1.40394040606424,0.744850867529964,-0.635645764078178,-1.02690096159795,2.19480139680791,-1.42256832793736,-3.24434896400193,-0.749402904293081,0.308133544044483,2.23098058160197,-0.567368264140969,-0.224457424815925,1.38830393241534,-0.114652440714801,-0.307510564968815,0.0327921352355686,0.203932830124704,-0.188410269518289,-0.204831796740544,-0.124913277178752,0.601658371202151,2.37876864566652,-0.981715109378455,-0.750758203893354,0.452896519628078,0.181044101399757,-1.49242871306996,-0.305452935540197,-1.15282597941352,-0.0798564051013405,-1.26495961515318,-0.548796001533754,1.65909589854102,0.478221760362112,0.69221819142159,-1.2526855077871,0.297458162699068,-1.76271877385002
-0.0859029367888865,-0.69572227743897,-0.561956728658673,0.653120561758351,-0.205859216464973,-0.378077610730505,0.575364855661372,-0.526592149974102,0.0431531654607274,-0.331472064596196,-1.30948614249852,-2.16126373147751,-0.847781321599257,-0.134581973243988,-0.522297490103004,0.198693888333123,-0.94733581221352,1.24465821196377,1.63440595323955,1.27749185878009,-0.32911884389994,-2.00804598286347,0.897144474086634,1.63505951920831,0.357851547511345,0.129623721807859,-0.377466125517652,0.823509939598546,0.531420196370467,1.1598924671349,0.351109300086946,-0.273298962714132,1.11888085092341,-3.74558606419619,0.771817600136396,0.517601354833978,0.199169893150185,0.230713013375875,0.367055837517072,1.12310880648099,0.275531908675447,-0.274399044428512,0.244942734626672,0.371711743854247,-0.544329994272343,0.524041523723451,-0.0280126766436243,0.268600904788308,0.140428763009327,0.962984575982862
-0.215135178003159,1.1086586231214,0.455669903288361,-0.269483100139463,0.450018237585144,-1.2546234323212,-0.897628905427004,0.386441094374347,-0.592933441414779,-1.01176792596055,2.09456372748638,3.00707197394195,1.21964980870275,0.778127233791755,-0.2057534370044,-0.697324333523217,1.4672614559004,-1.49818450076865,-2.93029497387352,-1.16067760930179,0.0784352375868201,2.79602969585509,-0.633956644196237,-0.53674193529071,1.29554404632832,0.212858704945267,-0.70401195379565,0.0207671868182359,1.08349064865736,-0.456233392358187,-0.103530935237077,-0.357153143020126,0.659113779087859,2.90174434968075,-0.56261271420174,-0.555457050983188,0.55985586413136,-0.624632540857201,-0.781434235389393,-0.29194679734161,-0.610597113788482,0.183448231299462,-0.0844040619664922,0.415427691450127,1.31152433602368,0.359744162398178,0.572158434398057,-0.703880962090275,-0.208098139510784,-0.20290432363736
0.947692854675597,1.01547185710157,1.78737240880662,-0.0265605388889607,0.00962752764184171,2.06854270323394,0.265925768985414,-0.352605146603381,0.0517129108429933,-0.230186739415003,-0.270617270916862,-2.93666107529009,0.784676461212635,0.441566626690163,1.12441431862675,-0.551004783985914,-0.733126321658235,-1.45776612459081,1.70258707388497,-1.17042696097436,1.14790411520977,-1.76983080545209,-0.316885061901072,-0.148087360244164,-1.43777842929603,-0.597090009472705,1.90297383101515,-2.20300571708439,0.424769340773344,-2.58730694691485,-0.845548506273946,-0.861941745993222,-0.73321916299009,1.51387789472642,0.60564122423275,1.05008163738125,-0.0288141994678263,0.0119750900946944,1.8980930822651,-0.680929267959208,0.503739614573919,-0.155976194415009,0.228296437477235,-1.45701308612623,-0.712077398509934,0.896514076547317,0.670133690636293,0.439615898630157,-0.421434862133074,0.620731406563015
0.555124962726895,1.05646388953229,0.823425818277131,-0.734183745969786,1.3411172530615,-1.04979537465973,0.0973916133614064,-0.0436987776127777,0.238079186367719,-1.46150713416783,1.03017591563117,2.63271006946948,-0.190773396276033,0.571270506932838,0.543254729331314,-1.14511090681737,0.101777169488091,-0.771879635126666,-0.474380059867755,-1.20739484175997,1.5657756072276,1.85925643394832,-0.531534423763512,-0.343710510961496,0.594615405244762,-0.0987444827906763,0.221871318987043,-0.931006783866824,1.40329373950327,-1.40566520550348,-0.917996364953102,-0.570712603868593,-0.177687121777333,2.64242572676494,0.375452967873191,0.31529214565535,-0.316955087816575,-0.698095743342705,0.832770880905254,-0.918255314658782,0.890970188606203,-1.02349255042658,0.017244678451376,1.42493569038061,-1.43348257593218,-1.94038973145752,0.23205958658393,-0.717800033139478,0.522269741889319,1.76600810712793
-0.359228529386394,-0.400184552245457,-0.722061291660867,0.455211380857959,0.0755214683057132,-0.296285463250818,0.807296800056659,-0.849181328541491,-0.0211275157103752,-0.199129360289358,-1.7136066599912,-1.92136813869207,-1.12406111296379,-0.411493380037744,-0.484253684763656,0.509258078045599,-0.985354732797731,1.56634596567936,1.17625700076432,0.899143406585859,-0.626307232038029,-1.57784398116221,1.1601017778694,1.72558855820547,0.320791054453686,0.0361487481894523,-0.491683415316448,1.21127566220261,0.0499348458207087,0.934422506374443,0.0846821699262612,0.40160468005799,1.27645359841105,-3.45059664854483,0.492211797134025,0.333674819057877,0.544921071836413,0.695126436908121,-0.860935219282735,1.85476850371186,0.910451416635469,-0.650037018710702,0.555064807161942,-0.461739081277778,-0.76037391186596,0.0181349802911142,-0.187920690576262,0.381229323074661,-0.219588366253975,0.29138045180712
-0.190809023827109,-0.0734446672435266,-0.980804343763744,0.928753150763515,0.174956562346404,-0.185021283410235,0.778774034513595,-0.178259357338945,0.321849941616272,0.268091593524685,-1.86570154687412,-2.00942847757829,-0.701975318914372,-0.420141248110699,-0.435855308015464,0.412819439526325,-0.621453018368882,1.17582205467188,1.19235793477302,1.40082976980192,-0.486839717367039,-1.90012236220735,0.999232968863083,1.7319387179478,-0.101347779053067,0.341051881414373,-0.510107502677001,0.93462476234913,0.574943704510231,1.12514792506764,0.272174255510796,-0.601110275798804,1.27567802218339,-3.33743874897904,0.736838470423545,0.673178448038047,0.723811181586554,-0.327730674966647,-0.00609599227766243,0.829997725149196,0.37695400011805,-0.285041987486541,-0.111327186183747,0.166432406034698,-0.14918948522594,0.149845456037857,0.157346358327272,0.30216441351652,-0.069070558929051,0.112204718102917
-0.0755380167804888,1.03565890678712,0.354732504696744,-1.06015772689966,0.924174057591207,-0.810394704380811,0.0893039025981215,-0.273996041616423,0.393567659283253,-1.53281588656937,2.08612446146871,2.60361915778827,0.479708444946551,0.569553335976642,0.55959191576283,-0.497242144187515,1.12755929592645,-0.956766848671703,-1.91069426508829,-1.79835510996082,1.43590149226519,2.19248448706471,-0.184918127869333,-0.874518075656905,1.5840895573004,-0.697748334795636,-0.218130666313202,-0.576899868969179,1.42134431296463,-1.14612233303531,-0.798427535201344,-0.868875622235303,-0.183276095626734,2.84836106413233,0.408949268544238,-0.0605894620643837,0.500609460300998,-0.636777281796241,0.546060348151082,-0.445268667033017,0.569556636729392,-1.07509074542775,-0.286484608468895,1.47492553876518,-0.190026368869603,-1.25672775845862,0.0373875045384981,-0.672209360865601,0.371500316183205,0.977560744947632
-0.413522711075257,0.880363888729122,0.71883235259765,-0.798934639970499,0.483776295369246,-0.648482332827418,-0.572563212219983,0.0902673067640688,-0.159180402493365,-1.08170046588364,2.23423296841774,2.95220130263336,0.908053093365842,-0.0826163100766895,-0.0837265199776739,-0.749075260325878,1.59013118728609,-1.88947059770138,-3.28338012226463,-1.59766910873131,0.819848949778396,2.44711473562581,-1.15404084995857,-0.666120475799122,1.5182975992657,0.0689401006974257,-0.692960089934099,-0.316843367740269,0.849441963399196,-1.02231465734971,0.118062990086151,-0.577038586624234,0.65591252202749,2.89582505048805,-0.237590528416491,-1.06171410864846,0.379890010308227,-0.824491950036148,-0.892517213577328,-0.635315073472047,-0.205963673706509,-0.518994917524251,-0.477504686841292,0.811886867690638,1.14568668774006,-0.367502163701158,0.699395472573915,-0.755032621054761,0.0160965009478374,-0.447054482936697
0.739186112065459,0.912709125929454,1.06670644584379,-0.557324260689136,0.371523512896202,-0.709601289276289,-0.108334792657932,-0.136893604668457,0.0466565261779723,-1.20430925245237,0.563814997134937,1.90327805587798,-0.193675917188845,0.336204729484232,0.275656545109128,-0.700317022437684,0.0505643725595433,-1.26204522040864,0.236287663090291,-1.24049181405214,1.93604467429649,1.47260374109841,-0.439625271379398,-0.527663156289871,0.139583434354286,0.0118257031728839,0.342759534399716,-1.34492798473375,1.06661010039842,-1.85744509766773,-0.78376451481341,-0.162169313009431,-0.541912176725868,2.96116528069609,0.771039065213328,0.309738969601129,-0.137152528408048,-0.823368845595573,1.0142556623963,-0.477763390989332,1.17155123994862,-1.30742489987751,-0.444619064091437,1.02298343294438,-1.57474603562327,-1.60382791743017,-0.150667711668057,-0.21219760289704,0.0680524486251776,1.61759241307534
-0.070637922155792,1.31446521893161,0.607619960817581,-0.683745258748525,0.84055125667296,-0.770275287178312,-0.179853222422501,-0.558028386085361,0.839785500551078,-1.46174428988531,1.59446903062842,2.92324009943169,0.212782836029558,0.987128792024778,0.0355162244070134,-0.543441060412478,0.753625919307138,-1.05741099521553,-1.58195253590903,-1.67450881513217,1.4465895305623,1.96209942677307,-0.137551234303588,-0.648245677772129,1.19617482728433,-0.158180282495787,-0.591677017752503,-0.648853117136298,0.876538158344638,-1.74253586423167,-0.518876607679272,-0.165245412111483,0.403298006740166,3.00654508343371,0.349266723576789,-0.00878468132218197,0.0967496242255538,-1.23157954527846,0.848786351959724,-0.872819629632014,1.35993968086673,-1.45032136263613,-0.0471956541397841,1.5058942999409,-0.804649077214187,-1.37305875736041,-0.148392894087418,-0.775918659669342,0.0929038227890081,1.64205230742122
0.343008383797478,-0.146492639581959,-1.0183553768495,0.958912020722926,-0.171991468934607,-0.671641802390237,0.486164293464125,-0.244054233124645,-0.183578131421398,0.153841035373218,-1.24200032242103,-1.8393711085033,-0.461627467554256,-0.567023244826779,-1.05575653473719,0.20597836521762,-0.305174744631992,2.01013633586798,1.44264711039806,1.50692987916229,-0.125449600610338,-1.98489847118276,1.23195295161827,2.19202207924231,0.08887062120243,-0.484987939920779,-0.713617287034042,1.38894042717713,0.69526183836455,0.495999568640997,0.133077125582903,-0.581384636654701,0.459796172246629,-3.56234543394493,0.298436534947929,0.295990585192921,0.960352940930846,-0.465349770915103,-0.158108486628798,1.03541583920361,0.207834601096441,-0.365621659952771,0.738483818383905,0.374358495234307,-1.18584010289628,-0.10091073797959,-0.136577522454248,0.182278623727287,-0.127523674898644,1.10982036603033
-0.620930091610128,0.31834199189986,-0.520154048368213,0.879591307984986,0.0966181190388885,-0.389603537496744,-0.414538001488161,0.803293952965413,-1.07129928543837,-0.567981998514516,-0.0105788954795718,1.57678335857285,0.425463416517776,-0.0279972829241162,-0.699509919981969,0.0213969551612953,2.03235905939827,-0.786502551545438,-1.99532182197716,-0.62545544936302,-0.834299791987621,1.71718081602289,-0.63452497155787,0.00114731386798386,1.1196182883446,0.501052763754044,-0.867880601310209,0.477739262484476,-0.395350297134811,0.998945890336376,-0.0407534290966118,0.683653601788181,1.75586156629748,0.790388167977524,-1.13631315135901,-0.542348603345397,0.426733364386373,1.05138313458794,-1.65169126935525,0.733070985270802,-0.942075348864378,-0.0317201586815326,-0.364974607336129,-1.81429654122528,1.87480929981022,0.310649165142992,0.750411979170459,-1.013549915856,-0.0587029359859033,-2.14484982262801
-0.246467684352768,-0.696403592962286,-0.649093687852703,0.979091101029142,0.268782750416789,-0.659980972627696,1.03090942184564,-0.493259837428009,-0.0984629725887653,-0.293403347475333,-1.46529588877583,-2.19147563840265,-0.101327622557248,-0.2152186545506,-0.627273696165668,0.251116505742648,-1.06031409752636,1.14277087021029,1.67055378871509,1.60983523669969,-0.201512384926091,-2.06155692067412,1.38130307521731,1.64536350849177,0.141735442280522,-0.198834626553817,-0.499534982152648,0.549152668927036,0.602946937107126,1.00327999778837,0.822124188853318,-0.634545568191656,1.08587410176369,-4.06664442951717,1.13662294992792,0.177852116921244,0.802215950138282,-0.56154428470614,-0.774640958274001,0.678677234568167,0.695302579437555,-0.0284270744658628,0.0668823241763304,0.382984251845484,-1.04497685238971,0.173136847111513,0.0779749132549099,0.976246774776152,0.0402356147981712,0.910569879740316
-0.0391169210711737,-0.429811442451479,-0.481889783711289,0.26689913638436,0.224177123306774,-0.757268020636468,0.581611195103277,-0.715474468222962,0.0662086490118871,0.340690524041862,-1.04716327534017,-2.26203352477081,-0.342066008102632,-0.209962981569801,-0.781071867468547,-0.0922913094244303,-1.01085248934243,0.965015421766063,1.6479761449495,2.13600449899181,0.314111298991847,-2.75426224674539,0.957846068801302,2.17261628636353,0.0413975542100504,0.217714413887431,-1.0099086303172,1.17776024927945,0.882210968692684,0.681361695715039,0.698638980448977,-0.802390884039608,0.394179988381545,-3.78489152750661,1.02744115050872,-0.0509979240538029,0.489555474918017,-0.797837540077095,-0.912137313390166,0.88072275851993,0.229841049451774,0.244972469973358,0.0210462151389197,0.256046864945535,-0.679421872627714,0.747469420464261,0.202022374917694,0.644555369553767,0.314913187345352,0.754776967377852
0.37459805178899,0.894336277346489,1.45685141689339,-0.836944382242144,0.92507800361886,-0.946201299653256,-0.177246791970368,0.229485068298877,0.182605292933232,-1.88256287892109,1.0471834113047,1.13561824050413,-0.0404249707534643,-0.131611814921097,0.441495145284435,-1.39005326726465,0.259918359124117,-0.770733610862699,0.552845055720132,-1.27863268194537,2.22783424041474,0.97363568518943,-0.284509407183194,-0.33808104361901,-0.269033428923877,0.133278627102351,-0.318305623363208,-1.03947028883807,1.23304264912231,-1.51894171300896,-1.41081081342048,-0.194610306936814,-0.787899275167406,3.17504062008625,1.09765585549908,0.126158765030241,0.155743091348848,-1.28863347587869,1.04862744214943,-0.432969155635528,0.778676327557734,-2.0374789556743,-0.396052559463456,1.11308173059102,-1.76053057400982,-1.70600054204196,0.0163028976337719,-0.763729313674792,0.237883817300385,1.97152071584494
0.133044994101318,-1.00207352921464,-0.974009271081406,0.0692543013750121,0.687274519794147,0.420925829584139,0.729212241247897,0.837715761138475,0.936911933722604,2.55958606081668,0.40924728812834,-0.825500849701591,-0.308413936737415,0.556575059578354,0.501662594355785,0.240952585461757,-0.901901054329598,0.762315366858879,0.490149206373495,2.17500071713028,-0.645298393692939,-1.2218099144409,-0.062957101513495,-0.467449040128348,-0.172380376490756,-0.595088618667129,0.032472297764095,0.357506607566891,-1.06777455062692,0.246725378552746,0.724172528411244,0.865659018523373,-2.59710184987988,-0.78514597221232,0.022388792827246,0.0994570364939284,-0.573029769352664,-0.547669521211674,0.507107768018692,-0.610929342123625,0.191847579861223,1.14002619702058,-0.0256103663623876,1.15378480235048,-0.379310536589169,-0.363826523573209,-1.02401919331843,1.03170457888417,-0.414739123805561,-0.227320935421213
1.21168688410336,1.18226669512141,2.00748284464139,-0.218840667208439,-0.161483598890496,2.31146997198427,0.164351980572549,-0.0465908588337605,0.453329312840584,0.115389913845209,-0.411955156018269,-3.0129136392021,0.334749698585645,0.0763488054452523,1.17462167458519,-0.550185946396282,-0.804704685880919,-1.10878495812078,1.31541558698699,-1.08254494335006,0.944527075489789,-1.24084196874762,-0.745651248754898,0.179613338641023,-1.47918702251013,-0.434597245429924,2.5561986708953,-2.64769521461207,0.294335924155232,-2.46144600286366,-0.507061430953449,-1.14889930174655,-1.14175876192144,1.06662849958549,0.344953448808332,1.69063271217305,-0.129972561318436,-0.327820317126464,2.50919579738952,-0.243253440626804,0.25122296208634,-0.0196819859389675,0.591315633692219,-1.75416483105905,-0.27508114108498,1.63269418780043,1.24930310755245,0.273965608672033,0.0661511396215919,-0.0510562724078597
1.16016497678216,0.776634884667872,0.963886314425574,-0.367643102184796,0.960498349276578,-1.01971474323808,-0.245817068903207,0.061947059482939,0.0628736274550111,-1.16485111232949,0.543384843778936,1.47253649365754,-0.650419043105982,-0.0177156801729828,0.577464490819091,-0.676862377694732,0.396598938921576,-0.976319484734615,0.703499269300292,-1.53214954634032,1.53870475276584,0.891792613449062,-0.845098677504057,-0.638014811569789,-0.444302401398245,-0.0907945159168623,0.0543360636132107,-1.23417365842735,0.790973253202541,-2.03543639044605,-1.78999689415142,0.100328089837287,-0.722539543273802,2.59494196715555,0.485837029986182,0.506230704538965,-0.116210048579335,-0.791980218071761,0.783324550014421,-0.792074208377596,0.488216868878621,-1.07467253176021,-0.575613509088699,1.30988001189444,-2.0506661708253,-1.25437795528038,-0.00822030277710865,0.0974984149082867,0.287759892062219,2.28016416064791
-0.0861547132682579,1.38562208875473,0.672640019226852,-0.663029563152275,1.03575469009677,-0.621792091517875,0.0935818776266175,-0.0734623494519025,0.252179723795263,-1.56647187812554,1.5754279698957,2.27276520999619,0.00248809713184894,0.652402530579158,0.72969259132949,-0.508149666118626,0.954108872036623,-1.32368861066357,-1.74356055906278,-1.51005288112432,1.73697531280211,1.97651492487837,-0.468858467359161,-0.7972203678109,0.977199762862742,-0.505021009588118,-0.376894347731722,-0.389315888817176,1.27254543859794,-1.15439586516761,-0.894834190238161,-0.867052992596148,0.0743679941624129,2.98872093608239,0.679474378684839,0.233718512619425,0.370414926899216,-0.838872433154796,0.57848253393225,-0.607060201899759,0.856138930840687,-1.23323561874456,-0.273543396284965,1.60904550890238,-0.601046589292832,-1.72366904847511,-0.0841552345963853,-1.06346335781981,0.24498656967922,1.40755804589562
0.0258479659190539,-1.85168692056605,0.177003704555259,-0.936454838275175,-1.98380426409601,1.84205754035573,-0.980695573201309,0.456050977901638,0.843835368047008,1.33082065015602,0.197741565410877,-0.50942336645732,0.426098237924573,-1.38706753495245,0.0587027622057771,2.04852761452977,-2.46403803193081,0.835318662053027,1.70983645839588,-2.05506960753267,-1.10428571254171,-0.73831252876442,0.943395697126089,-1.77898800747121,-1.24385627696774,0.23553191282074,0.924696924915849,0.724935487165216,-1.15817453430925,0.806346589775879,0.187039732560914,0.197910034857741,-0.538291427752917,0.597395814208185,-1.65720276566947,-0.326454819734998,-1.50752090662939,2.10954941316237,-0.737069751916493,0.0221850112187156,-0.227040738231269,1.44781027541512,1.65014310193737,1.2540740197299,0.515795595669878,0.586810091145241,-1.1162554285702,1.07965869205622,1.24855063688277,0.509607045495301
-1.00065944998815,0.575296130796309,-0.117379634937035,0.129800067728453,0.136971508550051,-0.93560938107763,-0.90079064240845,0.542882549953286,-0.765971674774203,-0.784617841916872,1.045968135738,2.58630412639989,0.929066454946474,1.0716496262386,-0.708983235738686,-0.613576572780964,2.08896537594919,-1.6313440265228,-2.53339682026029,-0.536644208483335,-0.892607111330708,2.33036725905369,-0.829085182087018,-0.730903480712634,0.690420321814178,0.546672369109673,-0.684864963154837,0.244731472193959,-0.0540425183924352,0.645165186740804,0.0287335298101542,0.0256372975105132,0.713877324733036,2.11249440662931,-1.21694429940205,-1.35791745561474,0.288770104483511,0.104409976209821,-1.97484919516976,-0.097847920478122,-1.07674448678049,0.171757544644661,-0.601902777947731,-1.25293114129635,1.61126266287163,1.12577838327916,0.934707792635136,-0.962978311547834,0.339919562567154,-2.13184973305916
-0.0391221205540813,-1.09392298788892,0.28674457219697,-0.631434986806994,-1.52798533125959,0.867678110252647,-1.45601840439473,-0.0989106592054619,0.729405951936135,2.15817999041208,-0.170742429391597,-0.361085494173956,-0.395373540005133,-0.553944387945005,0.137532933561932,1.87868871574699,-2.17324068682784,0.953107496173169,0.82597537218048,-1.01899947256182,-1.14957079790925,-0.0463305321042545,0.762144031048955,-1.85563456406183,-1.00807601472523,-0.0392985181671796,0.833452245652961,0.386981560445213,-1.60321148594684,0.629252967067667,0.212617283844466,1.20426732312145,-1.17230922043388,0.650860621272264,-0.71996709336441,-0.202312232719637,-1.19703655633137,2.13288099904157,-0.110418429952545,-1.05840925885287,-0.700389262888979,1.85440198026722,0.950474884633037,1.00481009211591,0.495426381478495,-0.0293222761967695,-0.98747943500124,0.619179054085201,0.994986368453808,0.221270920693922
-0.944947776574431,0.542181894986927,0.123898500087932,0.171837589663829,0.194824298463046,-0.423579641191535,-0.140837575299796,1.7320762412091,-0.825019777791455,-0.743490101416434,1.65780107586016,2.28788195216264,1.25504261251349,0.224339074695714,-0.618480034019696,-0.299372960094169,2.04536956651334,-1.82882114856435,-2.97363554394864,-0.916211639816838,-0.397021501259441,1.77771452664983,-1.20533237942502,-0.677805427030002,1.03013371676639,0.444544550046906,-0.748131440489358,-0.130752607413161,0.222880088215411,-0.305065729741089,0.196640535090413,-0.126778914644247,0.960325891742955,2.28382381858254,-0.696385690191392,-1.40676959736894,0.209947032524935,0.309208139733024,-2.11757329455377,-0.163387060053162,-1.41467035839613,0.478645486318286,-0.813094588077313,-1.1919891898097,1.70786773684929,0.959724735983164,0.886215899729781,-0.765395351171477,0.271196256037215,-2.05468690564403
-0.640467378585373,0.367026794361601,0.195043695409472,0.519925400769907,0.144543938699457,-0.813587710075571,-0.337262753994219,1.39766536794802,-0.95266248094296,-0.995783867161696,0.672615411351017,2.21536702372361,0.821645478975558,0.956738631369781,-0.722737043440415,-0.901448039856309,2.07253996583368,-1.38757720211038,-2.14647296513317,-0.836219218356735,-0.0193403388908506,2.40402695599922,-1.33851382159624,-0.646813369245107,0.747203628785354,0.453152770874462,-0.683541266513592,-0.362544970906732,0.0984526315992879,0.198804839031631,-0.201037437691606,0.485879612263912,0.861979698761991,1.98819663384689,-1.54181800536161,-1.18465620071289,0.508906107438898,0.751629607171202,-2.4097713451518,-0.0594524746282245,-1.14911297071305,0.205990150065733,-1.17321032083599,-1.38339567930582,2.32319742340493,0.770646159889489,0.47626857902957,-0.826489244498272,0.0537360899551127,-2.01909579046786
-0.970439972753261,0.228225854764311,0.103510103530216,-0.370221969857516,0.533488880812287,-0.752079384854513,-0.683250305932672,1.01609323939218,-1.28988621650336,-0.521973769216739,1.6528364577522,2.32818413225541,1.44764649940765,0.786709331766113,-0.358138751051916,-1.25645814785186,2.16631024077121,-1.56764711264543,-2.81472556227082,-0.869388304743191,-0.0166931281951216,2.66975008969259,-1.05989284605699,-0.322259910526194,0.948689002956683,0.750031669610536,-0.81418706988077,-0.353342620363125,0.216673643366034,-0.105729630075702,0.459819912729223,0.136110009469409,0.85195673632164,2.5419207846771,-1.07072332176467,-1.65798500898703,0.206638768070552,0.245500324731779,-2.12011242547704,-0.0958168515218539,-1.39743529005553,0.105722903543889,-0.70546559145742,-1.0967609345463,2.12330866371158,0.918083484431487,0.85146280207449,-1.36933400513263,0.197530387363105,-1.88891842338892
-0.0304752850648313,-0.619318338190137,-0.238380792474027,0.537813599699185,0.512361583774817,-0.829834126622774,1.0283848562939,-0.447912388118136,-0.483126062604611,-0.20456888243491,-0.389167379855085,-2.5400731216692,-0.107722896344532,-0.5120422332642,-0.371033294169964,0.0209788724255008,-0.543106648623583,1.28689205092756,1.71202760843894,2.69387009871122,0.550028853943456,-2.82271621239222,1.29843447420542,1.83992323310957,0.10405111791594,0.156734662217762,-0.882823187522347,0.638415607319335,0.685222915722136,0.835826888083952,0.641479434447275,-0.389509354164398,-0.344852477054285,-3.61855722739233,1.1507848033253,0.0975918016804001,0.43895649110127,-1.19696109194416,-0.186600640670975,0.245234899565394,0.631932219813512,0.317528002292867,-0.549393467438849,1.07737157126399,-1.01828532821677,0.604036065468818,0.316525720038933,1.04161236921763,-0.0934190403801324,0.806979011417675
0.034868505655024,-1.45108406377209,0.76973710758782,-0.627969192372862,-2.02633901164775,1.54778096839661,-1.56587676731359,-0.645752045027237,0.762444018755224,1.3037853672137,0.476529877547109,-0.702875219051477,0.214859206361895,-0.980354774146319,-0.396177132986857,1.88523516577803,-2.16394862846386,0.994072858850494,1.68070234374631,-1.94209918149566,-1.41281863784625,-0.689079726976286,0.504383582837875,-1.72597854770174,-0.76088567014149,-0.392387442398134,1.15244862426158,0.167905885574233,-1.48934067456344,-0.103557697337612,0.173967391618098,0.531951498499585,-0.458473873235561,0.974729963706234,-1.4417102810758,-0.43542084380137,-1.05237345973298,1.77368634105976,-0.644676969476298,-0.446891490742764,-0.409208686650025,1.61291420840747,1.20551647083409,0.984237886786503,0.594395375198848,0.428763604283224,-0.88812425370905,0.897633533557427,1.66884546896684,0.631468555639893
-0.248173030363693,-0.25792286945657,-0.446549057220103,0.506883661467829,0.941656365241701,-0.813058943307992,0.608868134050084,-0.252206528160014,-0.0634577561904971,-0.160495267231918,-0.528084004360389,-2.58374487080692,-0.177772946361592,-0.532165935384392,-0.948900836411191,0.422027265281484,-0.655182623240925,1.41440209398783,1.59873971116734,1.99867512478282,0.0817018595019732,-2.45580036441045,1.05151444925269,2.53621298900257,0.134809717399253,-0.112827042129548,-0.812073641007536,-0.0576653176618698,0.637529203515773,1.0082203201984,0.274756853434091,-0.186336125973782,0.291172073337175,-3.71194346413792,1.03504555209871,-0.101144009360618,0.164277491412227,-0.99201907542415,-0.0504559129299892,0.639001730255882,-0.301790839910557,0.324241284662259,0.0595753744718667,0.876724962828271,-1.26314886403516,0.587018810349073,0.22046753385069,0.684319947254345,0.122561939712553,1.06563954895091
-0.494442656737815,0.0413767752308519,-0.885601856006726,0.54894787886352,-0.612523857981268,-0.260685329283343,-0.21208905993298,-0.407783158036596,-0.52786847552064,0.173594926416066,-1.23997639914811,0.593772754233964,-0.828508060643866,-0.327086529887843,-0.330181395760014,0.41853285876334,0.525497836556489,-0.120062340959222,-1.29975424665364,-0.421081039400473,-1.13742348778348,1.12597346858549,-0.0210663922368797,-0.226999963199192,0.329478536754596,0.36201620993943,0.087505206269871,0.961746813969062,-0.971909986511956,1.41606177061954,-0.0442528633827326,0.499815613384555,2.07552655985067,-1.24052893638484,-0.610704011151211,-0.0198272965915996,0.122283427222209,1.21788437715717,-0.496685053587643,0.651405596155445,0.103001265049852,-0.694821035044477,0.402686161554918,-1.94030738479995,1.39459256167682,-0.0511325581049599,-0.774940664592482,-0.956367610173931,-0.842381175632159,-1.50483591343307
-0.275501224289344,-0.778783372524381,-0.622381435636929,-0.340453493342759,0.935177227318197,-0.508575184762644,0.61599459001796,0.0970198184432747,0.376598728116223,1.24502818622015,0.0850938228027774,-2.13953333489167,0.379568686489044,-0.00372237659250631,0.161574092230832,0.388662299683968,-0.720343801711606,0.700391274860431,1.76914600233177,2.71256784355054,0.37093749201264,-1.99945645492883,0.432285408985373,0.829771867678877,-0.370649429053513,-0.332767630618248,-0.294218969837847,0.0171809271939832,-0.237253044267472,0.373628471601207,0.998974348393108,0.271334694675053,-1.89631558481155,-2.04215324080511,0.631935810836967,0.14159074906847,-0.678856658701073,-1.33745491399626,0.570441797642532,-0.238539579375497,-0.215878056743952,0.694143767882398,-0.448785831651255,1.44993120747318,-0.954344825946463,-0.0312270766873682,-0.709602382209166,1.29967191203124,0.0570494435138232,0.348502417165222
-0.517517842891147,0.271638089924377,-0.253512827718387,-0.0243442801723532,0.181318066427392,-0.667939845525839,-0.595558324522712,0.647599523735833,-1.48255200540301,-0.905247672431599,1.01645240301935,2.33777218748359,1.08513884623048,0.674782640890601,-0.172907728483895,-0.478520287622826,2.16538579097734,-1.8278218401633,-2.62247704321604,-1.2094486552979,-0.442219801664869,1.89491227567081,-1.2028482751081,-0.848889098123959,0.660770997232103,0.507428736238953,-0.60819963579805,-0.114325101164917,-0.134439054937495,-0.286554916423103,0.266275756624044,0.0164764613928662,0.88971027854063,2.08404727951394,-0.89368590804402,-1.24065394821902,0.0337756997645873,0.37877904899753,-2.15446314341827,-0.0580935823536986,-0.981485124832322,0.450287730884534,-1.04214347330588,-1.26416225461971,1.97297940951003,0.844555128304577,0.961237097788645,-0.864954749013837,-0.354066805196496,-2.22958818844025
1.22051885436736,1.08508492210912,0.621906171438588,-0.806386296764996,1.25790504143105,-0.716904226082369,0.696506667866958,0.44463418667113,0.362363462820259,-0.771898596359508,0.413089475106872,1.29557249517363,-0.418674271409961,0.376915120765553,0.69537322750771,-0.910882057501437,-0.46735566675119,-1.39407823552631,1.29789671930442,-0.852632222006326,2.32258021880672,0.573278031457591,-0.709255147721984,-0.528013991506366,-0.725984130709143,0.362172723066108,0.388045895815951,-1.85102530417529,1.11872663272106,-1.59756223002722,-1.75440527339739,-0.163660028570288,-0.742044700851738,2.90187791777721,1.00349156182635,1.25830214297548,-0.333478358075557,-0.91545675161336,1.52781761183929,-0.546978921588721,0.109055454405665,-1.46443777259524,-0.662866196894765,0.681818039005881,-2.04985797231484,-1.45360374203954,-0.665405764013642,-0.220686778217308,0.175348762330938,2.27997510586204
0.732691105583121,0.718782983067397,0.69617004237082,-0.477252211603514,1.34181658439552,-0.720457703135789,-0.216344798647765,0.871160366244631,-0.40320723272583,-0.603488865287813,0.195178513408193,0.70509245156971,-0.29542464038589,0.215457743638411,0.648289408703552,-0.665244354121805,-0.295128629707581,-1.7074203026372,1.11400305328159,-1.34848185060565,2.30866384005647,-0.18674522347451,-0.797354264290373,-0.304216193446043,-0.706827816162785,0.563644168934281,0.312030157403289,-1.90881787379691,0.8818601745566,-2.04246975640576,-1.19941749298593,0.465490112993037,-1.1679842861229,2.63872421708734,0.333717588012703,0.305943802083739,0.104794833164593,-0.491572105669833,1.49221142156839,-0.651710304854675,-0.427032055801875,-1.54125487249808,-0.866782984542702,0.548998203940549,-2.28770651098426,-1.32230588536808,-0.175897979333586,0.147993107102887,0.157261744867569,1.62075770609331
-0.639316518076868,0.635238663307804,0.446593224232347,-0.991809434071446,0.793873832181179,-0.472588810107881,-0.275119517995253,0.456145503544219,-0.74814117675727,-1.31729077372355,2.60577904794856,2.78963689316535,0.815860607840114,0.608992050754026,-0.265100078150989,-0.708039311687716,1.95254657195091,-1.88240581934047,-3.13745998934764,-1.43927072854738,0.511788865557588,2.74131081669981,-0.56941210931128,-0.912772101538462,1.58759219480329,-0.145836894614451,-1.18990615259811,-0.530533001643028,0.194061532685844,-0.966243671067615,-0.00258738974517128,-0.49288887116644,0.878890691016528,3.49634201936438,-0.0245714934278079,-0.681153384388083,0.111712726271276,-0.742646924603946,-0.851938596384021,-0.920494419001642,-0.193114827784221,-0.374200792024024,-0.376182919298113,-0.0707436571961159,1.22229794908991,0.0350245140148295,1.01453311589817,-1.1475385220039,-0.0626515820030437,-0.647555589791527
0.341517161079009,-1.28926313056749,-0.736635212167493,-0.215729924473128,1.33977410585706,0.299965629850452,0.0983155265622393,0.153212026808216,0.859714497222312,1.7243928296677,0.068472069963457,-1.38245235108635,-0.369191933210749,0.15304478272015,0.628403590917316,0.388161205084488,-0.420344153717465,0.67914604899983,1.05190644152326,2.40581754464115,-0.326163565311616,-1.33818170359603,0.0188693450252763,-0.0650016554098084,-0.558879998607357,-0.919337973987448,-0.140584759455686,-0.254351191429988,-0.747172382840595,0.602033182451136,0.651176221657643,0.762373644624091,-1.98114445414024,-1.33988661137364,0.398448547652935,0.630859176606863,-0.364975139329344,-1.14277883111934,0.473674726535584,-0.784680292843493,-0.148794312741191,1.07855649940788,-0.682668077362394,1.20815583327051,-0.265451212574624,0.014830724959438,-0.166093803873259,1.02880916151325,0.0775821772409172,0.0950903661059072
0.148330174249761,0.00715856530932395,-0.974733783459079,0.863026306269189,-0.99628555514873,-0.229438099930792,0.358302099347122,-0.990003603934386,0.261397920699135,0.331702946484265,-1.62664156381495,-1.18179623028488,-1.06424829606975,-0.0482494494112362,-0.294937092029436,0.6814312346094,-0.161638387953894,1.1561535936627,0.912668854142567,0.662480473551504,-1.36680046134991,-1.10161510619153,0.837735562256342,1.14752241680826,0.628128258335831,0.523689180530748,-0.227949836539287,1.30326290775227,0.131243982624423,1.60640528285727,-0.0174563606090937,-0.147578664101791,1.64438298456349,-3.82114113675418,0.613939325356283,0.234381608161952,1.04592355974669,0.10088569982878,0.104528823792094,0.732033107075417,0.459053338301845,-0.470573093828349,0.617007656793337,-0.461183949682702,-1.00824323876644,-0.41538886386552,0.163185598026434,-0.165870621035433,0.194876707647922,0.687020229582123
0.38426025248591,-1.75727764185073,1.22325848415479,-1.0848328983598,-3.22644951764763,1.3209582209206,-1.90552151206062,-0.391178668169505,0.676613253496974,0.849821496955708,-0.309648011880031,-0.848371760578336,0.49169282809508,-1.28046993913164,-0.885473206628122,2.10520186784054,-2.44200274960622,1.1965073057094,1.91955109587853,-3.83597444010291,-1.15813034386915,-1.45794880781189,1.43786431618507,-1.68861126268782,-0.896745758427528,0.520277351867092,1.1011260657316,0.865539697517578,-0.97468233516432,0.459311861627704,-0.0862648064971274,0.367625752263743,0.742564055881401,0.738182851427447,-1.83670726198851,-1.09336540164357,-0.503897636411727,3.3179180358702,-1.4159643650431,-0.329819117141742,-0.692099887813479,1.20869482116236,2.34547202946007,1.12108695989356,0.644560679912368,0.933551010652992,-1.05530446092515,1.27208052999384,3.20798469764633,2.32246468066796
0.941102414976744,0.919982035718751,0.862088466305164,-0.678339267181188,1.01249528204797,-0.925461217859215,0.261652005561261,0.523166701125233,-0.204876478978196,-1.30934244126736,0.0316059745560772,0.848728390101971,0.157200051513467,-0.162211924659558,0.60218567002227,-0.993823923431004,-0.363481941744603,-1.07424085262002,0.974208954167316,-1.42430014081607,1.93754383978517,0.644792901655773,-1.09059922428784,-0.142215822362112,-0.952611867944161,0.238833603340357,-0.124867534779714,-1.75909201445389,0.963158374828009,-1.79898731861984,-0.686731652197062,0.422865695702499,-0.941562909893726,2.77152863041232,0.745663361438388,0.868698388355494,-0.00900859447290257,-0.919375231969002,1.17174622223378,-0.277650055019044,0.473665383089666,-1.25709270469786,-0.818290628492109,1.19934244097412,-2.04382599249291,-1.30348591339873,0.260345699137765,-0.0908700555318102,0.33689815243779,1.70252595957529
-0.816581139417885,0.173887617930288,-0.859373636005932,0.933022241314939,-1.02008291827922,-0.268165891105312,-0.184938661063525,0.463068330354538,-0.608598652620754,-0.387028139598674,-0.308296898726232,1.65933077904642,0.577120841897288,-0.293534773241458,-0.990798771914189,-0.070592182745245,1.13399909556002,-0.450204919998539,-1.17776021924031,-0.321317778683126,-1.32629523408203,1.54461160436339,0.0413915030250437,-0.444013767069738,0.268759499591504,0.723665792507041,-0.37885597103367,0.414763122172756,-0.599626238310516,1.11758342891605,0.172463238004292,-0.243674493607735,1.28311045189283,-0.159129256543005,-0.642450776790142,-0.0463104481742643,0.334685938262413,1.56287339364469,-1.4523757943399,0.327528518707922,-0.492510982205991,-0.325341781293482,0.509720099647073,-1.60278596704903,1.55699638606618,0.268097833793892,0.14213952975159,-0.979020341684363,-0.479900435812761,-1.68520117293598
0.162481658644568,-0.931986791439038,-0.645234725191574,0.00764196702499798,0.643259420005519,-0.185096590451423,0.75617084161937,0.32879605152328,0.331260350984541,1.26890149542804,0.687110141286457,-1.94197603328186,-0.146475611998413,0.400035817085326,0.00673395024683441,0.200491453381879,-1.01543322036696,1.16481954496862,1.04317970587098,2.64106528508504,0.28986695470819,-1.48629450180509,0.103987170440682,0.749645125006643,-0.106275973200135,-0.396449016184838,-0.401334459179838,-0.246582338224649,-0.158973338967469,0.279384020800256,0.984679914437147,0.108969905543489,-1.7056109037861,-2.2312117660687,1.06120143117992,0.19720845105881,-0.761469989266602,-1.16790780626774,-0.0956118263859771,-0.242936846759472,-0.308056862208491,0.628165098453663,-0.531662545997704,1.03197872042111,-0.80341798267189,0.132734209170454,-0.343931317197022,1.17093118055429,-0.653095147483541,-0.117707533353799
0.306010415058978,-0.6539051787696,-1.25923190700678,0.00967754008184784,0.556134907291235,-0.179265345932665,0.327445211994178,0.520151693484549,0.228234754043565,1.99593905643607,0.699152364214771,-1.05991002146725,-0.0375315652236723,-0.0274103074386773,0.703406674660337,0.25282868243222,-0.632137571587221,1.06780127340878,0.829352153222959,1.86280370756841,0.0291361363263749,-1.08362447253875,-0.218599764177304,0.235814359116335,-0.72199078408645,-0.90192018691597,-0.544227603647835,0.325883435556486,-0.521552876796117,0.290879690262288,0.497068447764706,0.638234791849505,-1.98598072094188,-1.44713598510792,0.122775960107783,0.779999704014834,-0.481929086843978,-0.839747363984252,0.492093658226885,-0.842599053515337,-0.0984665342161752,1.07289949769674,-0.653455235550358,0.992290334784095,-0.33383431188618,0.183955795737748,-0.738354973825258,1.23969181564112,-0.390170451748397,-0.824141169426054
-0.616348033960347,0.382520654533439,-0.403256142707784,0.446165163867001,-0.00990868008405054,-0.62382844366591,-0.119777814238491,0.859411212493664,-0.691321955958049,-0.4242577642296,0.358859952040384,1.80664321013599,0.424773807084285,-0.062550227694614,-0.827730768738852,-0.244905780639843,1.875267998398,-0.901563799502292,-2.12012584846926,-0.857762291771135,-0.856128916924919,1.77495898827274,-0.749018374577663,-0.544915252220428,0.911520687640636,0.423343492042502,-0.360855421054339,-0.166079461967447,0.259966186185919,0.807572917503555,0.120355119930827,-0.0950422789367118,1.02217596236021,1.06952440629871,-0.73118190605457,-1.22850286566333,0.190997283977135,1.01690630845505,-1.25937063649206,0.381926495620411,-1.31598261964438,0.266224863431012,-0.435093538463999,-1.69261880847134,1.9770623554101,0.904953185145761,0.461100410397463,-0.908173130945026,0.0576453231537616,-2.33660557186109
0.218573134039873,-0.138124144524369,-0.530206828823218,0.121117191870819,0.615308291273516,-0.0581275790643392,0.642185052475923,0.569815975193027,0.931070466380877,1.88745153317443,0.713618755504241,-1.39284683100342,-0.114370424656903,-0.372542371495965,0.658553350236685,0.353363319772166,-0.850346397604232,0.839040369090076,0.74593672263883,2.28904805051118,0.00255004797300513,-1.29198173612364,0.107967293498105,-0.319758026526268,-1.0030140062016,-0.775920633576701,-0.140380910467775,-0.232631835031107,-0.475619527521659,0.278402323457675,0.886460961748446,1.39725539911298,-2.21986459576086,-0.651691413216461,-0.118175539844052,0.393650803735456,-0.495052938533213,-1.0315839715838,0.825022840449117,-0.559382978212828,0.192407055985426,1.01465166953154,-0.436645123176916,0.926754498709878,-0.174227060775099,-0.266747829473404,-0.757406741234471,1.00550315378114,-0.909628938249729,-0.390623416963299
-0.193510045164217,-0.487739031097958,-0.870550324372469,0.125874765164885,-0.187443778058239,-0.288097357663205,0.515801117054249,-0.388704826225797,-0.193449309194505,0.41636861315604,-0.925157696927776,-2.2720990052622,-0.0540726301075047,-0.173629065571403,-0.762597639156327,0.0735496040671374,-0.721098533719675,1.59969671596159,1.33963612911148,1.89313932235657,0.20945578461005,-2.17927382932574,0.99175859197185,2.15350288887737,0.125241651062609,0.228651518111053,-0.896709839777432,1.24319999146244,1.02594985596923,0.626459001210972,-0.403146039855135,0.326948104281275,0.558324656463385,-3.85242743153455,0.839777998008568,0.38187088196463,0.641686892428595,-0.518178116718692,-0.424760796819058,0.842889979688065,0.236620585165031,0.0928545663639773,0.148416931580637,0.551077034241594,-0.721870058925586,0.108744308983465,0.0838818365329365,0.63237501659537,-0.291310639397387,0.694975745377444
-0.178663951251604,-0.716646316542768,-0.505164261014517,0.531853620426609,1.13022479280482,-0.420471861190568,0.588470533499426,-0.247182543233836,-0.369521598567381,0.773116422106909,0.340668226279634,-2.64003719661381,-0.312691088816724,0.135001900476554,-0.50298619787864,-0.615053296060153,-0.623583378088971,1.49558161395579,1.37458227728037,2.76468018944566,0.520808284164625,-2.4298329261482,0.637468709121297,1.76459656668569,-0.173355972953099,-0.072009994999825,-0.96015003359061,0.352440503604156,0.526422803922871,0.287860724565531,1.02385048970937,-0.455024788192914,-0.615133674907805,-2.68570284417402,0.940536974220392,-0.129474030847118,-0.276018887555882,-1.34527874280789,0.0392570813067748,-0.0303354333061055,-0.46714847608837,0.561941860627755,-0.564748585315304,1.25151389224521,-0.660308979124828,0.308623956740865,-0.2904016939081,1.37373406652335,0.148765413731392,0.422563862065116
0.111673808234526,0.927474180306329,1.0606853088094,-0.563239484459665,0.574059544827287,-1.17120925264202,0.297557703884632,-0.194991013243238,0.260411890890516,-1.84354260959912,2.04203837380961,3.06908531909979,0.450484328546952,1.04311625741508,0.168179369339027,-0.769875399873275,1.45093116742019,-1.17132635987617,-2.83132087315289,-1.66366852654913,0.79564211885314,2.6889710427323,-0.332808482623232,-0.644927920504964,1.1552285409397,-0.0835655356775917,-0.976026573147344,-0.256179380089568,0.941829819328715,-0.920628667908008,-0.323920842097895,-1.11662806956679,0.618250488601687,3.14676504314181,0.432988081948402,-0.261361837675879,-0.48201063143621,-1.13973048648889,0.20981430390755,-1.01377691356173,1.02624412388421,-0.644575131150538,-0.303833368857683,1.10181654668535,0.330489184382477,-0.923555348291508,0.841913310304406,-1.08487556698086,0.100814477939476,0.807505273858312
0.122083385868284,0.236683172966395,-1.041195642779,1.63003963847353,-1.15699998967215,0.145093358052506,0.4693345442256,-1.24746915776523,-0.0525577542047418,-0.339441381954693,-2.19888315234992,-0.673355274375008,-1.16648808662007,-0.493271105429831,-0.351620925633166,0.305285622820902,-0.509677600735866,0.952959409757233,0.459868204285964,0.510324409020801,-1.53426663457211,-0.67388886072304,0.579813034170083,0.923468605313,0.218922855299049,0.274943015064115,-0.0671514670926838,1.30699454808234,-0.706080367105803,1.86075726439858,0.198634170600648,-0.511472349796749,2.03426366169427,-3.14768008515216,-0.237689249889139,0.567227880124145,0.447901990356612,0.810216352147649,0.511775086732259,0.82785598337555,0.839513276222901,-0.481825660911146,0.773984912522325,-1.06018872763073,-0.228635328605207,0.290900207560999,-0.413218692453037,-0.36252168280569,-0.493113675728397,-0.0752422945329633
-0.400202737528113,0.130368087057962,-0.831947292504998,0.540595072234566,-1.3735486060001,0.496229041896206,0.031290876314647,-0.32591020611505,-0.0794487995008859,-0.280717645421254,-1.72314694507874,0.543363017370751,-0.592778520440028,-0.810018528482732,-0.499684138941028,0.806233537000305,0.0539393595551233,0.371686319109298,-0.129534544070764,-0.0437495623467624,-1.81584414778926,0.198298808232021,0.217832081787632,0.382762495535567,0.303335348770274,0.051827320711019,0.351091857482899,1.08526152034312,-1.07315614506537,1.30324057748173,-0.128791634661801,0.118018764429498,1.55351808406087,-1.08373114114335,-0.128420599289304,-0.171471433105351,0.189423500031227,1.63144228191397,-0.495347469157485,0.83243653458592,0.444583758741144,-0.424879980886164,0.777461860557544,-1.56965049775274,0.91718731866027,-0.210842521973948,0.306082501048775,-0.792951603903804,-0.307516142617156,-1.06072683308619
-0.970806341184553,0.901525098668268,0.285164771671294,-0.872496915008845,0.933091313090781,-0.73512424866482,-0.211572604659597,0.126400499371158,-0.0424301808116971,-1.09307315413634,1.90455674741831,3.18993243244158,1.17349649573037,0.655775171003374,-0.427949342667749,-1.05577782197967,1.92568217121048,-1.52246076106359,-2.93810834284969,-0.97430292821265,0.387588610559614,2.32288299619267,-0.779340145282791,-0.462379765281745,1.20214988939736,-0.283281475189774,-0.932566346222675,-0.12409659349474,1.07651225645248,-0.56638019309887,-0.0396128711879444,-0.362092854887952,0.672398117454814,2.50121676190756,-0.788431188337348,-0.649777001085289,-0.20031789352302,-0.239880816408643,-1.02740976654119,-0.517173540784835,-0.338495526671589,-0.137161545592099,-0.215380679811317,0.488554334735082,0.979592741775906,0.151764331353496,0.816030893356819,-0.963914777858511,-0.150437314551349,-0.716038528017955
0.074781438155576,-0.24711651241345,-0.606817032971488,0.331452352402451,0.346668344128577,-0.137869906873083,0.829717729038473,-0.0887166370318884,0.00937321838759087,-0.107808802107885,-0.439833768844209,-3.05606082911679,0.275672782084733,-0.0215998903026496,-0.0963902150261573,0.326472544031084,-0.375187879481229,1.56005572628784,1.19676338960035,2.65863612767202,-0.00192924446807859,-2.59110354463614,0.821482615465809,2.31419592904794,0.0807712137975576,-0.420830176030841,-1.00360731705312,0.43895759220533,0.694676824124696,0.215824219532089,0.843717976736222,-0.432570914614878,-0.218077351399489,-3.28552114154613,0.783409382212662,-0.0571667212533972,-0.0481309808049966,-0.577512786503549,-0.0371834485499023,0.151906053902951,0.125013383203533,0.556882554678814,-0.732589812915337,0.887303029572779,-0.9523939459993,0.406017151103195,0.272758778672317,0.820079486970914,0.139476584593635,0.717320109220792
-0.588987597266927,0.988381962123973,0.241730741850725,-0.138255362265896,0.386590289204936,-0.186826797506529,-0.556451945961615,1.19857848091401,-1.37442095289339,-0.822052739228417,1.24141961354215,2.38010596539563,1.80144808448207,0.925067024495402,-0.673201262744999,-0.311016514609393,2.16735182402233,-1.50743301562241,-2.54747092251168,-0.797494734673028,0.0247375685396307,2.25475828415228,-1.37147741923621,-0.913581584209112,0.758241572080664,0.392724367307688,-0.484551925410473,0.0512437012737161,0.161412780381074,0.278869712603831,0.172718408295259,0.199320138601958,1.17752439740282,2.479114608269,-0.752241325967836,-1.35927169668146,0.109226799239994,0.578662324399365,-1.39899602198122,-0.205220323191073,-1.32605581860603,0.144328660446528,-0.997894818117492,-1.3028882672649,1.67850234906965,0.621289228822515,1.17219234605465,-0.387609591379227,-0.0808526301356566,-1.61662360672746
-1.06824337464685,0.607188220127666,-0.0297123786367579,0.108485228820163,0.348807786327423,-0.631302921188326,-0.652638253428254,0.945291115771846,-0.678592787722136,-0.110797548371287,0.929719012061067,2.05718017546167,1.28909117987906,0.784298927220152,-0.758590128078551,-0.320989596021715,2.18364378124638,-1.32027045754229,-2.73346478064988,-1.20407079394371,-0.634618715564145,1.83787513304749,-0.742138457778826,-0.64583787147,0.434787488877761,0.853690055386909,-0.51443779390858,0.368412641489575,-0.456727511939446,-0.0375456752450125,0.373099770890163,0.0999756707107425,0.766631164592307,1.49894959935246,-1.09007553210201,-1.0987438577286,0.4594370551882,0.719866977955284,-1.89897348434601,-0.187575680944032,-1.25552822580396,0.0751171488626067,-0.719396917450074,-1.80247063666326,1.9403379892277,0.771368904966519,0.928595425102664,-0.651948679040043,-0.127427017166802,-2.41508092359025
-0.645292989351344,-0.195372635633813,-0.0100252337301303,0.712333011304625,-0.596648202611874,-0.0999455244838033,-0.21919054352472,-0.0359890967344438,-0.377889540623606,-0.375697981539121,-0.821355950544649,1.5188104312236,-0.456523401358512,-0.462623765383707,-0.365279864652531,0.0899117775485142,1.30445278310793,-0.102768203797798,-1.3113786762501,-0.267754724216282,-1.59054984724099,1.42654185523086,-0.0562365625238798,-0.186687115633542,0.979923170141766,0.691901931367363,0.196972403202268,0.466121519278004,-1.01631423848576,1.24890659628399,0.258530740267243,0.633989681453061,1.74419871425164,-0.528268139586195,-0.931871023231539,-0.301744170617163,0.674085801016881,0.726743063288323,-0.756667426873019,0.507761296309565,-0.0285493135562288,-0.0765491084197766,0.462990206775067,-1.52308458403231,1.24794530615595,0.303060440449572,-0.0610153079325738,-0.958998162709226,-0.36373566159031,-1.71721720923827
-0.499530130065169,-0.884009137955367,-0.509847749782285,0.265124962796074,0.152198943364122,0.165663827362556,0.0380911349876473,0.309322092693207,0.238742374718901,1.58476099565056,0.489313394204029,-0.741323422021963,-0.0751232884650891,-0.108169775452609,0.381073975940205,0.283371668710552,-0.983200988261389,0.75514647095092,1.12015027385685,2.01576020421275,0.270569366302036,-1.06554529208757,0.0436387510992325,0.000824347776476577,-0.818672677775754,-0.529556759865209,0.269866923941512,0.281831055489052,-1.23734563619878,0.175165235860075,0.745290379100162,0.960712571880914,-2.37229232160396,-0.786527328660741,-0.112931366779733,0.232564181891666,-0.983182050968493,-0.160295397923394,0.819839321958614,-0.414861909277595,-0.0192202386408048,1.17793775517813,-0.293622683380983,0.949624287633018,-0.784561482378136,-0.310298129606537,-0.600492231269132,1.29052902770634,-0.223712629316646,-0.982342066141349
0.0599688908542331,-1.05904931291079,-0.951403425288622,-0.619756848453428,-0.0813606548746419,0.195639967960975,-0.13508708079618,-0.0392011521834405,0.946817773227933,2.13947967094183,0.364004674831407,-0.618258301352723,0.0724691764110058,-0.171463466604463,0.447436075058862,1.00369393309018,-1.20653461131872,1.08152549131415,0.476337962677576,0.615934640066065,-0.520075310018413,-0.336338274494407,0.207944551244853,-1.21934457028924,-0.876099355850276,-0.737861224319712,0.7766768456031,0.249336305282815,-1.64724908852919,0.452373743294571,0.449197020097851,0.963693067220812,-1.98019977647872,0.47697020720734,-0.468107331323772,0.0352905715476333,-1.11222125866084,0.291885385761386,0.214481402549139,-0.727824297558433,0.35872972188326,1.10859893961478,0.666334836956176,0.785983254265546,0.114255373866696,-0.161942311441354,-0.951503773130728,0.959127529784103,0.129381852178938,-0.564798036630308
-0.696817978283097,0.260377106396155,-0.424396578034108,1.04679471864196,-0.514221325575864,-0.568041157809713,-0.810121722651095,0.448103163988022,-0.952069482959043,-0.4774079722619,-0.139234152485651,1.47019948969002,0.33099863916597,0.0712104407057995,-0.563227451982656,0.0763086659837572,1.56523273824679,0.0336033524191431,-1.8660190093769,-0.575926443837714,-1.10006253639722,1.24018770549732,-0.432537559281056,-0.552056496779188,0.311290983592078,0.445838979308103,-0.0291124627158258,0.558348824027171,-0.523431717737897,0.602087637505633,0.196145580808075,0.683825034517659,1.459979924822,0.841063028348057,-1.15567888454684,-0.81032079863236,0.294762147168852,1.06658087537508,-1.1433924456302,0.744517163885624,-0.879082800243813,-0.392177559663013,-0.100329280944959,-1.91768961827323,1.05731690989254,0.516488199249823,0.139330267306321,-0.883794776680403,-0.171459174914853,-2.23245127908974
0.139082533283634,-0.578295739966292,-0.259737177017135,0.172863761104995,0.470656676881632,-0.77168167694415,0.316183182778221,-0.512662810554665,-0.0636833398638477,0.430205996521783,-0.30635685031689,-2.75151620359688,-0.324431578781265,-0.199581621180028,-0.715757376524886,0.389092589134107,-0.763806290531796,2.09122925839885,1.49362685715033,2.46187942304837,0.00386647563139861,-2.53997553768212,1.00566598918509,2.17254543514028,0.186604458178886,-0.162318366575118,-0.74551125575542,0.518836222914082,0.882398556517215,0.425687317320948,0.794107624194695,-0.604996968968432,0.4776429171404,-3.34335302189342,1.25394650407129,0.178642109399641,0.61487960325666,-0.60149680653938,-0.897470226834554,0.695568023595248,0.238143849528726,-0.378812222182482,-0.54468367680182,1.13809529400232,-1.21146787020996,0.00802058725830138,0.0125623657019674,1.17277981119383,0.172515442480608,0.769418788385392
0.267215032834372,-1.87589108044872,1.40669284851387,-0.892358676621664,-3.31990345712215,1.42930391736759,-1.59308838707137,-1.02588490111272,0.503542390006341,1.50345437619335,0.214568249658575,-0.858457496570953,0.720117745442263,-1.56269631499968,-0.565892368594986,2.21444838007359,-2.37007394282232,0.711195771088044,1.85764948209355,-3.80556476508489,-1.760730526883,-0.815272834554255,1.78912958358133,-1.57372648463263,-1.42351271310623,0.449319444737019,1.28370771519621,0.749973747219221,-0.966876518175339,0.780639896424121,-0.357489303575552,0.0629788643322094,1.26530739965159,0.762567291836717,-2.31428615780664,-1.27037112930241,-0.948355719666743,3.56252040696099,-1.45021305063919,-0.355097093744827,-0.947750736107275,1.57985032032407,2.60458699687549,1.57213393556851,0.706506121470011,1.1926865800729,-1.27979449959162,0.650513637520808,3.26222731854819,2.00867396324361
-0.143638723616197,-0.879449396498254,-1.05392027883448,-0.0533335723780715,0.591442367963536,-0.572451937701794,0.943562164893043,0.0192831033924,0.289977609359246,1.45946638063839,0.269106164708456,-1.87618403018535,-0.113542797485755,0.0116731705882305,0.453242380292422,0.244631547108618,-0.34923280747477,1.07181994067603,0.881747098191887,2.97364663466997,-0.144317116057885,-1.44461607224555,0.0220932569046447,0.290716850624639,-0.838779410797199,-0.496675635081574,-0.636976408207176,-0.399444058125096,-0.57268691268453,0.0639069448988805,0.464003448967351,0.453861419348274,-1.83317988028459,-1.74772763950452,0.382447740370456,-0.240187038512588,-0.632132423288146,-0.743255477141812,0.48025235446511,-0.238199017202488,0.0873575649135673,0.929594092168432,-0.71884712717027,1.22476174628805,-0.709749835697402,-0.167890961969394,-0.604134696754928,1.10615623797666,-0.232813640563777,-0.35881711416529
-0.776148484442558,0.154384319869968,-1.09968559571825,0.763845292880922,-0.93118858625305,0.282601718047128,-0.226720613864382,-0.138604917781554,-0.256111027822957,-0.0267912399712568,-1.0555438881775,0.653693211321977,-0.535661371457494,-0.205800652814985,-0.412150633137461,0.157776014338994,0.524143790466444,-0.114060739227884,-0.40107203819171,-0.473761853743221,-1.01764863045781,0.926887650818916,0.324169496533635,-0.0165729656972679,0.423110540739174,0.24146589578424,0.00932448843349566,1.12309955133644,-0.456033902938209,1.47632655566154,0.118846663859976,0.117805839689957,1.87682496193206,-0.924437723082785,-0.476680873913889,-0.46739411313533,0.544617901127915,1.40866987560991,-0.323388192439771,0.465997517813824,-0.067921448976052,-0.975773510685496,0.451863136021414,-2.18059930869988,1.00638808576889,-0.34427616971526,-0.0216448430042374,-1.00291221711439,-0.656188970765375,-1.36183084047701
-0.766911508652485,0.0310560517620428,-1.04497792386349,0.956194648783588,-0.647790589503616,-0.506749667473845,-0.372488736811766,-0.463581193869518,-0.473647574031356,-0.310928457642667,-0.989819216714299,1.04561698575043,-0.818714680890111,-0.482163901467,-0.517204112806977,-0.106232574511691,0.572559050933651,-0.382826439851678,-1.42715075737072,-0.59467295945238,-1.23621580188852,0.801627309924682,0.0528096970958805,-0.0813581022466945,-0.0584582111606395,1.20919677424204,0.344583861690345,0.369524110285222,-0.665788673823288,1.76288041086695,-0.140180305987159,-0.0574116231987072,1.55196263069992,-0.943906264900717,-0.414982996273483,-0.457681535995929,0.260840212814628,1.48126518973476,-0.674867511831235,0.73420439487394,-0.157515503707335,-0.792487771600001,0.246190022229051,-2.26230968401832,1.31787256156279,0.121585947528399,-0.205911145041266,-0.827505144279479,-0.139154751840099,-1.4696294203869
1.0671625105966,1.2662889947528,2.1985650300418,-0.494805489758525,-0.491738170411419,2.91271014968514,0.655798423461911,-0.521872269740114,0.386505803950437,-0.673907008649788,-0.298721518041715,-3.62548948388824,0.487437055757227,0.283546891622211,1.21854046419189,-0.39278722377279,-0.805066001276811,-0.723470612499584,0.574432042319574,-1.55244423227087,1.04616590060176,-1.20293586442958,-0.0566368631791868,0.467996757433471,-1.60381807758167,-0.959302488766746,2.75453764078097,-2.20811887036495,0.636225694378194,-2.72566476752348,-0.178940304306101,-1.77850781770807,-0.689238275284813,0.778712220599693,0.613888204571618,1.23786199632727,0.595214373263607,-0.48218921431619,2.64080953749842,-0.12844558755959,0.194356365967444,0.575951871436871,1.05408218518867,-1.9838485474934,0.436604780400345,1.85828120401401,1.77939521368642,0.309512986796704,-0.347753724565941,-0.00308380412207689
0.728725966524992,0.602106624692968,1.36689959467284,-0.826007971544132,1.33691632225376,-0.482647612859291,-0.191975815721901,0.102043525006592,-0.148550870919031,-1.54240585083016,-0.0294236401461516,0.556026858607303,-0.260861336834398,0.30815996851581,0.795988539933322,-0.755560107921494,-0.35032178612891,-1.12152568361604,1.48786681079068,-1.45106982309568,2.45587379399454,-0.328444329138188,-1.03357878839518,-0.643184739840197,-1.14226458699218,0.400234308117611,0.393944193757567,-1.68208754461388,0.777937930876011,-2.08694234206979,-1.23554972678561,0.0423814270998771,-1.18970964545469,2.92986304910852,1.03380752027334,1.02210208519129,-0.161940886965249,-1.02937726612248,0.670476713991737,-0.600626847196681,0.342815703873845,-1.49602944295239,-0.638454983059837,0.237615181633372,-1.6683477209795,-0.912170209558872,0.128384176494643,0.585536496552941,0.390292857648647,1.70723020336836
0.590813835864892,0.914205857230137,0.854873203305723,-0.882823877587977,1.16500579222891,-1.0924935269145,-0.0283386139369247,-0.108851186625289,-0.0481650377758355,-1.45212472441813,1.06886623638431,1.72000483564277,-0.207165945666707,0.543818594128455,0.573197843062377,-1.08694949587606,-0.0382192948800099,-0.949058762110589,0.134201439187714,-0.853478146474524,2.16585633029384,1.7617444992697,-0.671362434979392,-0.234147377359514,0.487353667622305,0.244994214883393,-0.0382174809163416,-0.958508866046621,1.43963397760105,-1.54844616104734,-1.0742333804918,-0.0436735998217037,-0.83249669658797,3.05261402955308,0.455307020704466,0.946491112069243,0.104130697508147,-0.905547761461159,0.859058588332315,-0.941594470131661,0.266752785133061,-1.90827175098692,-0.412842288212697,1.20243653651072,-2.06764853548857,-1.07881305997129,-0.133670059758081,-0.169792438434542,0.314302317563311,1.84344983517229
-0.0140864860575956,-0.760184673601285,-0.472950591264059,-0.633722332880685,-0.0300954833972689,0.148004312029508,-0.0066667742504955,0.64560382232702,0.280412579053821,2.02092018573584,0.403628931127251,-1.24330615835728,-0.11946332703169,0.165747743959879,0.800470760880708,0.738821920028507,-0.800951332526734,0.437814353933381,1.18464354227252,1.93245648664664,-0.176239617721437,-1.12088620132029,-0.251480520928932,-0.678589846040338,-0.910146470320695,-0.656621303917685,-0.189084722397363,0.00825950546854624,-1.18470348142048,-0.156631754715744,0.631283156229768,1.14485733104363,-2.56489228523319,-0.954399223091303,-0.066452746625147,0.840723168026514,-0.982795137296971,-0.895634650432533,0.5884004949781,-0.913454601922431,0.121941808008578,0.806517094818377,-0.804159890204786,1.42091546904918,0.0513703527945692,0.0539395224315018,-0.600549470771021,1.95237068597971,-0.113670545338039,-0.459057652738995
-0.576266995197405,0.0490244930433289,-0.719777609717885,1.43032426303272,-1.50711932625094,-0.0855327576599793,-0.267119092906598,-0.210479100306723,-0.751127888105315,-0.282975478909129,-1.63074119302298,1.00921848624909,-1.12604207389677,-0.57718290806746,-0.512120012611985,0.658022091038037,0.235972974639886,0.0701116877190788,-0.704416579571297,-0.110864419252981,-1.64161036729858,0.377897986999262,0.35595547736839,-0.121482268317303,0.555096612529007,0.401552309949871,0.362346961953929,1.36504313552612,-0.970977237423789,1.75148849138677,-0.366972911065408,-0.45325568454901,2.1249255910425,-1.57479029192343,-0.527764328248028,0.27922336085261,0.372199058834855,1.33607395215258,-0.189482560859968,1.0091655857067,0.855833739812518,-0.447367127613473,0.70490207406802,-1.40521467240387,0.733377825160394,-0.0864026739688285,0.00925513074670821,-0.66949927488701,-0.281846012460949,-1.0363139161837
-0.852383509283465,0.460665018284915,-0.259807451434306,0.679483926793496,-0.719043919659917,-0.016941429891579,-0.0106218648334592,-0.00608420144694411,-0.40682267864348,-0.518333632346971,-1.47437564562512,1.06896934780135,-0.203044170910248,-0.35604550087784,-1.08505704979665,-0.0551141955815506,0.73886750753993,-0.255474385598729,-0.793788649881626,-0.0349985744719792,-1.14458199037414,0.959495805081781,-0.203079574281356,0.0217512101173213,0.504272720936978,0.330898598733412,0.140427844308123,0.654779246937493,-0.690555960639364,1.45832161264837,0.0797171206792528,0.263950515696574,1.35696396217361,-1.19619643152515,-0.896825432220342,-0.587864784659263,0.14829895034044,1.13415456844673,-0.819414523908635,1.23998426005276,-0.313304043452746,-0.316447083285617,0.607940078045445,-2.4920268071976,1.36965065447712,0.112312239468734,-0.345682341174342,-1.03766784905189,-0.509558269175668,-1.63812686296135
1.2029782734851,0.930893649010725,1.27505537858934,-0.425123679522083,1.25854175802466,0.118321096160746,-0.0150631816573112,0.234550291105017,-0.60813973678044,-0.949294677024112,-0.366222165045666,-0.0067101851728911,-0.301876687314079,0.0817864336415491,0.282228663001031,-0.587021385136377,-0.466295353243783,-1.39210911515672,1.54127715815038,-1.58612951650084,2.17984768963351,-0.581578567836695,-0.778770513593782,-0.313363347393929,-1.18760455316558,0.380535623754807,0.963400032850652,-1.86937732743925,0.504941056630477,-1.94641349231054,-1.11164093139705,0.186923840248096,-1.08997281557992,2.27938378504092,0.426669932439366,1.10704175262148,0.373241854691517,-0.149655095718012,1.51538015698822,-0.898042599708641,-0.160336027706568,-1.4077851744014,-0.424706582925394,0.407878691027363,-1.83218879256105,-0.918749766548324,0.421674448757587,0.255365474727178,-0.273607688230577,1.9710278480589
