"V1","V2","V3","V4","V5","V6","V7","V8","V9","V10","V11","V12","V13","V14","V15","V16","V17","V18","V19","V20","V21","V22","V23","V24","V25","V26","V27","V28","V29","V30","V31","V32","V33","V34","V35","V36","V37","V38","V39","V40","V41","V42","V43","V44","V45","V46","V47","V48","V49","V50"
-0.711958001452566,-0.526514957426541,0.612223526672691,-0.591082795580281,-0.434023722756606,0.196516590110289,0.679593766683611,1.54674645836947,0.681656412545491,-0.846374255865794,0.528571335087382,0.335612003101208,1.42183070972689,-0.148905494525143,-2.5500841258479,-0.885686691281172,-0.496569799554831,0.395412879778028,0.106503781052769,-0.41270654253897,0.821774449840116,-0.333714790045139,-0.417151433292367,0.489432559430566,0.663008361440958,0.0703849831556856,-0.351630956183865,-0.127620989850464,-0.460326687959321,1.34746166974656,-1.58603422194943,-0.922412725126216,-0.233804641998428,3.11431898876229,0.137824348992852,0.735693300895412,0.229732442426808,-1.06113152715744,-1.24157412022419,-0.585077190642787,-0.495946811407314,-1.36100226062185,-1.69164611043911,0.63232008090151,-1.09515183878514,1.267825749785,-0.106653653720438,-0.931505164297165,1.7023507941292,0.0653323019670475
-0.841536593756391,0.65638665780073,0.0816353311707699,0.639003505886982,0.643540601726397,-0.385726416016327,1.4188153897817,1.12660981834537,-0.0156891443251806,-0.945729499340094,0.406607223996898,0.460599211239841,1.79712621280713,-0.835084991728154,-1.24810252353099,-0.354168735245144,-1.27717293850769,0.461862583897044,0.110566474278795,1.36255765905329,0.416796851133001,0.084121072801782,0.248330942535602,0.389369676120618,-0.736593535794934,0.343488113048311,1.26327265658204,-0.576975357412569,-0.488944518060263,1.15044334710851,-0.525566123129129,0.263520232131094,0.61203304359675,1.45433687401162,-0.498545364940121,1.70066605186629,-1.41141205338277,0.0514622289894803,-1.26431648985554,0.108423624159963,-1.53009530604363,0.0493557882824715,-0.939493532656496,0.338163963358977,-0.0718588151899389,-0.742991087999386,0.0414009893346692,-0.462623669459098,1.8151168963295,-0.253427840062667
0.153775087679932,0.0126235402931094,-0.563582683694807,1.96999562088245,-0.0770271193149805,1.49802205299505,-0.787877678364222,-0.328946302913119,0.828691707399558,-0.680924304394912,-0.0395985939745607,-0.744418009471798,-0.0886006110551135,1.0454008131032,1.89502290084082,-1.39731996085428,-0.538517820194823,0.403205106219614,-2.60796943478308,-1.13491761080929,-0.834936408712998,0.161212229695762,0.825709995530384,1.4384768425368,-1.32480577218634,-0.872460965147512,-0.208348747893634,0.600418109423142,-0.399710993612302,-1.46725138439971,1.23307889081077,0.402428077773124,-0.976295912847302,0.0925979576013501,1.39911922177863,-0.0049594716816935,-0.0831268912900555,2.02782887932425,1.34877601778317,0.767364648584654,0.657996172085835,-0.883050807723094,0.415073850628782,-0.78010370135535,-0.355746307235425,0.0245976047221323,-0.499161118771307,0.681733196118104,-0.170778720144196,-1.37838284591027
0.437742267928512,0.682541285899043,-1.0534051065251,1.60500705016654,-0.387833261306355,1.58829659608014,-1.05163621245834,-0.409527527245687,1.2757769493795,-0.123088196051434,-0.0371741057289164,-0.428391214764543,0.17362067719914,1.48663824818183,2.07922742492479,-1.68359520997131,-0.518272425655526,-0.244594613054724,-1.79158071406336,-1.03704439655325,-0.834772912958808,-0.235067460267489,0.628398663377739,0.86398002814141,-0.468378439161364,-1.26467415384641,-0.411242630957905,0.286039781146158,-0.0968487101880593,-1.27294457425026,0.961497037389292,0.645286082679944,-1.38633509578537,-0.2513887197584,1.45451034078225,-0.595131782807779,-0.371005759796744,2.69519832870447,1.4213747496845,0.689177686388732,0.374963107927532,-0.995386749564304,0.87016888959356,-0.989922367082424,-0.762353977015715,0.481917201952475,-0.253813246927006,0.839892124863308,-0.637952202273859,-1.58251112787274
1.33118420094492,0.208876774126495,-1.27281230153974,0.844555340142872,-0.620391011261738,1.22862110275279,-1.75993299209033,0.336597153201196,1.05920251850668,0.53391325067732,-0.0699329571939405,-0.543935087861233,0.806157625491022,1.70434583476354,0.274880884007336,-2.27509666590313,-0.338196242425476,-2.56868221923802,-1.11654668089943,-0.591539960252833,0.0969853491744808,0.14638075750938,0.271640488177085,0.6953296730922,-0.989701010926073,-1.66007834731964,-0.0244576238732723,0.473853870548892,-0.207012252566066,-1.34376716423812,1.82795454110156,1.43573384350602,-0.925336927295444,-1.58910302189323,1.84050207898627,-0.669292464718824,-0.288182675913094,2.35510755458141,0.264008398227749,-0.707664985785751,0.176019474216806,-1.74365685369202,0.770298409311476,0.0871368007221822,1.07260137966652,0.448006253222534,-0.680644411387064,1.22570233255757,-0.0944626230399369,-1.49355726713355
-0.552113706011385,-0.0368295127307184,0.470538805901023,0.145146209260358,0.0419529372515013,-0.588632671874555,0.857732996669212,2.05784548628948,0.124391708011423,-0.465460082116985,0.2017681850742,0.767729693176376,1.0766902482911,-0.358612273620561,-1.70992495776956,-0.755344284552937,-0.592995854594945,0.183783313933458,-0.0347458836497527,0.280338433699859,0.666647200488062,-0.436033013928379,-0.608299953680904,0.430397743020736,0.876860013602026,0.475048967901509,0.337419419557085,-0.286824575279996,-0.57388145897735,1.6229223536822,-1.27833225651037,-0.306338645405798,0.561270593883687,2.42766008750501,0.318478394520737,1.10232924384977,-0.500643011227936,-0.94433773832019,-1.67145461508852,-0.48434569715632,-0.521087330119245,-0.520077782092568,-1.47203339210733,0.644968602420577,-0.442062349584631,0.167779462108802,-0.234323412385091,-0.991579607982908,1.81411986628996,0.00188444784222123
0.62165479592233,0.13815263768376,-0.618722075226704,2.20099189296829,-0.137003288870764,1.88374490561388,-1.27634173184606,0.0740877250727472,1.29547732817706,-0.43620630680688,-0.00950808761826701,-1.00258047685173,0.0192982978452463,0.992720512223541,1.63613931831025,-1.60029814487499,-0.82889412749874,0.0696400956273868,-2.2264454870286,-1.11197641196289,-0.698281617806755,-0.132964892682628,0.776487266536388,0.907292299806827,-0.908568821779502,-1.36181599014021,-0.788373845443499,-0.0692546555504772,-0.594845300977028,-1.76373411234553,1.64670466993776,0.43283487986819,-1.26167634447092,-0.21784309471302,1.53213414390235,-0.311756597098524,-0.287532861569295,2.19782290279579,1.13154466376732,0.931093411772962,0.103129843110792,-0.799180960701582,0.92189232635217,-0.962908839557912,-0.978264815145462,0.227257989487592,-0.302674396156301,0.386758454526349,-0.551159074530468,-1.20592717160082
-0.15766537376484,0.537900847897072,-0.467832776955253,1.311303094146,-0.486311785876862,-0.465022242919049,-0.0303033558665629,-0.885619581628733,-0.839298608592248,-0.221189781435952,0.454322391718825,0.0486868694651447,0.866546921549457,0.675338666580891,-0.392661700614099,0.303640103731225,-1.38799424097936,0.167387114821308,1.7968191199462,1.31153918690413,-0.105734585943371,-0.334718106031741,0.129582918560446,-0.680640422537154,-0.992225404260213,0.517297962456952,0.61041628692582,0.35657122341109,0.503836103053807,1.39508402402528,0.535530879400261,0.918115238321091,0.469205654889153,-1.33555267566115,-0.736914011050056,1.22524543462853,-0.503459439474138,-0.678696952010542,0.109277168553002,0.43573860380018,-1.02253164944599,0.541172661806959,0.216059778723848,0.427205621153635,0.995255980134779,-1.37726485089764,0.577580985934647,0.53101780283079,0.654889806924209,-1.53427509463587
0.798754073359299,0.563698388858184,-1.46199368022841,1.75348507415971,-1.12790794784723,1.62359941069033,-1.71783969677481,0.302180730434134,1.14628659037328,0.12000874812495,-0.258575848606484,-0.987358739036389,0.332691084953924,1.74942559493091,0.674995313059036,-2.65289536243677,-1.18440985262609,-1.54034934618934,-1.22595644577454,-1.54268345648635,0.0416749780356983,0.417981521780325,-0.067252572503411,1.57477860558363,-1.14269184672384,-1.48210542293215,-0.822431518056352,0.235372530390126,-0.455963319483952,-0.832704585732016,1.98874507986318,1.69766284439851,-1.24693656339649,-1.1918503801508,1.88016419730824,-0.066707047597306,-0.195082871392349,2.73970908384628,0.721359377918645,-0.145055210128284,-0.0106806866454596,-1.49565615183074,0.841141792576523,-0.710207086631321,0.383377965414691,-0.195218572288453,0.139108447601155,1.60418840406241,-0.432865299774345,-1.92671768468666
0.689908267312031,-0.0522163920551431,-2.01808165183535,-0.763187264630697,-1.17095037479561,0.148084019452226,-1.49862644505814,0.575752924850626,0.76862503842977,0.971638814785754,0.716832628710117,0.880143000782554,0.86206838314182,2.02729718323674,0.108443862361306,-1.75405868366942,0.166344786078436,-4.16493690385365,-0.671029141516986,-0.709202125765803,0.694466672715699,0.426360597273183,-0.137943517977595,-0.389209223819898,-0.090282653485882,-1.32474710653744,-1.15067378277156,-0.152513961022925,-0.767661839492823,-1.82737976755798,2.22456076054239,1.82626472500762,-0.524429687853266,-3.4346662636966,1.28606142833977,0.10484022388159,-0.418339056930686,2.83974624754535,-0.0998060369007826,-2.05176586663266,0.543778141996608,-2.05367064852585,-0.227132674049288,0.968847930492325,1.48717048260552,1.65060931096542,-0.932223760362659,1.84345605901973,-0.935040473389672,-0.306055532179443
-0.551090935503984,-0.305623501385096,1.06095508604659,-0.888076608537003,-0.27103662946993,-0.397189526462013,0.966355729505436,1.36901017284095,0.851268865233794,-0.308378692293672,0.642680411295051,1.05464205649363,1.17511157588968,0.306485887701231,-1.75333319904558,-1.28332689202201,-0.705346085771009,0.252897305990482,-0.269307483693678,-0.791756145090048,0.670267152129106,-0.0452676642898403,-0.567829830494649,0.480817524734376,1.30354191512768,0.036937334835858,-0.580104358325778,-0.277893116045902,-0.690925388275542,0.753987888300255,-2.06365173531544,-1.36318559139951,0.285306514807632,2.63126962391032,0.0816755812419401,0.552764192013504,0.726916209139274,-0.855278534379907,-1.49289763345988,-1.23281910335402,-0.167472493503257,-2.24032199063393,-1.45555525787252,-0.0920141638067977,-1.02801992497719,0.613757917015361,-0.0725237673265297,-1.4389610764451,1.3597547128402,0.277590908303946
1.19317360619755,0.220035742449593,-1.5681664700943,0.749540176877818,-1.30937248783583,1.08771249594861,-1.87750620156027,0.19448551370098,1.0327867671044,0.0888495190936485,0.443737498123844,-0.281357800786717,0.835533486583382,2.0845567456601,0.898955566505465,-2.71063115454643,0.0133040394143359,-2.40654833203293,-1.22984623508894,-0.730856046946217,0.0592586731148124,0.178679616480513,-0.0149711979657132,0.796199389674319,-1.15997356458669,-1.35884727725879,-0.524852406638519,0.724248063207898,-0.803612003737344,-1.13135659754424,1.85822192084856,1.23874200043357,-1.0186194511153,-1.75820672708734,2.00077599407292,-0.135408148805528,-0.317452510728077,2.68814074081608,0.200681384807858,-0.617618419914342,0.106575616649247,-1.58220467784228,0.465385490864552,-0.174907570967547,0.996420425316761,0.99280754890206,-0.426268554893725,1.19455429413659,-0.260754987981087,-1.58195064796277
-1.78654474644201,0.962615252683474,0.00846888637943777,0.902371244998302,0.858341836715308,0.263999880853819,0.7347848593659,1.28244230591981,-0.0861488147450532,-1.05209619187928,0.626955216468214,0.674991909186555,2.13045640393419,-0.676983528200219,-1.26607575813417,-0.0656501977500151,-1.43549905061059,0.137440802927632,0.372422229023276,1.26216703520476,0.0866744893295452,-0.239893920577723,0.250823625785625,0.341286561094009,-0.684176262228134,0.175224089818401,0.610158636592137,-0.507581851677427,0.200232180490571,1.46337862538336,-0.753019594040279,0.375127257465806,0.643194348044095,2.08496758624635,-0.529588729737286,1.79860515563029,-1.54450593362122,-0.257227555991686,-0.9461022763469,0.199414104447901,-1.35961747441108,0.409024176876679,-0.933021638117413,0.257581397337432,0.0988131087605421,-0.443181573291675,-0.0950534234373388,-0.442294814019961,1.88983379843659,0.207286415837907
1.54556623104381,-0.495962600353566,0.671472772612064,-0.914400441177936,-0.802239202440433,-0.902743532532192,-1.14637179168513,-0.618093750039039,-0.388721178033893,0.406749148437761,-0.963450249173813,-0.595487772064032,-2.23662330936415,-0.33898205787628,-0.491830438338158,0.626953963286626,1.86684942967248,-0.313813875428914,1.49889261720629,0.250678342623378,0.0453793528457,0.237227628332963,-0.774595970225584,-0.593122183849409,0.501849816856618,-0.372284628085224,-0.28129168474945,0.116266440785865,0.122565193135254,-0.117707426640278,-0.0279785730570662,-0.834554070718722,-0.263330900848534,-1.36126205050237,-0.322933388426735,-1.16356968596599,0.674385702067611,-1.20099895484606,0.953247749881795,-0.127110786822087,0.146144843585855,0.850392551055418,0.929640343802653,0.115083750232455,0.305364179527289,-0.141107755184027,0.510140333892689,0.767332521996181,-1.46637604592095,0.246493256141682
0.478783107482892,0.331832363785894,-0.770301346482299,1.55063692100454,0.0652331381049908,1.69111564544247,-0.977689398870386,-0.233811919879438,1.11508916667935,-0.244319868187124,-0.616338426546129,-0.911754268856286,0.333928437866109,1.24562347189045,1.70828585225727,-1.76753710263785,-0.466558572284712,-0.0955381752704825,-2.2879238246204,-0.791437120196093,-1.23038985706916,0.0177001591563441,0.506316509839282,1.64079147025616,-1.13811595549653,-1.41671658991025,-0.471423294991199,0.561831411694647,-0.533640143477385,-1.21536894416123,1.64524260234328,1.15280368295301,-0.81759988064737,0.0218730442860628,1.37492928068295,-0.28135437902981,-0.0157920877250665,2.05420217279475,0.862621089308009,0.703880537633206,0.849656228891868,-0.942131908800609,0.548170556469638,-0.710790693115862,-0.276763643660601,0.239022100003401,-0.720728179934566,0.988322985980656,-0.313730832590523,-1.28274076797681
-0.805150487492259,0.0978603510231985,0.704177432925834,-0.0960013757936152,-0.539082430646707,-0.719108326304444,1.32919461904238,1.88965441227923,0.515336667649163,-0.62816423331466,0.348574797085329,1.09874638680493,1.06047124709455,-0.866312475042778,-1.56497620303596,-0.349394386492128,-0.393527901716712,0.456418582082482,0.315286278512354,0.854888851602181,0.0521721471445837,-0.796116852293785,-0.0503522637111453,0.138236183513356,0.894128952150607,0.16077458823336,0.0774625475108161,-0.602322084595685,-0.504112386351736,1.29101314487623,-1.66199039399745,-0.296636401690154,0.590637341164447,2.57646337027296,0.10076645705647,1.43536147675337,-0.461083579368111,-0.54741238104759,-1.32973592566544,-0.0927937495552069,-0.984917543128848,-0.958650056429688,-1.19229134201828,0.344017873703156,-0.748711607359167,0.483922613343584,-0.0411066174793742,-1.24142102164549,1.65327569956356,-0.184617392067791
0.813676431787006,-0.662977277222024,-2.68500917098941,-1.37256105858738,-1.69610219854324,-0.896612410971082,-1.79050928968322,0.58253445596226,-0.0129054473186972,1.88670079136854,1.20986305356705,1.7953055822949,0.597349712867956,2.191076675317,-0.606701417491817,-1.77593704832282,0.906553093952676,-4.7836439473782,-0.63851171466668,-0.306287008842646,1.50080816180113,1.07859528462749,-0.533729362624329,-0.42177952771062,0.553838411274861,-1.02430183087036,-0.977694037458391,-0.0897017175224814,-0.386887878931587,-1.34286725247086,2.19880047096746,1.82301854271127,-0.00941404000448148,-3.04780451825637,1.91914186652077,0.17203441435014,0.273190747464037,2.55664257602676,-0.527699245023241,-1.98021614408237,0.421176351592133,-2.27731967310339,-0.25029745669298,1.13403206921429,2.25182402843381,2.50781856091808,-1.33231245192083,1.21366178811661,-1.06019692303434,0.313601754350746
0.804095245082693,-0.700892008448991,1.10877308880856,-2.67033405955415,-0.148077371283623,0.358736219797426,-0.79472457564103,0.561794937214937,-0.293182754437862,1.36503386834553,-1.39280797405107,-0.914444350891016,-3.17041874963185,-1.47462100970942,1.2639808745073,0.687046400385306,2.19713111815225,0.65466143598931,-0.585000906139323,-0.504620139349407,-0.578934811342468,-0.559429196914104,-0.23745510243613,-0.825423929081823,0.846581658911888,0.629257832533636,-1.1099953794135,0.431240688808038,0.129500485431475,-1.93121321256314,-0.504907451254099,-1.36857950034373,0.235389368213196,0.086906008614948,-0.682565906345834,-1.96444503462096,0.88873347628821,-0.887943849596489,0.457503959238608,-0.0848745225695044,0.738784363855354,1.30584898191434,0.947720126006955,-0.28217878100345,-0.729512506146662,-0.0797958006057352,0.105069058284767,-0.910612612351145,-1.25745606573847,2.45248923347378
1.4103740303219,-0.000219786421001289,0.761002692098126,-1.24060680683114,-0.750599384649582,-0.370534752490398,-1.37707230109019,-0.360650718675892,-0.190829699987756,0.972147206277715,-1.33390260032412,-0.599504072571171,-2.44548732831236,-0.313091932535848,0.175112980710678,0.184821308531527,1.75653747853443,0.124434333052477,1.00552505162012,-0.243403306475345,-0.63363102262612,-0.181767761844868,-0.575561821475423,-0.378321471689336,0.428286663654363,0.424348811474624,-0.30647989783902,0.833311025056813,0.850255357479458,-0.522960062776137,-0.105633177488715,-0.589456223695444,-0.297150009438012,-1.22558694647285,-0.28101080901798,-1.3973216641998,0.220315740840393,-1.28472726123614,0.235186079898862,-0.0847947300150842,0.985292886079746,1.11278822950533,1.07168993230193,0.0928052481489945,0.0605230386827221,-0.283886631759862,0.0819575027740848,0.328595190192438,-1.34534038407401,0.801385193779559
0.550799248380685,-0.0286084913880009,0.313727698750997,1.13918837138492,-1.12878017320034,-0.999750794472305,-0.950922021589249,-1.57404505492513,-0.68862890391591,0.169861023979922,-0.595543054984293,-0.449346658887534,-0.130791293556111,1.21122063180812,-0.484394197804412,0.459490381275725,0.304526439452392,0.138649585597303,2.11702454751625,0.383467088277013,0.236041899139631,-0.133995839154502,-0.0580377840642267,-0.409667230295777,-0.534520884958192,0.228717540589285,0.539664988826402,0.333898696384555,1.25884047990072,1.21028794801129,0.605348117849592,0.223953859693735,0.214706214925986,-2.20608477558989,-0.12099362603202,-0.168224448601838,-0.170569860579451,-0.381114343891298,0.958688273134615,0.239185152265836,-0.258161830588788,0.900859959401172,0.445426406701159,-0.156126746706021,1.0324691770157,-0.650243406892428,0.835737668801088,0.459794702284079,-0.209182493301682,-1.1590514710986
-0.804473070785379,0.693123939254285,-0.498277857716748,0.762312598755785,0.373251686427468,-0.231167767757075,0.923814154447528,-0.146285089699206,-0.716392798640931,-0.898554560187885,0.34856081901064,0.351596976242931,1.08178336089809,-0.255930135947102,-0.418245279726705,0.577545745775079,-1.49546761349844,0.531967287839493,2.103935644278,1.45669361120632,0.148558236184704,0.304523568754839,0.021255244241012,-0.456947669276566,-1.31197902422236,0.655177748270893,1.05040888993959,-0.306046788946713,0.504278089568751,1.91686195973561,-0.226992685315973,1.92724542798252,0.651872862280328,-0.727836988940348,-0.423914544133676,1.28860671587011,-0.907846577961269,-0.0190088133853189,-0.0559271329398546,0.420775951668704,-1.42607372327683,0.845688988066007,-0.139132350932013,0.00511870036392763,0.803773170439018,-1.37024178699666,0.66027192884972,0.704758060315098,1.1955323808805,-1.36992676008564
-0.790153662789261,0.487687401540182,0.706784654146192,0.022543903929811,0.14929326291209,-0.231264899434095,1.03465369115257,1.78394261274929,0.113804931792251,-0.62745849284807,0.678675562080179,0.579740476232964,1.8529738488922,-0.652347323644191,-1.67072289979061,-0.939296979309661,-0.731264831353984,0.493478977139996,0.141307391166403,0.807074586934769,0.733442747176949,-0.336542342470374,-0.327813153942619,0.78929214444509,0.677505703208657,0.751774075684583,0.287311534477018,-0.611844130183294,0.0294009564178767,1.52196891024047,-1.38315841916767,-0.450831558764225,0.477823141858174,2.2019339218509,0.0483874322744069,1.02773924424377,-0.182797003176096,-0.680467908967729,-1.65817153201581,-0.136160034194945,-0.452359098503134,-0.593371909392673,-1.11064378194431,0.705347506426504,-0.508604146522664,0.296790562767679,0.0740971253596213,-0.793899145596185,2.27432878003724,-0.164586303222481
1.22732845055842,0.157550560549308,0.229131288331259,0.559837403515368,-1.13457332775854,-1.68322201290315,-0.952141991609951,-1.7275975789181,-0.11357642301718,0.522593662596687,-0.332997042716376,-0.514228980520313,-0.763206726264839,0.897368270422337,-0.652534850396099,-0.109031154570932,1.10017987540571,-0.357460285998233,1.92744203377779,0.105190679780529,-0.150218246250868,0.243052280016905,-0.397411071798916,-0.853273400923567,-0.37916685841039,-0.503525332953906,0.111669178984962,-0.219496563790028,0.77536283368968,0.517952225058447,0.33776014311782,0.0618195359456426,-0.215573642284608,-2.08475480415376,0.0113033776280751,-0.570620873853861,0.208702315016508,-0.709736581197769,0.771456198054254,0.129068318528116,0.212327201468269,0.904867567978996,0.930470772465789,-0.39612390166924,1.08426894844105,-0.42607478983962,1.09170737764949,0.168646413554652,-0.757385122136078,-1.06023949905969
-1.88988173068173,0.983417552078789,0.215855146908122,0.439285055163133,0.796721635644005,-0.138465921319148,1.161820097232,0.997876022950135,-0.415603161095546,-0.617118168738735,0.352631146102741,0.746146392553068,1.9468855721383,-0.533193473290582,-0.740048374059506,0.389078083830472,-2.15432153713501,0.648278347211428,0.671636710784101,0.960699937771944,0.483304196909714,0.146293177120691,-0.224313205473551,0.437384004698656,-0.848257516783797,0.977125913542238,0.72190148012594,-0.22448308540304,-0.271975653414985,1.54052002130372,-0.799887980984011,0.730834673287855,1.03618787469407,1.65325730503541,-0.0328714237847712,1.37009155872676,-0.968872916000665,-0.352683645291332,-1.497360317435,0.261736428808484,-1.57450582842925,0.433584183964625,-0.357365577287775,0.235178984734714,0.0800174265708408,-0.540627532090638,0.294424399050312,-0.649048435774079,2.47544536608761,-0.386723103005292
1.05490591562426,-0.478847473105378,0.954859770893909,-2.53496616235216,0.471419917036438,-0.10903201192815,-1.13449848190768,0.704734339213619,-0.32984427418223,0.848750891546485,-1.5472215705217,-0.285903921446625,-2.59197947288555,-2.30885164685777,1.46005499128954,1.02684479141021,2.04056619121495,0.274461773658409,-0.400842371537991,-0.0999944915166883,-0.655859529278208,0.138078695503167,-0.163928924541747,-0.563136316083736,1.20912363241961,0.454366297031828,-0.779192681081538,0.0511812893841092,-0.0317635596300396,-1.91070234911147,-0.43812068136544,-1.17748368146055,-0.269251171072309,-0.0433512029236666,-0.33693413771237,-2.07863888870491,-0.157901687838579,-1.31847472305767,-0.000274481842960292,0.559299058942154,1.87604553864114,1.3802311787501,0.667154335223568,0.219122804232618,-0.837677901539025,0.388821903322948,-0.0401060974979065,-0.270508731309276,-1.60571943868552,2.48672741773824
0.177507969195825,-0.0160058743241663,-0.358438706992759,1.31768323462549,-0.144242812113877,1.52275216874942,-0.495301180777518,-0.229634003730439,1.61158802186091,-0.577924814732999,-0.156828676813516,-1.07144417434858,0.204415574025918,0.537328399758505,2.29905518869794,-1.05443480448161,0.0914592632355826,0.163293906664477,-2.9899500328379,-0.719610472217947,-0.955724297626221,0.121811139165834,0.689598624292979,1.37169917533649,-0.680532259722011,-1.21634180252657,-0.777321454070801,0.416530676243574,-0.466646813196874,-1.33655399975733,1.37362679703162,0.356047051031114,-0.788473993260698,-0.352059415688967,1.19675879870024,-0.636783014978939,0.0544165418472052,2.37958857702779,1.80207193219698,1.23524588082032,0.395952658596709,-0.84025200226094,0.341644805088558,-1.06243448066115,-0.73235316536905,0.38138922873139,-0.179633362859085,0.159538690203861,-0.68501930978441,-0.789980189991617
-0.115972764041503,0.378230002695984,-0.243586388145604,1.071240386855,-0.221944991624698,-0.380175167433761,-0.0971219451965238,-1.43917485057881,-0.893361230634439,-0.126374137857094,-0.0286396509982472,0.396368636712704,0.752192391664779,0.501459125010251,-0.865279993863216,0.374767324015289,-0.399350167253958,-0.0697106638185398,2.1190076501287,0.941158220366029,-0.0831457794321282,0.214359103855848,-0.00060603051522895,-0.718561274497288,-1.60508382707955,-0.207724613137735,1.20815127256958,0.0562147591479675,0.830338677324778,0.991795938225025,0.513417200772936,0.948498625694697,0.066972827818271,-1.05443842771782,-0.30471144637531,0.585772091517518,-0.0783250442465885,-0.142560498758406,0.192575632394303,0.339705742165229,-0.85881122557743,0.762521896900946,0.399713643110299,0.0806756633879587,1.10567039750488,-1.03018916890104,0.292480323855835,0.328799069775989,0.309133541711818,-1.08350626711004
-1.98108839981399,-1.44010430103576,-0.224620425039907,0.241617503431598,0.0651297320071343,-1.18144706071679,1.29327656256073,-0.418983664840292,0.139189850045523,0.110379664535787,2.01376190473553,0.702910345402891,1.64457946371592,2.46339741366857,-1.82084485722409,0.232155185641559,-0.597891532269965,-0.140668353808875,0.860229009482724,-3.88746405297731,1.20487578082949,-1.54475017500839,-2.18349192387901,0.225296053052933,1.33059919395551,-0.899113648577074,-0.90835693587636,-0.183627417005777,-0.64937046988727,1.95016327448397,-1.82321438413735,-1.29236273975057,-0.714835277674064,3.4380976859265,-2.48469214126647,-0.746345163835405,1.6540170365947,-0.747976321086838,-0.432381752348963,-3.27043888210746,-0.299211484432554,-4.82968019317529,-2.0313124406538,-0.943225316015394,-1.07657380780183,0.700101866484933,2.56239266144305,-1.21278163237011,-1.20274422727879,-0.185771354789106
0.00848677512978926,-0.382578274851672,0.081954328073857,0.897311753197614,0.435559120358573,0.83043779734885,0.175770164694528,-0.212434288139202,0.900315906088521,-0.527689342414556,-0.000896736110806901,-0.544116747842878,-0.720359592336705,-0.313582099314528,2.39339194378177,0.238585117471078,0.567677848985516,0.837483149604081,-2.82844469462685,-1.35534079114481,-0.801360549913915,0.062157633476114,1.22308589196751,1.02352316615967,-0.0157645759401895,-0.522868625723495,-0.373266914527115,-0.121062404922769,-0.568578562001133,-1.73886456588325,0.315565239747625,-0.292307982845275,-0.278266870854339,-0.30528579777701,1.40341991308392,-0.521530516202656,0.233293716153231,1.08702543069783,1.8552849849021,1.3204551801951,1.48420915283928,-0.805302257599968,-0.099284124325168,-0.781690771323415,-1.49757754176986,0.738951476512792,-1.15254872129292,-0.159699306968272,-0.843630859165396,-0.204604669174225
-0.710194927702953,-0.934824622589385,0.952275429228476,-0.179773046494501,-0.4811546746429,-0.93302815526884,0.95795494906241,0.927687939112757,1.02405858007232,-0.30940571438642,0.613257097077127,0.412833775477778,1.31943430893631,0.290211655729232,-2.25760131941813,-0.312205480485678,-0.721040789744735,0.265580018118201,0.254430532925192,-0.98404231047083,0.564435990704032,-0.741273783031602,-0.210683423945963,0.499022600682529,1.27329779669523,-0.0128473980667673,-0.174468511357225,-0.144860574502694,-0.2477539733406,1.46686690441387,-1.77008142315955,-0.637625484281704,-0.151851662118214,2.68043931386536,0.0238274338117801,0.483424738132134,0.730557032573323,-0.517668606692365,-1.02106604707505,-1.35469980803145,-0.398655360171708,-2.58393769890669,-1.85244356914141,0.35830555183857,-0.64335652390776,1.02552892932718,-0.399851715960931,-1.09965814838157,1.34937968327954,0.170587831352425
0.973136417858656,0.401433511953202,-2.31636052686616,1.00303144010512,-1.05784499570659,0.906254322146106,-1.63382931591378,0.225671577366915,1.10876147362548,0.962730605267267,0.444667279555655,-0.277118431632464,0.384230754595786,2.10119298987542,0.0811562084292144,-2.56495310385386,-0.265407042496056,-2.76021256783398,-1.30638391697979,-0.00188294107143691,-0.0200124041717782,0.273943464622563,-0.574060361691217,1.06967924381324,-1.04733737283416,-1.44001719938466,-0.999848928613794,0.478522617338342,0.176806265926904,-1.29642266394587,2.11442049982739,1.27052780089367,-1.14649739390778,-2.06375206268315,1.33471902403198,0.0180597684442683,-0.620276408334735,2.81497732314516,0.597222074885084,-0.984941950040198,0.388489374696868,-1.56292862592263,0.105367230882971,-0.544507220998159,1.78509499362064,1.04094271569988,-0.0364609336150239,1.18280881708163,-0.34921570210749,-1.16189475952122
-0.913466520449918,0.76594666215495,0.452761796241675,0.555974631506846,0.759569698481219,-0.254926553000822,1.55551155339277,1.35000946058575,0.0919951193294918,-0.982531310279187,0.370562066716479,1.32030436863492,1.6829954993955,-0.844662347385397,-1.13971338940701,-0.215052696308216,-1.34695422249117,0.450889238691007,0.624520043363531,0.837054621746685,0.515561619052725,0.164544181129519,0.194788369224618,0.534920721083019,0.0630287429125051,0.46665963065926,0.48651619349975,-0.752775843746304,-0.364366297588509,1.37422613348626,-0.51381769507401,0.127325462620599,0.505768612285577,1.55960248334451,-0.29510250403769,1.00090970464607,-0.704230235257325,-0.731837663618265,-1.80646521949982,0.201810595256271,-1.1818351075344,-0.206129520217727,-0.97426415671462,0.652105584476866,-0.151864938659481,0.12378821754152,-0.0603376441496335,-0.289112313950769,2.20126274215237,0.153332958666269
0.892013692727606,-0.945608294116074,0.577846962190929,-1.91245071020841,0.49650527629625,1.07406495925427,-0.704745286548649,0.470569748173252,-0.40677460569238,0.866937561051413,-0.82962019406,-0.395347127092446,-1.83782654032684,-1.98709932575856,1.58506854484152,1.54127077551567,1.58700546376753,0.336568802127739,-2.33163377684034,-0.666704578463475,-0.69681747400312,0.331212869197995,0.412434162166309,-0.00848949964811622,1.33357916900858,0.736006829281447,-1.45195449964586,0.164392134169007,-0.743175826087752,-1.91823667609166,-0.46890672199668,-1.18440454225528,-0.313389262313255,0.251713900064201,-0.00913604126710972,-1.42565387680572,0.542453274678321,-0.65497274907239,0.854493239136433,0.642270235490246,1.92860219817673,0.637541089428163,0.280984195160133,-0.464252973099973,-1.32903618206157,0.683112194201416,-0.856793611709505,-1.3599856362655,-1.47533511059929,1.83901196353045
1.5731740754692,-0.444742629500518,0.969162799639188,-2.43185096622439,-0.104391011021965,0.0949219701632003,-0.960348414011128,0.277166397227978,-0.27227115498139,0.879332572377167,-1.79210142965433,0.00724441065368062,-2.88941040100526,-1.52867826972519,0.525560077054359,0.13044847417385,1.94685731555343,0.0932179358413888,-0.00611334538132174,-0.257978208678832,-0.410360149277205,0.0493384609387784,-0.4077275680642,-0.658161308661545,0.99393616033102,0.521108154910553,-0.649050778136776,0.790956717056133,0.24483096188315,-1.25176999068813,-0.428950122800883,-1.54020428474567,0.00279441320488313,-0.782606117496389,-0.568462169486746,-1.97136199280637,0.110109263702305,-0.701851805280414,0.0344119575821679,0.0230049843425536,1.28252387836301,1.35581256031128,0.785302696907682,-0.368192233423747,-0.91388774085473,0.350755794823501,0.618410234504601,-0.276198160046348,-1.43193023061073,2.47671118745133
-0.498008534177265,-0.565843077462256,0.0937953643166457,-0.395500868662258,0.530339412972697,0.82665376022867,0.184683296611254,-0.0061466655197643,1.05351619094429,0.272917824880389,-0.376719918281274,0.444747458907164,-1.19325372650536,-0.603197196549798,2.98244934735462,0.960112708384084,1.1928926879414,0.559040990223902,-3.25383239771436,-0.838336560632315,-0.73561934493367,0.165365386796556,1.27964394943876,0.257766020249221,0.497300337559881,-0.384055980176725,-0.627791056599484,0.144647452177774,-0.956652602966235,-2.02055585797765,0.0544544468443541,-0.755051163594943,-0.311956954820692,-0.0549901112868301,0.528629994670212,-0.594751381925428,0.206351941953705,0.844233201308299,1.00531134254013,1.73241075077874,2.20603882603702,0.418772069348322,-0.0540650152904013,-0.649410459268627,-1.7799160043242,1.10847540750459,-1.44295392516115,-0.552162744133985,-0.509224495928674,1.00764614033718
-1.51809818475896,-1.11867090522308,-0.0617679760809672,0.122767887875409,0.214754005109842,-1.15268145656667,1.25820081153468,0.113451325097716,0.312580872301879,-0.0822138204881165,1.29697864279472,0.56652427162089,1.59399669630871,1.76893335478368,-2.2602130696262,-0.745876280011485,-0.326006216538,0.550132335619892,0.34856055432539,-3.14637163989684,1.24059199022971,-0.765432237991006,-2.02495664278432,0.0419667606464589,1.04219261044054,-0.482215275930581,-0.125124258771371,-0.517569010359343,-0.675532059840292,2.16064371236058,-1.98370174999003,-1.24871553948066,-0.595786401076516,3.46586613086892,-1.61446189899145,-0.120613466907529,1.83253526883078,-0.92741080048178,-0.921972933374046,-2.57676746291214,-0.148025883811257,-4.09533513556706,-2.48495050397921,-0.338263675288936,-0.625438724123804,0.717530107050954,2.16965237236479,-0.983715493997951,-0.529773472547959,0.596395957590377
-1.86523955382112,-1.13293272812989,-0.141049831820211,0.186818577661709,0.00384030185191589,-0.397035079421373,1.43630810080333,-0.53850937775016,-0.126766875480987,-0.659698177365765,1.68819610888084,0.664824581067099,2.21257380991932,2.70484548788741,-1.9458551645999,-0.0521515402182369,-1.05997669102602,0.217738526136502,0.638691651280668,-3.76248252701587,1.04982976206626,-0.966643566470961,-2.03182908207009,0.0674207265888376,1.94220864141631,-1.0267030625597,-0.47962757839724,-0.802311706626604,-0.756538366962269,1.98886023506402,-2.29494413240565,-1.60952793738334,-0.961558880251469,3.43142733329708,-2.47114596956204,-0.861363453355182,2.71940614110066,-0.763327675464777,-0.728181231804163,-4.14379351712314,0.0956283870123091,-4.73411846646757,-2.1256689973977,-0.684387711930663,-0.598718483866795,0.135735750171596,3.01356448380512,-1.24921370586959,-1.24840728903159,-0.415902994138206
-0.270936804529619,-0.317726779794913,0.457403471042339,-0.0388885856626933,0.138106863733259,-0.574810347767726,1.3605193741446,1.34467990485292,0.460741816641779,-0.439813561259769,0.626676613378817,0.92672054712193,1.80870385915223,-0.12283089004907,-1.66941612800559,-0.919207718686341,-0.303534871472536,-0.0959564092296635,0.00718911911137371,-0.236940221844409,0.579249411219772,0.116793252570856,-0.410392169197035,0.222712130011148,0.993412661068597,0.180811744301851,-0.224724297646166,-0.757979888660622,-0.382351555495233,1.64039060958032,-1.25569781379614,-1.34107994097207,0.687202951507265,3.04397214761387,0.212591670322753,0.0584430981540811,0.393563110335925,-0.981155592228154,-1.31672386136013,-0.770889147427571,-0.335933495803722,-1.76302522777917,-1.5046904795394,0.201835491906387,-0.953867971807103,1.06297752516632,-0.302162244881079,-1.04465928275118,1.3431753026136,0.393014876436289
-0.291128865792073,0.557901142151069,0.0278815032999537,1.3137513986774,-0.278078313623332,-0.667562909247056,0.121782143920085,-0.964503541104339,-0.17864007548879,-0.271938513317624,0.00833714397682067,-0.286969882750986,0.533429236035621,0.278957913569365,-0.707859917743689,0.690481584674691,-1.13373814820875,0.363052773634267,1.85017128144152,1.60102661393772,0.268092754226649,-0.0808069743908707,0.185292812493464,-0.505596869985241,-1.23874908292508,0.40421927720562,1.16994180487117,-0.157396841114959,1.14011466820929,1.43973911377805,1.09152895727419,0.945900806019476,0.550816293809469,-1.15333202776252,-0.371669643218681,1.15637300324317,0.0740227152798221,-0.221504628987214,0.0409784402500746,0.155702987767084,-0.897944456335415,0.232797914323035,0.767568282928004,0.00281809991463366,1.08521932249308,-1.13355569139,0.684071025576447,0.934926544938034,0.244619432516539,-1.32693447182075
-0.939922993942956,0.898089026992252,-0.392553814894556,0.944133843040869,0.607115526819323,-0.103050453832587,1.11464508035159,-0.158132837892683,-1.27879153498065,-0.726877258936622,0.209630108384182,0.406833598680304,1.25244888997658,0.00168498846175737,-0.842054548184643,1.04025598205606,-1.63948315126253,0.636177294680736,1.44926062853342,1.53833248658434,0.975461199839834,0.0827352123329177,0.145870045884883,0.173350951859026,-1.48528313333647,0.404372833826475,1.44031249487896,0.0481193159733061,0.183601013226735,1.46090259345398,-0.121054855741472,1.33883961226924,0.94093960271531,-0.462850860024888,-1.10115893700079,1.73101873280535,-1.29271855449977,0.171765979233032,-0.488586773090011,0.609759524926293,-1.52519660542422,1.08784479981877,0.377234578831403,0.526721604711996,1.44560106486694,-1.50231133442252,0.1739486555474,0.581559005034868,1.62556203054483,-0.950361303047435
-0.909161115485376,1.02414942983301,-0.203138570566577,0.58244113513595,0.656044121603154,-0.328159509055511,1.62449987334775,0.470264396177028,-0.554483643664106,-0.444422649251573,0.777623870194483,0.785209813481684,1.92479924414757,-0.648111254256764,-0.949493746507505,0.136995482522181,-2.11954184215797,0.155806674638487,1.36058491842601,1.29367424629528,0.475596982152722,-0.25637969587907,0.270291820521647,-0.0687694054389429,-1.19082725229435,0.0805392852384381,1.53512997392512,-0.330304087405241,0.17682184837983,1.38600113560042,-0.305633314114375,1.16310560277194,1.18110394633935,0.859747107821691,-0.785076745854691,1.77774517297439,-1.43182268596268,-0.0642575264500418,-1.11288945350764,0.803880073691539,-1.69225633585676,0.61963878679898,-0.439166324803213,-0.0833512900012677,0.479912881678797,-0.867616754565184,0.296013127249471,-0.170095372150657,2.37465665873436,-0.849441795465583
1.68944921618059,-0.124442167132812,0.859755391488084,-1.5596359353373,-0.622752102051307,-0.2213652347261,-1.00586558614548,-0.856077534372315,-0.406285877647306,1.14517208697387,-1.22308914363248,-0.586313055965031,-2.23131158602652,-0.770573931872537,0.128826046075269,0.328555595377686,1.58099660998893,-0.0879124869375559,0.666616001034341,-0.221634766168746,-0.151463459774891,0.386542563664777,-0.714063532359771,-0.287276093379643,0.7472262786046,0.40793304217847,-0.21510401964634,0.128586182154666,0.816464975989825,-0.828815507868549,-0.305257727719882,-0.915352333041385,-0.137176825447235,-1.37499584895297,-0.355764219471726,-1.43907064769245,0.280238299016009,-0.755753490069117,0.14494746545515,-0.7352310201,0.988558841699675,1.30704204677839,0.835366530148022,0.107919850101286,-0.121583085278557,-0.334203152138986,0.435305370706458,-0.424743511576763,-1.31944056535343,0.969617886241367
0.212853557147623,0.334677578642357,-0.213229064320788,1.40594326021386,-0.0966037662604927,-0.333166591839153,0.346317167355173,-1.39215249761177,-0.651415676222593,-0.0734304246181638,-0.0997813913852246,0.266080013449883,0.845468242778727,0.697224309638725,-0.814806833671957,0.547066261536138,-0.465241818564232,-0.190467825347447,2.25404056966102,0.858909883748681,0.25692072891784,-0.196041381325305,0.200763343842458,-0.277208291044688,-0.630445706047547,0.317559221378718,1.05776883954692,0.260141460677124,0.744039988682947,0.965071061569095,0.465291763416981,1.18263531067789,0.210070391148679,-1.22778693950358,0.107540543764599,0.905985658833284,-0.619707343172255,-0.89300071120257,0.0406583445775962,0.160327560581446,-1.08862499872044,0.933633935185944,0.444986655306246,-0.0284029468337908,1.56062571077673,-1.21156451249209,0.533823596994559,0.543532091195963,0.527919437804843,-1.46786775838775
0.482111783979702,0.281867482765563,0.0165552207209261,0.95055577924124,-0.832318786380562,-1.25278572031434,-0.019247598020882,-1.49581449077401,-0.67611123278126,0.276688817268208,-0.0926423929034486,-0.510316592424289,0.23468216410333,0.473785108157222,-0.920821058191946,0.339040089604113,-0.191113021964918,-0.118050847349548,1.99002962348376,1.13349181406067,0.280719495825344,0.428798976146467,-0.166866378878811,-0.459124212620273,-0.762207423975289,0.0760082948502561,0.589187824734401,-0.113135226560386,0.750567737325317,1.34940498317649,0.465708472181849,0.444724573731363,0.301668455965598,-1.1681983406824,-0.238695709622379,0.39771956266575,-0.24661723134862,-0.239759477687757,0.697942265716455,-0.0596689565651992,-0.874284966719394,0.459118827674847,0.191634388492067,-0.171746942019308,1.04749456276938,-0.997188399078314,0.315538294738998,0.676140230184804,-0.160989169701949,-1.54907937548705
1.86886154065128,-0.443006984962207,0.449428782279415,-0.668790300832442,-0.675472408263476,-0.868202437875141,-1.16476486682043,-1.33518989617572,-0.383920191726378,0.784596142973412,-1.28833804307292,-0.970917963082535,-2.46683506043633,-0.25458805226076,-0.327533785942391,-0.0494353088539122,0.865779525533848,0.458454648050146,0.794692503357789,-0.0952676367282359,-0.327659974871547,0.260291622472813,-0.143091586419882,-0.333727538257061,-0.065930672660977,-0.0831471193714115,-0.231329300370522,0.392352305838378,1.11987881344728,-0.713831823906309,-0.0596189139421882,-0.716980957066699,-0.303732775350338,-1.75616213004423,0.0507665263241237,-1.19761168733035,-0.0239306986320275,-1.14112905884725,0.735837592653803,0.145637416534308,0.465349978815988,1.1070218604785,0.44446939085812,0.598987634907399,-0.111813249578659,-0.187694206412894,0.578952662117765,0.105858382936567,-0.895489918116774,0.393447941834483
0.540676672601125,0.393112150311246,-1.72501095321317,0.329799188862863,-1.09776880558429,0.825875276746972,-1.16419041944333,0.258136117251304,1.02893436194272,0.816869005928521,0.429888239150652,-0.128729988050768,0.460782686747013,2.49437207359676,0.473468210488828,-2.98743509640819,-0.25328897506582,-3.10844729768025,-0.876299500109591,-0.489696048204604,0.631938192400457,0.0323816739253913,-0.00241130424658495,0.80789966981195,-0.741316604578553,-1.41498940915243,-0.998060420523569,0.474607666505174,-0.0416042187813323,-1.81987725819102,2.14462482307836,1.45673295474882,-1.16364945712646,-2.04889699983518,1.7145140315621,-0.456276667544199,-0.0348043476140124,2.70786434496214,0.0561677187210753,-1.31406272408916,0.00140145274401465,-1.55942850807423,0.281519904837174,0.205630997892048,1.20400042498732,0.854952620026566,-0.191474990484475,1.71581811731691,-0.784294174972047,-1.17224466684402
0.252669792749006,0.316299959760062,-0.389960174988781,1.50698487800543,-0.459103004322458,-0.435111429224027,0.194241550276665,-1.92451531514053,-1.00341049670539,-0.514521107935283,0.0936805831079818,-0.0508561185439737,0.484150222425066,0.858528886741355,-0.811879686164207,0.225535489738918,-0.52668903873044,0.713207473189658,2.33297911604587,1.21135360747976,0.226599476457072,-0.50936333326229,0.291791206232802,-0.125316407273156,-0.883336885264626,-0.172343638955092,1.4251962193497,-0.00431467257365858,0.762499679119512,1.28711164615126,0.334367777706671,1.24426899148871,-0.178695477545942,-1.48346986622792,-0.459761499470602,0.904087344236316,-0.401663318420006,-0.109202903960335,0.467899515618503,0.221609049848643,-0.756860429678971,0.352272598672067,0.187209309106913,0.129602944999211,1.1773395760781,-0.65059569091156,0.512741083994596,1.18611584478334,0.377838629579405,-1.07866498936826
-1.28136378749356,-0.669156340338272,0.26794579836438,-0.130129847459535,0.0304291964987693,-0.818999618729896,1.12447904119974,0.7877706414063,0.784097599550782,-0.28343529177287,0.725746938893069,0.85104170978975,1.52655396242681,1.35992248750543,-2.27399536872101,-0.883615519445372,-0.499215453121758,0.592367589763453,0.524934629930456,-2.28589705222391,0.845440556828373,-0.52662499725292,-1.0158052385574,0.386981452574594,1.80811427816965,-0.729929165397664,-0.194531318877962,-0.810235061056574,-0.572372071954237,1.61759402212004,-1.99557879486684,-1.30111874131181,-0.713820508205244,3.26489699197631,-0.494489779265025,-0.125514896664222,1.21389165652767,-1.21445430435739,-0.933719886909248,-2.15406871895792,-0.0514417925491884,-2.9582237550577,-1.92307229822383,-0.416356775929449,-0.333216704542864,0.323922408201015,0.929245768403356,-1.45335015101744,-0.0690749111247607,0.138311990756004
-1.15946245547042,0.430983462259442,-0.421737152693911,0.423695312548435,0.50470972422907,-0.0248670745086583,1.41827702043468,0.976280735558519,-0.585339934749097,-0.740815575101934,0.495735108763133,0.863320169527552,2.08439901834892,-0.546915501910297,-0.757236025715366,-0.109033064529994,-1.55752449571379,0.124254769445292,1.02829048203067,1.10920862187096,0.513307848052016,-0.274110939630907,0.212039509239089,-0.161642869922213,-0.576624141178529,0.66072696624657,1.34426182565176,-0.103939097978603,-0.127258067715315,1.39633621072022,-0.272039207809377,0.660440760466384,0.888034345881417,1.0372489921076,-0.334241977313421,2.01466209550994,-1.49176270133829,-0.169404488773622,-1.41023438676035,0.584915103881433,-1.52542028270189,0.598295223803799,-0.605014957140324,0.0113236507168446,0.53882626702339,-1.06525971630803,-0.359182035992114,-0.0516989401791103,1.7085221482691,-0.586429484021434
-1.14977363041989,-0.539310521885802,0.274528304410863,0.131482106300607,-0.254302078577425,-0.355535398928038,1.08172091905516,0.424679544101909,0.711373413989186,-0.495306230511432,1.24510668405144,0.447165012868731,1.17632412704837,1.19208717056886,-1.90891047639107,-0.510978700983809,-0.156032649198752,-0.0847411851759466,-0.267342458858622,-3.17267652970574,1.09049307659376,-1.44868820839553,-1.6093836954672,0.752357277655974,1.7882950506584,0.0342407338199123,-0.124598157005838,-0.382586080575256,-0.970622876358167,1.49122962136433,-2.16307343126491,-1.89215288413084,-0.0414268951638672,3.15593737445331,-0.942685044827966,-0.963141640797825,1.14302736142743,-1.17985922902929,-0.903231323148891,-2.80631442761891,0.133820723926294,-3.41319225369769,-2.12546990773333,0.197754441151309,-0.708367284396592,0.681978661998349,1.63786041636821,-0.986724202652892,-0.226381607279899,0.136454118222969
-1.24381431041853,0.588179277033006,0.190778228405834,0.491955490859847,0.917606614746512,-0.0574603859818409,0.900859433140387,1.30026959387136,-0.335861430321309,-0.825713206448558,0.718910042033986,1.14579214874878,1.56867804397167,-1.03817619619828,-1.67889284587912,-0.125406100268987,-1.73294193234149,0.506187970491775,0.685170056823373,0.895750129631831,0.493996666052833,0.407172419614344,0.0389400619498607,0.120332799133229,-0.23728443191127,0.755192217422586,0.934272847560411,-0.196857607036145,0.182116612854054,1.77850732047206,-0.766269331894787,0.319300197724277,1.04294905694571,1.54863200749616,-0.371459897697866,1.02399019725845,-0.872618394207501,-0.778718369540314,-1.78817838427848,-0.147057431168117,-1.16533973674491,0.22959417860852,-0.560587272649651,0.508003978093489,0.323671844646816,-0.438384280212036,-0.336017369349183,0.0398320930991901,1.8345132818081,-0.245869545526059
0.562585111235147,0.0710446992345796,-0.875978459057842,1.91785081210238,0.234262340915208,1.80957067560635,-1.21796129358032,-0.502418938809505,1.48855697043431,-0.696140406105212,-0.0727816933514909,-0.926676129554126,0.149847482002584,1.24039825419929,1.87177812010849,-1.51012689745325,-0.406749405565914,0.0243654424605341,-2.49454466741108,-0.943608916522872,-0.566824328539223,-0.10252445445131,0.798594759308353,1.53804295145028,-0.859040657003224,-1.21349083639026,-0.747710202947975,0.155807994403832,-0.551516455889557,-1.57950522515784,1.31530191304349,0.490420768501499,-0.853746673346363,-0.562208201232584,0.959194149637909,-0.452546573415849,-0.0453758259829942,2.30409819409327,1.36909134062101,1.22302128174414,0.738117602854394,-0.682354429394024,0.669012678244668,-0.965658136309833,-1.15976638211889,0.603965491281685,-0.293192801824417,0.23075042118342,-0.236376928282908,-1.19633661789175
-1.06929388837126,0.454821175986933,-0.484933599800974,1.30528270360166,0.582212968655358,-0.734088478552839,0.799471586119033,-0.798194307736068,-1.12086440470863,-0.710383822874965,0.853612532602548,0.384492223347679,1.19101785968025,0.0778727787948075,-0.991217248395801,0.729441976637825,-1.48609592591411,0.241985450359447,1.73782036717923,1.80579850777176,0.13105242052479,-0.0761831478286474,0.454648078639521,-0.364608358095271,-1.21633639595403,0.0729484990669594,1.39871367798393,-0.268059633322958,0.698190921215318,1.53782765201223,0.226662572055459,1.14576799893559,0.627208622332988,-0.910179899020257,-0.404252419853149,1.77421572008196,-1.05377015806851,0.0733907320590467,-0.452014949993442,0.304648409455571,-1.35723528848128,1.01043442624604,0.11041706700114,0.354550185627543,1.40650379464079,-1.72091374620642,0.177013455293676,0.446208902589547,1.19371903184278,-1.37659126625548
-0.542063525163452,-0.518155646758156,0.699485706122527,-1.4469162093495,0.26679130595469,0.694310492181541,-0.369652222871616,0.541850601847601,0.00215349710284649,0.174728193807663,-0.758453859856656,-0.0506072773890189,-1.75422723420237,-1.95421790309032,2.36743446477975,1.22253415384345,1.46156388329392,0.461664736195306,-3.23442529254331,-0.731787060594123,-0.842909319407432,-0.000441037167114561,0.313656807736972,-0.367658235538176,1.2105682805467,0.130072401235738,-1.10252358750374,0.0066144679635706,-0.773396976554492,-1.75562355059263,-0.142571781773849,-0.958637558531338,-0.193958758294444,0.613743144739385,0.172390463903269,-1.13919952127622,0.5037868712445,0.103960253774061,0.868998451098502,1.20078052247446,1.7520917789685,1.31048578210548,0.0350000719595172,-0.427634151121356,-1.52310275106857,1.04342425584057,-1.10018156484241,-0.831214230898717,-1.08263928971881,1.71280578222956
-0.674427768911242,-0.19317338294961,0.749568472377902,0.356846851748109,-0.285944515482996,-0.63545768923961,0.707472936786237,1.60132348064468,0.647145588921147,-0.180262478654882,0.700810410418834,0.634027957351666,1.60728014511683,-0.0059255813876037,-1.82772969507625,-0.911926119926618,-0.860786842512434,0.37643493237742,0.0766924753340802,-0.460857579046121,1.08873282681591,-0.290862121460485,-0.4570417579246,0.425888097217337,1.4308253852122,-0.084890650831022,0.0413800986418298,-0.241088892395654,-0.18257174878263,1.21437998871588,-1.36512197727612,-0.615402404469591,0.408197772486159,2.86064862951413,-0.16234637839543,0.615635135190016,0.411828202039137,-0.634860716545229,-1.48430274285124,-0.423016186116261,-0.378909647371895,-1.22260141179649,-2.17764857195023,0.144320469876458,-0.483043960920673,0.985689245807607,-0.247758822388491,-0.950618880234959,1.37033651705221,-0.197456951333902
-1.57059702552508,1.16220668127653,0.488425144188154,0.703407008644866,0.772363796140581,0.439532932200191,0.784574945414818,1.03996172972102,0.0283618977880766,-1.35068714552379,0.250695754865748,0.609991841772994,2.06785431549816,-0.705477331269483,-0.759282027390305,-0.0107208290433195,-2.04686215458306,0.726208685542656,0.907077887973037,1.19820483685357,0.341022931605058,-0.228267092034261,-0.00531894273254419,-0.105527584347658,-1.02365881299677,0.282586074658956,1.01175956474139,0.0946626846758958,-0.141812176301978,1.8037759330961,0.00905681934377065,0.687266594469177,0.631074742929796,1.17266495710902,-0.669653455972297,2.48200395892426,-1.10981458091985,0.109500326513857,-1.55407986138658,0.424981076227752,-1.07263798992765,0.22523972669912,-0.41599132543223,0.638583897839681,0.327515538346666,-0.928137992106164,0.066776794765569,0.354886958963456,1.52910261231494,-0.474543777172214
-1.07755065775011,0.455255575385854,-0.0184491552877757,0.507923091553684,0.831288379038735,0.0831980840272802,1.40927347274364,1.08628115627537,0.0315122687351532,-1.2038475374638,0.535916172295962,0.58675229052252,1.67342420747501,-0.646727602200508,-1.18939649979702,-0.287248204514054,-1.79663193216347,0.724219962012931,0.480254000538184,1.37081847312909,0.467073313999042,0.252522697458153,0.324534013014042,0.124237345014531,-0.258629044945616,0.142220978129474,0.884258308575364,-0.315814520187743,0.0605131192551399,1.30998156351934,-0.561521269301609,0.245318209930198,0.863966456660061,2.09236194648132,-0.0658144098949752,1.69227416917579,-1.04099845929818,-0.49676979169131,-1.60119333561636,0.410548546547215,-0.848512496236284,-0.0901239052296919,-0.713982204798923,0.723875834406614,0.0696965316357233,0.0521872841580041,-0.1300279873727,-0.321369168813991,2.59546863889263,-0.351351434182156
1.16203623825237,0.200649152951668,0.677536377950786,0.293571922278367,-0.58908797603796,-1.41588044048255,-0.674423605347204,-1.59921264532731,-0.556018479601941,0.151126567566292,-1.07577208634475,-0.0508769449522216,-1.12680599876763,0.432969552058845,-0.470086317410323,0.159427208713279,0.907260223735865,0.292501963741618,1.52515822998521,0.205358599732911,-0.127821262401214,0.105244691939572,-0.704528570025075,-0.455488130199097,-0.305998663629935,-0.117919421789761,0.119149514495735,0.00435234738090829,0.80185924656367,0.111806480172206,0.17995290116068,-0.118070416285917,-0.195755574009344,-1.72637005613137,-0.162758829269092,-0.529622109425297,0.0446068092844768,-0.652044998774875,0.612800890213365,-0.461737328973719,0.387412555033922,0.825585256489886,0.385352819799214,0.478666309899161,0.671196136932327,-0.534123192286556,0.261320394617142,0.365008156592547,-1.10088576802987,-0.689597061507997
0.316723547538948,0.00674090038639563,-0.929731779234628,1.61538749739362,0.394912452404056,1.07687186759219,-0.64321144788586,-0.000545031992124562,1.27957475839057,-0.679744140844329,-0.338749810247447,-0.785174081573836,0.01060981593188,1.60026588097793,1.27096043096432,-1.82483632543094,-0.866808499814701,-0.0481014026199862,-2.18166873884598,-0.634318787050208,-0.696586310453552,0.163011483842926,0.581359274383147,1.13605956952323,-0.941711769232663,-1.09384535135899,-0.44176739295144,0.189722361875996,-0.159141024307806,-0.840561551924548,1.58046523495322,0.805989646999813,-1.27275501459512,-0.780870832095315,1.53929828380046,-0.0959278197819671,0.219226715545102,2.17908269881033,1.14764999949576,0.865675870808349,0.661138150995806,-0.617645120637847,0.455559737958825,-0.717833583769292,-0.0574544881932629,-0.20679972947541,-0.546363308359875,0.256375547572296,-0.12801352043004,-1.43583415842399
-0.151788303204712,-0.0854102904090973,-0.35635050051252,0.720641751974757,0.442270138996355,0.939651159463147,-0.349990084975399,-0.445302461276159,0.890532259661297,-0.124783028561908,0.184922990524078,-0.919260651081445,-0.524260458015894,0.131472554438389,2.24987882349251,-0.227721518531043,0.387046217319697,0.805482790194226,-2.72328063235584,-1.46438749926456,-1.08157706078033,0.153823139824408,1.27003986190866,0.748752707573241,-0.308056575910103,-0.365811143202223,-1.17348629639861,-0.198171856605321,-0.950426059343367,-1.67696229066411,0.863396838000648,-0.299259021207363,-0.418869828772923,0.0469036212960141,1.06368571425685,-0.576982766406704,0.242147632782551,1.34413901467681,1.33233092404495,1.29893858022225,1.24147247139587,-0.605195373410947,-0.0526752775930799,-0.875707366605514,-1.38547675282873,0.30593427374295,-1.43967931710176,0.115441620945348,-0.455029890926744,-0.463594685107147
-0.613645442002125,-0.791710453834493,0.271597865305749,-0.478171664125337,1.10865301563195,0.556137709971895,0.135892321734041,0.164560715925553,0.429980598598238,-0.195992318000403,-0.17219187106541,0.191051520943721,-0.974914437928526,-1.37911620003207,2.49214957143228,1.20054562878738,0.979001061383629,0.484889439973609,-2.53478339432642,-1.23498422459647,-0.774282640803658,0.400302108458007,0.826909309198733,0.346851538739608,0.794895642937839,0.519916563131322,-0.837051275345038,-0.0215394886343418,-1.13564435633838,-2.25529400699204,0.446535500770384,-0.985228214943808,-0.45463675086129,-0.204349846534319,0.616438837514801,-1.22283900293739,0.409573980233997,0.505727426245053,1.00498688985639,1.32689228573275,1.67654613642798,-0.0962772726583532,0.3234148146118,-0.203590897171502,-1.42329996399871,0.459423911666954,-1.62754820210618,-0.30756817222212,-1.23937928084191,1.59770216245786
1.42914831019188,0.0975009214593644,0.579145135182725,0.67358296952397,-1.13551097082162,-1.21336615174861,-0.347006294680544,-1.84114117945693,-0.159782432945082,0.333771136625186,-0.545885506418893,-0.813330441915068,-0.707746447519278,0.480442219914647,-1.20934703506669,0.246283320170346,0.897454199722829,0.297647911999554,2.06642951265064,0.294477478852507,0.261495525315828,0.492988093413642,-0.617858409124078,-0.448822856314957,0.0243168856530376,0.23622638369248,-0.0910555801295856,-0.0645696056184942,1.21919360153434,0.328531385357588,0.0287220748492741,-0.00382600373064497,0.146993676396569,-2.02988259583047,0.219136806699406,-0.252323763529901,0.144363375654458,-0.859944503285769,0.57597392480775,-0.197199160255061,-0.341378816289961,0.768661320052581,1.02448669209322,0.126024203450944,0.652200248899668,-0.230471550107952,0.43775151104226,0.476512437178784,-0.614978144808489,-1.20648319111112
-0.777537029677253,0.853450116950093,-0.800628773865341,1.49523732876852,0.865239289324388,-0.359127873200891,0.975810190867009,-0.144650643380152,-0.858072547819986,-0.506525742505898,0.898554161708338,0.662870086980742,1.55981758158978,0.217205197954657,-0.248993564169611,0.321243825549093,-1.67929594322044,0.460848673959429,1.83340095859949,1.40972318520789,-0.0028761267774542,0.0918760345015237,-0.251081502597345,-0.554263979909147,-1.27100858358815,0.721614476846994,0.992893045745211,0.16249478941542,1.08353640954436,1.42185102581633,-0.0639016399828099,1.39061489263346,0.269754812017246,-0.608292327758458,-0.597575955919672,1.67145990255541,-1.16443852981014,0.0882691704225761,-0.412277281160018,0.206978813387472,-1.63380997846067,0.990644369442644,0.211100155822661,0.595448411536659,1.33137118917689,-1.02991611518908,0.0583196464203599,0.551147044430904,1.03674291951353,-0.956441343456164
-1.16215864777306,1.05936732471547,-0.84005373569033,1.01989515660705,0.622757355582626,-0.118576961475152,1.25632770111927,0.28658995895798,-0.9000554532209,-0.700552134207331,0.130640177141987,0.620859610335596,1.82546220482794,-0.155338762605862,-0.546692732696121,0.551923162695825,-1.74350837507791,0.150449363058065,1.06670491181284,1.39504169562867,-0.117418933583194,-0.231484582781922,0.287375277448818,-0.333324872626359,-1.08611356968814,0.442927747787179,1.1722203829344,0.281430952906704,0.226894767495708,1.8048502982636,0.407879203780419,0.95222611104911,0.508283357202883,-0.381575483353611,-0.597822815598614,1.99827926450294,-0.692427615795598,0.499041492951432,-0.689994059867406,0.277453363883008,-1.42201230984362,1.07401408741675,0.25408640023351,0.617980161922074,0.913621839640622,-1.52972497197075,0.0980895811448754,0.388152887276866,0.976186305716026,-0.71359951197813
1.73668606263295,-0.44538638180071,0.499047410323343,-1.66171674182917,-0.795519219495192,-0.46979977951984,-0.869953478782513,-0.909163614612244,-0.540959501276385,0.699595999115914,-1.22875932312915,-0.663896787480152,-2.69269614136696,-1.29173484289409,0.048297629220747,-0.292311522098832,2.07644977529104,0.24903657849208,0.364801518114233,-0.00370311564844382,-0.233483122492855,0.0220764708307,-0.181271444593759,-0.89669516322612,0.376074307965806,0.16840945207156,-0.809298797122167,0.00878094940682251,0.746948673491816,-0.610055090298981,-0.438296000779604,-1.06906067569486,0.181542117159503,-1.22491852828673,0.0337060101312312,-1.38366230113021,0.393554786800369,-1.29063968626343,0.63390056164003,-0.0995145908777472,0.461600929789707,1.28251842566069,0.743534090145586,-0.741046255538083,-0.181412964058246,0.0261299750500961,0.345341699061839,-0.122256168624179,-0.882651363636826,0.755852851146896
0.0491203594646879,0.883775805847077,-0.702997176882517,0.754779671828073,-0.0350806944448514,-0.775246979772602,0.604059831783126,-0.704618823520462,-0.743189967590768,-0.456047970943607,0.100283069052784,-0.0432448793338889,0.64375126898302,0.503930332110344,-0.861285987460087,0.642688176215666,-0.507585534503059,0.223829704446372,1.66054747322233,1.49917486092848,-0.154200004891633,-0.0231156616283464,-0.14888620973189,-0.460531591006585,-1.58317503857337,0.206135984018187,0.9363199814593,0.17389594005853,0.779280877828648,1.22289691316387,0.566710460874061,0.508584493677029,0.39537545971805,-1.16940745629386,-0.178437526182767,0.587472226094159,-0.342313043097436,-0.301788600308641,0.348992172249427,0.255497459467559,-1.36078832378508,0.693602187850479,0.701895460431155,0.124707948818435,1.31606412417915,-1.05064749640271,0.442271547331621,0.991418567883613,0.528480819443108,-1.22560949630878
1.68603196339041,-0.67275656597803,1.02447823290159,-2.04520029181391,0.0353412026762725,0.226467051596962,-1.30325459165995,-0.30186465988441,-0.416199770416251,1.11173259686815,-1.87209617271085,-0.889589919201693,-3.02945453469787,-1.16816573417085,0.549065267117595,0.314565203007771,1.8292290683488,-0.090288341547043,-0.206431657964714,0.155927727691029,-0.498354385128933,-0.302908517699573,-0.781194620995195,-0.205958201339534,0.920173642005994,1.08594727475779,-0.473373484437383,0.320699002750696,0.208734331499293,-1.09908245702146,-0.697679384384483,-1.15935519366806,-0.163301560066673,-0.287806816553943,-0.115569434756946,-1.70161218695554,-0.0280149586524671,-1.53387029394788,-0.0296010970152076,0.167905976281014,1.08992907976718,1.07448701191061,0.732997804941171,-0.0547790181928305,-0.0399661972363038,0.623650998215646,0.131555559517916,-0.568687420174017,-1.50707772740032,2.00471910829514
-0.0167096158803973,-0.655397694771778,0.0474918475379321,-0.0902182864193188,0.563526577259378,1.02937154369599,0.492381214048976,-0.29334363254976,0.668703364532149,0.0399459309232299,0.110671561984213,0.367610779011282,-1.03681623559779,-0.656582883888033,2.18385501414603,0.861304108782921,1.30198726291016,0.521807828508678,-3.15188881458088,-0.693581755797038,-0.943300173688156,0.117230459623215,1.49454797692725,-0.0308344653382296,0.54997243481007,-0.298671373185795,-0.90937670758614,-0.0240116078269827,-1.00342031339083,-2.07064543654681,0.437915128904052,-0.822501948466102,-0.26529252666119,0.102947783568386,0.441070241362285,-0.572044574546586,0.66934931840265,0.706919227851698,1.30389422179197,1.72397584475593,1.44165931984778,0.51332867773336,0.156127708650278,-0.762209036481028,-1.49415194786542,0.900676031176717,-1.42789847293934,-0.143569247983371,-0.599146930844869,0.849613350155021
0.160929628875261,-0.360878919265579,-0.8011217512935,1.31416381272166,-0.0206724683119777,0.990947061365898,-0.710961442951027,-0.275257654705169,1.18449686672892,-0.437823224024224,0.343703491636579,-0.708149647964433,-0.155362685555423,0.749742666923848,1.99581055693609,-0.59243047957797,-0.286909296030051,0.490608403083934,-2.78644836766999,-1.02902017590348,-1.01134747223056,-0.480216609268619,0.942174823656685,1.10501848222505,-0.305717167716649,-0.433561856613619,-0.946127435982453,0.351048354423314,-0.619322936715036,-1.39572687862081,1.22520937636288,0.347041006760554,-1.282245837637,-0.46535104176416,1.08201999354449,0.0732365869320519,0.00010623305318818,1.983189449391,1.94626295649651,0.902357790716075,1.32470052913802,-0.783544352727299,0.369204902033015,-0.524754619763373,-1.0759475473354,0.152776992507525,-0.556858144357425,-0.0564421610117581,-0.185961925257509,-0.588692990058803
-1.10368227049982,0.57661980086464,-0.422413120209522,0.870779062024844,0.187899591518802,0.101253348213607,0.740171066416841,-0.276473472470463,-1.06346692273663,-0.501055425791208,0.289556371622597,0.734968364324562,1.27529103555074,0.246281141677106,-1.19967590802626,0.481620611641348,-1.22667663123764,0.498778436672676,1.63565906512523,1.48964366157691,-0.0478279198325062,-0.088717512087493,0.144172762822986,-0.071036761893518,-1.24754477357521,0.372165678248004,1.38695331306122,-0.0883470529815425,0.90866147115998,1.79496549824453,0.252927854343364,1.59423520163385,0.847828112121436,-0.331504954517233,-0.789381793717035,1.74705869694093,-0.963334265764549,0.646579986101871,-0.528762557845689,0.304296347101087,-1.56038171160399,0.279106237492497,0.248701188945638,0.419740912689351,1.34970515562811,-1.68701095576016,0.648681398672742,0.505216807165692,1.69834508035237,-1.3174026194209
-0.431324512110845,-0.430859244205366,-0.345893399954742,0.314435968805557,0.474458446096267,0.669032977507595,0.106130314595461,0.117311517792594,0.794776058594567,-0.338955204612531,0.134841521479114,-0.176963166813263,-0.368410502948675,-0.0710326131607014,2.43456685806847,0.427645383728265,0.604733830703737,0.564893941941167,-2.75095970607235,-1.11968704551616,-0.43599700473106,0.329076224687331,1.34428460167475,0.619033602917378,0.335692327658792,-0.259732365120584,-0.565903422967386,-0.319502273269283,-0.462630555135748,-2.03729574101334,0.808182766581307,-0.616753076283223,-0.845723492236669,-0.591114564369607,0.955231292109556,-0.936389029921756,-0.0583710751446215,1.1842851626423,1.29046794278979,1.35266188350633,1.4240448441793,0.0974016389425417,-0.039965642188522,-0.864072229773544,-1.4313289474961,1.00863378551524,-0.85312944532312,-0.410529655371649,-0.421632705373706,0.408721406017047
-0.465188714137174,-0.181670918868074,0.17683141608713,-0.297286858875474,0.0577333282175342,0.647171348982739,0.0821325966732827,-0.172616123723785,0.454900950686085,-0.186965651322785,-0.00562927372473601,0.0665824669890112,-0.631255933163729,-0.260954204930495,2.68013951986736,0.864564207529208,0.555606217600249,0.680358363735613,-3.06510987793979,-0.935532685819393,-0.743751458545825,0.429631248317975,1.18521379868118,0.320354708352636,0.043860975149342,-0.358146707379706,-0.482719407582644,-0.06983989354196,-0.351483895558387,-2.37909196951418,0.118801480097688,-1.28218199821114,-0.596108055616048,0.133427274564179,1.03877246168499,-0.568577373364259,0.804346723351599,0.685042841588868,0.831416640773076,1.46291181575673,1.5563358573913,-0.210577943335771,-0.648683334111659,-0.539284625121193,-1.88864752967989,0.855042208912538,-1.64960736546582,-0.38767425536291,-1.20625522640302,0.817947549768367
1.20223426776312,-0.854098554307774,1.06298110176286,-2.73568295461367,0.0343569008361541,0.34226391403406,-0.679095544045712,0.281785822449364,0.0384441047444559,0.739754891566868,-0.925752337952556,-0.911353762942712,-2.67860834164011,-2.24144599343138,1.19518646971715,0.898868552480494,1.85952049198573,0.376427419378788,-0.970329215544362,-0.918269353691198,0.0439670033642498,-0.12390826454843,-0.148345819337292,-0.348143970579966,1.16781177514387,0.681027317947598,-0.945887817165356,0.455773572751309,-0.637676584130854,-2.3505962685044,-0.709106567838633,-1.53773905437515,-0.00161733197844534,-0.000207036660476334,-0.456350820080608,-1.97149161874469,0.552465329561547,-0.908604259128699,-0.145063451955157,0.31437532622432,1.7904636412652,0.886460316605798,1.0341174301865,-0.153971794053865,-0.819320507016787,0.360314285291268,-0.169330571700088,-0.851413559960192,-0.967409641391229,3.02141353120455
-1.5355783764521,0.748680479956385,-0.0679955014323099,0.252385272027777,0.799708590731133,0.281068916225555,1.35143147665163,1.58453387461712,-0.520147603237196,-0.097513754286054,0.440617800588561,0.365901503327741,1.91146960124165,-0.295903736872993,-1.18735284846375,-0.12222249820406,-1.45137225702474,0.521691837742648,1.08624438826378,0.756967763134476,0.349448873374877,0.0264042583288743,0.368720605122594,-0.0992191056544113,-0.0957495926128386,0.568413958710652,1.17514594147671,0.0442958200350436,-0.163184998082729,1.74380359189493,-0.301725556219447,0.638053894337341,1.05542693812033,1.55661712618017,-0.248713820782351,1.69179173524475,-0.9551022734636,-0.00585798482909293,-1.75017427986593,0.812345541829717,-1.80197639694564,0.425260640732217,-0.47961451090994,0.631931608283858,-0.313418590104809,-0.16547651994798,0.0900005986393754,-0.41321676645819,2.05959729902666,-0.147632175994615
1.30996203268859,0.380555468214075,-1.99410925517602,0.629567089938517,-0.80003501695322,0.602927840423503,-1.57251373537211,0.00869275033393229,0.850650852943069,0.88239552539567,0.104031798523247,-0.101185841772898,0.625207654643892,1.80537341376115,0.585999327262027,-2.98387542135444,-0.15536230054426,-2.87639967931311,-0.811756993142407,-0.27581331974444,0.22689108550645,0.289687525153629,-0.350333160492012,0.290963657699622,-0.57068213130123,-1.40946789055874,-0.756708404131209,0.0761905564871705,-0.256892257113333,-0.916307699734079,2.23468147019195,1.52721031966036,-0.859033234266527,-2.23808892483427,1.43002522818916,-0.0654672741902367,-0.264254718000584,2.82013990491925,-0.0550312375717431,-1.3582538597401,0.141221309784425,-1.5262609380639,0.160904541587998,0.0267713623687987,0.90024924053991,0.921615781791704,-0.377488464137704,1.01452030488305,-0.0581888174377094,-1.38979593572254
1.28267963952943,-0.468347389909597,0.841830368373985,-0.727736680058765,-1.11796728041918,-1.16107431153159,-1.0991206817345,-1.40921979718815,-0.169703542482329,0.942188272634533,-1.16982770144676,-0.360509293192075,-1.90708424552031,0.183207971721465,-0.703620171607445,-0.35237363306915,0.978517855228578,-0.0190876258909307,0.797240317179076,0.125269768165764,0.0593965335263396,0.316259027402775,-0.465327560787337,-0.162833767028289,-0.100748789498916,0.030101248454647,-0.307676195463712,0.210734301613164,0.74500936338721,-0.0331336321258248,0.0310384924657452,-0.982047026078189,0.363438584284997,-2.16587317505459,-0.0535544032944013,-0.908649495501811,0.188859897106556,-1.11827282121888,0.875477300709297,0.137905575172652,0.0465523057093459,1.20712796070468,1.14952778285224,-0.0110791483525998,0.519177425603328,-0.288155736498404,0.628966170918305,0.05616401704456,-1.13499302510451,0.682087771635855
-0.625856284230075,-0.671636566011787,-0.0653463000061514,0.587680264395959,-0.0476125699156472,1.09341755873643,-0.0690120276302027,-0.0656504627778309,0.881034266222263,-0.230124798049739,0.515139061831686,-0.302766469596129,-0.547503271298292,0.217157929591911,2.40080354613022,0.292986539899765,0.524925340132949,0.660381660997609,-2.98997242239519,-1.38890317588802,-1.1306100567824,0.0595824815169842,1.20869977477577,0.752810781643406,-0.0259068117279512,-0.232699190679039,-0.159918473551983,-0.284443369046665,-0.521101170416856,-2.28753486684439,0.265279986703011,-0.231275921055124,-0.615790023371566,0.453948985911886,1.41890547949769,-0.276542895147316,0.353751075015931,1.38835715466471,1.17483628663485,1.84218939258511,1.39009780471119,-0.0107147407492246,-0.0615220141749263,-0.851544059026237,-1.28693568619561,1.09899072446377,-1.77085650691151,-0.30120827349503,-0.80800061514961,0.0907824270187326
-0.081639516640579,0.602748791081461,-0.524553435578143,1.0204686545158,-0.611291756180153,-0.671858164163636,0.0916896527521872,-0.937515250374377,-0.424517797501378,-0.487461738487905,0.0153444861075979,-0.0401477588177336,0.724800615996923,0.854703542520983,-0.923851386607251,0.352783028180997,-0.803235421924965,0.304517022922302,2.33775308712312,0.898121306400872,-0.128253786910006,-0.035424810583127,-0.0863567657147309,-0.339696204020276,-0.982547239644957,-0.015421623752065,0.461390716936045,0.144097045165585,1.29701150050195,1.58958736303427,0.489112683522249,0.947917783274569,0.273414105340066,-1.33776536256048,-0.442539631461738,1.03412098195723,-0.517093153145602,0.348328655659753,0.162012387109619,0.161184877111913,-1.39751519268555,0.957330213730452,0.985123620773143,-0.0374373375072142,0.84304569306039,-1.01897496731873,0.635939000941394,0.824364182535024,0.00985091238693941,-1.14027827896588
0.530049785358698,-0.893471777266643,-2.47704041834468,-1.7870832837,-1.950615992246,-1.38386977162497,-1.27692183166491,1.04517112476296,-0.659922392872478,2.27696711197524,1.55940258099788,1.67489508334609,0.866551257957019,1.99356712572332,-0.207337703759498,-1.45220219417207,1.38667521411993,-5.98970796114573,-0.652020964382549,0.230757501234254,2.03574571991126,1.02134700355,-0.831918766045113,-1.26702712672786,0.81346173404982,-0.722386280755954,-1.66439275374203,-0.199068243255708,-0.546217726586229,-2.3817794298993,1.54796343475204,1.96428615034499,-0.23362476776739,-4.12315492491015,1.07866391319605,0.20397063379314,0.445664355797614,2.27575691706341,-0.463453159263481,-2.24770488709598,0.477030459776786,-2.25299579081979,-1.00214227947472,1.20830399182162,2.15388548562609,3.19592364039464,-2.08500834891803,1.5184193189202,-1.44836788546863,0.95107781179108
0.0209650948821816,0.735270648575285,-0.219062634321451,1.18481042153389,0.0114293758241417,-0.353882791214256,0.125364278963974,-0.996715509799148,-0.32490463906798,0.0522920850550975,0.509320044056713,-0.188284972996508,1.09224537647741,0.282513219483385,-0.441480006838648,0.240263447091577,-0.426646482672175,0.0810447846892189,1.6603273464978,1.72895948278074,-0.166021833999471,0.212446338469502,0.156546760858376,-0.829325813831248,-1.13333177416354,0.120938342785015,0.675187517092065,-0.0600603246469983,1.12452670163718,1.45842055280095,0.302264032613123,0.823324571519671,0.0256363404130714,-1.4606681824827,0.236558449418204,0.825030758998495,-0.287395225303026,-0.145923689922745,0.227740981803243,0.426786173018873,-1.63920365704194,0.353432752352742,0.1149260315641,0.284215615736798,1.15649450779885,-1.18671198668349,0.586815270893783,0.388666816312835,0.681192114726884,-1.57091518202121
-0.273774265947583,-0.537840276533742,0.357925819481458,-0.0704123407186507,0.301077362733787,0.512704189507595,0.286507985775163,0.219762040137168,0.842888050126683,0.122595939778771,0.203941190457663,-0.00186237027279061,-0.997407003055899,-0.935594732871527,2.74828496353116,1.26103151911373,0.967772039845262,0.758538651588122,-3.10570917141637,-0.873775039784961,-0.263629639082876,0.186519891875975,0.728626733535439,0.0891681615457345,0.788706076221412,-0.0399016469323983,-0.92263451332518,-0.52075188378823,-1.02895802512512,-2.22169148693802,0.57970355346029,-0.98888557402207,-0.552875845698689,0.266946055556285,0.582916595548743,-0.830161450884458,1.03187651024927,0.642124455008519,1.403664860523,1.79955042092853,1.69640999392107,0.540201454106277,-0.275885312591344,-0.500045325790745,-1.46959040660128,0.669883953407568,-1.08459574971359,-0.886287582625667,-0.634101302170819,0.971767242655227
1.44413739377681,-0.83570607243596,0.378936638198374,-0.284527520755797,-1.0292161637151,-0.840317115314363,-1.04603969321234,-1.17509682110561,-0.424304705331632,0.414673261930563,-0.782076289148543,-0.669332377010916,-1.58103386844471,0.248064117463894,-0.779145626232643,0.210898731760675,1.31335979370747,-0.0621297650935282,1.21667700519529,0.61150887148376,0.0679903780123624,0.315181500178787,-0.212778867164922,-0.754824064463644,0.242506522830222,-0.252544447246996,-0.433127173762232,0.427271779035747,0.946443098219062,0.212049823065979,0.108721092164581,-0.871223366246789,0.176110782247741,-1.68150177728288,0.180313655352268,-0.854399040074465,0.402574617399109,-1.17176364872381,0.905940148016837,-0.199311375289163,0.220019615049354,0.819325952478395,0.777893253784941,0.55867800179316,0.686214243048575,-0.667237942599094,0.695329676341523,0.00683259679169701,-0.992376662234505,0.166975784699871
-0.895536283263614,0.47720248337713,0.632621312445571,0.44238061706083,0.586427439822693,-0.28306424772247,0.943927403251703,1.67400496689666,-0.0301766217106868,-1.06237116077183,0.358945416450027,0.381046624495459,1.51827179084843,-0.578964254501564,-1.89699098426149,-0.379149548270757,-1.04742829433436,0.51030138935103,0.42725075270708,0.693425590718937,0.452426109252189,0.573209022522748,0.490761864555143,0.313237807052503,0.666716903123406,-0.0208937132295045,0.294640536179946,-0.643594712806305,-0.365868553118622,1.24806360247395,-0.971387054410265,-0.168270108349199,0.207423365658283,2.31969553846754,-0.208315231213621,0.741878496699753,-0.626747387642704,-0.889016639761652,-1.82318304208741,0.22078207356355,-0.962328567962638,-0.886530758251179,-1.33992854906863,0.932678774407314,0.0290160730540355,0.150018190167327,-0.122948475085251,-0.612399724154272,2.02215454044324,0.470203839503991
-1.05403030205091,0.774929114038888,0.274749961711967,0.852923566394286,0.542923602970408,0.114308610775325,1.47448671773727,0.805620483082115,-0.489728663252456,-0.576970852903484,0.690563990325327,0.630089651793989,2.34617904662274,-0.851287062518907,-0.926724737223835,-0.142960288059845,-1.70520230108408,0.295160579898053,1.00570872361147,1.96820608129798,0.355769633228686,0.15210294895905,0.146897910804077,0.108361004198098,-1.05025477627174,0.396188180085724,1.35976387641906,0.15184707412489,-0.0351699015418442,1.56920685545722,-0.222575166262138,0.693555304279139,0.357564683653936,0.991369730597636,-0.730619957905922,1.7347252535521,-1.48994151971713,-0.378904650799191,-1.01633159417641,0.635236256876688,-1.75776319437636,0.459647121522789,-0.31283933507914,0.44604678671071,0.68625694486433,-1.20994483228129,0.027495153594434,0.441688393750877,1.83282331176661,-0.683625557891903
1.12845987547246,-1.00988150928625,1.37406999034528,-2.38878897184497,0.374919459051186,-0.032577199237986,-1.11319461084425,0.562872871311691,-0.244689059323043,0.744117709245127,-1.39666956950444,-0.948189703251778,-2.87612055535858,-1.83347170162604,1.19531144910217,1.07102388849548,2.08612775821929,0.0904418677559435,-0.616233107051152,-0.0284178308627207,-0.732824021016636,-0.0377219098280433,-0.390633713896194,-0.858800389734484,1.20302975382661,0.628254986356863,-0.627019781728428,0.273366742057066,-0.178837517496565,-1.36977283444755,-0.223142762747188,-1.35875200763907,0.653051357572916,-0.299786375534829,-0.0660368286772467,-2.09092459586784,0.231414899364803,-1.06104198601644,-0.0401634393967048,0.391907019621364,1.40670278878681,1.19384288861656,0.825875494021376,-0.362124916565825,-0.644327902544398,0.00767690656725081,0.064228220533938,-0.247809059970349,-1.10262921835755,2.01612661620911
-1.02791986887153,0.646894298148079,-0.159152007980703,1.15622948995899,0.661069230395584,0.177518773930238,1.22183465069199,1.1133423685479,-0.965022643049499,-0.842137002814286,0.67027743073134,0.46117831804078,1.57656714306478,-0.577746957978978,-1.30196704202001,0.198571055538277,-1.27758587747477,0.0826327826286279,0.754096952635883,1.84506107987119,0.217401605069455,0.0147273835788605,0.292214604483209,-0.252796076994942,-0.875652349186563,0.38523479422015,1.03993512179231,-0.0497933733950581,-0.129059062638964,1.942522994562,-0.480831345923838,0.878256380465148,0.834238062471079,1.58186132494054,-0.239494752177207,2.03833454528502,-1.00771850410646,-0.0374710156145718,-1.20473369868623,0.128268382825316,-1.97380868358709,0.635662193783866,-0.325398406736994,1.06955294140738,0.603177909801788,-0.802553677778347,0.417610991791802,-0.138282054523839,1.80358181726597,-0.339597668944356
0.919307608150748,-0.247656848280183,-2.10713579878115,0.120135434178606,-1.07872659912755,0.566228501786827,-1.79289511432834,0.239768640299739,0.573379560401775,1.11012206604831,0.684882579920528,0.412004637573218,0.739773665920397,2.07916102261686,-0.107763875296537,-2.12924683841855,0.287268011459948,-3.91221299460707,-0.503256044745048,-0.958862234583483,1.31358775223212,0.360274111117724,-0.442111747976285,0.331424852366513,-0.217958414095439,-1.31198538492171,-1.30516323988352,0.28813246290654,-0.491911573688209,-1.79969132585599,2.49666190801913,1.77229884283227,-0.947739344964415,-2.25258695407325,1.4589685448931,-0.154869961405048,-0.297976913014971,2.74318738240684,0.639904658509072,-1.30208276678979,0.26386884091188,-1.69540838649735,0.0519644221598948,0.476252825124533,1.32711873340136,1.71248559087013,-0.437820712179958,1.55034140426036,-0.829243401061967,-0.785741706555856
0.178759223081954,0.503321571316464,-0.668313236008762,0.819231200641803,-0.066911349863273,-0.488833755060934,0.191261720378344,-1.23878992443574,-1.30948175759171,-0.617390510291063,-0.165051842963287,-0.335508314889961,1.14461210835337,0.518013911726784,-0.532890946912203,-0.131808945780499,-0.603254560089684,0.0760655300375834,1.86156147489698,1.17137241449432,0.144130176539573,0.0909223803770063,-0.333826910007416,-0.472989609681356,-1.46439006113216,-0.170014360133037,0.97082976014212,-0.148144395672301,0.595072169518802,1.50155095518231,0.831643783311177,0.927802392530067,0.520267705739719,-1.50011392533049,-0.134324049291247,0.62802237960487,-0.329776117357397,0.155939772818983,-0.173027746498423,0.0773632984569902,-1.63573152458246,0.344097468314043,0.262189087725569,-0.187578572909041,0.782663250012785,-1.33863917424249,-0.000515709373839976,0.634573854157167,0.620535998944763,-1.56865383760605
-0.965246333208473,0.481188710246292,0.14523303490875,-0.336398879950779,0.546124744325601,-0.184277665147772,1.40803796895326,1.81051885012717,-0.17276740685854,-0.345489095131733,0.826106914078098,0.893868911081591,2.00109404579298,-0.542276969602409,-1.40704838165442,-0.615215979307934,-0.971811112509814,0.0925949937279877,0.682781397324048,0.473672916544117,0.932578312508877,0.145505473792745,-0.12991912340369,0.616990763684387,-0.174369053997918,0.341744053914268,0.167072016864177,-0.205393572628128,0.138586946550972,1.60944848091471,-1.06621283147412,-0.0916516929349011,0.726624022791874,1.52032197104104,-0.0160996922843635,1.48592136145235,-1.17035723069368,-0.117525962875649,-1.46024895211737,-0.0535813167367201,-1.14922251910891,-0.174482165876993,-1.24433585193702,0.391333101583043,-0.130930776474699,-0.0471188151103962,-0.618567913548223,-0.710786640489214,1.78695334087505,0.192894145974814
-1.18133825099789,0.722268641677216,-0.0568432793682695,0.621297367212142,0.486715841370007,0.338829122352296,1.20422753425259,1.04853539568684,-0.225690431817287,-0.236543942168646,0.50060423857079,0.534683362909134,1.56771762543993,-0.676320250526451,-1.45378707979588,-0.00708874804236433,-1.463455175059,0.363642231273722,0.726758222110874,1.42855391331584,0.0696223099176453,0.174119733544316,0.891860048223821,-0.0927831045957813,-0.4608550468199,0.452804757968365,0.372711183818324,-0.135032068294474,-0.448617627291114,1.30911597671474,-0.324622244747744,0.859903318444345,0.662319145125541,1.7193841717816,-0.0932792140011017,1.38320276674065,-0.9624712722166,-0.603789581335948,-1.39980752408171,-0.188801722347808,-1.29800640213229,0.0181647754748113,-0.295833978387543,0.777604790292001,0.664070179016764,-0.370758770125821,0.132672259052002,-0.252181633674547,2.06727425957815,-0.43112278418019
-0.971521581347302,0.846895460125852,-0.140684571477528,1.05338202106838,0.315654243992523,-0.387428315491335,1.3786067070492,-0.535839659017076,-1.09031498468378,-0.637656841222471,0.237325227343873,0.622657030193843,1.29983500124883,0.792680849131599,-0.874189596988712,0.503096117178359,-1.56968447439684,0.276573743512038,1.53148386100356,1.74641660798934,-0.111714341909571,-0.152275807466264,-0.231671129621763,-0.487888926100664,-1.30279887985906,0.0262876829269696,0.946072354726215,-0.370036658096914,0.247806562903788,1.92278992113311,0.368741867458567,1.47711859887164,0.244063077910848,-0.325050985335329,-0.381331498988505,1.44327016689072,-0.684977973964935,-0.547764534446361,-0.193568040781994,0.515565426353783,-1.31663218841969,0.477051331296686,0.360982319904909,0.456757989121442,0.882972952980891,-1.27528458184804,0.379246224852655,0.171268562537002,0.659715740335886,-0.95579540669269
-1.08733067520726,1.05998935003395,-0.570906543272978,1.01529744278734,0.646317449506751,-0.284297669798983,0.930315268830666,-0.0699528726084242,-0.593842601188738,-0.91355290436359,0.0336136398638102,0.224175176525748,0.942685806646546,-0.0693012782013284,-0.451469856397744,0.589900499582125,-1.61565357358731,0.55803416974009,1.70048210044812,2.05821629844932,-0.241691469417224,0.379910870711887,0.2609896558285,-0.756708812508288,-1.56138738541348,0.596790624380072,0.838615442620321,-0.0890008357291523,-0.0924283813907622,1.18090438984468,-0.244261544398714,1.35456329729751,0.57242022558539,0.0202408415563703,-0.177292439960681,1.46425033921143,-1.57104114113817,0.102933484420619,-0.495453008979517,0.285834200351694,-1.0871072099106,0.8171532895844,0.512807844033574,0.474959594870311,1.44672661263705,-1.12823886063467,0.589399788793783,0.507447084277216,1.63333953330591,-0.84791506491316
-1.49317599590945,1.07435704000146,-0.178518906585522,1.03981124155108,0.742130923217369,-0.371962647965027,0.753220503931565,0.164811354845101,-0.751604963069847,-0.481855814338655,0.0696836101975929,0.306011731776072,1.93625807160102,0.220192569990013,-0.640444560360735,0.773449408554887,-1.60534772869396,0.268844374688336,1.73743651357023,1.35185190815459,0.301013198106868,-0.353903618676533,0.635012347271622,-0.118946785470741,-1.81111039705458,0.508637334430581,1.24156858960073,-0.32821259421669,0.563697502798436,1.88883202677236,0.729799602366077,1.04093728462,0.844735399000302,-0.0136395142758471,-0.724388318643117,1.60927272821265,-1.12470077441149,-0.083551662045939,-0.483884965081307,0.1701071937864,-1.4532693246373,0.570510529045735,0.252890959185789,0.542019711178244,1.09531881679268,-1.443641818573,0.445217673076921,0.701010884466026,1.22971305823525,-0.544044157151367
-0.924947674505424,1.33232060118728,-0.55343039238951,0.90694283688719,0.803551347567705,-0.242708112519979,0.449171355413074,-0.225053025981216,-1.47723091203551,-1.0694541395452,0.599510037458894,0.139964341668612,1.4452805730987,0.00654968921991559,-0.939433548004697,0.47998531809024,-1.99384381919628,0.475010314623546,1.70111491530513,1.70928933154794,-0.174190929712409,0.0295027701069626,0.0169707722023675,-0.360399524113646,-0.907126047019069,-0.0416551425518952,1.02809039029163,-0.155031412802572,0.785073242747538,1.52450800010635,-0.0105663768244868,1.18280895290309,0.658183956911235,-0.047623132799231,-0.890885862468951,1.77324284216916,-0.70271595043569,-0.289102836483018,-0.51653320151127,0.248434611038929,-1.41113456800287,0.81434067311164,0.781746223607651,0.246358649050732,1.15379233039493,-1.41649268292238,0.407500331136485,0.413720983304862,1.35687479140141,-0.803729152246139
-0.414472355872042,-0.926753889477766,0.182937078557264,-1.22837608996507,0.307857008753806,0.607825122436825,0.169781643589307,0.0213974473284866,0.077748352001888,0.344656512721385,0.315500535821566,-0.1602899723734,-1.78590734958199,-0.805925218164882,2.62776291034865,1.46326392320546,1.51986463729696,0.340150263566697,-2.97175431298936,-0.583661527187466,-0.68075878526484,0.263315217741074,0.707433913453945,0.438132258926429,1.14362340536544,0.559581088850482,-0.669478390209055,-0.325389765950286,-0.233843676849766,-1.6961017696956,-0.700204513194536,-1.09767839322834,0.0259930275838037,0.20398221316998,0.189815629742239,-1.41589852395374,0.554673713605277,-0.172546943498544,1.38221470368749,1.17369195718981,1.4665287445744,0.949311267118682,0.0209275943504291,-0.593467388147287,-1.28448821200347,1.0280250140538,-1.68303438164843,-0.730524979832455,-1.39966649067225,1.87836256006696
0.36561259522736,-0.86554293036856,1.08918720820519,-2.4665247998241,0.571014722009602,0.771807450823144,-0.352015746748898,0.718069783259971,-0.221214602821749,0.283523625592802,-0.918097239350713,-0.0946597919202877,-2.52463616793346,-2.06344431889618,2.00616779052946,1.26770428120226,1.73219449394111,0.192538735249209,-1.30236345747547,-0.279528031694898,-0.592649928636617,-0.066060644947297,0.078044416432544,-0.868921118277702,0.966918735838972,0.587313491186136,-1.06963097434209,0.047113390712686,0.0459999039774533,-2.47532029955448,-0.449822674474644,-1.56062774450069,-0.250678052348302,-0.0019733080139239,-0.111966789938581,-1.83078015028088,0.679301266034695,-0.349167148894262,-0.0632233014352017,0.602164721642993,1.62112027766597,1.38951487376894,-0.178735143093086,-0.825732671894491,-1.1334794014655,0.555099661448623,-0.00436556012764171,-0.989054900203881,-1.48237276064338,2.29495553731026
1.47428365563323,-0.315652025436753,0.802939549212125,-1.16128860652455,-0.706752833986645,-0.73424778233963,-1.40549460825438,-0.789047474736936,-0.351814788751414,0.829908902207485,-1.24442209680936,-0.892418519458186,-2.41708609234383,-0.979715992378221,0.313023286208372,0.455953006493329,1.52099664720338,0.0853682816536599,0.511283765923343,0.283339180733163,0.117397814340249,0.221456394050944,-0.678880780138228,-0.650936198284782,0.461567209539457,0.132153726935445,-0.635517700120594,0.0594028862533965,0.598817747348208,-0.671825640456452,-0.128043845835917,-1.36758596648017,0.0703679915408113,-0.921827639909086,-0.247908613818678,-1.19808129847501,0.37342695966996,-1.30932513503675,0.450495698280369,-0.620919135144157,0.512324917233258,1.57317398124557,0.803071643552643,-0.224005472265532,-0.219863164551141,-0.422202626245491,0.702483589908235,0.0147871387819116,-1.51069022048122,0.89334717966901
0.645910210557121,0.171164718132662,0.14734341869701,0.454186642032798,-0.832766241641908,-0.578587926711844,-0.0769889024253215,-1.70599166807445,-0.479172668652225,0.241733585335152,-0.25805005083005,0.0681440628853248,0.299568688640465,0.71402968202256,-0.557376879943947,0.359532514704663,0.140610198684579,0.266811566452589,2.22265243363842,0.76379947806106,0.136147562835808,-0.24377675764935,-0.511637427029419,-0.506130975846486,-0.706555242065039,0.0945707903080621,0.420212529803891,0.15372174766391,1.21844055851632,0.861240370678811,0.469978173970564,0.515510712839401,-0.115946660946335,-1.97908302433369,-0.258433688752973,0.259394351375452,0.492615064587221,-0.783422562556863,0.599933920532258,0.20757927280011,-0.483872961013271,0.933808906515171,0.540803415213389,0.323863898802645,1.35468280525221,-0.83035962710409,0.744478018142797,0.303965116851355,-0.350149033152683,-1.07786170091866
0.568888984421999,0.331911869281052,0.452771747201819,0.290808898653071,-1.05719051210555,-1.13672730009367,-0.615105676737114,-1.77214464148289,-0.490758959975071,0.42645386977527,-0.792722861366608,-0.0663065350328545,-0.56423866881628,0.464738464095687,-0.747622070655056,-0.13776716315357,0.439468392597779,-0.44413250278559,2.36042935330754,0.141871635476336,-0.20279655809874,-0.0867137577725954,-0.428912100484735,-0.393355360236975,-0.758201705939984,-0.186436426873282,0.157877674179911,0.139487828021937,1.04323318130467,0.112837665146843,0.587684526565997,0.138941304916165,0.551688560849648,-2.50668015494887,0.486452358141401,-0.19549701362763,0.419357628453522,-0.710318297717931,0.672841850318315,-0.0182105903542533,-0.445212060545302,0.513260781118956,0.413149001914711,0.0698476316295538,0.871606777774064,-0.0105648922770291,0.411546718951206,0.713113933112709,-0.75394534295382,-0.787294557155738
-0.424943930131055,0.919392724161429,-1.0755798602313,1.03196022385323,0.470812821785703,0.313117600176263,0.913979162575541,-0.658841607305002,-0.969676343873184,-0.457076173819768,0.67895439618518,0.474909938004079,1.75727109759302,-0.375401699948235,-0.647393025823086,0.401486083571747,-1.05216424273961,0.373860887606955,2.41453962406462,1.85258958995032,0.372804346358436,0.274309309965776,0.177127310142535,-0.458257542876553,-1.27818447300227,0.689839133730863,1.1359022271572,-0.0849615394325339,0.845694076390533,1.70550857945066,0.714554452946859,1.72741548827935,0.475100917070955,-0.555947486159041,-0.670573025812056,1.60406099135466,-0.939512023308779,-0.286199670826636,-0.521474637707472,0.12627260615697,-1.32860052510749,1.07184793769544,0.247851677574844,-0.276353623905431,1.43427359432103,-1.20425486828193,0.620831613447221,0.819100415062116,1.19129583093216,-1.13149533061743
1.22378190074304,-0.349708769244973,0.643058838159837,0.196843944450299,-1.14023720805894,-0.736627616657409,-0.566965969494787,-1.39367233721562,-0.44850499412871,0.542236186356957,-0.574926456734585,-0.277143343968915,-1.05265679744117,0.267545299247691,-0.720272432025338,-0.29755777651686,1.30865360079132,0.366461082495194,1.05751047688744,0.448134538261673,-0.0693331426765628,-0.27904355250077,0.114986440428656,-0.668484396823643,-0.186648638589182,0.0552093326824445,0.0789628411929053,-0.0497354921889837,1.0355898042324,0.148847073702043,0.46632266665095,-0.916167763445308,-0.177955634094909,-1.36945811440798,-0.157775771928999,-0.974265837812477,0.426161038529262,-0.662093697490559,0.559245011124493,-0.480909404858974,0.0799019904999385,0.675820417575098,1.04625901988275,0.133988418260336,0.449789222831695,-0.251796879952288,0.211790519701318,0.604436645752206,-0.826779487266358,-0.516740121483993
-1.25906328470209,1.65165441372968,-0.337841933769293,0.930459401419526,0.753776129009333,0.10379277617201,0.910321329090762,0.423340837501654,-0.51752365157015,-0.611939112551234,0.660779699875528,0.588949051025364,1.3640379216973,-0.59985603145697,-0.676877834202807,0.656257226901367,-1.66081059524228,0.251092756416196,1.41319221469522,1.52049968377367,0.105048831016064,0.0465496374330083,0.568545172623715,-0.0140286070244647,-1.00615753753227,0.628049292214682,1.52610469947351,0.33317817406511,0.369855374748893,2.18599436017804,0.0154176870225327,1.39213192963823,0.411147462576198,0.372395508727681,-0.696404879215598,1.84513764082662,-1.4227156516987,-0.250984409539886,-1.29016381406715,0.223185277905264,-0.959437088607062,0.665033848812985,0.0522393572831444,0.585451369742714,1.10986717390565,-1.31045701419731,0.192861586914446,0.178339307183582,1.36862455783905,-0.48637792433937
-1.34537764380006,-0.810315370379313,-0.168198699921812,-0.514837421370904,-0.624066878997136,-0.781826162192347,1.21526180633828,1.33833870160028,0.854078351630261,-0.675967873262886,1.8689826521125,0.357994056608553,1.57605452216795,1.51933053970322,-1.98531225891687,-0.769477703152867,-0.164610343963305,0.260956320533759,0.410300922834957,-2.08529971395717,0.81320806606044,-0.681593258912298,-1.6142286577933,0.279553193158619,1.49106073071553,-0.308780475760661,-0.205630998206539,-0.585353636482301,-0.850123926815526,1.83834287383113,-1.78579051400847,-1.80599084637565,-0.380365965166529,3.11941233172315,-1.20393835054875,-0.387870459613765,1.33254668221338,-0.333338895505955,-0.908200822734987,-2.73998818904546,-0.0686285740188465,-3.06156318793496,-1.85248073056887,0.130427243520423,-0.793536756887821,0.814647279311582,1.49506784264627,-1.37316935005445,-0.206229947437777,-0.283306314808849
0.564626083444934,-0.243192473355488,0.981690130459814,-2.34430965512633,0.821254758421613,0.379577741305471,-0.329568176462872,0.304652816811117,0.116810400840897,0.790473718332267,-0.783897193607599,-0.142222039207895,-2.33505602287368,-2.31141016105318,1.70975118293678,1.64520427473085,1.74463485832898,0.397562229778229,-2.0115616708537,-0.955733164243986,-0.460220084212257,0.103423110326021,0.644539865489256,-0.368943144015792,1.31930700582733,0.667860768939919,-0.68137230765247,9.34294774369918e-05,-0.539191137600475,-1.64883123152569,-0.748994456865727,-1.45003546787534,-0.432244916596335,-0.0860151150132615,0.388891148718329,-1.05921713212004,0.219144797463225,-0.440520411879788,0.107176434373728,1.03962615118642,2.00663914821749,0.922128933542852,1.01091334379718,-0.37830348942123,-0.890768965311943,0.862577177276769,-0.982436812117777,-1.10784562305078,-0.617118192075756,2.55479250131516
0.219618826090958,-0.149386408705058,-1.07429849423571,1.2477799753963,-0.515809600486685,1.49430494197671,-0.479399555704176,-0.387724569525726,1.48210358341028,0.140571318479691,-0.0283504597106848,-0.544360351823712,-0.365697082082187,0.843280040441361,1.67758793317911,-1.28979747279172,-0.579286217101493,0.372458114614612,-2.90805781398431,-1.21411279389194,-0.762311351795046,-0.12282846978292,1.09985289762133,1.18403290939005,-0.85356721876077,-1.16203578647057,-0.742103252429394,0.26066405535926,-0.587684888762942,-1.09472766792242,1.13108585626145,0.0902216039901511,-1.33145056189276,-0.0563090222804957,1.21386218615193,-0.146404310481053,0.0986225310471505,2.43963139284912,0.957108959309239,0.98628468879511,0.433501170441816,-0.611655251307366,0.480665167884078,-0.842651739154976,-0.920795262435421,0.00226498717383472,-0.850042706699494,0.459902096105317,-0.447404280431071,-1.59995725371746
1.22543779570779,-0.154799001712402,0.423800767556955,-0.465644477732082,-0.843588472419613,-1.19553334535322,-1.3506033382436,-1.75237252504659,-0.61751092413984,0.491522005770468,-0.639835371505789,-0.884145018298522,-1.46989123968741,0.224434015060315,-0.539713827368683,-0.0240033147456891,1.18040146112467,0.112620078820858,1.38375830580036,0.26630322705196,-0.554477637422567,0.378736787787785,-0.627141543752821,-0.674833584307009,0.169096788663537,0.217136402170395,-0.164350925974114,0.377410130546018,0.856391132636305,-0.333924438431193,0.137677026428847,-0.79529775017584,0.197110288834371,-1.32847699656246,-0.409201507180124,-0.810380792600686,0.228704751957684,-1.33207058267309,1.29107914532477,-0.180104828596541,0.0620909852600538,1.05780961797455,0.4853303108201,-0.0166566391513377,0.821266231381043,-0.453155822934513,0.366204997831595,0.713826600544415,-0.743583983288427,-0.531486203487161
-0.694498384713142,0.64960726296167,-0.00249831530563013,0.40186450428081,0.79721464499363,-0.249768475211535,1.59368396253602,0.163896817457558,-0.956565982621242,-0.336466282227143,0.307887560823305,0.165934110909137,1.64462520418432,0.0647441013784278,-0.854485335416017,0.055983815108735,-1.22004534628703,0.182855187628517,1.8602950562637,1.42171364248701,0.461660117984799,0.0602903995413741,-0.259016234334613,-0.264540219731409,-1.02889244121141,0.335208282923524,0.691056003280488,0.462583922307359,0.313506120481022,1.5900307933267,0.362071557982921,1.6193625368774,0.85439111256498,0.249359735919759,-0.546887517262751,1.43520943372526,-0.78196271341133,0.164029497576122,-0.633647195886445,0.566694076287055,-1.17724911355894,0.709495309487763,0.465958979236873,0.445912446419141,1.53780391228003,-1.86284609005622,0.140936948477142,1.09320551354623,1.19148525649434,-1.12409208712556
1.49606355608121,-0.280505637792423,1.0889824484616,-2.38014901465325,-0.380413877553735,0.0574178495244194,-1.11315463141967,0.216415224044822,-0.247027168748703,1.13667559092857,-1.07898346209987,-0.926415495360247,-2.91014344600456,-1.5816899638124,1.17020586703902,1.02571344217147,1.66995545868769,0.0170893943855493,-0.47237184281695,-0.697390233987882,-0.50481692760335,-0.406973227544122,-0.488427007583753,-0.659610177155866,1.05140414833369,0.509243357934568,-0.409664351754772,0.558434793375982,-0.0448193381671992,-1.69637845903072,-0.749939655393496,-1.32766773523852,0.131078778427208,-0.20667322465691,-0.522342712080296,-1.96740563906228,0.182732566132991,-0.748827732202163,-0.129295003346525,0.0348052726712223,1.4110994957552,1.08328419815082,0.713922823879346,-0.204480719130039,-0.686668524562153,0.278835412047122,-0.0147688149294512,-0.470315003186791,-1.04855869811432,2.16247162402518
0.228409030810904,0.139552644358933,-0.315745390033787,1.47434270430894,-0.819065824910481,-0.159222507724568,0.0790974373448868,-1.52532138601826,-0.809628941475049,-0.516674378157611,-0.373420031059572,0.0960774595858183,0.562191214286434,0.960593087723306,-1.66213736674925,0.0337682907515368,-0.535246416142468,0.170291002116484,2.18812094631058,1.31689876046898,-0.126462331521103,0.30039923947976,0.27012264663463,-0.505316307630011,-1.15619016173894,0.125673884316588,0.786309233742749,0.338605474413169,0.679609802904509,1.55182424497257,0.340856465096715,0.920270874817842,0.474805890025179,-1.10373670549558,-0.0951833539850177,0.401838782409937,-0.465232270841866,-0.145233443542383,0.130549165909725,-0.108349861111368,-1.67126740653587,0.13689424347165,0.208364024637611,0.313030558645084,1.52567580368583,-1.20172280356836,0.944626143723186,0.835385355993605,0.756445019652163,-1.38018427311186
0.636526017252758,-0.915752802692846,0.864578628695412,-1.89758930977699,0.672906228984576,0.459848555830992,-0.608079847645864,-0.0728242711337875,-0.136151838638043,0.421292875471318,-0.661548359465373,-0.38394686201348,-2.35753962198237,-2.05249121180892,1.74402836646114,1.16919991404174,1.9213692221747,0.627163247151476,-1.63716003095547,-0.855563761253137,-0.112208183415137,0.0203965243395036,0.244563026679316,-0.112494617778473,1.23920121974383,1.21053483687179,-0.541578412422596,0.308158952560722,-0.516205146770423,-2.46509445924959,-0.541048357282513,-1.6842791764329,-0.21390567441741,0.624199208981855,-0.51086468520039,-1.64749219360064,-0.241650362112656,-0.794726934583491,0.624020724281677,0.361942743738833,1.796035600329,1.46690083843729,0.357831695684132,-0.173873839882174,-1.29936720511785,0.651452128466129,-0.511030514486531,-0.822611175670794,-1.47650632627971,2.27690334016188
0.0129150868156636,-0.0610871600759594,-0.808795361850404,0.660403217497475,0.0455781379566445,1.42981998448866,-0.358138093125557,-0.111496552451612,0.870642611042268,-0.26067686062358,0.0242682655818526,-1.02125185515182,-0.319058882569645,0.478310657424284,2.40334301196382,-0.391504276777612,-0.285150127924778,0.771351133080552,-3.02148863662482,-0.66583526003621,-0.498242212172897,-0.0383050601309159,1.34854797836054,0.76145570260493,0.299360234145736,-0.986379282982018,-0.43365954273321,0.162081438719747,-0.304403335275392,-1.44550657342418,1.55820458758638,-0.0917364862538737,-1.03249225932845,-0.0760496207530422,1.23469842207528,-0.576611532907664,0.138137307973938,1.58445866195501,1.79899878546583,1.48520009383412,1.31877189296239,-0.408060347006596,0.309703235709475,-0.589730021666701,-1.0932381957304,0.839987565278154,-1.03660042284895,-0.212262748780073,-0.330473378807298,-0.951937491258435
-0.0234354153912618,-0.00819954849101939,-1.04364183705323,1.42236694913682,0.0388904316810464,1.42429262812695,-0.472409340751477,-0.18365229055408,1.45280772763325,-0.357432418833097,-0.0114706825560966,-0.817800754387327,-0.0759645055851404,0.0978133364394138,2.18290243646982,-0.822342431749467,0.106052021593135,0.648304924872951,-3.05101123932675,-1.4050529073221,-0.698038890480869,8.99208614057343e-05,0.728963242399869,1.32598295953421,-0.119559292653169,-0.981500910272337,-0.663580721629419,0.083646240813621,-0.721334474026487,-1.95439258529867,1.3562361519211,-0.0401609296501451,-0.982548100154025,-0.174146730904245,1.41013967214896,-0.405899493576551,0.236489816523545,1.56515003015808,1.3266600350191,1.1917305590758,0.637961477590482,-0.689555568745075,0.409959895015818,-0.701146775458127,-0.93687030700601,0.347548471928966,-0.945269523168578,0.427911218740764,-0.835584141134189,-0.928469394862144
1.29914536217108,-0.0863041842569404,1.31925887614163,-2.18992864824871,0.189318193061866,0.425086374796783,-1.0858720574291,-0.009746407795529,-0.297307570622548,1.07175986120676,-1.776076165001,-0.447737789485466,-2.86397974553349,-1.08110446291699,1.16705060476449,0.676795303980617,1.80762097338763,0.153284459372415,-0.20172161867161,0.404007661306854,-0.311592967039889,-0.133051667071281,-0.312549579760624,-0.426888730405935,1.04538633384154,-0.0445812946013348,-0.518671678802494,0.675786366483594,-0.0444269909848501,-1.4731084551576,-0.481349846044643,-1.20782152310981,-0.326450661899041,-0.142139076650517,-0.576461428345057,-1.84697295985695,0.360184120532614,-1.05526862264922,-0.0676232118181538,-0.270152885159954,0.780623595551772,1.2049150021936,0.860866555081981,-0.11671533032757,-0.380479230252474,-0.137337495299969,0.116024264246607,-0.4037553530675,-1.42742413203316,2.52602432564386
-0.0825410762912219,-0.45894874602586,-0.312815248800976,0.909054230766986,0.834381243390406,1.12066236450445,-0.173012955510296,-0.197842381027683,0.806379162532195,-0.329963123164999,0.82594517426187,0.0623757681328712,-0.572601565658565,0.059610561517765,2.48547555660969,0.128286805200288,0.425225703254514,0.223420827414365,-3.11903704393228,-0.865085874621416,-0.918552078884609,0.517983661080277,1.08553386305993,0.945433648096227,-0.0127935626327829,-0.287283823702648,-0.752772113170023,0.127204004401455,-0.85622886262621,-2.29033420700372,0.632681819056756,-0.180410916995997,-0.96986683530585,-0.0287712491939784,1.04062214874038,-0.658203063861909,0.473091226981425,1.46695996128449,1.02506246946082,1.30123602177497,0.811141312041276,-0.186824024079596,0.0515109887464368,-0.641628305781474,-1.85290002296505,0.665995681527775,-1.48822286594021,0.192455315672428,-0.707374190178572,0.3258049880512
-1.55176355750476,-1.20807226202241,-0.052323545451897,0.256874296538673,-0.272371357652623,-0.777866231633218,0.727865453329762,0.32514920537847,0.161099257069066,-0.335269672297641,1.56690129532747,0.510628416152451,1.51859666211523,1.73805905272329,-2.17411532659002,-0.766560907715726,-0.627219654264413,0.181665595702564,0.421690645097374,-3.7646474539833,1.49182000340635,-0.834239114535904,-1.87823289992958,-0.128436956558695,1.52658851308722,-1.20444228750414,-0.672438529248855,-0.0678905312915776,-1.05553563263179,1.62981513535957,-2.24593128138595,-1.48128298316644,-0.539430928763218,2.86721767333096,-1.74756823139038,-0.622752557919931,2.42717034079301,-0.93162156369688,-0.396599838259324,-3.20995837179631,0.265713693644096,-4.37533416614984,-2.27129666278492,-0.653109364849826,-0.712686421243044,0.128860999122421,2.09023623688241,-0.896686663637167,-1.3322589903103,-0.4398790658337
-0.0705153540571245,-0.244250490292313,0.741447049048067,-0.331445600356057,-0.116587592828969,-0.585766195911214,0.710213560501706,1.49165135548607,0.875911644485299,0.0524332224702918,0.0684891121032201,0.602656729665981,1.63144149672832,-0.286831198197106,-1.70832709556087,-0.731417336455812,-0.230151615587709,0.656191566200777,0.322008732725246,-0.303215691371703,0.530622778385342,-0.327339218288471,-0.330506672217111,0.423497225386853,1.12710764319729,-0.154208421847771,-0.529732102036242,-0.556384604404534,-0.390795120102789,1.60460600333207,-1.84636285762132,-1.25550579290114,0.142846991033756,2.89140254406841,-0.294417462499143,0.337292845485484,-0.253760153454385,-0.741163945274278,-1.35486188502319,-0.480337542665981,-0.276931967019731,-1.11550395238094,-1.74407335167753,0.450042538021453,-0.546529729358002,0.915587125808278,-0.504436432386815,-1.05622503738925,1.59353125780372,0.0416375351354664
-0.285086633685393,-0.929810953104985,0.281670065610971,-0.451130867978578,-0.467666480230915,-0.560323455125624,1.30663756491095,1.20565734469419,0.64924503241179,-0.164528892868073,0.723935025111867,0.780628472705755,1.71355951914811,0.303400804667761,-2.31181746682356,-0.708236702627107,-0.628792478501061,-0.00465566928293247,0.404519364794924,-1.62541280056418,0.0427889890240122,-0.374744168663679,-0.697294081791137,0.220212016786725,1.78301067123861,-0.379321082524722,-0.508424182154446,-0.349142720504438,-0.637000926577532,1.5039907486658,-1.67791723894497,-1.20847011528931,0.0828640531720106,2.99857848395953,-0.391477865067673,-0.271095370501903,0.815296977026984,-1.33279207581925,-1.32525112055171,-1.81018011181786,-0.00400388158770396,-2.58001447276537,-1.57076381095924,-0.117698840692548,-1.09850045934727,1.27779335175425,0.582380614797321,-1.28098451943942,0.907455741967261,0.0287538247475951
0.960080896790656,0.108911298705227,0.775289049451428,0.917722266814203,-1.05505517925603,-0.867458967360464,-0.723693798075113,-1.97407454385954,-0.915026020179113,0.237139711298761,-0.2154004722709,-0.325760831523356,-0.339411378217401,0.857296268790069,-0.706646547817427,0.377651049296128,0.508214087179276,0.0545458361636615,1.79741419345368,0.482738587136033,-0.272764997028353,0.345254498193132,-0.560445450311906,-0.338062755719224,-0.525358218670243,-0.0171282522701624,0.595242988068132,0.219612219785396,1.08115506173363,0.430675207788558,0.279009416967824,0.09300907646202,-0.0963999827683199,-2.15387919510169,0.0863533271079766,0.0473213909074462,0.665613524613326,-0.46797421674517,0.48403762889193,-0.254018405525964,-0.170968970099751,0.993871802230318,0.913782704358021,-0.0230000777666382,1.1796154458017,-0.332207029282287,0.406935139629203,0.252643827981624,-0.33926333641497,-1.07514299704758
-0.453440932348585,-0.143226689411257,-1.12669818407245,1.11762173603143,0.288729062789392,1.10932821243884,-1.00698126772701,-0.0552137375475877,0.970375404247618,-0.289692673171509,0.523242916542147,-0.36457504207496,-0.212799692195612,0.410688147309281,1.95646161177473,-1.19538133117364,-0.43158185115833,0.0732163552237037,-2.34976217996262,-1.5328535992172,-1.30422974835209,0.257930789531587,0.328720511037646,0.634175845823566,0.0673391926678788,-1.22167686793148,-0.616882643796374,-0.108751653224068,-0.230621048374062,-1.26092070062255,1.29089614640749,0.249896021190354,-1.13997994679958,-0.118684376937883,1.29924680491754,-0.241217344141443,0.229769073826697,1.64725669999074,1.54653389006928,1.28326337722695,1.30240234308141,-0.503937393347967,0.549194236315531,-0.48047387043525,-1.00326207225726,0.332884554828101,-1.04170726106443,0.543114833533778,-0.387258157359139,-0.752032897518267
-1.2738092496577,0.286621632997082,-0.0777128551017853,0.274158718622479,0.112174307254358,0.152558577887423,1.05747574928525,1.51624981749983,0.226436850427389,-0.724058798683573,0.9279355626762,0.705398404588097,1.80427948801385,-0.912197560328549,-1.39144256369295,0.0430349027501766,-1.80901970769936,0.443243004250447,0.898648722981588,0.852583910876062,0.104226467190855,-0.130264420615569,0.185401266114164,0.808371052754395,-0.394365684095847,0.432972464259716,0.694144589264216,-0.28067111578001,0.0524721628958359,1.25270944746474,-0.890014072279798,0.570676335569246,0.504893004352111,2.02991295221943,-0.175486143599183,1.53465635544549,-0.358960453699295,-0.911872496923893,-1.79820788280953,0.150115008722328,-1.35343455284873,0.539038385985062,-0.594996551479984,0.0695214382407504,0.629965420022838,-0.00513944067433092,0.444656531976292,-0.295281839955743,2.27519942977156,-0.362155627865086
0.420444068624912,-0.296642237593543,1.48399798488767,-2.74981949373859,0.191753147965473,0.783953434585991,-0.9009339240186,0.705479612253952,-0.341747678845279,0.609933761319897,-0.86780558393957,-0.174533865749886,-2.70341637982297,-2.25644826220597,1.95192429927898,0.62138153661776,1.97233849937984,0.321972604833902,-0.884942666744408,-0.456065559790523,-0.355603933563887,0.132175180966401,-0.123929156069084,-0.398143485789839,1.41959613423386,0.804201301683616,-0.812169099582834,0.360700359941629,-0.336611435345438,-2.38680247369972,-0.852896449783656,-1.20359638741164,0.148864756941528,0.189634255973974,-0.172267458871386,-1.76793527809413,0.535361985787361,-1.3153623696582,0.291133369572559,0.691816306189229,1.30650186263531,1.76836997293869,0.783780643920843,0.345931364492125,-1.28868598992419,0.868420568680109,-0.141894537606582,-0.459495382862026,-1.1444362180158,2.78674275983852
-0.207116130774247,-1.11536344941835,0.636014306682906,-0.964676342010681,0.924869951898629,0.480778783844407,0.17221411763228,-0.308013614915499,0.702413018341193,0.712627999149867,-0.141342423477702,-0.233417499882392,-1.19713126253003,-1.39482793841285,2.74422690978148,1.45550347008171,1.20408901667497,-0.0863300562171167,-3.00291260333569,-0.649902045519578,-0.950567628926976,0.167618048734461,1.33860689494503,0.236713536139887,1.52301577384826,0.318086043581426,-1.11857970586185,-0.374505275244785,-0.772748348997325,-2.38601887783468,-0.619154480621282,-1.03804464112553,-0.252001405813812,0.796508724991355,0.492674400293264,-1.30299990118426,0.28503786816866,0.0537767003314216,1.10772327064414,1.4480906079478,1.52281214341211,0.845862321797989,-0.0913256248851124,0.187745524011729,-1.88542086308938,0.885783840512491,-1.39728194362088,-1.07156233224295,-0.962538367194884,1.73681895988299
-0.0234104089564473,0.460089291056698,-0.238106986964358,1.51237211172998,0.00984962629693273,-1.01570895227216,0.409895033030496,-1.25086789413717,-0.456352368065141,-0.372675767205674,0.0444968288782677,-0.442454979904888,1.16632996972326,0.744677247780128,-1.44628023436277,0.596217619332819,-0.767718836646931,0.00314875443492764,2.15331250347417,1.33348270140915,0.706826846789508,0.170189071298153,-0.557516450467571,-0.548084063664685,-1.07054553565558,0.150735760112487,0.99210251426642,0.317679025371374,0.923391574931784,1.30166512049716,0.397346101900731,0.846416636259041,0.400350121327851,-1.35886548295764,-0.694570631569269,1.14046961939562,-0.745163143730696,-0.606955652044995,-0.203365469512903,-0.143702575352395,-1.01561558083638,0.668963273656793,0.282176182405593,0.357183409242303,1.3478546470947,-1.2268071150237,0.208203268107643,0.433324026796014,0.517410809780037,-0.885700850121671
-1.3568800173558,1.27887404154372,-0.419338635079001,0.281860005944339,1.44503916716334,-0.0243442897685628,1.62491185968222,1.14136121783895,-0.376042432644401,-0.700233160085213,0.364974673162033,0.705553836706301,2.05905583781064,-0.628467145946767,-0.386853426050262,0.436395627433309,-1.5590816231473,0.366700301836966,1.31209482157442,2.00058965690331,0.748088255163442,0.110753107556161,0.411437675962016,0.175702438106181,-0.655299073463264,0.868411423415322,1.03545265049965,0.49684437414882,0.0632991226499832,1.81647214632607,-0.682069523655694,0.98729075668683,0.426135523998706,0.972888652612585,-0.706648315436664,1.72381733763,-0.823162084365123,-0.258985307486803,-1.12761614530325,0.627727296260455,-1.37448369501596,0.411925989821875,-0.51834197675941,0.118322848470987,0.607705627806077,-0.898173828410417,-0.0319836592429095,0.102388407678661,2.25997786299203,0.0901914544598258
0.343853295718788,-0.918352946208848,0.735509480878719,-2.5144093316532,0.806687245167671,1.08919118225051,-0.783722041632993,0.622175883299883,0.328436865033228,0.656213568750769,-1.16916677367977,-0.228407007416714,-2.70030446875223,-1.64247608622902,1.62384608382664,1.57785366685442,1.65166054284747,-0.034854929912147,-1.39602031745275,-0.558247579172613,-0.476818359412101,0.0379112777300269,0.0062786377972058,0.16914790755328,0.515896889801069,0.764055813040341,-0.892036477226327,-0.0484613135571059,-0.374384668681819,-1.71612522902328,0.0428904448814226,-1.71195303228847,-0.121052415088861,-0.057657820005252,-0.506963797905668,-1.42685035054014,-0.0597881117022567,-0.328076050759013,0.181104903547158,0.932209213418514,1.40214348454509,1.28789298294187,0.301459901106642,-0.565916141135945,-1.08828065441906,0.63718964691949,-0.478595045017995,-0.742125017667514,-2.04093384317784,2.78672316332062
-0.0979207338781508,0.82332807489132,0.146607797306714,0.714761830238599,0.00699162166892003,-0.341367571029254,0.778087971050525,-0.912840565830271,-0.886843458195901,-0.425748862512652,0.0744589872004756,0.343313557672438,0.608909277530357,0.48128150261026,-0.442131930085535,0.322844819496368,-0.102202470432516,0.359209132323157,2.06816374699515,1.16929315382293,0.100787307431218,0.380013162544045,-0.0262131822435103,-0.393134164719135,-0.990832658201131,-0.0141655566552951,0.784953156353325,0.204105051823244,0.894809584733166,1.53658535058335,0.518445440414293,0.679064298893443,0.614396864718677,-1.23303575194791,-0.745221402978307,0.456688129124032,-0.0854553623299818,-0.323929657769931,0.208326905131705,0.566642732648406,-1.09400842217698,1.03976201186933,-0.143470098272052,0.305830615505021,0.966616786220953,-1.1060093712398,0.572874184840623,0.776559018327419,0.0440920306701969,-1.18907752399863
-2.14077229455635,-1.42190860355617,-0.0381818246146796,0.374429886119813,0.574722217692166,-1.1652259505326,1.45550371592579,-0.752867909080611,0.640388033073969,-0.176018398389194,2.01838126598741,0.201714379442824,2.16226732444534,2.52531258785914,-2.05991733116408,-0.462590181952677,-1.09801599133116,0.203411804880287,0.614843932732139,-3.96960228378847,1.22492352947061,-1.24412680368287,-2.41899604283356,-0.132538022971383,1.4365598060948,-0.572739118172048,-0.188101369625571,-0.810623140542925,-0.983130105896096,1.44963453469661,-1.79163524994778,-1.2860682620172,-0.635007707114383,3.52294479296057,-1.83379119841298,-0.976651039456878,1.9420060558069,-0.810113236953049,-0.123337802251135,-4.03645590375297,-0.177228636367386,-4.74100217158718,-2.28522927725083,-0.708945707317633,-0.656888756220687,0.20138796959422,2.8767382293874,-1.10429029879279,-1.08452357136719,-0.313152704395702
1.25139174204824,-0.315603998346147,0.659589164759883,-1.01352337180462,-0.698176327361574,-0.765115974064219,-0.6188147428937,-0.931863775347621,-0.233862902450466,0.420909290635407,-1.00576856635139,-0.709766713744805,-1.72785718418038,0.273821907330567,-0.550344478144055,0.103923835490627,1.26789002980589,0.0863612302106358,1.05529590941215,0.250554945852608,-0.535875608031121,-0.407837191922422,-0.664386758946879,-0.774486983584108,0.395936495112524,-0.227212685429452,0.521888962059549,-0.0350199467199173,0.786386496601599,-0.483317034551369,0.348229196140942,-0.503850686974538,-0.082954407586145,-1.52503319908035,0.124369182724292,-1.39914651970914,0.789339800402223,-1.03497943157457,-0.0283672342876126,-0.592884719661657,0.294717678743992,1.18633420740068,0.885853159359926,0.0349798303212712,0.434782419230022,0.108523068840782,0.574926128383821,0.403177450583137,-1.30369409241507,0.0840295040252202
1.03893441676642,-0.756908078051417,0.931050078500963,-2.41906404044545,0.46616100801781,1.04462300724055,-0.994810991037937,0.986676928241894,-0.161487114721673,0.71977908511411,-1.09167372490372,-0.61864698899944,-2.71745293346992,-1.83608324624446,1.40956351972854,0.917296808839834,1.93079810259341,0.212423408977722,-1.21414418332143,-0.557952736237896,-1.0247110732879,0.127162477380462,0.454087625281809,-0.33889794273072,1.7368439753744,0.888902375203447,-1.04906207888979,0.506841826923074,-0.568809888093554,-2.33557490513817,-0.818678459948235,-1.74136702336182,0.218195656770185,0.289628910907276,0.113952557050667,-1.89298282195285,0.161948139341152,-0.511799340955709,0.316149216284385,0.138074568561031,1.86217546581441,1.34586706196447,0.572195475914049,-0.238532694938491,-1.49784001807187,0.568181036297426,-0.725319591218683,-0.637425929473481,-1.6436255942696,2.82090560777698
-0.647848566868455,1.16097372597184,-0.315151744986074,1.13669906112269,0.287855697726811,0.161431787872214,0.891761975101867,-0.00310780904707254,-0.915756313522743,-0.279014170302992,0.374739030428722,0.490360673381603,1.68982124793941,0.171510296990715,-1.00596664199544,0.465128475476724,-1.66566614253031,0.581275941062314,1.70390729817563,2.14494196343413,0.521536154285001,0.197174550425557,0.200339164124838,-0.281926379907249,-1.21101110502191,-0.067480988874534,1.11374042880812,-0.266341376437964,0.266053603575632,1.62725158288765,0.651088871608128,1.43869291047969,0.336161015601631,0.421213700774329,-0.415498113123915,1.91184108131962,-0.946031604668835,-0.473791690809434,-0.842483382077869,0.244998906731131,-1.15687976015785,0.697728732906584,0.0706713076070092,0.455425994185986,1.1572619179292,-1.70177174535424,-0.0788323025401496,0.904155857526236,1.42641659595089,-0.578514490124526
0.844482563632086,-0.414290737668846,0.997804936078075,-2.43385905979979,0.654597746509974,0.554202420279602,-0.666184602174932,0.715551729567294,-0.0684267544356863,0.187570936402236,-0.794668139261673,0.183050916979648,-2.21526583341053,-1.53103520818032,2.01520717100445,1.45183785369463,1.88887490707132,0.0272862114061378,-1.53544112840392,-0.575976282363171,-0.848327134540584,0.112331368522698,0.597644807787845,-0.24023781190312,1.26166616677098,0.652672070102398,-0.91901484717833,0.0973468764104646,-0.988468314799096,-2.0476367620881,-0.911072351636789,-1.36012935869021,-0.323102006235674,0.522885510230711,-0.379633059443254,-1.75344063601178,0.64557681566868,-1.04846244472723,0.533231604667528,0.579652557848877,1.65680805149237,1.29254330607806,0.308158027882497,-0.552482352253842,-1.34735343664325,0.421502044423309,-1.13268529992457,-0.984938285165179,-1.2910394966925,2.4328150353942
-1.24759452602601,0.920586869422734,-0.146861912305451,0.803711149372867,0.499062472723824,-0.307875836721751,0.981547495343287,0.350753417975568,-1.1443505413336,-0.544086893549337,0.00526978292913463,0.536502223751579,1.62486983188768,-0.0551741046223889,-0.563463881668708,0.593801150098246,-1.55103859162433,0.213648151097099,1.86666886971156,1.41574840358724,0.606698673336289,-0.0774329850865401,-0.0263051471782439,0.136045923865664,-1.3311297348316,0.623300516801841,1.74667426060634,-0.21416666229438,0.0809949794335635,1.79437990950019,-0.0706797885569115,1.44175170505761,0.91340704969627,0.945027191489285,-0.830715433429917,1.44833602955783,-1.09109854914007,0.387554872352226,-1.03911055860247,0.651013864590608,-1.34186981608713,0.859485225637165,-0.374644348549182,0.606834247561064,0.984349082991022,-1.67864118721616,-0.23561947901742,0.17194932492712,1.82044439137528,-0.743996166136887
-0.910157741042047,-0.131517538565414,0.848843013229578,0.118338143497988,-0.268798254736627,-0.710876901254573,1.321512331653,1.26242039272903,1.41737413716328,-0.105673683159456,0.512734325682565,0.587717785998829,1.7856997217002,0.0713833948521315,-2.098779242911,-1.25612235746812,-0.784843411389045,0.0993663725207621,0.222874766272612,-0.666945700880673,0.677844371306113,-0.172360953365324,-0.709852603572031,1.00277228688058,1.65546419233925,0.0089659160280328,-0.532760939389327,-0.81133620285129,-0.330072374091001,1.15439182911571,-1.53410711004334,-0.820671397120417,0.452683168268031,2.81640252188568,-0.00435595877982652,0.587908124745067,0.574404584219758,-0.70897825524875,-1.9805663834796,-1.47337416689876,-0.578128167423441,-2.08521308079549,-1.43017500431413,0.0900472681811797,-0.727300777427197,1.05557321238883,-0.0553004286968038,-1.56204088662111,0.992771421801141,-0.071171189458324
-0.86073661541133,0.591124671120656,0.0500467678992833,0.362016857113162,0.922833690741524,0.239839844427574,1.75625411965549,1.37511115607787,0.10511141959774,-0.63977325668929,0.29264358856557,0.638261262503303,1.74788876970398,-0.448679710011534,-1.33161549296803,0.199813174832167,-1.12998344998158,0.324529438450193,0.591794348565578,0.786987654965037,0.445633668208422,-0.359458999913362,0.180719171719351,0.339819992523431,-0.287563208120422,0.639340575774449,0.943118615094674,-0.49784098082041,-0.62513069638206,0.860465118974115,-0.108958351101592,0.601473138714589,0.921441014565335,1.55743262804417,-0.676886028286034,1.79139408259475,-0.434594140447362,-0.433837642745471,-1.43471593372685,0.04774729081226,-1.57876565116756,0.426274385516833,-0.697651160530721,0.59375730115016,0.57657806918383,-0.95424324375469,-0.0509347378807026,-0.338657439656168,2.19997102448144,-0.331089029334421
-0.766903995834637,0.242325455023184,0.12490901379772,0.194021920514602,0.093967314195431,-0.00775161787913706,1.40688197487358,1.49629391080792,0.0739909418424115,-0.851651947271037,0.776898041348073,0.964955156083747,1.85773932047001,-0.61195937792946,-1.51388959723118,-0.612211691107089,-1.18577419279608,0.527673043949986,0.051860316968295,1.03942950309555,0.229947671856454,0.118082495260679,0.11143694921729,0.110899146929039,0.307325799786897,0.316494571697867,0.745322591443582,-0.250732801893135,0.10121377183001,1.83581355658788,-1.19846899398374,0.000490766217250069,1.17585995919993,1.83489992762247,0.164260790444365,1.77829997345697,-0.911588996550742,-0.503100846700457,-1.69811102254712,0.47564142701258,-1.01075782832535,-0.485850049990001,-0.52145332749215,0.690415654243002,-0.199901489494038,-0.275401821786987,-0.0951681846903357,-0.181490974745092,2.23120499001967,-0.231197526754015
-0.0740213602284434,-1.15813431162038,0.293783172171863,-1.49788532153579,0.470715339696253,0.880336567552493,-0.318037379167793,0.418841430995169,0.639975129327485,0.0924129127174413,0.0504863048286468,0.038995127161843,-1.43535878150619,-1.24773395155155,2.58726352828724,1.3283702152351,1.51868631950454,0.0450471663677511,-2.47710084910062,-0.926473806519575,-0.79328765555772,0.3600304159652,0.752846648905075,-0.00274015593048393,1.01207231146261,0.592527318290758,-0.780368546730655,-0.226672089907463,-0.968714295889699,-2.14518789287531,-0.305283737282443,-1.20247279656527,-0.396442149447486,0.249948331697484,0.0081888235064833,-0.950380137722882,0.389333278831845,-0.137275148745969,0.949884951388048,1.07516957491523,1.98243331207769,0.732317316064363,-0.171826152064991,0.163873216271274,-1.50059974406111,0.735259791596633,-1.67848227269722,-0.526096486035351,-0.962776300928463,1.76406722197987
1.46897505475871,-0.519808900098598,1.07623998412095,-2.74299736416527,0.533238157212929,0.243594561461689,-0.564929622563608,0.046539847506196,0.0422225137353615,1.40952790691678,-1.38162273915564,-0.582675942517094,-3.16970993063359,-1.8302573292637,0.94441078711997,0.677576195856749,1.86330813433441,0.394785900799614,-1.42228409173584,-0.517274888045307,0.000254981574253233,0.291503293959074,0.379165787312612,-0.274517875775043,0.807316045067799,0.19878352361665,-1.09377548718452,0.184364274001338,-0.482129905180099,-1.85231562662986,-0.740508658993267,-1.50368869515564,0.164501626132198,0.199210446821904,-0.404873220774754,-1.16744773617547,0.741823242928565,-1.27219761796817,0.402051519438688,0.15313507867754,1.30391487032142,1.42902052078331,0.961793846032669,-0.913666977099017,-1.40252837944737,0.463048131920624,-0.12754460485689,-0.216455447235526,-0.992585863992216,2.53897473706415
1.81790105465498,-0.0191478592519159,0.725329228937634,0.333319846003513,-0.939852923453456,-1.12793173722635,-1.1193934138214,-1.745972406859,-0.435506058692671,0.622076471170664,-0.456995708075946,-0.901773058742159,-1.00536953728685,0.422931608388157,-0.311412178614404,0.204658557072293,1.1413094539747,0.281054236709991,1.57281457723031,0.778802920527866,-0.202374215153489,0.0633503693907149,-0.682854362643922,-0.482375494573019,-0.124337685633172,-0.0362483454151355,-0.0551830661199229,0.0445286728618074,1.03481878642466,0.0385968340090335,0.459866134962293,-0.615346112057304,0.118658892645007,-1.8507754971133,0.0701681096140752,-0.931677767087019,0.0907406400552427,-0.660282938130591,0.535252322914821,-0.266469036209061,-0.173767152179336,0.530836803579876,0.769491412498804,-0.171479778715762,0.523282868422417,-0.0273163996020332,0.890006927299661,0.320798995472097,-0.254686676714077,-0.326949088290886
0.191204679565823,0.616668399814785,0.016194223802324,1.06679980084785,-0.599179878571747,-0.646613789195133,-0.106433038633341,-1.50151825577844,-0.637834022827932,0.0818747537619417,0.56363248559179,-0.215742827609427,0.452013895679533,0.6077020290392,-1.01048182670223,0.223254231604697,-0.59937580469337,-0.496676108230111,2.39184461462267,1.23578424360516,0.347565617684479,-0.177769067933468,-0.415001672751932,-0.597788302801316,-0.704012293518155,-0.107757991949477,0.839311283658808,-0.31081827645557,0.965396232219011,0.679171292338317,0.881690943217088,0.955210917014082,-0.132998318490165,-1.25139393584028,-0.162050195592734,0.76686689514727,-0.00312140028392525,-0.968127650585438,0.485661148274193,0.359505470027206,-0.446186251420813,0.318580334341677,0.175175364716739,0.379611229042506,1.21601794328258,-1.14839339976848,0.351649669884014,0.59950649155875,0.256818219829943,-1.18345705575648
-1.40570301324362,-1.16592335523774,0.489918833233124,0.21724386147422,0.444322365730901,-0.71166376525636,1.28198287521927,0.332234656159048,0.829335697347577,-0.0837779370249467,1.73683202822245,0.140336768561925,1.57365353650143,1.69943431656753,-2.34783062834178,-0.583104236284579,-0.63900891189408,0.319911481172195,0.341407006762166,-2.48935771477529,0.488617585933996,-0.75822755896168,-1.48646058142509,0.175345175527086,1.62929191198727,-0.556831090771842,-0.677501872928697,-0.702327788069083,-0.73059113211335,1.44493619139423,-2.0528086115298,-1.27739090174537,-0.35314533501672,3.29602598168238,-0.779767518436807,-0.497095485257356,1.46739547135,-0.717344558579001,-0.709439453483927,-2.80448348996106,0.361102676667765,-3.65112766575803,-1.8034022526135,0.230711163514144,-0.829153115729915,0.745993803667876,1.89007728021121,-1.43632536770909,0.0204792841851406,0.0879614119427236
-0.85325504091919,0.258108575795418,0.34728210935188,0.34727778093493,0.197118374727617,-0.195524184612446,1.33077263094339,1.67351980582018,0.128580908916487,-0.485722184970267,0.441760998308835,0.494671678327399,1.92990610982954,-0.699325154591594,-0.745406182926489,-0.733945380711443,-1.52222861421131,-0.141976837322362,0.572109950729939,0.935366342689224,0.292542374912512,0.111249861859853,0.121738550521463,0.519816207558676,0.277931948156696,0.505519485197841,-0.035782664180364,-0.0631559889168125,0.148776398381525,1.84184680285594,-1.35875466301798,-0.0162643793908623,0.62804519004479,2.07794633050887,-0.212325280342075,1.75566805318861,-0.942300133637639,-0.200241972403161,-1.79289409688493,0.183889926343874,-1.23437380122031,0.223576918115481,-1.00851532182263,0.783594008891575,-0.768566887049547,-0.178268980183752,-0.609727188451028,-0.401022320363429,1.71116222821941,-0.127390898047553
-0.887765953546159,1.20898934475358,0.00376733788752318,1.36983983998826,0.796388644460982,-0.508959201579424,1.18759509379911,-0.296623240574929,-1.08848841097651,-1.05681728434862,0.37439287587314,0.395226434331097,1.75417706102189,0.0338536876300587,-0.891428593678892,0.34478318188143,-1.85881005806554,0.465187059697077,1.19950079086785,1.95105031169486,0.488267712951987,0.140901307678001,0.175481046633007,-0.118220131331563,-1.47373788790682,0.0533452704444486,1.39446665513295,0.230207284223974,0.2198120918042,1.72190853424147,-0.00691916934913667,1.6139580270207,0.218498769483925,0.173245127609676,-0.997086828831647,1.67628432159714,-0.879973693405309,-0.215758814555092,-0.446346587489191,0.534003351371096,-1.19869971995774,0.686455585527096,0.205874254008593,0.628408334541576,1.60773555067489,-1.15636127204543,0.0898126819867437,0.208946965805135,1.68626656635338,-0.96364586398022
0.347952453341923,-0.61650131007405,0.747565053791689,-1.67954599265359,0.49717223870897,0.957125608786036,-0.471828556145422,0.64605709251922,0.299990604559007,0.265339672445944,-0.960785761847053,-0.00925491927733352,-2.38199887157854,-1.33721308130702,2.24447600368134,1.70044927717109,1.79483181311875,0.32698000432713,-2.17691129168914,-0.772400625070516,-0.787868534883479,0.187087991200453,0.879868844274586,-0.758706284759496,1.42776378871429,0.439121348615032,-0.849608277498077,-0.2858140679207,-0.802618810117603,-2.18264356312159,-0.71902203542308,-1.79444872375345,-0.310524853851244,0.655688621584566,0.149200726975093,-1.2781241510004,0.679443937170538,-1.07181647499584,0.739790630865979,0.763208008634266,1.41985631856863,1.24012272890004,0.351865021303146,-0.480668463261368,-1.58792251862618,0.74895022918959,-1.05288103038588,-0.82114209491745,-1.47116447534644,2.50202797644736
1.69595785923991,-0.204082684045015,0.958236190717055,-2.35907310796557,0.25962141223609,0.183971907849368,-1.34500536314453,-0.456768550739839,-1.0651326596568,1.39434600153187,-1.73147196952762,-1.18632642616434,-2.23980302716137,-1.55425122190909,0.891353999593392,0.498683811403094,1.90318459268884,0.0838595673095778,-0.356335593142918,-0.135856047745502,-0.46120524057279,0.037891783681745,-0.306526100976099,-0.547771818811558,1.41817510565064,0.686629477519938,0.120375879550777,0.280218983274274,-0.0566323290357788,-1.21121881721382,-0.389162248636611,-1.18781816414439,0.0598446586980291,-0.627001144961771,-0.34553426650455,-2.06610242748348,0.434098185536307,-1.63763331006169,-0.0600486774443502,-0.325612490168049,1.14357646682208,1.62263846314689,1.09115466179947,0.557526438542289,-0.529222014191177,0.437345254637482,0.362987613593896,-0.445250479679079,-1.37836146945938,1.9259215910805
-1.1787014472404,0.970398222623355,-0.247134229675622,0.51193495615193,1.01306380870877,-0.082218293585676,0.890288059254724,0.886236634725235,-0.641133868044746,-0.404160995198326,0.0485802684429912,0.261297558478477,1.98274149136399,-0.535981850525594,-0.774282337031972,0.691034996308126,-1.64830321418695,0.589392279545028,0.841337073738465,1.43312040900421,0.665825941840891,0.29362512269397,0.39299747218042,-0.334922529555726,-0.930664911633879,0.417142977187421,1.21605325733198,-0.169540502200933,-0.175476344970933,1.61733043128218,-0.188372885867328,1.88182380166936,0.619002654032238,1.01512879274362,-0.585506137443445,1.99302460509547,-0.764988459800038,-0.195776638991747,-1.51978053710304,0.382015466984203,-1.53641799309419,0.788100568409745,-0.382500702449778,0.247249523019572,0.582050657497943,-1.06840714429111,0.342939593278346,0.0971891027750691,1.53014384054919,-0.667175381870691
0.629051146846136,-0.484210495534895,-2.52563198416459,-1.17614297846376,-1.84494890885804,-0.429409582964138,-1.42641948316459,0.749145513160081,0.0202923252378876,1.67433585425459,0.949503050702476,1.08534636994788,0.411647506699192,2.24615765391766,-0.365671265943935,-1.40796436106166,0.627191294310849,-5.05286250023414,-0.914820583909622,0.168219946195152,1.47605954563117,0.794567556123429,-0.936696416151702,-1.06480266642064,-0.0488873446010484,-0.452956863759299,-1.14892275881308,0.397063577493981,-0.449775962429414,-1.74085195525948,2.20519804288442,2.157053960198,-0.224562086917147,-3.4218071660363,1.22033160892658,0.244401087912063,0.749735820641013,2.44808820098285,0.147970989232402,-1.94225526930524,0.656060067040455,-1.63723072468332,-0.459190230994644,0.720858037609929,1.86694617046807,2.57385082083766,-1.29153510718073,1.56251898274229,-1.20870181863095,0.348125241317139
0.146297374887698,-0.00306286207318196,-0.796385889377285,1.45984153116137,0.491496330136285,2.08359290157566,-0.434955364372612,-0.291502178401956,1.17520120676735,-0.372551346743621,-0.0868932956754005,-1.06837151285401,-0.391512055632545,0.585974776093018,2.10076968626838,-0.654317456815017,-0.837270932376235,0.287930167128403,-2.76919625629009,-1.44133666016682,-1.15037849327778,0.0624444524338759,0.710941372280919,0.681343903991738,-0.305665878535333,-0.614058640178925,-0.620186751425971,0.327835459285974,-0.437855063488407,-1.59327522421477,1.10493875855833,0.424475821138092,-0.949060228853759,0.0573078662530462,1.46931167678072,-0.237281405199143,-0.0815617652989536,1.83296636588059,1.71307332829168,0.86005470129909,0.948992633922022,-0.797596652414456,0.011827673956044,-0.962312202553104,-0.558351278157963,0.399380853399332,-0.994352092097613,-0.346908096376967,-0.305585622918234,-1.2487937939729
0.999007401473257,0.623478126116427,-1.27204477011468,1.51192386865533,-0.67160512103359,1.45923348457834,-1.47728223080822,-0.364582938862227,1.29506132490233,0.0624933744789164,0.233618174557668,-0.946370391477371,0.141227961947366,1.60152936757628,0.873071798811636,-1.78832703868211,-1.03329774260676,-0.627423132308378,-1.73792243006611,-0.803721074972404,-0.401299777866746,-0.286897901797245,0.444199253920423,1.09511731157937,-1.41771814357915,-1.47872839999,-0.484367237799752,0.397867313225702,-0.398775017182742,-1.23410613675864,1.89801551957681,1.02078082189487,-0.782969712052761,-0.531267144550764,1.73938853972962,-0.170284436032314,-0.383251812252984,2.94949460735537,0.475826982624355,-0.0614572602048892,0.264283100394776,-1.26307829607966,0.457740952119167,-0.658152993130361,0.329558005801728,-0.128908484915028,-0.0731808420729357,0.815208190918699,-0.435047283256668,-1.6508783863324
1.55966527263199,-0.41488114578893,0.803553126819458,-1.65329812147901,-0.474939696491279,-0.386281660351898,-0.944907897300668,-0.431435716594337,-0.600800292443181,1.06702850096558,-1.15778211516791,-0.425274765816482,-2.45812464347862,-0.503795916429324,0.521450731728266,0.524087374385124,1.59833038957162,-0.0795001122024592,0.289397155936669,-0.0969713088574358,-0.78489731814035,0.326957058489341,0.236997836768315,-0.642070049866688,0.760429734726524,0.198203136055381,-0.0959175482058238,0.346365666314099,0.585939502102537,-0.447636173546183,-0.198609393977993,-0.717148863020756,0.175656127182739,-0.926938657936219,-0.221820671958405,-1.37150081952112,0.655887929399464,-1.01126160710597,-0.0201628581934306,0.274711647786888,0.569535300093275,1.27088934290417,0.72307812844442,0.12100124549884,-0.312178329892597,0.465410996843098,0.548887904733033,0.0234865669917702,-1.82505287424458,0.836428845830898
0.0252917806602648,-1.00128790001556,0.109653903582769,-1.2129771768428,0.563936837022217,0.0344310050097622,0.257756951720574,0.0168948447230496,0.530876846403505,0.519090827288676,-0.0553524705827444,0.106215654792177,-1.76396516667818,-1.826414789859,2.78866206610364,1.13894627905269,1.97327818337633,0.238434110694273,-2.78688802141549,-0.61450073146695,-0.419098987626046,0.201850502724479,0.234595079966152,-0.178391792212232,0.824624552990508,0.569674578099394,-0.664378323462594,-0.12782427200149,-1.01223597969535,-2.05244813245858,-0.0215654286398524,-1.0642340486374,-0.243950008549244,0.453043419415562,0.0747664291900237,-0.801948613309889,0.345095538353161,-0.285548810302718,0.651226761960861,1.48423180650201,1.72194918282192,0.590429472272357,0.103662536831735,-0.313458542056304,-2.02989339430264,0.912707492802384,-1.32940403945646,-0.624341789835361,-0.991019981612171,1.70500492535053
0.553967177091493,0.12826331369997,-1.88790334510861,0.49606895148653,-1.07345581825793,0.565901060028903,-1.6942086811414,0.441368233188818,0.722493022110147,1.1116297688112,-0.00486106870448297,-0.662874603219541,0.0367906916743057,1.8777631348749,0.165402487330043,-2.75401380640295,-0.689878861414952,-3.24690440401499,-1.01780867819784,-0.394660583318556,0.505529649562128,0.101816984919249,-0.193356612548127,0.56035944060755,-0.762551939051341,-1.35970866504075,-0.960581662132941,0.216671737538834,-0.27075898639786,-1.41238498769244,2.34908792831294,1.72295207831213,-1.06737882763801,-2.10088338083306,1.76775680517538,0.276337643566802,-0.0892936018301478,3.00681981762374,0.659301276222881,-1.16764126869332,0.334031262346729,-1.44408437151718,0.100820344019525,0.677113926987824,0.948094348671993,1.16945423450265,-0.19011223010084,1.09043431648816,-0.96994357465073,-1.12538637578842
-0.513055376888756,1.06967897892012,-0.0566179762798698,1.40091363249458,0.158352801571692,-0.422529147329696,0.620379064111229,-0.604647941961722,-0.895172413168875,0.0790800304997869,0.132865444258777,0.825670150878413,1.50664258345109,-0.0712262675217812,-0.479044587587741,0.744362965971361,-1.33071921904741,0.54302893966049,2.01503155661606,1.6626609579939,0.384142824066951,0.124832783598872,0.741188012004206,-0.421515477613857,-0.863843420843304,0.535593560220267,1.13138393529746,0.0558185072138031,0.799020683922598,1.46257662941254,0.445528582031748,1.00629162786525,0.666682240795557,-0.631126602313031,-0.804941454945136,1.24427328969445,-0.857035165035913,0.313488732756599,0.00730128985133674,0.200051362957481,-1.30699016034673,0.830700289126176,0.57672283086555,0.135363112164941,1.18205487841305,-0.776299316690792,0.67969624330665,0.512453849375972,0.983230414571746,-0.917820276060621
-0.898411274306149,0.654660630810095,-0.544968664942844,0.607517415543496,0.648765750545261,0.0530692890068561,0.812539610442852,0.509182144250809,-0.994933048256369,-0.835584449025726,0.0605083994378704,0.399835926214484,1.74934686293618,-0.046957327357574,-0.512001082198336,0.629648422805399,-1.83432093569797,0.453776205875099,1.79674178457389,1.5337800261512,-0.141016512840359,0.0539550167779264,0.0990169054345224,-0.0195886739487906,-1.16488784830391,0.686766390389549,1.48982342806853,0.0658898897826674,0.0521896570917014,1.97808272953927,0.0753327543662004,1.27544235277709,0.809776157904793,0.153469923038018,-0.493443823481453,1.38626895831053,-0.889042002146242,-0.14904303828261,-0.948783284696827,-0.164264420962708,-1.88906693143111,0.438835383786801,-0.234637133465183,0.432917240045426,0.884499248459871,-1.18637853214183,0.55014500028742,0.535180983813456,1.68592217482734,-0.847303835612117
1.09672310245853,0.38362392222752,-1.94105805866758,0.7215378777506,-0.830926788516789,1.1943416454966,-1.75575350124488,0.460729843126436,0.869707542110895,0.425538212516779,-0.255932530932635,-0.381833749898497,0.346087063417407,1.74671295293413,0.0372565713920287,-2.77070273756246,-1.1706305809378,-1.70185747006696,-1.4021822932511,-1.07865752854309,0.203246560273525,0.0146035840399821,-0.0194501747990176,0.924211668300029,-0.858068430232278,-1.73540911398185,-0.615025140445084,0.163398052449254,-0.274965795461988,-1.45860798932871,1.95254378007329,2.13931130346097,-0.88326115009186,-1.32831193743626,1.81226037696037,0.0530058242112724,-0.631847477065809,2.7147089614048,0.518850693739545,-0.646546049655823,0.169159126968876,-1.53717302396761,0.421917736984106,0.0046214035710064,0.634980744582232,0.796924891026499,-0.347016762587723,1.62927569990855,-0.236152911729349,-1.17901415732787
0.298191231021084,0.678408238387775,-0.124776808699691,1.57366414331245,-0.731113063056934,-1.32193864016216,-0.395860709894089,-1.59278908342597,0.0909899223089526,-0.39710774747369,0.210189249879833,-0.57554069803814,0.201656837203003,0.132706031176398,-1.21123974116948,0.27001393358993,0.0416480504284556,-0.15062496609526,1.92154861106278,0.86407551837604,0.0710146893737691,-0.0960067543622292,0.00435893378826341,-0.347586692132326,-1.09140969613221,0.28113498125324,0.258393040363413,-0.122346543247163,0.909136985226052,1.29057619994841,0.635731551727856,0.741896569630525,0.231368197110743,-1.87880387519673,-0.185759949325367,0.310054742200662,-0.25911457005561,-0.549892410879444,0.906847917044194,0.210202439183027,-0.530974993550336,0.741654994951613,0.820730620361758,0.289699188506859,0.789928616037815,-0.595146254535381,0.679167405215983,0.480904108286819,0.0741198882095581,-1.73475625861204
1.62740208968639,0.0214189829045984,1.0028821817963,-0.493107751317118,-0.592185563692128,-0.450468138423633,-0.998866021989999,-1.08473757205069,-0.125242101560836,0.695692011420238,-0.649710591973948,-0.535043886991433,-2.05375834019617,-0.241490519744514,-0.257596746452143,-0.33605061486246,1.58329964463983,-0.0939300621309972,1.14660219339201,0.374626499311454,-0.372729604688213,-0.0641542267529103,-0.393182245359315,-0.461986004226818,0.384876814737067,0.177480946733626,-0.405815332208741,-0.0943247424247731,0.86204700536634,-0.523280421749022,0.27847500375409,-0.277548117034186,0.0914013663099119,-1.41412959367296,0.220449792817023,-0.631686632416531,0.50556879468824,-0.739940999557192,0.514886231578154,0.160878059158785,0.111159904605405,1.05995777543735,0.77849867531026,0.117741666361692,0.436433255299533,0.171776812453908,0.252949721711787,0.390936477446192,-1.05670800587933,0.488935785511656
1.59547913374592,-0.440547347991488,1.02284425948094,-2.95971882937146,0.450975567867332,0.358918327557329,-1.15150955769726,0.0816847685868615,-0.178983547594297,0.895700129061956,-1.87429146215758,-0.748715226937845,-2.58424083596308,-1.95257942853128,1.14661277439622,1.083557695522,1.88461184300938,0.413717292345625,-0.815332723099386,-0.79152472521031,-0.278173277315732,0.252218885611974,-0.429367520610605,-0.149559950855665,0.839395992354693,0.705548724083881,-0.607817265648674,0.6081171065355,0.359952762039091,-1.94194937510979,-0.703224920088924,-1.67884219198641,0.48183529159491,-0.201866422558601,-0.307563494373185,-2.26135167156673,0.0257690019789853,-0.642942732054437,0.139734699742433,0.0615151429680454,1.2071837529261,1.38658331300223,1.20061793973721,-0.0408794784694467,-0.686335859902789,0.651651614685835,0.0397263554256296,-0.0354872850589011,-1.53503544302062,2.74775938390808
-0.862847830533558,0.848957623592125,-0.322381108015475,0.939060084497501,0.661022762719328,-0.465205230459977,0.639647009872674,-0.622816228723689,-0.934322654342492,-0.459881443849462,0.15145320896981,-0.0086505789017626,1.00504051650152,0.0221080737691378,-0.43166040934256,0.613176233808141,-0.997629903265298,0.490098081752024,1.81899835493269,1.45755170835851,0.164957156679058,-0.546377062181712,0.155280308369339,-0.154403128661659,-1.13773847571598,0.231243405837401,1.32370139635082,-0.288954945373706,0.243074464207151,1.8466836989659,0.36937280785512,0.968784264559828,0.208566751625009,-0.466711397074501,-1.01151475050045,1.55556641806782,-0.831125486829374,0.00633271843190412,-0.603075751198256,0.400982446917147,-1.72098026891714,0.468537855235918,0.143793304713687,0.325873364558728,1.122348517672,-1.19041637544996,0.199540446156585,0.659925186276942,0.978983173746217,-1.20323879519219
-0.976742871843167,1.08738703199381,-0.295823082665809,0.584279170566013,0.512664049459703,-0.0635329522480531,1.3502209772413,0.933514126241069,-0.286816633091756,-0.381514331552526,0.398738363209413,0.660100881497602,1.74092042677032,-0.400277291184198,-1.10168188929762,0.454848457462697,-2.05952236342559,0.654340465496974,1.06036838288478,1.88527852678705,0.609302459342338,0.15241619574797,0.297237966232945,0.152384873087553,-0.834027677004744,0.742463932199311,1.59652516519359,-0.16556692460057,-0.570843674392037,1.77183447315491,-0.194739148763743,0.778244500496067,0.68969364424838,1.0227531088349,-0.732043466237102,1.80499391169167,-1.02878239271951,-0.0123760524670629,-1.36541097965934,0.224398291557877,-1.68007910290548,0.600917135380818,-0.108348947439556,0.373823138118391,0.727364497982171,-0.80716522648858,0.124785697122022,-0.275421989488885,2.30806559225083,-0.388895668832312
-0.227605002650898,-0.592610565837449,-0.157417283614741,0.822675880648786,0.664449469075771,0.807042512721597,-0.320094991795385,-0.21026547650238,1.16947990242148,-0.655938700854897,0.209547334623281,-0.20544947573601,-0.629871820214246,-0.357641804951267,2.55640690665358,0.552583862628168,0.559333115504297,0.374101114680507,-2.98689777187961,-0.86478705860966,-0.605535655129486,0.159289514928149,1.19781242299339,0.583653272969642,0.481032692637012,-0.68286467865608,-0.049217160545832,0.0122336830405867,-0.869996076788074,-2.14644352504296,0.209336955266238,-0.222135965783774,-1.356918377118,-0.00758851046341391,0.817195356540868,-0.714017373981509,0.630059231030648,1.42057396118028,1.7995598727471,1.50044857304838,1.26524539190103,-0.144610484133604,-0.0549219512859201,-0.810474494711676,-1.23192715869078,0.851913791416722,-1.47996276973255,0.101444597243627,-1.04623574571967,0.0764750399820584
-0.214524774411366,0.134704650066114,-0.0459297446434842,1.03230760087605,-0.339745415936673,-0.929793020792179,-0.283464199552269,-1.93135895391307,-0.759086737663759,-0.263450397024378,-0.667130034673709,-0.222966800956858,0.555774511378035,0.695363291428536,-0.89659847829323,0.523947362792831,-0.449479620662181,0.585470006914349,2.1441776016055,0.895805672427356,0.469410639717032,0.00658388191938639,-0.765709066507586,-0.39702091663789,-0.75182529659139,-0.070446600113388,0.690672239800877,-0.141718104935899,1.12132344871635,1.04276261464023,0.909368223789356,0.796003147220316,0.612428414566843,-1.20824196773158,0.167530209628912,0.348143958128506,0.0945152463085307,-0.615623642884717,-0.240089531348173,-0.0194570270403246,-0.794776206267817,0.710301436129087,0.725703927413755,-0.0894855835447007,0.502781398125215,-0.371216777534248,0.363337722863884,0.960764764185606,0.467415714567748,-1.46803452536032
-1.31910389268232,-1.32490119513243,-0.238732570773284,-0.261367277884767,0.233964576545317,-0.568074516463698,1.57709619041388,0.0654475302371372,0.675770057160793,-0.0474154394862301,1.90792812449712,0.665654530946205,1.62451620217934,2.32982330632868,-2.49187862800114,-0.652830403360524,-0.490396296942012,0.694976679787825,0.220892621031186,-3.28754619320986,1.44171516135277,-1.30264518070641,-2.35568879696363,-0.0274940485644789,1.642567966602,-0.556028802873073,-0.435791335445636,-0.436401561262065,-0.919568273522726,1.7944877397181,-2.17507813772149,-0.96570842153103,-0.585726728836111,3.32932145780281,-1.64087708843967,-0.638395340806295,2.03775643901992,-0.103244752741682,-0.85023799907507,-3.580244375146,0.539703302945901,-4.10469354850188,-2.110811085694,-0.414247004316476,-0.444224306684441,0.392255778867113,2.64812315648607,-0.917120643372897,-1.24750962462082,-0.220060114406583
-0.666763915650255,-0.834272199608156,-0.175952973523922,0.194303105620473,0.728068871966148,0.789967689671745,0.396658653677396,-0.052048127866904,0.965581649772363,0.275381113970581,-0.0624279051932773,-0.513887577287257,-0.444235993388001,0.150734910225285,2.24328260040143,0.511030985793178,1.02749949497811,0.653355784991678,-2.77603480699867,-1.54929453235441,-0.470556581439095,0.100272498165251,1.17558138131409,0.658833574057995,0.686113091338549,-0.413293107490805,-0.764197182637695,-0.274616657535503,-0.673955481117094,-1.84193382099239,0.65270351357776,-0.5841899151713,-0.692734887415896,0.167560119176266,0.608776422558942,-0.638905328011883,0.750922413935601,1.34828468442097,1.46196652384412,1.59900988087893,1.39126560988069,-0.300501423681893,-0.239379512651316,-0.354767166810238,-1.70132502705641,1.2054036539658,-1.73520433905468,-0.367791921969526,-0.653915409221285,0.394155773895641
-0.206065912687032,-0.557108678422733,0.0950574570882589,-0.794021728576062,0.662776262048095,0.379892578156983,-0.0851023474682134,0.149523569919743,0.700856523603968,-0.246505019241688,-0.399733564294167,-0.388620308418048,-1.2302556267254,-1.44404680889738,2.58279550441082,1.06507020201173,1.24855813582086,0.460148808872112,-2.80030643643549,-0.74909850419014,-0.395123651528166,-0.0126371271605364,0.932002134390556,0.0359180353667528,0.77247935384786,-0.0444187768949207,-0.856049072710899,-0.135512063157909,-0.87073762440583,-1.87503492634191,0.162265910250279,-0.721469843617008,-0.588009040076301,0.112976717396929,0.101116572845152,-1.21632544105427,0.543274139592202,0.435226068846165,0.750514534051697,1.33961174351872,1.81347221268474,0.557896626727355,-0.0143481239919413,-0.842322751833007,-1.42274289133172,0.877775340669869,-1.61925719809761,-0.192540279092153,-0.836547179720585,1.18721971717037
-0.561745518169761,1.51469939701333,-0.148837903189543,1.18536532811189,1.19777675564581,0.129117424614998,1.00654382575075,0.683579214715164,-1.28019770147507,-0.722524109456077,0.798474245410452,0.403296209554447,1.49892251696644,-0.791237530203172,-0.510039250987158,0.362756492455367,-2.10506854947438,0.456585756400278,1.65992743466903,1.66730041431227,0.099000207179137,-0.214267550837548,0.475454797025548,-0.0149617997810204,-1.07371399793235,0.383799968156321,0.969905295068363,-0.0020646201715258,0.203412118241883,1.97659888981812,-0.250995282909788,1.61055680365644,0.456503560010748,1.00311330633855,-0.855331712109766,1.7095369023009,-1.0275066570653,-0.537562887092259,-0.952358175111666,-0.0298554304236425,-1.64702699526908,0.741417409898219,-0.00620081310374791,0.345345908986328,0.835829895838409,-1.50366884054457,-0.172982720147983,0.53058721118054,1.80364517487224,-0.500935518654501
0.138926059140714,0.260766586888805,-0.228801744297581,1.17372652004682,-0.234611057824559,-0.990560108670604,0.386329755781062,-1.40490562808163,-0.562854994871967,0.0305937153506561,0.171792238498248,-0.0411973212224217,0.217283337451196,0.647237218994352,-0.689445458826761,0.306741291492841,-0.404329086326762,0.183926150311862,1.55590517873246,1.09386426955199,0.137775571218751,-0.0158820009235103,-0.159612004594106,0.107795364265035,-1.28337271731099,0.106930015737424,0.43148495966995,0.145844013215087,1.07568217375863,1.20768782245118,0.259386356477267,0.985344670247983,0.769421771974778,-0.865242413820575,-0.736572520535372,0.813420996742469,-0.527361742884657,-0.676738648517726,0.390649505793096,-0.0894475168839773,-1.15814507159039,0.831661458625319,0.311853759200519,0.0505708356144835,1.20603344906332,-1.2496339043278,0.618299555472717,0.306181779174213,0.262003833456243,-1.54615500815204
-1.93851888433876,-1.24842188916245,-0.624114771012683,0.172025064958005,0.283024092919247,-0.524591545416697,1.67671104747959,-0.130128799702585,0.44497979182666,-0.50455977019624,2.03179285006288,0.685135227366963,2.04748258042094,2.86916490552619,-1.68927029390008,-0.120204474307317,-0.794365939677368,0.285411941531678,1.05152370476976,-3.85703552909201,1.08314584874107,-1.34944224832904,-2.43084601203072,-0.404183196310644,1.17502480005308,-1.24209831197969,-0.648786206652486,-0.265493791026396,-0.549748653454756,1.92722393045724,-2.36014339392033,-1.08236058108502,-0.931697451182503,3.46869077421389,-2.52434310068057,-0.897141802235504,2.49404321400902,-0.442502969270031,-0.334526547187911,-4.43653754601497,0.316699544211548,-4.99546116248439,-1.82226805402353,-0.719461167962416,-0.490146909465316,-0.275009558934186,3.13384465079626,-0.735704412636978,-1.75900844216674,-0.458191399320927
0.41452435584554,0.428055203403207,-1.12909063410468,2.08115711531805,-0.734891750667159,1.6810286674099,-1.03154535188018,0.317433495301355,0.859797540448484,-0.477204458293709,0.076255789657884,-1.02884177819238,0.383234134271428,1.2948936751304,0.857631846218293,-1.59366447675823,-1.48762718402348,-0.616769301344958,-2.11303203833573,-0.794275481179198,-1.10588194776092,0.00279870958240407,0.954353751637658,1.23387372613732,-0.714714331748799,-1.03839343292801,-0.820038023543331,0.732269096362679,-0.480400701264514,-1.09892140667843,1.64925218541443,1.35628588174571,-1.20572178890012,-0.645158256546712,1.82879179022006,-0.284081978925095,0.134651145180979,2.46696304206373,0.921483213191501,0.549731079343993,0.728993336302604,-0.0765300559210406,0.871931277782726,-0.840408427636285,0.0915993031417141,-0.00319141305076845,-0.546904039099562,0.568936849884134,-0.445544816556778,-2.08568079743842
-1.36446122610258,-0.91591304225203,0.316457770619829,0.114860370933936,0.0184835192413641,-0.795092140796497,1.01775314680245,0.70073416616422,0.782664252811841,-0.766527395704449,0.711957667370475,1.06591114971013,1.4974678501355,0.800840747755032,-1.77223381725747,-0.671330233765648,-0.421532306608884,0.172091652809327,0.0227671493690055,-2.10440708596315,0.478306913975217,-0.202129527203902,-1.00490092741676,0.747555878732782,1.18112124715766,-0.556455280071305,-0.405389965358669,-0.218636512877723,-0.0828944208258623,1.78246693575919,-1.88991646687182,-1.58706023114097,0.0790134314436698,2.80052357822693,-0.415165864251935,-0.0433837118994745,1.1950697949118,-0.445309226166759,-1.08808698761369,-2.43239358697859,0.219995509770554,-2.85899357679523,-1.84232422067316,-0.338871879456914,-1.26893689171331,0.977155163894531,1.16252654612955,-1.51559980537627,0.230624350467234,-0.107284994082227
-0.215425735692061,0.880633593008143,-0.393077719102812,1.43126853264779,-0.53087766133626,-0.363510542429685,0.506852672018891,-1.0187327910125,-0.714547448424648,-0.483637199612039,0.0689289661787074,-0.0727122634549191,0.601432290029853,1.3594986418672,-1.05343655478059,0.43297551317325,-0.751442354035518,0.312694329616747,2.11801287640778,0.970228362300041,-0.209588666677445,0.0923733599683209,-0.5460334609949,-0.333758904720937,-1.31785845092675,0.612636783618191,1.17868980111962,0.11418861198146,1.24962389133861,0.956963679607591,0.408704237689456,1.27787020680461,0.518489974036149,-1.17618329334819,-0.70079110534188,0.559663109366848,-0.178765605319562,-0.765292957284081,0.182250099440278,0.186006496238868,-1.10251669465999,0.976593241707814,0.270023686887304,0.54354380218757,1.26411686570346,-0.714569803060796,0.188467457207226,0.0965917801820494,-0.0320881045536717,-1.29479778454198
1.47633485203439,-0.550015587191042,1.03659670706907,-2.5399789043679,0.254509477419858,-0.173913874484307,-1.35160325836868,0.0169426441675563,-0.271324214021411,0.957114262041686,-1.33843118017982,-0.565075133435408,-2.76743571394776,-1.56379249531002,0.711226033468157,0.802104139723703,1.94731455475135,-0.14811074640013,-0.0140676816909596,-0.0210654750035109,-0.217429113951781,0.281425691685887,-0.292196775446232,-0.477890843436372,1.38863825711883,0.664253690770881,-0.852973241185673,0.0786536705796374,0.72750806756857,-0.974476386463807,-0.780890892382505,-1.1559568731899,0.197748036033653,-0.369255067868388,-0.346890909675686,-1.8748291108191,0.498165461212135,-0.888979062697524,-0.0132968192611944,-0.49772843612479,1.09345362602329,1.47458504366363,1.06430727377741,-0.208916224957262,-0.727229341522045,0.539274921570148,0.872943530635076,-0.510360475873286,-1.2858725623139,2.39894038390505
-0.0626140216399749,-0.507794072717775,-2.32421022427272,-2.31495273536116,-1.91677867645455,-1.22638788706947,-0.989691584814041,0.670327658280176,-0.469597601600453,1.91430849956103,1.9933354026286,2.30377479200522,1.55200020173663,1.98126010354555,-0.605162329612774,-1.164696959608,1.15981371091629,-5.67005330969322,-0.494830743067257,-0.322138507123247,2.09079133659543,0.975880531118188,-0.947906217556215,-1.31609702412535,1.01207986247813,-0.688714842010412,-1.3730585924201,-0.39186582850304,-0.562697732191428,-1.93527841640988,1.85963767046011,1.94660319671052,-0.701093699149848,-4.40240009333875,1.43211293713132,0.211184481006007,0.583550315238565,2.22964902178164,-0.270704816006937,-2.94285598228219,0.68336867438935,-2.67349736300593,-0.965446093936306,1.69681395344195,2.71227889490156,3.62101368931903,-2.07372018733334,1.45843013970519,-1.23945919845125,0.923740379952301
0.974190577399463,-0.392814914667538,1.11572213702232,-2.38388184070089,-0.105414946822569,-0.0562653550858016,-0.856162546434754,0.491098237868461,-0.485373899300722,0.907784582147279,-1.4530263834804,-1.05095419773776,-2.76570139914721,-1.67067050996216,0.799829446421581,1.15021489740041,2.18456947992922,0.107932878432223,-0.675169464987093,-0.0136095248332354,-0.201710886167121,-0.0355645998252334,-0.131520306128713,-0.883346718911378,1.01300695433934,0.705029429173433,-0.613249820523676,0.396514457400905,-0.388005478019127,-1.73301855515558,-0.342988323595886,-1.16442444765879,0.194687487175232,0.222842934579885,-0.380316886981845,-1.97108083013867,0.562804648631639,-0.477516132376498,0.537983809254865,0.142928571130557,1.30427582487556,1.36682565803651,0.945369877074712,-0.421559210247812,-1.12763765562213,0.350092916060477,0.273077266475161,-0.279305485280516,-0.85612716867315,2.24586844422173
0.00512262154411178,-0.0177326699834082,-0.0192484176862585,1.06942941174043,0.0484943770275647,-0.275939674389862,0.0737917035801632,-1.08064406305602,-1.07978606055376,-0.607354632095052,0.941373336257976,0.313846411766964,0.345162666164296,0.57299602112788,-0.298915126302118,0.720470542740814,-0.488064950804865,-0.00695044863878518,1.96968712831843,1.10716509254568,0.686341008989251,-0.140535360505843,0.226402913513378,-0.543744841188682,-1.17640557580126,0.107596253065271,1.00592871270562,-0.0538025225992979,0.53245602742096,1.31806804294581,0.429998235851948,1.12304955988,0.525937574444838,-1.21900824703643,-0.578488751331137,1.11416918787164,-0.648954209738483,-0.214431086264959,0.450090676160526,0.214472042703213,-1.02119395219809,0.769545883623677,1.03555535000847,0.311885069434905,1.35645997220998,-0.86198092017136,0.33009711947767,0.580706465378574,0.733369593603125,-1.31474542027649
0.663374528484363,-0.121212233909255,-0.071612276117594,0.774185400063576,-1.24417074690371,-0.959936481722393,-0.663644899587489,-1.77901482270395,-1.07800141426242,-0.0357081111240733,-0.165587220505842,-0.460333137215037,-0.663358807552724,0.939069925305485,-0.417274189932053,-0.0235029507582488,0.315057755246395,0.076961148596087,2.12523906525941,0.665595185801099,-0.188743757523947,-0.0412981170657878,-0.109196480731068,-0.488709004602255,-0.593630308383467,-0.108786115997943,0.419870551001787,-0.258821558657833,1.09585853005231,0.39702172983984,0.2196551843067,0.126168921500658,-0.105793768649351,-1.85507071484744,0.241631317052582,-0.291544366652256,0.68296268119928,-0.736548973033528,0.717695325934425,0.0613703134184268,-0.655282343533456,0.739545648260577,0.327156573199342,0.221138567700438,0.86106952545048,0.0505288624302676,-0.0739112047273542,0.36228675619888,-0.575880357528783,-1.37608117613066
0.74596021619425,-0.0838967148391846,0.546881173219129,0.755332451425761,-0.763556999390579,-0.939781499092729,-0.471556230793385,-1.88835116805292,-0.617169195505813,-0.132389096913255,-0.353951663117048,-0.00558644680105935,-0.398635690902359,1.17372001655869,-0.886736296272635,-0.267141545431247,0.697831416951053,0.6541692816278,2.16686859604909,0.664742942202344,-0.234122004837498,0.0356351568306001,-0.357849161266633,-0.424659654569009,-0.67803552748166,-0.145294219528922,0.626795886871261,0.249737573153403,1.27121228637872,0.756806273576058,0.453257547772644,0.611500057873487,0.29528539106346,-1.82639121969924,-0.341713757219083,0.0516724577620103,0.304386715926635,-0.39249145866129,0.577182515504855,0.229005529692737,-0.61523856457417,0.53868050251938,0.712619542246974,-0.194353323451989,1.21650926679799,-0.733789094053555,0.890288580474944,0.429199838542882,-0.170287715476326,-0.747056939314098
0.550464453701576,0.227293916068955,-0.100257238760224,0.832136057025871,-0.641900015119184,-1.00513034508581,-0.182892587089064,-1.16337468047666,-0.596642221363476,0.152302633175963,-0.510450530408368,-0.487267843492673,0.263379656469906,0.717285367498696,-0.710323451508463,0.223255770385159,0.0194684036706765,0.430771642013883,1.79719023049849,1.22829650818544,0.255882721951343,0.0209068019746658,-0.0865075819454371,-0.289307280734128,-0.525449261604844,0.222708468293456,0.881775626828753,0.177032270153654,0.918136459236788,0.903223866112862,0.684013203469445,0.698059634419575,-0.0113443149188583,-1.77342723678181,0.167624371428189,0.072608456746605,-0.0771681209428091,-0.544858760550171,0.394118793325057,0.0876881304624735,-0.75908362515553,0.721999944065244,0.0933205952961155,0.345123106974002,1.06294228768741,-1.02233538513517,0.715551456404878,0.573992184407652,-0.378869342907754,-1.02063715866875
0.361907168108995,-0.844670930432185,0.783912015698974,-2.48016521654905,0.530538201221234,0.371145299747196,-0.711277301656421,0.45600786898817,0.119612483100011,1.0621095073238,-1.13495460831105,-0.350619994602287,-2.80518106031128,-1.88297626470214,1.70279760847442,1.4931023738513,1.58541525901559,0.367067257494946,-1.31857347492472,-0.360390288921794,-0.998616724081636,0.366743528495923,0.329525044074253,-0.342724429212689,1.32516518209455,1.04486468058304,-0.341698044373005,0.324479629524626,-0.704796595697414,-1.85716793671597,-0.601672772978249,-0.966521490286867,0.263736624961064,0.474059888653451,-0.0968604592025258,-1.67851582770103,0.811025367140828,-0.750878982349548,0.500726674280594,-0.282627355454784,1.28528193742489,1.17280449130005,0.592712788737639,-0.41154892374046,-2.01215004741951,0.509593911289184,-0.2565892489255,-0.557436626729034,-1.42827027994613,2.60779965096195
1.08382756705554,-0.254737325591783,1.0145104397752,-2.78572805383958,0.0982785240970285,0.144321880583201,-1.12332176482126,0.292111216855139,-0.0491961949875729,0.909231176664227,-1.63701194566466,-0.286980869838029,-2.8748199467159,-1.83483419725537,1.13075091918473,1.06022540141563,1.51875529667795,0.16580110523518,-1.52247076213411,0.0578692617115735,-0.577580092512414,0.259662397962564,0.344703514637909,-0.700234616966023,1.01927379449331,0.341023320922079,-1.0035185465362,-0.0109375437720157,-0.07343279525877,-1.88375578982263,-1.00346363772727,-1.35680786663564,0.295436778662974,-0.152752857557678,-0.224326078515183,-1.39096429493273,0.430624202214207,-0.878333983342567,0.492304673650193,0.568174222540178,1.38155999514922,1.30426573008116,0.581607686605887,-0.144024639617957,-1.11052945170636,-0.1805710245566,-0.191752066247642,-0.976356967292691,-1.19141618903434,2.31229145325147
-0.897125510789135,0.874091966926833,-0.296147797051017,1.00530575149102,0.473220828899152,-0.0342768637456891,0.784101339459128,-0.409868443909629,-1.07467514404512,-0.871634575026774,0.827978575685213,0.111689137985567,1.11796193684459,0.239993425288679,-1.03170431202155,0.510760511942225,-1.42211183673059,-0.0782279421404883,1.80430886128103,1.23966207080505,0.163833122615511,0.106371805887372,-0.350829865476796,-0.130026143638817,-0.899274275226523,0.339201748933257,1.38098950805339,0.560657579945317,0.596727178427251,1.42951993812486,0.745033655353284,1.41625636489867,0.601925632391107,-0.911752917259839,-0.55233601126207,1.48912239049444,-0.833055732215188,-0.263733616626682,-0.176985910668658,0.907437342867541,-1.60821089212153,1.19174590447608,0.355816535659772,-0.186984711570421,1.51632588031739,-1.31898022844876,0.554875804089431,0.504284863993139,1.42813511554072,-1.15524343903957
-1.05334202702711,0.234432987276103,0.328614260579962,0.291443811973906,0.506825474088714,-0.757260962338031,1.32758456106318,1.42580707817282,0.455857145656074,-0.627220029475949,0.894049629330733,0.384593551570053,1.31386776117572,-0.491800725974708,-1.68944865768378,-0.69968281045562,-0.927478016455234,0.35221472892963,0.660604231586277,0.293290120228318,0.524081957414983,-0.0735974197125184,0.0610601648299692,0.471549667187792,0.393242488988774,0.0820458784613587,0.529305871421428,-0.399092489624809,-0.140289638047116,1.27445278199762,-1.30319716829587,-0.333068303893664,0.899294872950578,3.11030170382688,0.130822344094658,0.864204402055237,-0.57228455551563,-0.867432487530383,-0.858938788521784,-0.305156046210511,-0.530172032342457,-0.451550895617236,-1.05601030636918,0.587364498442169,-0.227524253039846,-0.249983229161051,-0.66323683063571,-0.928778079968262,2.14400769720087,0.228656418313619
-0.823967418125117,0.882849978633352,-0.520905452466271,1.16738106228046,0.795043426737757,0.105508340709093,0.890747589484995,0.489920665492368,-1.03290952983141,-0.623953325868912,0.359427933720555,0.847544559046401,1.56773352756374,-0.134590118697794,-0.834058480985108,0.420789896066526,-1.4638172575803,0.0161635513899192,1.31456633761004,1.63200096963882,0.705615486702496,-0.259539464989078,0.888960099538036,0.53927418082804,-1.22982420281969,0.597449119808885,1.48779888657393,-0.0157110678811874,0.492801368460875,1.56392891731584,-0.239564072720762,1.63544454015696,1.24045080063615,0.763656046119087,-0.598465228127223,2.06457728964322,-1.13637256858097,-0.0988331166543887,-0.909519532149411,0.628747609605831,-2.19458227545519,0.410889006200052,0.21755363166887,0.459104308965261,0.748136513227989,-1.63988294987634,0.154559030929013,0.35560010345666,1.24327980637946,-0.81178735549541
0.630547603540631,0.0598553246524709,-1.11672180703997,1.44048047364967,-0.0194735147172549,1.7836160031556,-0.743085246504705,-0.309785186140961,1.77820286828594,-0.177576154933002,-0.286140629723892,-1.35166250627334,-0.205065514271909,1.2898087442422,1.52880296466269,-1.92305135315544,-0.806209767552415,0.342316799152978,-2.02443483315911,-1.09187815344859,-0.663591907738306,0.144002009289995,0.626828826043579,1.37700286437672,-0.768774259933449,-1.33904518794914,-0.543748471722407,0.512652202286159,-0.138971889940517,-1.64344413449955,1.58221407875435,0.162205527644667,-1.23060034894367,-0.345528493703857,0.977270303492689,-0.263442822537568,-0.472404078567744,2.06799503099893,1.22779488390337,0.356169232455342,0.986294289845191,-1.23166103872793,0.340345177055566,-0.394101868429142,-0.391798161606831,0.239960789954177,0.260409509488776,0.210352442645742,-0.650152162942476,-1.36873782014744
-0.142010292779894,-0.163088847800383,0.622650596799176,0.0857526777495937,0.359707464325761,-0.56141539785347,0.777952498835144,1.63895075785581,0.78343334582649,-0.275774691724754,0.430923357364612,0.99072999499578,1.47518211044586,-0.262813114076281,-1.75411642621847,-0.795934872978912,-0.627203167883706,0.282812848683045,0.279812839734158,0.236074846341165,0.311020670373936,-0.0601643164389783,0.503085309302927,1.06422453003725,0.509115920411049,0.42715600228943,0.0656227087820801,-0.233505526400592,-0.150809120713729,1.54195231371397,-1.37251177128499,-0.143384047885653,0.576609275663333,1.99666121285644,-0.282780906562952,1.34001849177701,-0.221320287636845,-0.584600858043273,-1.46702796871163,-0.106001119876254,-0.620372631462936,-0.345946496336969,-1.43815453430105,0.500153578731663,-0.261401434717419,0.699027324116972,-0.518894533210198,-1.11410088819061,1.96991283968228,0.155293741492982
0.754409157017371,0.510024520898372,0.268923345271141,1.00962216368162,-0.686451664874294,-0.783676881437802,-0.269103443867911,-1.78242817026804,-0.825314142442363,0.233251037138296,-0.339588621238791,-0.355770952095906,-0.671489165130346,0.918270989075464,-0.775209742467106,-0.201346133048478,-0.0287491051515569,0.0535851946539696,2.41495092811909,0.77708762652293,0.140995749488357,-0.159356458593585,0.269962644947307,-0.485185698482939,-1.28663016387017,0.2182061507978,0.206421729947763,-0.251225050293702,1.11237193845445,0.792821423977756,0.626605808151642,0.107290261320467,-0.350617356771007,-1.90947539292042,-0.296660081714526,0.087745218890015,0.144252704380102,-0.691808181396233,0.568449043001322,0.0548193726120369,-0.782008175030957,0.82996625183233,0.451134526919547,0.313340766801626,1.25911584018172,-0.459882736288195,0.538743145160431,0.387719834892824,-0.417807209767887,-1.20384653782269
-0.0689087008316065,-0.593819242354359,0.298789334699777,-0.442089030769003,0.950886606766035,0.755721633004175,0.0916591967529958,0.0700127841273996,0.65146504470708,-0.619329530424695,0.595421934606258,0.18246812774044,-0.791082415559762,-0.579012396612586,2.4245646580002,1.50670472119722,1.00802204145759,0.531079198740164,-2.72937350184174,-0.627119698645719,-0.867896441014454,0.0845938651999751,1.5755248697885,0.242880426838119,0.949736042885986,0.0503927082823488,-0.68400576358576,-0.576912720481588,-0.906634978082837,-2.11972044386114,0.403409257349554,-1.34638345213356,0.0161327551110594,-0.278260118517769,0.580839046903073,-1.03496330259748,0.403862737081889,0.191770945514992,1.05339197978035,1.5004150195643,1.84322888246066,0.165551689719105,0.05231080628646,-1.0892260563158,-1.50290838360977,1.1615769874258,-1.29530948676461,-0.227901692411169,-0.877059838915681,1.34318595910164
-0.553543478841919,-0.644429303915369,0.845672339931081,-0.540174409274769,-0.0208890469993292,-0.12426126383776,1.22235144510142,1.60592526424688,0.743502297984011,-0.666089600469233,0.928281778857609,0.827096693488724,1.6298053602931,-0.229175522691708,-1.5747268043967,-0.799324159565548,-0.128388100492255,0.331764337194536,0.0835247143964888,-0.595398903230423,0.379293808970998,-0.535073235107945,-0.506016205499359,0.82059483350604,1.38780206751977,-0.222648202732744,0.00148049253649013,-0.518391211419585,-0.627644693776234,1.43568143783333,-1.52218542035824,-0.645567249685328,0.756308415139169,1.97185096423492,0.380308239083588,0.692562211920419,0.00979657032666229,-0.758531136855242,-1.46509494854599,-0.638985379855109,-1.13919523488451,-1.65342434222105,-1.84706781774777,0.861074385116742,-0.669623765304044,0.444939254347033,-0.276483713670447,-0.882039299686415,1.83360491112773,0.167653130158112
1.65292632281913,0.116249059889777,0.543375456242893,-0.0578796223102095,-1.00659624387603,-0.916136845744522,-0.776182251351041,-1.13049045130783,-0.33006285034224,0.370262784367391,-1.01680669368181,-0.971846187945794,-1.71731834135874,-0.132396108000423,-0.719773609267763,0.21469101873973,1.61868810145629,-0.447921629748742,1.54351973690942,0.217236768853368,-0.112210339384101,-0.143482941636752,-0.838730895403919,-0.926065721923239,0.0436856700685006,0.0925634636458448,-0.305488290501118,0.214221486982154,0.923309330463269,-0.227628136077852,-0.193765486108518,-0.82662000914083,-0.299029103618755,-1.67491105497183,0.277424216603427,-0.664135720097179,0.734565088165869,-0.980481827258072,0.566051795781444,-0.286090068364886,0.260161228943488,0.903557411759016,0.68207919272658,-0.0641255887415995,0.816700099241954,-0.251344894485154,0.794030060426775,0.697917528108389,-1.0805310676719,-0.163782128077396
0.0977611855786348,0.637792496447902,-0.386994638479339,0.796361877164008,-0.574190181560532,-0.688119311872091,-0.466862336461881,-1.45440941454206,-0.711769353623498,-0.147166864063782,-0.0433240272256204,-0.0111194514717956,0.376323945333894,0.784422206554758,-1.35743488520027,0.342697836770934,0.0702752592001816,0.23582576725597,1.44017959633448,1.13836700399742,0.537658466889873,-0.0787578051349831,0.125695474620136,-0.282805881171498,-0.766896323086554,-0.182107136407669,0.770277570812327,-0.0473292155387571,0.634434588743038,1.67668850349838,0.837585292175602,0.608662086999899,0.337687877053064,-1.54722153906378,0.0268020580400136,0.712691043922107,-0.224446900955321,-0.685943594211289,-0.0455627322451763,0.300695559838877,-0.685396082631458,0.746444885056385,0.963762314072446,0.387322067757636,0.957221733572222,-0.83100614948337,0.427305168356616,0.623751132355241,0.007099703808675,-1.27492801072049
-0.379790955514839,0.609429120358632,-0.0565408229920409,1.31587896388682,0.83452444897057,-0.104482406041954,0.583280457558663,-0.211428125685762,-0.689620208050407,-0.632931068000158,0.583582479344273,0.0564991920093817,1.16531559905908,0.171798485438153,-0.356964621286289,0.659952006887515,-1.41416696519947,0.262789677080471,2.24997608463409,0.790708440030531,0.0499377913839615,0.354512842837624,0.0852095378433706,-0.348787777683244,-1.07810240837754,0.469717287290539,0.944616277644413,-0.0216152210289071,0.763142518740791,1.32783527145422,0.000942730800734044,1.24465702397312,0.332006658607079,0.180487153162467,-0.757199315499912,1.57143943304095,-0.913901032763056,-0.253010797071495,-0.327438783342462,0.15920799421801,-1.25128403426515,1.1938716596978,0.0206283695241857,0.622244567895885,0.763038153423976,-0.994876262093845,0.922036679475641,0.906444492535838,1.05741626313692,-0.586642910315479
0.86093738053789,-1.02910744890696,0.681004491719076,-2.15068092974529,0.500755423971317,0.479471765988408,-0.747806543263907,-0.134876476839338,0.0434040631617248,0.313265633542218,-1.14217732185998,-0.547036251244025,-2.68351145124645,-1.31937435304704,1.53386535977703,1.22665096260016,1.87875259834635,0.513954620086857,-1.91205627814657,-0.509046810505268,-0.666329953306766,0.764339384811281,0.53347966552841,-0.461358450738055,0.907296172836988,0.670586689040187,-0.824274063683888,0.373976879204061,-0.882872465686581,-2.09771600811277,-0.745639607878352,-1.40475364209531,0.14815649372709,0.296926977333598,-0.0811411035263367,-1.90393000391119,0.217859924295739,-0.247420320661711,0.0380667818348228,0.346404263605584,1.79806988022656,0.829452694927148,0.490539643481088,-0.215523240938046,-1.33493995924536,0.441092641978045,-0.967777754401729,-0.752741646976813,-1.27698986901873,2.97391904565153
-1.40782406466136,0.946774385511973,-0.28409633061628,0.865067244940087,0.797147694749136,-0.361177041421444,1.28297085992481,0.832030880165813,-0.732552985310114,-0.874673430927731,0.923922253283161,0.646066682420195,1.37193879921956,-0.689788391286816,-0.811402188753979,0.815759823797519,-1.68199834244524,0.0574476665594102,1.39569621391727,1.46520890437846,0.317475637351857,-0.103358030825985,0.474509841152774,-0.121523226773293,-1.02568097478703,0.57204325279685,1.10445860473637,-0.0531894888378529,0.274176326962482,1.21630940578056,-0.15964294446356,0.936663206888848,0.989067552917572,0.658458463700362,-0.486001668858344,1.9076573890041,-0.950333108132638,-0.528881000300109,-1.51012493661258,0.0165849939226794,-1.40472714437735,0.724541467502096,-0.500701825395806,0.339631893641622,0.701692026881956,-1.13451695364745,0.635658105089693,0.398479482604722,1.7366564169499,-0.374825658646297
0.117827639645032,-0.757147297357829,1.10377277934394,-1.84026514167632,0.340334984346018,0.409417595536368,-0.0531329456043644,0.80638300433959,0.643651788313649,0.470860749186682,-0.147502726503007,-0.618630831100659,-2.35520642434716,-2.17675352490857,2.2047466006505,1.31756971244396,1.89056342400859,0.315097472270862,-2.53072913199538,-0.461946498988407,-0.995852138883834,0.0510272593815909,0.545716980712475,-0.2523368546696,1.15133729033542,0.345381785804634,-0.884509812534355,0.144740308461979,-0.672184376017321,-2.33330434170852,-0.207869052286588,-1.38664085444973,-0.0359948293703936,0.156114565312351,0.436932008578231,-1.44782639516428,0.623377650027217,-0.189345764076953,1.04673780658704,0.817499168522696,1.56002003223453,1.22901883388649,0.213923624946404,-0.336136395856633,-1.56750644901037,0.920738668611795,-0.931729015558606,-0.408661962514027,-0.991647587261105,2.1208919122346
1.67772551222007,-0.569152988313404,1.13351428535694,-2.06229905105722,-0.550381127757436,-0.0364104654851976,-1.11700548312902,0.12546924732863,-0.561353640111107,0.945035734801594,-1.52122856358909,-1.13305052715089,-2.26547455856374,-1.16303739512008,0.473509074660312,0.329682228665469,2.25847632831137,-0.250231832381359,0.154276487341684,0.149717999450399,-0.42068987290878,0.0996210900886897,-0.348859770557498,-0.525591892248461,0.657494688966931,1.03674822430565,-0.0441264732923986,0.310430151085176,0.0339125405792182,-0.398073237661121,0.0403726611754405,-1.08163168156931,0.146146808699747,-0.427230781761193,-0.271007596031641,-1.58362819593473,0.827212769002438,-1.37439373995296,0.0780026434208805,-0.572488880107301,0.417341102192389,1.30069885598388,0.847321635066788,0.229748493553183,-0.833799824527852,-0.398755639799081,0.48900345587603,0.0972448942641226,-1.07816732718366,1.29720942488502
1.45276659345268,-0.25458870083165,1.09688993784354,-2.56413465921073,0.567126452868053,0.261383999301072,-1.38758950076346,0.295604963222649,0.0932068696403922,0.877030662563375,-1.34766774738314,-0.170519674387191,-3.08214617406398,-1.79576092924778,1.07968911598016,0.644942101592411,2.17641164735506,0.711710365096781,-0.645069031800972,-0.478890905493284,-0.855291607671601,0.113912130028851,-0.512365569443525,-0.685008067691282,0.607805639877042,0.75419456703225,-0.650584097928729,0.461620865323689,0.0740596521557053,-1.67241169001749,-0.891838333695617,-1.36569615407317,-0.202255235102608,-0.220675729128178,-0.365582205384551,-1.75131398820474,0.653813459693256,-0.832718758804637,-0.0539670395893626,-0.386430888104329,1.46069982725206,1.3682922424429,0.973750795177543,-0.382830606763979,-0.767624332819148,0.151138855630083,0.150825236292937,-0.576519267945729,-1.29683649113317,2.42825335285144
0.661525159259197,-0.516916588866875,0.501604984538371,-2.08193876444166,0.655653187099053,0.471958049934244,-0.579286473302005,0.626884046369547,0.363216426752279,0.543993028351096,-0.738328034887298,-0.562709732260107,-2.63075216926443,-1.8292021294619,2.09518340002125,0.939008501951899,1.66776546684905,0.581490350414868,-1.36060062748905,-0.788172454628858,-0.74247965826278,0.0129705550945012,0.109887437115363,-0.65276565887036,1.03007055079837,0.875165569998139,-0.805261647522415,0.151351575074935,-0.317144134996567,-2.38312474038142,-0.793178204116971,-1.73058312056915,0.0891229837319749,0.54972170761944,-0.553712164820088,-1.6586805790524,0.0927560727293153,-0.996533896302999,0.431196171079519,0.757401599141199,1.86864725729703,1.12434197430851,0.793400731478698,-0.118736445032558,-1.12555485287121,1.00743193978828,-0.568720029215456,-0.695232800033214,-1.30721048063476,2.70642741944238
-0.43515978431759,-0.373631766069337,-0.313656451550044,0.129695425341736,0.314712066942028,1.08354247880399,0.278056880525055,-0.411424790204847,1.01753376717865,-0.358257027427777,-0.136254405213935,-0.389719037783272,-1.06491522714783,-0.0145123435489271,1.86634925350677,-0.161991366570773,0.425752882368269,0.760474183068912,-3.38573658385663,-1.29016064427582,-0.838176063305772,0.228669825419726,1.31296100447682,0.836197712818608,0.27997657905708,-0.610640557326401,-0.48197513042982,0.018196945590204,-0.586013825495483,-2.0450102103469,0.617597728984094,-0.164153051075866,-1.10521810155179,-0.17621771874034,0.902429408122547,-0.351090033131207,0.473833407120615,1.48635914727157,1.51446256273688,1.53728178856495,0.960428057673844,-0.280089351908881,-0.269730896084462,-0.889703664543029,-1.3376526970111,0.900748158814991,-1.34392186151129,-0.0990871947358075,-0.636912428287052,-0.325135506186585
0.726594560856899,-0.328875702039998,0.784733875831544,-2.29204337421059,0.12718067338204,0.884935947009798,-0.647861046476267,0.560337241046456,0.102067908828126,0.897949718148153,-0.508110082819419,-0.165364353944831,-2.94074688910579,-1.92976366307074,1.91953148355186,1.44208499946853,2.34501405248861,0.489881554719396,-2.11840911579942,-0.81612818253307,-0.917652776756943,0.127796829502511,0.097024071802469,-0.13855018601385,1.38990192879992,0.912358579206772,-0.134273605890751,0.12618795639132,-0.483522120462032,-2.21138223557061,-0.607082463889267,-1.29768499760658,0.167330178799505,-0.19308224499242,-0.0305674196279334,-2.13094462921347,0.342876958621971,-0.577799819552845,0.18017284281158,1.00660024667177,1.59160317616908,1.2670518879465,0.197306634780889,-0.00316835883761586,-1.31627947015519,0.937263171509509,-0.635620302996138,-0.608569731309702,-1.80276699675586,2.49967717238133
0.404701383337231,0.125814273146383,0.27111549877909,1.15453008623396,-0.851881857142506,-0.784529992356227,-0.861066739913167,-1.70642426942421,-0.303178978296201,0.302461307598333,-0.503177924738176,-0.387814191642324,-0.589165458148436,0.912860520198622,-0.750350864137844,-0.249330649225181,1.21969803137158,0.767166927859412,2.29503264724472,0.697505755302084,0.05554724963474,0.240917264239918,-0.423929208550472,-0.228537384440149,-0.286613072778734,0.0230447401601059,0.325849637085156,-0.419407684199612,1.07454196847466,0.517822568108723,0.577811743864392,0.239061032930511,0.414335858123292,-2.04320744836425,-0.377923365404462,-0.221446833540746,0.378946515422775,-0.248184309420863,0.780339153545622,0.119465558569268,-0.43673237777216,0.530973037320366,0.625316419107958,0.00436870687049209,0.970046774178219,-0.58317187070319,0.31812935884023,0.638085029357669,-0.439719947320078,-1.1193190692224
0.611051707178258,-0.798626335755012,0.982134699051064,-3.13359258249412,0.407830142287387,0.643522078680656,-0.782809464923746,0.520008685921554,0.256246285633946,0.820626607187837,-1.94526736442613,-0.146475087953091,-2.97499230173645,-2.00615161122897,1.66645443426961,1.53755494730838,1.3368157274624,0.30001449290657,-1.19289594229379,-0.50115699711872,-0.418712652002161,0.118600234913001,0.0459996385791736,-0.596228749382724,1.09357678617877,0.71551365610834,-0.685207570911609,0.337366340615494,-0.567672029053872,-2.25441593442675,-0.815022876247961,-1.54887517252965,0.323158626468976,-0.0514589709138802,-0.222049429940499,-1.40846450835107,0.593271913432894,-0.850023624799671,-0.102390797480923,0.632219336444593,1.58954003043692,1.04307654322168,0.571619524909309,-0.344942298446812,-1.21253619057402,0.996371979181716,0.0447849491039957,-0.808178648156015,-1.56812954013628,2.63039337179281
