"V1","V2","V3","V4","V5","V6","V7","V8","V9","V10","V11","V12","V13","V14","V15","V16","V17","V18","V19","V20","V21","V22","V23","V24","V25","V26","V27","V28","V29","V30","V31","V32","V33","V34","V35","V36","V37","V38","V39","V40","V41","V42","V43","V44","V45","V46","V47","V48","V49","V50"
-0.794967944231468,-1.39008808403078,0.444098728039284,-1.61504309214505,-1.65353924633027,2.38367543085973,-0.421014050451415,1.44998575908086,0.49128133747601,-1.93183456688375,0.568979765969952,-0.790460361180032,1.01378610080044,-0.420587291224585,-4.2872217616687,-1.13667053209228,-0.375536103233155,0.980550418648542,0.187687400094039,-0.461275587220189,1.54770700799199,-0.712310504813733,-0.879461713620437,0.357946874291341,-0.691045931958762,0.389459882681357,-0.815278640440957,1.09103990502941,-0.713025160775898,1.11970177065588,-1.60013135485085,-1.03642421133341,-1.85694766365209,4.59696685663557,0.344197275117349,1.1077113590715,0.632920232980808,-1.6444525645185,-0.805496459532018,-0.365282423071869,-0.712511180608451,-1.20108950581351,-2.01604884299158,1.25582981390028,-2.04484638332574,2.79314638416212,-0.363194757704632,-0.638096541396988,2.47609368474313,-0.0226789797432182
-0.249880093876919,0.49672342438225,-0.12934372085843,1.57611663559257,0.648683963357278,-1.31647590032542,1.92167914552353,0.29343797130456,0.376638144895893,-1.71694318935357,0.199089639037804,-0.298346422799863,1.83373446127111,-1.18073300479443,-1.46572267529773,-1.22413548029657,-0.478633016412471,0.865177028850634,-1.74985830003286,1.83070088441478,0.451055140370337,0.262869671784221,0.186135507801465,0.766555263541134,-2.0854414139552,0.00777113313627396,2.68580625889064,-1.56209487203619,-1.70790873437944,0.0659312069143864,-0.0130640724880237,-0.593517050421927,0.152006686411857,0.734698265660364,-1.2681327270017,2.01376875888997,-2.69671948765791,1.46006052340958,-0.626874219409671,-0.299192131290496,-2.3205432876273,-0.2385441260184,-1.6690669675427,-0.0233398623915211,-0.771019481035674,-1.60930131502116,0.706995629213344,-1.06643480325917,0.868426778676717,-0.276678154515454
-0.61366579789144,-0.624014600157628,0.39427494921706,2.88370427170247,-0.261817993579278,1.15367495923252,-0.912889762765136,-0.717704394524653,-0.681893696909385,-1.61503367693555,0.11031149848297,-0.395032563398433,-0.28916075053357,0.78897062543944,2.41681825630188,-1.28338995708462,-0.31929869289592,1.17616097793354,-3.31314434180411,-1.21457455448845,-0.854903192550713,0.998315851763151,0.75799009538628,2.06950079214605,-2.84102504248218,-0.0954683463978544,0.712245921374975,1.91213648743077,-0.227550639711393,-1.7389233226456,0.707610076933114,0.0336228588143404,-0.56324912371091,1.1966306173582,0.805622438878867,0.900233623194725,-0.191546524218008,1.51555140039358,1.63368453957706,0.436036340078378,0.770690292614846,-1.21536001114909,0.140784606556472,-0.741934345997139,0.522977666408517,-0.406868140127119,-0.327159093326551,1.1310718656089,0.542726547742202,-1.47378895054832
0.182758498309308,1.80026882919453,-1.33326043148825,1.22598929336541,-1.27689023661568,1.38320890088301,-1.60654501912658,-1.13121997772492,1.07562909146303,0.519016284229266,0.236516382301878,1.01715680388007,0.61224861261832,2.12217040705707,3.5352418466328,-1.79039321662622,0.105152754619997,-1.02937513999091,-0.396507066063595,-0.856781274415253,-0.914597888379207,-0.538150217105281,0.198010248333386,-0.340290841813965,0.931959883779223,-1.45611313189568,-0.149186384327913,0.507805274323547,0.858175550400254,-1.11418423121468,-0.672035680166712,0.623387981311488,-2.1519403944958,-0.00155063842563671,0.849044902406816,-1.51537595098117,-1.14762869259395,3.84954786371006,2.09158800222123,0.51248663901522,-0.0650245579569256,-1.41242113840139,1.76662362926495,-1.60351818246233,-1.50881797118472,1.60410689960723,0.332176975777872,1.46741497765747,-1.40689044499696,-1.86359707858558
2.08666876721897,-0.34211488952711,0.0844530066946116,0.36519642615683,0.288050260579118,1.59648911611497,-2.23119672493268,0.575801333022945,1.45965314338154,0.716462822389886,-0.513175539941798,-0.931080534167593,2.06826145442296,0.557614320902378,-0.143669558064901,-1.34339856096592,0.495613059835546,-3.7525231620779,-0.827557353922157,-0.18559312231584,0.33382443286699,0.141675080848424,1.27626355987352,0.445488714746661,-0.957622917403778,-2.4817559455306,1.82722044140434,0.673075086662532,-0.0917827479546463,-1.64947844673645,0.97186858430298,0.945211223167756,-0.836626243335687,-1.54940144851431,1.99230651928649,-2.29889391554904,-0.184181778895352,1.13034931303962,-0.34540064742573,-0.433425800571919,0.358711491531043,-2.11442836466263,1.57467364137266,0.837948474019191,1.54414446220415,-0.141087244186128,-1.97108985550126,0.981588662696499,1.13003175186925,-1.53199989442531
-0.0410393104261907,-0.358003540708586,0.108560427191973,1.01886438560847,-0.270457087559196,-1.1919670822511,0.131611417486656,3.18645685360127,-1.17429671131934,-0.210868869358176,-0.505824802251392,0.891427148630611,-0.560341152893193,-0.229391903502204,-1.55855490937421,-1.07027333233381,0.00667503693043187,0.0528639404417549,-0.719038106741544,0.474571108828621,1.15405362154262,-1.4685486421334,-2.43075857598115,0.177851824395802,1.27847926396935,1.48703779408497,1.13144939139488,0.266038428192852,-1.42701364242609,2.23362795125572,-1.07802713730745,0.244767923447674,0.759063469517257,2.56328446807464,0.884164829934894,1.54157037193924,-1.03716752171788,-1.46095039020204,-2.22276225130607,-1.2335993613305,-0.0680781354853654,0.43121267843317,-1.84840215114205,1.08525135696567,-0.0762675944592762,-0.797801315043146,-0.216567697957512,-1.45589535648075,1.84644548353739,-0.115654905134122
1.01144666957524,-0.309290307601107,0.340862983099906,3.65731376573072,-0.33798354806559,2.59699558231228,-2.60496389512906,0.829970582286511,1.16008486538999,-0.703233268094445,0.316837851669293,-1.31641478463321,0.0348349324946546,0.263888727375804,1.65583895624414,-1.6303583282626,-1.2272377487588,0.114468397135399,-2.03797955807245,-1.14557387338699,-0.348514984577519,-0.141240976038399,0.725131729512444,-0.140257990094213,-0.920664715035947,-1.90020029043971,-1.64524757657334,-0.873325428178325,-1.09965569296702,-3.03672214784631,2.14889923098776,-0.121127904783371,-1.66574016034504,0.0795695315956854,1.20683823536775,-0.367063597847131,-0.866605096088025,1.95033723395499,0.88374462076595,1.36902408189429,-1.23270693513533,-0.697576840074606,2.02492946454373,-1.48637201378178,-2.25807080733685,0.539887760470522,0.223317931180148,-0.263576059517294,-1.03910323832565,-0.469015991626971
-0.0138110476899571,0.375534372740552,-1.03750443844038,1.54399720991201,-1.5019522413204,-0.0507895306813795,-0.943147183744363,-0.142536873897846,-0.883425653202593,-0.0085167701007263,1.34871305376587,0.0196094215211455,1.01118939807107,1.09943222142044,0.674893903865181,0.229998854618045,-3.37400777124695,-0.154591352810263,1.17213714653134,1.40015041398743,-0.894596539731966,-1.51404658951905,0.73109258037445,-1.55408172383239,-0.56392235885865,1.63328895944875,-0.410283731086076,1.3789198565978,-0.506426419316481,1.75203043679636,0.581501783381793,0.633383201349409,0.552512878419684,-1.8587915460498,-1.54072887848915,1.87430050607445,-0.730330460493504,-2.05673252476418,0.130372953020752,1.01534096126216,-0.503292359784006,-0.0840558108123076,-0.391455688058336,0.949266126803857,0.249573680671569,-2.24041610843225,0.744770447674765,0.140854691423458,1.02691345014005,-2.15309824876612
0.0840249114078238,0.669050306407948,-1.40776501757035,2.53277220433688,-2.56343423590169,2.04765089527097,-2.43161407792812,0.880961565679478,1.1198409515055,0.091233842901296,-0.669984631886449,-1.61702800858282,0.477328501365295,1.14827536468594,0.434154157643594,-2.99570963488501,-2.02268193140762,-2.23174254874529,-0.400793037317029,-3.49496419918672,1.26977789320725,1.77101439415345,-0.873416448417643,2.99321130305031,-0.962953428903879,-1.65064848543299,-1.6911101941619,-0.298489863092732,-1.08985481916323,0.214106997135784,1.97615650461296,2.68978053772158,-1.7588454349084,-1.57738477154009,2.01480407747145,0.280172835822299,0.276868793410471,2.71304876437014,0.731474547728495,0.252034416308593,-0.404903134688491,-1.81585167624341,1.32527413574344,-1.43509777554207,0.159522133890102,-1.48694691125301,0.918411953993153,2.939552012851,-0.570181176071899,-2.42235266157557
0.27317249947894,0.412428996230652,-1.5590670257066,-1.97206901714262,-0.433061879236981,0.558746761342202,-1.34729594680806,0.75289549315722,2.07711378671445,0.179096047702882,0.636754170155278,1.50224963705539,1.74295286892482,1.85601335838562,0.682980786154198,-0.673783608429012,-0.634325372012084,-4.58447065427529,-0.16913810896184,-1.80204214948663,-0.0852072376855146,-0.290030399806564,0.938932120016504,-1.13845881100443,0.136142217109903,-1.95009724930511,-1.69219451119896,-1.3129130891092,-1.95416647881465,-2.70444095212076,2.36569367021607,1.72807533550596,-0.260168813273667,-5.20776820077879,0.538860229892305,0.410519505634957,-1.52417556289715,3.77588809785472,-0.459126241946015,-2.98654302935325,1.03438140559752,-2.17391426633462,-0.413735561786384,2.079555078727,0.835646956461212,0.932194674920947,-0.95518921633003,3.11882627073268,-1.14189001137133,0.0330409323764704
0.0318800171560155,0.345390388272467,2.29831028592513,-2.73609928540644,-0.704933195802242,0.370084357593842,0.785592464232415,1.41540188829219,0.950207518034094,0.05648426232434,0.588058739229016,2.14624746655592,0.136185990213327,0.0996932723647286,-0.65674645333004,-2.57813018383456,-1.65046354071339,0.436885136522073,-1.25343056782539,0.019159328986731,0.659913396831628,0.89469912677125,-0.480836303969311,0.465845105743448,1.0736141131007,0.764572458713323,-1.13817837186108,0.576861802194969,-1.37761286774107,-1.37827604107401,-2.96298359802732,-1.91573238893388,0.852083291580533,2.07165942354346,0.806941299955734,1.38436353604823,1.27698068105363,-0.715233862067164,-2.24443952277952,-1.35715416140659,-0.00262524116950691,-2.8657025691182,-0.53177457697881,-1.24209689740931,-1.42332112193423,-0.193972484561578,-1.34514722148827,-2.2747876034095,2.4674118465109,0.802583464102868
1.54870137837492,-0.20579096575698,-0.994618834810032,0.23817299568562,-2.35356806721623,1.23107570564282,-2.6769592145071,-0.0541092287662665,1.46786546171121,-1.22178389356296,1.42858426273441,-0.0748522637746431,2.14429457803538,2.04656857646477,2.48369209118589,-3.12092511696313,1.72856526462952,-2.71401963215603,-1.38727357735772,-0.820264864531959,-0.00195537099131756,0.176508981283889,0.236470381975904,1.01734617680594,-1.76973912174846,-1.31336544379126,-0.115871099609054,1.69290448927621,-2.46556926777476,-0.756390983524678,1.05814592755531,0.0762087653274242,-1.27288780586195,-1.97437482456345,2.66981321408265,-0.189113231663299,-0.335141730967891,2.48275271632842,-0.493927585210379,0.145130385605423,0.0561080487793383,-1.37484114813378,0.463099665036317,-0.358674612126943,1.05183107157653,1.81739446187551,-0.85638950812354,0.81066472929359,0.528562649146278,-2.0584765119797
-3.93611504236088,1.57893914353296,-0.274709216843814,2.46842776215225,1.38908923377706,1.21938579381503,-0.840268675599054,1.09136970186052,0.309769208677759,-2.11613581799636,1.04684102770721,0.578364115394114,3.13861207724874,-0.555124248575424,-1.69659889735787,-0.247384738474144,-0.922127193443968,-0.460831099165108,-0.888605396060993,1.24381273823864,-0.852083345339362,-1.04220287785941,0.179846521516558,0.671585836483711,-1.59122015549871,-0.725349583447124,-0.114391348394908,-1.3517688505862,0.983097170880805,1.28398656604182,-1.11218402186502,-0.422371378646041,0.238087006758152,3.48646352700478,-1.23292743951106,2.27887377774073,-3.11792606558495,0.118745473119619,0.586521167356273,0.0141797261662938,-1.49262099470388,1.00071541827829,-1.82981658356738,-0.305984228570251,-0.310618334524375,-0.131016179672506,0.0623185880886315,-1.15566532359597,1.1776916983441,1.67608634659084
1.62255853046055,-1.05089224347415,0.483254316384737,-0.936835027624722,-0.640506840174478,-1.71171145741856,-1.01658821563947,0.872810765125294,-0.419615466059728,-0.629489783629266,-0.566100349660335,-0.326914994114449,-3.3605265886879,-0.879185843973694,-1.23556173661663,1.85732275791885,2.70536093596429,-1.19452072096999,2.75897742074783,0.626891655601102,0.996784336799292,0.879650987680795,-1.60029810292221,-0.68497904334456,1.18076062165847,-1.99758832029018,-0.312012811233624,-0.319905240675576,-1.77765812352931,0.674262604164734,-0.0710641124558382,-1.07724044691473,-1.21807953066471,-0.936642856610943,-1.05171092341415,-1.02156359355683,1.4476476982775,-1.89248537077342,2.09538367528125,-0.146044371637875,-0.748796990248946,0.391834006820676,1.20620723518459,0.229156283536923,0.425897578271829,-0.328052371749704,0.509914584615959,2.79952146556339,-2.25838543465908,-0.277577749832159
0.264444585512159,0.338514929991951,-0.142694194529422,0.971064272183689,0.593849016043544,1.76893939505627,-1.22205988820533,-0.453219850734369,0.429758973016647,0.00484853752351913,-2.05441071160334,-0.886291044877064,1.21835809978172,1.05451050807775,2.14813785343519,-1.97371829942841,0.3888582658895,-0.327661103615442,-2.47039169130446,0.114780830236024,-2.51741300800673,0.481834696427917,-0.230826982374174,2.74584542695832,-1.66777119592936,-2.01604410676592,-0.400127020076328,1.57561100129543,-0.919072030493215,-0.919115318822334,1.99201241362867,2.5595191785998,0.132903608887126,1.14164850897258,0.489761276077242,-0.273310046299495,0.319624403162681,1.20652346263206,-0.0986281672533159,0.672939435655079,1.90441770552721,-1.13665851642388,0.434395682218347,-0.497130025912081,0.329763646976047,0.669986386383422,-1.61106422679599,1.98853280149286,-0.127223953403441,-0.568861043870463
-1.05444535504767,0.18542442438758,1.04126354683937,0.0564200238768663,-2.59155498365788,-1.71160228553542,2.01844582900471,2.51418317951651,0.385884165498825,-0.862711593380469,0.0807706958234891,2.21566254108654,-0.624101506983637,-2.2644648848743,-0.975222916472624,0.556494557858465,0.800048004705728,1.14393128855924,0.683482192070538,2.78127789919096,-1.30481852704492,-2.90746306483597,-0.195696332244124,-0.99157657810055,1.34134719878267,0.232481242571759,0.0960871158225013,-0.994782833319876,-1.14663923366515,0.906203457589221,-2.60878495958236,0.290062760887031,0.87908414666819,3.15464362989859,0.0129542370843367,2.87874393207023,-0.88474198403078,0.128570738751887,-0.85696997610718,0.337961221676923,-1.92735442012357,-1.31496804699122,-0.72553205112332,-0.117924925017527,-1.29899008185549,0.461750690300736,0.554274188225745,-2.45197565607602,1.20752809623026,-0.862823932366471
1.41401965880801,-0.936793341702474,-3.66871892393311,-2.27118290976657,-1.92775826449329,-1.85851060780354,-2.86524718081151,0.476121761669675,-0.147327710573232,2.76724708306173,1.47419834239182,3.38951698583156,0.444159062061703,2.75195589437588,-1.69091479345551,-1.89741523466886,0.512478249126586,-4.49855076018058,-0.342841545323766,-0.740637188090312,1.75018585762864,1.49154010486346,-0.164291829172584,0.189033983307885,1.21953595524012,-1.27190599900888,-0.464171036149882,-0.681036619603563,-0.147967445569159,-0.222548117036119,2.3306310901688,1.55192778044142,1.26035491385838,-1.8627818424546,3.55045376060928,0.484760803715612,0.682740022493386,3.18633653944668,-1.63759022776335,-1.55499548160029,-0.0582006374492115,-2.60107864455165,0.666841423070612,1.59515099187357,2.96522103316933,2.31747081854359,-1.27769301843584,0.617812576935661,-1.0432849653841,0.666309797962005
-0.531363252030444,-1.43294355701698,1.15974837869347,-2.96403160719886,-0.959392713033451,0.602405109458216,-0.0382665657016861,1.1402887198769,-0.325175137408447,2.57790644822013,-1.56776237581144,-1.75380068121257,-4.02836419569994,-0.352523274085879,1.75514806609733,-0.00368762427108715,3.30990692885738,2.38741157317998,-0.34520563017928,-1.01529864945183,-0.776195542731085,-2.29717045266432,-0.27640682999128,-1.77958918600114,0.390982413208084,0.380555001681148,-2.55391242588634,0.443500595622106,0.943746693911815,-2.77293173337512,-0.0717070396139158,-1.33035177833932,0.777747799410886,0.535853417534399,-1.71859165674038,-2.27615081895704,2.76685660449075,-0.494139624144483,1.69267212058326,-0.439418529912695,-1.00075463649651,1.0754965650299,1.32147276620989,-0.49070055120182,-0.50196559015383,-0.969553869016923,0.34602142520612,-2.03946352407991,-1.03201831992172,2.4680977483018
0.936655738017639,1.03505068013125,0.435316540352591,-0.755521051179486,-0.990063335050283,-0.187909198209671,-1.77007038742686,0.826248698141515,0.356806814524957,1.30739129977645,-1.62683208820027,-0.240198738447343,-3.13019175189544,0.492303956421673,0.652210772753122,-0.302225099454125,1.90846717761223,0.583068529618164,1.79818758905214,-1.0043800470624,-1.53082644699683,-0.7627740214765,-0.811523214405213,0.201350635046487,0.308241409521168,0.766510989722627,-0.0989910022922689,2.33845818306794,1.67390857252436,-0.00942333181203908,0.145746726301384,0.483207010423738,-1.3801329276208,-1.35201615737888,-0.669929664461216,-1.24473216688485,-0.27021005947818,-2.02211140477986,-0.319196100010234,0.112692425216322,1.95596950614143,1.07922449698063,1.63376449640227,0.327834683513558,0.146865599790101,-1.06601558686589,-1.0599708679867,1.49189446504252,-1.53166267517983,0.34617057553176
0.22932476633024,-0.45384163016863,1.09723864008259,1.9626413556595,-1.99726238243482,-1.17127027964848,-2.47477610738855,-1.04642536421619,-1.04883887261418,0.350959387444463,-1.49806709617878,-0.899016485470129,-0.171248812978915,2.31047661922509,0.505543748622713,1.57047152288708,-0.0146652268178287,0.140228182673049,2.57435133601856,-0.839880091207181,0.927532333941267,-0.728639597494915,0.619536466757244,-0.224792161159506,-0.199073814988186,1.15994879081534,0.904562535725464,1.24913107579756,1.82307699293125,2.42120049150946,0.831661442214746,-0.0854764699831698,0.299499526547644,-3.09853524317965,-0.117919831829209,-1.08741967718758,-1.07022466422129,-0.0157301942206582,1.81149430756698,0.57148313831683,0.723889222402847,1.52986271430081,0.0710273640939525,-1.34799749510949,0.992171119548424,-0.848466877047236,1.68915376932079,0.0940315827333502,0.211436327750644,-0.999151373203082
-0.803284770869813,0.0599619598618598,-0.821516089118786,-0.51976496208239,0.197864295426027,-0.131290329450633,1.30735959164377,0.476676317918191,-0.0906743498790253,-1.96922459644584,0.159078120535444,0.405850373266128,0.204329034463371,-1.18893755461877,0.347943613902207,0.871959952171359,-1.5112866760288,1.05300137339706,2.99593076981694,1.15806612056168,-0.177045917290323,1.08003781219778,-0.18337961812428,-0.991535176100301,-1.3560507637806,1.4950947776252,0.480773239678142,-1.25989187800999,0.379398199710093,3.18330704294423,-1.88948252090972,3.70044238834155,0.67038050496475,-2.04647417433509,0.391336364660412,0.553232506028856,-1.05837875225056,0.200809418339957,1.23516912417075,0.799621700927495,-1.13539995810851,1.0455827204112,-1.26814353037741,-0.767993654939191,-0.353093711454529,-1.46684814749019,1.35317497486623,1.11005793739488,1.10542232649411,-2.17546108468579
-0.814411000907171,1.2172981314791,1.30226838559052,0.251414544119757,-0.204396590503054,-0.0194116360997875,0.720384989108456,2.10458482536839,-0.767364250290845,-0.742912948983607,1.4416413218833,0.126053537620892,2.41369598607586,-0.982801893088547,-1.81950494777857,-2.1789862562036,-0.00757289087017016,1.22594876000465,-0.325380445923572,1.67187521516684,1.52073108249438,-1.21080569593316,-1.63413899360448,1.73186529437411,1.21361584586424,2.31510403758349,0.407659136350024,-1.17845138857946,0.838789077381409,1.79040406487738,-1.95247997683984,-1.09188356427082,0.156884625392908,2.11504672079584,-0.0802014227052464,0.688493798322392,0.855211016139859,-0.632728443704125,-2.07824066610757,-0.379276360036288,0.661792427536421,-0.735970207884534,-0.861494085321266,1.28547896824968,-0.81630946494062,0.337437592526251,1.16719469774031,-1.05767518490042,3.24798639766201,-0.627600319477131
1.81153809761007,0.881177761265007,0.126494979839897,0.879071141009914,-1.47086565178393,-3.80030196146348,-1.54202694704847,-1.56956170676442,0.933050443690002,1.11807462569332,0.324182666099005,-0.689644087458776,-1.08611502552684,1.35316136128534,-0.366485842796319,-0.551623174686944,1.68230969049498,-1.64914029263168,2.31062440324775,-1.22568712284665,-0.364881150695978,0.798929350138815,-0.455190756347652,-1.90473370666862,-0.461897406202251,-1.72554675484556,-0.0271491878349209,-1.0898013432391,-0.117165990707884,0.613580467621711,0.0713102098364287,0.380646924081415,-1.16558447397737,-2.30532554052092,0.106093773326728,-1.3263705634979,-0.124233985010991,-0.848077637303213,0.715475603716778,0.363218546627945,1.60496567386097,1.44891116808651,1.78087894138322,-2.22601152081111,1.77688893791755,-0.626120386607024,2.71622785807834,-0.731232261642811,-0.893292723264619,-1.55822222321056
-4.32491159573199,1.62488657609896,0.594805870387021,0.571941797842068,1.1118934178296,-0.406433180525204,0.861904936779477,0.00306999565468405,-0.950059153516334,-0.369678320743523,-0.0596632302092818,0.868768500743395,2.39759476875634,0.0155778894494525,0.365047189314265,1.52385469613119,-3.74775051569551,1.57500150358331,0.257154057805831,-0.0098013023208076,0.739014065410551,0.50054627600205,-1.72374568796707,1.08280297529366,-2.17126658111484,2.46702611173011,0.282702279217034,-0.237515875875555,-0.924000874790135,1.58352458562129,-1.35102560946019,0.927107787578249,1.80067865293877,1.82323426927726,0.797497088853018,0.532370281313821,-0.787505008502598,-0.291732584175582,-1.63642558883438,0.251494651474074,-2.31367020246253,1.04687820014452,0.422335462068765,-0.384391878092086,-0.446076469887915,-0.445826048601924,1.59197199334155,-2.02888420477115,3.52576402322149,-0.669324776476425
0.676936516225256,-0.489518125284706,0.564116712997628,-2.33532808817163,1.32210625953702,-1.4146591824938,-1.54977805657943,1.53201752583882,-0.540757450382507,0.569456490652093,-2.28271819233427,0.684746344129166,-1.71731957448769,-3.49041365326309,2.22424248874698,1.19573550276446,2.69282658495866,0.799722535800908,0.814140983554703,0.695624373216923,-1.04811301245483,0.472686060828002,-0.133664024172755,-0.778595157495864,1.73592218038493,-0.364022817350597,-1.17760653519668,-1.04218738058019,0.487368405653883,-2.48740587709202,0.247062318118091,-0.508376715799615,-1.20678541276682,-0.207090332385209,-0.341389574633731,-2.73831672608434,-1.42513096885083,-2.29995977501752,-0.145849902295493,1.99158606532178,3.39223272166173,1.38073515096312,0.292771319259395,1.57103216544303,-0.713588454897004,0.794725074584564,-0.0279802816479834,0.622905850671192,-2.44768442418233,2.38361075743352
0.163011604884115,-0.170352219002558,0.765440774610883,0.866099458108297,-0.946869019798594,1.62321815039837,-0.456871076841542,-0.186184653719816,2.58869799154019,-1.10197156490014,-0.627506869181562,-2.09738565392091,1.20844105825576,-0.331924942717766,3.32453758765828,-1.25410529738076,1.39129598814438,-0.376188089680492,-4.19987299711074,0.46954635729287,-1.30675581805469,0.696126131143413,-0.184851711346332,2.13187906212088,-1.05666308230767,-1.9389749670094,-1.43197139840447,1.47592969041948,-0.233392652164832,-0.875322330462586,1.87898340355134,0.610183117561454,0.0372143271524265,-0.83643489886272,0.402864439303815,-1.50234155367766,-0.0536486724966941,3.65466555913552,3.18120260353425,1.63747512668435,-0.902375203421943,-1.54242375209983,0.285790910336313,-1.90264455647094,-0.245227651670377,0.547727953261202,1.64108509933401,-0.36255140234792,-1.30791511699456,-0.131950135531898
-0.237314522305498,-0.0478960081301585,-0.257101224825667,0.650796604172176,-0.0922312852016846,0.481436590844974,-0.882643366365788,-1.97261724274071,-1.20352741373858,0.20210993546439,-0.401149650626621,1.57630011154977,0.934841736728794,0.173221182361743,-1.16211319238798,0.630615447547541,0.0712614440889309,-1.0442621536848,2.41231015627368,0.123536806082297,-0.740239791606954,0.676460219448322,0.308307386747932,-1.65903499258752,-3.19039428861466,-1.13551856153159,2.2023170118244,0.179632151384346,0.653738980509501,0.310036747540238,0.436357242572012,1.02483242431433,-0.931618727890733,-0.293689216971681,0.0239345694113079,-0.318980735612124,0.701039732841211,0.196894658745297,0.146853404474529,0.672716983029651,-0.0945018377681151,0.837336589410101,0.264149521115989,-0.435590840205923,0.72764886651825,-1.06243207479635,-0.423651471531517,-0.672113185209068,0.0594577469337427,-0.298127662824333
-2.64317680232256,-1.83961329549773,-0.489384786504153,0.318529894928427,-0.189777065167101,-2.1803535938858,1.37953380406698,-1.0002436259601,-0.126246694161064,1.47921379103112,2.94944194564781,0.954991869129391,1.61486232223519,2.37625870921919,-0.784609895550345,1.70954873563978,-0.101838527011831,-1.47304564190937,1.55455224631184,-4.21745447597917,1.36780671863069,-2.71598002544557,-1.88981029424321,1.35431722083959,0.708252513561663,-1.37290270114526,-2.05279609349614,0.514481677315308,-0.179238202466416,2.09898423770341,-1.13946488374245,-0.788306698720345,-0.491870884785601,3.69531546974745,-3.24460306992956,-0.592270220544661,-0.284964253201251,-1.24693519630125,-0.246097368272603,-1.46437055499163,-1.53613694185377,-5.80380552308174,-2.10666678197328,-1.92949546439488,-2.44293624785675,2.12869922022006,1.90549025973809,-1.27010216276434,-1.14172801110515,-0.286915663709576
0.866485281156882,-0.219846794847899,1.44010069607065,1.43871084691653,0.554216636835755,0.0124328151433723,0.772380069281947,-0.10064203606917,0.399235685107111,-1.08450194038493,-0.552526680041255,-1.12168784226833,-1.42852421327447,-1.34628890699297,2.37059798909363,0.677273602363948,1.03324123373864,1.59897982913159,-2.447506298555,-2.20581952359957,-0.900568339580275,0.00637014321133167,1.37053634907846,1.8850248073261,-0.529007290495369,-0.483285518982085,0.573904096305815,-0.0632566423217182,-0.0472831451741643,-1.58871406568167,-0.803013967434887,-0.202086834360515,1.51848203498024,-0.980706257147017,2.41213190959918,-0.577343881810671,-0.277250433282194,0.476018523832328,3.17573775632359,0.957541879520688,1.95425554500152,-2.63521644973236,-0.443430909490184,-1.10309682984479,-1.91094129750169,0.660703682317575,-0.70322321686701,-0.265347435071826,-1.30186551029546,-0.79342220510193
-0.645640984678864,-2.27831884257751,1.83983655668976,0.101441968831238,-1.57104545847395,-1.81591830489301,0.750392255580544,-0.457276288404379,1.65109772581072,0.0716442213426757,0.539080230931691,-0.42931172036914,0.704419580257474,0.218802023021862,-2.72130821346319,1.30386095306679,-1.6747062433245,0.487269900425561,0.848311448322501,-1.01957788581372,0.276566064023592,-1.95445004047791,0.805233245793189,0.509328023048871,1.03945707904927,0.499923103500975,0.41939402381315,1.10320112829582,0.360976978652546,1.49578768335617,-1.85186036208605,0.887673324574267,-0.982734053517382,2.34071766390206,0.457652856292132,0.977074485263739,1.47190872420646,0.631245118431485,-0.294103686078965,-2.07174744272932,-0.856450882003773,-4.48903480020165,-2.18081481926563,0.497169263497118,0.0849203798050475,1.47727437950482,-2.48304125394,-0.959090327322837,2.23314018033189,0.370723756874807
0.716284649839376,0.71715152763056,-3.79216578995129,1.76505966846062,-1.1296816979082,0.909526731513391,-1.67313969378823,-0.046058822340222,2.00020851406695,1.96356280067969,1.19756066989273,-0.455411351289123,0.260013777598142,2.06827470842453,-0.545305226052929,-2.64122526289043,0.25022053642783,-3.36698817161251,-1.88708171164241,1.9427606598551,-0.686660450850591,0.365577096263676,-1.79948513853576,2.4534879614664,-1.59889110039708,-1.72032893154476,-1.89596518480174,0.755178052029117,1.48815408577201,-1.32207655550834,2.02643203762191,0.0591421856067398,-1.91257623279786,-2.70027896414742,0.0860169288098237,0.373918058797114,-1.62505088089135,3.04549547577821,1.29153149700627,-0.908102103855287,1.11885357308644,-1.12055809342185,-0.748872711022732,-2.13338634788346,3.85143328932421,1.55690413955322,0.916166903564765,0.685367623294485,0.306004765889064,-0.743192327810944
-0.869650444838029,1.46462705986164,0.876388203487638,1.7566862785257,1.5560845558172,-0.54272709442782,2.58833592632952,0.71708851998089,0.0914159146939649,-1.97228960878847,0.153537818601778,3.09898472535585,1.50468250625264,-1.30858016646963,-0.483253823918637,-0.0723797133874422,-1.44566594726901,0.919620469777483,0.894356650028959,0.455033304192922,0.77991123418167,0.637394162227335,0.0894635373847194,1.04782316513615,0.139713265224707,0.741314229157949,0.237139277921159,-2.04103422929042,-1.00522409261019,1.07220861056109,0.661121199433171,-0.179794607540852,-0.099380896420783,0.444379371375305,-0.950297258988453,-0.289659629856064,-0.331485368558799,-1.31531053317192,-2.66917786629244,0.327918899668808,-1.45181142030813,-0.507897432437542,-1.18409227256386,1.12513867903732,-0.358713530328201,0.916829105785521,0.553204573489099,0.193170927405443,2.4983214960167,1.0185527014408
2.49791214896439,-1.65136959900988,-0.0467566686913933,-1.36901950756286,0.23282975605253,2.58242700541959,-1.72538174682965,0.459595188543473,-1.93738244841854,1.81153717336865,-1.21733273697086,-0.697733694368142,-0.301697082483053,-2.18576711453258,0.0953488375357088,2.19224507782693,1.22161689939011,0.215031135025473,-3.16740557252292,-0.705552283041634,-0.989672563215282,0.943391132391021,0.306481161496097,0.697684427273096,1.76105377544472,1.14351240610693,-3.48126816793207,0.22016434822266,-0.98521144551115,-1.35674186935133,-0.238028606955218,-0.576024373649055,-0.714986266008624,0.134120045527578,0.234957626775409,-1.09575151902403,0.898414588510649,-1.11144883053297,2.06972677122191,0.33340783639999,2.50278187287705,-0.696610010930398,0.132369433296669,-0.730767605933978,-0.981523476044367,0.618356508691734,-0.904377320276924,-3.22596805426933,-2.28937884743886,-0.0927935695154533
1.84396253124145,-0.589109207939572,0.715297329812914,-3.06661047244411,0.253244430753278,0.402665847485297,-0.206325499029388,1.25254970211697,-0.0408048060485547,0.578899214189653,-3.02081620443223,2.16718910591668,-3.37191781543151,-1.95721198378199,0.284596788030722,-1.45412602384762,2.33782920249851,0.366038587178288,0.0261951348349834,-0.463449135026403,-0.306630713312418,0.185557631837478,-0.428317523956582,-0.959760492880218,1.58169724661536,0.356035277320083,-0.991639557232872,1.88357376207841,0.459497741261103,-1.18781414326309,-0.223639337554504,-2.43922959493928,-0.220681857176336,-1.60340558583555,-1.40706034671326,-2.57351518395064,-0.449771813939021,0.450345720076078,-0.289455356751908,0.438713461893767,1.97431005086803,1.45990549898909,0.427235703562322,-1.12497018572862,-2.3258892159834,1.14272343913703,1.6373863411603,-0.0705119285010998,-1.68867843582043,4.15640544015714
-0.910167137480411,0.0473628830956906,-0.0210227390428652,-0.0557786777612082,0.29324208428328,1.02066852390617,0.304261795251006,-0.000446838589784583,2.17244580998176,1.23668763362583,-1.64610325750907,2.12448401140917,-1.1852552154735,0.473734085837397,4.21438726174753,0.781682831397641,1.23378254148021,0.375978978190358,-4.19390175916347,-0.54154470490374,-0.923064839741119,0.116668398468396,1.88902603129463,0.267769205601521,-0.531090702898605,-1.6054933951136,-0.131362738757835,1.08077264057028,-1.27326513762235,-1.87883369264485,0.0149108367555716,-0.231442636789256,0.498580685685595,-0.508439274113798,0.515898288758762,0.246552693598733,-0.885706953033575,2.0204350830977,0.527529113684269,2.68339512545388,3.65172879497615,0.566368906354219,0.0600885296091573,-1.00789567433474,-2.20823624059057,1.41460159444199,-1.35819584904257,-0.576678098498316,0.807368201839633,0.234526344255255
-1.84310660811301,-1.01540259216883,-0.681895863386115,0.41133906539237,0.86917188731414,-2.10306958513479,1.54216254996313,-0.28273039648754,-0.193403518367023,0.720293251091323,1.0351548955559,0.364064751214914,1.62140549717651,1.31938689995269,-2.38261782988813,-1.47239149606602,0.348661691894444,1.4283733394104,0.163049771048844,-3.31813133613851,1.90854704225435,-0.268006154689165,-2.648596710445,-0.0158194715865321,-0.648425403573347,-0.0533253170202629,1.21712867925115,-0.617406181735006,-0.551590517404377,3.36865950367466,-1.84751330735302,-0.503445487365816,-0.694927641894852,4.14133434823091,-1.74242336354534,1.205566291637,1.73382369667909,-1.55742714160548,-1.59375915138258,-0.908734093937221,-0.849899357222844,-4.7344929446854,-3.93955776074694,-0.326112859742129,-0.169564256913038,1.28743909169632,2.49983797518817,-0.208558562751915,-0.248087123481016,2.55684093976122
-1.96520758418492,-0.532718869280798,0.0180057404981116,-0.0188135208072518,-0.536851348886395,0.957370568187266,1.88707505802133,-1.20168920461311,-1.02867990011202,-1.59990579774375,1.45863576126533,0.810354731793519,3.84080447511742,3.01321591062599,-1.3263721232372,0.418438986389106,-1.80887826283393,-0.0685893653963014,0.532549113992471,-3.33043783742366,0.670811444935122,-0.274169838821433,-1.01536277898578,0.851267077260698,3.21217756621986,-1.82179255380848,-0.378040601728615,-2.00404080595513,-0.557004616573366,2.16766110238066,-3.02284504936053,-2.09727463697288,-1.35121994286365,3.60914839137033,-2.7949323160286,-0.927165551382645,3.73417492735985,-1.39459560945255,-1.54572159891485,-4.53084941964076,0.0385699471624913,-5.07200508860443,-2.4904281267613,-0.733378271314474,-0.634843677663821,0.0668051515392663,3.2851676279538,-1.4531406490319,-0.980887799257562,-1.14892914182841
0.977932566163301,-0.416850603850243,-0.184684647252061,0.619643845960484,0.696396013589523,-0.640072852655816,2.31899160088152,0.724567351718381,-0.448867207450919,-0.333530053869937,0.906561501202598,1.58281881589436,2.58424480616004,-0.502582660928691,-0.683073365403585,-1.22761384374991,0.306057455186021,-0.977200114734395,-0.182211782178851,0.543314516089338,0.537262969955652,1.15359052224473,-0.709806854975137,-0.699361595646402,0.48565033141443,0.911668573097621,-0.20109067087291,-1.4102966934117,-0.361153932717561,2.2794045875783,-0.183255398112087,-2.55364095377675,1.92163781282874,4.21640942558545,0.717783259637327,-1.44187493740156,1.08391631126694,-1.29649034038406,-1.16603611304098,-0.880051736476796,-0.176076361729321,-2.52780692643372,-1.1731676317158,-0.415253025411617,-1.40606005908841,1.88742620637954,-1.29020724396039,-1.01766259653849,1.23430114160473,1.2759657841916
-0.597493702657051,0.482900486732189,0.931144101035357,1.56061621109758,-0.623469606907098,-0.835736797166709,-0.29281321923231,-0.406992774117126,1.74639901067861,-0.232875121634761,-0.412323639978578,-1.30167188803651,-0.273164731056883,-0.517065591687852,-0.578907163009844,1.79210140931499,-2.42186604320747,0.635503530084224,1.37803189347819,2.58387783390477,0.608853835550248,-0.499190896742202,0.966514050221246,-0.847627330018017,-1.57134045728278,1.19815328351351,1.85565528247548,-0.676651024001221,2.01928610635227,1.95188553733,2.79717710646721,0.778101487013984,0.895047197741209,-1.07159849995577,-0.100624998290108,1.64490483773812,1.54498277828923,-0.214439923505488,-0.184366846903024,-0.0996591731337424,-0.0358081121168599,-1.31302585610906,1.80404727130403,-0.748114198110915,0.612965874604139,-1.2918378318117,1.16673416677979,1.75511842376123,-0.560622788177939,-1.31533686317028
-0.786659089574345,0.638174846334026,-0.417430827314406,0.47068187989844,0.560824938067108,0.0214690579970592,1.53902743908553,-0.627331566935945,-2.38977970875722,-1.05166346594545,-0.609277093173083,0.321586810637249,0.371137336945545,0.465384120588331,-1.35163618094155,2.67315696162008,-1.41659489426538,1.40469228778056,0.781916653119127,1.31016772073999,3.02434526948525,0.208085628542246,0.14098545870187,1.33576272744641,-2.10922916296846,0.252924199309444,1.87636659934847,0.195797476969313,-0.510078807908066,1.20151279626465,-1.08838661184494,1.22524205269133,1.61907833780461,-2.15409040116634,-2.19147781998945,1.87689073512644,-2.18407515521625,0.922476446818738,0.228794027721452,1.52097124499226,-1.31197573003294,2.07736661615739,1.11470559542452,1.27990595427712,2.47320571979974,-1.93782244821978,-0.39509994644591,0.864955962027673,2.05334790879366,-0.921663713439691
-0.0525143631759333,1.17577636375315,-0.282647048959293,0.192994975266632,0.124148568117003,-1.35184328852023,2.73628220059448,-0.790172186950406,-0.370462274534735,0.382983929035931,1.48052704713018,1.22094065313048,2.30527063841359,-0.797863748542981,-1.26688882917578,-0.392045196585232,-2.83591511476972,-0.524318215794146,1.89753746625705,0.557962135541362,0.805348945117054,-1.12460419939748,0.304743596270524,-0.356206864089675,-2.07478832801477,-1.31580568060393,2.63564128113475,-1.01769260058467,0.419694426162219,0.810534699510351,-0.452523490350159,1.30000848508121,2.29323127562835,0.178628573354005,-1.3494578037929,1.70001595371285,-2.2910616755747,0.314269689516931,-0.676482983837937,2.29563372068625,-2.11937091560812,0.879305290804011,-0.940213364624375,-1.40495638406399,-0.0817585414945781,-0.322019047486702,0.919522052505748,-1.06439060335113,3.52207854287417,-1.78776896627104
2.04675117340983,0.571088534751492,0.687256741966124,-1.46290374864948,-0.735227224399322,0.14954422041593,-0.258754683469748,-1.60483402912032,-0.511315777289492,1.89314924493035,-1.04695653450791,-0.16693403286076,-1.89087797245159,-0.81950324982645,0.126032760217471,0.0954134651714973,1.10255550513493,-0.269152561549081,0.88103760649194,-0.787488800928609,0.47054293952211,1.52091906530226,-1.39302865685277,0.568383713390074,1.36419557947759,0.527247481166282,0.378037027558668,-0.556456994526701,1.77511976756048,-0.861132973110561,-0.44544550787052,-0.611015888300553,-0.753048384716715,-2.3623480484986,-0.877354312655967,-1.16369955446792,0.0216447629957807,0.153546749906756,-0.491462176484206,-2.47633419385827,1.71690521841574,1.71602249306398,0.649254170293471,0.467313586077512,-0.292407875406811,-1.32985093089433,0.434088620525005,-1.34066910386408,-1.36095201569662,0.384424973910998
0.927003014470231,-0.138358863012157,-0.183939799206124,2.02394575357104,0.542513074714993,0.741104269993108,1.0173114890263,-1.64555610856524,-0.277851707151968,0.347776199148484,-0.613659955219772,1.11868135244175,1.4581650906967,0.87444315357779,-0.940588544278449,1.36492146646122,-0.389972938460694,-1.50427183620637,2.93984275257968,-0.124413502829001,0.644983922410591,-0.96714659053651,1.15137653915642,0.12308352088703,0.635712298895082,1.01430322492271,1.68865257152108,0.995915221998603,0.255845324494138,0.272443502655546,0.226973848271407,2.06989815604108,-0.31171895314851,-0.826266454175296,1.609247360335,1.10519658028992,-1.5673639529636,-2.7607843269473,-0.578079861509086,-0.0279583718890036,-1.11161154365918,1.53579524034807,0.416553710188332,-0.871375240859125,2.56674369429732,-1.87189193235465,0.532743743123642,0.189186512912007,1.09320012336568,-1.82411858246827
1.14214537416371,0.130836380158527,0.427320786052612,0.49259812020931,-1.67496991509974,-2.56450102656251,0.270870497129987,-1.36913785929187,-0.631378920960837,1.35948271286142,-0.153832040158793,-1.62930841387806,-0.0905014908253882,-0.401903111643179,-1.27173431404414,0.785671760371541,-0.426918630457657,-1.08019723210882,1.87697154080929,1.45366361427761,0.886302178217871,1.5236704272873,-0.106750015718546,-0.520318938818341,-0.351123003115256,0.29998546980325,0.335615989823255,-0.500028086678564,0.0213312621763045,2.24288239864831,0.183888887950885,-0.221961694782377,0.316955929960386,0.229528881704769,-0.135125622423199,-0.083023607644013,-0.646532078096391,0.122766625576183,1.437843177405,-0.802558305041074,-0.841348252207054,-0.288300549107266,-0.747308347741427,-1.43884789171636,0.676786704399008,-1.51438738095546,-0.375606282240669,0.772882207006717,-0.776193445931865,-2.18144418136737
3.02299467247551,-0.891987150587368,-0.229394468841204,-0.549536697801032,0.0439870261029409,-1.35945816967521,-1.19635401870435,-1.604930482658,-0.390389112736976,1.02990699361046,-2.05762424210568,-1.88854358461908,-4.7363208536636,-1.01540355112549,-0.302596333190211,-0.718036755180311,-1.11682810362852,1.87354374608426,-0.422291758908548,-0.902835826825413,-0.571747386911038,0.956887137419355,0.907071072223566,0.335398425623487,-0.852037414085925,-0.685888174739764,-0.251191183585615,0.870803948035842,2.0223096648939,-2.07888360421194,-0.403198160543863,-0.85709960469226,-1.37467415716141,-2.18071027141259,0.37101277633342,-1.47103547594539,-1.36558438777758,-1.75296479815305,1.06224000447566,0.891594637626548,0.793574095468682,1.55936061499798,-0.666221373173643,2.09570888122927,-1.50820051057168,-0.43913429298725,0.748051120355507,-0.0182547876197461,-0.102644141393306,0.927060165781827
-0.927187250342345,0.94162557674811,-1.20588918542173,-0.30184386428103,-1.04358608071667,1.08539251704394,0.210908703982346,-0.0470854531354331,1.95630761431414,1.01606304454722,0.843033163769395,-0.353398801006322,0.476561871557315,3.61467665918339,1.28559277831235,-4.50229961695275,-0.16362996075775,-3.87147097944462,-0.370767661099847,-0.18927201416233,1.48248585486435,-0.836215641793278,0.70879210933337,1.82555909500014,-0.736802927917329,-1.7324998397344,-1.74043709860219,0.806660572732819,0.66309780852751,-3.29096149374192,2.09840560419236,0.656810069430254,-2.13793274118729,-2.05406807978633,1.71288357333024,-1.58372686637812,0.606338716246028,2.70523202669762,-0.648498557635445,-1.75518528027887,-0.529932285031834,-0.908703965495671,0.247559853505226,0.511947463547631,1.12989239285537,0.251374786671648,0.580503004926056,2.74433922038005,-1.27088315154109,-1.25094693811667
0.946464547760702,-0.134154486647169,-0.93708248562743,2.46414524275395,-0.785527155070594,0.398090603667687,0.525602954259916,-3.65106256149192,-1.72562706032433,-1.47827404424889,0.227772924342933,-0.0905171476045672,0.153523798123689,1.44765875323142,-0.911400910878837,0.120508831649286,-0.819060517859071,2.1318868378886,3.2469583763494,1.36123212235934,0.546940250562664,-2.22216492088436,1.55016759113256,0.745525044482034,-0.445163831119402,-0.901345614615822,3.24069404119782,-0.0615778172910989,0.282733096291937,1.62640202990422,-0.309918551655373,2.41885263486448,-1.82318787356228,-1.7047920583375,-0.718890447383478,1.23148230696168,-0.789769915799054,0.416123989477088,1.02489894462078,0.233163171664573,0.123531211635859,-0.776793232394365,-0.640346853952426,-0.238785018862859,1.05393444153584,0.293125753800522,0.440930430079358,2.76360412292096,0.63875031950486,-0.261079621158746
-2.02833960121112,0.0359123933095337,-0.252987307177674,-0.0284720637660679,0.502933543280267,-0.927502703572357,1.29139554158425,0.725317159180601,0.975530278368171,-0.0176596016153352,-0.133678566653799,1.43076432492621,1.52432524349795,1.87828025701631,-2.41243080710908,-1.31786304856996,-0.851656194268537,1.73049823362164,1.53348299163399,-2.63330643200819,0.824577274037295,-0.144485249459471,-0.364976853847783,0.65918438865671,2.45320839747377,-1.56711351762691,0.893411376558351,-1.60439155954316,-0.487765401835164,1.67435309229535,-2.1265888262931,-0.877086986265939,-2.06939489802098,3.84527176030747,0.484026893135302,0.135879852381562,1.03322827132876,-2.31902496480896,-0.86103993938986,-2.00716084059709,-0.187224723877166,-2.69111480924494,-1.87380334986897,-1.60612091518936,1.37822243247029,-1.10996949126451,0.125148222456897,-2.05492206005862,-0.700156307361603,0.428431183664125
-1.22650656600984,-0.857871505497771,-1.63994620641481,0.152845483985792,-0.27312570029671,-0.0594084503949653,1.85904577106674,0.35458950028632,-1.1755633001407,-0.822357735537326,0.441031642344587,1.39358403320983,2.91159623103768,-0.114382199801175,-0.0296667245241768,-0.838279480098283,-0.998699427934361,-0.577641446355997,1.26897456083727,0.241372255436508,0.894491241652895,-1.19139575155148,0.0165939293525338,-1.09467547133972,-0.494106899209895,1.09741524824108,2.39376917433872,0.102664185646973,-0.498941191988351,0.938185119067921,0.351180500489779,0.0850252169286538,1.1498516801435,-0.109105879866748,-0.0620581329660965,2.88306785209792,-2.69209367008049,0.218984798023236,-1.45924814226235,1.47211152044182,-1.82968811646592,1.32024166801325,-0.967219892277327,-1.18571426807485,0.911432245533768,-1.96306353255768,-1.26533269826088,-0.00564999775858679,0.545486198601654,-1.21137572414708
-0.94844856363018,0.968017695968531,0.204592434509256,0.746497275933515,-0.793763797638079,1.02662180096782,0.98924987857614,0.130034250063219,1.01544549631705,-0.908193999545894,1.3809344357643,-0.14574807415147,0.0487350120609713,0.0691688509497286,-0.936367131738823,-0.156591992043464,0.735228201512436,-1.04005598209846,-1.95246287563208,-4.73078122976522,1.54893038673667,-3.40497513486034,-1.83416862403591,2.46880604354196,2.30604081415499,1.77339087874362,1.23275164940125,0.0233520966564053,-1.89839786919142,0.931966537334479,-2.65232152575567,-3.10681647452518,1.09380295280932,3.13218380774066,-0.183904492561905,-2.64590226777165,-0.187714855784558,-2.35959223176845,-1.14304028975008,-3.17637579367845,0.382695058383498,-3.19201788827009,-2.56324470469793,1.34014748666792,-0.283145468174962,0.694112714043599,1.64654776530334,-0.18008818323277,-0.139616599965708,0.563275021940556
-1.84660088960853,0.2049732398294,0.326257386190244,0.967226191259246,1.72911748995608,-0.0119265550035546,-0.153805001509623,1.00981157336831,-0.876161632915613,-1.23329665872905,1.44399579860588,2.44471288600227,0.915958780299147,-1.99311903354176,-3.20965126182935,-0.332138402972422,-2.27660017691248,1.03876670174705,0.524679104543946,-0.0613358602822531,0.762147068544867,1.55375536616235,-0.653989459531081,-0.297143933029378,-0.0511203987962846,1.64647796112084,1.34519818370661,-0.0503485652808544,0.967972506099332,2.57380461862374,-1.00035717693981,-0.406414852336281,1.87032956224514,1.14108633179938,-0.739319923573718,-0.709929438150874,-0.526426713100064,-1.8745137730418,-2.72943831928255,-1.32825560410302,-0.842288017517222,0.455945132148802,-0.177630064994172,0.660998668563283,0.782356219426206,-0.354575579109325,-0.814965612637259,0.921315242233619,0.946437384047209,-0.232491636040126
1.38015954744867,-0.100230351838001,-1.09234504753179,2.95465176523922,0.759098885373838,2.57874016288233,-3.01026645950185,-1.33309054795456,2.01845577689119,-1.60829937522607,-0.159540918131642,-1.31707108505434,0.829275481582785,2.03887694927722,1.94335760985865,-2.42929546821045,-0.19862962728438,-0.676788920487989,-2.51346851134467,-0.430483049334765,0.247065931651508,-0.125758519970969,0.430684553977554,2.62465571181181,-1.37934334110919,-1.69688284320654,-1.38072187072474,0.290555961167549,-0.698642332132905,-2.01444119531247,1.35210938640227,0.785214991998975,-0.144680572364952,-1.57036276481262,-0.748827743757157,-0.827848108875609,-0.254191940713205,2.99476374928734,1.56417050691225,1.89004507327084,0.767835849767775,-0.67402408452793,1.38032681891174,-1.48939353839882,-2.29477049772476,1.6779135686265,0.853283244191795,-0.361084420191795,0.381833892355825,-1.25172649506518
-1.8811305673246,-0.88449202276552,-0.769151995867533,1.64605862478574,1.05249952158379,-2.13143121174107,0.827012945923609,-2.10010183527838,-1.70896809694534,-1.2241625459907,2.18659868432511,0.546877313293133,0.658192043596138,0.127624021761873,-1.94268292845485,1.48260069788235,-1.49668382036995,-0.104589549448852,1.52087449575374,2.56138661194689,-0.243761492523419,-0.443259156001355,1.55562323285828,-0.617020698621895,-0.974345463375958,-0.826071139927924,1.88090155706273,-1.10866538940287,1.1434852843291,1.67284991915699,-0.0847902506132795,0.580997234774751,0.578425868442757,-2.7416695303045,0.464481997536304,2.51095738423488,-1.65573721986685,0.572812208414843,-0.370999868044264,0.336405188933066,-0.868440404745161,1.70387027446515,-0.278355135720608,0.630548183910833,2.05199059223309,-2.87391965591406,-0.584851921890275,0.069798332627175,1.12209080703354,-2.19054288215505
-1.84912558042127,0.327269524376334,1.40583433558895,-1.80453500119671,-0.881975118009747,0.824408917431935,-1.42074705243947,1.45517842081297,-1.1939880742742,0.0137863182371004,-2.24768486522788,0.233042740232932,-1.73837972987354,-3.29159075618056,2.17413467852445,1.0165951457061,1.34412171483771,0.242043586885189,-5.06089014081737,-0.486135989657095,-1.4715061051628,-0.53102692531653,-1.22402771076427,-1.44197802086878,1.57314795226727,-0.496529183003328,-1.99064688769732,0.175249667648589,-0.663089176039519,-0.592721471501687,0.246664680322705,-0.21697921807578,0.370137852343871,1.79063941079244,0.0682706556174188,-0.979935469432557,0.405783349696607,0.542696481390759,0.945968957994303,1.32815372229747,1.6020161691677,3.03632684665262,-0.0157749472562714,-0.351912230429376,-1.22555014133101,1.3787030367602,-0.607913362516457,-1.24817779136039,-1.07485610294281,0.977703364063242
-0.646529172528193,-0.185087162459652,1.00842396865676,2.14767827201379,-1.12242732916893,-1.00232938406554,-0.326638310502157,1.60008604735003,0.41245979054411,0.75898907213549,1.30387438363086,0.395370060309923,1.7326743578635,0.31655810260048,-1.47663444270348,-1.28778560372012,-1.74222756961324,0.896369570840071,0.0373586174104504,-0.927231646667678,2.65139217855106,-0.597249419450937,-1.16534546462712,0.0992233983262286,2.52003007641244,-0.305811105799583,0.654261051821497,0.616550003358343,0.361282357130022,0.595996776654024,-0.807604619630032,0.0406688860636144,0.625720139864917,3.67582587197994,-0.914066096201073,0.480606468743541,1.54688300224265,0.0310624739519536,-1.72416857313419,0.080257842815546,-0.146217887083004,-0.903167904843398,-4.05096292418924,-0.739032840809412,0.329762148477944,1.75323878977919,-0.804407403078962,-0.78554411189788,0.975192707298254,-1.05983030400996
-2.80343814888365,1.95500590636679,2.14485501759414,1.10229685885583,0.716122968256863,1.76162541870403,-0.675500429135972,0.83931411047813,1.48405336452182,-3.24910414835643,-0.56977596377982,0.413420196235769,2.84118313112683,-0.808092057888846,-0.181489672052146,-0.609612964617579,-2.81145509302889,1.80629774389389,0.58589437107337,0.459210365028903,0.221977562339628,-1.01019527343853,-0.844444518796661,-0.765687882280954,-2.01814644847363,-0.452400308540368,0.900189386762527,0.832776031712039,-0.635388821346114,2.53894623593777,1.28401494718127,-0.0531227564917469,0.10502291529672,0.699299551750311,-1.24626086086558,4.66616661488644,-1.09890491143206,1.23539022842726,-2.13356968421246,0.810737562558654,0.102876013241132,-0.335348320009609,-0.395645582979512,1.36921937033144,-0.154748149895761,-1.15542270876939,0.316521177484276,1.45098179167014,-0.104982913518753,-0.635323561806376
-1.27885098151117,-0.17707334507863,-0.657257367523835,1.18976628679629,1.50938517229355,0.619112413302295,1.91037185214113,-0.00748209116886397,0.377487085961709,-2.77483224512629,0.744687201595182,0.192262562351338,1.36786637348731,-0.433857714783873,-1.08980668001234,-0.80076512857733,-2.72920515929006,1.93988510527083,-0.112195565965712,2.03718733964755,0.636285692826439,0.946648285374699,0.511876164853395,-0.376460492813111,-0.424942303437091,-0.740193961586714,1.33756573831543,-0.458642134371986,0.545253159834484,0.733625884138963,0.0077149390226991,-0.421156053498028,1.19840582004118,3.093525617025,0.326703031945852,2.09913161550139,-1.32245094138925,-0.639321185775192,-1.93086568040686,0.962238723549987,0.273905400251135,-0.613121614769821,-0.604013285386075,1.48737103729444,-0.0116428002174544,1.32606620269925,0.0997056883107121,-0.352921413076393,3.99414232784094,-0.760218631863933
1.11782651291127,1.26286595391247,1.61314286489054,0.558869613694989,0.787682478121444,-2.81890662523846,-0.0619339430789076,-1.25737441926853,-0.934809455360976,-0.66388732848677,-2.27972090476358,1.35245297534515,-1.75911757781613,-0.134264808588786,0.160581974423381,0.503525973611479,0.339161586717984,1.03045080358699,1.04160512070121,-0.518807428123208,-0.153440569534368,0.265081745692902,-1.57037492461445,-0.269604896885409,-0.581098186590624,-0.262808125158714,0.324936784906835,-0.290252748064344,0.087726770235066,-0.504304819992563,-0.339676577833235,0.155623104805319,-1.01431670717237,-0.968022743397049,-0.638631436402102,-0.544270017228661,-0.942799627681201,-0.397863088402701,0.0786710357121054,-1.88079424189402,1.84633727134151,1.01335598409552,-0.521432444640684,1.33587826528544,0.44784249012868,-1.3027459012518,-0.600767239838201,0.257146146820291,-1.85162674823703,-0.735006101912353
-0.275460145335535,-0.88419580248876,-0.856621413570146,1.28014184061431,1.83603316490073,-0.65392797885117,-0.000571643838309363,0.512275862287997,1.09216914004121,-1.69892153502719,-0.978084310408665,-0.41989867972182,-0.0287439446605787,2.60924479348603,0.27221909407648,-2.40335092021961,-1.3136411410296,-0.27544090448128,-1.92943554195261,0.757297474602646,-0.355967764485319,1.05111877454662,-0.00847050458778511,0.75516168498287,-0.986641526410101,-0.78811028541815,-0.267918837671183,0.133648833756603,0.618474984137701,0.626544826932067,1.82608626899984,1.29552962121805,-1.70094376588958,-2.1345864675323,1.20122532458388,0.485543725351658,1.19866386225495,1.81005667108221,0.982994723396577,1.18723191351956,1.0574128529406,0.0790186343450602,0.122318665614216,-0.512393734125373,1.34284493733343,-1.16308467210784,-0.814097487233617,-0.843954871026335,0.638469056630205,-1.30754229905124
-0.212380975493797,0.462249926460092,0.102084467532491,-0.223683052553409,0.858297016977289,0.00792477208921075,-0.858595629263076,-0.980632063128836,0.0719518253789455,0.659508222824276,0.345014396143028,-2.20767008448373,-1.10050502142434,-0.482643582880445,2.21981750052848,-0.0182606165285155,1.16830469335685,1.64897126646134,-2.3494236948441,-2.56661688082692,-1.91611160767253,0.541393863759444,1.70255683575325,0.323651941839304,-0.900794931581902,0.659045514988236,-2.77320154594325,-0.564745707895694,-1.7790851774506,-1.6743693886556,0.800589605648032,-0.879223342646932,1.19109321323717,0.533731839071224,0.585483355184987,-1.00958927763763,0.0797274722176109,0.734560602975386,1.08794440920286,1.14979131051984,1.51895296490401,-1.3620919130283,-0.605736204759169,-1.3348284472107,-1.91830100250132,-0.59656042922155,-2.3675104639545,0.341384084741139,0.00026118917279222,-0.646140988085557
-1.35801067682301,-0.866467226096826,0.725228564546957,-0.473118391621479,2.61527232294114,-0.0767261718613625,0.102458777969967,0.705951752909169,-0.350110523350864,-0.61294787736434,-0.852212458184943,1.11367047766489,-0.368077124780961,-2.69257688815379,2.24896621463163,1.7853137782115,0.418968660294294,0.0746449015930019,-1.29733995706872,-2.11671629047494,-1.07281318512809,1.05858459404203,0.0590580698624375,0.594391344247267,0.693568859220863,2.04596039072794,-0.972063253665557,0.423367036433111,-1.9898225781113,-2.83060396056184,1.54448542486643,-1.18619349826067,-0.0512988088958693,-1.09202376643742,0.831695026473966,-2.29670861776684,-0.0710980525833316,0.612272824842978,0.497989099774921,1.04352821063961,1.5494039321081,-1.45490463053686,1.57696820573831,0.783976235461172,-0.788383505668627,-1.18046605338332,-2.08722214337486,0.380868035850203,-2.12886520116306,2.67438920090719
2.51230409597218,0.693557812590517,1.45528908350133,1.49904369680486,-1.44657340854254,-1.93377547171383,0.968827468462209,-2.05738141866063,0.722503234382737,0.293195105606651,-0.441704143151518,-1.84017621590608,-0.68296521099097,-0.240793223500558,-2.63472833278875,0.870432151960331,0.730950116159239,0.990658095527109,2.93975478183012,-0.395130109664725,1.31021898753264,1.80230633120438,-1.30927920641079,-0.276623314403778,1.05563682803113,1.22035981765648,-0.760363155488799,-0.49048633737551,1.67553052446557,-0.028945608471574,-1.11742847115833,0.235216443751001,0.304096700187989,-2.09506585881359,0.920874592185364,0.0926604158113626,-0.425269981516446,-1.39711743690904,-0.0756635197394867,-0.914376620841679,-0.717558209893431,0.88044243007679,2.12919050139095,-0.124170642546003,0.121137824621266,0.0952700531127857,0.101115061280197,0.545224493006329,-0.221370027430544,-2.28554324664142
-0.733131497287458,0.71903529258502,-2.03305338565124,2.39980937123023,2.20384993888989,-0.619781997504491,1.54978676395187,0.545489088287853,-0.658317680455058,-0.416541489776012,2.37387694438307,1.67003785723038,2.15073539368357,0.665946663733478,1.02755507211245,-0.146993360203051,-2.29297067230934,0.77326693903344,1.8924806227874,0.984214131488207,-0.776095055734315,0.228497756605549,-1.26174445302837,-1.37041922716528,-1.19406334819544,1.77652556350692,0.264773521851233,0.612838462394323,2.67309001244736,1.2147917766534,-1.25709362769695,1.56713232225465,-0.844529487625131,-1.4993194900435,-0.314514633562091,2.11563246402064,-2.11241122963252,0.634842359623699,-0.234299343925758,-0.0529389203963605,-1.98339949859578,1.62406425536274,0.115860378344786,1.5949558399506,1.74561441160024,-0.114543385843325,-1.06466934623479,0.483444419976466,0.518622983033765,-0.498210575787141
-1.66674609976026,1.27993934238736,-2.20878237565492,0.779570834052384,0.614204872412279,-0.0465675142928427,2.09689734398558,1.13208772661947,-0.876979163872021,-0.942649901952169,-0.928472908881998,1.17238816991629,2.65480653237951,-0.151538502280553,-0.169479131268714,0.719989814994154,-1.82244617477421,-0.539142195062822,-0.740064025561697,0.734953461993822,-1.34901505755602,-1.04853307803663,0.704009868420194,-0.694864742337046,-0.515354980330495,0.403263710834776,0.802347306257284,1.13005831936872,-0.329713918732624,2.57503247449847,1.03501503430255,-0.321570518628444,-0.11495794431413,-1.85047145256363,-0.177018430335692,2.93913285740682,0.223688477479998,2.23158412591394,-0.563914851406537,0.191281367839964,-0.8964378172446,2.02399856223748,0.628565092174134,1.64401324518696,0.351180967904135,-2.04820371682841,-0.694389697092066,0.0966599455450101,-0.557546248158666,0.0170930524163167
2.23454248850052,-0.718897587729836,-0.728606530171445,-1.98067802250923,-1.37489929903696,-0.793010169895672,0.281612810373263,-1.72901878279015,-1.04861986679041,0.13046052739566,-1.09472433851531,-0.480316802721635,-3.80894852144937,-3.00538291158458,-0.128224640205129,-2.35257676595584,3.10305083366543,1.07980837903873,-0.413367071471738,0.0591693868283068,0.128393551057789,0.0611848013199315,0.744710843631184,-1.86944242550693,-0.0780004980017334,-0.39694309264813,-2.01996525615198,-1.02131920660018,1.4500948733427,-0.0584617989684856,-1.0177472285497,-1.26572230623763,0.524304803874051,-1.68050193200831,0.66258049081314,-0.988773691839728,0.464354588878165,-1.99657003755223,1.42761039975338,0.0652445996990711,-0.342028498850125,1.64490477984457,0.288685287158429,-2.9441329563596,-0.588587954629684,0.123710194172491,0.0572698788398877,-0.166049982020947,0.374340066070056,-0.347295562844667
0.636971757079362,1.85605459148263,-2.02935304523537,-0.655656787160878,0.463443519530379,-1.20321334310071,1.74273208513966,0.759555589258418,-0.54494963780057,-1.02377480523881,0.0140507244064551,-0.272783521630088,0.290989872348389,0.306162313857499,-1.17504392098304,1.63849231012009,-0.0822110812161016,0.0975711144719721,0.602198674806861,2.24244562501643,-1.0596104604271,-0.270366452611605,-0.338354323094675,-0.651849234419998,-3.00456700350037,0.448904801454304,0.992481426378056,0.649261854222242,0.527716712805619,1.13923965897823,0.678223161220724,-0.884715263641254,0.313939716183838,-0.990559065361728,0.619161815794253,-0.513053321431698,-0.207939162859753,-0.500695873807273,0.943660828028175,0.312781221144954,-1.9662940109433,0.541808536544086,1.51522936381592,-0.260144968389818,1.54681509524039,-1.02769971822963,0.189959081539786,1.97873928620913,0.710129532334427,-0.891035760693148
2.30027424759206,-1.49980963083158,0.933847275743654,-1.50477179742578,0.801201738604694,0.919207794268621,-1.58110779904351,-1.078778722888,-0.617708000068935,1.50745659932494,-3.33987664794341,-1.42152712682662,-3.92378001466425,-0.49817873356225,0.363876982663322,-0.725489153381851,1.86622867846563,-0.369540348729403,-0.756021778207618,1.19662724652661,-0.656273864758922,-1.22356824193732,-1.92609519655039,0.848105925718968,1.27976825529606,2.60998268612382,-0.285763267728941,0.00136091106895361,0.32488725195333,-0.564420606372606,-1.29248791798531,-0.910365939734504,-0.884984308272025,0.360520668320552,0.407074203744961,-1.48950717464132,-1.0004761872505,-2.87826132548777,-0.5404335361987,1.01560723448893,1.19534085986374,0.331210802219627,0.219026929318981,0.131745038977469,1.1810055260662,2.23120128113232,-0.303950741750713,-1.23414158222797,-1.98900608549706,2.24862987549963
1.13288116933986,-0.469501217330813,0.21101859975232,0.135348034796515,0.549058498806264,1.62778299355598,1.50692122168045,-0.884570557373152,0.299341526111499,0.599126244475699,0.055482223999815,1.89768296682849,-1.21106751073889,-0.505808172868645,1.01648059262718,0.94843805450969,2.18967264645795,0.190972578194824,-3.60002774269969,0.167034474230087,-1.69109723435851,-0.0367454717285285,2.55647796856345,-1.25057923344155,0.125263697461962,-0.830619013868851,-1.31157740722042,0.468425721216837,-1.48820901161566,-2.25189462693258,1.07440809241198,-0.929683634690896,0.932402911148447,0.28656339545664,-0.261323766594455,-0.017465562070509,1.01348202465193,0.81553401893554,1.41444836414389,2.48221217470079,0.814546703381269,1.40943408344317,0.943906058327923,-1.35332303690736,-1.18052945726185,0.640327174758391,-1.2455921957574,0.78581117407429,0.255691814089034,0.578124052791502
0.253388810845999,-1.40932650962246,-1.10943622545841,1.02466187651951,-0.543313899924285,-0.401250842694157,-1.48256961373067,-0.346876519596081,0.926162867850976,-0.534293714019514,1.30895133717186,-0.750284547568002,-0.146745599627254,0.740009450347616,1.95655421203631,0.27111758110845,-0.330358933431924,0.823646185976807,-3.24778370868082,-0.77032701679588,-1.53586716754667,-1.75264242075743,0.743979380321822,1.15933077379177,0.2423005839277,1.07372185276882,-2.07169253768117,1.28336716023855,-0.781943590315881,-1.02689944972148,1.43216500020852,0.752330990002762,-1.98143244225306,-1.33422186056154,0.047974633741733,1.37107227049045,-0.369334364795146,2.25114955483065,3.70928938513121,0.168972546530023,2.66237656136965,-1.4324810505762,0.504242087472839,0.228756912394577,-1.45964560078211,-0.492345081657088,0.297729816956228,-1.08718940466996,0.743770144597236,0.409802833356594
-1.82370069993995,-0.487433316614771,-0.512745268301857,-0.021043971395169,-0.722914146939399,1.08746726566933,0.409323210534097,-0.348683666325138,-1.480378884642,-0.306720094839823,-0.145728865242394,1.84776070315779,0.817119789804303,1.00287286732738,-2.78702741530484,0.462759462154868,-0.220146465164681,0.898488377405949,1.23109055668192,1.2271588886682,-0.994575448278345,-0.488355022323341,0.25575586693471,0.499771065348726,-1.09756973807332,0.288764299207264,1.76507850508914,-0.380800889191711,2.11086113076173,2.64301071814351,0.131450723344081,2.31330733747173,1.38995687334408,-0.798214268002089,-1.02153314675043,2.24304096960991,-1.15015625046577,2.84301049437651,-0.442810561095075,0.321819219636763,-1.59574271536643,-1.21061497814406,0.368609939793412,0.881577137807106,1.89340907851871,-2.69865242294196,1.35829353767253,0.375218499887634,2.88479163248182,-2.08229515062979
-0.613253933353396,0.0110716918097419,-0.712195664452076,0.164745816628729,0.465610905300712,-0.242397628072296,0.160838494654597,1.08209605670416,0.30268398575914,-0.530979200791398,-0.0397963861516177,0.0122824918561299,0.534032428308028,0.555327791631261,2.22769960341114,0.390418306061442,0.378029711627361,0.403245633752857,-1.96264015227161,-1.36262378650625,0.458572208803946,0.935886913281368,1.81802662975184,0.730636358925009,0.140733937415993,0.0456666206845256,-0.0694602483826016,-0.738491258030136,0.538670576754305,-2.47563653759636,1.75635451027987,-0.883963837623356,-1.0078194033082,-2.25542643833511,1.10604467143324,-1.96226356388861,-1.69284229860867,1.64645332583294,1.02406988887855,0.947499328020018,1.24641593834985,0.476111596549758,0.0353552050783654,-1.57640299650029,-1.27762432419977,1.36845143110748,0.855501773255874,-0.817114667661309,0.636021975544887,0.456543139265383
-0.651451157027104,1.31011653146418,0.946381736466264,-1.22853441142336,-1.39376555686391,-0.0279868323533497,-0.102359457391615,-0.279376368418687,-0.726441052402287,-0.168731811338051,-0.502224248611704,0.767831095516181,0.08707583642543,0.659152547162236,3.04133263709334,1.31259084090225,-0.492693831545703,0.824728931560017,-3.20563035216311,-0.738525778191872,-0.855971905993812,1.2455203578697,1.24988339882383,-0.0454981840917776,-1.63224916924044,-0.833344225797054,0.357669794214969,0.29449024622769,1.08673773170209,-3.59330928421543,-0.461452655329609,-3.01322511194098,-0.262506843866742,0.490812116151044,1.901847738465,-0.176638798915807,1.60290191473868,0.3749599764516,-0.609198079429102,1.39093043919273,1.41900232879956,-1.24215823689993,-2.28931197492616,-0.402866336807315,-2.85146023271113,0.527155067064506,-2.15862797640752,-0.354113599514081,-2.27875972844654,0.985141970080179
1.96617400660297,-1.7886134460686,1.15036476445227,-3.19662008820376,-0.923327728234524,0.0562764765511493,-0.259677156590362,-0.473384905683736,0.669446049076357,0.391788138283034,-0.219197295320944,-2.08536465665406,-2.29055680729693,-2.87559173005884,0.264218153392155,0.246410013257752,2.01582752900475,0.975138648278651,-0.230096129156155,-2.30427562687277,1.83897753850922,-0.655214906279173,-0.589670210876925,-0.094319507772301,1.31506650146462,0.51360392950412,-1.69944592142414,0.753249555907006,-1.42703154975226,-3.74205477066455,-0.793080546015709,-1.84861459401363,0.0104361123814261,-0.518668701225472,-0.923796871259366,-2.45467535785093,1.33211854924436,-0.992234704058266,-0.910471431994851,0.482117841228383,2.62676897159466,-0.462637423583426,2.11996719633664,0.229702519905418,-0.0267153120215141,0.296477543867236,0.146975996325419,-1.45137986398346,0.0211218425486392,4.15436884416184
-2.96115549510649,0.767078806111428,-0.626810098124748,-0.0806778226335933,1.19091617047206,1.30674079384371,1.63379167415357,2.24332927722219,-1.4934935730536,1.6943063862051,0.312116827738382,-0.664367868001571,2.27099274856711,0.972963574595668,-1.33222598895908,-0.418282364667661,-1.04407403179439,1.08496116133135,2.02547660830844,-0.72042437618034,0.193656635022114,0.0255311429028367,0.655671377391176,-1.12125421068007,0.673756170010197,0.86559905194151,2.20382530315048,0.876785168489796,-0.449690123213823,2.4161973056369,0.752398845508779,0.714901879756252,1.89844334885021,1.30026619115508,-0.15967338987969,1.89017733140394,-0.793777838684837,1.15751227023516,-2.61000444469445,2.48066263397438,-3.30719312156605,1.12695797186089,0.0422769928842591,1.17868031416029,-1.88980308589402,0.892670899006528,0.834480321339438,-0.985874127435255,1.85172866263251,0.221422908170871
2.14774481541867,0.885488185209719,-2.28702575000016,0.88329220513405,0.142078679518308,0.182487965055135,-1.42220144791867,-1.04206297576002,1.23707702595632,1.28612682736721,-0.453722923251328,-0.232212427747125,1.1361915038595,0.858982581103354,1.73023602763057,-4.48379071479088,0.238559037152846,-2.96264540980415,-0.108383903067552,0.670224993793856,-0.128036968283741,0.198265050346486,-0.687597935275842,-0.251533000397826,-0.045996635699117,-1.70779492681421,-0.778353495385395,-0.788625264309577,-0.199232286609746,0.320439038902674,2.45951733789456,0.941704819096193,-0.915975388881106,-2.82371064825792,0.572435539598389,-0.0191628356148381,-0.308854528709521,3.15216419086868,-1.09809144259621,-1.94201111841358,0.0317981733770441,-0.780254447628615,-0.241536370405213,-0.195647054812366,-0.0766362586375582,0.530619761213789,-0.1701280086175,-0.059452722596364,1.62986756674867,-2.11055886844724
0.658668062118285,-0.984031831038557,1.31079376184984,-0.687372870565909,-1.75335184668866,-2.56504564425519,-0.914772252481862,-1.96365737319504,0.464547613904043,1.63520035772069,-1.55109240846273,0.563693425581489,-2.42124414037746,0.81237907762493,-1.85104044531215,-1.95020454278181,-0.697621586263185,-0.0327541057681598,-0.353475369825845,0.00379442717961627,0.989126302031305,1.18326928554187,-0.378030618577808,1.02202344787345,-1.03094685263627,-0.257815050787497,-0.533032981860818,0.130078064358112,0.552959347968301,0.70448868808283,-0.00696427061601564,-1.87533923263156,1.29350007444986,-3.87280637369301,-0.0350617703781026,-0.26239426939841,-0.512045241693904,-1.64441211908326,1.64675061778738,0.870034292332188,-0.925699514590625,1.93680476374857,2.14237818062956,-0.333407831181002,1.05900896787078,-0.853900878331082,0.953577969940909,-0.188967556353666,-1.03826800943855,1.98093893078807
-1.49738092037458,-1.13420287768921,0.615850626997177,0.76137950565972,-1.51493969468416,1.28428572948674,-0.406381364893045,0.42373030774008,0.494201101272032,0.00509696118270062,1.47752738957393,-0.349912522376859,-0.449890163076204,1.27982286255975,2.21808495915055,0.311420786598455,0.418025364340543,0.825638721040766,-2.97883386639332,-2.39108505986149,-2.27450368933425,-0.0835583877117579,1.27862057549485,1.0543814508512,-0.978064524527368,0.39443961460114,1.49926166058267,-0.642154264437679,0.236572040990712,-3.61296919115818,-0.685040239460863,0.380285334407301,0.0318703389078567,1.98975900988637,2.73566684136773,0.542586231212253,0.0594053719604649,2.10368898052773,0.497611037124791,2.95119575916597,1.31477286284229,0.276401177632596,-0.146015111199956,-1.46138338528769,-0.857525871349208,1.88408023824583,-2.95872929410268,-0.58084951262177,-1.02311973549271,-0.262983356843754
-0.0449616027797486,0.819718197549857,-1.36381177479845,0.436367594734287,-1.69863698219497,-0.711821340517786,-0.173461607220541,-0.0179455268089619,0.686944045481523,-1.21827670374021,-0.251235896334412,-0.193003756347742,0.770941692187522,1.61705852344062,-1.40372271661207,0.52624515739837,-1.47233092593322,0.444301316621205,3.29273269986082,-0.0779050450668561,-0.929734350549757,-0.321910770283912,-0.0484331823514691,-0.149840271276552,-0.674486147758201,-0.384348922094565,-0.816461715170157,0.530905822466438,2.54014797587829,2.67638681723338,0.345978863645047,0.983517752743536,-0.123274574634363,-1.4869202562528,-0.504174231662608,1.42250758323706,-1.01636458779379,2.14464322242107,0.0680562054439909,-0.0473917186474865,-2.2140247951039,1.61145415620442,2.61648060203216,-0.908222557863617,-0.32916833186271,-0.987315575663036,0.953698970326794,1.30982076985177,-1.19575255298334,-0.530595460120052
1.18788149770729,-0.455372407856851,-2.22160102517549,-1.33730456358327,-2.28799085159991,-1.64408781850017,-1.36536233602839,2.00921142121271,-1.65489395566353,3.08588778021576,1.44561252530566,0.717945315770985,1.24548017590986,2.3617318934449,0.358050294191046,-2.17035964754301,0.149221127487158,-6.37099122359259,-0.628885107676025,0.762416565920114,2.23654393176527,0.248193437579914,-0.870845042886333,-1.41253341944059,0.356671223701264,-0.745578837619994,-2.54898943608206,-0.602308729432002,-0.400623399540949,-3.67769876369155,-0.113431731302568,2.0316985139204,-0.292070337932754,-4.04649034280845,0.806135622293494,0.376193591229829,0.629633050640257,2.80065210716509,-0.815482155755265,-1.39130503425116,-0.655020691810278,-2.0024924852484,-0.851308405369031,0.523294136403592,1.5896353349515,2.54021999031819,-2.62691255067006,1.94888492524864,-1.85442914588102,0.89299555176325
0.283001203368836,1.39546782042778,-0.167648400321082,1.11096544334237,0.865627509095238,0.599749747532792,0.0302556474846235,-0.177131798466196,1.06271988594906,0.904800548115184,1.76371178233727,-0.750744190515428,2.32222658249029,-0.71774444472596,0.536706668844214,0.100796863847419,-0.073817698547167,-0.437069775212331,0.575045991947128,3.28939737509115,-1.06721892544688,0.66843459363666,0.943760725373832,-2.09900515973388,-1.31636061717801,0.188070721989385,0.0863443500053408,-0.285349093715892,1.82076153849927,2.18899637218279,-0.411527972716002,0.543690569985573,-1.08829924480444,-1.88899226074694,2.177440761198,0.664000823932443,-0.153988616108804,0.191375898111516,0.265990451930722,1.02406502597622,-3.23374336162744,-0.796469510154554,-0.880283089190873,0.378660710399013,0.93423753341831,-1.70368086870443,0.751984893161691,-0.432371628212003,1.57659534675186,-2.2453203730825
0.074882683281771,0.0701118166045368,1.29458378465181,0.60443838386788,-0.552143828566558,-0.355973840086723,0.680787429349193,1.07186128241555,1.12148901529272,0.822162166530463,0.511975501724434,0.379781323841716,-0.811037528756021,-1.32633174471514,3.26344231966104,2.31783226775088,0.646872552244959,1.14628992673044,-3.47128051292929,-0.601220374140748,1.00267026735237,0.222095463691249,-0.443331590757541,-0.629938608332565,0.901471149077129,0.0376414152991228,-1.34151386931157,-1.53555105635875,-1.57443343132219,-2.7854674134906,1.82472896969056,-1.42678605858934,-0.311379388783153,0.881278260051839,0.469224872510635,-0.918909753774158,2.43867231058501,0.807818534754379,1.92245440541806,2.83637959632952,1.74117740749842,1.34037080291844,-0.790038313282006,-0.345700841396145,-1.02906659244994,-0.315761099781545,0.123148622359731,-2.07580215260455,0.190255703559973,0.689824201008327
1.43210407825273,-2.51267285461912,-0.363368128834267,0.505378660973523,-1.24736939658654,-1.08684317241091,-0.824070817998507,-0.66662259064493,-0.540401622785791,-0.322107097339727,-0.197721288228244,-0.738787948039844,-1.57491154928273,0.62643337161625,-1.8991440277506,0.417875262281002,0.840903981946666,-0.230213846643465,0.984339710463406,1.80058427852498,0.948014392946846,1.16390443685432,0.605074080864807,-1.36520246477069,0.579695767967796,-1.24462693983507,-1.17861551801421,1.08072154263841,1.18618219222492,1.32649373964479,0.106125976323532,-1.68642188554278,0.545098410964516,-1.63180804102767,0.838227111332002,-0.36564645602035,0.334535224058358,-1.96373815492708,1.62109706350164,-0.537459091128694,0.0320713388674723,0.520146988304521,0.72689882531324,1.88078409467498,1.47310053042422,-2.28996334010304,1.1899085463364,-0.551365680955431,-0.608831968349572,0.511928980946489
-1.18157735020987,1.04758420725306,1.07871691089056,1.85181126370157,1.44914912590299,-0.290031738982289,0.326424833943484,1.68942493800673,-1.21964725521085,-2.45406638194637,0.163603300713467,-0.67011908671901,1.04141228339101,-0.603407176465739,-2.83320491360056,-0.0415398175605144,-1.13061820168091,1.27522335778013,0.729375306567881,1.00725118753603,0.418376725049108,2.39939686852868,1.57270488038379,-0.134111106993885,1.36090218404102,-0.841919424621351,0.302111558247597,-1.34481311321632,-0.779337655699516,0.680651182498183,-0.423471137148215,-0.156834120480416,-0.985071815781227,2.70536443761648,-1.05661009320943,-0.58740076412604,-0.777699483052175,-1.529441267729,-2.72538349375194,0.934584390425833,-1.26333271717507,-2.11268287458285,-1.89760808419418,2.19320405625526,1.20611451747399,-0.0813506203333575,0.393047360696928,-0.435268594223481,2.15008114875886,1.95674002918026
-0.64352052305301,0.215949029059657,1.5670219933824,1.35660678713303,-0.314025377550986,0.420027113155913,2.11950828222488,0.417748875895777,-0.198168001099041,-0.145394938432991,1.1403893504374,0.576962054714319,3.97772400734844,-1.56029420656228,-1.11796697683186,-1.44540336581409,-1.21722020993424,0.0410776349856779,0.575071697942543,3.30353991088954,0.3167371835161,0.509588791128706,-0.200411978162461,0.3020764015732,-1.62379273140613,-0.0472744607158281,1.99637537235716,0.938442678498725,-0.382940988089913,1.5522152722858,-0.0286317786390023,-0.480663523375905,-1.00220703639498,0.556358320155178,-1.19502521978498,1.54842468579912,-2.53396057475506,-0.90389793497695,-0.223753625867926,1.62506294393843,-2.42460307108768,0.304163130915431,-0.349311120981941,0.691375782974434,0.844439777821586,-1.79723123944431,-0.0941718135891128,1.46133802943899,1.2987944388171,-1.19434399110641
0.554385593021491,-2.72387350684499,2.21812988161437,-2.00281900286197,1.37204944307351,-0.776757545252145,-1.15735634326651,1.39397362151204,-0.0645594153420612,0.0492794225071223,-1.50163156685469,-1.81311211727177,-2.89475200785441,-2.0636501465275,1.84456493095822,1.7195932138387,2.86057730027068,0.198921196521761,-0.953520018817381,0.78370161338062,-1.43647171315845,-0.191810428102216,-0.732411777152829,-1.86502534602335,1.94800366752283,0.448642385876968,-0.685528984033489,-0.211414456361716,-0.513609171011754,-0.778913600715985,0.974417345417121,-1.37149416274567,2.41879783043103,-0.723939882970928,0.735933021955144,-2.80400642215788,0.130063955257526,-1.10885107066065,-0.322997311700042,1.61209591127817,1.85663385188264,0.64093569803359,0.745565937667815,-0.87818652735888,-0.420662585736539,-0.506313128393033,-0.0348118231560542,0.485300014329765,-0.391704779739047,1.03330187626113
-0.636134492361267,-0.100369772796534,-0.453288019258668,2.92292857481363,0.275026644943144,0.715323111831625,1.07325926537916,1.11976184149117,-2.50058345452655,-1.21547348804555,1.11015549783655,-0.183783917846052,0.876024642050443,-0.293491605273053,-2.34450574493986,0.236423584236971,0.258183296031003,-0.766745667690802,-0.0150737646653695,3.05386523734311,-0.273432739275856,-0.0381298782541672,0.345063268358526,-1.36053180331267,-1.44040090909741,-0.03996285556855,1.02162558296235,0.258439992757537,-0.579951994398583,3.09545872648652,-0.665006207236051,0.724008799913534,0.918435865564609,2.32107841789628,0.465855863559192,2.89587002037785,-0.693735333711795,0.652856180958054,-0.730411109235831,-0.375091884864037,-3.50823662428474,1.31505146613287,-0.023172083571043,3.0905598975888,0.959983578220278,-0.667064331447105,1.72666125870166,-0.512400639941529,0.98879426019843,-0.102751650446277
0.886916854034314,-0.945496316763062,-2.25673837448899,0.366650184472783,-0.438886677230293,1.25880814531303,-2.38791248114392,-0.398134767831556,0.786451790437352,1.35873138713639,1.12093912476604,0.603506594949033,1.39657474911652,1.98010068128336,-0.518023560141867,-1.62773919537081,0.824456765635978,-5.07683047523605,0.73434263938417,-2.48290866619004,3.18360105566781,-0.0966612482318643,-0.589927902692643,0.934661412862071,0.417985674917573,-1.62845583306923,-2.60449460636284,0.261735039066544,-0.990418207082265,-2.87865171608753,3.452515735956,1.65628342646386,-1.65269999606255,-1.51411823433995,0.980062529596952,-0.518878204342665,-0.759842294311996,3.12401051738099,2.16469365694258,-0.699729198763444,0.209688249651229,-1.03359194700151,0.0767934215312695,0.758698232410449,0.781235628173501,2.299142157036,0.35896754039958,1.97827183235175,-1.04667911113492,-0.894831021420288
1.22632578770613,0.295234675202599,-1.86976607624587,-0.409228504954285,0.271950029420942,-0.0928191909585581,0.032019897147107,-1.44771994006732,-2.7914615821292,-1.63863344905123,-1.08014874186039,-1.4720083840679,2.22556258849822,0.405038554071444,0.128742393272376,-1.48053762179368,-0.372554946368963,-0.504109488491886,1.41564952568931,0.894230395830135,0.122117601419561,0.18686057136743,-1.09591946120025,-0.710289073367862,-2.49811962405537,-1.07970779353886,1.09050904403352,-0.639309137324839,-0.182311490992721,2.22309389855766,1.74871544077112,0.743577597695352,0.790796971737974,-2.39422879802735,0.825372093030761,-0.416785003236151,-0.108845445483519,1.31060650545421,-1.08647069546403,-0.407212574358662,-3.02167235942232,-0.862728680653503,-0.229083278049042,-1.50951750934347,-0.592906925064809,-2.14175974220555,-1.57593035242241,0.552474887948979,1.00275668431822,-2.27343329212134
-1.19470965591124,0.531553176614386,-0.514634751947852,-1.64238363323626,0.871107605599216,-0.158984548622024,2.04973049302818,2.43520591512129,-1.21624973883585,0.531277383835067,2.00156835717915,1.38576875344457,2.83116473643662,-0.174087105872821,-1.35383159650362,-1.46533829302884,-0.201784216955881,-0.478328153039704,1.32172627442086,-0.69818423919455,2.42003821806094,0.590298794383518,-1.14129184429445,1.28044450404187,-1.15998252128559,0.340998266028911,-0.798925572645161,0.226631951015483,1.07547539233486,2.04982606835379,-1.32804552344161,-0.705373687611009,0.862725739809536,0.0510179611597101,0.0115860186033137,1.85157934616137,-2.39491074927581,1.26697274059298,-1.26516069517212,-0.566729539870273,-1.51843875962232,-0.0791634636925731,-2.04351718084673,0.0560369628198689,-0.0216252046842688,-0.0976130029859422,-1.62493089884472,-1.2956283341956,0.91744352968326,1.07189439828638
-1.51085769762151,0.610828025425636,-0.528792817342939,1.33623347600379,-0.102969829752706,1.51580581054475,1.03639817439976,0.164615504980184,-0.237991814286404,1.14726521597862,0.539787657644017,0.0181478064659999,0.886417723014924,-0.553188403615766,-2.45507683241989,-0.0216988480941285,-1.0249894388344,0.44262160812269,0.519598294571953,1.90072444121654,-0.919468013917805,0.613480178194333,2.74340467581661,-1.05989685200163,-0.684233780738708,0.382209239198682,-1.07315521580713,0.135175016669407,-1.61556109052462,0.665313565726093,0.592199235980962,1.50354289092853,0.312870761137146,2.03548414171723,0.520110358154988,0.611387644251821,-0.784717568735535,-1.27264720376942,-1.23145381276702,-1.54088247572933,-1.23923981645748,-0.572118149063725,0.709882803699147,1.77610442854492,1.93960505636865,0.172137902619332,0.968199401616212,-0.40349607442623,1.8883740704693,-0.872087024256902
-1.74939254160142,0.809319013731466,0.586055392092623,0.567114090207276,0.247112903664513,-0.585965605034991,3.37852674952823,-0.639733684949612,-1.60156012137135,-1.03971005741438,-0.174948108524021,1.62840986715198,1.32964159298825,2.7367938282834,-1.45248541585516,0.625880464263007,-2.1533876627322,0.0671972418999111,0.560968674481732,2.42532967256221,-1.1695093046946,-0.753994132796042,-1.11533599208175,-1.04383308866278,-1.34542389243297,-0.905713298511177,0.173497752812195,-1.52429736977231,-0.812411889460429,3.29458464774164,0.356991302088036,2.00788062841486,-0.861523853719627,0.0545838023621416,0.473719863951833,1.40326557773647,-0.370807314311118,-1.87344745803174,0.368687041483483,1.19893513618346,-0.828490416270835,-0.433419148456708,0.615870092334849,1.04883188937418,-0.110826284085201,-1.16369676779661,0.161306610955588,-1.10461184851476,-0.687554990008536,-0.358289869356091
-1.54663701774398,1.35388903613964,-1.11274962532541,0.655242023174267,0.893720687758449,-0.590982458253556,0.968879344761587,0.0796553331120104,0.380904010365234,-1.86932943748965,-1.25015728304241,-0.310567064119315,-0.708398614598361,-0.0241101674065159,0.203127475723899,0.875904264492828,-1.52138425118423,1.11070111160802,1.64190976977318,3.43455692653734,-1.81008663437536,1.39191120164225,0.657307978654872,-2.31544941187009,-2.37368171062275,1.09667652648382,-0.491478748364446,-0.369126618052852,-1.74539546675123,0.126801255829954,-1.71603796328981,1.30686307551544,0.209750504487678,0.169283177152883,1.47572117133298,0.942571608171329,-3.42411458841141,0.652022497261456,-0.0364957186232577,0.234808232646204,0.381388981239255,0.964345453235111,1.54370332712871,1.08824639522513,2.37778445626321,-0.439993794529481,1.19470035339355,0.476544978952418,2.33336285133289,-0.363845987690902
-3.14711355369295,1.40183757411843,0.455153737411064,0.765522249481262,1.25336994554651,-0.956613417777194,0.238345160066157,0.973097387488106,-0.253278173674169,-0.133041875175998,-1.11447025122514,0.00388504618345764,3.24460566419354,1.16056207210603,-0.552345166334684,1.60882068981296,-1.45296393023397,-0.0486389031029328,1.80785176986287,0.602533630954887,0.356254507267167,-1.54270482696663,2.14606710734626,0.226954718219072,-3.37656279488636,0.734163784600562,1.11438658123658,-1.32406251009288,0.896040795084246,2.95225738050494,2.19708147125981,0.0486688750483884,1.29039275663658,-0.0166031597239935,-0.708192543962086,1.50461293867926,-1.62173479374591,-0.0950681386735321,0.040687845885748,-0.229442496825277,-1.07481740391415,-0.0188778535497515,0.518203047133088,1.35465694698336,0.984257437669274,-1.70058512159355,0.626887210375698,1.26212048823283,0.686247975150101,0.832881932730153
-1.22273009643131,2.58754287265412,-1.03932351819887,0.0801644521306522,1.85572792686274,-0.216462216769206,-0.648719655940531,0.0561898906493262,-3.1333919015647,-2.62717407184933,1.13837229154889,-0.472711555773215,1.60132844345332,-0.0754610466699589,-1.74067680011804,0.471927798981285,-3.4280106227491,0.817375428572553,1.42135821940897,2.14563415706632,-1.47924655302488,-0.0184487886769888,-0.218918782150176,-0.623157238673513,0.265224995487718,-1.31840556323225,0.368783898875908,-0.653203700168728,1.5420524193024,1.59496489594484,-0.989406265641019,0.701835354514677,0.672997730432616,0.557675816842097,-1.45849190452203,2.44052490206189,-0.191837848995836,-0.887278493470693,-0.533005752264693,0.105962749993801,-1.04780811842387,0.923014549518448,2.44442897481089,0.19406015213276,1.06764720475307,-1.63799401087772,0.359449383058543,-0.0328924201285944,1.66967577714506,0.0494032711344677
-1.16266378732724,-1.29557437070566,-0.490689138071208,-1.34640772476757,-0.71596092944822,0.432877533438197,0.612794390355551,-0.495318118207132,-1.03921440651947,0.846983573781321,1.85944698350421,-0.247665245938461,-2.16466179545748,1.04333295603401,3.10194536700519,2.06840306888259,1.71694224073143,-0.30371036239653,-3.79766810651049,0.176503122853189,-0.804692752203434,0.511319507417735,0.194769394389849,1.65251362554064,1.40283436832946,1.37409381339485,-0.256367758260288,-1.0738781178318,1.53617343324546,-0.373017417145308,-2.14635997223793,-0.895812046106949,1.35355815597774,0.210350703812457,-0.0245622170035066,-2.25784312746127,0.572879448630647,-0.809749154850925,2.81442516657859,1.05306566522626,0.470830193684956,1.77713107108096,0.0323334957693352,-0.976850429031084,-0.231181507931948,1.24501346333336,-2.78606052181501,-0.901073287425972,-2.40915815040433,1.96686928128433
-0.340431866962333,-1.52982764991756,1.63794687575291,-2.80028952083038,0.750196832092228,1.50027103606326,0.248023356127801,1.26297116102175,-0.824632201864381,-0.935949443961306,-0.959981682667856,0.778695536474021,-2.37223453804817,-2.19686273657348,2.43136434651668,1.27843620740425,1.63953327537783,-0.11170520450966,-0.0231968488604474,0.604699050826729,-0.621754621406699,-0.554329141661652,-0.466169859574251,-2.48266927264806,0.318722117858062,0.310639183686017,-2.03603428968722,-0.530571395108788,1.86285232684576,-3.78132058219527,0.07995640834095,-1.96271743445197,-0.704905035844858,-0.833551657523088,0.139353655528132,-2.31426562842048,1.62421160769444,0.63680954576178,-1.11223482588911,0.792161970354947,1.49937242598819,1.93324529770827,-2.141121358803,-2.28585625054821,-0.589893306063858,0.501240819713278,1.81153416633037,-1.79784937548229,-2.18781938750889,1.34157900091496
1.18498092909502,-0.199477251181089,0.484861089963412,0.0295209168676235,-1.02378329736774,-1.85474792702843,-1.86026521967257,-1.25536053611996,-0.292144997941142,0.650176216058182,-1.15540880065671,-1.39415153894451,-2.70086545175321,-1.74948486854646,0.925456922463391,0.637754693819024,0.879768162264547,0.425055996695849,0.179268638510371,1.20927993245775,1.53300664657093,0.858852101261387,-1.24621292727461,-0.886387716263118,0.260685422661887,-0.544586324094985,-1.32319180342487,-0.819949845801076,0.86118592613681,-0.299948397051526,0.226369907235939,-2.45672527551908,0.0794159589078854,-0.474423359540071,-0.462491589066692,-0.242810634536539,0.38465336494976,-2.07047554078786,0.696832991620209,-2.02025267750487,-0.142916157764242,2.80543483083644,0.52629699050465,-0.874768425877663,-0.73800239223625,-1.67056397792185,1.48712643088284,0.384852760060776,-2.13687759286835,0.193139924791867
0.830777817759158,0.224304514809069,0.537554116958166,-0.944683068035349,-0.958185703118587,0.457612978178176,0.838277436875724,-1.65998700840532,-0.142995611239997,0.75203255530275,-0.280627608266873,1.08038914956565,1.27541191068976,0.334099994087022,0.220330373102042,1.12115713655374,-0.377740558498985,0.616040162681922,2.94139234950221,0.545824990816584,0.484586232670948,-1.16876622849716,-1.24921044266599,-0.628094919082811,-0.734461663550972,0.588312327210569,0.279884545881543,0.540443314991717,1.69116961756285,0.872497572420481,0.258727669037153,0.880698561260832,-1.08116990886476,-2.31328832692722,-0.589619597189218,0.377982158309285,1.71106061741668,-1.70963846668998,0.482884134977011,0.408044318226802,-0.0021777232774052,1.65966096983664,0.490313142732846,0.563787857017113,2.19639736200684,-1.43347221748316,1.32500708594013,-0.574904101381904,-0.569253955509145,-0.567695682162685
-0.423531353650782,1.37574272258653,1.26733062970857,-0.726962790484839,-1.31031561563132,-1.60786659541781,-0.529088694696296,-1.69828810564519,-0.470988686457277,0.978220394460268,-1.81253702864932,0.933141996014555,-0.91672619385525,-0.570382713350129,-0.634575245766212,-0.694956602067636,-0.434453816482944,-2.06680196685975,3.81684752212727,-1.34545635993372,-0.672872340626714,-0.530487497794478,-0.683306386553424,-0.100914134860194,-1.63996280808973,-0.439628580588486,-0.126304132489524,0.406797105003885,0.92205960706314,-1.39354866827844,0.926029412855496,0.271498118977125,1.82211460072221,-4.02780516337377,2.09146000084926,-0.342364498865275,0.900767749932677,-1.03336258794815,0.398107418654991,-0.318946088016355,-0.645810611741418,-0.0557702456465355,-0.195781097192425,-0.401479886217453,0.68714005137199,1.26982053683052,-0.00637076903368447,1.30141566274,-1.26323819170184,-0.0284773019371337
0.734353432131108,0.955864592080807,-3.12974627597623,0.565344619275546,0.568330749043336,2.0336868262527,1.25008288267076,-1.60623303376954,-1.10348616363138,-0.195295277539039,1.4729760144728,0.889132061951478,2.88847428025107,-1.64709268425248,-0.569919917226148,0.164578166325133,0.285962631040147,0.418127691881394,4.249643005673,2.73445075102943,0.716449125285827,0.959677351217135,0.434378174382476,-1.00226516299396,-1.22011382748702,1.62557544493272,0.815556963474694,-0.374763139069925,1.75730579546797,2.33194684397564,1.88728737163631,2.89445237041742,-0.0437671349352159,-1.39510695772985,-0.589576121713113,1.79899795304379,-1.1706636146521,-0.870428204098179,-0.603953760681458,-0.379743607246486,-0.736738101682864,1.95101896139378,0.288746657361625,-1.89476413388759,2.17519544740744,-0.798418745972607,1.20074574698357,1.5739190444772,1.06322710732119,-1.23405154904979
0.909679237406322,-0.729529669868529,1.08628788777369,1.23400838219443,-1.47340392618412,-0.326268577887861,0.765787752722291,-0.885070731640873,-0.588144188420158,0.538706286979792,0.180900396956967,0.65484364371067,-0.47000436400684,-0.144715774261964,-1.19326067352956,-1.42658406817809,1.33295575710685,1.41338733219591,-0.303120377964332,0.809383772585957,0.23661541495501,-1.2447051726102,1.82726320574066,-1.06840029548575,-0.617467804749677,0.249223182398946,0.532252058162349,-0.65425862623447,1.23388035353878,0.327608762890735,1.14036074952291,-2.44196186631745,-0.890044033552403,0.141864556437417,-0.603506940454916,-1.57293209892632,0.464947279305315,-0.1740608315773,-0.0123377184948356,-1.80703083188209,0.0468012746091041,0.208462643275943,1.96226187260546,0.0572167738954044,0.0143387716669522,-0.424280955584394,-0.782883800925558,1.50556365033844,-0.312513137661237,-1.0410390058321
-1.53181639174533,3.53364027281516,-0.447956751979518,1.0163582886653,0.591787097925373,0.468406376788491,0.118014632315702,0.103873430655389,0.298812503602756,-0.355597312997814,1.01655730696137,0.654344171254299,0.264693805367103,-1.08409583091795,-0.506867040052548,1.31240824126698,-0.951401474134422,-0.173237132927228,1.42001670523506,1.23193041827125,-0.595860882638574,0.0811574360250853,1.61222615072022,0.209176637621406,-0.66117859459687,0.909529388473429,2.27597973521508,1.46731003937264,0.81439107451699,3.99087886757535,0.186008407082843,1.67065575334701,-0.721814138502113,-0.572315027788276,-0.659490806698452,1.9615541000645,-2.30775276456183,-0.661807589278192,-1.97788766697547,-0.042624215204536,1.0124095841919,0.669671953406669,0.440569267828766,1.4037001177787,1.76981506730931,-1.48691139160029,0.0987196320383014,-0.203229419526185,0.0326636379097617,0.207664121586212
-2.28110451406631,-0.525877072942611,-1.99503618545013,-1.56884586127662,-2.11579410758383,-0.778028430974349,1.65381008458458,2.93293405015463,1.25725306448625,-1.58813050260802,4.43577759074991,-0.541162074154194,1.72196285761038,2.50862007603075,-1.25737122612266,-0.86313764418598,0.487756872303671,0.404508821729484,1.0731373315519,-1.82146125837324,0.694018534777685,-0.761641579205063,-2.7528952541198,0.231566408687633,1.18417979922049,0.119400078598215,0.849674558556887,-0.705299972267916,-1.59758898552605,2.55591334208578,-1.28631855014952,-2.89532627728053,-0.732494462165938,3.26143893562929,-2.34689314011989,-0.909705949364413,1.50169819275375,1.20445735963676,-0.761548473706354,-4.3416539076533,-0.257287199726141,-3.09585394279804,-1.59046143334145,0.584063648224437,-0.463807353302623,0.854884975926078,2.38023669139584,-1.7339476971478,-1.24114944822113,-1.25722022609902
0.904356900122532,1.08384650823273,1.41958960632305,-2.76342114567854,1.60745157087344,-0.149734198100621,-0.00724528141997181,-0.292028382102352,0.306190955187401,1.33900784689497,-0.791530036784591,0.419172296322233,-2.01094129975231,-3.34407899332184,0.838181973127148,2.6639977124262,1.78034197027264,0.5557670946914,-2.25660122327133,-1.953985831573,-0.0617534761596272,0.0672011837585269,1.45561472831308,-0.637076517089809,1.70199168099262,0.767264516449823,-0.429034275083181,-0.548786239499014,-0.282382673686986,-0.34447440743777,-1.25238660214907,-1.58230285809065,-1.2883727304143,-1.2120388052073,1.95903526166819,0.5354843742735,-0.324320311489894,-0.0389358582468796,-0.719982690093717,2.16523438234553,2.89428547179385,0.284437549489132,2.88249443813173,-0.429108113921427,0.628538538746948,1.48768068443023,-1.6744004629654,-2.23050854933133,1.1968223948106,2.58925878931359
0.120587030681957,-0.887096891646848,-1.95928205048977,0.376294461427216,-2.30877519492961,1.38117008802389,-0.17340788802558,-0.853321466721441,2.01731227774323,1.7530244823184,-0.0269085466239498,0.145027596855019,-1.17860517860689,0.601543871153402,1.05124528673244,-1.77046330261335,-1.02483056647636,0.622135585774277,-4.06327762118714,-1.5097578955672,-0.531793586366945,-0.231867312262351,1.57152300030426,1.26530049398293,-1.49021498028231,-1.56929278104467,-1.33588040272323,0.759388689778849,-0.799961107244146,-0.0183996256935678,0.716049247533388,-0.690156587042068,-2.08143085777955,0.413682189829687,0.337956581648023,0.417596683258271,0.253439427221115,3.65882195824337,-0.125890110442909,0.835291689668016,-0.554238625346184,-0.4731056576435,0.700303706473201,-1.00428959564091,-1.21903509196435,-0.8092019840017,-1.25944643861202,0.653555413647082,-0.427284243977625,-3.03642341651636
0.691152076282462,0.150779762645529,-0.0237935248170749,-0.721154558558133,-0.396863505959599,-2.3526270740865,-2.16602675470191,-2.68488988884212,-1.29682326473465,0.126137825951991,0.189760041402069,-1.66511562971174,-1.54195287046615,0.163397101038204,-0.735285815300687,-0.434033784837127,0.505133917424834,0.442248234169769,1.37179200165562,0.284257579947805,-1.60859492441932,1.4048567068858,-1.08418783506591,-1.06418516567452,0.498324393314223,0.750481156585817,-0.237448121808686,0.954284496282815,0.688369982469101,-1.16870468577974,0.053709471943652,-1.61480050074602,0.625127994124288,0.0185844102031724,-1.56454395769945,-0.482751668909555,-0.35561947557061,-2.70398562717222,3.04745719514166,-0.517201237386659,-0.364452347170871,1.58704649712941,-0.377849669297545,-0.474379573322924,1.79674442094191,-1.35552048308663,-0.145965588156584,2.13570804706804,0.246425225913056,-1.77957692711222
-0.223123333675781,-0.179099026094973,1.1665044793098,-1.91113058153728,1.75122377159672,-0.293699181258304,3.85714241845015,1.47700471049159,-1.05164831243993,0.336759961867639,-0.0584148228597312,-0.409321919204359,2.3275749066675,0.23833815698763,-1.40481223396331,-1.2351280810132,-0.237646202868866,-0.360815950877645,2.1062561297052,0.967836398738797,1.05002066445598,0.106723989256602,-1.34608794018225,-0.262989090176422,-0.221932859358981,0.156249750759432,-1.00642929958388,1.82099377436617,-0.293740604333816,1.83388264975769,0.546189738773564,2.42410750155516,1.4294604310452,1.59625394838908,-0.0610708429944825,1.02495618687559,-0.451394073450062,0.916513920224207,-0.907020219670051,1.37378291378702,-0.0785181150192454,0.508298570424214,1.21926088974778,0.988277570824039,2.6317904390179,-3.4082084569103,-0.683873288175502,2.71329609864103,0.905593842426662,-1.28401351118141
1.90521450644074,0.163257867799862,1.08662002050743,-2.10488653843939,-1.49297588776055,-0.291215337305506,-1.07127607849043,0.185529105271546,-0.0384541314029303,1.60198971511172,-0.195651481423606,-1.68466244010458,-3.08265732918692,-1.25288328064615,1.97280436569881,1.65730580342508,1.19603905108986,-0.0561462494805384,-0.679315432022261,-1.95853199142735,-0.554363244799119,-1.65960218515272,-1.03451618177994,-1.04195293214289,1.42925027284026,0.0279727088540382,0.142484236940618,0.922543916005925,-0.121204354997169,-2.25231745816998,-1.19449570152269,-1.30530257504657,0.317084832021827,-0.156054336675906,-1.10534779441983,-2.3386663030065,-0.0760362058727199,0.178917642230029,-0.711955090825146,0.262140496222237,1.99410238400981,0.218489220111484,0.25216937201391,-0.291366981797823,-0.755274668292964,0.64281887925694,-0.476574438675314,-0.488669417564535,-0.16541592548883,1.84189558986485
0.719668640383655,-0.768899438746736,-0.684415440650368,2.37072198241893,-2.11357699002183,1.56036064971652,0.173040846012184,-1.94331829857766,-0.988058732060967,-1.54457483889742,-1.57713039585622,0.551334976654338,0.597617339649807,1.7924025272237,-4.29690420507332,-0.607977293627771,-1.02362733425901,-0.0197430078796365,2.6621018495402,1.85452374295672,-0.843604166035963,1.01539160354506,1.49558336605354,-0.761140288895275,-1.60277696102576,0.330522393261618,0.762365603959824,1.3101957437152,-0.09080927148028,2.74776952077598,-0.29414275555913,1.21954623876712,0.830929515682481,-0.0560348893865182,0.684843000617231,-0.652218133085499,-1.13122293240962,0.311481808427954,-0.420637971040374,-1.07146650549339,-3.62053448718665,-1.62655545995291,-0.579080536482029,0.495545436681584,2.46826271442277,-1.9854520827951,2.16219420916729,1.36606991204123,2.28776982019145,-1.465214866891
1.06681788322733,-1.64033185542891,0.889279829053488,-0.841453742369002,1.05107025656345,0.192658097370124,-1.02521395489645,-1.83457267165636,-0.642262834128301,-0.208587231228586,-0.197498866672255,-0.500986100403318,-1.984689104419,-2.257213169247,1.08614046146841,0.79043295934876,2.45934427861989,1.51677108023241,-0.924653962907325,-1.59395044002745,1.32203941908841,-0.249283168157773,-0.0477923895831561,0.43344218629518,1.38539252811017,2.89692602748032,0.115882138442325,0.635234672502553,-0.242813287735443,-3.6425544519299,-0.378936235521016,-2.49878954831022,-0.456246706778361,1.63617257159436,-1.58579087558242,-1.74860906118843,-2.13688724841959,-1.36587958053144,1.43131857958972,-0.439663064313162,2.09025091211791,2.39863533997347,0.195851779527632,0.37004968340516,-1.07219433877865,0.710628843913639,0.0927768251158049,-1.09878056995069,-2.21853161887606,1.41010502068672
0.240061876971335,0.34476515116834,-1.54644660519067,-0.811574382696974,-0.608610209496491,1.78962530643155,-0.674250630686457,0.354557531807233,-0.109637844003097,0.148360433091883,-0.213389557953931,-2.44081502810977,-0.439557467253391,0.545696741167921,3.02948213673141,-0.185966330354462,-1.17592937031499,1.61023363786669,-3.70450006694222,0.649780846745561,0.45377329220759,-0.157087058279882,2.09980375623576,0.197610213299013,1.85246763860454,-1.62374402408219,0.126137218909768,0.78457648749056,0.715727929647173,-0.884251930846905,3.34733589875952,-0.314817430789412,-1.17730565109057,0.0855844568415248,1.09036527790786,-1.0779631682138,-0.194835077394131,1.3953859577746,2.98359568755785,2.04139161642976,2.05333478079157,-0.39014030315958,0.686387755967625,-0.138404679535034,-0.95360993135581,1.74255704800345,-0.989009027470767,-1.17465367111317,0.400449499970135,-2.14277131900403
-0.0719759857496367,0.39012749230339,-2.36363458014282,1.98624525667752,-0.540169113643011,1.63274624974155,-0.957245965403258,0.0587641368333144,2.14680049257776,-0.222139314973707,-0.286415713550712,-1.49329484190283,0.417946226915868,-1.24726643555363,2.30636578524199,-1.53285196066364,0.649551032100385,1.20493183482534,-3.95756356113748,-2.29354497622017,-0.321342538673447,0.0495953356665307,-0.306081186473126,2.32554749778075,0.422955131576808,-1.45484790844432,-0.838996983855684,0.396744130605638,-1.02212341067909,-3.02329452032144,2.36310515274485,-0.313304727144366,-0.915219053609116,-0.270484595271335,1.65874876418185,-0.444012027151097,0.309855708780986,1.09223332435814,1.12600727837862,0.992376556234645,-0.495477721527836,-1.37742164850742,0.963235590918061,-0.547354532297919,-0.492386475671036,-0.0711495375152991,-0.809126656072779,1.22705861943401,-1.69297086576701,-1.70859116350982
1.03973369030964,0.920427156474571,2.01863941827422,-1.45430367787059,0.897954748982724,1.27120296269633,-0.906997437632834,-0.58583070113998,-0.217402941943704,1.33481181528219,-2.96639546720001,0.256270043317375,-2.94523300597815,0.601737151403033,2.12052365013291,0.345538601980731,1.74865158190191,0.513481569354286,0.193006279060641,2.40043093055327,0.19670949450537,-0.55850686404465,-0.27266352125801,-0.0943153754837736,1.46919508867203,-2.1441626613496,-0.323405957643215,1.39117172813659,-0.221635079393948,-1.48034217124455,-0.168176611399986,-0.87021931621243,-1.52072663061886,0.245569565106512,-1.33679314905789,-1.88384274748704,0.623062792403281,-1.0239361862865,-0.495137696147785,-0.908021908001556,-0.442132972459625,0.723792147498366,0.812356786637327,0.0284674237369618,0.35250835062642,-0.979387622605267,-0.036915396611895,-0.28330977703207,-1.67548464925623,3.46492262675019
0.504085917644675,-0.523125338342779,-0.140966892239805,1.49039774379941,2.14828799452739,1.17530685091962,-0.624662328316226,-0.0427038894413185,0.0249285157962349,-0.294379585679025,2.75437391738687,1.30249424729365,-0.835148292258022,0.150802522215949,2.73721003205537,0.230871937599662,0.459517715965655,-0.857910554071452,-3.608690565358,-0.245211250588435,-1.36983830534722,1.82894190636214,0.819891901520392,1.57484937893812,-0.520737515841868,0.456622854848994,-0.943467258857354,0.93055472069089,-1.19701603388021,-3.79308423320348,0.468203330638343,0.248462258829648,-1.2490699400578,0.124824650642726,0.96317458898571,-1.1229138184077,0.680586829224109,1.99938728470997,-0.144921774326271,0.87968142542109,-0.740379596550863,-0.163565156673658,0.161162669496847,-0.543535211311356,-3.33030183420438,0.366859221961813,-2.04382716779605,1.14548835434162,-0.755656987384961,1.32261657622628
-1.57926862032976,-1.18044534434506,-0.325534388693446,0.735082280258248,-1.24490000320647,-0.581036072273452,-0.690874417433654,1.11158111421001,-0.518125858047416,-0.300177778735611,1.74740655993221,0.159365065390655,1.24445468417106,0.519313102562907,-2.08837908848733,-1.82621231051331,-0.627477432565396,-0.0967648370863432,0.209923210246453,-4.97096186306686,2.75788748474377,-0.281746147192011,-1.51588093049406,-0.454625186992162,1.34813529319442,-2.79982191560201,-1.01040919226012,1.10653672261451,-1.96602029986396,1.08202964897015,-2.86025063833316,-1.45562478819029,-0.199960383398631,1.60985895471976,-1.51623362426054,-0.515161848054628,3.59174978230694,-1.72497987703299,0.267415398365386,-2.57228416886596,0.760859785218134,-5.11175203156667,-3.06671782703973,-1.26979128777185,-0.687520311577427,-0.733043079493038,1.34341322901495,0.0931235821977993,-2.75096843808127,-1.48084369738896
1.7711084399601,-0.253128709465304,0.960263367702099,-0.5748629218841,-0.38015486717071,-0.741906006270181,-0.2975410090641,1.23407959848564,1.26486609802451,1.66178414976207,-1.27433358438112,0.278213211107775,1.85359136067321,-0.982708920317242,-0.915437641661269,-0.516940547252533,0.684772284980927,2.02414037439796,1.05144385726559,-0.00626995807081585,0.380842196153133,-0.683245566636494,-0.52491203357088,0.0946212405492791,1.15690431834158,-0.504327374081602,-1.52148093766181,-0.622805744233427,-0.432625826071111,2.14766923901558,-2.63590978624654,-2.35964780846623,-0.345008162730683,3.69958707217572,-1.38086163035011,-0.476808419901196,-1.31260958199563,-0.362870790466585,-1.2619725369928,0.0664551384051024,0.157563611750945,-0.203175034718042,-2.22024185819826,0.529495547620599,0.154018769116425,1.37899726505988,-1.96227026066371,-1.13270270385192,2.05171554531854,-0.118233147347336
1.38517414114452,-1.62855560071423,-0.625057603189852,-1.06879093631298,-1.42305356241702,-0.0876738473445635,2.12477643020081,1.39111274515782,0.178973530137141,0.544285802625062,0.510083157327126,1.09336345908798,2.31059422753915,-0.911907614475357,-2.69699205276803,-0.342870750820311,-1.45152254069376,-0.605950502656415,1.340851049682,-1.90498612025614,-2.0681218526986,-0.0649223044033746,-0.22105909131202,-0.379007219663795,2.62892208825391,-0.57265708181728,-0.577435675756112,0.296002648469334,-0.985140704545794,1.47772155357486,-1.13568768928632,-0.870454363570362,0.496062444087129,3.19180934407527,-0.357270449958763,-1.2599462473282,0.693255315242911,-2.65027352746138,-1.92067967479565,-2.42891579074884,0.327854230533046,-2.92741586941033,-0.720131219585689,-0.984657307873006,-1.62125991497623,2.45036324096307,0.287849074686995,-1.47575287797884,1.70386075837815,-0.143233830327977
1.20259761987628,0.451722143592191,2.5927999334986,1.70983421110528,-1.33008485555126,-0.534902361009781,-1.01469788385423,-2.50779385685594,-2.15089268535121,0.256708008991366,0.453712543167681,-0.130337996089692,-0.107526621225731,0.980286780922423,-0.45832464281169,1.35928622073471,-0.0783787271311756,-0.0828129411828164,1.53583099791481,-0.0220485121887793,-0.966821123909893,1.19619765820852,-1.22493226156935,0.115068725562398,-0.659299279970612,0.236448223481911,1.58023535951635,0.734707442446585,1.07276656451316,-0.176379279680924,-0.326994082474689,0.0259986491282252,-0.783858209066102,-2.63047728315161,0.506919680882323,0.552955221630827,1.91622097135415,-0.0907932960437889,-0.339953696841471,-1.27525757395844,0.506734090247323,1.87290867375852,1.81963547701789,-0.777699519559548,1.88627668374801,0.0199749754921568,-0.02508304108612,-0.55999384945861,0.336253748983936,-1.12402149688975
-2.15067059994816,-0.489932615761235,-2.44759486084628,0.300712911178321,0.66360499650911,0.108744744695262,-2.72221343489471,0.539913606424091,0.0865289372033257,0.0593715765435481,2.00455138858837,0.586622824828829,-0.346799038055433,-0.538943998707898,1.7468113135745,-2.25224694399721,-0.982034142078279,-0.881289024977758,-1.45467750721081,-2.7870441252033,-2.71070242892994,1.18550180253196,-1.73680188779936,-0.690333520794879,1.66456820177513,-2.12021049999983,-0.742177490533426,-0.532149744551977,0.794247269444944,-0.458015377744338,1.74581706484949,0.425039858390158,-1.42803150904947,0.0381240222939842,0.953427820440584,0.125184410905645,0.515417566642287,0.970959462859727,2.09484543995575,1.64719184797627,2.52128232794802,-0.354395144432637,1.26165393272087,0.39834012734166,-1.11493933884445,0.183921889254858,-1.58467613788713,1.35892685276499,-0.0417863843413822,-0.336302401628987
-1.9589193435804,-1.01294206928233,-0.735880810403489,0.0831588442862809,-1.50237879285225,0.822912649084253,0.470432483775174,1.88736063405776,1.39034545908486,-0.824481023588536,2.27741476771404,0.68458643374194,1.85593422285209,-1.48934654548948,-2.07272120654688,0.327320593411075,-2.56539388988653,0.784687857914214,1.36373062143409,-0.24928393528974,-0.795517482960798,-0.596787850029919,-0.0696658893638601,2.46276438948018,-0.656449139072142,0.352611779119998,0.369445563447431,-0.391018865983331,0.444180469492697,0.467893538611124,-1.51054365879957,0.576775656114476,-0.285159563138895,3.08441745975257,0.0573167471422256,1.32226916745486,1.53748564514825,-2.41572570090239,-2.77406212215346,-0.143908924962541,-1.58277076773939,1.67738460316162,-0.330285599425687,-1.08981456633109,1.98967153255248,1.40092409047504,2.30001939862164,-0.43285030316392,2.70958408269594,-0.688929391976504
-0.909753287722041,0.515652333847652,2.91246852262633,-3.36505711407012,-0.429947083734376,1.74047161533648,-1.33999651894702,1.18180748813031,-0.954504061170947,-0.0177550463210433,-0.161502527836849,0.764135746535078,-2.5264720498494,-2.89608121652682,3.00983019801514,-0.990673348657079,2.49112964052182,0.672890235236864,0.505553551060083,-0.366435704971577,0.264571087474388,0.33816650088591,-0.679358337602393,-0.362525073096799,2.25804540043311,1.02838758417695,-1.12139490090502,0.450702817223214,-0.0723013373296533,-3.75167316787824,-1.3870719686075,-0.501319973108262,0.67394213544857,0.132866507320022,0.151478970605053,-1.72436368257291,1.21830524910398,-2.75356325661337,0.727891829373827,1.79335470896653,0.566503383627192,3.14032098897435,1.25697253011325,2.27434425933536,-1.71835647144138,2.18964278816804,0.501656069346439,0.180483484764514,-0.720049469171928,3.18199702461269
-0.0930600643931508,-2.05360659185793,1.59013859636671,-0.953187732009856,1.77161281963153,-0.15523763677071,0.459425777118013,-1.60822003706442,1.23000711638334,2.55179228298986,-0.241045355485158,-0.584667752217182,-0.274687073095607,-1.73966394362148,3.42431284147084,2.21945248516489,0.694628707149334,-2.09066442484425,-3.63058541813634,0.0162621265644881,-1.8536938183795,0.116660129254728,2.49592951145857,0.638468231918077,3.09974738054697,0.657208712063446,-2.05698201342382,-1.16067086658579,-0.572126764759791,-3.1796554544227,-2.08892905108709,-0.8668589793982,0.404322235139096,2.67956905494561,0.926348748279442,-2.06992472902992,-0.54802509539751,-0.299027450063928,1.44070288787778,1.91614551825757,0.737846398663905,1.65812910382307,-0.276796234931429,2.20912025259417,-2.59943803517914,0.589943575949968,-1.44012024069542,-2.37031236655807,-0.768404391205189,1.94189099787767
0.28177928708108,0.19721471730328,-0.189306296745883,2.3860737569663,0.701841373763219,-2.13296720360748,1.02070345196109,-1.36161765102441,0.585025634883617,-0.718416720669674,-0.178720200310298,-1.84197400787104,2.44488559075467,1.23084374384904,-3.50611063555373,1.4719899255672,-1.20767837903374,-0.775354913921756,2.56530428150112,1.61388632748251,2.39516832483132,0.501889770931201,-1.95655092169549,-0.994308567352944,-0.983352308957266,0.249153073352329,1.25262424072381,1.22475372115496,1.07992777917591,1.48290893363364,-0.00856390654525196,0.51171861205823,0.354629840133199,-1.67515230231365,-1.4727586361781,1.75977270841084,-1.86419395819326,-1.70313104167478,-1.31845331251159,-1.27708299061577,-0.626693529370827,0.449273944262488,-0.176760403419084,0.669962156985066,1.68017547619951,-1.76748145044483,-0.750932944534445,-0.25422412718641,0.735075726269091,0.47706763321443
-1.90007188810785,2.33314613168172,-1.36359352769223,-0.73251863700309,3.34878133791421,-0.117400927465231,2.69483951660325,1.45937961823788,0.0396802132940209,-0.640450682236514,-0.136533022153741,0.82877054910549,2.8103080273546,-0.564961994157813,1.18859358375666,1.04129804903302,-0.75015524035667,0.349184997805968,2.03125638452489,3.55966073900404,1.86520605393283,0.344872994145209,0.834969896976112,0.451054015574072,-0.322142799972572,1.86504876127651,0.860747998363667,2.3869760094597,0.112670664745526,2.56682991390122,-1.64768163557227,0.943372894857945,-0.724006275404468,0.14426794709377,-1.26186324049074,1.56983480330659,0.0926085180614789,-0.321642047958809,-0.524878633949815,1.60780767992989,-1.00660069989048,0.277281959939935,-0.964674750838781,-0.671567889145061,0.775440608760462,-0.818463995757707,-0.187611369625524,0.294129955015801,2.89131164428414,1.74052709453861
-0.653741241770431,-1.80599638024941,0.12702608288194,-2.79819197061594,1.77753721132297,2.81685468557939,-1.30442833930369,0.850137270377329,1.47956077431354,0.437438113951067,-1.78594428629899,0.3305165524803,-2.89545904999719,-0.46475125247896,1.11885378719745,2.59725195974623,1.28021082304021,-0.944496900389002,-0.713096608621707,-0.584683949139938,-0.174704902720449,-0.109758823837732,-0.581428453207108,1.74160772856992,-1.459201534762,0.963104093870171,-1.35590971374349,-0.994948876722676,0.0740210315570965,-0.82427174321772,2.10486838159568,-2.54861208769513,-0.253330039748546,-1.01701949064064,-1.35887137611955,-0.590929991063463,-1.28021142129049,0.865912147722369,-0.00165180578876145,2.29938975043197,0.707792834320191,1.42781858022395,-0.352161365747733,-1.28128572418105,-0.544563427673023,0.953775549897876,-0.302013829736211,-0.841521965596205,-4.38664691154389,3.2397678252456
0.00652449297801164,1.63758974009961,1.35642429088274,-0.808444314916316,0.669894736203496,0.553193606980814,2.4743519636123,-0.0317438280232069,-1.13082982229264,-0.920848281698569,-0.0695272148303422,1.29142594006537,0.192906126556683,0.190588518793401,0.50737293028415,0.371708297173427,1.48413780406886,0.645451911979736,2.22742108570605,0.945127058701323,-0.0327287885947073,1.34152050036998,0.162949511880452,-0.37720600747942,-0.654182056297461,-0.418079394312544,0.411039729804042,0.770334087535797,0.974041385982522,2.41254015064344,0.479040119677508,-0.173535440825869,1.2035448982012,-1.19736556118824,-1.66576704213673,-0.996683679875494,0.790330214938177,-0.577434628928,0.346702868851083,1.56186034831565,-0.925844157762274,1.93035775497811,-1.87477752405913,0.464479177682926,0.15299130721641,-1.27195136382215,0.709345212129889,1.11887334341675,-1.18241479225766,-0.739303836828226
-3.07751245698417,-1.69223223713442,0.421264586787211,0.737246665373336,1.75155806541372,-2.11534925386153,1.96693730247086,-2.07216876239043,2.03224968185983,0.334734918321606,2.78827996265073,-1.04244156888067,3.64178269066288,2.31053771190526,-1.78058625255445,-1.21598937561369,-1.9678051956514,-0.124507128127632,0.443612342288576,-4.17705960017557,1.37480165797972,-1.39019323875702,-2.57662674673615,0.0453511250798036,1.18675811035234,-0.00879230776720587,0.790043548958503,-2.03519714972634,-1.46576279507961,0.0148340582635128,-1.00971669564462,-0.801415440910835,-0.0509945320975916,3.97798562397097,-0.264213977700555,-1.39413581609911,0.635921837244129,-1.57762879860303,0.879121213884315,-4.12158294961346,-1.05271126976746,-5.11591941217046,-3.12830736555851,-0.839196939476743,-0.862578872511744,0.320081836982042,2.75791036515213,-0.871631259881565,-0.341494413089381,-0.740704044942349
0.583847373872648,-0.396784278797899,0.655590798544005,-2.07477991399025,-0.00735063130370563,-0.897029254290857,0.957913737620682,0.100610581735917,0.212964402309541,-0.386848491793364,-0.976540602229928,-0.860331072339694,-1.8949604341161,0.984858003911377,-1.12889032518507,-0.0748560237324936,0.540418590707926,0.37908564497474,0.533498778368878,0.443502285684163,-1.42357121388244,-1.71940578862887,-1.18440565999946,-1.43235061145703,1.05498542087538,-1.22540072807464,2.72597890697785,-0.817377550949409,0.644090429869432,-1.2472895550579,1.17817106984441,-0.0680293388764068,-0.491054421844654,-1.17814009813288,0.649197281454207,-2.35698010960403,1.88466332905066,-1.35444954552428,-2.03258315879557,-2.07689604904357,0.177227730330071,1.91074914185033,1.11697271009458,-0.176823633924235,0.61386232054564,0.76548496570893,0.724203552656233,1.1292507209912,-1.7699527319263,-0.160836850351777
1.6442745908049,-1.30169815098322,0.727601990093582,-2.08542870675951,0.627649679748545,2.75954933552088,-1.77711617041842,2.29977449180132,-0.267252679756082,0.458097727581144,-1.11430774132835,-1.04348432345636,-2.63087683905334,-1.20910345968326,0.754023484018746,0.155261378726419,2.33358821243775,0.207713649121742,-0.689363294218652,-0.746227921996071,-2.40478626887668,0.308124286820412,1.57281434042012,-0.147947499940696,3.50908554458715,1.37705725998643,-2.05594207774977,1.06114772270953,-0.955684309210265,-3.50737446862363,-1.25921917356971,-2.6512825791443,0.971751108073589,0.503679958506625,1.27478304807406,-2.25398627662101,-0.29091716906029,0.416238970652822,0.790790122198313,-0.485580529590445,2.7518687662167,1.47680525616415,0.455419153414973,-0.0497908355365137,-2.49853775842724,0.944302113795151,-1.75429532705567,-0.512959117771368,-2.72770097934927,3.31622752979768
0.196523769208144,1.76401841907791,-0.0887830445001343,1.13314853331583,-0.524919468470308,1.20156302405715,0.828903836769905,0.376149789388504,-0.904878658347528,0.662706554496843,0.119899337116812,0.762438027193853,2.29384448474756,0.922063026509627,-2.01505001884083,0.377744203758764,-1.73901162171115,1.20534417571082,1.64412360508891,3.7857705903783,1.24569386855485,0.660554169473418,0.419407415703478,-0.410838847585617,-0.969806232426221,-1.55403729151141,0.612958956737523,-1.07967807775658,-0.322280904273818,1.91624815392528,1.85466670936993,1.6459314118283,-0.729742717497562,1.80532410107146,0.519920454471708,2.74460080059413,-0.935044646383682,-1.65406463433132,-1.4443908968136,0.072341854266726,0.096781060306323,0.484592262173572,-0.233822856303534,1.01125749827183,1.21231580685544,-2.73496102196077,-1.48386498629864,2.05623373755417,1.52657093546492,0.725678932999913
1.47064084902016,0.245374221890783,1.22716089563748,-2.57738123416045,1.12251008986973,0.650937060540171,-0.92820871131672,1.23757566119522,-0.164288612799043,-1.37452086950703,-0.383345425154691,1.92949741563685,-1.05019629004638,-0.0424018134841781,2.56653508977278,2.04980876902045,2.24843682402224,-0.7372684634627,-1.09995539173025,-0.615369750978834,-1.65186458107998,0.172467436751244,1.69163828853518,0.0657282591449992,1.50872549629911,0.54581435835612,-1.44726851242503,-0.367835472117661,-2.3237477971207,-2.10616902924511,-1.73890255336101,-1.15079791827753,-1.02588992438096,1.28239879423314,-0.892689842208247,-1.95426222262159,1.51352871660377,-2.09267083832747,1.33617725124424,0.788673381887962,1.68017568426666,1.49868414203936,-0.254549127508835,-1.20875551263049,-1.50696842591254,0.0240532761048795,-2.8015684951309,-1.79503151719501,-1.40590906674305,1.85816431429751
-1.5514113041289,0.605039597519991,0.384855310970513,0.379886616400814,-0.358480821761781,-1.12659694827078,0.493863819117707,0.106185432923769,-2.11216670150998,-0.116709831279019,-1.58654008251723,0.511131692019575,1.3885446918815,0.948033208662318,-0.10912143207332,1.00257542462512,-0.565312822995232,-0.322428126242292,3.07248931108019,0.787293057681005,1.43441913830979,-0.417402154841368,-0.731009841088114,0.888446550036685,-1.83497226152984,0.920447028624098,3.11577589328655,-0.754699859418939,-0.445727030538203,2.43316296905499,-0.309050534070917,1.78274652739645,1.31826317572172,2.04134232352786,-1.15026009909322,0.412419971471884,-1.02978602423238,1.85503194666534,-1.14739590115706,1.66859022079717,-0.500866467932862,1.37389565222992,-1.39901403571626,1.5158465177274,1.12401569054576,-2.85796511648594,-1.70554645437607,-0.347012754195911,2.00565671339848,-0.682636799830616
-1.54176766364584,0.586679957679369,1.38237964062112,1.28190082042743,-0.829294988632369,-1.07190766788324,2.18705196677042,0.577855118662149,3.29276692846226,0.952035371783452,0.332130971427672,0.244459844538932,2.53016606112914,-0.0994715282622501,-2.25750696700956,-2.51340247579475,-1.76976714620155,-0.184858799680434,0.714332986071354,-0.589879912502171,0.850804759713769,0.126159631144388,-1.62083076435225,2.45236383674619,2.87812385281148,0.377129569354065,-1.24436845509443,-1.59209477469231,-0.075524994080422,0.304866472640748,-1.12489837325387,-0.191280949361221,1.16868909188889,3.1238990239176,0.0263377965526455,0.97871347224233,1.41085186669561,-0.166117414490291,-3.9442829327253,-3.23141665367156,-1.33327429641632,-3.27072580930889,-0.704733754527305,-0.753287231006663,-0.378382054647969,1.72229959055739,-0.610612612411925,-2.95979987126066,0.223769782153437,-0.594998217148659
-0.263503746184131,0.139460849275403,-0.157359407719417,0.360829683529192,1.68558103954192,1.14296651251628,3.25354013252488,1.40236860253729,1.00358215586509,-0.475205676242601,-0.279156767369577,0.424707252323579,1.61717649820316,0.362034810408504,-1.90635584653569,0.873124357418501,0.238012309340083,0.296831146702896,0.0511222049321021,-0.596974930624545,0.578078603823074,-1.51776460891039,-0.0960610600324024,0.633097856225435,-0.098730789993278,1.15039370472706,1.27916012446421,-1.29052314676115,-2.2962532757397,-1.11653667882303,1.52695977193743,0.573632728684653,1.36319052390595,1.29927413350504,-1.87531047894227,2.29088732436504,1.28624699859868,-0.552444896045838,-1.34704100705131,-0.576831853018269,-2.41702325789592,1.13465222567646,-0.826429792811044,1.02524205801673,1.67428398623932,-2.26753129082994,0.272591500240547,-0.684491845637899,2.41297844830103,-0.514446984064312
-0.339567439568272,-0.533403957882623,-0.512028746902577,0.390465845504226,-1.02686467363078,0.493193859845476,2.01769841698025,1.24064108285295,-0.0989503446814165,-1.46954801606565,1.79191252349053,1.67361336474472,2.22883487786594,-0.410382517465526,-1.8859407505731,-1.56217940587775,-0.922045424799504,1.24346947284071,-1.30316928822823,1.40386542799291,-0.375425816926925,0.464548803071826,-0.213568521571527,-0.694413266140857,0.95118327514575,0.186846050481572,1.38649534367914,0.00430918314055903,0.889887340313869,2.93623478672743,-1.9729074559965,-0.521650859287495,2.61711319068869,1.43274729744869,0.812322285515009,2.91360864196893,-1.25286484026474,-0.340881468072924,-2.22503704524121,1.48067919099817,-0.860250660927011,-1.48609239209743,0.731861921897127,1.26513868361413,-0.430279128949421,-0.837143141627187,0.442444239082996,0.717653472297985,2.65114313070367,-0.570108555114463
0.352596676638282,-2.2201010180957,0.118027445517602,-2.83143315800254,-0.0548351621782392,1.47498252779299,-1.44376435542667,1.2211414326905,1.0678474864454,-0.0171238968063581,0.627496089990569,0.518876347957266,-1.05021496853158,-0.984463225151128,2.84647507361736,1.63492760293175,1.85754392368323,-1.53596539608029,-1.63312975096011,-1.12940334897598,-1.23643039750955,0.889668216601358,0.235351845695195,-0.23854182601983,0.98342004457771,1.65817194727549,-0.70144382343309,-0.609245498843675,-1.37170251334277,-2.19579390044577,-0.729561655517571,-1.44179579270638,-0.235813570280153,0.454519266822951,-0.911000006089914,-0.559191302192947,-0.116843219694076,-0.910879252456636,0.912913241634998,0.510319882936099,2.55674271944247,1.09049588645356,-0.648852399731032,2.09004813679143,-1.06984741842043,0.0168580721954292,-2.63716788610657,-0.145624770293907,-0.727487553997049,1.83959110698377
2.66688660359821,-0.558913945771879,1.10937319514702,-3.13978885357249,1.30580132914147,-0.187946723460669,0.476687082036836,-1.29624844350582,0.826985562646655,2.92548707744945,-1.80772611670116,-0.628950241269689,-4.102536222864,-1.3595953439861,-0.294154044438297,-0.427262328859319,2.00317501223459,1.17085197566766,-2.65223885643814,-0.837211462523367,1.62323280602096,1.04986452158166,1.79214588369664,0.294478621033196,-0.00950650753572602,-1.41982571536701,-2.3613754037067,-0.434063590140707,-1.05088031849365,-1.98430341803062,-0.920775282565074,-1.75005910553578,0.593051994819428,0.490674001542249,-0.649167082297164,0.856895673042531,2.14353539611347,-2.26493244216441,1.39985282122583,0.119524860550964,0.88517001688728,1.62192205442217,1.63657255524478,-2.88198801946806,-2.65908285169056,0.909669666663892,-0.0459025853611655,0.973351872406721,-0.0341306318339588,2.35689930344224
3.51499945373126,0.488875502047939,1.62160639076686,1.20114127852406,-0.621587871765327,-1.7575321480341,-1.64551995060054,-2.03011196654698,-0.496954518882548,1.04810784679826,0.411430282323842,-1.9494191165645,-0.807600148107181,0.107399237482781,0.642793019497384,0.647042282317292,0.973629593523364,1.0275571107725,1.46568205339839,1.94633456494232,-0.378677596882854,0.10973218753408,-1.42398166080496,-0.35170131766804,-0.096429878567404,-0.0105320354523278,-0.194567266881695,-0.19562742692004,1.10714717854691,-0.482046042921268,0.92979906440408,-1.55026124109608,0.273054951341114,-1.58904176880774,0.290393495032588,-1.79605431178016,-0.825049667643886,-0.30478114355504,-0.189809373201573,-1.02854341874952,-0.666874390211823,-0.255159970427917,0.940443284833973,-1.22053830017983,0.0623573493405562,0.599473894977165,1.91954084995628,0.212196294848051,1.75190191968273,0.268667372546742
0.281415119259093,1.3009821375768,0.540306207436164,0.836609392682069,-0.989767667064462,-0.263346039638826,-0.328722412507381,-1.61475822846549,-0.386503672919105,0.71930240749932,2.31555456400545,-0.575882359105818,0.456513623276909,0.251047828995725,-1.6585029244752,0.235220074273085,-1.6607810009519,-2.64250512934417,3.47391587646395,1.69102753267648,1.10146593545257,-0.900202362179149,-1.17360859173387,-1.10273923816863,0.051943600206838,-0.518134652260744,1.14929604818681,-1.28822839042032,0.964282468802299,-0.598068206516127,1.85360381421249,1.58049931405729,-1.51206651687109,-0.370976468646751,0.296359867503837,1.09115745277263,0.524996273671154,-2.88942286519223,0.793167008699816,0.835186359877001,1.08300863403312,-0.874604616110649,-0.762245337142901,0.763711255508335,1.28367008689377,-1.94006862132655,-0.2215787923179,0.440035276176767,0.586946427387788,-0.687716684762614
-1.97259920540538,-1.53871442026363,1.0658135800479,1.08976403339917,2.00087832234684,-0.397950294141901,1.7904071229709,-0.240388690642033,1.48701810474895,0.737943748769208,3.34826104685792,-1.37308800205034,1.63811965128519,2.09939070638969,-2.69203509364966,-0.444822532208028,-1.19687447112306,0.5786059495671,0.482790416499489,-1.99855031236891,-0.858382931331341,-0.643448568206002,-1.34314194253487,0.160488147628242,1.67003754989431,-0.591093619270781,-0.97887697314098,-1.25554370544195,-0.93840302077093,0.746975316301581,-2.21134748452335,-0.647825611992545,-0.153412722077283,3.692729203858,0.466905773191296,-0.782113733903965,1.11042912008433,-0.509384565439623,-0.367576661519325,-3.1701113565114,1.29192485756603,-4.14470818326093,-1.27504025893011,1.47160585424571,-0.766141146103166,0.949855146971468,2.65640010499262,-1.9784779249695,0.846955770095265,0.369190514078651
-0.888617043106713,-0.0918237649280452,0.102967240428945,1.29442526424196,-0.310234688761521,-0.0706510181399194,1.8083952899762,1.76586878050486,-0.312943693528708,-0.0889305801171816,0.486429029855004,-0.215654903348635,2.61809925153183,-0.929738339112723,1.54136422298314,-1.68769894137151,-2.72718519057565,-1.37326842136268,1.10862182817043,1.55696203772746,-0.179317149273424,0.498688683330765,-0.0276957661071663,0.782592636622835,0.212343935162782,1.12957375263886,-1.30574300197746,0.890846628487051,1.20076793223611,3.02146769358126,-2.22544138732524,0.0371139456916138,0.579649369715861,1.99650409765222,-0.942525011168592,3.19917036364536,-1.75673194258837,1.0884173457556,-2.59042195716521,0.573385269537869,-2.11097724186287,1.91825830955214,-0.826163143037668,1.60381410986719,-2.2635540824006,-1.02717464693458,-1.55268765238503,0.186891585081385,0.745435798032033,-0.330403652957028
-0.424636522691614,1.82728874413864,1.13703462823888,2.28604766695242,1.15833081703826,-1.70619908391512,1.67424529324079,-1.53747877288877,-1.67551351913079,-2.30661359093517,-0.00547976298990786,0.179967201852306,2.23097216153612,0.796129626693938,-1.53094709714655,-0.0988766533697344,-2.11914893800434,0.705526958237388,-0.0616220575660402,2.9305843562466,1.04252947306478,0.445375798662433,0.205819392073778,0.0953915590631594,-2.12474421254927,-1.21880852420543,1.67115632870909,0.944675025315975,-0.234097167144434,2.20754373003378,-0.487251705324585,2.33060843760585,-1.3305640816888,-0.00257738662045881,-1.76240679426287,1.54190178369964,-0.418649865596893,-0.62285573056578,0.631519092267431,1.21040717028269,0.0377725316742445,0.51271114434243,0.551293632545884,1.66825234633587,3.23637017987473,-0.578388413780974,-0.652486810410462,-0.523322449758054,2.05599980945155,-1.12887392572684
0.588962616903616,-0.268855061330179,0.784171913618762,-0.785931236696717,0.174729960540591,2.07349272745549,-0.997297700089255,1.26142433396484,0.741615847535819,-0.430096333380976,-1.9776278248049,0.750970819345946,-2.7627918832341,0.253160655930321,2.51230076189481,2.79439850045409,2.13276425572568,0.0855368836263522,-2.20798391277819,-1.0408534823919,-1.33649050032099,0.334829222130844,1.96599923720775,-2.41203024942498,2.15425209896241,0.0677028416772222,-1.04651019933384,-1.47280119640332,-1.12350506600801,-2.36491342405946,-1.35365809818945,-3.08248814367725,-0.605183255078868,1.76006356204735,0.731819785549304,-0.673087608921253,1.37928340390006,-2.99623927324959,1.41149259513028,0.586133426890347,0.403344730369485,1.8754145345089,0.576416356177961,-0.756267249984731,-1.89205383294175,0.741653791843569,-1.43889717472895,-1.06869135904306,-2.32719738199072,2.7661981423031
2.61385154395663,0.445999915614647,0.576856213520618,-2.15142243564128,1.1989941307782,0.323131864749738,-1.93429135224986,-2.34982220939643,-3.28503301344324,2.62423774177767,-2.78547823678661,-2.69372046127288,-0.457719334196621,-1.31757483243676,1.04585026176065,-0.35215846743352,2.13141654035586,0.239968740682586,-0.462243083532062,0.232783950132924,-0.405637682464063,0.126128756465186,-0.238681687348778,-0.575051221477979,2.97178760952415,0.788602719237696,2.22747237669182,-0.190933479172933,-0.288442216648058,-0.454356176698822,0.191757461500658,-0.798275285132005,0.0232668422218204,-1.66819713021177,-0.416010028550245,-2.7656482169367,0.916624173453207,-3.34974300457783,-0.470657175246588,-1.12159306369271,1.0248411375147,2.39838187465142,1.72903439838069,2.71991420266628,-0.263067509753308,1.32657473870537,0.936680527506458,-0.460132836833836,-1.47843427878544,1.09512832750595
-1.12341627816045,0.895001131753169,-0.335975541922902,-0.259012213008315,1.54112227235801,-0.360920362569531,-0.153067585050378,1.1673577609046,-0.545552293309998,0.53444584827925,-1.44636845855222,-0.820154311545151,2.57569007375648,-0.467774114467543,-0.678468981337677,1.69555213098671,-0.893659657587425,1.1961083054378,-0.382499118721426,1.02758466932198,1.58721858843856,1.07449642198809,0.823309615250779,-1.31678032664003,-0.813405745663808,0.026467508622278,1.24162345890741,-0.429393823125382,-1.09021079997576,1.72168302521824,-0.174724424541118,3.98628262070546,0.0534535313659406,1.12637613136626,-0.430526032895069,2.53269812694912,0.384523812330431,-0.290344173041329,-2.45593322033121,0.601362037694273,-1.41675659445757,1.42512474695605,-0.890105631889634,-0.0398777269454736,0.12079534145165,-0.918913440637277,0.98288627651436,-0.157028814055209,0.275660578968287,-0.907345234947421
0.622916159715256,-0.306793153592654,-3.07156398524953,-1.64731152617798,-2.56667192935827,-0.123795282621242,-1.378497907683,1.164043076566,-0.0823835770931712,1.99718469632841,0.520108608082421,0.685029658552971,-0.280998620141164,2.95078765096598,-0.759458366098549,-0.333843409536619,-0.465186189999074,-5.76455924802395,-1.42917200821117,1.1983630742026,1.75538808824377,0.418355923812384,-1.809608878335,-2.4937140963374,-1.07566451363747,1.05450020302685,-1.19000311326336,1.23559554373708,-0.422179041231195,-1.85686983702085,2.34874929693938,2.89701691509856,0.440633922867439,-3.49291271729595,0.717839363021651,0.78893710591226,2.63317260573843,2.70862953853435,1.02717876840078,-1.48515947023059,0.92960061930681,-0.0740962344091386,-0.259479745119424,0.0285043245230343,1.49171048646327,2.73775091112404,-1.21461048257398,2.00915476589069,-1.68309518660632,0.946627904714918
-0.0656311275455925,-0.209605303230711,-0.917937213242903,1.32816285144429,1.65692991113479,3.80199367176155,-0.107341879407704,-0.450010932739049,0.815675464501147,-0.288500395207728,-0.304805342325171,-2.0178256856666,-1.22856271427606,-0.281405894813294,2.63542005499422,0.556867235131565,-2.19039334498846,0.199775886456505,-3.41010671966985,-2.41737492051074,-2.08360312467817,0.484158627515777,-0.0435269138528396,-0.688142787436798,0.571626555762182,0.546145778177564,-0.825909921053447,1.07528860296435,-0.158963662531224,-1.95712124099574,0.708717459498683,0.766905634652787,-0.578160748847061,0.832976975447905,1.42653205303336,0.0747757771499463,-0.533127442721749,1.35078783319974,2.8599897834966,0.23065334035036,1.40779717184775,-1.29528044700483,-1.10376565221733,-1.49170010393886,0.343221659032029,0.699634674185201,-1.72610958048728,-2.47982251144651,0.174769099205745,-1.79945102519866
1.28825275420599,0.917929984062946,-1.24784756560981,0.877991568598039,-1.40063564817712,0.882031256243298,-2.02105554853695,-1.43562943281256,1.34337671011503,0.541823697784414,1.49979525717922,-0.990401323008051,-0.0238558685673905,1.14501824844663,0.297767602406951,-0.189889422769436,-1.23616943304131,-0.380900983939079,-1.62681038918372,-0.225714914605391,0.197319413247066,-0.793486261138458,0.502406647738516,0.623447389448906,-2.03217383333401,-1.74216324641797,-0.47464175639026,0.486964295230448,-0.744386378825234,-1.35717014583451,2.06186272053253,0.703815150962241,0.264629178343707,0.0156420175685918,1.51919326898597,-0.0123309642122561,-0.611682691184075,3.85535138719353,-0.846936419973995,-0.660295133846049,0.416411055121442,-1.4787047631096,-0.312323307371865,-0.693890685701389,1.08085035784419,-0.716121872173854,0.166787427170929,0.294169659222364,-0.704843343453486,-1.1982432493245
1.52649580585299,-0.603570681772666,0.5185704501635,-2.06409108625971,-0.038689289124945,-0.404883164503181,-0.0226981165021073,0.275304257457829,-1.28660720441354,1.62163453407472,-0.838309508741904,0.470424591764241,-2.94884136795396,0.0388957079689595,1.83575315426206,0.95023303562688,1.21122973580344,-0.233431424231927,-0.806683231238389,-0.340655950965225,-2.09226731914044,1.27862745250162,2.42411464867569,-0.851322283361984,1.50471426749829,-0.241760050401035,0.810742400245693,0.344533052643417,0.756625413370647,0.514267626838065,-0.101814123778852,0.0990612524993633,0.503414922487947,-0.402494690019891,-0.378564606217299,-0.990636028931842,1.50265792698265,-0.890873984151793,-1.22773604219082,1.56013093691532,0.141790422331538,1.62725968624959,0.214528724254458,0.487594126645172,-1.17179928296733,1.89379056544475,0.854106458230808,0.379424630052505,-3.40851078161261,0.106299030743397
0.52593028680889,-1.59719773655813,-0.853922833142081,-1.11269216877756,0.306595366752723,-1.84146352009562,1.01402329072018,-0.567475092482887,0.834025039350107,1.48189865077099,0.452490756482034,0.834406121424072,-1.95363283652721,-2.93076514577164,3.79023828336823,0.731950687975623,3.4717626986689,-0.686709943633738,-3.14329022386978,0.0245617279493157,0.234352590699122,0.270218267505136,-1.63343137668369,-0.760159057419018,0.0850768081632763,1.35096177648052,-0.236380060356274,-0.31532284728553,-1.59326916492109,-1.78970012537103,0.63591319936464,-0.710433538554781,0.231056540468082,1.18188387217372,-0.417410941661027,0.268245967903483,-0.251259884972858,-1.15970109167821,-0.0342617136804698,2.36236946224342,1.48647403992801,0.264886327560425,0.321634755443358,0.127319870543394,-3.22761265956463,0.811873907868234,-1.43250216127203,-0.452324209849073,-0.747055579760183,1.13689213114843
-0.872948491552853,-0.114898191535926,-1.85515898108484,0.369999313711083,-0.94377896612938,0.0508913030437449,-1.90925783407049,0.684487672954661,0.733500931702901,2.19124572665861,-0.899202882069627,-2.49532232066084,-1.22034181960272,1.14809929310503,0.0559852316150073,-3.57069409914364,-1.915080368383,-4.4159061088055,-0.93884471887902,0.188945626390749,0.972161596562333,-0.561026439792816,-0.0527100309015901,0.839935863302495,-0.82576081922603,-1.51264980752071,-1.58890808141779,-0.224296219752443,-0.252948047331934,-1.65959415320849,2.91583141949417,1.72024190337577,-1.75454546708345,-2.25576709735462,1.92706608629506,1.34608675589658,0.387113448320198,3.90211035127358,1.76636118460318,-1.16462166868475,0.799394006226288,-0.445281459451334,-0.472015845528195,2.39407273100747,0.102159387100261,1.50326767891904,0.589150233374492,0.242128227513428,-2.01169853644028,-1.06865874099623
-0.2347720879635,1.86137447278382,0.879211466232061,1.8988734182385,-0.0654433598909346,-0.536819350701945,0.628940082080683,-0.452698254804827,-0.857894766051256,1.69590682029611,-0.461826769246279,2.59271379529452,2.4480966263534,-1.00304360837091,0.163686015793792,1.66270059857379,-1.59973354174784,1.17584711719879,2.35850267369745,2.22586408397164,0.868014022823127,0.347100785877975,2.86436206380743,-0.708584313613915,0.351589480234642,1.25985490389711,1.05562325386132,0.174187563144201,1.21810853108353,1.56069998909643,0.534377837184292,0.273091079463015,0.940684730301576,-0.655411528114977,-1.33325379492018,0.879033903033971,-1.29139313937843,1.62891419159351,0.833352945860748,-0.0380495568195017,-0.951910360260682,0.988311579653776,1.36523424358609,-0.228938761104313,1.02835381310256,0.720457056054891,1.30034731953606,0.189620860575288,0.991883773568305,-0.0512229506341612
-0.214763081881628,-0.45334694499222,-1.16288813688624,-0.497022633326524,0.303423701873627,0.362457099494454,-0.10680567575692,0.961880038282318,-1.45172497130402,-1.31080875923785,-1.34680449682123,0.0168491209585821,1.95404616898145,0.866015547057916,0.0618360715087715,1.10976972356615,-1.75432635353455,0.640590091372961,2.67616538451387,1.24879145551147,-1.53797341225833,0.105933386953322,-0.200997063812824,0.322493219626475,-1.08756750998273,1.20162947572605,2.06670379302616,0.343690307185834,-0.640913782033885,3.17820139187324,0.166315791488898,1.06634291715383,0.930450626568809,-0.879958792240081,0.223910383114703,0.202733839698689,-0.266322101488995,-0.313857598820372,-0.92103184551676,-1.59157342215967,-2.68617153950455,-0.357234530597764,-0.933289401792855,0.838245959289709,0.624269692675374,-0.82623577447081,1.37355754008174,1.02226690852591,1.59847439206543,-0.991514095352793
1.14233925225695,0.271981284978585,-2.69278461771662,-0.373026590173378,-0.670599938686968,1.2674065029892,-2.24610672640245,1.13509230655678,0.589982161270465,0.440488957630965,-1.14944448566794,-0.0953397417399617,0.270290976077682,0.765656761693505,-1.23055766666073,-3.30321303502554,-2.67054807996929,-0.675592789748735,-1.85807227422517,-2.0572192506708,0.941472136580587,-0.293868329677907,0.00217855209418771,1.19752432130641,-0.308926986231003,-2.75066670535816,-0.591464162153336,-0.583442801064639,-0.373427556527827,-2.14865330721219,1.50941424298236,3.84598149771905,-0.606984888102144,-0.756017750564959,1.84644241837143,0.6159214630601,-1.52961029705349,2.55448140914209,0.567095037034281,-0.411464672800754,0.34992167143122,-1.38467397528444,0.0793546344516098,0.654079050879266,-0.0142856694094588,1.46728756514602,-0.725046276367975,2.64687591804202,0.502108295133247,-0.111098485131583
0.0625492065008549,1.90868653019288,-0.276290582875558,3.14973947898326,-1.00090322969129,-2.71221441945661,-0.951335403773727,-1.53180684312104,2.33104084945112,-1.4974737975825,1.24055891726198,-1.74909953952106,0.155952317989335,-1.8743369947122,-2.40945894934229,0.605110569232357,0.0500414095551309,-1.15546333628633,1.6322199420565,0.575153788793358,0.108313329280119,-0.577365024685415,0.662320405013867,-0.0444604504652953,-1.87247562460325,1.2064286819024,-0.771022311001187,-0.542618173267938,0.571802147830021,2.20107106448127,0.870750026587205,1.24850422799143,0.135671217709125,-2.33556927237178,-0.0619130001816555,-0.0821318671825525,-0.915730135530037,-1.00088187245183,2.05670236884953,0.324024446763973,0.283337478752777,0.865225266073044,1.71259168718345,0.411829677771961,-0.263746178128252,-0.112896488279713,1.0710945245992,0.0318550339171628,0.510249451045511,-2.98843314448657
2.17380824520921,0.911904905822661,2.14342178960157,-0.364104384954754,0.509026919540049,0.483846409614776,-0.643465007625667,-0.284148377316421,0.656837658861366,0.81156296615202,0.319353191028467,-0.206053930834274,-3.49415168004306,-1.35812510854724,0.201899170123985,-1.76341507631327,1.93363740334845,-0.359131646502133,0.683979961186197,0.843805637759693,-0.819491826513775,-0.354362437499534,-0.118514864579683,-0.195109398817936,1.16382348841601,0.483881857376894,-1.07843995422136,-1.00054249889793,0.838601650678764,-1.63658711300789,0.773270671029111,0.672410330421771,0.206139245094809,-0.544864913532351,0.995346073450992,0.505178931263075,0.746482763729242,-0.243141303730925,0.0484476930258677,0.899507917623509,-0.387126160598555,1.49070082723061,0.733790394059346,0.113200402099064,0.458722005044242,1.0712783130378,-0.581134335489308,0.975126612950711,-0.875387072554278,1.83524343084965
2.62223878849675,-0.394715174037639,0.815345897390077,-4.12865636526947,1.44923853226367,0.612579323948112,-1.45660500499287,-0.767966137072138,0.135503893270999,0.697636264671471,-3.48854213566388,-1.08654803842897,-1.68473332442072,-2.27782585395843,1.30504585531451,1.592254746336,2.05939376634226,1.4275078402739,-1.29237516641029,-2.16856416703399,0.424562373839608,0.950532885988734,-1.03524151074098,0.926622910249712,0.36895991781458,0.689029283587589,-0.54851450553881,1.14932768679175,1.85379578533667,-2.82882436763176,-0.868722782397238,-2.57530764202668,1.76170531695869,-0.604765642635088,-0.218737794382998,-3.46419419246888,-0.685045854306106,0.490499722732941,0.42113914620439,0.154449945272425,0.882571518516739,1.39856422764655,2.3278402430359,0.47095827604954,-0.342949298730276,1.96262437530985,0.0725230127513309,1.45454031278413,-2.14107351097502,3.66426256181905
-1.34280312168674,0.831481567941234,-0.143865000798472,0.103467338198883,1.65666348557161,-0.880126948355426,0.44786606090265,-0.945162963654271,-0.980097061356015,-0.340151051420629,-0.507055323102241,-0.883163011038773,0.176056595200373,-0.371502976549567,0.32044908093409,1.07205689665775,0.0996369718009272,0.924997445091497,1.69781433020936,1.28137473209195,-0.0579973051048236,-2.33106673426768,0.440367756540668,0.296723990725913,-0.689239596148536,-0.074440870514381,1.69585832820312,-1.2005798106955,-0.847330857682407,2.9993086489817,0.347036221076817,-0.0133346715097711,-0.99357638662104,-0.464879512190553,-2.05649050568913,1.87613068937517,-0.975935803618485,0.347580186777141,-1.30012100354241,0.742731266400059,-2.45968308442938,-0.467301334201696,-0.263655810955133,0.526128731779469,0.84053378844103,-0.833157615807139,-0.563621489968539,0.842941512041653,0.624097093142105,-1.33322374552019
-0.359658380853302,1.52656971564217,-0.809880484902145,0.402941945734596,-0.404514256195456,-0.282630918487231,1.60401133457878,0.739827914787211,0.480586299418288,0.636177042828371,-0.0120489422078864,0.665051514107881,1.54306337893818,0.310804989853199,-1.72806065848639,1.04910253593872,-2.70337060271737,1.49095235371341,0.93681008127187,3.04806536472875,1.31778203194368,0.511217435781854,0.385995385540588,0.403614383280458,-0.929302570901334,1.35088102736138,3.04151685945454,-0.289172113918893,-2.46160589425332,2.37789583068973,0.218336597266951,0.00989938985462537,0.327608292255734,0.469740044435644,-1.29988144398293,1.86724154236652,-0.711928270243942,0.62484811981301,-1.52850777706502,-0.011001755116549,-2.18331885748221,0.969306736393539,0.596325722081284,0.370387074483151,1.16012043039708,-0.349994147960764,0.384579789150179,-1.28974700023695,3.12499886899915,-0.115809006596847
0.191819064634311,-0.654947429959045,0.0646591894781694,2.14217430302468,1.23705805828281,0.291528989927616,-1.53101048403255,-0.219231818716473,1.78426023435304,-1.78713152321124,0.257123570271517,-0.0871899380827973,-0.542333593818635,-0.638296165900278,2.72753883987649,0.93916797381525,0.235177500913726,-0.356132864907412,-2.91131097296559,-0.33745972039977,-0.214717493151476,0.262775815070919,1.23127434731536,0.565963984225352,0.757295902228302,-1.62035249195605,1.99147298928074,0.584493303964047,-1.097770342655,-2.92685436148093,-0.668677924596437,0.664362889318617,-3.03920767501384,0.0861914652553116,0.528985600095667,-1.08829302904963,1.07142976685838,2.55204719774428,3.05219607274886,1.54215043981074,0.632824240478997,-0.466026220942176,-0.0336337133998664,-1.35495421185124,-0.49637530862717,0.757202881630156,-1.6657354391796,1.20918004011777,-1.87481822638255,-0.811683733534886
-1.73555957587277,-0.406959513969672,0.141605465610356,0.860323872708893,0.367958279202972,-1.23712662710305,-0.710605563371201,-3.04867225789862,-0.991226274484671,-0.843528099658059,-2.40394116154065,-0.442450556934887,1.29282006791336,0.453051999590042,-1.16759220252192,1.55105359477817,-1.5806676024369,1.74839445594883,2.49944785187424,0.555285719557014,1.65701632489362,-0.16576964073337,-2.47979600422682,-0.263862935471625,-0.362650674341459,-0.262141758923503,0.798499214482763,-0.615553355570676,1.48095165781637,1.06631612443323,1.95892073752203,1.25681671517987,1.58676868714439,0.145677049336768,1.45266644699631,-0.189031402977819,0.6593375692987,-1.35021080741855,-2.37337293319446,-0.629538466658403,-0.588355460648665,0.723104703606249,1.37390593758071,-1.10869569498474,-1.47968826256882,0.93501712073809,-0.186779083138913,1.92091066111825,1.82951481851377,-1.87120093668826
-0.426805457071334,-1.55067130678483,-0.893170471527325,-1.45776731351573,0.683228391896944,0.265990597364117,2.64213429059573,0.370471516148218,1.7010945124056,0.848872276726885,2.91065795051762,0.789026758660235,1.62404304370855,2.52374352752687,-3.39320881677881,-1.52536302892809,0.054325701260059,1.92731628477254,-0.731496031654456,-2.62757675634358,2.47362893608493,-2.01432985197796,-3.13219017911809,0.0834356352562493,1.85513619459029,-0.132913716520357,-0.0929019822588359,-0.410541423671546,-1.36576569718562,1.65052908269783,-2.56307100712496,0.583136185122163,-0.242057094208414,3.38781886623212,-0.672286856969072,-0.429311977541774,1.75929259685558,1.50258927412229,-1.6758318519207,-3.58583924755515,1.83981493005973,-3.63571752623261,-2.42107964283185,-0.142240431616179,0.287318228405363,0.512814084213037,3.11855551382016,-0.0193838611645805,-2.03306571069281,-0.541455179168686
-1.50100284197953,-1.48112799933151,-0.188996460023018,0.0642105822335493,1.4051687184842,0.35901300028077,1.24550967400984,0.338488197399649,1.10432235703615,1.84248737583031,-0.806498255321476,-1.42617522405346,0.443319528917057,1.76063384098946,1.38714988989632,0.404088931391457,1.81299900812262,0.735798157449956,-2.04093596329752,-3.12011870455266,0.288362392119819,-0.0173827138614093,1.15673570042313,1.04515872850185,1.31074652246391,-0.747370676949801,-0.825201771431179,-0.537892132293285,-0.263091934556583,-1.59817951086576,1.33394270198827,-0.553296215064241,-0.487341070343531,0.726383357519223,-0.110942531134215,-0.663201824169826,1.47881808830186,2.5693821336813,1.77335704423414,1.91907397627101,0.97531297215386,-1.29200651850786,-0.709001198305361,0.413778085114496,-2.25373727434385,2.05885883431093,-2.59122423149055,-0.503990292889217,-0.209874516020146,-0.0109409405560214
0.137089646543999,0.138484030856106,-0.250998153751159,-1.06838512404975,0.7716602643875,-0.671013121501758,-0.710955909625572,0.458813229104609,0.95421227006649,-1.02125082843756,-1.56040965681613,-1.22255687590089,-0.950091289337366,-2.47779857612766,2.66243941045596,0.944514592986944,1.19589129449108,0.0198390673189273,-2.53864045995135,-0.263830999754132,0.407512556527334,-0.604881700120239,0.639327114033607,-0.423931887840121,0.354047232733971,-0.481601547688191,-1.02384775848703,-0.0985502581150377,-0.93398162231117,-1.21889947507087,0.701014366874875,0.122390708049122,-0.74583473530102,0.0705799493789793,-0.95837164379194,-2.02754277794947,0.460390923885207,0.743601079975066,-0.291525431088166,1.24847744801242,1.98968952419123,0.862351416173516,0.157183767941208,-1.8360649080701,-0.749515284752861,0.500634648314505,-2.1486734098916,0.992322087532347,-0.399406437702935,0.429706687141119
1.30531602573376,3.00380096710326,0.228311782462785,2.17263752113922,2.31811245067402,0.52873364313279,0.423519557236936,0.857146394482098,-2.86312000144475,-0.771317010362822,1.55559013474076,-0.150813897565466,0.735066197900177,-1.71162247913795,0.227682864733089,0.212430580478591,-2.70121689962173,0.651425218754566,2.57489228065558,1.85834277601917,-0.642600231839353,-0.959894401342607,1.20631302543297,0.122422570744558,-1.076411778736,-0.0893823925391894,0.109751934139557,0.16317571730172,0.250580462245087,3.15018535562939,-0.722601017422074,2.65212259493662,-0.565856258707936,1.63258826448998,-1.35723225996115,1.39695985752076,-0.691959127688635,-1.76220947721242,-0.46094671659614,-1.05311144635538,-1.76833868811783,1.05935562890104,0.346158837525116,0.413656270564544,0.828765338239625,-2.38285996774328,-1.26846284211579,1.33159660200335,1.61792837126588,0.00882284896573414
0.547464263706705,-0.387420977440445,-0.273769108903788,1.1161918189829,0.0637939171194548,-1.84945109633472,1.24730159995137,-1.62170364363478,0.0526163096647936,0.726940566183429,0.513057836291673,-0.0752918497417692,-0.970433481275234,0.630880389902425,-0.428574638448753,0.428644628270755,-0.256201292791526,0.00615399392698654,0.141773045259188,0.860803256417772,0.182322583625953,-0.24756154205441,-0.269316605414734,1.67208236536902,-2.01730245361607,0.198279292656017,-0.767225174121335,0.538950578287394,1.5540482221767,1.28217185935445,-0.604839453234108,1.34192771058256,1.9518729347605,0.710920086883725,-1.80255118930568,0.81507676727342,-1.25477428014724,-1.87082461421787,0.758034666373257,-1.01751504758016,-1.44465483737687,1.13563406309164,-0.131525767426497,-0.55515125136844,1.16028337216601,-2.07133114712828,0.866068180489376,-0.757982651158666,0.117115235180896,-2.13302291602082
-1.77594447779438,-0.833705450132512,-1.52431091905743,-0.345526080035291,0.343296539022782,0.440167795005423,2.70083392435007,1.04281243420711,1.6267866415013,-0.973361375738471,2.41461961615013,0.907415029698838,3.07370106857066,2.95215213801774,-0.402318366725198,-0.204209906006106,-0.41820622843597,0.135623493532971,1.87659776325172,-2.87030411446052,0.635446475339906,-1.52118114276824,-2.02471818703367,-0.747837560124416,0.287499931250402,-2.55409582805666,-1.15628157889622,0.0427946230420054,0.381228128227408,1.7286146201561,-3.28480490163544,-0.0957056544095667,-0.955354248189351,3.63242202974317,-2.1263723913569,-0.806293589380962,2.30994156076734,-0.308108300562837,-0.225065134658386,-4.76608063735356,0.923521102468893,-5.3609034429898,-1.30032246259331,-0.517703459252412,-0.439848690482937,-1.12759628129747,2.82655736383703,0.509995414130008,-2.27304418647155,-1.18631902556008
-0.483068531102778,0.403988622296024,-1.20738997020359,2.9722370053255,-2.2243735184119,1.64276769169375,-0.899557270494621,1.57767409620728,-0.566854012136163,-1.15761242012721,0.839353629722205,-1.23857956297495,1.20710675102105,0.639972670682878,-0.636207053181537,-0.391489814073692,-3.30241420126435,-1.65874691898563,-2.33651193515747,0.0113940516593947,-2.20057068934778,0.444809934768659,1.95431987112615,1.05315757626804,0.447670868287726,-0.235787855805544,-1.83588532264958,2.05057450699956,-0.880872794526152,-0.645901015029347,1.58393300132656,2.79631492057914,-1.38574941515388,-1.15158306963798,2.08146123391701,-0.362423239827857,1.18681918271133,2.40616598186829,0.444269348984649,0.735831112371474,1.83092731114259,2.71986353409409,1.49851234120741,-1.12523109317985,1.12705504990385,-0.146187703852333,-1.33738048065423,-0.131142366372701,-0.733037509551548,-3.28575459513257
-2.51143567767495,-1.08829107987226,-0.174144204773849,1.02091976268536,0.485840097349219,-0.870794417839299,0.896239045621358,0.128165282514087,0.890291085665163,-1.93297292154045,-0.026715756995347,2.27759843960411,1.42332611154598,-0.014968240222323,-0.424429367518842,-0.387401714937819,-0.581536032013218,0.064731329779895,-0.39356169491089,-2.35490824447837,-0.567493195761409,1.02607159525272,-0.592668021269525,2.00511556159107,-0.0103156651245366,-0.965096274659266,0.0143245772281178,0.780862136857194,1.41417559397382,2.4000324793437,-1.75963916538495,-2.08587964431813,0.956174455784587,2.07887183008006,0.483279654264724,0.280829418355922,1.24957707370591,0.800929431459318,-1.35700551211597,-3.55192576673138,0.963930040011331,-2.7023803858747,-1.60005514736385,-1.43814822078044,-2.33394118188227,1.41788812054654,1.44058962943796,-2.31894795054727,0.139800674461126,-0.591138542386067
-0.49824910946747,1.88600139010475,-0.812814271977139,2.06384314547001,-1.45030827788619,0.481696107902857,1.41857394335412,-0.421448851129081,-0.450973297801512,-1.16744545851029,-0.0753872242518312,-0.357926000632123,0.197018454699763,3.68316725932859,-1.93310756750946,0.822589195231242,-1.15820035878212,0.464632781883003,2.4227132969666,0.167180899038589,-1.26852920177759,0.190452522688975,-1.90762045377914,-0.13559876862855,-1.97804766907352,2.10075236436173,2.00580497253133,0.410856029018671,2.38044267347682,0.109396550033202,0.0352105189076081,2.24587544020569,0.831004442174248,-0.931064003948587,-1.50268093298421,-0.552239577817511,0.393160738710213,-2.33310542446488,0.214379485724522,0.0430375451442161,-0.981885021876071,1.6809035022559,-0.227759317626297,1.41544146914752,1.3464236360026,0.274973748531266,-0.830703787453067,-1.60121546561203,-1.45021382956798,-1.15785918565922
1.59357698545015,-0.97377198981569,0.925684608730965,-3.13997632906426,1.41320620038205,-0.911291386569057,-1.86247645395905,-0.159079109814126,-0.0715388354770208,0.87323950546257,-1.19689753219094,-0.162977738594163,-2.69506175566501,-1.68440971309117,0.652754415566021,1.03399981572922,2.31792418964929,-0.64280796275966,0.479829838257437,0.595965914373147,0.522480771293988,1.10846760867936,-0.0735234898613648,-0.265960506382658,2.99160892522121,0.798804249170296,-1.72964319160249,-0.988897395489932,2.63654729623738,0.23395845945298,-1.48621081303597,-0.771524822751451,0.564362866621372,-0.327236854500141,-0.461740535485266,-2.07459288637625,1.14410194466059,-0.320456508920354,-0.363515734865951,-1.72317979122061,1.00423222587632,1.85773563401858,1.57725175076342,-0.411113722693395,-1.2972201667247,1.81412958761676,2.81860910386265,-0.850488972772443,-1.10260052954272,3.36547674595615
-1.06875842142494,1.2569137470185,-1.54115073123734,-3.14374682273187,-2.07941786542903,-0.757831384866741,-0.288987969835822,0.47535290808968,-0.767108428086087,1.49218183929549,3.01039467780327,2.973318614684,3.95554832735236,2.3654485315634,-1.18779793677972,-1.21551964102344,-1.03181463787676,-4.75323630343073,-0.0198095068174002,-1.52389788826706,2.26377263827193,-0.0537661789269727,-1.28290646934743,-1.39863219422354,0.922204073119684,-0.693647685964902,-1.30502511084452,-1.30963209306824,-0.418932673323108,-1.80693102634034,1.15621550808505,1.9571089698293,-2.23919133561021,-4.91744412909039,2.29462201258072,0.377113924479095,1.09004348752809,2.70743841288768,0.0174735714359385,-4.03529162531631,0.0687380536977442,-3.62900816825734,-0.525379947046233,2.31720079204117,3.71525890263738,3.9397340739462,-2.37977776603552,1.72709079724012,-0.930654603791853,0.505425429762007
-0.0562446878734635,-0.253958692336713,1.18450048521947,-1.97681686142675,-0.557235600385332,-0.87781290498069,-0.133894855496684,1.09814357133654,-1.02925641450503,0.705071440577341,-1.72920508645568,-2.22643117167827,-2.45090564111913,-1.40278593407168,0.25083978551659,2.03024486655208,3.25441439304347,0.266812513355791,-1.17367753019875,0.846356576728059,0.689486138854684,-0.183705842345297,0.299255226394956,-1.96464734391386,1.18349744204781,0.753087513809743,-0.628347176232853,0.281673047379239,-1.34292885566919,-2.22346564552791,0.497997360517117,-0.59134380238201,0.586150974835945,1.35680067968785,-0.52053526879764,-2.32345877395437,1.45607754230037,1.22304200886295,1.99092732331782,0.611885138821555,1.4408112823743,1.33207611168552,1.22609972742596,-1.11369151413988,-2.34542514890694,0.859890660888298,0.807292954621854,0.363552026992989,0.593717222723681,1.94132710493763
1.06894493205817,-2.08211796170844,0.871055775103564,0.538809798816819,0.236193172845888,0.480212842707322,-0.892611331676522,-1.39113809377161,-1.74111975687102,-1.36993596402125,3.1023878749958,0.89304349133019,-1.48537620446901,0.976915461076484,0.988430354237359,1.77182499785331,0.785624935007764,-0.91545683565041,1.94558212141978,0.364547869357239,2.20333912668376,-0.729922432541515,1.00828153653838,-1.06544759296243,-1.1296713554446,-0.159091318426701,0.936999243659564,-0.265015537075702,-0.213999690821164,1.26722677526138,0.245531071795316,1.17411737387277,0.638148031861821,-1.92423674693714,-0.728255394044054,1.03619255312479,-1.00965109766931,-0.311479643090542,1.86761977464616,0.0875908204182424,-0.237648908009015,0.792128566830811,2.98444237241141,0.486028880315094,1.67833986101512,0.0395122869132401,-0.204610555560938,0.362688190511931,0.870187963621871,-1.36944851016155
0.234963583360267,-0.584502088898517,-0.672888027543654,0.90160645226845,-2.19715505146843,-0.928490257224906,-0.957070087231728,-1.75083020078179,-2.73979316590912,-0.710361701811617,0.504157678727652,-0.759775785491425,-1.71415441644685,1.25550986260438,0.734749276904641,-0.277114810832354,-0.561126275632951,-0.0310907658618105,2.75405592651772,0.568024207522493,-0.679358893266168,-0.353536820229778,0.525098397212196,-0.505574494366835,-0.761359063536428,-0.141115776234454,0.726907230110273,-1.15588453219735,1.13519537617896,-0.495168845049132,-0.622625502439232,-0.0574269228542821,-0.87204320574538,-1.5001967018968,1.18950823397877,-1.06759351872482,2.09849397075999,-1.25838183116728,0.665482096212159,-0.0582156366126517,-1.23701239873713,0.872248677258974,-0.48309102042947,0.183716288444539,0.501640327820455,1.68318724122957,-1.9492494742492,-0.186048637427301,-0.82231202355307,-2.14877848485314
1.0270692031302,-0.684317625919562,2.03821542004815,0.413604382081968,-0.547270030628049,-0.935404266351971,-0.57145643568997,-2.30966897981124,-0.757765271581756,-0.849141917527436,-0.542123176463024,0.869009653729695,-1.26425051055318,2.16080758534044,-1.10303743398944,-1.33973015501041,1.58119495683966,2.1994422210829,2.76905345767859,0.274656597780797,-0.956530774200018,-0.0502175307961878,-0.583921891109822,-0.286110096099502,-0.761107627670886,-0.338582112317623,1.24165329617136,0.913519420497131,1.87460535171836,0.595156918391868,0.220590118427441,1.44904440653488,0.617391708731637,-1.5886868656377,-0.994903032974921,-0.227007422031619,0.839408166999536,-0.0678861466653465,0.293358368824799,0.52782534690129,-0.690558995815151,0.0811577971185326,1.14276812466169,-1.50160017173269,1.72151174019035,-1.17217098172939,1.90739975782274,-0.0320770636598883,0.350278844206503,0.657796354928693
0.2671431452079,0.548410274257006,-0.539595301021493,0.703430704197148,-0.0747834645675129,-1.20205154588552,0.564957783157911,0.582315650114262,-0.668897367189131,0.301074980625589,-1.18151798479871,-1.06676150838545,1.35601285365789,0.335659303447029,-0.39643998036962,0.617079895867817,-1.10305485786826,1.30216028988553,1.28440856553725,2.51525982731954,0.999106448114897,-0.10925615685212,0.496012625571362,0.253560397331724,-0.135304519750134,1.13016616926479,2.24684295796705,0.624003716654855,0.465000253822375,1.1652797619538,1.14018847324401,1.77512551277466,-0.614851409444483,-1.38848968870787,1.05009329379527,-0.167941925147228,-0.674126385531307,-0.68590526690836,-0.42863508541469,-0.0412161472362159,-1.24810983106976,0.814408565280748,-1.33061155005538,0.655423911259742,1.09851641787312,-2.31283882147062,1.20851218033969,0.542332875381192,-0.505644901540112,-0.425138166388506
-1.13276139878775,-1.6731617538933,0.115813161322275,-2.29226378344537,0.919531669340774,0.0858840635630591,-0.589939244404469,0.182814424379003,0.886261483793798,1.795980458903,-1.23802457252716,0.0554542722227373,-2.94011526035259,-1.40123096843475,2.00121872523443,2.4908824222009,0.944606903561901,0.849517124761068,-1.21191219351982,0.0201429753122229,-2.30648219814606,1.27505285788696,1.12613112194062,-0.143945915068069,1.87775414666512,1.99233522191457,0.762321593879825,0.309390728366251,-1.53865534090934,-1.62755436298809,-0.383348248627865,0.447199780814383,1.13625521816245,1.26637075164529,0.450164436622711,-1.3707066844503,2.31882191923485,-0.501765862031849,1.56118299168643,-2.11330051881585,0.476366173467228,0.761675860490746,0.498913807607506,-0.753651605192138,-4.60428515278301,0.748160537812932,0.053702989011136,-0.208678015953095,-1.8568906808898,2.4656586709082
1.32162100482333,0.558405405510428,0.90943330686438,-3.3440115206648,-0.564485096062734,-0.670472755588846,-1.90574413349935,-0.38708805761789,0.386572286713134,0.999479210406654,-2.95146441471909,0.478464368503998,-2.99659553688791,-1.2975275253935,0.208211227775524,0.986401177272594,0.638813043804172,0.189838317499451,-2.7185966088095,1.5376380497253,-0.66523668862814,0.899651300024753,1.50953928466198,-1.45796585015808,0.771884142288255,-0.852998860913497,-1.96158651609158,-1.16301613968207,0.719607530097174,-1.97815025690834,-1.96669050417833,-1.13893064908507,1.15921238001401,-1.03922119009558,0.0396258139992766,-0.0836226158512933,0.872056005121344,-0.784261832324421,1.70140481944565,1.63025353633754,1.08282834603716,1.16470887361818,0.218041959981523,0.236741572010265,-1.32657265437768,-1.77248305395625,-0.110258484347927,-2.00136022546772,-0.853311566194497,1.36596714809669
-1.34987387649321,0.86812081323577,-0.0256342714556866,0.400033561090145,0.775234087457632,0.764749090582707,0.908748197393732,-0.293120933178182,-1.53130314918466,-1.93377472315076,2.14663680198039,-0.465470595510322,0.509349331683253,0.622090872492695,-2.0921269893142,0.636187729809876,-1.43585824367055,-1.36531521750036,1.70232639005577,0.357375251894914,-0.0849505826376138,0.283053265477762,-1.62085543410381,0.362747816173499,0.281334313669446,0.304176893947311,1.87123911095538,2.20103394784267,0.642420236508986,1.28876851165172,1.90933890625088,1.72221455947785,0.53373424095928,-2.46677901209792,-0.176753382217611,1.50120992770577,-0.888499902574577,-0.753398161088282,0.548350611645381,2.75883932618769,-1.94558216762161,2.42561838764881,0.635711485821466,-1.52945597199305,2.44688910862935,-1.30777431355071,0.887044832436147,0.254688033672842,2.25948301816176,-1.21197910132784
-1.90361479372036,0.295723735145533,-0.259780646437114,1.38076975975087,1.29231452296091,-2.07811067201054,1.91393728663655,0.659671577073991,0.515684097409045,-0.762342472012973,2.30043712649225,-0.653039016073612,0.280954472487274,-0.406223153929862,-1.81824110926816,-1.14958055585982,-0.891483882210458,0.673324877415394,1.81230243754839,-0.2300734710842,0.667154016126288,-0.137127523196749,-0.0275023874577874,0.435775220876088,-0.0569537839306646,-0.315873163775921,1.47048927711862,-0.300256748069465,0.186214059835654,0.809400537311313,-1.54985541683659,-0.483495767954533,1.88722658114954,5.66532907569945,0.218689551908763,0.129914390548299,-0.807135363003441,-1.33751338190996,1.10709793424411,-0.969576071059518,0.269262902072845,-0.0204416860849134,-0.559531673532153,0.816710445291583,0.396666774752785,-1.96603923476424,-1.79758512669868,-1.52494706353792,2.7949512767669,0.914926524295786
0.111850006524214,0.456068939486928,-1.08650071050391,1.78436565590221,0.858249473624183,0.550674654175723,0.170544670406256,0.782272627474223,-1.63158017605406,-0.450938345543473,-0.160263389649016,1.78328327703926,1.19567809244183,0.568936497666643,-1.21103484897422,0.290106745130263,-0.244874308802165,-1.11123083314762,0.800742569898895,1.64567820667507,1.8399669282499,-1.14699806746412,2.94536876418138,2.532137383767,-1.38404412744275,0.831265894293042,2.06753171718944,0.0270799639115996,1.15853731280482,1.51648211482244,-1.04363107073352,2.52851431009926,2.64048186113791,1.44763525059654,-0.206724921869094,2.89713467929569,-1.23414309015814,-0.103221243599845,-0.701300255501734,1.57992854960759,-3.90891262368711,-0.447338185072103,0.918451164004211,0.934861543498594,0.124290746881764,-2.66773181667664,-0.179703635921004,0.341972231805855,-0.233122652050647,-0.897449642014839
0.930348879313593,-0.707489470166121,-1.56995571638441,0.556708065174081,0.213165017608227,2.15688916471641,-0.346968734233333,-0.739259665218136,3.08425314174385,0.292927973790534,-0.751860564452606,-2.66707130785319,-0.912577722326549,1.30512833491028,1.36106347252193,-2.70444024371614,-1.02429874565443,1.34797499382559,-1.3531203296682,-1.07911411134414,-0.235454542796665,0.980808588947603,0.208611667723615,1.70549315798931,-0.246709159036039,-1.73968180332409,-0.682219390807757,1.404109537683,0.681044909306756,-2.60635308825,1.79050427334166,-1.33578644796931,-1.52605431707087,-0.364050610238044,-1.07174427009143,-0.192363844046404,-1.53988223923647,1.31799334448944,1.32992845552332,-0.790735749524264,2.40060178143927,-2.33961466939755,-0.36547809638811,0.777064684783988,-0.0560921780785711,0.647305946211952,2.36729646531977,-1.07151271634795,-1.46072733796528,-0.980764830889285
1.59009876539782,-0.828074696522861,0.703302942227709,0.797222678518353,1.02326405179263,-1.06612994848269,-0.180148238601383,1.51481302370075,1.43509451323588,0.540192878464374,0.405946761514101,1.7847101043876,1.04195424391065,0.121587405860533,-1.7089137033315,-1.21056257648184,-0.163707565694442,0.452896793441012,0.556946653597426,0.3613893003848,-0.275770260063036,0.0456439007728665,2.03944674282356,2.70742011010877,-0.238848763587235,1.31451846876448,0.0776147948629638,0.488015990302638,0.274995109814244,1.911275635684,-1.42580243469863,0.945038639068572,0.839613249614031,0.810501401564542,-1.52329194993247,2.53014925459781,0.0364748633191555,-0.00846562722153543,-1.41327423677032,0.3201127994811,-0.494797399336201,1.18860586726934,-1.68374316536792,0.510798410175985,0.67524251341985,1.28980953657932,-1.37032253493065,-1.92146674579533,2.50324805342841,0.489370334909288
1.21114627838094,1.60917648521126,0.998623963199103,1.31598746506162,-0.336956889813566,-0.348452237305288,0.114126087920342,-1.94336754584361,-1.54412984339426,0.69081749113013,-0.575040023033036,-0.593314848927599,-2.54304919910517,1.1464955127496,-0.651967917885543,-1.10996915803949,-1.12616917545569,-0.227964002554707,3.72308530026662,0.631701742744137,0.514373794101675,-0.830902365812794,1.89035934968696,-0.540071774693448,-3.09130411658471,1.09192742488955,-0.539817677734945,-1.0820061083898,1.25904703515802,0.635039214067604,0.892176401464427,-0.704109182712461,-2.0055957541837,-2.00362900019879,-0.761817715527159,-0.249679773375624,0.286071555330427,-1.32287640647507,0.330255631724149,-0.194201570319803,-1.2371599076316,1.24518809886142,0.12257693946727,0.523522293357453,1.83397894195952,0.015567711266575,0.501779953893494,-0.229320229622362,-0.787169441922434,-1.09573771386653
0.79766007879906,-0.05899131139628,0.779411803817318,-0.193798745530685,1.97066234792502,0.745358632548189,-0.0638020021821871,0.290951900346572,0.58011717015895,-2.34690322354332,2.25623260261965,1.07337535957931,0.454869198963175,0.60526582493398,1.98551207440734,2.94509404749962,0.471792714762422,0.266899694374758,-2.10779767262021,0.296910838539944,-1.45488225074224,-0.207541831859478,3.08338636969381,0.224737501953713,1.25977990016079,0.112533945348947,-0.3542483164499,-1.80972403599743,-1.0730049207318,-2.26847944663016,1.43225432748904,-2.57793729867644,1.79931090153031,-1.40924854594518,0.744464997726695,-1.49697305438276,-0.0964526532607637,-0.559290672226872,0.735785446501096,1.76562304967709,2.19198674617194,-0.468209970093178,0.481452895717107,-2.77193027963962,-1.09676030083677,1.626653753275,-0.773216042831671,0.731827486988019,-0.655303829416314,1.53245805494425
-0.162039165337619,-1.88384339303648,1.38005222322659,-1.41606704779598,-0.0112595538285554,1.09061964305214,1.74719881560404,1.67435847883413,0.748404473674673,-1.20618215018813,2.17607062911713,1.1741025457221,1.84184520997222,-0.712683316646946,-0.399153205633356,-0.798755841327156,1.11230907105794,0.724606237419063,0.0908049436809901,-1.23957218324919,-0.215932256476378,-1.52764938660767,-1.2570910499424,1.68151762171678,2.23185048846116,-0.795486499516662,0.579754779346076,-0.475459039479195,-1.38864565754508,1.47423721961724,-1.36026371379682,0.0452832622883092,2.08863947762318,0.0431012791321381,1.30342857971843,0.909813085738299,-0.214579748107706,-0.438904761361622,-1.69034817240637,-0.616466345647658,-3.26873275806216,-2.41519051704436,-2.65321110185789,2.16316905626293,-0.355077983373517,-0.483709696274417,-1.02052083701677,-0.452243893895794,2.97078790271217,0.388825701075867
2.2496565445395,1.30315848928533,0.271636843934363,1.48494609783804,-1.17439052493342,-1.41376192840785,0.271879248068549,-0.532165899567198,-0.165417211035087,-0.51953734707715,-1.11108328065519,-1.93979944812047,-2.06145012763881,-0.840495372992478,-1.6926694077705,0.419368164039209,2.03563492457106,-1.76988597829963,2.33353726975633,0.242585912132666,0.236792527412065,-0.66883913467194,-1.89475533346587,-2.04758865412855,-0.245889100305615,0.118239374000219,-0.649370333787914,0.217888166409689,1.11456293356783,-0.387069731584343,-1.07914235193202,-1.47524741519933,-1.35527815038636,-1.64202421854795,1.23391125029977,0.436733054251031,1.66273913208061,-1.18483207981892,0.279242843524871,-0.876790821433213,0.159029195529958,0.840363682744795,0.33442361454234,-0.602430943233707,2.02675125656432,-0.637021400413697,1.58795526663908,2.23359722002259,-0.942553380933346,-0.884865117844444
-0.298606304752434,1.50059763033405,-1.14962744933953,-0.165130874922559,-0.720404700065155,-0.34429131872165,-1.59956867549424,-1.27218808405007,-0.744532318942014,-0.291240367276617,-0.0067752285094793,0.327708654297047,0.372169710208011,0.875921658397757,-3.02652090974984,0.772711961118415,0.746094286652567,0.31998791277566,-0.327249291030736,1.41797566177452,1.89727138392803,-0.505868301793936,1.03980967518803,0.176277173182992,-0.314538090139018,-0.758272579894205,0.999960276802634,-0.235768947612418,-0.417483548213984,3.49995718207423,1.67206402795392,0.356489466520245,0.432431091330833,-1.369650218626,0.966475340637068,1.07967063019156,-0.495245097849159,-1.69389494115643,-1.4722802263383,0.626226591634376,-0.017472266626166,0.853603675408127,2.35728558338697,0.796385356412295,0.293060939694939,-0.79216531599173,0.0742259707551892,0.554038308734294,-0.201786246198634,-1.07239801175258
1.0309362148433,-0.337637964615931,0.950252740759543,1.74306972353918,1.90532367776427,0.290461606909253,-0.18002768622918,-0.0158967908699987,0.0162490280975789,-0.851061010315307,1.0462147054958,-0.844559570129664,0.41470233327406,0.661527306405562,0.585480720550578,1.18138281012529,-1.01995051910766,-0.0404961349742773,3.66194442972058,-1.55453028637837,-0.595995820522533,1.28348870522561,0.0322487825977811,-0.598516292808516,-0.418685367127117,0.696302717225179,0.00943016659099642,-0.116047786136099,1.50166696948379,0.786507963621378,-0.901162070030353,0.926683940145989,-0.658332565293001,1.33005311413496,-0.903595071751141,1.57375123752954,-0.982671234595026,-0.751141076820069,0.311958474315636,-0.255845880796049,-0.376695413925255,2.44547870831722,-0.564450495850783,1.69386407863427,-0.469074543590153,0.0628092898302384,2.43907566122552,1.96445791276161,0.375652782280641,0.869043191479024
1.59873880519465,-2.19607898832014,-0.0132234603849747,-1.49910039653687,0.484267875989667,0.339316154422058,-1.30268524322352,-2.15536341766514,0.253790451809444,-0.839201370939736,-1.82271356076176,-1.01470836768566,-2.973257979092,0.789957081348001,0.581903597257212,1.12802021687196,2.21843589573784,1.18826458152967,-2.52004976603761,-0.327187746901673,-0.91944040104682,2.7726064611706,1.38763994767848,-0.838741309430407,0.0844571485406542,0.632908559453616,-1.06008101915816,0.76140468666134,-1.87214221133994,-2.2850173639979,-1.09251826959283,-1.33501526654969,0.877723180607953,0.368391291853815,0.27842494853796,-2.58622772036742,-0.211734501429751,1.07130671250904,-0.681595798988923,-0.195901589784133,2.22234959524405,-0.326047405288815,0.511329602591047,0.1485855621949,-1.42039511177845,0.0682732770952861,-2.08236585129804,-0.857932182110884,-1.35954896877022,4.04274313110439
-2.03943767865289,0.81418236778758,-0.511190699251263,1.19252276549014,0.677643201785198,-1.47982386924514,1.40514698035588,0.881153733071926,-0.949458819932544,-1.3446673939035,2.05666384904643,0.705682856336806,0.122147043887769,-1.05410725547688,-0.802140343189893,2.22272340634009,-1.03865627752507,-0.928818235353693,1.88167660520205,1.17488141517629,0.188796278143082,-0.513165525522524,1.14255552872017,-0.486993268228899,-1.24276762267567,0.64599183931172,0.820784693852912,0.04825880387672,0.732330268543652,0.120299804100261,-0.0158363478923138,0.247121012026935,1.53099301696789,-0.377305794479407,-0.0587468382751223,2.19597316191475,-0.357076771519639,-1.60544453235997,-2.38074896465706,-0.858945707972607,-0.906843744415653,1.19945282781695,-1.32257136774305,0.320066763695423,0.646161041673633,-1.22890879668223,2.1821008148668,1.08504488432926,1.06960289776203,0.226558188824721
0.264072818044949,-0.70394283730901,2.59762562311957,-2.34651812649749,-0.550864718881581,-0.211317195159495,0.229580842535462,2.18525692843941,1.75240048761799,0.791887271271202,0.723570010853002,-1.88674084107325,-3.3744153286659,-3.58080759906939,1.89245045725472,1.26415297306492,2.75051083470301,-0.165108400561375,-2.88426607336482,0.401531421441776,-2.12733519497348,-0.276079650668395,0.149347366968437,-0.666475271894427,1.14707099717162,-3.40290743929966e-05,-1.1410759390569,0.49830810260794,-0.403792834823763,-2.90128587012368,0.370717297862326,-1.65544087785548,0.738926837843673,-0.166133816836067,1.52668570164882,-1.77160711517728,1.00658344766637,-0.020023682855337,2.15123562878218,0.277185627193621,0.861233505490166,2.24842649162604,0.38385491518245,-0.0834119597795568,-1.5674073636617,1.12916390604812,-0.405632113093037,0.543020402148749,-0.550454713845891,1.84838265758134
2.064629368837,-1.15334099107979,1.56110809669946,-2.52425326488056,-0.93749299339643,0.415650675368911,-0.717017460833905,1.51968784483449,-1.15081092489254,0.942174240904183,-2.05072752936057,-2.34835909952733,-1.42204232329315,-1.47658891756111,0.860476585907676,-0.240199364566258,3.67530220985649,-0.943657549303501,-0.341624785733394,0.921078771022861,-0.481445982766996,0.385615836028603,-0.0210166377353101,-0.393655454047802,0.631277366495448,2.73835887859199,1.24372243993588,0.053971927881096,-0.912188065566644,1.51320355992687,1.29106012117548,-0.936465472929878,0.360599808351639,0.673796413897254,-0.377946608921369,-1.35802438420099,2.30976687633831,-2.25162102272359,-0.43487572313725,-1.84388030382082,-1.00569781945209,1.45849057349391,0.658513041399271,1.09917282550727,-2.61577966288989,-1.70332763037509,0.83346968566189,1.06779465470653,-0.314022774828348,0.596023201427716
2.13690058670966,0.371845966356133,1.11767553934302,-2.50067907891941,1.82735888965411,0.157181135346161,-2.46416923024598,0.00475309790191678,1.19612688555227,0.644920231430625,-1.42027682929378,1.19499831137524,-3.67178226068331,-1.55885342901125,0.901187873820547,-0.231594125519813,3.229987085383,2.59168023393678,-0.429340164755585,-0.878263268562325,-1.86804404261756,0.389185495520094,-1.43037563435662,-1.23503499706778,-0.604019469577846,0.861649748902943,-0.696416915831393,0.57621453833768,0.792494922126259,-1.66073398816615,-1.59822907114506,-1.29616813421284,-0.961184977075976,-0.779725244839344,-0.450875986271802,-1.42293299770346,1.82654010005174,-0.302416887357877,-0.352651365869956,-1.69730114873758,1.82859386738986,1.32593925013908,1.4583621493631,-0.872129318749345,-0.572129897902416,-0.0852490412141501,0.603554949496446,-0.664475889349058,-1.19747280108408,2.28376759542361
0.599196509391266,-0.205393219482526,-0.815844975289565,-1.05411383669168,1.1804153293793,0.351835460792917,-0.473003169829721,0.867307795908574,1.62680284446909,-0.0204455183168027,-0.0488225580698322,-0.999853599199774,-2.60377524501095,-1.20875339872097,3.02156007995485,0.0484322214490412,1.34193281692598,1.52690118963199,-0.596509176809622,-1.51026593015825,-1.23866645153595,-0.207270792507347,-0.153560090638297,-1.54054556740534,0.59990585501101,1.40364697123394,-1.01127339711516,-0.202022442334537,0.294295194879664,-3.49894235725412,-1.23557409668816,-2.62194076016581,0.582259218725553,1.41613733647941,-1.53975543730926,-1.51014853910447,-0.666050492649554,-1.79687257921627,1.008788085157,1.61474590525928,2.58071761749974,0.766201897689985,1.60532359211142,0.504671213128331,-0.704607437801071,2.44451564778623,-0.679552776938604,-0.656702019442825,-1.44905357135436,2.91423511711285
-0.901829220821277,-0.175976061023773,-0.149652965880905,-1.61441589399708,0.0663607389478685,1.03210356946603,1.17452615286608,-0.898191015600522,0.873400151795715,-0.409654607449225,-1.09565922501411,-0.510655999586144,-2.79812592396655,-0.134135875127617,0.256112483275291,-0.944151342043807,0.451166188816674,1.28859632323055,-4.67233631911039,-1.94661268744073,-1.04968065753339,0.669732115825851,1.72844552555162,1.14374075363471,0.640687301575706,-0.843303846045145,0.141454757323829,0.49651193593304,-0.11383910261004,-2.80775852395857,0.415221831016439,0.321405867817212,-1.79355741823949,-0.466374168026608,0.41637748955566,0.108540364251,0.679946975794422,2.08669165218626,1.81330705113211,1.82124927543632,-0.14954456661989,-0.542675987704866,-1.1200388631721,-1.53767635200295,-1.2641636677659,1.30047703160081,-1.46104570504402,-0.0147583665955563,-0.470650667914409,-1.29611843758496
1.34032133082809,0.683294085979424,0.528314374015272,-2.32971382632082,-1.10480375965587,1.90831379234908,-1.11764155957406,0.677717824835823,0.35378535831769,1.64979029680522,0.48794573398682,0.405981058290641,-4.23944132505503,-1.73437321147874,1.86625141723724,1.90505533689363,4.13575872710894,0.997167078266669,-2.96564629932651,-1.46441925151827,-1.90553445147511,0.191207805539264,-0.571279045700296,0.35943268114647,1.9924614415212,1.67738821000394,1.73485696830881,-0.125717330583192,-0.149349372330297,-2.65215839995962,-0.615936873992251,-0.939684723456838,1.04076148278612,-1.62588517001281,0.371618050326093,-3.63595580464369,0.22223753342669,-0.437413686486995,-0.287332626735659,2.212006902612,1.3003415739977,1.55577558440408,-0.497606204461028,1.03996165581378,-1.18705566463775,1.9008604111968,-0.487920537745478,-0.250206579285621,-3.50860725602999,2.25864297893845
-0.98145275382701,0.499695870384586,0.597435422146965,2.61500629690215,-0.535280984234697,-0.206267494563721,-1.59545261599352,-1.43935113195259,0.30708708003343,0.539606056843721,-0.723364041543852,-0.394186861240652,-1.16086118106155,1.19174146701632,-0.626146339570146,-1.15351355423289,2.81708664688899,2.7611463044438,3.50927845772913,0.812668464155019,0.337939272443919,0.778169109501737,-0.68830256218056,0.550034953960211,0.325462063770894,0.39600176916839,0.476545534754905,-1.81705919617496,1.04616578383521,0.139722248015254,0.857483103563821,0.572776694967278,1.25064499200483,-2.1972341641972,-1.340195303831,-0.568099875362922,0.788399175827145,0.772153099990175,0.85632988669927,0.210831883956179,-0.52270330226428,0.0247601144765936,0.673489930743784,-0.671037773942739,1.02835892205874,-0.961387459064033,-0.380460508090464,0.970169305868974,-0.101771340256044,-1.26792423594493
-0.0935443603898269,-1.47635357699275,0.922994785925076,-4.92890525737895,0.407303864421453,1.16276457601471,-0.908876584373936,0.435055386579129,1.41482358418279,0.849436865314158,-4.50976590364328,0.855435002926709,-3.64495261933007,-1.89083292416439,1.80978038063856,2.64853599463891,-0.0452254531125866,0.566939720003296,-0.644209400634258,-0.528129472874523,0.0169112438058109,0.277161222435296,-0.0398620547794442,-1.16987753796116,0.941782510685061,0.680119759085453,-0.604763598289229,0.374694922746204,-0.965917322086396,-3.19548737988371,-1.24148213776665,-1.88156493907552,1.38483208280608,-0.851352042891498,-0.0620322184009358,-0.306114124187724,1.43954157511108,-0.921975360185508,-0.871005766415346,1.51203623727924,1.67346621987889,0.256816465737078,0.438376841284789,-0.479904815690195,-1.37571314302777,2.67163630615995,1.3006116795273,-1.20186143834231,-2.42212013636602,2.55455461502659
