"V1","V2","V3","V4","V5","V6","V7","V8","V9","V10","V11","V12","V13","V14","V15","V16","V17","V18","V19","V20","V21","V22","V23","V24","V25","V26","V27","V28","V29","V30","V31","V32","V33","V34","V35","V36","V37","V38","V39","V40","V41","V42","V43","V44","V45","V46","V47","V48","V49","V50"
0.49108864724425,0.660911949942173,1.39880516253249,1.06857691625552,0.562165487976891,0.819902699025626,0.490394409499025,1.61019095641139,-0.342210049418763,-2.15349811263082,0.197577436241428,1.61195560880549,-1.34039434540627,-2.06632347800356,1.72068275153163,1.87614219493911,-1.08530140980313,-2.05654055110995,2.80019352324083,-1.7764858811471,0.149083315436416,-0.84896311797321,0.44889238170934,1.86576296740996,-2.25106496793093,-1.37651424516021,-1.5650834224263,1.84471950409669,0.00992330134151519,-1.0744100353124,-1.85584924254252,2.18935887430202,-0.00834553702879444,-0.661462839793822,1.31539434377667,-1.10854142484015,2.27596922142357,-1.18364344484537,-1.94342426402967,0.0633615730309527,3.02386983442986,2.71793121586198,-0.954788746759887,4.34427132059254,1.70395081887162,-2.24024198598744,2.26697166461572,-2.92197918806185,-0.933107205728944,0.722358483222394
0.609311125522775,1.16444664351772,1.39899055638938,-0.686603470306619,0.365435986661609,2.05721244033462,-0.621421568622226,2.00887200244414,-0.829530982751654,-1.1438087729785,-2.29538343607532,-0.452623612115922,-0.580649787995762,-0.470802157401151,1.91627587374304,0.0836043064190085,1.17775599907802,1.60285874514451,0.35700881666767,0.664714547990385,1.40893342402234,0.398972422776597,0.935833052141088,0.711565774612912,1.81558024159158,1.94401918216487,1.36908724294896,-0.934709090330605,0.94624810467405,-2.3311325858917,0.477084811773119,0.954902406235787,-0.917589588451765,-1.05487979473996,-0.863290899403263,0.708393487471511,-0.678049583472148,1.1605563607903,-0.201906598351637,-2.02477590782766,-2.58721070422326,-1.01069045595945,-0.0169616827248274,-0.52385338102195,0.0991789434951861,2.56707054981461,-2.14435666413253,2.05910179130329,0.768734226188506,0.437825528280183
-2.33795900557902,-0.0196262863477914,-2.71900639098423,-1.84614146288454,-3.2266636685528,1.9376585368372,0.0300794304338023,-1.06153240109237,1.96077896569449,3.85993315186217,0.457766920847277,1.34484209149859,0.0802613645777155,1.21512390610897,-1.50618405678766,-0.911839234623968,-1.88813257482893,-0.0636512403360269,1.60668555794272,-0.245644078052795,-2.84650432413367,0.913841491343195,-1.42752875359318,-1.7500527254704,1.21667112416878,2.23004029027012,1.97711370362779,0.500887192128412,0.242922726960948,0.748248832659082,-0.855638594483632,0.369250588772944,-0.435080663057162,0.716402397866343,0.787753705746874,-1.86503057793978,-0.0789690262436517,-0.274516830803443,-0.501695046298646,-0.0588147541850277,-1.01781230147129,-2.60772503470983,-0.915309506768391,-3.23670667060173,-0.417954204897447,1.32087759912251,-2.41790179541918,-1.54552764026501,-0.0584243972181191,-0.376790237866406
1.44038974035268,0.611898598312896,1.65222399611229,-0.781948415085729,-1.07922130107562,0.364607137465498,0.735133693580707,-1.2053492922585,-0.192014209381602,-1.50818677445834,2.52533801477102,1.15482490250527,-2.02275577065358,-2.10606110523874,2.36205066139555,0.456992305430645,-0.785954186843401,-2.03931240742491,1.15809343936694,-0.634386127231643,-0.277371843593317,-1.79444000018047,0.432926688158515,0.101171810848429,-0.76142509677844,-0.0441817485265334,-1.09350450054383,-1.45209322820035,0.175800847351682,-0.751911430506578,-0.423792232910438,2.19695563614058,0.688547192813922,-0.898042811922368,0.296763121909243,-0.765110600844903,2.42104593572709,-0.66154217413078,0.487949661552509,0.881810720086406,1.24788148731242,1.36889409341174,-1.62990310906237,-1.10349901801002,0.0193762453500193,-0.638438727087227,1.99620780429389,0.864862988481652,0.0823919921863482,1.40363054453058
0.859851035781662,1.05125018277557,2.16919737204069,2.80399822909106,-0.224871153020936,0.208135671072697,-0.543554418357947,1.30337817751786,-1.30008276505278,-0.861975651883373,-0.283751134486486,0.489498923956246,0.253132703324996,0.0874320747907481,0.506109960339538,3.64567972899638,0.396652270224953,-1.25573395190652,-1.62446673610392,-0.654980722127469,-1.0245248310936,-2.47267164346096,2.96890561252784,3.76633183394442,-3.10836242909256,-0.25855851323571,-1.79246886658349,1.123313935517,-1.61046287683919,-2.35990036714949,-0.894879353210573,0.551462672545351,-0.0101331590868601,1.86623358559052,-0.0907641615435935,0.138394946339069,1.21595260171009,-1.83595290987664,-2.73099767117638,-2.27081967507451,1.89972616990686,2.92863022259661,-0.296575708872762,1.79850831806676,1.39841067955814,-2.67622888729997,1.6778144265303,-0.464160181898697,-1.35889986945251,-0.400945014726714
1.81707951842662,0.114972101855226,0.904262726745668,-0.506742093622322,0.610512342906424,0.114318116579921,0.239400842525389,0.216430675181599,-0.194653391644165,1.43488645027123,2.31442747731567,0.435108904259888,0.658351598647186,-1.40605761154012,2.31712540556144,-1.14103373025188,-0.721381573698015,-1.37941694974606,1.32708344234471,-0.514533405373661,-0.14961163674838,0.852677441321427,-0.671749951543604,0.975838427002627,-1.01362768730917,0.530594631924042,1.30216073968242,-0.613250082657794,-0.626117898847959,-1.53343250256188,1.02374253973408,-0.424148748498051,2.15082405829448,-1.26958196434486,-0.67852013401796,-0.0804419387112209,3.3426191145482,-1.11625790735839,0.540855031441723,0.66046707987352,0.630791077951056,2.44061204023484,-0.633332320266306,1.2407190698894,0.846597764435569,-1.04237076523897,1.05374216649393,0.770332169923668,-2.65072488632623,2.2773014526335
1.85759565866817,-0.612385622160051,0.867098972467828,-1.24907786764301,0.232400539955281,1.86606077734824,0.343245059656155,-1.05984081648717,-2.16657474012746,-1.74219406881418,2.24056637846812,-1.4073384475356,-0.998937719226648,-1.10895883234037,1.86245354157989,-3.91676404329473,-0.615644331064513,0.164693386004377,0.961715051318307,-2.39449578857803,-0.188726259084521,2.80014616888867,-0.863590709677134,-2.59573169205193,0.382818125152042,0.328905893137864,0.095534815296342,-1.50020806186881,-2.65131459543085,-1.51332558677343,1.53067914033448,1.61348531877624,-0.330832684228535,-1.68244188005838,0.733916640103237,2.07093138407436,-0.551532168069765,-0.132925844073428,-0.354529102900318,0.647112005567668,-1.17088262002764,0.711140008268704,-1.50370748343463,-0.23192258340168,-2.82154945350258,1.02014496674124,-1.45901555120743,1.52226866333101,0.0723544895405411,0.842040577836203
-1.68785598348436,0.01424067847658,2.40691600164684,-0.18025629795955,1.06781413379068,0.495542351333014,0.486552689290837,0.798958582624427,-0.770543731722866,0.228603401659544,-1.02749071570529,0.285309606655255,-0.988922363516967,1.69011414527109,-2.31804575808442,-2.72507718282543,-1.45239370865652,2.50967862748697,-0.633951452018174,0.331009169253973,-0.0168037350906526,1.95455111116157,-1.27981359464275,-1.59859870264338,1.50302150117157,0.831818276196929,-0.648970421977698,-0.340064804430445,0.46810376331298,-0.509469300514963,-0.409514767001939,-0.900114524888831,0.725686227898666,-1.61444998988159,-0.897121076268342,-1.60633573082948,-0.22078009091337,1.46626237577226,-0.794755784680624,-0.755705855710267,-1.41804602672793,-1.27412184125701,0.386084633196394,-2.18615283558298,0.695583792875213,3.42314877571249,0.315878388526079,1.27627246948603,-0.746815049208356,0.361361563217116
0.314236953628414,-1.78661915024305,1.00845983272281,1.53420239582806,-1.30845404062459,1.12460698948023,-1.08079032820396,0.907403658092595,0.52963627512527,2.24421303228545,-0.834948246857487,-1.01388787529435,-0.380805876977257,-0.500807773583121,-0.390880360476323,-0.420170912469029,0.976788039063857,-2.69157861635519,-0.00781764995605399,-1.5089749709368,0.501194625880911,-2.63366898414946,-0.966832215766447,0.930668678211678,-1.57736846378368,-2.27426029823224,-1.45931838761971,2.80518067969191,-3.06432559505504,0.456698551427652,1.29899770595236,-1.18418610829736,1.47875291168214,2.55037695363809,-1.06822813780621,-1.11097853766274,-1.04110671572977,-0.966724064519186,-0.629668319893277,1.2328372057871,1.09710091232783,-0.369119362101701,0.59776813321809,2.6386812834055,3.39229957383577,-1.71357451689253,0.682482450902907,0.861179793294318,2.18807651586238,2.68700409652052
-2.98432242490459,1.11418342164741,0.199850383034553,1.49404581415763,2.36033414037018,-3.40696204258788,1.03728127962071,-2.36782911055212,-0.348755342256693,-0.688017680672459,-1.65305350321807,-0.963105876295808,-1.42743299243326,0.840697230428396,-1.71678296883158,-0.0378365829952111,-0.607474742655298,2.66603387866459,3.53843191474883,-0.0716906098153956,0.283527684208762,-0.598447567710461,-1.9533535460035,-0.822896589399808,0.623985917478834,0.135393779604669,0.262912080024076,1.94406148971857,2.51449174247805,1.8580475703949,4.07163693945112,2.11723978999672,-2.25877936722091,-2.77488950575583,-0.442903616943605,1.11544336314822,-0.264497812679638,-1.80611978652971,-1.27329578272741,1.89549541564027,-1.32986475086043,-2.31203785935403,-1.02945420177418,-0.399951520273612,0.442296526620315,2.79305720555148,-0.787381515158249,-1.91442992541511,1.02671537529313,-1.52975072446619
1.64092896645455,0.287180741740297,0.0756421408244785,0.353385430425977,-2.19254586222526,-1.83413792693253,0.725305947050508,0.54091211976581,-0.306043078865458,-0.79943597903451,0.932034839421989,-1.12066792662506,0.304838444874652,-1.24867334186852,2.5376305375152,1.56425970286692,1.57114283857155,-0.299069573535387,0.218580863278826,-0.0995026774376855,0.350457585261815,0.321548644651243,1.19978556537061,3.11451765828072,-2.27026938326295,-0.898697805050812,-0.718031444066125,-2.47031918925973,-1.22560002873863,1.21844984102005,-0.518591137553283,3.77733171112299,1.37816721739562,-0.175686828848987,-1.12025382088846,-0.12009563427083,2.32222545934545,0.305983458397274,-3.15203389270107,1.71976600806674,1.29063690288552,3.19258667371828,-1.37987528360779,-0.448930396739681,2.02170789923436,-2.55207075540737,-1.16889097026826,-0.102989103115969,-0.795008092313636,0.279345739040892
-2.4136718142268,1.00498357931683,-3.26249460335428,2.86662859341578,-0.1015440513041,-0.0994887883669889,-1.69977357346792,-0.800034130605708,0.405175828178952,-1.23943470345324,-0.655669349508146,-1.55252447660572,-0.369992305206602,0.620630734262903,0.173219377725696,2.9943288611897,-0.165475512217763,0.0444719081946883,-0.797071334749228,-1.66235059824254,-1.77135263246309,-2.72727230172002,-1.10349479952846,-0.814149636591048,1.23487998246373,-0.531390527386046,0.879846319037625,1.87839770944484,-1.23257987272053,2.86934093643161,0.0389529144899816,-0.338787208832336,-0.251760620108496,0.686030329091367,-0.36111766087137,0.868184229402201,0.590186649183139,-0.976031899805493,0.0766017327692727,-0.480309715533925,-1.76980472682099,-1.97883187719208,2.185848032334,0.642908794981942,0.00522592414170076,-0.778955532226955,-1.49705420085357,-1.04136454882164,-0.771564129725106,0.906938352992732
-1.78117785125876,-2.71335155855127,-2.30579170261728,1.30825498704746,2.05316186763785,-1.30643501771305,1.25849864450444,-2.4932172804746,0.251955298067795,-1.74043960131087,-2.28896443454127,-1.45150252659058,0.229258250481786,0.341559782215215,0.663407665855567,1.97001493999839,0.0781902317039372,0.0354466909182976,0.382905172519843,0.0217339662829475,-0.757777068235623,-2.08909694021117,-1.18334595393452,-1.90406346698221,2.10231553960649,-0.997567651986219,0.091307338371353,-1.20064535937201,0.583383670716208,2.03446613711392,0.533561597012348,-0.144556969077391,-1.85828278182098,-0.635347226044854,0.575436413888925,1.17073753736003,1.05163029574724,-0.489577137049704,-0.630043096473146,0.220961227502568,-0.187197508928355,-0.0723233558824263,1.26548841318218,0.472919214861612,1.94086936376833,0.757112909602566,-1.97970989047005,-0.886323798798286,1.63241348544372,0.672227609705148
-1.88521366118576,-1.9540496222481,-0.160738501136978,-0.983167014254673,1.99982863612396,-0.426169945976007,-0.0444231030849648,0.395367633728191,0.34965213240641,1.27846548925731,-2.14695342219598,0.921048723508882,-0.38862773056931,-0.0523136861550042,-1.32066474446543,-0.708968949599219,-1.56323745405302,2.41204946625638,-0.15659690017592,-0.0376478639772424,1.2984469761459,2.3864416805763,-2.46448837599998,-1.81573518347977,2.15972046274082,-0.189997769103701,-0.862848448172656,-0.719142992734156,2.1392721683041,-0.42450189374159,-1.17486176096953,-0.077361235500687,-0.973529607664367,0.781313836063889,-0.491741776515899,0.0732001273211649,-2.34108322043875,1.20838495655025,-0.47710944865274,-1.81391049164348,-2.0253696396972,-2.30077870841208,1.54838454677232,-1.57052129025396,-0.846536949626259,1.51428229814414,-0.688038261848046,-0.592472884846574,-1.83271888590337,-0.543520820617274
1.74108462180666,-0.214660502102997,0.885021176142082,-0.797283434153599,-1.83738792974261,-1.02913382095946,1.20618630060383,2.35658059864365,1.31323578805662,2.132429244919,-0.489836214827128,2.00314701060236,0.0215642405558669,3.09888937468031,-2.93663026773066,0.652545050421865,-3.00183689443176,1.73510178914611,0.923760713628228,-0.267511517014371,-2.79274266232345,2.16707405878462,-1.77671553010697,-0.716332101918637,0.815284366176781,0.80812117639009,0.612028878127646,-0.986281849570525,0.310450958569849,1.74951152306862,-0.0144605629584161,-1.3114913278152,-0.970674381447342,1.21590771386515,-0.987831503944955,-2.65139456755146,-2.87944472957677,1.787988163662,1.91384762743058,0.0366451958119212,-2.33568528771381,-0.455935405214113,-0.75511245514347,-2.54728011245506,-1.52623371004613,2.92187700953193,-2.23672353117907,-1.67598066486999,0.538518354251576,0.509421059808187
2.3160195538675,-0.901583913004808,0.574266355382834,-1.70858624725003,1.03463455703436,-0.910424893178098,-0.777041178799286,0.315927539780732,-2.58676236793358,-0.793453613402436,0.882746427080964,1.55605461434888,1.6534699051353,0.606255354145216,4.19874862696849,-2.45239618226249,-0.269214377432941,-2.04883521483812,-2.0884966197175,0.306726535812772,0.28550443606256,1.99958165543129,-0.73142163340584,1.61280131450672,0.00863813379999803,2.05898775497826,1.55563531678113,-1.33202563355909,-1.09757716123564,-0.813496820081928,1.62380954406738,-0.431885678614336,0.234019035051716,-0.188789521006876,-0.534314315825062,0.288073512000534,0.590603788966981,1.30560336308124,-0.278675859901434,-0.661925684325937,0.173392565132532,0.674360841934957,-1.44962024370328,-1.18304481896943,0.194405380262403,-0.586068687779523,-0.0243259588968432,1.86953349176851,-2.26910697752752,1.8401247828644
1.70114430379815,-0.182173381521475,2.28776963429402,0.0869874381490899,-0.231744605099448,-1.54473009521254,-2.26122626664671,1.01109698682714,-0.899599324239542,-2.15654634341916,0.321188656218845,-0.425839650276022,-0.938228865493631,0.357437385654979,1.02982242021982,-1.38236893800074,-0.786754857874878,-2.12263436011778,1.18309060203092,-0.944097129513426,0.605318352607811,0.985412918030379,1.8374923111431,2.4330449829127,0.395209237922944,0.287810104368197,-2.72713707762779,-1.68202526819984,-3.11756125672184,0.470785230056799,-0.765940737146321,1.57165925553814,0.507639472099813,0.515362841720081,1.10109102281765,0.392385220671026,1.10145029664761,2.46931714720124,-0.566633186632191,0.776435981661304,-0.74751361322125,0.231253285887948,-1.52922474271896,0.638177265302206,0.909496174179627,-1.10485846443712,2.87336427181832,0.194820355478113,-0.899667346756318,0.275171290474391
-0.608324323657444,-1.11048802751015,-1.12662645265151,1.90923773823884,0.815776675227362,0.592014944209779,-0.520998595179829,1.16078655041986,0.888678320622354,-0.681878064442677,0.874312017127549,-2.14299434305424,-0.168512930063024,-0.583173168147407,-0.0606027854445549,2.07640322104654,2.55204287264475,-2.7526970181873,-2.11802076087911,-0.286349668297173,-1.19685019283688,-0.903763268588988,-0.287910458906318,0.173373214572721,-2.66656364921201,-1.45324393350199,1.47861252786951,2.03827997289512,0.240660224021436,0.315079982218178,0.0266133949886111,-1.87441478315154,0.524931680869279,1.47015030555318,-0.0910937738349553,1.30685263043522,-0.218850200105457,-1.45475559873687,-0.414494025967811,0.806281887293089,2.57848155193773,1.8663937785386,-0.909238006582286,1.05945524578584,0.0122179827807122,-2.5651048250805,0.299947607283693,1.03876729906147,-0.743519087489507,2.1093770228928
2.03248442155369,0.540217858294371,-2.7429129322098,-0.818183746847762,-0.757957545989447,1.92895135887997,2.71318278387001,1.56153905036496,2.16066080134585,1.94045741483367,-0.853675456155944,1.09797986469398,2.99978493426489,-0.12260304078593,-0.071112597469655,-0.961725361369818,-0.83944544254196,2.09489153873082,0.0665047751008015,-1.07462685788791,0.213394398894903,2.5500135375479,-0.614073483900045,-0.0922123951026181,-0.103090776460197,2.00230860109911,1.33795245667587,-0.382409138624408,1.03891471268252,0.335697758287444,0.494192816790242,-1.26427891602771,1.5579960572039,-0.474072033250597,-0.703754012236808,-2.52566178385021,-0.418054249836667,1.85549497758971,-0.492051592999644,1.79635417452824,-1.305886568784,-1.56327175042915,1.60551685730085,0.04363430156339,-1.23195507753127,1.915628084545,-1.40524728425535,0.315524543536347,1.85173841100795,-0.186613636050244
1.68971216638492,2.1656833735474,3.10344584018066,-0.302620337877761,-2.23619897554951,1.3615245987717,-0.833368482580113,1.54780257045965,0.0382788302199858,-3.10962741653013,1.68627749031632,-0.191075771638041,-0.582371209847977,-1.05039217789691,-0.378295019519755,0.780870665008501,0.226283305142658,-1.79849218807508,0.467466796030489,-0.422708587195004,-0.634328902597675,0.771729150896848,2.36265697211615,2.11939237991862,-0.801006629859635,2.00011316231152,-2.1447107785561,-0.499202808762713,-0.62575035668803,-1.43584724657831,0.608353932636872,1.14840050244287,-0.0150850023546614,0.699421250631773,0.149049959110018,0.0443303537354681,2.74485941361189,-2.24774924354409,-0.0972563217677036,0.508806018736501,1.5975475227503,1.93920693157809,-2.28979210667441,-1.04563691796093,1.84158139229166,0.0687167063647887,0.748643711723725,-0.31825276624161,-0.0640812497204932,0.500822060497211
2.36919009792362,0.184010119789935,0.832220980760705,-0.895191938623082,-1.87715657372,1.95087706664062,-1.14603595057871,-0.252540226511101,-1.4788317544076,-0.0918792101895839,-0.290168979969712,0.100752582208949,-1.60149760168397,-1.33711872161619,1.18222718768862,2.69958793588438,-0.0301430634828783,-4.03943110076621,1.23148338002184,-0.622637850114176,0.885081509253493,-2.81102905639279,0.247170455969139,4.44856231816169,-1.9864799619648,-1.69315075301405,0.398516262138624,1.42357083219228,-0.537618141035356,0.782501128939973,-0.673376143773227,-0.339651374736406,-0.751036111385929,0.762581388473916,-0.663987831488998,-1.14315252319757,0.389018067928023,-0.545326499209978,-1.69366085202102,-0.117777697929294,1.30540556442203,0.232284061062708,-1.30480711668571,1.68972602614638,1.04180108531483,-0.500543641813354,0.705280519768176,-0.798499905881727,0.290143744243245,-0.401240637696221
1.77993172558918,-0.0273267544650941,1.19487189093754,-1.0131261639868,-0.725168884236388,-0.0953214840604148,0.0232919636569575,0.371686045096417,-0.630130060955421,-2.29758261915615,0.494412317574759,0.32171818402523,-0.502777506426723,-1.78953864523379,2.27864112655065,-1.6849868272545,1.68768548610901,-3.11322514538002,1.09620129737513,0.582351729376579,-0.733656935838251,2.13818146715178,0.552300181644451,1.87899126688893,-1.39399598979983,1.75075483437793,-0.93206305623536,-3.0643863790736,1.00157514920107,-2.56842451114118,0.943444063021337,1.20393426548911,-0.488409066276647,-1.19864724220442,1.15203246667652,-1.54675496064539,0.233758252798323,0.984118828057027,-0.997861425861766,0.528186766219787,1.0937545340827,0.826762568105472,-0.13068563850367,0.262531697612054,-0.33820838149761,1.0379811003919,0.529179577800048,1.54539389116169,0.141234586751459,0.715980083728238
1.28420497472063,3.54328745956721,-0.0426240918619298,-0.193591232199685,-0.920479297045194,-0.228707578289989,2.2417681666182,0.570759383253378,1.08195516675443,-0.275608668579382,0.944872741088249,-1.00739402118804,-1.16097988456132,-1.46092281865204,-0.711520743725174,0.0605175180491083,-0.134720893942071,-3.71662065439496,-1.47216899498499,-0.116259851508502,-0.0612810068677459,-0.691255170123462,1.55100312916188,2.88131995924225,-2.1500132160917,-0.603359945225633,-0.59618750782418,0.481849627557176,-1.21738954023079,1.81713888918174,0.880448470583717,1.40654285429485,-0.584340738390711,-0.57972805144866,0.755972017293619,-0.481395098914828,1.30014994990608,0.38223278314436,2.26275556229796,1.11683762554409,-1.57206789424478,0.475139620468883,0.0907377503038512,2.69608926222497,2.48354167176223,-1.90979673125943,0.723691010029935,-1.05013971146748,-0.229290172510051,-0.829166840028055
1.35022692273484,1.55760413503694,2.09741030621626,-3.29929990674966,0.834638164760826,-0.67925303453992,-0.646622218258606,0.189492024939989,-1.62175725718448,-0.635756488214293,0.099198994826348,0.908758436238529,-0.66659575075162,0.618646801165138,1.13879312645797,-0.582551479095794,-0.0393626772144038,-2.91768148702693,1.09953254741066,0.297033349464668,-0.0363223697388389,-0.917391435839328,0.677912252943729,0.997748802550575,-0.593339907875641,0.0142828478265792,0.81437999435769,-0.370760502185255,-0.184459304769561,0.221630140570746,0.84624857519255,2.00433539707595,0.882176698603209,-1.72149329184338,-0.24669052437082,0.950770804353518,2.00477846245878,-0.534642551746553,-1.66163754130504,-0.467554484682837,1.47135911443325,1.17676765848953,0.827918380110334,-0.666168318237095,0.212876913346381,0.199409361275423,1.02215086808882,-0.368856343415312,-0.79759069160608,1.05828457764293
1.82428921164156,-2.2623070748911,0.852832014962492,-0.537918017169788,0.402483793737563,-1.99738260588156,0.90936789451257,0.226135802606206,-1.80784894451546,-1.13902888097884,-0.690676642507808,0.467087536609193,0.271050370074963,-0.969573059982599,1.53007620114555,-2.3471967118403,0.302608949245673,-0.309316763261569,-1.13904939810243,0.498790182610514,0.645271508033199,1.06657937022806,1.04696132945426,-0.658334605989298,-0.447972975445175,2.04699724329302,0.632722766617166,0.49289933952672,-1.0696147236856,-1.97847661501173,1.84748289438025,-0.53745513100706,-1.28015766167358,-2.20375159748153,-0.82199492226161,0.0874381049020227,-0.557425829306225,0.324257398764767,-1.32276137890015,1.84242978763664,-0.216297956434294,0.309998490735157,-1.0640709118862,0.241392691007866,-2.33845280137011,0.0782652616588673,-0.729904276992564,0.840046752423893,-1.02346382738187,-0.0615422000421286
-0.832293240263279,-0.23442324564534,1.84609526390302,-0.111413736746872,1.73475162233986,0.185654095640268,1.19232917478946,0.832143236032437,-0.182445289435913,-1.34985408673766,-2.18906745240902,-1.35277010406012,-0.217674005403193,0.851894401018313,0.837513594000347,-0.129488484483629,0.873686552128008,4.07799522774979,-0.600284923401136,1.37967971044053,0.85828696132619,1.15365144533199,-0.901271308216675,-2.17497462087351,1.78506409585533,-0.334645150202335,0.140912437651687,-1.23946735495588,-0.213042090540369,-2.3266641650661,-1.66782242346492,-0.846566771501782,1.28108799405745,-0.772715000105471,-1.38322485442403,0.464959535196285,-0.79161821217104,1.78459771241816,1.58329270325424,-1.24698776053103,-0.744615236460341,-0.57251825591016,-1.55156190885974,-0.805475887310398,-0.461523577188522,-0.335191096071828,-1.76582099367948,-0.292047010772585,0.0077745744505362,2.79493732813168
-2.83372016970697,-0.16511847432008,-2.20551421883935,1.29647575094,4.43226502227123,-3.58179465294791,1.08932825032355,-2.75448718142984,0.308190024001715,-0.167751043774068,-0.810575510887015,-1.7097664767596,-0.832704003143977,-1.05944512680963,0.875592259135422,3.87074071735544,-1.99631936852029,2.02133167769311,1.02767917569748,-0.433977470955799,0.322501513651211,-1.61961878849853,-1.80538532952253,-2.29269124625048,2.37486388322185,0.566955973060544,0.153506945288264,0.124092937875023,1.28886465542076,2.42872612956815,2.20445085337022,0.404135068686834,-1.83523249319527,-3.2201100445604,0.717809021111941,0.72540302470156,-0.113914776152964,-0.88184349324071,1.99017260042559,0.290897377505542,1.01074471574165,-1.98500849766114,-0.39575083578265,-0.103491633179104,-1.11785041816717,0.598785841772882,-2.39785705972688,0.62359789590676,0.270780338477041,-1.4035788150803
0.898948880996946,-0.066372457774634,0.105442822233575,-0.0169585606924233,0.542162372322984,1.15176414186698,0.484674261751048,0.116148087105817,-1.53555182872142,1.96809686541023,-1.67856264774584,-2.49390909182385,2.42312470066953,1.28872525089011,-2.15662576125114,-1.84962554985033,-0.626197903170892,2.13439541805437,-2.01431655488279,0.991099569295202,2.82731980566534,0.153849531719062,0.456127474811771,0.0799522188753955,0.900232223194242,-0.494217790516861,-2.2358951282137,-0.377183883195387,0.808048933396062,0.651206090394104,1.02403305936591,-2.19546461466697,-1.29284600014917,-1.26984642413003,0.674883873529644,1.49802985094222,-3.23417087530167,0.812358334407191,1.39990359917881,-1.98794433615965,-1.18296355763094,-2.17141115449592,0.430387824693211,-0.91491706137405,-0.0694635022857333,-1.65173519967903,-2.66347932764717,0.486549054069885,0.186058075872387,-0.709874765179174
1.11546148326405,0.670657859036166,-0.264651830646433,-0.699553061123125,2.38152464391595,-1.86097134566926,-1.03214352227623,-0.265205875579942,-1.73279172037025,-0.988022086291001,0.305726811825934,0.068148365502281,0.955948527744603,-0.462234574017951,1.88776133517079,-1.75210958568159,0.924444230705074,0.467141226827442,0.225414953631557,-2.6522279834104,1.2872945357654,2.99144203773316,-0.107389864359194,-1.27566174924147,1.08030818911937,0.0751736949297786,-0.541121854921261,-1.68374523315708,0.332569094458027,-0.68022982198519,0.587192690064472,1.23864671597691,0.682049697041046,-1.41196460748551,-0.0787309318783655,0.221227072262563,0.294893105990718,0.953607408410117,1.23850645879047,-1.97001628991427,-3.31898472578799,1.42256805678203,-1.27764265204622,1.67581511097306,0.492663202881138,-0.74494370332312,-1.10955286235526,-0.123079368177728,-0.875327853715924,0.183406009167731
0.291298424765341,1.31289839085628,1.56873374338509,-2.00272989691205,-0.534939181098577,0.0414170801729587,-0.29456033219879,1.22751651296429,-1.71609975701643,-0.50297510177917,1.05649611953604,0.88901556324811,-0.615519740272362,1.06045869102505,1.62893658381722,-2.64505316284384,0.303594733435566,-1.4181980374001,1.31011511476934,-0.521185666722873,0.207712111338349,1.26877106748221,-0.885709559584011,1.26949675315712,-2.2073320297535,1.78320627998924,-0.917587473341939,-0.882319845693866,-1.16087919238083,-0.317783219789862,0.453968906932733,-0.23827300058773,0.567423575603451,0.199010179873002,-0.366007686634802,-0.282438274842601,-0.408507562045785,-0.0150916228045455,-0.5340928393276,-0.32459108572106,0.67579295928258,0.811512378961456,-1.12964038734718,-2.43271485727666,-1.62367033264553,-1.01302863854286,1.44956510403923,-0.170899795965109,-1.60029791704943,1.97292783696301
-0.605214726024724,-1.77521446630718,-0.0386128132428505,-0.563861894091137,-0.560415291542709,1.0360848383203,1.9109120761367,0.5139992496744,2.13916148168098,0.80123911436918,-0.378027916490061,0.969309850182454,1.61752400738329,0.701912390682005,-3.1756729943341,-0.159509553933895,-1.40707612581567,0.935550628607856,1.2437360415865,0.477570328186001,-2.48267986518903,1.37080480673024,0.331150314854327,-3.20648267587983,1.36889190018346,0.291684856818096,0.453045629884363,-0.866978745137185,0.32630612427595,-0.321527305352697,1.05341365227051,-1.01074144037439,-0.256889071877708,1.17202992568247,-0.498726363042274,-2.47707348555218,-0.197939086059808,1.62017665315498,-0.576235267629492,-1.71327335188217,1.5152710258759,-1.36594049951869,1.56208755533917,-1.75689397590627,1.07917353902789,-0.290737835507831,-0.725336557992366,-1.13656515797981,-0.405731013267226,-3.55809924766605
0.703051013668015,0.504711451451774,1.9138065257762,0.274365187775232,-3.13751885518531,-0.604807897612776,-1.21085303752079,-0.316789595229661,-1.41884850450366,0.0959546431891025,-0.693775352404543,0.742175282338924,0.635561497683871,-1.54592993068135,3.59199127206262,0.636804078996471,-0.155748721755172,-3.12093929652608,-0.544434971391128,-1.32590753073413,0.0327218804355687,-0.675344029601765,1.8037981766509,3.9542758823614,-1.50242636814631,0.390634136704351,-2.12829676541949,-0.543142960578005,-0.727639819691965,-0.0684458706356833,2.15051671055706,1.69202911676582,-0.197585141542982,-0.779346900112694,0.805442012464167,0.521703914384931,1.89912502616931,-0.0575802146120951,-0.734973599559267,0.718004906382932,0.895371520374636,1.97535382609747,0.761468751593105,2.50767663486487,1.35200984180136,-1.12709585937322,1.67875400877436,1.18071308690093,-1.04683362815315,-0.102570776227547
-1.26524469495798,-0.873978444685674,1.11012245109908,-0.423887562103012,-1.87520470335943,-0.713937186452199,0.395298687138253,1.36450813546595,-0.557276351718196,0.785503261169937,-3.67732058514683,0.466834909092604,0.94812029654187,2.24744105531424,0.0424193749008714,-0.866155783602786,-0.00118841404803682,2.73665963185707,-0.461096553266345,0.246263273482752,2.33540382672817,2.41431540106895,1.09557844873094,-1.09947072251653,0.739118146724534,-0.46348281574898,-0.281398522856842,-0.897942281759356,1.78369553986074,0.189404963798091,0.627722975924195,-1.15309976557811,0.00221886133050923,-0.607109637468733,-1.61092560504702,0.247571295934472,-2.23793391458081,0.188189820427534,1.73920002290648,-1.23274528272878,-1.57685975938431,-4.21050140259469,-0.039105871243807,-2.69823114958726,0.992804477330049,1.64141434760334,-0.554790369594711,0.985887530576964,1.83980741193242,-3.04495346741467
2.01463021505385,-0.175096515125966,0.782575421614068,-0.410926463188185,-0.0593158188942649,2.44192172837591,-0.0487561879102933,1.16461382703294,-2.91815602711396,-1.07825827552958,1.80033852230479,0.074902991628879,1.68318389403329,-0.396163148402749,2.46766686857132,-2.47403481094504,-0.0603677583890455,1.56408439114489,0.563276360160117,1.29010912412892,0.266661938062854,1.45953874532253,-1.36425334872931,-2.07096332443325,0.460613430995949,1.28358200826393,0.0914293974653129,-0.838366859557502,-0.955417702337085,-1.03825767944641,0.584707049890194,-1.16349079784148,0.333728323773424,-0.909994633428607,-1.73802314438133,-1.05790954854868,1.13049071846621,-2.21488203133563,-2.32960857902479,-0.155513940477361,-1.69731551712811,-0.0469779404216264,-1.97236518677988,0.564138635146219,0.483511039761306,-0.055571522817511,-1.39989025157874,1.88041759919166,0.778929167395011,3.51041450033506
-0.104554128023801,0.47543076570361,0.942532957584705,1.51112705589543,0.000765681970455165,0.0575870816801259,0.950767270207602,-2.16191692634414,1.74206085698647,-0.498591818415363,-0.260309353229191,0.0319717920195432,-3.07692403082745,-0.676186581987657,0.237496392821768,1.71957588603618,-0.317587037968796,-0.776471295350093,0.329383579030487,-1.4523983484218,-0.59855998142599,-0.574184263078216,-0.491200823596451,1.87220055636306,-2.76166391043966,-0.884087508802821,-2.30199063723757,-2.3196529178831,-2.15566382336097,0.535455407107391,0.170009174106525,1.37034456992971,-0.930898805822161,0.991235699591003,0.302997362176185,-0.0904165062484854,2.68983767621857,0.166552336447248,-0.621874132036704,1.08503512882544,0.326603177386616,0.622713962035276,0.596277383823215,3.07240717561248,1.7425217846882,-1.05756533892675,1.84028057210367,0.464985345798553,0.890602344068704,-0.524171812051084
2.31330860759173,1.72940646105929,-1.66484666371726,-1.27880751911951,-0.168952927489792,1.4537221399065,-0.636277602014427,0.0746185575772498,1.66024230799257,2.54621186406823,-0.659002556466187,0.965509286736837,1.02224215951779,2.37896396535038,-2.91293210752237,-1.93588683253702,-0.744445941276215,2.68142847808218,0.700740399604904,-0.380264185637011,-1.00619570887281,1.43696962121785,0.677034454221585,-1.73064125461371,1.32026767058376,1.06935763959029,1.07577740512176,-1.92945630028906,1.61244785689741,-0.241264437352883,-0.584767757172922,-0.851433026471013,2.02089409128403,0.980232149464159,0.798375671809387,-2.42808927784455,-0.401798113310042,1.38947704877097,-0.729367236071193,1.49810424496427,-0.246344466186308,-1.35491399211517,1.55830213723959,-1.95880093002186,-3.26987532639711,2.83879566412477,0.839067024439832,0.44917290101286,-0.265198816035435,0.115691877617005
1.31394930713046,0.547811622372874,0.648303470369358,-1.29968320799981,0.167156229336192,-1.06409959888517,-0.08249811800834,0.245321373474748,-1.79147603262335,-0.753934362461655,1.92558407640274,0.890114150180268,-1.28727159761564,0.694002442296495,1.8704452476872,-0.655718987032748,0.595281068216104,-1.47363375072076,2.59983575549777,0.00722459385789999,-1.31316686187333,0.162620458275498,0.181606965508167,3.03827380293599,-1.78722299614255,0.633069681980297,-0.926945749585019,-1.18960780773617,-1.07418686254346,-1.60458926944557,-0.865449107786145,1.10608455772283,-0.605747192964361,0.0811673625646757,2.71819574498769,-0.956061219908069,3.16217474240062,-0.327470992369162,0.950625673009762,-0.0839453124373418,0.647926678456935,1.18945955690893,-0.948355439959796,-0.297857328919983,0.369958086347114,-1.60610553447907,-0.440857204228084,1.14081002228653,1.33782031727191,-0.102057349238486
0.48770480301599,-0.289504689760807,1.32425898610459,-2.8135163333287,0.735591921171262,0.19931660196779,-1.09426881544736,1.81969175379829,-1.76364221225523,-2.98946575570906,-1.29851358722176,0.618132565626123,0.864033689790247,-2.33725891927083,-1.31832016284314,-1.55161148772661,0.679326970851544,1.75052808402108,1.28755068153584,1.85688756709606,0.729641301433606,0.637030828327185,-0.164467112727493,-1.18206777879521,0.772475608515782,-0.155942671551071,-1.0909189355624,0.730058352616284,1.15505724687039,-0.930587062706955,-0.211467269417112,0.71232527742947,0.389327521643182,-0.660932344781648,-0.34761925325318,-1.75086058564012,-0.273551214405407,-0.858728758050995,-0.466483017069146,-1.12931782342854,-1.15715619729882,-0.854462056854679,0.115478996365736,-1.45824374992816,-0.0313571319239347,-0.142508119139637,-0.503222050319564,-0.0609405055700507,0.477751966172082,-1.67597663440839
2.41544557908693,0.925622477463816,0.678069654647848,-1.59697624523229,0.106955406997613,0.536855892140985,-0.305238674248264,0.0939302990121997,-0.712243219534165,-1.13172293050662,0.724939332171932,0.130448934437435,1.38361839705297,-1.21091372912888,0.381072697484523,0.160743446240128,0.152442196700863,-1.91384649606146,1.8125427671854,-0.530286393627479,-0.0804352367425832,-0.508915592216212,1.23582498249218,0.857588940142501,-1.32550544880614,-1.87649911670619,2.05327664247494,-2.43541762430682,-1.28136824526516,-2.3114339480837,-0.625142845425409,1.33634863366157,-0.633980770773175,0.380942803352696,0.329671765835527,1.57258760782211,2.49993161315159,-0.747922412882636,-0.545912345618711,0.18578524164723,0.97179171425479,0.532860577842291,-1.02259595031982,-0.441644008648812,-0.506414717109901,2.50400905200191,-0.384652339113104,1.82460418890844,-1.68010237550309,-0.0122851565090278
-1.50519520040266,-0.377194438215752,1.72293964668581,2.93913290180333,1.31141332042499,0.947502982387727,-0.404388557527914,-3.44016671380115,-0.225504525172293,1.18901927268927,1.5166225721834,-1.20293322990206,-0.659499881355563,-0.770000996269144,0.113404104530637,0.67559597086504,2.14105993161818,-2.30261141623977,-2.10412075514064,-0.940441529485184,1.7720627874453,-1.34619432256765,1.64018062766699,2.33938813052799,-0.825644786477324,-1.67130835311875,-2.05223407359078,1.07530802357737,-0.556333745709688,-0.590400725183757,0.119564472844889,-0.745044936480746,1.7049459633326,0.980468589044532,1.14524941150435,-0.332926087085124,0.483218225584688,-0.903354153962435,-0.0238461663031479,-0.266658282611955,2.00259387437099,-0.030712645104209,0.268886207325356,3.66808417578075,1.38079894490909,-0.643702387364072,3.21467793935976,-1.81893032574905,0.0105245894217035,1.69146295221396
-0.698625408058366,0.103787264287527,0.38208845487504,3.275799828639,-1.20164374458848,0.961813888944878,0.871461940067607,-0.126445791227316,-0.110265257201989,-0.587116385274738,1.15972076398465,-0.733948865055784,-2.50298553798476,-0.950838830706633,0.733263859426777,1.16447551488716,1.49750523303049,-4.27466804158331,1.29474075542551,0.33440439234563,1.43232673295236,-1.89309321548388,0.990325467404078,2.56004596256321,-4.06040906059396,-1.73088341838469,1.26408279228849,0.875549078986479,-1.50433068783049,-0.964996577763664,-1.88426688255839,2.13011560733693,1.35010915031583,1.48201048713569,0.430111396744687,0.91220537691487,1.53634557468749,-1.82425550281152,-2.18422320460528,1.75849727485001,2.08520127152391,0.40490187425256,1.1707428909097,1.39691393370133,2.52631041644386,-0.995596140699021,2.81289869453615,-0.645899577190601,1.18269383061637,3.40830816630765
-3.15828621099228,0.0959687196960683,0.9956173897175,-1.35985864614053,-2.04215880117958,-0.159728235942037,-0.327935765201052,0.956085388294082,1.64068680225912,-0.264365623772827,-1.50382342111408,0.735762522322142,0.326261504412274,0.524777648917262,-3.93918820321098,0.42019210129057,-0.0851985658449086,1.00858657433136,-0.0461346277058079,2.70315437640779,1.17519107619243,0.522118795459927,-1.28681047446494,-2.12533265973431,1.73474915726096,0.564647567936008,1.43990165227629,-1.72174791137412,1.30254451638948,1.90596786263432,0.651010287021791,1.0433923470296,-0.959954826257146,0.144877298467,0.584108055114035,-1.95044984985507,-1.39602791872889,1.72104278375143,1.34365082332841,0.607177878955734,-0.0502849155753264,-0.808228210548985,0.814720859100595,-1.41451598324592,1.17810551605493,1.2412417701488,-1.47819031096086,-0.513217198244507,-0.622575627773246,-0.211884703942566
-1.29280501172632,-0.389799699962285,-0.5898248126961,2.91344988620957,1.2346579101521,1.28316661344297,-1.18153634189568,-0.861258477444792,0.99508332641518,-0.127969062507633,-0.899512787631538,-3.0036034062287,-0.104542756266032,-1.98055351519058,-1.74558442246987,1.76981418732428,0.781913892033778,-1.09290762358186,-0.302152291955235,0.651543989503313,0.853656329466438,-2.35008549669371,-1.00683605405263,-0.844555601676458,-3.05794042595829,-1.40745543061746,-0.810648849850478,1.02042376554455,-0.241692173741489,-0.322097674735688,0.0320796888754023,-1.82933123373221,0.934956671710621,0.626131971867138,0.71301757857885,2.09238674716185,-0.19913056812071,-3.51476604474309,1.66053121645506,-0.488043235291166,2.40807400673759,1.12071397847525,0.572083614948935,0.523142164553897,-0.647972596217517,-2.17156245677444,2.25057759523892,-0.996904316533764,1.0160617118988,0.873810649925838
-1.89915154614689,0.238768993742173,-2.06155166350854,0.869426906120212,1.76237788807002,1.28733014378714,-1.44761612764514,-3.11006908151375,0.151432905102259,-1.95604148528408,-1.20716258501777,-2.34215806414265,-2.45308707581518,-0.931184627181908,0.160985373940519,0.397286496581381,0.206495905857411,0.855035944658037,-1.85014324238879,-0.462981925924328,-1.77779945535272,-2.49717850597009,-2.5094819070403,1.88182663490674,0.0649661264853186,0.13519454617195,0.607092520847154,1.5424217138893,-1.01196121292386,2.74476725323377,-0.0398006910620392,-0.344179494308184,-0.327400045326735,-0.99300270021784,0.581774558546058,1.16948264776634,-0.0492884650190073,-0.778588216168574,1.80370182203662,-0.498201033825639,-0.908183279039616,-0.0619746603073633,-0.81354810530385,0.994667982464829,0.806013529125644,-1.33433833162166,-0.612331395876609,-2.93498309998265,-1.99199139812024,0.834236822442063
2.2865635503613,0.565631221819524,-0.176245885110184,-0.853018257205743,-0.30956758073115,-1.39351631240831,-0.79872251440528,0.190823018051726,1.07966807766448,2.39851766120818,-0.451685926010336,1.3441873821721,2.53835303405035,1.11246529956282,-3.18401846896276,-2.9683769366764,1.44577860698855,1.83432937969552,0.937928232852736,-1.20714178024586,-2.03634528582965,-0.30087843916782,0.228540398024554,-1.2313865128164,0.830532770057644,0.450123157441578,1.83103504632294,-1.93403341288523,0.303327859488822,0.170650546019505,-1.85748042841481,-0.286524867552424,0.353352873423535,0.791805392787175,-1.93445091676334,-0.746179601320763,-0.273103409187481,2.45885333705123,-0.608503845107369,-0.313130800557428,-1.06098717094229,-0.967040595649597,0.514884633796301,-2.01907399902762,-1.53706264728178,0.982548857690021,-2.62584114862831,0.145363250522545,-0.00587986166174433,-0.362625475914557
-2.47204569824751,1.11787260342776,-0.00325041023021479,-0.236316589328426,-0.995839654825184,-0.179826837756935,1.00455343460416,-0.614675897178969,-1.34247998829657,1.80445261347014,-0.0710746048881015,1.15551766615583,-0.708716273409995,1.97464886679595,-3.87204867092498,-2.69815332351605,-0.814595862964769,2.44770331525112,-1.05559822312668,0.103459850742847,0.141275552278492,2.50883250128025,-2.07272712722871,-1.15083363428484,1.54871323485113,0.0428622119173244,0.390659168108971,-1.64012721184005,0.280318835671913,0.0166255524504249,-1.56502065714727,1.27718080512095,-0.0957917867024912,-2.09794342872852,-1.13246611570908,-0.307867553635783,-1.04115654034224,1.11589303761921,0.830799553628985,-1.01558179163265,-2.15700133030381,-1.56174807767099,0.939905059245464,-1.39706077244749,-1.07487318515789,0.87709972648506,-1.36737889285127,1.58448931918399,1.39769503555967,-1.01193326714647
3.0582254444295,1.84540208201428,2.84853780731854,-2.71247730973953,0.229115000688857,-1.26612128957617,-0.324938088520104,0.371528738807301,-1.11308456552646,-0.84220149479111,1.29172021840074,1.03920018077544,2.06094655414731,-0.561864207208381,2.98423701749732,-2.43202351503167,1.07167483242254,-2.03830302124073,-0.395005796160685,-1.36870733221779,0.464108393771967,2.47333490644387,0.222884294658327,1.05701711764343,-1.70864783388615,-0.318383708415768,0.707478327798481,-1.71661385220705,-0.354596064132943,-1.68837332999606,1.08312363002545,-0.396326066514272,0.200760765501166,-1.51495773099043,-1.30306964588096,1.37064218750283,-0.462260647861234,-0.884300226008769,-0.745034537454308,-0.684943965129662,-0.960999313903781,3.74934260662655,-1.03732432044962,-0.166881199746849,-1.06353813860491,0.832427367890003,0.948861499333821,1.11657178896696,2.14095416118093,0.713515858160012
1.30819885879693,-0.413483430087364,2.41733001353227,-0.389045327113165,1.99856166175266,0.402273391187564,-0.0703482089578587,0.683773060087804,-3.93050344088376,-2.7802022328724,-1.42996277584743,-0.534550598572118,-0.379735369770464,0.163046030462999,0.152339669945861,-1.37241678862769,0.474146233816109,0.820810669427215,-0.6974442666166,1.26876821267421,1.06048792114832,0.308119965148781,1.2848244655674,-1.3192226690696,1.65437014195942,-0.695027492972491,-0.0472712609939793,-1.58164237604662,-0.420068870749706,-0.904440561006631,-0.548815300763421,-1.12664098537566,-0.0484449918913684,-2.20577343173974,-2.23851979051524,-0.316690994319025,0.262248975413232,-0.404671365482544,1.45167217796284,-0.650098895408152,-0.71426558145261,0.0370284267146621,-2.05169186591995,0.730088258528208,-0.84715124280396,1.21276902023067,-0.533642738554987,1.45950982177008,-0.908380904179482,-1.37994105351292
1.24801303667881,0.957874831405807,-0.809639489125058,0.568326978780518,-1.64055535780602,-1.86018394714823,-0.587696677795957,-0.290738325487445,0.0734374440192102,-0.463204475782545,2.41771329645032,0.202719873586487,-2.01885198080882,-1.59871863995015,1.87205380088585,0.987218140902675,0.293586694723252,-1.17503502585321,0.687260575166662,-0.0736500931433119,-1.96492649887597,-2.43595282802938,-1.67395103079132,1.144958831597,-1.33166111713231,-1.49736609889453,-2.47499743910352,-1.75462346978205,-1.67888898592068,0.826517595078999,-0.295409799861244,2.60779121590328,-0.268514703464461,-0.720437232022699,-0.727533723673257,1.99413781444628,2.75473987745028,-0.742699271260313,-0.834590252932726,1.3664493497832,0.0868984450761264,1.75150606390079,-1.99126848706957,0.404905088204127,1.24314452128586,1.10339281126273,0.350788458366821,-0.909620516693163,1.92371368335657,0.479820239935602
2.38428753567629,1.27575822440078,1.18056805267634,-0.778686493219207,0.575301921183754,-1.2404032306756,-0.150079684367083,1.35669956055676,0.101453821332503,-1.20433667089792,0.489055479766783,-0.811522190037646,-1.72362670821611,-2.00440613539885,1.50400306977803,0.902629777742975,1.88350308673873,-2.04835838260721,0.63380691659678,-1.73414809771201,-0.277816036417969,-2.26121963056291,0.26072337477214,2.69007877184122,-0.630374456560855,-0.855366563562819,-2.34997005698561,-0.273813309225816,0.342065495145771,0.21368575775418,0.392846910649419,1.59644905366054,1.63640441365784,0.0754119107015958,0.579762439031892,-1.26486157489423,0.593929118901905,-1.49824174583926,0.467298683313036,2.18950846701946,2.20070101254573,-0.654970816537069,-1.47682605520838,0.707025854585162,0.891302231223839,-0.25878238364855,0.616314603514289,0.242940896648526,-1.18240061220227,-1.35096064570378
-1.41135127545873,0.0425501459372435,-2.08542913453326,1.5314560668639,-0.172854938554165,-0.969736932002089,0.672459844558887,-1.32173771977664,1.81473664907118,-1.40078698009689,-0.720059555676314,-0.603346365892272,-1.14761134126048,-2.36805408621794,-1.01554154404385,1.20950482653668,-0.276640689702254,0.413037060191642,0.579899163694697,0.530411567349954,-2.04125331848011,-1.23779136990827,1.1773335510423,-0.213379743470815,0.96833799332926,1.42616489271124,1.1811676191918,0.477087694721333,1.22467441702586,1.04133704496135,1.65795125529298,1.25592054315316,-1.61293444541809,1.08721204962105,-0.199735856816259,1.96564304563117,-1.01174952252438,-1.01992680828528,1.0079930168248,0.409756355502126,-0.521113357440685,0.794835620969091,0.139361548587783,0.742786113270487,-1.01374692539473,0.988452280938177,-2.06867350587178,-0.0453436610522396,0.549570462994316,0.50059770482337
-1.43396365614233,-1.36168691799321,-2.09226575944893,1.62380750965744,1.90356906794104,-0.91589850016837,2.37740217975293,-0.945655850211879,0.534320013172542,-2.18825084625194,-1.54492636211558,-1.16609592867772,-1.8312443450601,-1.10146164792585,0.442700877436631,1.49927268979339,-1.45050772111845,3.13051225117747,-1.10810058954775,-0.511332045755408,0.35815901929472,-3.31915041661604,1.61246741118132,-2.02287192380249,-0.711917253330695,-0.701714431542773,1.33028664151402,-1.25218910178614,0.118236885526463,2.06209996637523,1.3299001997681,-1.73277119025863,-1.6214252499864,-0.901567822211643,-1.30825393814491,0.799466677109525,-0.165784238309699,-3.17339293037196,-0.602636877704738,1.49167642595901,-0.344027119759775,1.11341764514704,0.953483622404206,0.881819906351606,0.0529494431192784,-0.710586657370943,-1.48062149977628,-0.479797148920823,0.473694841037223,-0.060954901581199
-0.187402031134398,0.452454131700403,0.620483688884022,2.93883944659061,0.0139372600620864,-1.48011255071571,-0.0534546477020755,0.280439195760035,-1.02797872315396,-1.74398064148995,-0.15720499584069,-3.02535437340321,-2.0168440550547,-0.795892321244205,0.717040420618752,2.29779244962151,0.464922391450474,-2.62261829053197,-0.564560152952293,0.871780232360965,-0.682964207254066,-0.901007824694154,-1.08635463166892,0.664582361538661,-1.5159533871227,-0.329504547898706,0.374183144160815,0.909575560914008,-0.0206910168961625,-0.720169555237672,-1.23801972919225,0.0536637364636063,-1.00819935030183,2.55744408794445,1.39546977062037,0.414302469780908,1.38853198498175,-1.44340394972382,0.250026230578223,-0.298097198467002,2.31099572319559,0.986974761598303,0.838372564235548,-0.0624746078577365,2.68269071700753,-3.56227243683267,1.82297159416967,-1.72012915506601,0.0573097050090857,0.781673156725326
-2.03466499904159,0.579750438311157,0.0138114623106142,0.798605485498927,-2.09102781608576,-0.246154104570347,-0.431005549270987,1.19076897335102,0.115741526084593,1.98215171255006,-0.566682185864083,2.2864451958151,-1.80665910488806,0.905251790964717,-1.85330946789101,-1.6824963273789,-2.81143104366466,1.43758717044809,-1.42752759757812,0.994924527800788,-1.56008680689498,0.78319212255219,-1.49974885614509,-3.42587841494514,0.955387555286594,2.04602810522394,0.156732167947608,1.65253133266023,1.89801737185163,-1.1721145993555,1.43623100272998,-1.11151917833396,0.197305891054384,0.262398857305977,-1.58342418016408,0.0190002022232517,0.508626443603099,2.32113056007249,2.49702217235808,-1.6927161100049,-1.39523685480293,-2.82321713740716,0.308764795178274,-2.27096744254436,-0.745857465867886,1.28535008647572,-1.82231925348369,-0.734270188472411,0.31922613768652,-1.74669617615541
1.19397406141184,0.628986367609097,0.323111257645838,0.242708705766921,1.3746825343124,0.317956117094128,0.347629196404575,-0.703818134899216,-0.779501451446816,2.34784474824827,0.0175382755796298,2.61174716267769,0.532909127795673,1.82243207957527,-0.700559411833236,-1.3743538006648,-1.44660127037237,-0.743569330821681,-0.620093562148959,0.591385178958351,0.181205742879351,-0.0958346638254844,1.64709868757381,-1.11298999988725,0.425557463564337,0.392338372408101,0.161310449672032,-0.371549394585912,1.0072319459162,-2.18544014881718,-0.370433272140344,-0.818794987164447,-2.55184366914445,-0.0750928370352021,-0.265551524217663,-0.910585908847277,-1.26239796582618,0.786965898295952,1.1097775548735,-0.22545302984646,-0.342379285705167,-2.83337915920613,-0.0332947831721744,-0.854895443086717,-0.219593144268306,2.29383926061702,1.71936188743017,1.45071856593662,-0.738334715477634,-0.348632970679545
1.91346194953287,-0.142947000378937,-3.93844635930562,-0.338173977974624,0.117370549046322,-1.195387041751,0.0690969137764805,0.907147415223002,1.15960444217282,0.799472855054837,-1.11409728635317,1.70869909531699,1.19346399366998,0.131498360712045,-0.48557720003961,-0.868991330958405,-2.03274019570122,0.19879666361323,1.06044808147761,-1.11744976459307,-0.54416945237904,0.772544524904081,-0.522373773302966,0.232088560138888,0.687634632964742,2.06314810661418,0.128674587781968,-1.01026291573535,-0.136118412745479,-0.692435835461684,-0.837534189213921,-0.672323692780226,0.465817147483071,-0.395313995726823,0.710834755702445,-2.5214951943866,-1.42799908703108,3.25719557126151,0.192828747778481,2.71407348324762,-2.08051831304344,-2.41519434370011,1.65679903635231,-2.06534196818843,-2.57835918499578,3.90536815817757,0.00566631643884883,0.0503687815542624,-0.988674952126438,-1.33550138417672
-3.096749338198,-0.858086381910353,-3.08780129668282,1.03539528889767,1.92154107028801,-2.60142478344422,0.8095966067504,-1.89468639443257,0.875531004948923,-0.285900584611025,-3.72089986387082,-0.220844051989569,0.946789644612382,0.246966675267403,-0.146864333467065,1.54765628005365,1.93418815857181,2.19824942091694,1.74132941169518,-0.210600456949582,-2.05912427702187,-2.26329262002812,-0.992167135681153,-0.800625272650485,0.849484741693314,1.24524892363424,2.32508523098734,-0.566929815528441,2.91730115472617,3.03246406865672,2.29180238045077,0.508835407006144,-1.75048720549869,-3.54830951417149,-0.79209452357409,0.158498651468458,-1.82351159794088,-1.76530433961919,1.4134215087318,1.20038889586551,0.663118611770399,-2.6483236622394,-0.619818819603083,-0.0226412946168312,0.936290975996562,0.853061673015128,-0.0746672261450747,-2.50777053615575,-0.796340127767553,-0.492542047713177
0.421801012605047,1.60905623266738,2.47174731067657,0.298747176692163,-1.82679743871448,0.0519775906071622,-0.815084878081284,0.691243017286846,-0.531274932910048,0.331733396272296,0.99361303021989,0.473805875552796,-0.97005650197339,-1.50063064437596,1.78952199555356,1.84441766269339,-0.340052638927862,-2.46404835172316,-0.823549345631992,-0.751778053818166,-0.664790389273468,-3.27544527389464,2.65562564571191,2.61966358259842,-1.84290955147332,-1.01257618496843,-1.15581132990077,-0.352038131113143,1.30538894292162,-0.892075530352684,-1.16400647888044,1.84498290914134,0.713685324308604,0.630904600714944,-0.820299482321065,0.043732673731098,1.17599840078221,-1.57956794603687,-0.802053135310698,0.75791505839128,3.17402096958826,1.26443054509583,-0.697509816337834,1.09037004732559,2.38447775606248,-2.42392576713697,1.81398873480202,2.10115518200984,-0.0779876759893345,-0.722665540962285
1.48925438297141,-1.35757695908775,-2.45879837536945,2.02973183767015,1.88647853050077,0.682606038068916,-0.00608247670337412,-1.03381488959822,0.137909223735567,0.0876762470701133,-0.209532227193915,-0.335106873027607,-0.789862794003371,-0.685994894794657,-1.58990316641553,1.93786186539924,2.66608275715227,-0.605957784020254,-0.0352349758178707,-0.350932282721955,0.00834604203801421,-1.67656854018021,-0.681961998244109,0.840805501304933,-2.19373499178764,-0.90703070854167,-0.217029291034747,1.71539893887362,-0.734338661426805,1.03019312834912,1.1489529409199,-1.24671721958832,0.571799751111019,0.959372029887211,1.48038271015827,0.292800975767976,-1.38743522025241,-2.65648765194411,0.305366449751326,-1.01655745444657,1.68485758617172,-0.131259034475819,-0.0111293024235523,1.1632583230706,0.580460572546281,-0.645387532633083,0.250216968387312,1.03172402408516,0.438791638582165,0.112949959102435
-0.652647928881085,-0.173493174704077,0.37388601550367,-1.61317817083724,0.285320183579518,0.643659940348672,-0.0421717154269778,-0.496030226701645,-1.24766280673014,0.102334415386083,-1.05117725285037,2.14789859650603,-1.2781730297283,0.497808188900729,0.140735414317826,-1.17244012126672,3.44297025513439,2.6451385548841,-2.26816585573398,0.359235841509636,-0.598987968482285,2.11081625210858,0.0896522267891509,-0.195846696281966,0.238151628696292,-0.146418801440934,-2.05533162962113,0.47068280745585,-0.945371872577596,-1.72078994176289,0.274435668357675,0.578377363037862,0.784886429297115,-2.08461688882055,-1.67326704427862,2.05963717339426,-0.0435721036229173,-0.0520191439955625,0.226580895667292,-0.215364502342255,0.141062679827402,0.312213399525248,1.47514114067837,-0.424968152671175,0.0427339629483594,-0.415031076001703,0.241450522932316,-0.112936349589021,0.161476384106608,0.115584202570532
-0.434262783805585,-1.01400808135528,-3.18816367508721,0.433487745102229,2.32319907357439,0.69413515567032,0.826674867721428,-2.26115770054858,1.31032665566479,-1.71752553216809,-1.10155027930303,-1.29351178425069,-0.208151612470423,2.13313115704655,0.0779610956882841,1.73716216482253,-1.51563648753493,3.14174716732395,0.690600767033686,0.0873056526476263,-1.56030217285397,-1.15147686065064,-1.17995373489893,-0.165263500669665,2.16794591052941,-1.29566747957387,1.01241985942018,0.859999527940665,0.967869098572333,3.16117581959956,-0.670342997753931,1.30568536372315,-1.55580488299805,-0.389857098642096,-0.2233558752765,1.04734724145048,-1.28595335818566,-1.63746476460385,2.19116898531609,-0.149478710883603,-2.21726662999564,-0.551105110455135,1.93246929603933,0.379504706651105,-0.860149889406803,-0.549281740720511,-0.146994610261465,0.276426630412758,-1.23583782176956,0.942826358523368
2.71066981032439,-1.48157448935378,-1.72287165359653,-3.78293814749257,0.935373427903269,0.164033885632866,0.909058952634478,0.660695621948029,2.63087536933805,0.280116603578869,1.49503292340628,-1.38988198157246,3.75415595510064,-0.398710291261548,-0.117988148865457,-1.09850487651674,-1.08715453043143,2.29073672837543,-2.07464586667195,-1.2633269578501,-0.619170477361117,2.28726416660714,1.58468867881619,0.00631912439595709,2.32632566106096,-0.0737102016293346,-0.519456998402751,-1.45856325298639,-1.42078967199245,-0.970011842777435,0.282915650091831,-2.27434429389076,-0.941204301105736,1.67843811334866,0.427184748621633,-1.69963100525067,-1.5430041432899,0.36128957991993,-0.380305897245672,1.21944056188968,-0.729206857253472,-2.04840083969884,0.731594393060151,-1.71435264541045,-2.89767496777439,2.70873558927961,-0.0412528847628511,1.42589071910282,1.24613408595884,-0.287542038982011
0.580980768648024,-1.21706588839309,0.478957240111432,-1.44665161184521,0.141341391176971,0.491115179106003,-0.199945321811067,1.74236945164918,0.0943256899617741,1.95245732511806,-0.357600951531514,2.08302756906312,0.62086660492239,2.56889928448819,-3.08013177035707,0.586675114586681,-2.34270927626422,2.09381388767833,0.719094840826749,-0.747349614443703,-1.08503382375899,2.10485524997841,-1.64533580046036,-1.36093806937439,1.38386333451962,2.00635300456529,3.19537544699246,-0.828837318100761,2.68678560590212,1.57811697588202,-2.96571913184728,-0.0429087808581342,-1.66646913531398,1.6104908263279,-0.964172811461113,-1.78561545245044,-0.879145107293099,1.56970360809483,1.5814969473639,2.15738600577222,1.52572906828015,-1.50269252461387,-1.20649645999415,-2.12040447618584,-2.60554040482715,0.349681249054408,-0.34351350322975,-0.813079272430666,-0.915351666425283,-0.30504261864649
0.717300807466058,-2.21886514245133,-2.16030100635605,-2.77155376943215,-1.92577101724231,-1.36484546703334,0.30127697429706,-0.279523688115792,3.34956393175463,0.674486141205913,0.971578188302762,-1.13567911132242,2.49728172458196,1.99917031924458,-3.10192880835523,-3.15871886624895,-1.57727774381417,1.56806987399851,-0.268866108123947,0.260965360974248,-1.51268837548147,1.17299038440806,1.09234748067783,-1.6226391716081,0.775654457690437,1.19790953757125,0.118376680054378,1.62298055225711,-0.765803462419295,1.35618176971943,0.38849402333626,0.57893854444386,-0.29172676677083,2.44528033332614,1.12086025426835,-1.40564329461063,-1.09313213191558,1.49154168949658,0.239370736797669,2.73408918637876,-0.820836045568426,-3.23603177188516,0.435594779170888,-0.434149377036348,-2.25334884848989,2.97073058870533,0.07956854657286,2.10602009724049,0.564631676528784,-0.348612350669707
-1.68022791529867,-0.798844604821135,-0.88836926055538,-0.864301802857038,-1.56869767721869,-0.413196890183011,0.0908432800672294,1.1484859739463,1.12361384281615,1.45483392425312,0.120735849371619,0.378961066171408,0.813586993522097,-0.530798087347974,-0.873799656215949,-0.320390262132797,-1.03357508797781,1.63179694112795,0.784361411708957,0.439776794007133,-0.275994700538774,-0.556109080378348,-0.667368490133214,-2.77815304266546,0.247137111151766,-0.0641925064052508,1.21000763582787,0.557726832334363,0.907801619210378,-0.335002337532681,-0.404824024549749,-0.904731470806557,-0.781422745860406,-0.740693251989041,-0.440630866851549,0.126328602445314,0.400633827341868,1.03762300959566,1.56399684325564,-0.00074021076829589,-2.74117561393741,-1.38403580826373,-1.11853814403589,-2.31606012258002,-0.242285096803908,0.278669858439344,-2.4003496610856,-0.951350249573317,0.556702712081576,-1.13216704006601
1.65647156506399,-0.00987505174893973,1.98941248341845,0.619356617264428,-0.638374651491195,0.0765548218562791,-1.23469093826349,-0.146966787570173,-1.26878625977415,-0.398637207054337,0.857422426157153,0.172571223342841,0.718700314831077,0.651867269362608,3.47422498909788,-2.29183158151605,1.82370793019248,0.83344274035109,-0.427595774546365,-1.45401304143271,0.955041404916764,0.564146863859539,1.31454252952404,-0.793915533195028,-0.255189742500714,0.373113046136242,0.027832468256525,-0.664169270506212,0.880045459957864,-0.781954935423184,-0.349776891559982,-1.78038579030113,-0.719231098336395,-2.05129979028985,0.10381231797534,-0.447229678865123,0.768651530574142,-1.63410464242736,0.455487341535409,0.0534528680031224,0.392364696154728,-0.166403236869941,0.662930977143592,-1.57044780573282,-0.778741885275289,-0.762109437842093,0.600013894227909,1.52237697203387,-0.484401042719519,1.11109796015534
-2.15793014479207,-0.996189923977098,2.52167181906786,1.04992846219386,-0.991670664279898,0.4621921331332,-1.14450504307332,0.850766009883498,-1.21169422352327,-2.43362606314134,2.48598052830698,0.591931748334732,-1.93324816157697,-0.747838737344649,-0.278774138384167,2.72311506271021,-0.138617066268962,-2.80323429969066,-1.80806105507429,0.650626445301733,0.600926704471754,-0.571726780279988,0.673043347276856,0.510537517810287,-2.38309175419465,-0.804890659616258,-1.29323547742963,0.229158533108466,-1.49350953944387,-2.3269089612693,2.03145857717011,2.19319968630666,1.21346818166797,1.69284970074437,-1.24068151994869,-0.952693718390345,1.20705963109598,0.622969992244825,-0.360084550978276,0.964306847188529,2.55081715103867,2.88612621907278,0.341622141425936,0.952853714050623,3.06729265071223,-1.55043125728168,1.39656503146561,-0.741993574986804,-1.44012870751506,0.0303408231809912
-0.891747036003462,0.0109471258287538,0.568704720692176,1.1060072942613,-1.34649870448616,1.39834304431283,-0.756566656084874,0.0486118335192426,0.841815522778679,-0.994163147186844,1.90519146743463,0.1005334594914,-0.0857274762193358,-1.3447316328309,1.86777496704593,-0.233707631683304,1.57863208181833,-1.77808159081715,-2.32381267084823,0.167293212861183,-3.37848654347041,-2.18022453310115,2.23149083038293,2.22772026625406,-1.41656929368942,-0.818674983312127,-1.28766542707646,-1.00071739844706,-3.07373969425435,-0.317253801861086,-0.720618825032058,2.27149098799341,-0.21331776010091,0.208903831931355,1.16551732313973,1.59755756794795,1.66620753226614,1.23061694629723,-0.0266939602859825,1.19531514799474,1.20595860672894,2.7223664986417,0.767313478458846,0.559761917896382,2.2904440045239,-1.02172237671951,2.21050437584185,-0.144648845634542,-0.198606867131438,-1.44025395098841
-2.1533020376955,-0.948019411287776,-2.96592679756838,1.79117422337186,2.46166019290346,-1.10018262155524,-2.97591212771962,-3.12230731531297,0.540630954816955,-0.0780264799969784,-2.45769195006489,-1.61029500017176,0.654030140844366,0.774365475801615,-1.28510164278522,3.04356435669195,-0.687689372307673,1.69196194184097,2.38525769814157,0.946854510283395,-0.658038555223847,-2.16306677712586,-0.719487813540052,-0.892465399922379,1.89526914830565,0.824388373571818,-0.788373601811791,-0.443103084436294,0.284094313414123,4.10615648134514,2.15985791808716,0.669606076476649,-0.63403922221576,-0.702550438673951,0.654560370373883,2.50201394566288,-1.53312962762466,-0.028627044064851,-1.34277629848166,0.54264869413627,-0.0278792233209329,-0.267468118989854,0.912221330302943,1.06424630573675,0.0736431508400415,-1.51459997512493,-0.527832117227362,0.820305194812924,-0.0685276145711805,0.361614878890189
-1.57316719047862,0.780082775231767,-0.953979445023002,1.38164750293692,2.35084695532693,0.938939884465979,0.951109681834286,0.0863880847792531,0.787224607050092,-0.879644826759698,0.459519125836951,-0.720823547758417,-0.583691158620228,-0.869383169316788,0.217648531444334,0.100983347447348,2.62338812176779,-1.3205483867289,-0.993094298939411,0.0157968505948309,-0.562425752869745,-2.58045030308732,0.127298624837239,0.836547511671351,-2.23679023603119,0.0921332064972843,-0.250552470821901,1.31985902989254,0.694460099564801,0.617051656855771,-1.08954017344891,-1.19676554776913,0.449179069864011,2.14867826098452,1.05048251342128,0.33365854290934,1.35154458373173,-0.481563331881546,-0.699370021490642,-1.5673525807801,0.0402188334400705,1.85033791208286,-0.447484070650374,2.47872756230047,-1.23104323279812,-1.01463153433276,0.109498230980235,0.382907566037067,1.43307614582118,1.24061708390287
1.88835336862624,0.229455577713358,-1.78112290927014,-0.0675264799122703,0.117209757167807,-0.512494170845393,0.729017098133625,0.0692880582663346,1.45424998286097,1.42897053029819,1.40183825477978,0.98098454294127,1.41991306822378,0.658345256603183,-2.74882377394258,0.0381779785371589,-1.62869361664057,1.85100195708898,-0.348921727388244,-3.11871295247314,-1.5372229457994,1.89471868904343,-0.783693327204465,-0.721824755337794,0.942882307558695,0.342083446290824,1.79837527069852,-0.462273709451366,1.3263857437898,-1.36034358077294,-0.313411267367481,-1.10515116023781,-1.48316685111376,0.7416806431359,0.0249800486284778,-2.1260363160978,-0.700040062549048,2.81554778887456,0.845178891980943,2.41307444374595,-0.228055571263682,-2.48290757416845,0.526912390286415,-1.68121048232945,-0.570429440063023,1.66386329199178,1.68749568829532,-0.738274521765506,-0.280903924411019,-0.642897531830612
-1.91092098853854,-0.813749039634743,-1.66875547052656,-1.87809253297906,-1.48644861935246,-0.830572328394805,-1.2056027910316,-0.127453910276315,3.13284934820663,1.25242663291061,-0.216720615759735,0.9336385275674,0.418639164494941,0.966673062623575,-3.58058884549617,-0.885518348058749,0.0407270488540527,3.85621096744693,-0.418740047318065,1.71779121098962,-0.89957124618454,2.75898149653225,-1.26945603457024,-0.608764757352487,0.448245771725583,2.21539764212348,-0.0195686270226647,2.25976813496083,0.326717527721994,0.0402228080906503,-1.02254449448784,-0.343908372161318,0.265515166960975,0.469073552593439,-0.127027913742692,-1.06287489940896,0.435891263467831,0.349048400217089,-0.680554028701489,1.09371948564924,-1.05456194205928,-1.55719563447407,1.54540341209475,-1.13298220237706,-0.709007403754299,2.13446568264634,-1.0649733661103,-1.27937919570143,0.284386250644126,-2.14099567547761
1.91003671444319,1.29872364930289,1.44559867705243,-0.169880961924759,-0.146494333007668,1.24694276683114,-0.661713860858938,0.719327010487997,-1.21980771692973,-0.832672204678536,-0.228477991433409,1.2368019314584,-1.36928266894838,-0.0606461391607513,1.02882308651009,0.542685584778882,-0.773156288981489,-2.64883993727057,-0.625304411697938,-1.25106956513056,-0.777261765898837,-1.87827997625045,1.55079011949936,1.13692990700538,-0.512446003468932,-0.515052710490232,-0.591959524891327,-0.0555499502344228,-0.982043088651901,2.40588727109323,1.18785284241231,1.66083500881582,1.38477286566431,0.242953289097049,0.591025927767714,-0.676099462016534,0.931308417927483,-2.27639116601781,-1.28560256544585,0.969404895984016,1.87012091770049,2.774814241022,0.287354641363184,-0.828783679431451,1.70542226649611,-1.19283715804755,3.08193105233454,-0.760585288728807,0.174327790443006,0.205975606865835
-0.33897827392533,0.820434026346459,1.29359136596351,1.42639155351834,-1.83205183144317,-0.117706219542672,-0.444045331002949,-0.859774277776539,-1.102388212199,0.950752933651674,0.851631200058262,-0.562899071541078,-1.62696739758064,-1.58954326158922,0.600589933665009,2.91165440539148,1.93189417438123,-2.76525493948495,-0.205356531024994,1.161985721861,-1.42147055506601,-0.444151268806052,1.16860840663847,0.582110639077607,-1.86068040555641,-2.67859652755519,0.993517073458259,-0.300973637937563,1.26325329679089,-0.43988755341896,1.0773350148754,-0.577852545622863,-0.101288166513295,2.87884838339931,1.80862570541355,-0.785878506637541,-0.138951762705532,-0.367889500857657,-0.20355161539366,0.36186450721684,2.52324247179691,1.17001553411002,-0.408133646824925,2.5415939002469,1.45618551548763,-0.0688907826996361,1.83683058235146,-0.0870798044460718,-2.40215683415195,-0.926120278113028
-1.04478191296329,-0.552272955337042,-1.63944803930299,-1.89134625444644,-0.334434240160193,0.298122415652664,0.0483657006168366,0.415633933982656,3.03674002682613,2.74332820539836,1.81617610390654,0.0577674262510528,4.32662730987865,0.827945880394291,-3.27386524750474,-1.92167786420432,-2.15870796117374,1.96077897722064,-2.63151799206904,0.747266139595186,-1.83081859031933,1.01453357421167,-1.1276487401441,-0.895869125138531,2.11912883227595,0.958363831635899,1.99009217273214,0.264391913023179,1.2744615931818,0.134266532074964,-2.14860271971397,-0.61158254798202,-0.659486557571634,0.709113759479369,1.3506719823043,-0.142375136947704,-0.584505692247786,1.50023285691243,1.07805213615595,1.7409464833171,-0.867973393374864,0.0986377115772121,0.419273643905193,-3.07325499210529,-1.74875005424653,1.31261722470451,0.49229788291215,-0.969539300588676,-0.253821405078984,-0.337870042459845
0.979339782504416,-0.0861197962044231,0.880374476589805,1.22863654640925,0.559070880617912,1.17404859384193,1.19895584976856,0.775603691301645,0.257299794915136,-1.4574122765191,0.612598840252887,0.00843321203785904,-0.494096083136372,-1.39578297615638,0.869041177315644,0.55191318267427,-1.25092406054798,-2.58812630335458,-0.0843367432053188,0.447499657101652,1.6164886772116,-2.51679295865483,1.19613705816985,3.19209607096413,0.815019399631624,-1.88551820598917,0.0871328581497992,1.4682803931564,-0.0869414609698451,2.2151271647035,-0.899153180504727,0.963033939574977,-0.748910874768691,1.10373487590114,-0.13153745595244,-1.73920920698891,3.10235968231537,0.063696470536616,-1.12511166324278,1.22843693396185,1.69648639999395,1.31590999096099,-0.0793348440857973,1.71866311732298,0.117467828897866,-0.444479663092537,1.49604806512756,-0.216630300694056,-1.43047347657001,1.17242708543608
0.460196738638886,0.167896283868961,-3.34483501693706,-2.62286217929224,-0.129553021898381,-1.11578604136106,1.99451753689677,2.16353349768167,1.77404820218023,2.01637485247019,2.31595105249065,-0.116736377684102,1.76581437135369,1.30183570238586,-1.82046366387947,0.875878471630055,-2.70131241623068,1.30065167579283,0.648204799556011,0.513910061218134,-1.30586255807129,1.35907679456153,-0.919629092837183,0.0179677692380771,2.26797080276572,1.41977462842723,1.81131346343399,0.372163077811209,1.55415212903016,0.0808455590955587,0.127360311809165,-0.476773998759277,-1.91937657931531,0.372190647477112,0.324445668375449,-1.38239554238725,-1.74991249589553,0.508068134063268,1.39025750454808,0.563869483191901,-0.770172521666562,-2.06458269645136,-0.232976047545964,-2.54431557374043,-1.13476586393879,3.61707930819127,0.883436278187656,-0.302138015234688,1.07388483240164,-1.43722668531297
-1.46893051789584,-1.10988308867249,-0.4515638304725,-0.413018810056109,-1.05158223002432,-2.03720886018621,0.502522390239861,0.186577580629861,0.677551243997467,2.45043482659298,-0.46857762949057,1.96046365164952,0.696381716964155,1.64594997064288,-1.93717393840886,-1.1508548555866,-3.23752341722916,2.5990354087632,-0.0275162487348351,0.633271451297804,-0.782471716120394,2.33783977615408,-1.11003257461968,-1.75988620108589,0.868883918019409,3.64862563806123,-0.302052061123155,-0.675797463181535,1.66194853273439,-1.23064889737622,-0.469812541809964,0.435676823909002,0.296602662222415,-0.454326385883346,0.0359366151990241,-0.0700774192528899,0.731324809964472,2.6364912279695,0.547835341419875,0.363346266224635,-0.449438698154516,0.68950008135701,1.07002523440611,-1.80060679617584,0.540670729678414,0.678050241072926,-1.51719194457229,-0.605564058371899,1.61917965865341,-1.83729021641383
2.08980791590781,0.072155934641184,-1.35389271813837,-1.62942421635584,-0.950578638774934,-0.82602156792081,1.211139265766,2.3087755812248,-0.401705789060423,-1.13171150905316,2.63993160567533,0.163389530293226,2.3765942394828,-0.407652329596298,2.69333909679779,-3.00066694471714,-0.387482159538572,-1.85554685503071,3.3385219021536,-0.856069846214887,0.545637609228721,3.18757476997689,-0.691735429837463,0.758544267180323,0.784432583214894,-0.688570612992854,-0.0752616185295493,-0.935824082438011,-0.639182003735619,-2.34160929326005,0.165890559718124,0.195077635362839,0.570823763891832,-3.58624753694076,2.97615327795531,0.498730791287474,0.192959748104633,-1.31815265546743,-0.508377535017142,0.620044291664543,0.301406455469947,2.5654019402862,0.0122828843582744,1.13830569116297,0.881966322936402,-1.59179623975847,2.00149320631182,1.36783194454642,-1.34130422611782,2.09129500266504
1.55844948865215,-2.02884795150327,2.07125314291478,0.257640852979275,-1.35688913186699,-0.957180711742439,1.30031865234433,1.19426376105247,-0.532323551795448,-1.01614432644575,-1.64660482223154,0.375614614357373,0.954053778318322,1.27156740966704,-0.671423533608811,-3.9984578256717,1.80768981631319,3.28436704503937,0.380550360069265,3.44867486951724,-0.683676486159952,1.72360226036072,-0.0181931065412079,-0.378849845666748,-0.918202617849573,-0.375852176150479,-0.981391562684272,0.559473372697583,-1.58918292869173,-0.727246706938751,1.27478493455999,-1.09856251469125,1.10720672493356,-2.72429577540075,-1.32071648279572,1.33390266187767,-0.555066859671769,1.90438468362425,1.11246913601945,-0.555507348743434,-2.36087876724688,0.161822720127947,0.695176721173723,-0.61671060861533,-1.56554824565405,1.60954988912122,-1.28772130935738,2.1571172737534,-0.826077760628794,0.607273872086192
0.704623287246895,0.740664602767141,0.1454584948389,1.25419890595221,0.0117174275767076,0.780739010125136,-0.876766966661128,-1.88131914854415,-0.127978278062214,0.845084742158314,-0.160703855261324,0.956817024546333,-1.50531464636352,-0.720614344655976,1.54654996925077,2.23373559463296,1.5779790899275,-2.90477654854634,0.536231577744002,-1.29561461724804,-0.182586915436452,-1.57494551717043,-0.331759113847388,2.08955906600333,-1.77413544466788,-2.02919482295564,-1.47953397264497,1.56347338189307,-0.259814358050004,-0.0500225160341838,-0.0787027813154771,2.98615989767502,0.883129369430673,2.30841471313481,-0.841391088307423,1.42220648907583,-0.582191061566964,-0.780181118341622,-0.360029870100549,1.33043331664013,2.56402445123563,-0.248065001020994,0.577080005010371,1.54443426402017,1.4844448146738,-1.00721199932454,0.262617176367323,-1.30515500321312,-2.2854417625393,0.920403727778312
0.646213003241912,1.48705962869907,1.0339498000142,-1.91080396131615,-0.154428138133934,-1.12481158392128,-0.329854433237856,-1.23277878064116,-0.589750010639753,-1.26369499795685,2.58141889190007,1.06382126630033,1.86280951828431,-0.349104440910159,0.0920899706799404,1.70261261360897,-0.683851672535978,-2.14910197345466,0.388941976039848,0.979492149320316,-0.272311673525924,-0.527203936486338,2.03973994213429,1.51333966041127,-3.2269925976182,-1.13535732808865,-0.277420098012273,-0.0814346105132305,-0.0739573518928602,-1.10265569838102,0.242566816478522,3.30645663235466,-0.280596627338793,0.104096666984492,0.296226030692982,-0.846624703148286,1.10524369433474,-2.43938201680565,1.41276303180517,1.98422242235991,-0.487396049713409,2.58820908094787,0.267817963285091,0.622673419442969,-1.46132431869171,0.272825292031144,1.44863082859274,-0.792221602507119,-1.46862168793701,-0.561030486353596
1.05873698285273,-1.28882760215345,1.86188719562437,1.81042548015958,0.0256241469036369,0.906714720765708,-0.282097189468521,2.66671573463465,0.250197216676768,-0.814202577636147,-0.0975281246422529,0.17479602402011,-2.14552638166652,-0.674399561466298,1.06639030588814,2.09175011020722,1.8204127316088,-2.86448182422911,-2.31970847223768,1.80257980090104,1.36069959890818,0.618918125181799,-0.432923381210961,2.42276827592553,-3.32398319421653,-1.32460451414788,-2.29867113733706,1.82127162606031,-0.543696098182618,-0.106381246356136,-0.806499927342004,0.810209501520055,-2.01162178964575,2.05298639755303,1.70444615093342,-1.19472040765224,0.853040216890145,-1.12099070329863,-0.503909144594538,1.19479185587348,3.43677518777804,2.57447779399798,-0.541175116368484,0.92349758758983,2.43287908160714,-2.6184256737322,2.83175783747587,0.930502723593214,0.385603249772547,0.557638714514915
-1.63178164433103,0.183614713094426,-0.0772855383666988,-1.44420174260055,-0.786690658886731,0.622016156580015,-1.73458108520796,-0.0448998651420658,-1.7238754673896,0.487898969169004,-3.1215925215868,0.125197648931048,0.76914076728552,-0.342281097462837,0.198327831603471,-0.620815640751647,-0.0491309509321352,3.29577151476857,-0.332737799918582,1.53399199485414,1.54243705252269,0.0822834348617764,2.13195717376124,-1.71710774112616,1.24076134961445,0.202953607189884,0.881233914873266,0.193154359531943,0.0374372882138065,0.283926616138849,-0.612047182540341,0.85774734958488,-0.239245703966989,-0.332237512938078,-2.05056522993836,0.316950476574113,-0.133070895101798,0.704509533317045,0.71251249203203,-2.66607544561386,-2.38955825284426,-2.41401565697744,-1.04511241695924,-0.524123938833731,-0.0474566173142512,-0.475023794407892,-1.47581049717867,1.21610400086738,-0.857153960224727,-1.28002092152903
-1.14282844859081,0.540328834763338,1.55281839481488,-0.352854294317648,1.91957884198661,2.30843344215819,-0.958295721990098,1.55364922278386,-2.25885007768918,0.805781755154688,-0.811235742184608,0.154502355672195,-0.458255135511351,1.55543863287174,-0.553352169829804,-1.55016111028957,-1.0877910440184,2.53033467277985,-0.355940432557509,-0.0891998815254478,1.07685577675546,0.748809182280722,1.04635704049434,-0.956134632306952,2.24971023998662,-0.647335184218104,0.269421756547501,0.203013518573646,-0.109622551801237,-0.436055487118377,-1.69203898000331,-0.34169774638498,0.75159668317826,-2.12845917554271,-0.629072318613625,0.647442604964901,-1.77700635875666,1.64631159186811,0.558809149867663,-2.36539143866706,0.0684152966658684,-1.25642533665926,-1.51808937251228,0.18561258688308,-1.51717363336772,0.093926814113402,1.63059749082942,1.90561068345395,-0.0235738808777835,-0.988959139695756
1.97226036540743,1.94582308784147,-2.11135136003262,-1.22076715212287,-2.82868278876409,1.12417018501978,1.10086587890408,0.126555169112305,-0.255696524783872,0.380285232187148,0.549021390975166,-0.182664132431423,1.65694438282052,0.605003761357189,2.6223591738772,-1.45394779921089,0.994218119051009,-1.57186570371047,-0.57016738489127,0.98117315100614,2.04340946009155,-0.305772865847291,1.35320726644753,-0.0539398275158864,-3.45663282543409,0.428080430055263,-2.44466685676463,-0.950034896142281,-1.11491887658478,-2.7404142083677,-0.0904651141886267,-0.818243547426033,-0.111991257905868,-0.853154498612811,-0.409917681087294,0.626161015998347,0.16860075280334,-1.43670361541555,-0.649068655987054,-1.73590610438571,0.429495535041344,1.59264139815434,-2.52884505175042,-0.87263360312993,-0.3391012936257,0.98783354022201,1.21509090625943,-0.24440967367844,-1.83574354046632,0.850960077117456
1.88394513083877,1.63796411146727,1.98791266330147,-0.491392004383147,0.259856460298068,0.261457915788112,-0.744664239625633,0.0536874547435543,-0.0705829653513073,-1.52482147375868,1.64380470670581,0.360902102141684,-0.518181409238519,-0.878799605177314,0.49089791160116,-1.96756438090465,-3.06501210032526,-3.34981842516028,0.795181107569399,0.676949764358264,-0.52525716911016,-0.3190824851571,1.36262918141933,1.66978369848621,-0.872286642791259,0.404073944776188,0.325482221890849,1.32225228659184,-1.39449721356814,-1.2689671588889,0.530202988654478,1.08411692492533,-0.489988316431673,-0.656885719701274,0.185173907352583,-0.739789568218813,1.03497338065819,-0.338853723455151,-2.33470139986016,1.55344245501012,0.90917030520072,2.61151835946591,-0.73364342933823,1.06619321107599,-0.0499685658472833,-1.04581197918877,1.23753701573024,2.8672909983835,0.600039877817259,1.10551755509304
-0.943304888152524,-1.87892537285401,-0.114166808561912,0.839996671427477,-0.341335064891922,0.0979167643791387,0.149318212941974,-1.9006524076099,-0.373878642055133,0.330123689535788,0.808947560120054,-0.0904855677610445,-2.00177819225657,-1.06101726238377,0.85574966439562,1.75391638515591,0.881775962406929,-3.11250741767118,-1.45918654440923,0.817289478947473,0.362964492368065,-3.01850277665179,2.32862126596375,3.97782929141314,-2.23786681497355,-0.947651413227359,-1.16261530360269,1.06721550154578,1.26581176674938,0.695185455535497,-1.63277465690315,-0.429991728871996,-0.014053915112392,2.49780269248807,0.0367558989688854,-1.15079968477143,-0.965316510857004,-0.108434028461277,-1.16016579209361,-1.07666676934841,1.55665659560656,2.17241005322422,0.818597951023632,4.01029493388931,1.24030759170732,-0.192565011547833,-0.0548663303371799,-1.54499718515279,-0.148750200658274,-1.04757715256955
2.05068663355859,0.0910180389540177,0.483053896090094,-2.43209760502107,1.52994630248349,-0.276227185842888,-0.28362579301415,1.37355705748356,0.969628735497861,-0.654016425675981,1.31764030912169,-0.740774263074855,1.76664667474724,-1.31894772519109,3.54118541119796,-0.504396002382952,-1.50053884841782,-2.26946005725629,1.1750696699796,-2.949320483281,-0.171197642002498,-0.568619893989162,2.52923362720809,0.723380538823378,-0.913966019480813,0.650109828553931,0.149002418305296,0.0307760566932959,-0.100846251237296,-0.459166042711661,-1.08616980191343,1.46554981007824,0.814811203916923,1.18669260911694,0.971603777679926,-0.775930706527676,2.23284525346086,-0.147487333407748,-1.74280079453964,0.450372990331268,-0.303616811594831,2.47673932015771,-1.65007462827396,0.464584776797839,1.79616658296513,-0.531128848973309,0.179580383102309,0.946765039230893,2.71826377850198,-1.31796014306515
-1.5504703925399,-1.95439817863734,-1.72505055177311,-0.937434991608816,-1.85904036513414,0.393070010468308,0.555422721945942,-2.71791017506483,0.0628350675271669,2.039955723838,1.77510898058895,1.58911714403919,0.155992341840247,1.61895264280697,-2.59559717580432,-1.04795053284923,-3.0401277552068,2.41354425933193,0.00537951283390909,0.237168525108594,-1.717103476782,1.14517433773303,-1.99195282937864,-0.8665172509964,2.27704225853242,1.7533611345001,1.89554523365016,-0.0794839256935045,2.61547870997178,-1.56925712784676,-0.287694391867344,-2.05137271659372,0.0482232611558298,-1.92319983650101,0.168299832418237,-1.23814065994191,-1.23121978361797,1.7612455974474,0.0498342570318595,0.146395760203707,0.79457559407987,-0.777055181026183,0.555761515711997,-1.77354229987319,-0.331618594712802,0.934889264601921,-2.03783824372685,-2.71550867660076,0.533300278889203,-2.99352394457592
-0.574363099530015,0.600460105769431,-1.32491301792628,-0.491461857192962,-0.957862329155491,2.17880001949409,-1.30991986564492,1.17250773733916,1.83226118666604,2.98788853634065,0.178930707213461,1.4143322100509,0.449938953424606,0.842298807913569,-0.277134712069861,0.70450750115107,-2.7978846292202,2.06441071248778,2.13016333496991,1.20662298494661,-2.95226214911073,0.508378579244,-0.228113875674303,-0.786806580316378,0.506135193060575,1.27486458008497,-0.294374487625003,-0.353935732258532,0.71294566869698,0.368794815387305,1.56430013343552,-1.27773674530395,0.0184610134070381,0.559152044818089,0.246457089188783,-2.54515108600138,-0.944652564998834,2.18642833180918,0.894757412132393,-0.0864503508056001,-1.73418600612393,-1.68134389060321,1.52834462173324,-0.87340226287785,-1.76811450851127,-0.110281075386949,-2.77636867878961,1.24461046814481,-0.197548925127026,-0.273999094585522
0.198264086160237,0.903225378536244,-1.80711418819099,-0.580293722731296,0.894570090468061,0.488015044861777,-0.460214337218644,1.06718048193477,4.08789039560019,-0.668246358758031,2.52294959242373,-1.26285714059028,2.47993811258088,0.791476847135432,-0.511627057379088,-1.13055297985521,-2.27617662446123,1.33929455040797,-0.147043557279139,2.6040231100536,-0.422722491085916,2.09490305422149,1.45787480149708,-1.55112747761526,2.92485693680062,1.1002151239864,-0.0759948525423501,0.0537652182159542,0.282904957501168,0.981584990878995,0.059942114860741,-0.860027051620718,-1.16162059420758,1.04158844013047,-0.155057297248459,-2.16789019265875,-1.12317615905051,-0.54528112154659,1.43142944070585,1.79420378447608,-2.3014787273378,-1.52083717032985,0.322215458295718,-2.37710542486294,-1.72669473913258,3.28335080808561,-0.627820713839312,0.348462286051189,-1.41540307473975,-0.787625281364138
-0.641453964416222,-1.07575345780111,1.39214063483703,-1.60157276015386,-3.50780415280971,0.148246240174288,0.125379035724524,0.881024086198252,-1.91351576832942,-1.14900816598543,-0.412542483575297,0.100152058077246,0.0697016993350803,-0.594440316327207,1.20586881733055,-3.5802611731376,0.519985946831076,0.772871393051902,1.193001064571,2.16965442574381,0.908789182792139,2.36395511104916,-0.818558051289463,-1.78061005493787,1.75824126225558,-0.584012294214578,1.9338787180583,-1.08485273529128,-0.0886395149722494,-0.877887137844887,-0.59598636738952,-0.0803073122563372,0.748142840133246,-3.06738009762168,-1.08257517335255,2.64698136876271,-0.884614510086166,-2.05325316613878,-0.613476724902588,0.690187298338062,0.122405773026525,-0.21291747130504,-0.463304996131155,0.697228709396356,-1.92881015279811,0.226663303107609,1.95112172578204,0.713451667445601,-1.07388714526398,-0.448289571075465
-1.93205357396399,0.853443989932703,-0.159618091724869,-1.32153514857814,-0.390614119698672,-1.50961000673348,0.444671829518071,-2.69350391083083,0.73692595433115,-0.0547295788070197,0.426957263495564,-0.0635320144281364,-0.831434430741607,0.427723546858719,-0.73992348652491,0.619769214171742,2.16831410359623,-2.61910111596589,-0.552202439786828,-0.0620351366710963,-1.03222978127076,-1.73899606924516,0.00840574884121754,3.58958178108921,-0.740583131556824,-4.65000388251464,-3.44089572742495,1.19624766383034,-0.0594162087287515,1.25073988723989,-0.798194997962074,-0.882734801009385,1.23313259348393,3.00305065119034,-0.0554744589539964,0.452387274669782,0.111594306564776,-0.530593200596711,1.11938454151383,-2.71853217297274,1.29819737909635,2.07248231608041,0.093858700569714,0.213602338513218,1.57839651919771,-1.17986862638306,2.41995450385439,-1.26654320773176,0.587769104367974,-0.337963192725378
-2.0733759235199,-0.656070504014366,1.22007499964587,4.52204604931432,0.724593384522368,0.965221618793757,-1.97556132521902,-0.0121849456832945,0.426923187601057,-0.921367317394967,1.20747570905781,-0.722381206523638,-0.555274692765169,-0.402976059262382,0.752071468901669,2.33112733993176,2.63751650986028,-2.16778838678009,0.113215685682707,1.88630980622251,2.09762666134291,-1.73561241026853,0.654925037961357,-0.364783906047025,-2.41660812881543,-2.01846354878263,0.645436036455992,-0.0265936424111122,-0.7589465398486,-1.09519009849786,0.194861500033065,-2.19737352648129,2.74772572921545,0.487611087299855,-0.15109726343948,0.922308370014568,1.16659171698898,-0.566797529496926,0.54003529843042,0.000580359448655865,0.884128118561762,0.664432820846237,-0.443563032096131,2.68363060174102,1.19844096262405,-1.55415793924477,2.83941261240682,-0.972342593097276,2.06356354583027,0.0906812949697752
0.123045018170445,0.801608513355111,0.113672331554307,1.87910599122634,0.429169688914208,-1.3737585460089,-0.730450612430179,-1.15049488027433,0.287351858565912,-1.13224178531952,-0.388974354812434,-1.05069752073955,-1.83278814328696,0.262200490521271,0.527137892949788,1.63644540744145,1.69990691601105,-2.33540306603,-0.653318843594916,-0.707993567315475,-0.35515865704109,-3.4136893843014,0.182818057316836,1.8964349418344,-2.78542131519655,-1.74077327990723,-0.151729732327987,3.39972537862525,-0.525690931077954,0.827550990982834,-1.9941267472258,0.234727262829704,0.771218820298696,-0.307421410986059,0.948864375898913,0.700160469654642,1.4827218369479,-1.52033902700296,-0.969862847392496,-1.07782166429159,1.84903079853557,1.64876191924893,0.998264876134072,1.37827480785611,2.13551425997251,-1.78196980306279,1.21296648138856,1.44107993543206,-1.1104702636122,2.2500641905754
-1.61948794441749,1.14689886885184,2.83015194197616,0.80361861488998,-0.126117898741054,-0.110987630648476,0.428014902203876,1.09608167060357,1.389619519278,1.23108904653886,-1.03702458701155,0.616785071004846,0.382605260834054,1.04944366941648,-2.89936953286889,-0.481825629530568,0.135051659889542,2.67694303373337,-2.25973850070711,2.35024612217081,1.12655948725473,1.19966669493085,0.413701500869945,-1.29601553748637,3.47555802731196,1.22265008388792,0.969029763375648,-0.220944908001546,-0.294654901102265,-0.217015714760995,0.152406588992245,-0.48217352455532,0.95178379640811,-0.285409357557141,1.06814260712138,0.198840239116948,-0.232648838308374,2.19753396798654,1.51917942903539,-1.01989054213004,-1.95108553408614,-0.646774261892232,-0.941917096967962,-2.33917643362328,-0.0282551585429815,1.21634309735867,-1.08183000326252,0.0499127359598823,0.255393921639267,0.176796899645033
-0.261331494072975,1.65345663706805,-2.57663867963829,0.774003812374455,2.65242431603434,0.256152343454203,1.10677435815709,-1.61232117543769,0.496450064776522,-0.675568152251017,-0.860505699782707,-0.492730749829081,-1.77284240747471,-0.30941464981371,-0.332442084254817,0.985200333542592,-1.29837326942589,3.30048479039026,0.0589866755731569,-0.310677691311709,-0.470752213878086,-5.02281723052651,-0.695649489955225,0.82638077645904,1.10988392979835,-0.986798689274373,0.300957791022701,0.130524099789203,1.81313750033923,1.2488665753858,1.83404034211374,-1.20635740847332,-0.571765454918934,-0.785686207829042,-0.887198978596724,2.59629482571622,0.0186373127484656,-0.581973679214163,0.0928434472759151,-1.0302406135805,-1.27053611853023,-1.14874033270972,-0.194985210108699,-0.660723700085234,0.379015769490232,0.364073139373158,-1.4640013003537,0.519810677506833,0.847777627749644,-0.201749914832155
0.544033159623792,1.02385240274056,1.03342396949385,-2.03430354255407,-0.869072425733282,1.33295535371119,0.184402618189571,0.382428155635482,-0.16467800039931,-1.2441407046987,1.75659511368482,0.685125676956212,-1.09625856184284,-1.00355640282176,2.2511244052404,-1.03495870323286,0.722961075631251,-1.19317558682065,1.26767692596466,-0.982252727245945,0.368467226668521,-0.244207713714408,1.23672983447984,0.0856701481127921,0.16484532368743,-0.491324830723584,-1.56043540109219,-1.25861566957784,-2.26866947624072,-2.42458082673182,0.549990108763753,1.60034240214913,1.18529629578432,-0.347683052935258,2.07253322830238,1.22953095356892,2.19775087476039,0.370631732097057,-1.40799661435827,0.177746495880082,1.51239434302443,2.19537389952682,-0.762127687100763,-0.481430904525277,-1.95456656934013,-0.886997545034869,-0.608098508935449,1.77056111791435,-0.715842123518879,0.493413934829446
-0.103769594315872,0.108547186711435,-0.803802778526223,0.0415041495718186,-1.24285843879908,-0.333052015257441,-0.840549648026763,0.271665773383657,1.38075590905063,2.81449502327976,-1.22930934671403,0.943554283386288,0.916594508589403,1.4676292746718,-0.937138663351133,-1.79493171038638,-2.75641741487652,1.89633808417033,1.47761600123448,1.77212294268146,-1.3542149163503,0.235425469942103,-1.98326549302965,-2.42262299341633,2.07626369603583,1.89110942976991,1.65484327679124,-1.95393025727977,1.69518506679738,0.757891112109176,0.383818488201828,-2.52313055142905,-1.11454890967177,-0.159917957100096,-0.559024134990664,-1.16528910444926,1.25340966222035,2.31545076263464,0.312558103653106,0.802118161741227,-0.973125458414381,0.46309136033751,0.682780283439228,-2.03836145649801,-1.6945608337868,0.911894997981027,0.612049645332596,-2.26900025252461,-0.0694900593028202,-4.0265884114791
1.02076725587984,0.889074190720091,-0.0677312004952859,-3.04863327821936,-0.946070153480816,-0.732948420137311,-0.763109545794343,-0.189100709361252,1.23345133906823,-0.0185920483230989,2.64960103004751,0.730512424578552,0.162918769985638,-0.187890430040865,2.87379278101683,-1.68162033938034,1.48647148062565,-2.25990574768888,0.0279448233735778,-0.810854323465558,0.805305921688331,0.834883357124751,0.216671245152909,0.963910216127204,-0.961831424133296,0.191114263108742,1.86685231545584,-3.46740660034546,-0.914393110612096,-1.17491095328866,0.34526916018994,1.58494627004124,1.0541931093855,-0.165975438677559,0.288490819770945,0.462761085272971,2.06855365672204,1.57948390086756,-0.225338172691747,-0.811823807794073,-1.05775900232256,2.12489989591288,0.626970307963304,0.544478061888665,-0.413330067636382,1.32957727724659,0.629864355848533,1.28978621756521,0.767367696234176,1.25895132528175
-1.77092256247376,0.626397502558082,1.07694089592958,-1.09179310087344,-0.253609448653491,0.76229410841123,-0.0473861895273806,-0.440668033133118,-0.661206954073898,1.96343781277255,-1.04502880239424,2.84832912448988,-0.598890880390065,2.36329858599146,-1.39236241522476,-1.69506509813725,-1.02369025141076,0.588018571434694,1.18470123752186,1.05427447668457,-0.616940110642476,0.922089986487905,-2.33308726501938,-1.87854448921659,1.35835189732867,2.2039255486201,0.0885469060913316,-1.59962487774721,-0.364436160191085,0.592915968687731,-0.866583781936363,-0.494870251166607,0.244174698743837,0.60332934746343,-2.88624509150851,-0.79064084297889,-0.0786910340988906,2.62443154277462,1.40059659159827,-0.131036438118731,0.823648895873414,-0.561600304809203,1.06162334896084,-2.43064681009308,-0.703399149654727,0.976682797200487,-2.97377187654607,-0.136410168849095,-0.133207368719972,-0.57734346109737
0.0663118772277957,-1.34270792596066,2.06550323785405,0.0236815256760511,0.77538117918074,0.516569928387435,0.645168612092413,0.4233889326516,-1.71559223125689,0.849959701948695,-1.7657500907888,0.749690657180874,-0.169445855848332,0.274036879873775,-2.14918859162229,-1.46030958682884,0.0244702955865291,0.57665513068157,-0.0304471606776479,0.696436413550344,1.36905343090983,0.0271082804810195,0.143582509103014,-1.65554211542695,1.30628205421543,0.0320971562250556,0.548179701439956,0.466506359917677,1.23172310212047,-0.365191127156192,0.14410237158293,-1.48209819462577,-0.169422957222067,-2.14218520291276,0.115086813884774,-0.393984073200714,-0.594531233902646,0.835003555364116,0.432873478606807,-0.682875566503015,-1.82177136902429,-0.263418378039944,0.37933273117646,-1.72392478101149,0.0592863798175179,0.829613365543533,-0.881058605242858,0.618973356594768,0.815114842239118,-3.49914189061007
2.34633775756832,1.15801872025577,-4.00916921764659,-2.97865907568837,2.47667087928482,-0.991116938592623,0.633726915360704,2.5096861451782,2.28511323842409,-0.304058365865688,1.3048363618086,-2.19845992768841,2.5593407335491,-0.340870493024728,-1.01162067249938,-1.73316981192299,0.508252484140876,3.28049613372528,-1.2529239309103,-1.94068466945833,0.327586200311817,1.76041211134721,2.36371480587143,-0.725817316934999,0.378100355664398,1.7879417856183,-1.46116195545091,-1.09613931183785,0.475719379707857,0.558777934323318,0.36679856819649,-0.698895337539753,1.07324210033284,-1.36078076117044,1.56392759259051,-2.93563826202368,-2.3057914007903,1.12842982301704,3.39371648205607,1.46795332476647,0.33908321700749,-2.67302019512988,1.68743662504664,-0.967318679762499,-2.47953883567371,3.4027460277967,2.45379597981916,2.17064653152836,0.627314133127908,0.520140570133586
-0.999582317069813,-0.959111501921765,2.17377908245091,1.9401959841807,-0.620016191125352,2.14202945651979,0.0829030183295706,0.329766969458175,-1.85808912403771,-1.40477611078614,-2.50055789823802,-1.27064841941863,0.636549803131937,-0.683766662607191,0.158326326327956,-1.05954360118722,0.792507471925624,1.55170322590336,-0.691907045628975,0.483707026160519,3.39150671560511,0.372576306478108,0.126413355796946,-3.34004513058776,2.71922568782727,-0.389986987757921,0.30368712684676,-0.891767000666319,0.807324221263716,-0.883669015807434,-1.1391214970953,1.90990118427423,0.0590462243334925,-2.99258403579037,-1.3984852093537,0.0691989059310424,-1.14393948276687,-0.887755511958617,0.595352629815257,-0.0657183081570833,-0.667834826547727,-1.76960235269421,-0.470659544891239,0.894597542788456,-0.718259935892362,0.0331811299917547,0.840945143480261,2.19442426123305,0.245411921695689,0.426118549494896
0.175489959287835,0.0355016058724949,0.927547928544595,-1.1047950915133,0.535744281831949,2.46423719319406,-1.83612482705586,-0.324438475674115,-0.461997161999094,1.10714651763962,-1.72226938647386,-0.945829420239841,0.543338305701241,-0.506973213282607,-1.36581335436629,-3.02190892627327,-0.10545318425093,2.24401654548762,0.431354643356303,1.81507377504175,1.66721520858385,0.89836540116357,-0.667484324552235,-0.842658086275638,1.70847360224875,1.4402521300761,0.466777269326363,-2.74259931934791,0.567415167030857,-1.63873095266979,0.449961244465404,-1.34704153226538,-0.030569893003629,-1.62622705628167,0.185001419104822,0.877986233488388,-3.4362292288768,-0.342727932051355,0.160008317687608,-0.948464292575864,0.123744064382902,-1.05136235122664,1.0924480446868,-0.706017059180107,-1.70848205221971,-0.0520312600981212,0.0151427194477074,1.22168427850449,-2.04838675911862,0.329194520529391
2.24521140233821,1.83360416849585,-0.593096582674083,-0.491141282914451,-0.169061858991803,1.31433954314975,-0.572932228119819,-1.6164732225116,-1.58577832310033,0.170295167702264,1.72693337767819,1.66034081189439,1.39475501641109,0.465541000080374,2.08716223126977,-2.23862121893715,0.746571966356649,-0.859941128766664,0.468477948216109,-1.46459449876426,1.53015696410926,2.00664551048016,1.24946534470851,-0.949116661167247,-0.221502090173291,-0.196810827904745,-0.833136709137236,-1.38020663592722,-1.95987763528519,0.477312448861062,0.933612011598064,-0.0192952667620515,0.423950600187474,-0.641511142446273,-0.402251121514149,0.280813169531183,0.583540196614686,-1.23325060842377,2.53757621002755,0.165590988308904,1.00291486310143,2.72913415697724,0.687857017623233,0.779068297862485,-1.55992386420269,0.732466317207832,-0.869236707908398,1.18059237056451,-1.36299227718609,1.52431013757652
1.89634464921215,0.460737172498674,1.04609001471773,-1.79142434983526,1.79276489330858,-0.502530693837167,-0.680842285664703,0.78607872907138,-0.796650893720496,0.280832584485826,-1.23187097789968,-0.300785544508647,0.016021938889125,-0.176759045662882,1.77832745219105,-2.55253689748818,0.873233244943425,0.82200000072916,0.376320575849564,-0.204816429142276,1.69930671130022,-0.339908462718885,-0.862778715429051,-1.27409233059541,0.353183221068524,-0.4369885341167,0.772450173750537,0.0120051532050162,-1.90408741151515,-1.56604627105004,0.817823438261854,0.9197040564699,-0.141506619915494,-2.14209129722135,-1.01708602687623,1.88524678398491,-0.6377377884501,0.424358244172769,1.41624953975689,-0.270605770695397,-1.34859604365901,0.358394884403,0.509853677172847,0.342306605729826,-1.16204365557739,-0.624285657601178,-0.326230777570857,2.37838465266232,0.009021592548761,0.343599548858146
2.77018368009999,1.49391316987001,-2.49058161369409,-0.37131232048258,0.345022597211214,-0.641259343926052,1.42326815275042,1.12268205799325,2.36113636029699,0.0880133830392176,1.25653917029141,-1.76746553399404,2.35976698352722,-0.0487570733826289,-2.23639065061537,-1.68077164127508,-0.233276581628281,1.76873130095668,0.802937023827313,-1.07662715688043,-0.915333276929509,2.48176860589657,1.43441218790489,-0.71913661242812,-0.0432288797862304,1.34862724376716,0.180335722174353,-0.575838015810413,-0.707548382147943,-1.49130632887811,-0.873036007953258,-2.55775965593447,1.10533102145806,-0.783144404231958,1.57437286249751,-2.78446880876308,-2.34372634962289,0.182090773480865,1.28252118845828,1.76875294348155,-1.17247761240284,-3.85593804896683,-0.213665579680448,-3.05881920727331,-4.2081266134386,1.48168752100731,-1.89111340760124,1.53301592630045,0.274335244163345,-0.983704954495828
-4.16264532424523,2.1737249723756,-2.39932807123202,1.44467256132587,2.87780974933385,-4.64393795867688,1.29078738410246,-2.70480082483436,0.154147314901802,1.31613718199556,-2.83652498540285,-1.41773263618239,0.349737398643846,0.78440131814971,-0.210361528149915,1.80946475419267,0.0625399705856215,4.80674192598842,3.96172709963282,0.994196788159332,-1.94155177261953,-0.747886420515427,-2.68302913064829,-2.46113289200578,1.28954244371624,0.644014432686663,-0.301387757409178,1.07156392106177,0.981634731123191,2.20657955898191,0.547559025810798,1.32963966609638,-2.97143045865134,-3.28067508373641,1.51497823872793,1.51058607251522,-0.653146981932716,-1.25127277911529,1.05087729942574,2.95029784923086,0.947728341945396,-2.35295662895544,-1.88137459589162,1.71419736663807,-0.870640702705223,0.533953194209716,-3.03266731528228,-0.0230621764513407,1.19835442537813,0.114978608159375
-2.95981634649276,-0.650368306326622,-1.46205447786181,0.836316075026235,1.52132065227487,-1.90330017421572,1.30679410095911,-0.687119031998966,-1.32497112518991,0.856897766447669,-1.91864874796396,-0.402416913884438,-0.050817119126669,-0.671075264527819,-1.16166991604317,0.210061679414687,-0.265171425501098,2.80908130767184,-0.183536785798336,-1.43479689261558,-2.54197384629973,-0.432761936968253,-0.47724706272202,-1.22879979826134,1.10017364095706,0.116555380775374,1.82676247534626,1.09468097362045,1.68592438794983,0.537096877689341,3.27267297826838,1.70738902923802,-0.611915727613441,-2.44314693354136,1.87560380417533,3.451221836942,-0.775358529684622,-2.70132751058596,-0.64769316039039,-1.35870283435697,-1.09014344556731,-1.07117539660565,1.78625003180309,1.88496821119043,2.33537875859962,0.544663182023804,-2.21620409833824,-0.617544613144766,0.212684804742943,-1.38708161104733
-0.66490452267048,1.06300992749135,2.29620472166234,1.74107052260037,-1.55627261955487,1.79314432542694,-0.0903400431044809,-1.15593496639874,0.922173812935419,0.244656699744269,2.79895222826086,-0.663318234838276,-1.82362120686482,-1.4744980323504,-2.22021304177962,1.36799263255637,3.20112783816761,-3.46544201415508,-1.64726720419512,0.222793078712587,0.493938486191616,0.387020786372961,0.78634829339568,1.78629413267106,-2.85514836874203,-1.45350051338264,0.40858197689203,0.416726890402531,-0.408937567029158,-0.842173642563959,-0.935029148575933,-0.220614596152626,1.35692410352955,4.04728236599523,-0.27448959860887,0.910094965662203,1.30635226197853,-0.0511652840331996,-0.92039805657772,0.593882699358074,2.6834148295428,1.05862688547735,-0.295432270132484,2.02595394224963,-0.457886365426145,-2.57712715133738,1.44887841250527,-0.504302508429404,-0.623498287250672,0.453316121571089
0.156892980268245,-1.17082603024179,0.629740379250786,-0.899103171311443,1.37485282017136,-0.0752105804525518,-2.29780826738109,-0.408000432130731,-0.767797500442074,-0.758634982446852,-2.08085063218919,-1.03328028399773,0.668541304366128,1.41247524310697,1.29359675576776,-0.921381692781897,-0.96747761833429,1.73343511476791,-0.902372990852942,-0.27738203351303,2.35620766034358,1.7414547307248,-0.831786430054901,-0.0131359664000133,1.41663017630662,-0.640848993471877,0.0834956399155355,0.417326329582228,-0.788598539007051,0.360445082679886,0.661466035743837,-0.971801885593502,1.47247735875268,-0.378675081666822,0.677379973646987,-0.47626845126888,-0.285002771643836,1.378987247344,0.798649716518976,-1.17783842555709,-1.23314656208073,-2.30221901184512,0.061262197092195,0.942187918121112,0.771788255827735,-0.509761411925515,0.750950583915167,3.15284611396177,0.183319532646837,0.463925380807096
-1.01577699551932,2.53288189813,2.61563407961148,0.92926284362875,-1.56184150220957,-1.9028360343229,-1.4077862082608,-0.466262564836304,0.0632243666416635,-1.85562082997676,-0.75413241409658,0.454452633059564,-1.00946186602894,-1.08088735947279,0.544061360836495,1.04871116292026,0.213356650444477,-3.03392732841445,-0.639640337570021,0.648345784152319,0.964748266146602,-0.315025915417198,2.18444295887366,1.49325847454368,-1.52229508432303,-1.16481954160087,-1.56438415851007,-0.837846926915986,-0.737703579733273,0.145527339232351,-2.68193697977492,1.62881927833032,-1.94927771890897,0.326229080614206,0.916137510496457,-0.480687368671481,1.91010976314843,-1.67830398214512,-1.59084361980812,-1.28536738543424,0.778150490485469,0.149952822915337,-1.43844383666186,-0.907162268450031,3.52010638451742,-0.984663973552162,1.22066207253438,-0.00297620419553834,-1.64224413239542,0.209139552904827
0.188381337259173,0.113569642993333,-1.0262208519397,-0.83036488665696,-1.12238031253783,-0.507501992727923,-2.02784977742254,0.849705811486837,0.620957898914555,1.68190063743099,0.4680185377247,-2.12389059772526,-0.468368101915321,2.49431337395158,-1.88991930397007,1.50322274431199,-1.51661507597607,3.617821336771,1.13184558073877,0.820299679793134,0.715712177180984,1.50513642747545,-1.04883634427934,-1.60872486478886,0.484919620284171,1.13385812474445,2.63655911928796,0.059097878432329,1.98315652142655,0.684967273731241,-0.0556153419561435,-0.00934580983808203,-1.67005698080704,-1.8791572848396,0.0326579188234154,0.749171583220729,1.72215046632562,1.83765703689367,1.29894311297351,0.379086279517283,-0.185234592844487,-2.54204278055411,0.290867644739072,-1.80777585302462,-0.699069110923329,1.49129516267498,-0.914098159020448,-1.06174514063511,-0.571871074536422,-1.4218919108894
0.616641319819784,-0.345417159902919,1.91570177190658,0.10827522193262,-0.00246944119789701,2.1678570096396,0.368736170745537,-0.836026172765476,-3.06099878178406,1.36160297081773,-1.44377563247141,0.22871849192858,1.37982543973069,-0.195871862109379,-0.105851874559472,-0.48790810678686,-0.5213781137561,2.51842709566084,-1.01552518885809,1.11977825114441,1.70587542909052,2.34717143803258,-0.756189341443871,-1.38376877688885,3.26673653219834,-0.427372324457782,1.40659590325387,0.464351305832255,0.0142329695714685,-0.432813741096097,-1.75528534397269,-0.590154833389324,-1.04283787162634,-2.37689896819275,-1.17613693199658,1.79507305581133,-0.577483887580661,-0.0201719635111412,0.397309770749296,-0.0503987896000088,-2.9936694462619,-1.22348275662656,-0.3824236520373,-1.95395571935751,-2.05108599445742,-1.27987044478495,-1.23776725161797,1.17575571348586,0.902988566238435,0.374614874532904
-1.62996975620801,-3.27539350558933,-0.970905254712033,0.778764477784368,1.31513101222359,-0.622158272544316,1.78580973363836,-1.53048347050117,0.322650310555966,-0.0397266822539962,-1.77913553890112,-2.17431572574527,-2.13214596691328,-0.939268538084474,-0.0116254298491013,3.18110526632789,0.957019789053216,1.7320208649049,2.75192118221722,1.18283833586571,-1.66810473749215,-0.150756334854885,-0.502260178914748,-0.0396593114924059,0.15561867200702,-0.711249589323193,-0.170758670049925,1.57091098663098,-0.143384830026825,0.471512672896162,0.624772408353372,0.617053156364766,-1.01030448681272,-2.6213464994583,-0.423109967156054,1.90479399792093,-1.74190722219573,-0.552667382619132,-0.438601910831005,0.113904752719573,-0.283543430285167,-0.839095476081546,-0.0222422576512179,-0.740906719566399,-0.806443729594701,-0.0437068683501099,-2.07826824203391,1.91534888975078,0.833462660021156,1.04202032825482
1.29201317839373,1.86012245009852,-1.05817424898953,-1.03287937752456,-1.87395788767516,0.710082372114883,-0.678946325603063,1.17941977290053,-1.84542619887212,0.838133949106881,-0.21309433132077,1.12866508686383,-0.0808699887862443,-0.225184762350982,3.08579261113294,-2.12930182389635,-0.242917006848075,-2.92002911093636,0.522297646269538,-1.92748093699074,1.41281959625969,0.399620611974392,-1.01778539324797,0.623713017938973,0.479435999255907,0.0325149048099877,1.13990230843366,-3.103741393485,-0.772059045721651,-0.000791177129779927,1.03431576823253,0.0686780857849352,0.0842768004136267,1.14008823595325,0.399956353432884,-2.33501590505299,0.143046519908966,-1.44424791252847,-1.16637917739348,-0.611239305616126,-0.942609749940074,0.981259284731142,-1.12739621090536,1.91938848039736,-0.253281574658978,-0.62681707068776,1.39121750111085,0.936889117960464,-1.11907924168173,0.513806152402429
-0.532995604146221,0.114867647336722,1.67335166796122,3.11806277096029,-1.44432898382023,1.26714969836965,-1.42406155834291,0.125029899664395,-0.194632341644426,-1.85373192591726,-1.65051702854089,-0.586599972155533,-0.784038883309165,-1.24961625023563,-1.3581000106505,1.38882486681106,0.0810753161897921,-2.50746877850564,-2.0452040081312,-1.74146934396224,2.20120243303627,-3.44714658675192,-1.91978015020101,0.400727179180723,-2.72683258407901,-2.31739263744967,-0.191870555080036,2.09681285370301,-0.6802540095695,-0.325301409058044,-0.0757087112593513,-0.415375651347486,0.303315619976935,2.56796851476324,0.383886200583137,-0.806775429280784,1.6977528398471,0.329140368714569,-0.320896985182574,1.1140854265013,1.96977044228431,2.07593293491654,-0.182553562058368,1.98925508097761,2.57113188550058,-2.26534964902462,1.91018662803571,-1.72668601312194,-0.200855236211066,0.352155606329623
-0.106014912486408,-0.347499671648458,-2.6594896042146,0.141858538025327,-0.0774111616423565,0.71519663229922,1.20731682592282,-0.620641308537818,0.942421274519425,0.879592803647337,1.2033175476466,1.05662045682865,0.909152185103913,0.381730675318409,-2.80235196744737,-1.08426731374896,0.160787184512497,0.627194360282832,1.67448110576585,-2.37760051329449,-3.1593381120973,3.01642984069608,-1.28988200855497,-2.20380362865379,0.124904393997118,3.10277237001761,-0.592364125685697,0.525589958886864,1.8227467832592,-1.43589753122167,0.497638465042212,-0.0875022691394182,-2.45654051422965,0.727819716896195,2.04099577825499,-0.213757758001344,-0.883731920324039,-0.11776811647142,0.901800499999386,-1.01380127593848,-1.51152272837233,-2.43819452443281,1.2303362109071,-1.6823167425739,-1.05797319684262,0.222066169218251,-0.014403088283423,-1.2798311971839,0.388435827507919,-0.600612173514449
1.8721437337298,-1.06405526863053,0.469815703569795,1.02653190270086,1.51216284218189,0.625520720301347,-0.848981207121214,-0.826296059992746,-2.76500831488803,0.71778819748172,-2.21554290879535,0.34668679318145,-1.05543111860492,-1.34127363503625,3.31128267841484,-1.82220993315073,1.18466847433084,1.47613925033665,-0.795157887014568,2.90685953379065,2.73002232429828,1.07058142264399,-0.961397150777593,-0.288415931044562,1.58289048165009,0.643784537055449,-1.14729182416971,-2.25778895365133,0.0256930858265979,-0.559210192864964,-0.778654972482261,0.888432210818531,0.465045600512083,-3.76441741872106,-0.631291127133728,1.73655926967414,-0.923148938046503,0.0412351230944562,-2.05087369347248,-0.530715849411454,0.28292155126717,-0.0802982530572221,-0.966921690903073,0.54766892354261,-1.62791420279971,-1.37250600899294,-0.0444872501055183,0.8467263411373,-0.627818305492516,-0.609724940005086
-1.30342129202244,-1.94950533172202,0.0659015620099968,0.445357981138,-3.60976439521169,1.15306636426446,-1.98918340743476,0.618426556129385,0.490583330086462,2.72997224568907,0.0769473687018523,1.19882711738014,0.832872037173193,1.63816544840363,-2.16867789066754,-1.52827576426679,-1.19531817046031,0.360509953882973,1.85814277405871,2.02362823128571,-1.77761008794877,2.7879205189664,-1.31416445940036,-2.07687713337173,2.63528401437059,-1.56284444099599,-1.88381456565362,0.999588364453156,-0.0791776646260436,0.150375992051292,0.989208252421971,-0.657467065643995,-1.54903385073795,2.06082121072535,0.640331428791214,-1.53859562779618,-0.149876643552965,3.90937093070825,0.444287324610365,0.741172151959872,0.696007420293424,-1.01078080491167,0.533177408120489,-2.28747552379638,-1.91242796486514,2.43149424484195,-1.44353751172038,-1.0616155074404,-1.25599819655927,-0.954898855856595
1.13302334703226,0.345036008975562,-3.05733683307647,-0.518971510307992,-0.755935067446165,-0.480853907672058,0.307275744020841,0.330613929355915,1.77441910570225,2.31368746626215,0.365301036261223,-0.691975932426112,1.74081508891784,2.90761149273145,-2.56125985328279,-1.31346546126564,-2.86919573691938,1.56084593916974,0.580108503014384,0.25602187351745,-0.160850958214452,1.53336228812938,-0.798664389711615,-1.78070384541177,1.08839365552917,0.981460764504825,1.98353438417234,-1.54138427281932,2.00578341549588,-0.880442682085207,0.219842332551284,-0.358883802436296,-1.39587099836103,2.84010030309119,-0.408903147495109,-1.44119880772274,-0.221803966407483,1.87714255421698,0.318656680254879,-0.313595299072211,-0.411013219414507,-1.87983277887068,1.31843465854704,-1.17000062938227,-1.71755790269599,2.06625010078489,-2.50797650955325,-0.112426973804504,-0.450179948279792,0.861383368517164
-1.78089177166459,-2.2629128867419,0.194021013649147,1.02236059068986,2.5147322111496,0.664581207912274,-0.619497197939217,-0.259158087526784,0.922915085849025,-0.145581980406673,0.124800401464534,-2.06441048581893,-1.59805881659185,1.62790351708575,0.305325120725873,1.8504956035126,0.950347265273145,-1.15542180441933,-2.21364784406643,0.935093171226539,-0.338875902484952,-2.71053513028023,-1.58165343012914,0.490919941426196,-1.40882423990535,-1.26726906275273,0.553367801780035,1.73158359068371,-0.650154537042198,-1.97985513601632,-2.15277759491933,-1.12842489633177,0.153468521980168,2.20041431540508,0.736654796447306,1.0411207630467,-1.16189118276103,-2.06353580121423,-0.919137412361218,-0.684086190782143,0.442594823054264,1.8859814121629,-0.297660234432136,3.61504931212533,-0.460530785859987,-1.77199131884353,0.485203953282471,-1.5158678054983,0.392070630203843,-1.05032767359111
-1.24462041871465,-0.556806660786705,0.936227006515252,-0.230517872455745,1.5466095393967,0.544060801484464,-2.11747034517197,1.91665491982814,-1.44991100412899,-0.122380999978214,-2.41084883669173,0.508513883421744,-0.840390588025792,0.223938234074654,0.695559611275888,-1.34809795406863,-1.44284059580945,1.10717089856009,-1.86659966835407,1.26025435613652,1.9061201208884,-0.885038767786702,-1.29448093220758,-0.476572957685839,1.89660636918949,-0.321293929625645,0.618747940452134,-0.324717990576823,1.47517191263621,2.69743987611599,-0.123078286761325,-1.85439495448235,-0.926239124823955,-1.38483469777283,0.0220456879373887,-0.332770310239966,-1.75566921657856,-0.118464847654256,-0.0328517795778889,-2.70656616863674,-2.58243253145199,-2.12082311764594,-1.06021542067011,-1.37990172396149,0.0138565766274365,-2.08291077478039,-1.89446367019955,0.813254983670924,-1.94687158771709,-1.51653276906659
-0.634187369778078,-0.365330188192305,2.36898434298188,0.50202593442799,-1.37887403530218,-1.32120422110539,1.58048230289272,-0.787498897560697,-2.68161111214842,-0.698173815928316,0.123483978004655,2.26116811708022,-0.433667443728214,-0.136904832506383,1.03966315408997,-0.575345712983297,0.723121641806051,1.79885049611728,-0.237976843864431,0.415521045699925,1.95871396920022,2.91089461893412,0.691722603899909,1.02541099745228,1.75852489078458,2.31350716935326,-0.535063774822216,-0.655399591905764,-0.0968735188806783,-0.883780281926509,-0.486154049588598,-0.675323078979671,2.42850688800926,-1.31588577071001,-0.808145599845492,1.84616247280126,-0.911596489059428,0.85484009758597,-1.75011818840722,-2.18555844457345,-2.71148791731526,0.128426340562384,-1.66445356089567,-0.141925018404947,0.150959061397916,1.72892684321164,-2.5517735850952,1.58373145876205,0.525517991173632,-1.46529449906279
0.466794387396755,-1.71858441990662,-0.676251017087618,1.37739702432947,0.521805376387178,0.0438955541754004,-0.876892004061807,-0.17752128780163,-1.98841826853581,0.22630836979993,-0.366858597451654,-2.70742101291983,-1.96674243593412,-0.803326564139239,-0.337075976026331,3.10794393413939,0.727658066059972,0.885258621278526,-1.70638750227431,-1.84681612318046,-1.19182265545137,0.29243083492331,-0.395265269969963,0.306868704485117,-1.71916077257026,-1.01758772996315,0.867875260166322,1.89487541974365,-0.737251971078343,1.35894103574426,1.0777599835839,-0.982219986636989,0.192336757508083,-0.421466640594144,-1.41224844492461,1.80213665630458,1.14480594268978,-0.762669551585475,-1.02367497291369,0.482558967204973,0.187737467816152,1.07145795535403,0.219386363104465,2.11395005961767,0.656367386171832,0.277142038670289,1.38682005669617,-0.446438693345031,-0.555137240103688,0.707212596118102
1.22138233438303,-0.603779323550198,-0.959050616725861,2.29982533086315,0.602781993830835,-1.98705278673776,0.475829023531303,-2.47273520567762,-0.560707656948269,-0.992195173974491,-0.25902928442847,-1.47649321188405,-1.52925880074781,-1.34945170983517,1.6954473342892,1.5628160261865,2.00116221656734,0.857066092341042,-1.04080250625095,0.963719277237677,-0.43069379335444,-0.760960474330784,-1.05885463181578,-2.10845044286052,1.26669071210205,0.718721442949897,1.5141866737616,1.58619331376596,0.241511749089236,1.56508739227195,0.473584667139953,0.326855487768996,-0.20258308852077,-0.0794539419138715,-0.367853453158139,-0.390465662722228,-0.174550727742296,-0.443919909649284,0.102968674564724,-1.03065671530202,-1.02114284148049,-0.269150585292442,-0.847390722893851,-0.0739811955490249,0.23927093079399,-0.708751400234558,0.242332930580961,-0.963862054609294,0.791364038442256,1.49071621339687
-0.925180353147216,-1.39103959825362,-3.72662126586873,-0.102804310874572,-0.367513187490948,0.109233808428249,-0.706250183501244,0.69725091363617,0.971073509266601,2.17035000070091,-0.401452393885099,0.727549305704816,1.01473636600587,1.93610461248942,-1.9926005903397,0.557184324289286,-1.72632093615977,0.217401447442538,-0.142504975547275,0.766930669603319,-0.544352599761156,-0.132529904958863,-0.680307142039629,-1.97942782973751,0.514495999737179,2.40018129453086,1.48126746619158,-0.0451763616377451,0.927511680084517,-1.18870821888504,0.489582975040012,-2.1805209516827,-0.475500634948727,1.80073826597644,0.414136822974428,-1.9929568885623,-2.23639849855976,1.68732542966097,-0.361955807881041,0.267722060103668,-1.84460047982321,-1.86431190966734,1.04268778153718,-1.33775551467964,-1.2936847094655,3.8507379969003,-0.181074814857143,-0.858064959185916,-0.686282585781363,0.697369152918291
-1.50955533910365,-0.6245719101709,-1.53433105063161,-0.682895835716219,-1.37898909445375,0.223836467122287,1.52046523239069,1.85681840140956,1.53152537292624,3.0125828947262,0.920199140353465,2.34621139370972,2.18081387508052,1.66702587145211,-0.40922365208281,-0.100272260485159,-2.21388042320917,1.76329785344628,0.756861483291088,0.806431824187463,-0.175198517102652,1.00718679192835,-0.329303941746451,-0.329503465495795,1.17416636812427,0.957899877517744,3.42027763916365,0.323161974807196,1.15149880437903,-0.891425243989915,0.221967962933931,-0.637705166399623,-0.455691447945223,-0.670861839474218,2.34640640760085,-0.78519027673212,-1.09051288931902,0.997138745225961,2.59695587437585,-0.671852215078156,0.431390978723089,-1.8381324427546,-0.423061179382348,-1.83930747340093,-1.40026614377301,1.09969109472598,-2.86329970229273,-1.77819424323667,1.5425470138903,-1.07513691556038
1.17581153688832,0.831625513501028,1.16286215288895,-1.5803282029442,1.8456458909366,0.0969382573788991,-0.176056723950693,0.279019864034032,-0.292470978457565,-2.69576054231206,1.41850302314085,1.01192377096553,2.16638252050729,1.09847705100988,2.87016019058883,-2.60240937392635,0.963208746525072,-0.304532104074998,0.238886794308248,-0.110664670797281,0.385455517769516,1.1624202732898,1.34862766638574,-0.467298519402002,0.0667908952589552,-1.40698574170741,-0.342330386943531,-0.74558777326939,0.215608801962571,-0.704468231764404,-1.02679993098203,-1.45105994243511,0.559844304598101,-1.69455011961289,-3.11886058252062,0.570241117643497,-1.06786566152777,-0.906828917889973,1.7583345935972,-2.89702469163723,0.228364723697437,1.08965629664648,-0.979108560315113,1.762716845253,-0.291973375451446,-0.956576442189268,0.653718695516661,2.37628870517743,1.59911294292715,0.196976713867458
-0.613753338880549,-1.36113854177774,-4.827803362518,1.99333017684749,0.689335666004826,1.95767906621582,-0.810203581409395,-3.53154750963072,0.410314620315883,1.13135607946916,0.817067436592747,-3.76969804951237,-1.4698140212593,-2.06655124232431,-0.368443571662554,3.98513252269836,1.04322160349347,0.442752132610893,-0.909843826680722,-0.384162820645512,0.0738748628288809,-2.71548684731074,-0.192840459020288,-0.687927792476539,-1.02237742139245,0.871955746998501,2.29496044337512,0.427912587404686,-0.555085682169582,2.3929631278735,1.37261666020507,-0.74903078927724,1.01163114253689,-0.157190375065075,-0.0295284178238143,0.0684905490265365,1.35456163716479,-1.71366735898825,1.90994494106317,1.47258813159282,-1.47842965370364,-0.310655957517398,1.60486383062718,-0.678161106779465,0.773492637694931,-0.973501005879832,-0.26859249701837,-1.4424736733118,0.74964566007196,0.0667665464599542
-0.419591772111015,1.49164188104766,1.75913285694419,-0.468839955928694,0.266968933286849,-0.356685619589178,1.19824431967804,-1.00968283108142,1.10004794501113,-0.786828424537035,0.526518717171376,-0.308119279075458,0.619947614994119,-2.21638253375291,0.284640019092145,1.72703416746474,-0.604199344571657,-2.45736630986571,-1.66807279749063,-0.63687294763031,0.698075447529191,-1.29673671104541,0.544253023827369,1.88444907253293,-1.93488248077851,-0.773325026580814,-2.02814425038521,1.33752733449649,-1.4478386231735,0.622514660342814,-0.175489101201694,0.153264597998292,-0.377413724618691,2.57840062721831,1.26064566368267,1.00929053326977,0.596842706316359,-0.787482656372133,-1.09355983220448,1.47466931780779,2.02472276239411,3.21830002400169,-0.0327397735508651,1.05397300184729,1.89137488127706,-2.65219647373762,1.37855881380733,-0.291193444850809,1.16658888280504,0.599596497235455
-0.079051426071361,1.05756535513045,0.062632856173018,0.0638536864589381,-0.825803010472436,-0.397723338283174,-0.11186304173077,-0.484882594422968,0.916360879083687,0.469571973626243,0.3793670075663,-1.07272150223671,0.81481055440207,-0.98014795368902,1.34496966342756,0.253982336539269,1.35426867660989,-4.97873187924921,-1.41015933039524,1.35377433506391,-0.0148713043452785,-3.59487968909527,1.47221211716247,2.71567646384804,-1.05848818668333,-0.450432147117047,-1.23087375032446,-0.508862189341231,0.455070490424309,0.293112948605984,-1.7955248715126,0.523116375598071,-0.115211828105984,2.56073749363417,0.342224644159856,-2.30892344864291,1.3848120337746,-0.439524980128692,0.547327205075659,-0.597001047984763,0.947734837446651,3.3122500466945,-0.655547572016558,1.07471199172213,0.969889832900495,-0.391419361609226,-0.248762609026984,0.736851297846032,0.056837436452854,0.0969162699490113
0.580199770569953,0.987749746453933,1.67334871664772,1.36716285975955,0.622753440506705,0.677663241160935,0.18293607743985,0.828908149559338,-0.541129572356695,-0.578182483791248,0.821478992243788,0.547121907010445,-1.35596152469464,-2.11862287216852,1.30020130991678,2.56432770336479,1.36077129163712,-2.75614660812424,-1.25086890660324,-0.439071013945105,1.66726622052789,-3.32521113252799,-0.437372389124397,3.18808094692057,-1.70178609868577,-0.377368642199324,-0.192039267493204,2.22731088824943,0.23477390129061,-0.557246967684658,0.0826383829795435,-0.350892582211125,1.54263873097246,4.47133149662536,0.636537250644098,1.1956148224625,0.77177728065869,-0.0253638093164743,-1.3834024084292,0.265100087787985,1.29331144034267,0.796971901299325,2.28853959688427,2.76556264761103,0.592111147293525,-1.45117033721206,2.21065657120805,-2.4966106859288,0.706591977703835,1.33264070238597
0.45268516120511,-1.83933943237073,1.52588376796483,-1.52563242310194,1.56336338946458,1.49397237158066,1.35954447917872,-0.398303046734014,-2.21035053283559,-2.69461214818539,-0.801896780564726,-0.96873684084184,0.840826898070625,0.253382578145268,1.61758729655803,-1.70974990126801,0.0508195932175937,1.54224641397504,-0.00140142314835794,0.0492678308150387,1.42278593086006,0.726027595151329,-0.302468709448773,0.0749787515041277,2.69405204885526,2.06761023620283,2.13326822356072,0.73501166792764,-1.10450857606363,-0.116483793903821,-0.225294845032836,-0.638607378200932,0.446475762274202,-2.25458168128088,-1.9425045129299,0.560513468318706,-2.18172717795546,0.822747076299403,0.497656302992619,-0.0107880642371749,-1.300343627552,-0.495198351113325,-1.58848674429697,-1.68582011341178,0.0958611523050736,1.3607465280762,-3.35002736326624,1.68735714408402,-0.868361974892818,-0.524066877552663
0.990829702796055,1.42520816919989,-0.088190343197363,0.629055478392379,-2.17950283282004,-0.0358940527122709,0.537740758856845,0.0764146163757051,1.29893352384111,-1.00068032644848,0.895274395152899,1.42128138999076,-0.925253810412083,-2.91519372708527,0.150029175215721,1.15156526953196,-0.682363327064185,-2.67511009030299,-0.300022862221934,0.0644321610892186,0.408699950300278,-0.69308212614355,0.23565653609516,1.21293287954437,-2.46736824171116,-0.856298295501458,-1.93030607130975,0.82797737813569,-1.08080622341569,0.891923466925965,-0.839462335235018,3.07512401317462,0.105936088588553,1.96083191674616,1.43620719124374,0.8838582538731,1.5343258811279,-2.00891045708642,-0.221887401511866,0.929727058554467,2.09295694127326,1.14718377377576,-0.599128988215701,3.08955093917428,1.83678060289412,-0.797247796869428,1.7844311512656,-2.86981916102681,-0.506907496921842,0.0413471899075711
1.01430722148072,1.75854709188954,2.19783148622959,0.354145298405534,-1.50599676556017,0.619542182352179,-0.689163358406517,-0.365343836037864,-0.298503832747579,-0.84591455400483,1.54274481870976,1.02049012817696,-1.11507090597222,-0.729069582112996,0.0986161686943239,0.297474467167859,1.64226292580095,-4.6323134530925,-0.435594827300818,-0.119397594890503,1.1788431545691,-0.39848485000005,2.1383064124735,0.0813044512451602,-1.49966566567199,-2.4829893689081,-1.84394787761812,1.59891289533601,-1.20525562207812,0.69074641427606,-0.737756196628956,0.28789757855828,0.678946444908242,0.7514029049116,-0.793741363572532,-0.579765123167848,1.84025609409745,-0.117888956669316,-1.79413064590558,1.34571994698423,1.8726562924609,1.80185474103168,0.155907282256921,1.19344993376493,1.50536630336433,0.86947617035123,0.663303691898699,0.810276218843982,1.59801950250137,0.462724358193884
-0.0438053887997749,0.531632394044812,-1.22784036537471,-0.803670942898293,-0.0521309078679466,-0.681818589725242,0.562994366510244,0.607380955629878,0.831676366331678,2.4654396476577,2.57141141564713,0.562487232571186,1.90750406194542,0.491776342128018,-2.08590949291639,-1.36589477635807,-1.69220398508375,3.36226620610744,2.30828177730748,-0.0581082334152239,-0.0468558535051659,2.49167639072417,1.56265841835623,-1.76880625597192,1.82010772756295,0.758064881941772,0.603556160083983,-0.477101908576291,0.0599644340412766,0.0337482905779194,-1.87351505564103,-0.267992047872588,-0.879094042574941,0.31608346286014,1.55156895758662,-0.941360416612652,0.0501609743374572,1.03088955041547,1.2449345865495,1.3746827161371,-0.067134655698324,-1.06370165332868,0.144431513676299,-3.29972262313208,-2.13866845140026,1.63791570745022,0.746597968059623,0.277586480363534,-0.353265196258308,-0.00297740927784842
-0.445845052450229,-1.16688548593697,2.16673946702551,-0.763403741551072,0.678966914840371,0.803822677986351,-1.18896416067658,-1.19140927916998,-4.0418624397382,-0.728369563417789,-0.984662602876295,-1.08023163946651,0.349485082122734,-0.0982342640129156,0.170416502120955,-1.19868580775671,-1.13139140388906,1.4639192056233,-1.36999221976155,2.88892393594393,2.62244073377868,0.590692549698582,1.83810738896978,-0.456827431450825,-0.103156919814425,0.96850951562417,-1.15638253836788,0.564159080564705,0.29631310331105,0.114620469144533,-0.73816913053485,-1.76922342665366,0.216238416440538,-1.49360511051747,0.402441284406645,1.69558617002666,-2.15220512182489,-0.597785083041639,1.10203634686585,-0.294701600668952,-2.50563811950997,-0.0847380328820416,-0.956918848796986,-0.505709118175916,-2.00882997269392,-1.92757607770597,0.120550070527966,1.84207914479862,-1.02634962730677,-1.20838869572453
3.61029702924925,0.853686245578428,0.566080680264067,-1.65227416548673,-0.605863922793717,1.1286960841749,-0.438111087066004,-0.261167132246709,-1.57446995565272,0.330618632140313,-1.59627419064158,2.72384082146816,-0.148093573368462,0.0179163806969918,0.366821558616507,0.394467885405503,-0.857524090012216,1.95206517861686,0.971436076549787,1.63913817345476,0.419764164002254,1.95873488440844,1.00633768200609,-0.247936600507494,-0.018576276537953,-0.613780444723875,0.623501379532138,-1.86676921397306,-1.36344151522601,-2.53232041017986,0.809777322898303,0.557323622294719,1.02520596169743,-1.8350963563471,0.391685040138247,1.98483494533498,0.290437851337298,0.371991808344964,1.02979249603117,1.45748099947421,-1.43523047886689,-0.062551140373104,-1.41518939479525,1.40464359336205,-0.995535515561155,1.06688603403316,-0.274564591842656,0.33237594243941,0.255088433791752,0.490282069976644
0.460245554576695,-0.237331359339538,0.762673105336484,0.399130868624289,-0.405939845460328,1.007480909944,-0.371203982194179,-1.20002755308149,-0.584346985803093,0.964162545291476,-0.426982307608723,-0.49565226932262,2.27856128842454,-1.26874074161627,-0.79734913399965,-3.36367336928236,0.676384102214586,1.48029866636602,-0.15773192117168,1.74816815871686,-0.686082140811492,2.29099729513004,0.377719089823176,0.0339876480208391,1.19084012359737,1.11189740274718,0.450579211548502,-1.97789555626231,0.789529490317493,-2.42552475077447,1.04744260399794,-2.493601491922,-0.194318617024945,-1.61974766549729,-1.75251090339158,-0.540010882954858,-2.03744151039484,-1.03849994721011,0.135916829826254,-1.09182726604471,-1.73107020041856,0.552930580719607,-3.96914577423306,0.241797004700253,-0.935607342175812,-0.529197367712846,-1.88473041182805,0.95492069232682,1.38426233395067,1.38652808844402
-0.894633879796296,-1.18829101176205,-0.384865752046643,1.49357752206766,0.615431495190581,0.838556652900453,0.819471366736485,-0.644730933071311,1.22558302285779,-1.0713616737432,0.308751049027992,-0.265594609756734,-0.838734296778999,1.46270235581307,0.392558331090927,2.13591978187488,1.01015625209891,-4.55798418969604,-1.02964759631941,1.79723400443874,0.522028616391454,-1.4232052836913,0.736267501470377,0.647885977400702,-2.50800167685003,-1.1613531737524,0.257143785426528,2.27731128694466,-0.765081033469909,-0.961235254683939,-1.09528806526383,-1.76818351715786,0.177152515860065,3.05164320482701,0.287316053881675,0.195688465747306,0.602586073642034,-1.40704779940042,-1.02248325386817,-0.415552031462741,2.46302605232397,0.896784868964425,-0.3347932725461,0.70075912779371,0.555755389106033,-1.14167586226095,2.08262027646601,0.196026067569007,0.283985149417534,-1.03624553867618
0.29941388167176,1.28224280425234,2.9586076491637,0.545243964823748,-2.15091959692447,-1.34769334520575,-1.19618303557555,0.226708958048351,-0.455450307747439,0.140138444216297,1.67478343287144,1.27272807529833,0.435446874338131,-1.03575163813136,1.36853906268794,0.564088381068527,1.74801076994193,-2.84195226175728,0.988255767727016,-1.38594975721261,-0.799080453336006,-0.484524230103493,1.65372784314198,1.68331727572431,-1.39246014442545,-2.27378898432048,-3.21559559389939,0.698197215104794,0.290307772586358,2.68434794821981,-0.312016383427948,1.1861619423772,1.52698431556137,2.00966846212985,0.782029103816426,-0.384228815261857,0.896118971685984,-1.15579577384194,-2.95956986753807,-1.0327193998173,0.730156962565423,2.70546593984368,-0.639719767278332,1.47004117076021,0.343611790868141,0.125400231301707,3.06125576283708,-3.09197181163253,-0.851802064005826,-0.646927643257598
0.7323710525873,0.724054197552539,-3.62690073904387,-2.26168162361966,-1.17086947287327,0.420451939023674,-0.849052411523939,2.31245883856648,2.06865454643169,2.53258358110518,0.38984800456451,-1.46374673796175,1.29208372512553,1.69933530178048,-0.507743754797785,-0.100702468630306,-1.39567316133537,1.44477537783793,0.119852698143644,-2.37464425112334,-1.40981604631262,1.80534013369811,0.774105546909607,-1.92889939645798,0.236489184237911,0.0013961624458082,-0.912649245213615,0.313278459465333,-0.256520183173171,0.606644771035619,-0.24644972091588,-1.18677189183045,-0.0483637081066149,1.20061556163718,0.540972629661179,-2.05820122827307,-1.77304155780617,-0.108422162201943,0.44163207560851,1.91241436323307,-2.97655564652832,-0.988642860154003,1.18878333837733,-3.7452152562566,-3.27203945734665,2.52767880525047,-0.849526827273127,0.928916716688213,-0.0645759852827006,-0.300740582677798
-2.60161655237718,-0.803160990235604,0.120595711147446,-0.0426790347872759,-0.331651302636129,-0.883372125486992,0.11275268941256,0.355666183919877,-0.752545710858851,1.69885369648634,-0.832628313382883,1.37359831163013,-0.455820787999801,-1.64177792038564,-0.377448878343587,-0.977023920887485,-1.31796147923309,0.813141102669561,0.0844641056337795,0.622232916298786,1.15347504308038,2.82733754110403,0.381303198475282,-1.89556126886158,1.2562081270862,0.917812590274625,0.209767406224563,0.861470709266408,-0.841391921292004,0.182796751927756,-0.98132047830808,-0.989062073834337,1.45828349717939,0.878616481805276,-2.16928020796358,-1.2585637438706,-1.93170692255833,0.251321053788288,-0.0734770469343584,-1.32869353114017,-2.71227074211437,-1.86570836945021,1.48459611799907,-1.89302999726362,0.197567559249203,-0.681201234677882,-0.485572898540674,0.513547217098634,0.320361622843942,-1.9968112066818
1.44365432130784,0.431589102497683,1.87459335619576,0.186059735286081,-0.956816087149528,0.838668665472507,-1.46457122907744,-0.757361572256296,-1.99621603115437,-0.91087749386971,1.65189787395079,-0.346445438288423,-0.999578926661669,-0.020343425266612,-0.111230543015468,2.10352963626739,0.829152178124594,-2.36611848295179,0.600154493264338,-0.46932336313112,-2.24377017218321,-1.6672277315174,2.65204609685072,0.714244552561018,-1.99889102219401,-2.91081658259006,-3.17730138431957,0.0554289899390621,-0.533998514012188,-1.35035260550973,-0.82518101105641,1.8642455904246,0.325136969910817,2.74070157471598,1.49898361246715,1.8430139001551,0.416269297551216,-0.643473670723813,0.198869256725091,-0.396214000225644,0.452915028869329,0.263694484987558,0.392794172208921,0.574238165270633,3.38785854893817,-1.18571752918226,1.18587717804768,0.81564300068299,1.10346171734515,-1.21372877401831
1.97930710461501,-0.30869213964002,0.488750489111058,-1.59236547531395,0.242308313451738,0.286845147944853,-1.35958411198454,0.821537796536788,-3.99047255247629,-0.0972981810283645,-0.940116465293898,1.90305316613491,0.329049421919313,-0.0187878890457664,3.43810963308569,-2.09439255884513,-0.487367575408246,-0.746733800266064,-2.04860655371211,0.553882210983288,1.40643568103819,1.58066105935191,0.523003277752784,-1.11929308416438,-0.884864573478555,-0.300089058319808,1.2025108313379,-4.41031836486021,-0.482996732323721,-2.12887545804089,-1.26400055113565,-0.0518159042712026,0.684373326446958,-0.79581142201065,0.115857554200312,1.1968537298457,-0.0421369005324568,0.803266449393652,-0.493718918793511,-2.29863438851235,-0.713956675846007,-0.866097300602242,-1.10481324907762,2.62488092972196,-0.774256642249349,0.917343231337022,0.270425882586399,1.02505097467222,-0.174355216970258,-0.0290558068908694
-0.468445234073366,-1.18269486183423,-2.8830501608879,0.826389332070513,-0.564411952733914,0.479767572758715,-1.40248721863016,0.142849285307713,0.0926235588005872,-2.60204772231587,-1.39399104874275,-2.87912870559045,-0.975723718630126,-0.0468033770207378,1.56521915503844,2.19385887744152,-0.000609351899526989,-1.60460823603246,-1.96015141739746,-0.706145611434965,0.990789303243977,-1.81287415716532,0.290777919102386,0.571347885777526,-0.208677911754685,0.377469189722545,0.143618520339918,1.79753965822454,1.23149203614549,0.192825856241782,-0.57031914349581,0.0215815319222786,-0.257392825638263,0.537427426166513,-0.431029270015773,1.02417790273,-0.854295088019689,-2.2384651558193,0.30335273996469,-1.03965415753018,0.723482009605841,0.0332883817121972,0.200411396858643,0.455515315031755,0.624714061574664,-2.09058855250111,-0.143800195018019,-2.6421481011425,-0.592924329651983,0.310292121371592
-1.04567970764858,-2.56562967617009,-0.995382880809182,2.78156194006382,0.0807824637270737,0.655663660788214,0.200431826485359,0.0485874254558357,0.37734439469224,-0.810140405945084,0.502346950878586,-0.833333250396039,-1.27207252639902,-2.03894458094281,0.723317109156082,1.17047084861434,2.51131441833857,0.546946127856979,-1.75930608795643,0.46832746724067,-0.689677719668596,0.0908894062415083,0.00467449876989813,0.26474312473339,0.0930598936047838,-0.892580171092339,-0.138215743812296,2.57538374176137,-1.29756361081313,0.0346181129196647,-0.031278192522677,-1.9796309656116,1.11381352741913,1.90360886829292,-0.0818939811585774,1.99528288303332,0.149504321301858,1.22350831894903,0.56388426765955,-1.0577446323217,3.46997852578255,0.618097735955674,0.781069168707966,2.57034166650635,2.48434202622201,-2.37737397801602,-0.497328620063377,-0.325074454220019,1.56691245791379,1.64136087806556
-0.255075637444482,0.578191518362183,-1.72728538115089,0.728084231229751,2.32893404971338,1.11589823606494,-0.55895467690365,-0.362631272449571,1.45366568476347,-2.54338067222077,0.26376558990291,-1.02405028755855,0.472921498276123,0.448556764638709,0.882026147001604,1.44764844659718,1.04371133413989,-0.0370732445196043,0.551305553941067,-0.168632889981699,1.23883539478044,-1.71870238397044,-1.21083607016678,2.28528927859869,0.0765427200446863,-0.00189048269229886,0.192445495770202,0.939620354018974,0.0701567458101461,-0.364214126060305,-0.116900979680649,0.0754387510058023,0.644572771341832,0.338689392829344,0.271175093566417,1.6684709305223,0.654285944779226,-2.35216221619433,-0.532746301190988,-1.31185011415927,1.17124547342129,2.17672124557986,-0.239115225326035,2.41641190934598,-0.621170935048973,0.170823102941636,0.144722124784332,-1.05123730821292,0.584607852842471,0.844831371349356
-2.41747320970783,-2.21972336202501,-2.67414334285805,1.27370554376101,1.37204616577312,-0.335596785095364,1.5235467219243,-1.2188634343649,0.286253096922262,-0.493838307302228,-0.0289353485685238,-2.18225015274271,-1.02942234123667,-0.844055486765583,0.720590605642569,3.39472968961084,0.487183091820151,0.87235364171516,-0.669795803266364,-1.8994511907968,0.000953341147664832,-0.0581582792016609,-0.0223502752363757,1.60618382350263,-0.0396800180519375,0.183523354641111,1.65033330750538,0.735825642235647,0.694397714616582,2.60057373720788,0.777990087166186,-2.04884825542169,-0.931792626083698,-0.107034058951256,-0.622408995086049,1.13044829637378,2.34192432112373,-1.90475814104741,0.114432258079492,-0.806053468248247,-2.1846995933507,0.253738340035139,-0.011439500763764,-0.265680831517751,1.96969668240836,0.535309826462621,-2.2324868387596,-0.187859477112157,-0.581552242124505,1.26564943563432
-0.274959283972956,1.25610955402013,-0.550324740687587,-2.33056233285171,0.0197507532800732,-0.90396550937339,-1.5587508497888,1.01062803273376,0.0575594579045065,-2.88710165234418,1.73462166686464,1.67595991305089,0.480519284836451,0.233898533095895,1.18478905200723,-2.30317722628124,-0.778278488060977,-1.44636665969139,0.390495215233993,-1.16077284724228,0.702345894152624,0.233148158195426,0.370155365496429,0.242314148533293,0.400015092149513,-0.20162349472408,-0.734116991999691,0.0986471036932199,-1.25570080032189,0.546214246911926,-0.16222328215174,0.943674348976854,1.48561128037341,-0.670368626474427,-0.563030107984341,-0.755633161995648,-0.545325504049095,-1.05105294266555,-0.4277675730295,0.671041365822503,-0.181027432450296,1.79046010888639,0.666861088782909,0.398131793739678,-1.09301303547856,1.25367313676936,-0.819745455481011,2.13824677528001,-1.42223321361088,1.79527702427979
0.144192385578856,0.0987764882350849,0.859745378504088,-1.2068904086367,-0.385313702761517,-0.238887877255431,1.28024542254231,1.06654897380916,1.82908951522743,0.619647199168122,-1.17040736672357,1.11609473846277,-0.547558143377716,1.08924156229823,-2.70136273265897,-0.687322983654484,-0.802173390740548,0.86677039873231,2.80734856013661,0.664301466499163,-0.468865790992979,-0.224288046224261,-0.174483735278432,-1.0656489729584,1.44316034976979,3.38103840377042,1.20382876888661,-1.19492738862237,0.926691923597026,0.488562845300159,-0.758827673847417,-1.56824578605852,-0.501444706277055,0.281986668324957,0.296635816187207,-0.365934734316415,-0.322365252030757,3.44070324463822,-1.35750325676822,0.376744045340462,-1.93791824398081,-0.919829363738349,1.13048231368566,-1.7768911277217,0.686645526148127,0.53973496731577,-1.37024581818722,-0.544959470597576,1.00971794468671,-1.58762557703465
-1.57926932645683,-2.87173139919738,0.256408251804391,-0.526066249434579,-1.66685405801621,0.624714527003198,0.797753088245642,1.34534667962581,-1.06424419150302,0.47696333933613,-0.0326677215865073,0.484331451827951,1.45574667975837,1.77908226256568,-1.53903335732844,-0.210771677571953,-2.39636632113477,2.01652091401316,0.407797387582916,0.978156370431141,-1.42747740618436,-0.90890404068648,-0.972370301382412,-1.0478338141522,3.43642762630978,-0.684063082947031,-1.20545758531757,1.0477518943349,2.28422463587416,1.85193466267391,0.210069989123051,0.0543958217784506,-1.86772285902091,-1.20504969844874,0.2683187238967,-1.00779844522977,1.29556776984931,1.55546416874163,1.31433110629266,-2.82490000754859,-0.0456432708963543,-1.00491070747837,1.19703633278362,-2.01641490262663,1.78180012989448,0.0678492367678907,-1.37140257749832,-1.3651188490641,0.739186547265859,-1.01240193789158
-1.05084211808241,-1.031472211299,0.436924471211164,2.21404210630651,-0.325657555021753,0.412690341477575,-1.12717346515098,-0.865094045804037,-0.884654597262692,-0.0237112706995186,0.850319029518776,-2.79276541427419,-0.652055397393924,-0.0860245231627891,-0.667021924712898,0.786523212812369,2.19650234288857,-3.14788102625586,-1.02342511056751,0.884434439397523,-0.118053915300031,-2.52561506101435,1.26861174992163,0.653475343119877,-2.03877782141894,-1.08244371291407,0.72751085884511,2.2010638517487,0.881638266076466,1.59209680156022,-0.866792622534007,-0.141802491809281,-0.0528267576247072,2.43121111122487,1.1140556948279,1.57637086200987,-1.64457607049266,0.0759236331383962,-1.2312512884219,-2.06427781463522,1.73430070905821,2.01947189802333,1.65166686367158,2.13719364847455,-0.0863991380716622,-2.19624999097312,1.52833388693265,-2.31705256502486,1.59230284298287,1.148566195668
-0.985942567188478,0.213651392890669,0.894739784327065,2.30126853981206,0.180520910988184,1.82120694272738,-1.19404135425065,-0.561499680650429,1.33250365643761,-0.668047132317109,1.33581723514793,-0.252173237557028,-0.595278706749118,0.00482911478672901,0.281457394290562,1.29603777357151,1.42129601324796,-2.2686932927395,-1.42456889130813,-0.174004130797114,-0.238212259987129,-2.047295527433,1.54296166966733,3.39808884900141,-1.69364470504076,-2.57568132522402,-1.26360394612634,-0.0653611159419812,1.41448422472887,-2.34075468511053,-0.164504527091049,0.528814067294789,0.0100257297352326,1.07734584948172,-1.97341576898085,-0.407214909971927,0.659036672549974,-2.14867221974963,-1.3282330729138,-0.601983885254332,4.92702247341671,1.9869933351969,1.05948333742707,0.668438113724348,1.79752563356706,-1.54804978768395,2.52649955696371,0.132912310312838,1.34848225642756,1.89869724628924
1.730989338369,-0.823021810045374,0.947990247833811,-1.8112036738368,-0.521095901671088,-2.02438394090803,-0.834614130808207,-0.615885902578179,-0.445326021086954,0.550209929306814,-2.29234716705387,1.01790962869351,-0.00258588654411338,1.9582195323708,2.09369833492267,-1.50998063922836,0.375096356891654,-1.00945367201787,0.367028432952149,-2.17470820040411,2.87367207154478,0.0836250056273194,0.801834767618863,-2.4320324991694,0.756051588068618,-0.475833136614561,1.51217265073346,-1.57559157062595,-0.274373849120256,-2.11365278841667,-0.553710986226819,0.276287488528735,0.481650779556649,-0.892133412346782,-0.748327344793608,-0.752303608094928,-1.07895381763751,1.23455545156706,-1.38579294955898,-0.831212296044415,2.88623670370923,-1.36588363341246,-2.53359656523452,-1.06716338993511,-2.13759214060506,-1.03014359670902,-1.46473298711951,0.496712045582428,-0.649587638339251,0.981839701149744
-0.943595376866254,-1.46362004100462,-3.86237641055441,2.27240271898965,2.70720130346495,1.39358591922135,-0.508415301958527,-2.16097931226257,-0.120803231387311,0.331931940945543,1.3935139402934,-2.72739656896101,0.283280321269006,-0.686386280711149,0.378804744757872,1.64654943673383,-0.513684720937619,0.765698455454262,-0.895987901660343,-0.84239486074038,-0.0491394136299256,-0.256561924155625,-0.241884551403091,-0.0736281138748205,-1.95233110895579,-0.792238340710745,2.39659327329992,0.140699193985689,0.505424617443667,0.994678641263848,1.02848737687332,1.86649305346052,-0.309277696867484,1.19327596746795,0.0687231213616373,1.45159282535151,1.52048607846592,-2.11667062160053,-0.310247692760827,-0.407486069918856,0.826723270173648,0.403707288150976,0.329025914426564,2.98779846777851,0.0636578362850286,-1.35730990603937,-0.549687936716895,0.215069234699238,-0.683163815973156,0.941811339563977
-0.203252993527441,-0.222664179563796,-1.31498510408082,-2.94653794044294,-1.86848904859264,-1.37958808131917,-1.39096885140689,1.19632508491804,2.3581323388524,0.835341434527183,2.43495139135072,0.265576638749806,1.17627591158148,1.94880381946792,-2.48521772566773,-1.34902170793458,0.530649976085452,0.609530431113991,1.67268235065066,-2.24347879877712,0.303180330923116,0.882284399743312,-0.145158539629746,-1.7004178068948,0.997955028303185,1.82403232169289,0.442800339030715,-0.403828237299078,0.0961012840403212,-1.72496112969896,0.043467613193266,-1.27268906770556,-1.4374592604767,1.63113021663659,1.53021467042809,-0.420953302780439,1.40500589221881,1.69325555487934,0.557602679624011,1.52031129593832,-0.809995876317731,-3.14765891953089,0.926977865405062,-1.56131453974148,-0.692992793765548,0.664861840686436,0.81271004290503,1.529679427059,1.14572516334322,-0.789338493413685
-1.35359845624246,-0.325107900721788,-1.53713133743326,-1.93452087550604,-0.1337022221885,0.584025789443591,0.46333625463436,-1.20323083868694,0.113649018951057,3.85182627093761,-0.131759971978716,1.21928540353177,1.0538838665021,-0.230481893580944,-2.0225430672248,-0.177111317007823,-1.62387117608673,2.51782080329632,1.32784784170511,2.16017698176792,-1.84688194035387,1.45928012744137,-1.97629481694481,-1.00283678233154,4.84733042009143,1.30916042626431,2.07656439002597,0.342345246427582,2.74207722908523,0.404653849280212,0.188701876135537,-1.14615203023298,-0.417271052113565,0.51444161315082,-1.69004381868213,-0.883675241465041,0.829460311475994,1.9658084762396,1.01374236149562,-0.960671524838253,-1.23874198415551,-0.742544268647258,1.15770668097929,-2.73057304768303,0.245978047663548,0.552749948595466,0.1586387511017,-0.321416382413743,0.54374175971515,-1.93835506188444
-1.85004323188772,-2.34908012471917,0.146370802688545,2.817824544549,1.16769228734442,1.43338520975394,-0.0116931943094054,-0.574452468065391,2.5318482569339,-1.49515716557457,-1.15863109903805,-0.590031670729344,-1.49255766082638,0.660198452278884,-0.722647632220117,0.557870924592975,0.685081206914072,0.43383649001202,-2.9104440705147,0.360372105729173,-1.64497572382308,-0.512019251103321,-0.294593852398523,1.78765411539679,-0.303133085799935,-2.93777662645713,-1.2993580064523,1.16442162219412,0.172481476455436,0.687917038137814,0.281924158001361,-1.80784234959783,1.35644567616717,2.47498726245365,0.784208610032616,1.85064032732715,0.83743119290623,-0.0255142170160742,-0.693541406843543,-1.82680736231552,-0.0877091286042532,2.02285939292347,0.496298765986499,0.384739124467005,1.62285481203452,-1.61867754976097,0.0883748512144261,-0.363044504739258,2.51519481088917,2.0697346329849
-1.61906614592465,0.81818714037409,1.30576925929419,0.664552511107998,-0.645688893886338,0.50255733265867,0.232758925142688,0.172702267660827,0.131193747249909,2.70836608362116,-1.77814246321653,3.6811706671282,-0.514971556477138,1.29567110592951,-2.10695268085919,-1.31786759448609,-0.332143022594342,2.65295741014458,2.232345545657,0.219100848026573,0.511380937992928,-0.887524815792983,-1.63054825653357,-0.23607201926124,2.83956013775467,1.80261117237889,2.71775673790471,-0.0767729164349895,-0.124982650252713,-1.03087669350934,-1.13454670078394,-0.0835836462116267,0.961771982583225,-0.0164992667056371,-0.0250068871282793,-1.44244031571447,-0.436500851249068,1.87017012582707,1.5087056658151,-0.156742856118798,-1.10111464547938,-1.71259240082327,-0.640507644731919,-0.622429148308986,-2.1085443398854,-0.0497550483378132,-2.29951170346591,-1.83714733384943,0.796956381173725,-1.70650496515236
2.31426735008018,2.4283918419325,-0.93443439371254,-0.761955834438222,-0.319447557315993,-0.186942677486553,-0.78939079804384,1.23966307627562,1.80453464264147,0.632716650140512,1.63243766312685,-0.855566943307313,3.43222569846665,1.6949643954942,-2.15723840583152,0.65522868210921,-1.61982085705786,1.5008027424081,0.867147833913447,-1.11968861844649,-1.2674129356622,2.33635963538171,-0.742590341974843,-2.00608698943179,2.64865630767881,1.29882772065103,0.770021628733927,-0.615357162548946,0.2009087651335,-0.962906663351701,-0.00877796147191483,-1.70410242504422,-0.188316400639336,0.213869191267795,0.413413235710683,-0.888530236381291,0.127032888254335,1.22329965047471,0.494987866364059,2.54975657266629,-0.329822834106273,-2.03238270857714,1.4575521999569,-0.559773648452337,-0.737156572330256,1.57156898143401,-1.89248244202738,-1.83925335884975,-0.815336274925611,-0.586040672509387
1.15903331044539,-0.955582267728895,0.100197929046146,-0.951919943234632,-0.598528171008057,-1.0428124287474,0.140245994209502,0.836756419609667,-2.43941461811512,-1.19621337686911,-1.12949632460499,-0.523217735138672,0.765594753636725,0.0445320698610739,2.12656912743476,-0.998484791933813,-0.895995314163712,0.830080793482436,-1.98848254676002,0.188448595406204,3.33709826510898,0.688957636754888,-1.42309109814756,-1.96080120803699,-0.123527311333185,-1.41936423529922,0.990050823824043,1.21649445399833,0.480041889278265,0.0201662911840763,1.27915687330552,0.637526080750638,1.56494506060648,-2.8718867063011,-1.90280460039595,1.10462771096497,-1.53856352459906,3.088863726242,0.572772539119123,-1.16429042790843,-2.85447352244438,-1.14484463695193,-1.3355473281011,-0.76020869891625,-1.8626865757011,2.82737052627841,-1.85015482396075,1.84743230021044,-1.88870989508798,-0.508621008017741
0.830164069727531,-0.147257755829376,1.05021527387684,0.186678516714763,-1.06131315600918,0.545302053418885,-0.44366981009644,-0.136041596883418,-2.41539457634531,-0.758177733453358,1.38882549359741,0.453138648159368,-0.651838217476342,0.546755961356331,0.985103855206463,-2.1361857101137,-0.689719537537552,-0.947494254880888,-0.547864039194161,-1.76833191562714,0.740479851753988,2.77103801005656,-2.11330177090227,-2.27947986969732,0.593547214151205,1.01250435219199,-0.899822282022805,-0.244622843138412,-1.51289026168812,1.15704292385307,-0.647274005896699,-1.59470546448478,0.385810304178676,-0.58923420790882,-1.12352167432332,0.310834890435501,-0.593829785910399,-0.622834986197296,0.599145453794121,-0.289561603746768,-0.35198679374372,-0.842208607576956,-0.533624741552638,1.08945122611587,-2.26440117367746,-0.16766598100868,-0.587710246146343,0.635798372128644,1.54443177211763,-0.191528950960952
-2.19495506510063,-0.780731564919438,0.592601146585552,0.0422168926553342,1.174918874901,-0.223733451754659,1.91264838290483,1.03732713879331,-1.26175355753744,-0.240577847497241,-1.94429587822119,-0.447359884835796,-1.74153829695125,1.36859426546909,-1.68764294362139,-2.22320948515127,-0.336355838525845,2.09890400037319,-0.814065486885618,-0.144496964967268,1.46169699719151,0.415753599813244,0.717367372312162,-0.239073980482466,2.13806549535293,1.61029452321821,0.697907245924572,0.699791548554756,1.22114712370802,-2.01941747705929,0.749189742471695,2.00474611264207,0.359162291302426,-0.760913572332033,-0.366680345968899,-0.085803588571791,-3.34866527533658,0.348096833023214,0.0672633043834665,-2.17553132249636,0.134191617275437,-1.56561292800677,1.02846594743711,-1.81509275445097,-0.225749380651946,0.329445880215161,-1.42826739938125,-1.39529792527957,1.05755891026982,-2.38935549472597
-0.312092129482873,-1.66649939765157,-2.33299541878833,-0.168775365387277,3.30360968537531,-1.40190549375825,1.32879472720172,-2.68874592036192,0.45691782988486,-2.2024745190556,-1.8035986363063,-2.32759187001356,-1.39209479514381,0.146666411096898,-0.606388350004236,2.83032849844115,-0.781448363144991,0.929215095974907,-0.012674161707798,0.236148995320062,-1.41536895431598,-4.37687785247086,-0.882427949962066,-0.381059615690094,1.06657663116691,-0.215300849525235,0.412007425976726,2.39742955707983,2.76186430500728,1.79651438563362,1.08286249613841,0.728750417496023,-2.11708746146346,-2.1231322318786,0.868800862922613,1.74079331193704,-1.36219494026048,-1.6648659145038,0.799579651831356,-0.227718789509334,0.425435855930423,-0.0111043018670151,-0.930053885840308,2.44719642500156,1.62124005996385,0.504705185719164,-1.51570724180781,-0.890808500661314,-0.757128669547948,1.47803953366572
-0.573869623679525,0.138962627820352,0.307303934521045,-0.574511582134,-1.2237466471031,-0.943735370864869,2.53089491068655,-0.8453849721307,0.0344892503779475,-2.11116788265154,1.01866511303735,1.05016118930447,-2.50975068252333,-1.151892240213,2.57420492118199,1.09616945461193,1.40585350266606,-1.905573086538,1.49498645154158,0.319891971479934,-0.123400255801604,-0.0886104990779124,0.0593326699874222,2.76971926812446,-1.48267453398163,-2.06243105786612,-0.719898977576265,-1.18999714559595,1.41100021659026,-0.421478651366563,-0.591910311487562,0.624522894355833,0.743137814425378,0.464244808190379,0.475848762983368,0.109136837832765,1.96903769889064,0.688428363741688,-0.298193085132645,-0.490654901082269,0.0699702884827678,1.46480101402703,-1.14461111176614,1.02248661151418,0.70753357100022,-3.59526146510139,-1.41078512853892,-0.899371473962975,-0.48795671825974,-1.01074399145204
-1.4185291104086,-0.0154119886405802,-0.398742306754136,1.64104412663857,0.279144739869309,2.22474189793246,-0.50114572588861,-0.307252754240584,-0.13083377707713,-0.696303785889872,0.615420562199463,-0.258146538910073,-2.08371212792588,-1.55212497660587,-0.0712261647704329,-0.0355463012246397,1.46877132162932,-0.391317211947814,-0.488810614604198,-0.599909761213752,0.728292577266029,0.0667812262947572,1.46986643588785,2.27889374577207,-0.506672852353249,-1.13823653835921,-1.33662116451702,0.523848392581191,0.0207167069650408,0.776663981940148,0.269497439016783,-0.763732984580978,-0.681675960842051,0.78960099990435,-0.902077508607046,0.600204000369633,0.602914453869525,-1.21524444303449,-1.46310828753256,-0.297487707300403,2.24351187770715,-0.548570566547845,1.14726061161201,3.16155801540326,1.32888053838183,1.34365729673284,3.36529547055483,-0.190651932335545,1.11389410308724,0.499012724520415
-0.285571069443695,0.52959410920671,1.57479095629371,-3.10742726253716,-0.0847145328121845,1.27520688167819,0.926150592585518,1.70190847718221,-0.0161699640598679,1.00561995841307,-0.0130181150596156,-1.34791253071578,-1.06751604568509,-0.543259824232042,-1.15080333403552,-2.25657715337004,0.583457960984669,0.781597440836057,-0.426843380253255,-0.312283326967457,2.79801616637323,2.01703883858523,-0.237570967132232,1.64471501056673,2.15526423520165,0.246192772280519,-0.206373251685794,0.765706305553094,-2.02428809770996,0.297571835944505,0.0224069033842576,-0.809068674500814,0.202248875880346,-1.32616992984099,-1.56838467875382,-0.120310842627618,-1.6218797976544,-0.495655363608436,-0.376770078488582,-0.942522935864138,-0.367154145683329,-1.22765946595547,-2.25068273825081,-1.43727040607364,-1.26040709167203,0.817115804216349,0.79357602303743,2.37724713140194,-0.699310797008274,-0.274609169608976
-1.76066750488857,0.914121855896988,0.702296385492719,0.467562188258404,-0.677596176032513,-1.03309114004043,0.158649936973679,0.123214008596537,-0.451534429631626,0.212233012734364,-1.5837165029062,0.526006618743919,-0.0395024765342174,2.86410860847087,-1.33082594357695,0.158783541571876,-0.128957814610025,2.41723249930624,0.387605114620625,0.456088013434673,1.86800962933733,0.840115812148476,-1.97321652861985,-1.09771911026277,-0.00819641611089225,2.03552848440099,0.25419926204588,-0.843487045432673,0.830537693788757,-0.0281895126474186,-0.478128799167005,-0.540439043871027,0.899087095530374,-0.959325467016618,1.3077894816544,0.870563336231368,-0.150056893280216,0.474314868586953,-0.0929985648580061,-0.41715845502541,-1.23094128151738,-1.4480642313618,0.87251198631373,-2.87748943505421,1.27355109455294,0.187921150747985,-1.41740034497885,-2.66797721086794,0.85789385169507,-2.59355794419864
0.0602140084013833,-0.404424957498221,-1.08720548198472,-0.0922147226028941,0.0691349249849025,-1.38021415982799,0.857374567019663,-1.06796005005928,1.42689736788013,1.80296397649282,1.55966615044448,1.5999874726115,1.89472941822859,1.21013280575471,-2.4024161938185,-0.311728812391504,-0.694067025942626,1.50587086186975,0.761708674803152,0.989001744116598,-1.12704620407575,2.09799877727833,-1.23321194047994,0.118752348713088,-0.18131984557143,1.79167286997432,1.03370021557627,0.507498832547135,-1.1522970994389,-1.39208597661913,0.272811443710039,-1.26313248633573,-0.552608864141503,-1.28600964779384,-1.9263130574696,-3.01902082582932,-1.8241605264884,1.36227247841535,-1.22437875801973,0.18902420799751,-1.15222724333682,-0.864729906611949,1.19799895239189,-1.06714034969898,0.101404516098918,1.78613186530526,-1.14411940406047,-0.629075654233443,-0.0748056475873772,0.805776613165347
1.08694010737666,-0.233244416048741,-3.46903880501247,-2.54895348708496,0.491141976423305,0.0730825224829457,0.783998761523305,-0.0971457756934971,2.72930147213931,0.322521494856489,2.12680062068977,2.97352909244465,3.57568734579617,0.294483672961662,-0.720330637612878,0.771343271456986,-1.27178990918918,3.20505901295547,1.07117843110121,-0.990684454165065,-1.3550624677715,2.9702328562598,0.117267310553623,0.0504427437319897,1.84117055231248,0.554012488277829,-2.2996297656142,-0.707886880922969,0.693302163463932,0.181846259615396,-0.303197862669171,-1.84509168720127,-0.946447633884517,0.372990148096435,-0.457871443865543,-2.81773506983445,-1.77908745493141,0.821420416922795,0.335727440646713,3.17509587279431,0.269520669741001,-1.61256332478408,0.909078530958277,-1.81136021422057,-0.636991439327149,2.46404294307365,-3.25869319539592,-0.371619101303044,-0.688720690305194,-1.3280222190049
1.90880361356568,-0.255549146712972,-1.00863856933298,-0.547583127003738,-1.03341662261793,-0.139038857437569,2.16070692658749,0.356129444114446,2.32011396119003,-0.0937827010858837,1.95621920500322,-0.893193714859048,2.39423185315641,1.9369661676927,-0.273036887916408,-0.640336583025105,-1.1945792029371,2.33199076607448,-1.0616774732854,-0.566232244383569,-1.29258567009016,1.8351359399828,-1.30155763879019,-0.81532576437714,0.685868050341143,0.23354677767347,-0.859028638468106,-0.332270619743314,1.39537685912855,2.51312608388618,0.383298734641728,-2.46327868641689,-0.898698729123419,1.81312392210532,2.54569761176814,-2.18333074477906,-1.61358277446267,3.10040322734147,0.96573513633229,0.202583883372835,-1.29180810650119,-2.3555567299425,2.49730952554044,-1.64914738204156,-3.32779608297581,2.07821768000446,0.654961816965477,1.6215442637824,0.131704894635312,0.251876035594812
-0.379311741436179,-0.0120294421732456,0.277839694622929,1.49410245566461,0.260301236615716,2.2172122057881,-0.0683576006125161,-0.765108845397673,-0.245975491765324,-1.21690728882513,-1.60261375194724,-1.63471875602334,-0.226124178946463,-1.5531787279377,-0.714522210541906,2.44095369509073,3.17040822961653,-1.05573261089327,-1.66915538154438,0.91378310574417,0.273082898697786,-1.44481952512068,1.89106375346634,-0.969607693617399,-1.45297182303472,-1.43934225757965,0.771748624651566,1.91667205928077,-0.922839720150551,-0.566064108079616,-0.826172289548734,-2.02685556679387,-1.22563563921434,3.445639352745,-0.311913020106141,0.273345550096487,0.61204578708113,-0.542062939836937,-0.426763214197362,0.56250683189209,2.88800471424677,1.04282520805513,0.896859367394833,0.240523145664202,1.86100470991052,-1.75118232444744,-0.323383456605352,0.733519649171444,2.42678520087554,0.637419873408865
1.80898846853637,-0.953496444989001,3.16262292566177,0.214864543607555,-0.653252749082732,-1.60855884741864,2.59026189427599,0.894306935409007,-0.253114765009685,-1.74760798977702,-0.491561557152416,0.059965804214564,-1.29382879473864,-0.726114728167545,0.190843495274323,1.95594504226791,0.36545116802496,-2.17266266602012,0.0339496194176514,-0.554490330901156,0.423638517847925,-1.74954508368238,1.02397010222017,0.830813248330257,-2.94184421754986,-1.52384881157374,-0.950419284822863,1.09411647685861,1.12826341216053,-1.17752080329416,0.144748855874021,2.06207225638963,1.39217267018612,1.99352894630194,0.165465473176961,0.303815277354119,1.43007800371473,-0.781816152528197,-2.23289154802972,-2.12388738487024,2.09598245670914,1.28979939576607,-0.204674164944786,-0.335257519513408,1.31279484296034,-0.96606731188592,1.81273484601384,-2.49905562867435,-0.36326519058439,1.5249057110537
-2.17802330303098,0.538186718384177,1.14347565798661,1.39382309113168,1.40709569029304,-0.681090928872498,0.826666320220193,-0.0130478925044,-0.932605929543315,0.662980716826033,-0.732761279388319,1.89651647916824,-1.63737350345598,0.564565187037972,0.330982680900588,1.31859538128058,1.97833734094611,-2.15802746668515,-0.731491064873297,1.22125502969139,0.158562735481532,-1.92886684813449,0.345393878082543,0.0749106784577261,-2.55483179454219,-0.352842892281796,-0.958962961832183,0.958973034350833,-2.25357166994772,0.371014278602637,-2.09580074914006,-0.493494318203356,1.63400268585494,2.07237339229272,-1.03807286224907,1.51033952057231,0.615183922590677,-2.02476392796045,-0.147855740485393,-1.73046677725069,1.25017747478497,1.04739075730288,1.49431744450746,2.07240137916651,0.825016511128609,-1.52281022308592,1.50482801180827,-0.160773641877954,2.36655603743621,2.90268784690164
-1.81945196448256,0.15895916049109,-3.06781622249382,-0.653022067600967,-0.509428631853621,0.592344371040829,0.52237312812111,1.857555153614,2.4391635913336,1.33788499402135,-0.0177374008393901,-0.0518341570242654,3.31954887439747,0.747539043310352,-0.314457532399951,-1.08291275702558,-0.391883345339079,0.880558120395891,0.905448577583856,-1.60432799214415,-1.05331126069772,1.86571773670865,-0.45434382537005,-2.95693232264553,1.00524810680063,1.58356930378183,-0.209864480118444,0.55561482688043,0.757874145076448,0.180484583293195,-1.5119045146252,-1.72365691510185,0.190402078147964,-0.592611584992453,0.892075846202455,-1.82565043563222,-3.03303203808187,1.06156557142697,1.00340087110103,0.962266896884118,-3.00025563349784,-2.53997254726258,0.429739687055755,-1.21799775465121,-1.31273003366,3.00446119992043,-2.13135973311754,0.0734333323278087,-0.37607768560336,-0.759313073492647
0.96186536454438,0.41363852972589,1.83603055694233,-0.867871678783546,-0.758970072269224,-0.750000370784055,2.20598141221103,0.324904738046289,0.967661867467696,-1.1354062227837,1.46932531223857,0.219058092355506,-0.195772522546064,-1.44949615138388,1.29146296959811,0.804732898443631,0.14719507485754,-1.59293864489659,0.181741303385181,-1.5451202254111,0.299052689996079,-0.100199531022488,0.600974322314652,1.79424755481787,0.188968118741181,-1.39168613434892,-2.30607105033486,-2.10628408871095,-0.938818173913498,0.32764658325891,0.460137780464999,2.26120393326086,-1.89794587446273,1.31585707595848,0.269678423768673,-0.800745529672492,1.16427922152789,1.20209623552227,-1.05288580328457,0.69359788446336,2.28392143927204,1.88267078542474,-1.69767216169152,-0.109223688727029,1.96021632989434,-0.398182909389012,1.32996748231729,-1.92120999256141,-1.1938685860178,1.3640171488691
-2.37082500160174,-0.10707063022277,-1.13713240719282,1.6094465841795,1.59406620404672,-1.52446359812155,1.29926552815053,-1.90859320638075,-0.90906739263175,1.71684240957677,-3.66734974623653,-1.43534941799711,-0.155871492161447,0.917698772953906,-0.728245745179882,3.03289245647628,0.387444058992121,4.69926707903175,0.913967630770001,-2.20769547344407,-1.12034842735892,-2.55143763579526,-2.58532650292653,-2.60626699859776,0.459592846513291,-0.538469925042147,2.12368673429628,1.11454688985515,1.73816240168061,1.36902099415998,1.70346591334844,1.5616036121548,-2.70458335060871,-2.28949064240905,-0.244307632906211,1.39037765124981,-0.305424390810935,-2.42415554678437,0.695068083093931,0.822593500341893,-0.430655235431254,-0.642550306749145,-0.0408231315765177,1.49848905557715,0.379738887672943,-0.266187362626437,-0.865043265570724,-0.549636670244186,-0.787132453351222,0.0982295557717701
0.961273281358396,1.89139889337372,1.76238842954427,-0.225553292166996,-0.173491152543173,-0.303623689660497,0.189408122751053,1.77049281357568,1.28959460597927,0.644794913283294,1.26617163380307,0.231041738869423,-0.381146498156061,-0.950768267283112,0.132910188847404,1.4309097752216,1.04072357604148,-2.58940697592342,2.03663301170226,-0.450516371843146,-1.12851791678719,0.105929734238124,1.76954529465953,2.84064798293375,-1.1331182605684,-1.2981137337667,-1.28835113505538,-0.568912475497412,-0.740940285044165,0.35282171132947,0.183278876844554,3.27419001235694,-1.0839161185474,-0.0144679931339032,1.66992584350269,0.347599879074505,0.689317149057615,-1.42833005843065,0.208063076957503,0.893181452740589,0.398595566954467,2.21463438900043,-1.65588528870383,-0.342233750013774,1.88222197790642,-1.30800834050275,1.22815114950227,-0.224754192596173,-0.74831344604015,-0.0622674523857595
0.731936775009808,-1.89157974129684,-2.2092292606055,1.92548639031393,0.0194862450446345,-1.7464816323604,0.715928407349061,0.310550395527377,0.218097162045256,-0.922653033938321,-0.398651945070707,-2.88359469886034,0.787623471855035,-0.863100174032186,0.115835108187051,2.583093419714,0.847202351082879,0.781022673284631,1.48562044644607,-1.62183871336637,0.91569158710655,-2.39431603492955,-0.782589922909879,-0.923760511446069,-0.0493974403293438,-1.15312045242948,-0.22000453815094,0.361783748338754,0.21230893783017,1.53117320984836,1.78464109515046,-0.516225418973986,-0.261242965839023,0.456486849583866,-0.692337014564017,1.71461347867363,0.833933960300825,-1.13866576508599,-0.0345394216013776,0.563555798058176,-1.14270832161869,-0.453657427093562,0.814751152733985,0.538452917010497,1.81618298587997,-0.938031387508305,0.452289701933838,0.626324120164185,0.544368460140141,0.725897809833642
-0.487028555624939,-2.31575576361222,-0.950567021687137,1.05220269634307,0.330958001407738,1.15704005897774,0.284498416017845,0.846349217685255,-1.75286916388582,2.56957161404763,-3.63992733236008,1.26757849227217,-1.32482870068166,0.462848004095481,-0.596371940160289,-0.66287122399208,-1.80580889105485,1.90330835823351,-0.0864108950170795,1.38801692788797,2.92444066840723,1.09765279571977,0.198208402660286,-0.837189653128038,3.3345623668331,-0.349666710009702,1.34731390747496,-1.37070563813874,0.462889153243895,-0.451574133323977,-0.332836767694177,-1.34264831207134,2.04457923021558,-0.912698120075065,-0.983256607947495,0.709838023169081,-1.18864895873549,2.40761983658448,-0.921897965897913,-0.680886910098431,-0.841704967356059,-1.62763738840914,-0.808406339247436,-1.92288611346963,-2.4081707345118,-0.198250130179708,0.179101089991116,0.80579580276789,1.85079302241297,-0.375823909528699
-0.291549564004729,0.223328212807755,0.666192018849776,1.67100204570482,-1.86907928522932,-0.53777572763989,1.48348073080753,-0.694699822111444,-0.217701970880507,-0.3589422184562,0.768137307665164,-1.23191646654999,-1.68411921969528,-1.33701676342779,0.103665843410076,1.238641082732,0.767260733513839,-3.84976207521492,0.316800316370682,-0.791467243283429,-0.00596030351489728,-0.514171292472941,0.773057153567031,3.34117731829489,-2.61940878791229,-1.99644335154194,-0.719190152226253,0.785409495182593,-0.139048521312406,-1.31055760630241,-1.02716106538192,-0.267321071632503,0.515751543281858,3.186313474805,0.783441457256703,-1.33223501515846,0.199451598701547,-0.389664972140368,-0.253073515704228,0.293011382667245,1.92241010655948,1.42551086143194,1.0089182874725,3.10671044212369,0.955382929542762,-1.65907173605444,0.976055099202854,-2.43005140240015,0.915419758292267,-1.69175104444493
-0.448232439867536,2.05889083489079,1.90982954264261,0.476560856467832,0.0913361728930471,-0.356185373873868,1.24162798689383,1.14442265068158,0.262166177754217,0.62010205723906,1.64443256589618,-0.384347598819725,0.767254522269265,-1.81783873086625,0.20373016248865,0.738077221447424,1.91765605483656,-3.03650659763173,-1.11885980950435,-0.524840489727653,0.379469362111076,-2.43680159232775,1.61242802840434,1.29630931981068,-3.05130736352268,-1.53383277992982,-0.440161731662138,2.75641685771505,-1.06133361696633,2.98808506856586,-0.569420297229515,0.973404736046101,1.01400898253118,0.435222233518581,0.158017240462944,-0.742905293953194,0.151121366016288,-0.160458712987395,-0.53532998273577,-0.113479253168931,1.59333472816786,3.03339106868708,-1.18614747241348,0.414810926056747,0.917810001133087,-0.631019802148334,4.31841074849681,-0.799101416949306,-0.524046266738736,-1.22137199138552
0.426573694563605,-0.457826710319643,0.769519111533103,0.865401001188791,2.02772358782639,-0.935498306729312,0.546067015322879,-0.378101939646902,1.15866747914798,-1.08782359384533,-1.67881636010171,-1.83600520965306,-1.86615115381079,-0.32060374341514,-0.817876496622202,1.83439563195461,2.71554642291802,-3.36445831322159,-2.27505771561883,1.08451064661123,0.0806180838925039,-1.33579356054952,1.43347220496275,2.25682531269622,-1.96367686278382,-1.66980890635118,-1.67098404147764,2.14630642990301,-1.34688817219241,0.888235511763764,-1.28655489688561,0.354944685588623,1.24637009467983,3.55493890309121,-0.176970125799866,-1.49354726367421,0.0678489382308063,-0.989994899058439,-0.311808845920124,-0.634870760678028,1.59884284609234,1.25304473874983,1.89492922634703,1.99753239545791,2.09826804592082,-2.07803962336734,0.489565536977412,-0.866897591308903,-0.613883132831382,1.01978650457309
-3.95560813724579,0.482737040189536,-2.00788688527824,1.02345840556936,2.7791664215364,-2.80642552384443,0.0326001051792719,-2.49204550265948,-0.847428047465924,0.151183294237449,0.134047747898411,-1.32832432953397,-0.500092124784357,-0.047071214160912,-0.200310800398113,2.13025715202856,-0.835385028964497,2.42421455675243,0.169268776648955,0.545920259796529,-1.14034996003924,0.335764097172325,-1.66159738177029,-2.76277038548327,2.14825535100132,-0.400590544002299,-0.428886428027623,-0.561659419272591,0.037218423611485,1.96160328820137,1.13568235520872,0.853649922894417,-1.3308657953775,-2.29301755072244,0.661418491760383,2.45667907955275,-2.12109003648663,-2.66053093074566,-0.973616488888075,0.439117451105007,-1.96405454214258,-3.27807394576648,-0.145496783557989,0.759469732486887,0.247840310543893,0.0347099973096633,-0.911885064452818,-1.30057098682577,-0.501971796888646,-1.83491950992114
2.59356643393989,-0.0548990915658037,-0.57967668179552,-0.6146794849145,-0.769641930426505,-1.72660798103628,-0.931768743057009,-0.692138995845897,-0.749325818144901,-0.145964452473587,1.09374538650164,-0.592357215192033,1.73960986713823,-0.951201631174587,3.33905973619966,-1.51290723085212,1.36572996465361,0.504213314401314,1.56672580820284,-0.114585419783665,2.7535313234199,2.4570321225524,-1.14007937233107,-0.831960339866737,-0.494472644756944,0.345975342094136,0.28505257616991,-0.330814561834738,-1.28256711827146,-1.81663918331985,0.251015655311976,-0.140519341440267,0.652945226193495,-1.42992695123227,-0.429730454929985,0.868513652090863,0.442961162779094,0.359325667247062,0.178968281577271,-0.381575578662156,0.680431865202545,1.29271238716496,-0.13558980518628,1.54716203879653,-1.842924697732,0.739563691339199,0.993635733796328,2.38033822182035,2.71347684881304,2.04255809343055
-0.781801885755821,-0.15970882211468,1.16291133132359,0.640862908591953,0.802448059511445,0.667013068015434,1.03472809162456,2.37450989827733,-2.29459236774659,-0.272928123231163,-1.87713725607306,0.955472250865457,-0.493794261033044,0.0317106413872635,0.882087990703244,-2.24557929063516,-0.890211171274167,1.25846295844294,-1.28397124347226,0.285521205288475,1.39297180457126,-0.720064237055824,-0.474421552625151,1.06175999880808,0.5251657086551,0.148528435218194,-0.244137091199705,-1.46690945940615,-1.18024924385828,-1.1098993213528,-0.460450043542608,-0.810210744046522,1.79756035473617,-1.88002975956529,-0.0347783328407949,0.861160716681678,-1.29193382763368,1.11425200173182,1.68805461002152,-2.96398629526421,-1.2881129023935,-0.951213201839279,0.15828676811064,0.710115890616003,-2.02527881321955,0.0363062152144209,-1.62578358111615,0.0907549470173736,0.135533071452321,-2.12720277039476
1.05012479188499,2.53606785121313,-1.08014148274783,-0.419882138067925,0.654375031378852,1.00920227675153,-0.912320753699067,-0.299617158083096,0.706853928700306,0.3510364348028,-0.345521784392663,1.87092077191803,-0.692403965382165,-1.52397093025386,2.53255543786253,1.73099873917467,0.921356013201181,-2.1958181473294,-0.6040097247386,-1.57753976055997,-1.15436194252789,0.471838482135547,-0.411188030798794,1.22415426754821,0.137516976370379,0.189667841931314,-0.329095421638626,-1.01314093553783,-1.50678281048015,-0.238366816201784,-0.53202973610173,3.0917571854317,0.147062619643549,-2.22503076106888,-2.40342635270995,0.556791662617373,-0.636720384874984,0.152711946200768,-0.830297389092802,1.83022732611593,-0.323634578543795,1.79919030608874,-1.62454130905897,2.03481185113267,0.642871470964509,-0.425750733127164,0.973019141087451,1.86579034144515,-1.34403176179619,0.332091067817806
-1.02827306850523,0.466935657211236,1.07256661073425,1.76781981615374,0.385661322693566,-0.641392043721563,-0.25217000745594,0.940595705236326,-1.47388892470566,1.08757003252468,-1.1861610894299,1.02313447536029,-0.371749370838854,1.42840991336924,-1.48837154907199,0.176901664027125,-1.19688286482053,0.549509025461552,-0.569275934187924,1.4904552480898,0.00303507980833069,-0.101099650968706,-1.04766117793147,-1.74948350389093,2.68503845809713,2.34703976792526,1.47251563186375,1.47201904442701,1.49000812497543,-0.000166022960906106,-1.79968683718539,-1.22014243253489,1.31682819299641,-2.89623652742754,0.116655872750464,0.83861037008504,-0.928363702547057,1.18149366652232,-0.966806954648039,-2.52304921182733,-3.4956077806819,-1.32256834792283,0.0822872595677598,-2.5144897954592,-1.06850777402247,-1.13984633315819,-2.36304157369608,-1.81452982283692,-0.161503808939651,1.2003700349384
2.62979105643684,2.81081516650725,2.19911995913823,-0.525846500899536,-0.556075230442016,-0.347053126466694,-1.44131412328492,0.793175528703616,1.7627108167968,-0.243628496057094,0.249441002076598,0.17367221541413,-0.0178904506591446,-0.516741403392313,1.07514427570898,-2.57963867268902,-0.93327290961281,-0.564206303326758,1.10647399800068,1.97785858614913,-1.59282421889297,0.230639447943153,-2.05187497076409,0.831474061934796,-2.71299316074281,1.13333149487086,-0.1653526273878,0.496525892168588,-2.56996407279652,0.894719934808228,1.75524766133012,2.30443977899314,-0.229640157105223,1.31505110398183,0.0876059738978307,0.859104239143365,1.70204278191553,1.20921846297342,-0.709746199517934,-0.203747326581202,0.18939339786779,1.12637758655696,0.219917149441244,1.36737256272162,-0.544293456946593,-1.3134557728153,0.713000677898364,0.477181291814416,-1.5880163851075,-0.0207975277471365
-0.174332130956061,-2.10734365809989,-2.0802978510693,0.298619729414867,1.85797501350951,-0.111935268487757,1.53957832846644,-1.02714559556126,1.12076396167066,-0.296519474438851,0.261946708237166,-1.31962017071433,0.168740603153309,-0.053449576295265,0.811261606402198,2.24465487182374,-0.323623310828932,1.93065107599724,-0.646836642695423,-2.19269996010295,-0.904333386556196,-1.0323954361812,-3.5465490256148,-2.44095590959034,-0.820472818222301,0.110945401708353,0.419788427877741,-0.170101626266403,2.17275510781077,1.93809584625978,2.6300749157872,-0.951014491573036,-0.282024668656329,-1.24545237372498,1.79595461502199,1.19755568253812,-2.17955041606221,-2.18613186192282,1.77153049843249,1.14144563409517,-0.789741123449772,-1.294497838192,0.458485229143744,0.649490651831449,0.0124869824580801,1.24291885305112,-1.25189779849686,0.536015656304045,-0.939559671784781,1.03516181971557
-2.04933535461509,-1.45097202157537,0.384892207676959,-1.37335741347692,-0.191261119325628,-0.520263656244266,-1.53514804818754,-0.531743863044403,1.08897873405308,1.23720466221498,-1.33358884056099,1.47390828818547,1.39946451830774,3.36492647023012,-2.58819161072224,0.743617058286603,-1.9424360162766,2.29293418828768,1.73482274675566,0.377488314587106,-1.38809104523543,1.02954289434353,0.33960596614009,-1.18287830153718,1.39985397334742,1.6211273011894,0.731254056023508,-0.395807151144281,0.32215279641047,1.67144530419446,0.377070227288721,0.335273699490884,1.2589641274977,0.307789291908415,-1.51456749676636,-0.264454512070082,-0.0281888667412046,1.36052593042804,1.10693924192629,0.0860368557091734,-2.43127480471827,-0.186402857583841,0.516639253398128,-2.58168370234467,-1.06755484467187,2.20588732919461,-0.453777783161392,-1.77915954008022,-1.24163150545691,-2.40821127541591
1.35306388848075,2.62416855570273,2.30251876007992,0.00434717225680449,-0.571651341133371,-0.117148279335554,1.00238226877823,0.543621879540589,0.100805930081177,-1.12754907947618,0.858876390791114,1.99833368740686,-1.12633451220561,0.167492621353594,0.871814645419185,2.25236858934757,0.970016640786235,-4.27999666689421,-2.44388476394509,1.57928363869492,0.346304497772548,-1.40857070054147,1.96339601877608,0.0754782086634727,-2.53762463908359,-0.954172940984691,-1.69876576367451,-0.615997276113763,-0.0976956289004604,0.799573164321285,-1.29318995465722,2.23417648205806,1.21438934274347,0.337527028534907,2.25431388514887,-1.31047611014171,2.21352472294513,1.13873877174156,-2.80541266765364,1.95150872808326,1.62970081768307,1.86054344906617,0.0351856475006333,1.17713698679303,3.05911941806652,-2.31628686553823,2.29899847084102,-0.524740755472051,0.431547321671312,0.0268953451452923
-2.19065517489393,-0.51326362041411,1.92773257091747,1.77435376609378,1.33197174207501,0.612318566491066,-0.590927860193912,0.719556826566154,1.04323916538408,-1.39351632150611,0.786156741180677,-1.46910540337337,-0.804196239952737,0.431936861587556,0.54916497666709,1.04961967979423,1.94130148717966,-1.71394333553266,0.52091775571938,-0.796204508317271,-0.465020490087719,-2.49356399795524,1.39116525744878,1.05835423161261,-3.29069629957937,-1.18041935588235,-1.75191131163163,1.20131936404874,-1.12385002075968,-0.0599703299240614,0.406706802618695,0.470991010726566,-0.707999834215959,1.87266080137748,-0.377325853114357,2.55815106150866,0.907765069072477,-2.09568619697559,-1.20180957213487,0.76193521117048,2.21584859218351,1.81664302346263,1.43742196092416,1.78695850799871,1.01301360726535,-2.2520942157063,2.29214500143331,-2.18441997256717,0.570145132088551,0.949905434501486
-0.446295590257186,0.489016494166452,1.05538654581924,1.55574413535062,-0.414571636487666,0.277297724916913,-1.08393876393901,-0.654241982919386,1.1739111364509,0.204485864775129,1.9457631482418,0.420012881666082,-0.598996356480155,-0.888310241036023,-1.321978837675,0.665964227746989,2.08368150099168,-2.38063405002415,-1.05489080209333,-1.49716865138977,0.304141833649887,-1.2351176072842,0.730605663189588,2.07178180392483,-0.43870851853547,0.213971688050341,-0.0475192822901079,1.10604509802614,-1.2592234003502,-0.0247551276571154,0.113369548984521,-1.32723324513858,0.418657135223427,0.38978812337821,0.366438276748177,-0.766742627220653,1.59561565248078,0.820482683144887,-0.301718756408286,0.25132033380373,3.07217203904981,0.332792972963818,0.888525444131277,0.500403789384678,0.864305834814359,-0.859144502724256,1.08855842126206,-1.21873757877605,1.03688033007384,0.928751528811843
0.206422591731058,-0.0011324979842511,-0.277620455453255,-0.141046598991187,-1.25790860140365,0.927909454613046,-0.987679645370367,1.00024261526634,1.40244118855394,2.59126449654321,0.968375220104095,1.88998331564777,3.45592604296219,1.33491165090284,-2.51260996076616,0.186302347762271,-0.638524667965124,2.17576469198438,0.740050847540871,0.340852250460882,-1.47020844666568,1.22284366898604,-1.58120115253692,-2.42983390151928,2.24512837424691,2.5038310400194,1.57199974678148,1.00038939807551,1.20575989766399,1.23871147902795,-0.0044339513758677,-0.279575512035617,-0.57265665345457,-0.519335414187476,-0.752459037992562,-1.55047111610991,0.451792223696555,0.973519422007372,1.40316501718232,0.293173207137882,-1.58272931987757,-1.25111793313492,1.9686320423635,-3.61726990862663,-2.76703250757093,1.34250330478909,0.298924374197677,0.0953600324734894,0.318941460250553,0.469973526956538
0.968329610096576,1.10004906130117,0.00127785964963321,-1.69285623758623,-1.04684122494056,-0.442546648518105,-0.552655076341033,0.888775709462263,-0.268806950642221,-0.77345279746941,1.36286229660501,1.29267910921372,-2.18901808422467,-0.764374072785285,0.638682739853591,-1.22631771262043,0.672274130922446,-3.30098238637966,0.870369948272551,-0.956595803154689,1.1236500950819,-1.96328291006025,0.3458011587216,1.05000440235261,-0.746729886427593,-0.703911622793464,-1.30462823690319,-0.278570262765954,-1.50374007652434,1.83141268020433,0.515713303032092,0.73004252798847,-0.0148909766540735,2.46095950570505,1.38100731050539,-0.857634996505854,0.924425420065718,-0.45162933113571,0.172302731770573,0.194823070497058,0.818687580360931,1.435064826039,-0.324133604257517,1.23408154637963,2.36078972075523,-2.00062015210498,0.0434931048150246,-1.58025623774072,-0.555288122093845,0.662135859917436
