"pair","x","y","truth"
"Feature 1 (x) / Feature 2 (y)",0.508167685552546,-1.13301325465152,0.934602960711345
"Feature 1 (x) / Feature 2 (y)",-1.7444035955392,1.44070655476528,0.640336565673351
"Feature 1 (x) / Feature 2 (y)",-0.76692124588688,1.28905725254077,0.539774174569175
"Feature 1 (x) / Feature 2 (y)",0.982151782411474,-0.623436370223593,0.266568574821576
"Feature 1 (x) / Feature 2 (y)",0.653291665505209,-0.34266377628672,0.096566071966663
"Feature 1 (x) / Feature 2 (y)",0.793397710745491,-0.464517786056697,0.133909621974453
"Feature 1 (x) / Feature 2 (y)",1.67112265046465,-0.407890858462091,0.211279006209224
"Feature 1 (x) / Feature 2 (y)",0.92650622482149,-0.363287569132247,0.94865017477423
"Feature 1 (x) / Feature 2 (y)",-1.12573819015124,1.39947425253417,0.579310150118545
"Feature 1 (x) / Feature 2 (y)",-1.21007278677684,1.04695024747648,0.622002283344045
"Feature 1 (x) / Feature 2 (y)",-1.21919404482707,0.435137303144924,0.729925628518686
"Feature 1 (x) / Feature 2 (y)",-1.12671919200548,-0.892701711511127,0.806193429743871
"Feature 1 (x) / Feature 2 (y)",0.541901794740442,-1.2135448982071,0.0309129566885531
"Feature 1 (x) / Feature 2 (y)",-0.273862352129786,1.34835229329169,0.465288266539574
"Feature 1 (x) / Feature 2 (y)",-1.08389944977155,1.48346759840426,0.496334829134867
"Feature 1 (x) / Feature 2 (y)",1.33669091713728,-0.775340479769499,0.206122397910804
"Feature 1 (x) / Feature 2 (y)",-0.567638725786214,0.999479081446407,0.460400955285877
"Feature 1 (x) / Feature 2 (y)",-0.666951455900609,0.917202965483938,0.482846714323387
"Feature 1 (x) / Feature 2 (y)",0.237245648573035,-0.934014846192945,0.897089458769187
"Feature 1 (x) / Feature 2 (y)",1.11443847105892,-0.334318513138198,0.138356370152906
"Feature 1 (x) / Feature 2 (y)",0.796305957892616,-0.569157212694708,0.314858996775001
"Feature 1 (x) / Feature 2 (y)",-1.11131942537147,1.54244672934852,0.51057206466794
"Feature 1 (x) / Feature 2 (y)",-1.13572732872075,0.313108495249623,0.729390932014212
"Feature 1 (x) / Feature 2 (y)",-1.4769954681885,1.53741216967141,0.600904693361372
"Feature 1 (x) / Feature 2 (y)",-0.664599606551695,0.997741731654433,0.454613883746788
"Feature 1 (x) / Feature 2 (y)",0.8487557186198,-0.72734940294675,0.113483893685043
"Feature 1 (x) / Feature 2 (y)",1.45787572569583,-0.992739163839838,0.151617694413289
"Feature 1 (x) / Feature 2 (y)",0.540663349150971,-1.37080500981597,0.0271460183430463
"Feature 1 (x) / Feature 2 (y)",-1.47955032201164,0.34329695540875,0.717225887347013
"Feature 1 (x) / Feature 2 (y)",-0.655259776187799,1.73327093886793,0.579665700439364
"Feature 1 (x) / Feature 2 (y)",-1.54595877047591,-0.594567004966702,0.777791964821517
"Feature 1 (x) / Feature 2 (y)",-0.949189429622497,1.27813143925894,0.54650466889143
"Feature 1 (x) / Feature 2 (y)",0.484119407596584,-1.02544167396689,0.0376187835354358
"Feature 1 (x) / Feature 2 (y)",1.34458849796914,-0.20423051805051,0.209671256830916
"Feature 1 (x) / Feature 2 (y)",1.24769611867302,-1.00208813754401,0.171383886132389
"Feature 1 (x) / Feature 2 (y)",0.451685061459338,-1.48822129879288,0.033667185343802
"Feature 1 (x) / Feature 2 (y)",-1.85313047651819,0.391621880653275,0.722593151964247
"Feature 1 (x) / Feature 2 (y)",1.26602277158484,-0.449760058543628,0.291781231062487
"Feature 1 (x) / Feature 2 (y)",0.683136444743537,-0.321855044388132,0.147549621528015
"Feature 1 (x) / Feature 2 (y)",-0.634500787229738,0.905655835109441,0.550399734638631
"Feature 1 (x) / Feature 2 (y)",-1.21970559615188,1.47170094994018,0.537454262608662
"Feature 1 (x) / Feature 2 (y)",0.622749781538668,-1.16201244813371,0.0483221001923084
"Feature 1 (x) / Feature 2 (y)",1.07555563427684,-0.128408909492846,0.299227858427912
"Feature 1 (x) / Feature 2 (y)",0.507453712283872,-0.923637592280664,0.917331561213359
"Feature 1 (x) / Feature 2 (y)",0.474964526515869,-1.62960268638193,0.0149344548117369
"Feature 1 (x) / Feature 2 (y)",0.627931705088134,-1.82898084542946,0.00744169089011848
"Feature 1 (x) / Feature 2 (y)",-0.525862085388232,-0.61001633094375,0.830173080321401
"Feature 1 (x) / Feature 2 (y)",-0.788819967810161,0.993515475602271,0.49288191832602
"Feature 1 (x) / Feature 2 (y)",-0.742577030696084,0.917182681856598,0.487459625350311
"Feature 1 (x) / Feature 2 (y)",0.246196575678189,0.097654136701241,0.358126984676346
"Feature 1 (x) / Feature 2 (y)",1.40312429346508,-0.252497332666595,0.259190891170874
"Feature 1 (x) / Feature 2 (y)",1.39541312153631,-0.585787624349795,0.17965303780511
"Feature 1 (x) / Feature 2 (y)",1.84884783972022,-0.671867625475689,0.266202436992899
"Feature 1 (x) / Feature 2 (y)",-1.10397740992568,1.73982074981359,0.589536999119446
"Feature 1 (x) / Feature 2 (y)",-0.915436995505912,-0.966888878827661,0.807724132435396
"Feature 1 (x) / Feature 2 (y)",1.68174973754558,-0.294232551207768,0.976915959035978
"Feature 1 (x) / Feature 2 (y)",1.42574209236311,-0.65791714886658,0.154509680345654
"Feature 1 (x) / Feature 2 (y)",-1.25103045034411,-0.645603262121069,0.810300270095468
"Feature 1 (x) / Feature 2 (y)",-0.778650349105362,0.904132454503696,0.473336021881551
"Feature 1 (x) / Feature 2 (y)",-0.0916172977791688,-0.839938070416353,0.878982509952039
"Feature 1 (x) / Feature 2 (y)",0.521733482777266,0.242762209320314,0.365110938902944
"Feature 1 (x) / Feature 2 (y)",-1.73359168061776,0.483903796645897,0.71370889688842
"Feature 1 (x) / Feature 2 (y)",0.609892547014906,-0.304290708893745,0.301270701223984
"Feature 1 (x) / Feature 2 (y)",0.450654874929301,-1.09761211608935,0.0611295851413161
"Feature 1 (x) / Feature 2 (y)",-0.844173082761518,0.984675339229334,0.452645275276154
"Feature 1 (x) / Feature 2 (y)",-1.41338454025613,0.738215619399127,0.702297183917835
"Feature 1 (x) / Feature 2 (y)",0.391430218705688,-2.04160082186928,0.0222509992308915
"Feature 1 (x) / Feature 2 (y)",1.08870104022287,-0.538225233791548,0.135807921877131
"Feature 1 (x) / Feature 2 (y)",1.47671793904092,0.306753158618834,0.981532560195774
"Feature 1 (x) / Feature 2 (y)",0.50126653421876,0.187735595823921,0.358425584156066
"Feature 1 (x) / Feature 2 (y)",1.68069490081447,-0.910422879119547,0.159138856688514
"Feature 1 (x) / Feature 2 (y)",0.751951715884812,-0.720795312391753,0.0629803079646081
"Feature 1 (x) / Feature 2 (y)",0.928253244309677,-0.469834261709664,0.105687235482037
"Feature 1 (x) / Feature 2 (y)",0.381103857272747,-1.07337774999331,0.0638794819824398
"Feature 1 (x) / Feature 2 (y)",-0.960681230623371,-0.65339853308294,0.811134418938309
"Feature 1 (x) / Feature 2 (y)",-0.539229743755678,-0.427891339037069,0.854919226141647
"Feature 1 (x) / Feature 2 (y)",1.23323182781669,-1.35676865525982,0.202711365418509
"Feature 1 (x) / Feature 2 (y)",1.38861702973186,0.123935375511542,0.300404587062076
"Feature 1 (x) / Feature 2 (y)",1.61626470127998,-0.560674664388916,0.171784743200988
"Feature 1 (x) / Feature 2 (y)",-1.34063191970146,-0.485213501414914,0.808894120389596
"Feature 1 (x) / Feature 2 (y)",1.03757634908853,-0.514805258485072,0.278763446956873
"Feature 1 (x) / Feature 2 (y)",0.698782054805088,-0.0283405211209675,0.353854389162734
"Feature 1 (x) / Feature 2 (y)",1.7847736597193,0.301227611006009,0.978703966364264
"Feature 1 (x) / Feature 2 (y)",1.0167253402353,-0.43916338002498,0.124067442724481
"Feature 1 (x) / Feature 2 (y)",1.31111868605701,-0.765641022483598,0.177501240512356
"Feature 1 (x) / Feature 2 (y)",-0.542410835821307,1.44706407888259,0.526823487365618
"Feature 1 (x) / Feature 2 (y)",-0.765205051430881,1.50324933913611,0.594782846281305
"Feature 1 (x) / Feature 2 (y)",0.895847387256806,-0.16584168752969,0.328176378039643
"Feature 1 (x) / Feature 2 (y)",0.241793994531843,-1.95585437800707,0.0126899401657283
"Feature 1 (x) / Feature 2 (y)",-0.307580756873932,0.440409045581585,0.446737228427082
"Feature 1 (x) / Feature 2 (y)",-1.32057453272293,0.683351144998361,0.726764942752197
"Feature 1 (x) / Feature 2 (y)",-0.525274559973627,1.64515754797827,0.465251622954383
"Feature 1 (x) / Feature 2 (y)",0.950469140809146,-0.567693232628781,0.218806670745835
"Feature 1 (x) / Feature 2 (y)",0.242729396130107,-1.18835928487484,0.891306948848069
"Feature 1 (x) / Feature 2 (y)",0.25817389165901,-0.00311504264985277,0.358234190614894
"Feature 1 (x) / Feature 2 (y)",1.35946630451578,-0.987078442548,0.196859565796331
"Feature 1 (x) / Feature 2 (y)",0.588544677784764,-0.679501004904736,0.345781859476119
"Feature 1 (x) / Feature 2 (y)",1.50890573164176,0.114525211689454,0.964952562004328
"Feature 1 (x) / Feature 2 (y)",-0.0331062106904397,0.292768172199422,0.371035319520161
"Feature 1 (x) / Feature 2 (y)",1.42907900351733,-0.624555885004893,0.219203646527603
"Feature 1 (x) / Feature 2 (y)",-1.18989020788383,-0.625645079920209,0.807401564205065
"Feature 1 (x) / Feature 2 (y)",-0.800104908603369,1.54976318870883,0.488820852711797
"Feature 1 (x) / Feature 2 (y)",-0.46703992702897,1.22784473019057,0.489239622838795
"Feature 1 (x) / Feature 2 (y)",-1.5536905002672,0.904958006632192,0.675086630042642
"Feature 1 (x) / Feature 2 (y)",1.45801689414519,-0.751361273315921,0.185927418759093
"Feature 1 (x) / Feature 2 (y)",-1.45967736272252,0.403416734365648,0.719899991992861
"Feature 1 (x) / Feature 2 (y)",-0.797309541275508,-0.927281701836065,0.840139389270917
"Feature 1 (x) / Feature 2 (y)",0.993382122465859,-0.87935950406684,0.0936737225856632
"Feature 1 (x) / Feature 2 (y)",1.06204288252238,-0.382398104027312,0.133716177195311
"Feature 1 (x) / Feature 2 (y)",0.0480080537327122,0.961566994000607,0.44627738231793
"Feature 1 (x) / Feature 2 (y)",-1.23854336104345,0.340796484942644,0.702215530676767
"Feature 1 (x) / Feature 2 (y)",0.632557286294468,-0.887169628221666,0.92291100951843
"Feature 1 (x) / Feature 2 (y)",0.879784407558255,-0.867407202210782,0.0888825617730618
"Feature 1 (x) / Feature 2 (y)",-1.70275215645948,0.735301948292188,0.702851514099166
"Feature 1 (x) / Feature 2 (y)",-0.930271969696908,1.06390337710358,0.46615297649987
"Feature 1 (x) / Feature 2 (y)",-1.02239015023221,1.53943348247254,0.524440453154966
"Feature 1 (x) / Feature 2 (y)",-0.117330494437547,-0.996665268099621,0.883076469646767
"Feature 1 (x) / Feature 2 (y)",0.969220723775652,-1.00854409007423,0.919530816143379
"Feature 1 (x) / Feature 2 (y)",1.56223265612593,-0.843349046307789,0.218163246056065
"Feature 1 (x) / Feature 2 (y)",1.63618476665388,-0.538429855490387,0.235670982860029
"Feature 1 (x) / Feature 2 (y)",1.39420866859543,-0.575971316593089,0.242982234340161
"Feature 1 (x) / Feature 2 (y)",0.116614785104957,-1.40121135557235,0.0355256006587297
"Feature 1 (x) / Feature 2 (y)",0.340558684409228,-0.806708057166606,0.928511262871325
"Feature 1 (x) / Feature 2 (y)",-0.773639447338224,1.31714338591726,0.501775671029463
"Feature 1 (x) / Feature 2 (y)",-2.24702823747212,0.466111665019312,0.707239287206903
"Feature 1 (x) / Feature 2 (y)",-1.4705488308022,1.35128436938884,0.599933189572766
"Feature 1 (x) / Feature 2 (y)",-0.987636230829434,-0.278517110544707,0.756396918790415
"Feature 1 (x) / Feature 2 (y)",1.13748423245982,-0.804243576681009,0.26721472828649
"Feature 1 (x) / Feature 2 (y)",1.65179059415568,-0.573086589663148,0.229000388411805
"Feature 1 (x) / Feature 2 (y)",-1.18755313697307,1.5685341770605,0.600737662054598
"Feature 1 (x) / Feature 2 (y)",-1.07968225863322,1.64381037088958,0.59024479938671
"Feature 1 (x) / Feature 2 (y)",0.466894009902228,-0.715908523623612,0.927260796073824
"Feature 1 (x) / Feature 2 (y)",-1.78845555629134,1.32210814606831,0.625687938183546
"Feature 1 (x) / Feature 2 (y)",1.22951260112724,-0.916425479554458,0.190271869068965
"Feature 1 (x) / Feature 2 (y)",-1.483410844149,0.607081195676398,0.708617713302374
"Feature 1 (x) / Feature 2 (y)",1.16528980721658,-0.853138195235084,0.299166257958859
"Feature 1 (x) / Feature 2 (y)",-0.48685665701206,-1.16321291510376,0.86330534121953
"Feature 1 (x) / Feature 2 (y)",-1.12439704818292,0.969888898767095,0.659891549265012
"Feature 1 (x) / Feature 2 (y)",-1.19960092881797,-0.795276156104614,0.83842443744652
"Feature 1 (x) / Feature 2 (y)",-1.46385820279563,0.870739480259237,0.688260046532378
"Feature 1 (x) / Feature 2 (y)",-0.712213801826845,1.0315071974696,0.512845787452534
"Feature 1 (x) / Feature 2 (y)",1.41540631977247,-0.705306244255317,0.204242422012612
"Feature 1 (x) / Feature 2 (y)",-0.502260056172893,1.69914389170932,0.48894941364415
"Feature 1 (x) / Feature 2 (y)",-0.999406394607148,1.44439996867513,0.540380778256804
"Feature 1 (x) / Feature 2 (y)",0.38511322359494,0.219140537895731,0.371972574153915
"Feature 1 (x) / Feature 2 (y)",-1.570112641536,0.0229119922773553,0.751868466846645
"Feature 1 (x) / Feature 2 (y)",-1.20913740312458,1.80887014282292,0.54270679387264
"Feature 1 (x) / Feature 2 (y)",0.947554980482968,-0.89031675089158,0.273709014290944
"Feature 1 (x) / Feature 2 (y)",0.113009747814429,-1.44790551326334,0.0082406906876713
"Feature 1 (x) / Feature 2 (y)",0.760003711628276,-0.730988556546438,0.0687518047634512
"Feature 1 (x) / Feature 2 (y)",-0.244788091208298,1.35411584947787,0.482838751748204
"Feature 1 (x) / Feature 2 (y)",0.649009427451881,-0.31240604001478,0.272195026511326
"Feature 1 (x) / Feature 2 (y)",0.915032812543418,-0.268161375835121,0.264095493126661
"Feature 1 (x) / Feature 2 (y)",1.2841204259532,-0.77196875586009,0.141081128036603
"Feature 1 (x) / Feature 2 (y)",1.51058634958363,-0.621975174328942,0.236761612351984
"Feature 1 (x) / Feature 2 (y)",-1.72558359300595,-0.0672422668915216,0.747640934074298
"Feature 1 (x) / Feature 2 (y)",-1.26904061189086,-0.761701894261534,0.800109896808863
"Feature 1 (x) / Feature 2 (y)",0.58487010649349,-0.583907361629842,0.115691552171484
"Feature 1 (x) / Feature 2 (y)",-1.63303058243404,-0.293750298882087,0.775464338017628
"Feature 1 (x) / Feature 2 (y)",0.969181812806825,-0.0760933750925253,0.309081808663905
"Feature 1 (x) / Feature 2 (y)",0.406723347705048,-0.753844276302791,0.909715083660558
"Feature 1 (x) / Feature 2 (y)",0.86751473326232,-0.977974466418615,0.189414444612339
"Feature 1 (x) / Feature 2 (y)",0.965815517254538,-0.452017331324949,0.313827242003754
"Feature 1 (x) / Feature 2 (y)",0.395575622433598,-1.04254949615385,0.0480910493060946
"Feature 1 (x) / Feature 2 (y)",-1.16335863416922,-0.55175144122138,0.779620272573084
"Feature 1 (x) / Feature 2 (y)",-0.909210585890675,1.74528350198135,0.491361290216446
"Feature 1 (x) / Feature 2 (y)",-0.963898265369107,-0.823045934468709,0.83509817160666
"Feature 1 (x) / Feature 2 (y)",0.838275567479529,-1.08446490476807,0.0761853891890496
"Feature 1 (x) / Feature 2 (y)",1.30797363098621,-0.650576225255527,0.279957720311359
"Feature 1 (x) / Feature 2 (y)",-1.33729984269795,1.47100452190982,0.63283795514144
"Feature 1 (x) / Feature 2 (y)",-1.21583596217479,-0.161976027200497,0.74635539832525
"Feature 1 (x) / Feature 2 (y)",-1.4495553222971,0.269671962660355,0.722740790341049
"Feature 1 (x) / Feature 2 (y)",1.75820458629981,-0.354153108003301,0.246118342736736
"Feature 1 (x) / Feature 2 (y)",1.68521975633489,-1.07054128857201,0.201949303038418
"Feature 1 (x) / Feature 2 (y)",-0.706847778528712,1.477994053687,0.55659376992844
"Feature 1 (x) / Feature 2 (y)",0.934841345565548,-0.373682069166279,0.0934528792276978
"Feature 1 (x) / Feature 2 (y)",1.59526585435698,-0.60118606695867,0.15237533999607
"Feature 1 (x) / Feature 2 (y)",-0.903066009909931,1.18402879929372,0.476137351477519
"Feature 1 (x) / Feature 2 (y)",0.815673733845872,-0.154983091108476,0.328140031779185
"Feature 1 (x) / Feature 2 (y)",-0.534023940921351,-1.3198288177083,0.855659369379282
"Feature 1 (x) / Feature 2 (y)",0.741772746821525,-0.209224495804506,0.334354943595827
"Feature 1 (x) / Feature 2 (y)",0.631004544500918,-0.505444704320882,0.278659163974226
"Feature 1 (x) / Feature 2 (y)",-0.597147083617364,1.04924877445293,0.440978627186269
"Feature 1 (x) / Feature 2 (y)",-0.300330816416588,0.85251878755043,0.4400251689367
"Feature 1 (x) / Feature 2 (y)",1.95103904855048,0.221099015559662,0.977296904427931
"Feature 1 (x) / Feature 2 (y)",1.21665227396356,-0.860596105829506,0.145238904282451
"Feature 1 (x) / Feature 2 (y)",-0.32545508797057,-1.09372174585199,0.84270612988621
"Feature 1 (x) / Feature 2 (y)",0.386630329459929,-1.67489045598469,0.0419193957932293
"Feature 1 (x) / Feature 2 (y)",0.954797878815438,-0.833509273937696,0.116735716816038
"Feature 1 (x) / Feature 2 (y)",-0.901414721322821,-0.219996669607334,0.818037616787478
"Feature 1 (x) / Feature 2 (y)",-1.6110469574661,0.0768419486638361,0.71833058539778
"Feature 1 (x) / Feature 2 (y)",1.49635297334242,-0.610487363940781,0.226031198399141
"Feature 1 (x) / Feature 2 (y)",0.535820227058913,-0.476087810934832,0.340148094110191
"Feature 1 (x) / Feature 2 (y)",0.525712859564666,-0.137343938113474,0.356579177780077
"Feature 1 (x) / Feature 2 (y)",-1.12470525909938,-0.0224264400999202,0.754153728717938
"Feature 1 (x) / Feature 2 (y)",0.310877638411415,0.310602154546893,0.324936339398846
"Feature 1 (x) / Feature 2 (y)",-1.12875149397267,1.30925419014842,0.526243726024404
"Feature 1 (x) / Feature 2 (y)",0.565150852513504,-1.18987927017279,0.916579271433875
"Feature 1 (x) / Feature 2 (y)",0.181949142393623,-0.118033338002987,0.371524909744039
"Feature 1 (x) / Feature 2 (y)",1.14305721916461,-0.459660264314709,0.947080062935129
"Feature 1 (x) / Feature 3 (y)",0.508167685552546,-0.52913366446224,0.934602960711345
"Feature 1 (x) / Feature 3 (y)",-1.7444035955392,-0.981186504828527,0.640336565673351
"Feature 1 (x) / Feature 3 (y)",-0.76692124588688,-0.0366068847883881,0.539774174569175
"Feature 1 (x) / Feature 3 (y)",0.982151782411474,0.918174237183988,0.266568574821576
"Feature 1 (x) / Feature 3 (y)",0.653291665505209,-0.690556799599096,0.096566071966663
"Feature 1 (x) / Feature 3 (y)",0.793397710745491,-0.729057027327462,0.133909621974453
"Feature 1 (x) / Feature 3 (y)",1.67112265046465,-0.544087105213925,0.211279006209224
"Feature 1 (x) / Feature 3 (y)",0.92650622482149,-0.270350992846423,0.94865017477423
"Feature 1 (x) / Feature 3 (y)",-1.12573819015124,-0.442086945760988,0.579310150118545
"Feature 1 (x) / Feature 3 (y)",-1.21007278677684,-0.449723252094994,0.622002283344045
"Feature 1 (x) / Feature 3 (y)",-1.21919404482707,-0.811092394381385,0.729925628518686
"Feature 1 (x) / Feature 3 (y)",-1.12671919200548,-0.271623677565873,0.806193429743871
"Feature 1 (x) / Feature 3 (y)",0.541901794740442,0.869849434699881,0.0309129566885531
"Feature 1 (x) / Feature 3 (y)",-0.273862352129786,0.679213192866616,0.465288266539574
"Feature 1 (x) / Feature 3 (y)",-1.08389944977155,0.34301319230284,0.496334829134867
"Feature 1 (x) / Feature 3 (y)",1.33669091713728,-0.0774230086696163,0.206122397910804
"Feature 1 (x) / Feature 3 (y)",-0.567638725786214,0.704312893600239,0.460400955285877
"Feature 1 (x) / Feature 3 (y)",-0.666951455900609,0.103495571900083,0.482846714323387
"Feature 1 (x) / Feature 3 (y)",0.237245648573035,-0.0603232704129721,0.897089458769187
"Feature 1 (x) / Feature 3 (y)",1.11443847105892,-0.861041867985409,0.138356370152906
"Feature 1 (x) / Feature 3 (y)",0.796305957892616,0.705704345222788,0.314858996775001
"Feature 1 (x) / Feature 3 (y)",-1.11131942537147,0.419066400759006,0.51057206466794
"Feature 1 (x) / Feature 3 (y)",-1.13572732872075,-0.522905852816184,0.729390932014212
"Feature 1 (x) / Feature 3 (y)",-1.4769954681885,-0.627209330377564,0.600904693361372
"Feature 1 (x) / Feature 3 (y)",-0.664599606551695,0.722837528244911,0.454613883746788
"Feature 1 (x) / Feature 3 (y)",0.8487557186198,-1.22239725033856,0.113483893685043
"Feature 1 (x) / Feature 3 (y)",1.45787572569583,-0.190846721154594,0.151617694413289
"Feature 1 (x) / Feature 3 (y)",0.540663349150971,1.36479856041733,0.0271460183430463
"Feature 1 (x) / Feature 3 (y)",-1.47955032201164,-0.526819686144012,0.717225887347013
"Feature 1 (x) / Feature 3 (y)",-0.655259776187799,-0.650220967993756,0.579665700439364
"Feature 1 (x) / Feature 3 (y)",-1.54595877047591,-0.451014808473471,0.777791964821517
"Feature 1 (x) / Feature 3 (y)",-0.949189429622497,-0.52935731265855,0.54650466889143
"Feature 1 (x) / Feature 3 (y)",0.484119407596584,1.0387487254421,0.0376187835354358
"Feature 1 (x) / Feature 3 (y)",1.34458849796914,-0.296234184600958,0.209671256830916
"Feature 1 (x) / Feature 3 (y)",1.24769611867302,-0.386672087173461,0.171383886132389
"Feature 1 (x) / Feature 3 (y)",0.451685061459338,1.26195885167623,0.033667185343802
"Feature 1 (x) / Feature 3 (y)",-1.85313047651819,-0.624207499094963,0.722593151964247
"Feature 1 (x) / Feature 3 (y)",1.26602277158484,0.72938321938764,0.291781231062487
"Feature 1 (x) / Feature 3 (y)",0.683136444743537,-0.849001799406727,0.147549621528015
"Feature 1 (x) / Feature 3 (y)",-0.634500787229738,-0.604787872837234,0.550399734638631
"Feature 1 (x) / Feature 3 (y)",-1.21970559615188,-0.425522790186997,0.537454262608662
"Feature 1 (x) / Feature 3 (y)",0.622749781538668,0.398820197965004,0.0483221001923084
"Feature 1 (x) / Feature 3 (y)",1.07555563427684,1.12937495830726,0.299227858427912
"Feature 1 (x) / Feature 3 (y)",0.507453712283872,0.16139750565803,0.917331561213359
"Feature 1 (x) / Feature 3 (y)",0.474964526515869,2.17746198271403,0.0149344548117369
"Feature 1 (x) / Feature 3 (y)",0.627931705088134,2.13354775390499,0.00744169089011848
"Feature 1 (x) / Feature 3 (y)",-0.525862085388232,-0.353048345007816,0.830173080321401
"Feature 1 (x) / Feature 3 (y)",-0.788819967810161,0.155307458416468,0.49288191832602
"Feature 1 (x) / Feature 3 (y)",-0.742577030696084,0.711111139008736,0.487459625350311
"Feature 1 (x) / Feature 3 (y)",0.246196575678189,0.812058737851948,0.358126984676346
"Feature 1 (x) / Feature 3 (y)",1.40312429346508,0.411700047244762,0.259190891170874
"Feature 1 (x) / Feature 3 (y)",1.39541312153631,-0.801028578745398,0.17965303780511
"Feature 1 (x) / Feature 3 (y)",1.84884783972022,0.625486583050521,0.266202436992899
"Feature 1 (x) / Feature 3 (y)",-1.10397740992568,-0.86615580562309,0.589536999119446
"Feature 1 (x) / Feature 3 (y)",-0.915436995505912,-0.80316584385918,0.807724132435396
"Feature 1 (x) / Feature 3 (y)",1.68174973754558,-0.742431278923771,0.976915959035978
"Feature 1 (x) / Feature 3 (y)",1.42574209236311,-0.666319287532443,0.154509680345654
"Feature 1 (x) / Feature 3 (y)",-1.25103045034411,-0.508863638711331,0.810300270095468
"Feature 1 (x) / Feature 3 (y)",-0.778650349105362,0.523190115665178,0.473336021881551
"Feature 1 (x) / Feature 3 (y)",-0.0916172977791688,-0.242923271308672,0.878982509952039
"Feature 1 (x) / Feature 3 (y)",0.521733482777266,1.01239078172335,0.365110938902944
"Feature 1 (x) / Feature 3 (y)",-1.73359168061776,-0.409590525116018,0.71370889688842
"Feature 1 (x) / Feature 3 (y)",0.609892547014906,0.832295836890477,0.301270701223984
"Feature 1 (x) / Feature 3 (y)",0.450654874929301,0.338028032088168,0.0611295851413161
"Feature 1 (x) / Feature 3 (y)",-0.844173082761518,0.947039144573732,0.452645275276154
"Feature 1 (x) / Feature 3 (y)",-1.41338454025613,-0.830593024408045,0.702297183917835
"Feature 1 (x) / Feature 3 (y)",0.391430218705688,1.74724366480343,0.0222509992308915
"Feature 1 (x) / Feature 3 (y)",1.08870104022287,-1.05273842783096,0.135807921877131
"Feature 1 (x) / Feature 3 (y)",1.47671793904092,-0.648225610943022,0.981532560195774
"Feature 1 (x) / Feature 3 (y)",0.50126653421876,1.00421467145598,0.358425584156066
"Feature 1 (x) / Feature 3 (y)",1.68069490081447,-0.378353241700232,0.159138856688514
"Feature 1 (x) / Feature 3 (y)",0.751951715884812,0.216741727352618,0.0629803079646081
"Feature 1 (x) / Feature 3 (y)",0.928253244309677,-1.13041335032675,0.105687235482037
"Feature 1 (x) / Feature 3 (y)",0.381103857272747,-0.0218355089081776,0.0638794819824398
"Feature 1 (x) / Feature 3 (y)",-0.960681230623371,-0.443360394408544,0.811134418938309
"Feature 1 (x) / Feature 3 (y)",-0.539229743755678,-0.304396949589704,0.854919226141647
"Feature 1 (x) / Feature 3 (y)",1.23323182781669,-0.435915730135179,0.202711365418509
"Feature 1 (x) / Feature 3 (y)",1.38861702973186,0.405090846727954,0.300404587062076
"Feature 1 (x) / Feature 3 (y)",1.61626470127998,-0.434502289528313,0.171784743200988
"Feature 1 (x) / Feature 3 (y)",-1.34063191970146,0.0487235777714434,0.808894120389596
"Feature 1 (x) / Feature 3 (y)",1.03757634908853,0.241257843989127,0.278763446956873
"Feature 1 (x) / Feature 3 (y)",0.698782054805088,0.932687400375207,0.353854389162734
"Feature 1 (x) / Feature 3 (y)",1.7847736597193,-0.877318224336295,0.978703966364264
"Feature 1 (x) / Feature 3 (y)",1.0167253402353,-0.878961224678864,0.124067442724481
"Feature 1 (x) / Feature 3 (y)",1.31111868605701,-0.30432031395346,0.177501240512356
"Feature 1 (x) / Feature 3 (y)",-0.542410835821307,0.0649226883373017,0.526823487365618
"Feature 1 (x) / Feature 3 (y)",-0.765205051430881,-0.360302334377714,0.594782846281305
"Feature 1 (x) / Feature 3 (y)",0.895847387256806,0.880931154293168,0.328176378039643
"Feature 1 (x) / Feature 3 (y)",0.241793994531843,2.20405582476361,0.0126899401657283
"Feature 1 (x) / Feature 3 (y)",-0.307580756873932,0.736230699579187,0.446737228427082
"Feature 1 (x) / Feature 3 (y)",-1.32057453272293,-0.850387635636671,0.726764942752197
"Feature 1 (x) / Feature 3 (y)",-0.525274559973627,1.06949432345222,0.465251622954383
"Feature 1 (x) / Feature 3 (y)",0.950469140809146,-0.108363231279597,0.218806670745835
"Feature 1 (x) / Feature 3 (y)",0.242729396130107,-0.490716327815143,0.891306948848069
"Feature 1 (x) / Feature 3 (y)",0.25817389165901,0.811436572419671,0.358234190614894
"Feature 1 (x) / Feature 3 (y)",1.35946630451578,-0.389124185011373,0.196859565796331
"Feature 1 (x) / Feature 3 (y)",0.588544677784764,1.45753559554496,0.345781859476119
"Feature 1 (x) / Feature 3 (y)",1.50890573164176,0.0324355415970251,0.964952562004328
"Feature 1 (x) / Feature 3 (y)",-0.0331062106904397,1.07443611661672,0.371035319520161
"Feature 1 (x) / Feature 3 (y)",1.42907900351733,-0.249580455687486,0.219203646527603
"Feature 1 (x) / Feature 3 (y)",-1.18989020788383,-0.0411057257027808,0.807401564205065
"Feature 1 (x) / Feature 3 (y)",-0.800104908603369,0.647526098182929,0.488820852711797
"Feature 1 (x) / Feature 3 (y)",-0.46703992702897,0.747149006465686,0.489239622838795
"Feature 1 (x) / Feature 3 (y)",-1.5536905002672,-1.09063553017803,0.675086630042642
"Feature 1 (x) / Feature 3 (y)",1.45801689414519,-0.565575743250727,0.185927418759093
"Feature 1 (x) / Feature 3 (y)",-1.45967736272252,-0.826613377223062,0.719899991992861
"Feature 1 (x) / Feature 3 (y)",-0.797309541275508,0.170372277841722,0.840139389270917
"Feature 1 (x) / Feature 3 (y)",0.993382122465859,-0.829913888155323,0.0936737225856632
"Feature 1 (x) / Feature 3 (y)",1.06204288252238,-0.835555552814343,0.133716177195311
"Feature 1 (x) / Feature 3 (y)",0.0480080537327122,0.792469636574311,0.44627738231793
"Feature 1 (x) / Feature 3 (y)",-1.23854336104345,-1.05991234528611,0.702215530676767
"Feature 1 (x) / Feature 3 (y)",0.632557286294468,0.136327499508369,0.92291100951843
"Feature 1 (x) / Feature 3 (y)",0.879784407558255,-0.458583645663532,0.0888825617730618
"Feature 1 (x) / Feature 3 (y)",-1.70275215645948,-0.960367547518254,0.702851514099166
"Feature 1 (x) / Feature 3 (y)",-0.930271969696908,0.514531867498004,0.46615297649987
"Feature 1 (x) / Feature 3 (y)",-1.02239015023221,-0.504980339487128,0.524440453154966
"Feature 1 (x) / Feature 3 (y)",-0.117330494437547,-0.248370888957382,0.883076469646767
"Feature 1 (x) / Feature 3 (y)",0.969220723775652,-0.133375205358656,0.919530816143379
"Feature 1 (x) / Feature 3 (y)",1.56223265612593,0.200009206313037,0.218163246056065
"Feature 1 (x) / Feature 3 (y)",1.63618476665388,-0.286231318703329,0.235670982860029
"Feature 1 (x) / Feature 3 (y)",1.39420866859543,0.174050835305598,0.242982234340161
"Feature 1 (x) / Feature 3 (y)",0.116614785104957,0.834794512397371,0.0355256006587297
"Feature 1 (x) / Feature 3 (y)",0.340558684409228,0.202732584274327,0.928511262871325
"Feature 1 (x) / Feature 3 (y)",-0.773639447338224,0.189471987108704,0.501775671029463
"Feature 1 (x) / Feature 3 (y)",-2.24702823747212,-0.926224552359399,0.707239287206903
"Feature 1 (x) / Feature 3 (y)",-1.4705488308022,-0.43843188136207,0.599933189572766
"Feature 1 (x) / Feature 3 (y)",-0.987636230829434,-1.10846699590632,0.756396918790415
"Feature 1 (x) / Feature 3 (y)",1.13748423245982,0.79427279576689,0.26721472828649
"Feature 1 (x) / Feature 3 (y)",1.65179059415568,0.363343718262284,0.229000388411805
"Feature 1 (x) / Feature 3 (y)",-1.18755313697307,-0.615642598320553,0.600737662054598
"Feature 1 (x) / Feature 3 (y)",-1.07968225863322,-0.998283298458851,0.59024479938671
"Feature 1 (x) / Feature 3 (y)",0.466894009902228,0.178519607275817,0.927260796073824
"Feature 1 (x) / Feature 3 (y)",-1.78845555629134,-0.24298758965342,0.625687938183546
"Feature 1 (x) / Feature 3 (y)",1.22951260112724,-0.389097105211644,0.190271869068965
"Feature 1 (x) / Feature 3 (y)",-1.483410844149,-0.791457054574423,0.708617713302374
"Feature 1 (x) / Feature 3 (y)",1.16528980721658,1.10801859019796,0.299166257958859
"Feature 1 (x) / Feature 3 (y)",-0.48685665701206,-0.116048491672838,0.86330534121953
"Feature 1 (x) / Feature 3 (y)",-1.12439704818292,-0.950022502143413,0.659891549265012
"Feature 1 (x) / Feature 3 (y)",-1.19960092881797,0.17637166209591,0.83842443744652
"Feature 1 (x) / Feature 3 (y)",-1.46385820279563,-0.470539643574357,0.688260046532378
"Feature 1 (x) / Feature 3 (y)",-0.712213801826845,-0.261607817801305,0.512845787452534
"Feature 1 (x) / Feature 3 (y)",1.41540631977247,-0.0859153980791605,0.204242422012612
"Feature 1 (x) / Feature 3 (y)",-0.502260056172893,0.540734590645296,0.48894941364415
"Feature 1 (x) / Feature 3 (y)",-0.999406394607148,-0.786586654691837,0.540380778256804
"Feature 1 (x) / Feature 3 (y)",0.38511322359494,0.856837190659653,0.371972574153915
"Feature 1 (x) / Feature 3 (y)",-1.570112641536,-0.57813559317696,0.751868466846645
"Feature 1 (x) / Feature 3 (y)",-1.20913740312458,-0.25924066841822,0.54270679387264
"Feature 1 (x) / Feature 3 (y)",0.947554980482968,0.677064517144767,0.273709014290944
"Feature 1 (x) / Feature 3 (y)",0.113009747814429,2.37277522308045,0.0082406906876713
"Feature 1 (x) / Feature 3 (y)",0.760003711628276,-0.408158685769393,0.0687518047634512
"Feature 1 (x) / Feature 3 (y)",-0.244788091208298,0.609264013444483,0.482838751748204
"Feature 1 (x) / Feature 3 (y)",0.649009427451881,0.64593558741162,0.272195026511326
"Feature 1 (x) / Feature 3 (y)",0.915032812543418,0.778065445646135,0.264095493126661
"Feature 1 (x) / Feature 3 (y)",1.2841204259532,-0.746169942495968,0.141081128036603
"Feature 1 (x) / Feature 3 (y)",1.51058634958363,-0.00742425803164345,0.236761612351984
"Feature 1 (x) / Feature 3 (y)",-1.72558359300595,-0.852217438159681,0.747640934074298
"Feature 1 (x) / Feature 3 (y)",-1.26904061189086,-0.0300787252902774,0.800109896808863
"Feature 1 (x) / Feature 3 (y)",0.58487010649349,-1.14879362045428,0.115691552171484
"Feature 1 (x) / Feature 3 (y)",-1.63303058243404,-0.771423734158137,0.775464338017628
"Feature 1 (x) / Feature 3 (y)",0.969181812806825,0.836375856379072,0.309081808663905
"Feature 1 (x) / Feature 3 (y)",0.406723347705048,-0.397775254887251,0.909715083660558
"Feature 1 (x) / Feature 3 (y)",0.86751473326232,-0.289668644130764,0.189414444612339
"Feature 1 (x) / Feature 3 (y)",0.965815517254538,0.821497702829349,0.313827242003754
"Feature 1 (x) / Feature 3 (y)",0.395575622433598,0.341901890155148,0.0480910493060946
"Feature 1 (x) / Feature 3 (y)",-1.16335863416922,-0.820706290236005,0.779620272573084
"Feature 1 (x) / Feature 3 (y)",-0.909210585890675,0.215337795251088,0.491361290216446
"Feature 1 (x) / Feature 3 (y)",-0.963898265369107,-0.238431492835684,0.83509817160666
"Feature 1 (x) / Feature 3 (y)",0.838275567479529,-0.349014205667254,0.0761853891890496
"Feature 1 (x) / Feature 3 (y)",1.30797363098621,0.260919766916558,0.279957720311359
"Feature 1 (x) / Feature 3 (y)",-1.33729984269795,-0.220029106223716,0.63283795514144
"Feature 1 (x) / Feature 3 (y)",-1.21583596217479,-0.607065088408062,0.74635539832525
"Feature 1 (x) / Feature 3 (y)",-1.4495553222971,-0.829930630113675,0.722740790341049
"Feature 1 (x) / Feature 3 (y)",1.75820458629981,0.265041017005378,0.246118342736736
"Feature 1 (x) / Feature 3 (y)",1.68521975633489,0.162235022069923,0.201949303038418
"Feature 1 (x) / Feature 3 (y)",-0.706847778528712,-0.206796790635199,0.55659376992844
"Feature 1 (x) / Feature 3 (y)",0.934841345565548,-0.549073185324803,0.0934528792276978
"Feature 1 (x) / Feature 3 (y)",1.59526585435698,-0.725928115160052,0.15237533999607
"Feature 1 (x) / Feature 3 (y)",-0.903066009909931,0.225100181377184,0.476137351477519
"Feature 1 (x) / Feature 3 (y)",0.815673733845872,1.01677743682791,0.328140031779185
"Feature 1 (x) / Feature 3 (y)",-0.534023940921351,0.0703849129556466,0.855659369379282
"Feature 1 (x) / Feature 3 (y)",0.741772746821525,1.22303225519339,0.334354943595827
"Feature 1 (x) / Feature 3 (y)",0.631004544500918,0.791774277885437,0.278659163974226
"Feature 1 (x) / Feature 3 (y)",-0.597147083617364,1.06183967717513,0.440978627186269
"Feature 1 (x) / Feature 3 (y)",-0.300330816416588,0.742462017782457,0.4400251689367
"Feature 1 (x) / Feature 3 (y)",1.95103904855048,-0.527387537518631,0.977296904427931
"Feature 1 (x) / Feature 3 (y)",1.21665227396356,-1.2424626100391,0.145238904282451
"Feature 1 (x) / Feature 3 (y)",-0.32545508797057,0.186089113886266,0.84270612988621
"Feature 1 (x) / Feature 3 (y)",0.386630329459929,0.410550357368171,0.0419193957932293
"Feature 1 (x) / Feature 3 (y)",0.954797878815438,-0.921937353310962,0.116735716816038
"Feature 1 (x) / Feature 3 (y)",-0.901414721322821,-0.0149365570854041,0.818037616787478
"Feature 1 (x) / Feature 3 (y)",-1.6110469574661,-0.434484314943476,0.71833058539778
"Feature 1 (x) / Feature 3 (y)",1.49635297334242,-0.0526800937866074,0.226031198399141
"Feature 1 (x) / Feature 3 (y)",0.535820227058913,1.08850174593428,0.340148094110191
"Feature 1 (x) / Feature 3 (y)",0.525712859564666,0.911064203271847,0.356579177780077
"Feature 1 (x) / Feature 3 (y)",-1.12470525909938,-1.08600231562632,0.754153728717938
"Feature 1 (x) / Feature 3 (y)",0.310877638411415,0.486106769147383,0.324936339398846
"Feature 1 (x) / Feature 3 (y)",-1.12875149397267,-0.195464435382482,0.526243726024404
"Feature 1 (x) / Feature 3 (y)",0.565150852513504,-0.188132742448868,0.916579271433875
"Feature 1 (x) / Feature 3 (y)",0.181949142393623,0.837541407567656,0.371524909744039
"Feature 1 (x) / Feature 3 (y)",1.14305721916461,-0.294267591446332,0.947080062935129
"Feature 1 (x) / Feature 4 (y)",0.508167685552546,-1.51334336137372,0.934602960711345
"Feature 1 (x) / Feature 4 (y)",-1.7444035955392,1.82303282635094,0.640336565673351
"Feature 1 (x) / Feature 4 (y)",-0.76692124588688,1.54389966339832,0.539774174569175
"Feature 1 (x) / Feature 4 (y)",0.982151782411474,-0.832519893925017,0.266568574821576
"Feature 1 (x) / Feature 4 (y)",0.653291665505209,0.577233559220043,0.096566071966663
"Feature 1 (x) / Feature 4 (y)",0.793397710745491,0.575327999010641,0.133909621974453
"Feature 1 (x) / Feature 4 (y)",1.67112265046465,-0.322889207829061,0.211279006209224
"Feature 1 (x) / Feature 4 (y)",0.92650622482149,-1.29307642919105,0.94865017477423
"Feature 1 (x) / Feature 4 (y)",-1.12573819015124,2.18669807225455,0.579310150118545
"Feature 1 (x) / Feature 4 (y)",-1.21007278677684,1.81506844012096,0.622002283344045
"Feature 1 (x) / Feature 4 (y)",-1.21919404482707,-0.152419401319482,0.729925628518686
"Feature 1 (x) / Feature 4 (y)",-1.12671919200548,-1.32562976268765,0.806193429743871
"Feature 1 (x) / Feature 4 (y)",0.541901794740442,1.60266302717571,0.0309129566885531
"Feature 1 (x) / Feature 4 (y)",-0.273862352129786,0.446439026008735,0.465288266539574
"Feature 1 (x) / Feature 4 (y)",-1.08389944977155,0.570344250876347,0.496334829134867
"Feature 1 (x) / Feature 4 (y)",1.33669091713728,-0.538847403904385,0.206122397910804
"Feature 1 (x) / Feature 4 (y)",-0.567638725786214,0.458915555652553,0.460400955285877
"Feature 1 (x) / Feature 4 (y)",-0.666951455900609,0.188439329105593,0.482846714323387
"Feature 1 (x) / Feature 4 (y)",0.237245648573035,-1.81232517016987,0.897089458769187
"Feature 1 (x) / Feature 4 (y)",1.11443847105892,0.372897276068054,0.138356370152906
"Feature 1 (x) / Feature 4 (y)",0.796305957892616,-0.867663263000599,0.314858996775001
"Feature 1 (x) / Feature 4 (y)",-1.11131942537147,1.37453401420297,0.51057206466794
"Feature 1 (x) / Feature 4 (y)",-1.13572732872075,-0.403179349677662,0.729390932014212
"Feature 1 (x) / Feature 4 (y)",-1.4769954681885,2.34444575894784,0.600904693361372
"Feature 1 (x) / Feature 4 (y)",-0.664599606551695,0.0842972601371642,0.454613883746788
"Feature 1 (x) / Feature 4 (y)",0.8487557186198,0.588778783746939,0.113483893685043
"Feature 1 (x) / Feature 4 (y)",1.45787572569583,0.0765268371265738,0.151617694413289
"Feature 1 (x) / Feature 4 (y)",0.540663349150971,2.40239797842761,0.0271460183430463
"Feature 1 (x) / Feature 4 (y)",-1.47955032201164,0.240482636813405,0.717225887347013
"Feature 1 (x) / Feature 4 (y)",-0.655259776187799,1.83122345476217,0.579665700439364
"Feature 1 (x) / Feature 4 (y)",-1.54595877047591,-1.07780990473598,0.777791964821517
"Feature 1 (x) / Feature 4 (y)",-0.949189429622497,1.93533689706668,0.54650466889143
"Feature 1 (x) / Feature 4 (y)",0.484119407596584,2.35393435789807,0.0376187835354358
"Feature 1 (x) / Feature 4 (y)",1.34458849796914,-0.380387185520121,0.209671256830916
"Feature 1 (x) / Feature 4 (y)",1.24769611867302,0.082073285414094,0.171383886132389
"Feature 1 (x) / Feature 4 (y)",0.451685061459338,2.07822356894471,0.033667185343802
"Feature 1 (x) / Feature 4 (y)",-1.85313047651819,-0.0363112014093012,0.722593151964247
"Feature 1 (x) / Feature 4 (y)",1.26602277158484,-0.993927039904526,0.291781231062487
"Feature 1 (x) / Feature 4 (y)",0.683136444743537,-0.261555347251159,0.147549621528015
"Feature 1 (x) / Feature 4 (y)",-0.634500787229738,1.20605245865579,0.550399734638631
"Feature 1 (x) / Feature 4 (y)",-1.21970559615188,1.80760064440913,0.537454262608662
"Feature 1 (x) / Feature 4 (y)",0.622749781538668,1.15656766051603,0.0483221001923084
"Feature 1 (x) / Feature 4 (y)",1.07555563427684,-0.678814099400788,0.299227858427912
"Feature 1 (x) / Feature 4 (y)",0.507453712283872,-1.88823019470605,0.917331561213359
"Feature 1 (x) / Feature 4 (y)",0.474964526515869,2.15507564339315,0.0149344548117369
"Feature 1 (x) / Feature 4 (y)",0.627931705088134,2.5690497598116,0.00744169089011848
"Feature 1 (x) / Feature 4 (y)",-0.525862085388232,-1.76257837693306,0.830173080321401
"Feature 1 (x) / Feature 4 (y)",-0.788819967810161,0.477990044531175,0.49288191832602
"Feature 1 (x) / Feature 4 (y)",-0.742577030696084,0.65709335479543,0.487459625350311
"Feature 1 (x) / Feature 4 (y)",0.246196575678189,-0.830056721813391,0.358126984676346
"Feature 1 (x) / Feature 4 (y)",1.40312429346508,-0.731783349440608,0.259190891170874
"Feature 1 (x) / Feature 4 (y)",1.39541312153631,0.0605576701477021,0.17965303780511
"Feature 1 (x) / Feature 4 (y)",1.84884783972022,-0.596105960506996,0.266202436992899
"Feature 1 (x) / Feature 4 (y)",-1.10397740992568,2.090944698669,0.589536999119446
"Feature 1 (x) / Feature 4 (y)",-0.915436995505912,-1.84899487279992,0.807724132435396
"Feature 1 (x) / Feature 4 (y)",1.68174973754558,-0.866172636022114,0.976915959035978
"Feature 1 (x) / Feature 4 (y)",1.42574209236311,0.261520320255219,0.154509680345654
"Feature 1 (x) / Feature 4 (y)",-1.25103045034411,-1.20575261643185,0.810300270095468
"Feature 1 (x) / Feature 4 (y)",-0.778650349105362,0.858399763845572,0.473336021881551
"Feature 1 (x) / Feature 4 (y)",-0.0916172977791688,-2.09158070648828,0.878982509952039
"Feature 1 (x) / Feature 4 (y)",0.521733482777266,-1.17049801309803,0.365110938902944
"Feature 1 (x) / Feature 4 (y)",-1.73359168061776,0.0688665552528768,0.71370889688842
"Feature 1 (x) / Feature 4 (y)",0.609892547014906,-0.830969188986938,0.301270701223984
"Feature 1 (x) / Feature 4 (y)",0.450654874929301,1.05510609216682,0.0611295851413161
"Feature 1 (x) / Feature 4 (y)",-0.844173082761518,-0.0664024404622168,0.452645275276154
"Feature 1 (x) / Feature 4 (y)",-1.41338454025613,0.563463978371527,0.702297183917835
"Feature 1 (x) / Feature 4 (y)",0.391430218705688,2.36598818032742,0.0222509992308915
"Feature 1 (x) / Feature 4 (y)",1.08870104022287,0.330507173745406,0.135807921877131
"Feature 1 (x) / Feature 4 (y)",1.47671793904092,-0.946132655306452,0.981532560195774
"Feature 1 (x) / Feature 4 (y)",0.50126653421876,-1.02905761306966,0.358425584156066
"Feature 1 (x) / Feature 4 (y)",1.68069490081447,0.267330258100062,0.159138856688514
"Feature 1 (x) / Feature 4 (y)",0.751951715884812,1.2676798747712,0.0629803079646081
"Feature 1 (x) / Feature 4 (y)",0.928253244309677,0.455684365450404,0.105687235482037
"Feature 1 (x) / Feature 4 (y)",0.381103857272747,1.27072112913805,0.0638794819824398
"Feature 1 (x) / Feature 4 (y)",-0.960681230623371,-0.743587975054915,0.811134418938309
"Feature 1 (x) / Feature 4 (y)",-0.539229743755678,-1.73763865373823,0.854919226141647
"Feature 1 (x) / Feature 4 (y)",1.23323182781669,-0.132468527630834,0.202711365418509
"Feature 1 (x) / Feature 4 (y)",1.38861702973186,-0.568634279388234,0.300404587062076
"Feature 1 (x) / Feature 4 (y)",1.61626470127998,0.065975070719153,0.171784743200988
"Feature 1 (x) / Feature 4 (y)",-1.34063191970146,-1.73240500041807,0.808894120389596
"Feature 1 (x) / Feature 4 (y)",1.03757634908853,-0.700118188981894,0.278763446956873
"Feature 1 (x) / Feature 4 (y)",0.698782054805088,-0.960337999118939,0.353854389162734
"Feature 1 (x) / Feature 4 (y)",1.7847736597193,-1.00586541641634,0.978703966364264
"Feature 1 (x) / Feature 4 (y)",1.0167253402353,0.479236145208018,0.124067442724481
"Feature 1 (x) / Feature 4 (y)",1.31111868605701,-0.405474992743285,0.177501240512356
"Feature 1 (x) / Feature 4 (y)",-0.542410835821307,1.28931581905876,0.526823487365618
"Feature 1 (x) / Feature 4 (y)",-0.765205051430881,2.15672143287455,0.594782846281305
"Feature 1 (x) / Feature 4 (y)",0.895847387256806,-1.01570940729247,0.328176378039643
"Feature 1 (x) / Feature 4 (y)",0.241793994531843,2.25497722037328,0.0126899401657283
"Feature 1 (x) / Feature 4 (y)",-0.307580756873932,0.0250865325323794,0.446737228427082
"Feature 1 (x) / Feature 4 (y)",-1.32057453272293,-0.069508816500006,0.726764942752197
"Feature 1 (x) / Feature 4 (y)",-0.525274559973627,0.742268484109868,0.465251622954383
"Feature 1 (x) / Feature 4 (y)",0.950469140809146,-0.421155403897917,0.218806670745835
"Feature 1 (x) / Feature 4 (y)",0.242729396130107,-2.18765046495689,0.891306948848069
"Feature 1 (x) / Feature 4 (y)",0.25817389165901,-1.08739509640749,0.358234190614894
"Feature 1 (x) / Feature 4 (y)",1.35946630451578,-0.0862366744520971,0.196859565796331
"Feature 1 (x) / Feature 4 (y)",0.588544677784764,-0.925788692639109,0.345781859476119
"Feature 1 (x) / Feature 4 (y)",1.50890573164176,-0.910771335402927,0.964952562004328
"Feature 1 (x) / Feature 4 (y)",-0.0331062106904397,-0.718849776103497,0.371035319520161
"Feature 1 (x) / Feature 4 (y)",1.42907900351733,-0.536352333329135,0.219203646527603
"Feature 1 (x) / Feature 4 (y)",-1.18989020788383,-1.13211100089171,0.807401564205065
"Feature 1 (x) / Feature 4 (y)",-0.800104908603369,0.612143499503765,0.488820852711797
"Feature 1 (x) / Feature 4 (y)",-0.46703992702897,0.317181870790753,0.489239622838795
"Feature 1 (x) / Feature 4 (y)",-1.5536905002672,1.0071139138875,0.675086630042642
"Feature 1 (x) / Feature 4 (y)",1.45801689414519,0.380510379913107,0.185927418759093
"Feature 1 (x) / Feature 4 (y)",-1.45967736272252,0.184385838040027,0.719899991992861
"Feature 1 (x) / Feature 4 (y)",-0.797309541275508,-2.13202276820659,0.840139389270917
"Feature 1 (x) / Feature 4 (y)",0.993382122465859,0.811882006967883,0.0936737225856632
"Feature 1 (x) / Feature 4 (y)",1.06204288252238,-0.0466206258372721,0.133716177195311
"Feature 1 (x) / Feature 4 (y)",0.0480080537327122,-0.577638242207823,0.44627738231793
"Feature 1 (x) / Feature 4 (y)",-1.23854336104345,0.781778293044824,0.702215530676767
"Feature 1 (x) / Feature 4 (y)",0.632557286294468,-1.67922649008092,0.92291100951843
"Feature 1 (x) / Feature 4 (y)",0.879784407558255,0.354706144293208,0.0888825617730618
"Feature 1 (x) / Feature 4 (y)",-1.70275215645948,0.637066336064089,0.702851514099166
"Feature 1 (x) / Feature 4 (y)",-0.930271969696908,0.500806016209405,0.46615297649987
"Feature 1 (x) / Feature 4 (y)",-1.02239015023221,1.31086964709388,0.524440453154966
"Feature 1 (x) / Feature 4 (y)",-0.117330494437547,-2.06158945687584,0.883076469646767
"Feature 1 (x) / Feature 4 (y)",0.969220723775652,-1.90654524362605,0.919530816143379
"Feature 1 (x) / Feature 4 (y)",1.56223265612593,-0.652004073902473,0.218163246056065
"Feature 1 (x) / Feature 4 (y)",1.63618476665388,-0.521562624275121,0.235670982860029
"Feature 1 (x) / Feature 4 (y)",1.39420866859543,-0.5774983966021,0.242982234340161
"Feature 1 (x) / Feature 4 (y)",0.116614785104957,2.14532866781731,0.0355256006587297
"Feature 1 (x) / Feature 4 (y)",0.340558684409228,-1.68091842649565,0.928511262871325
"Feature 1 (x) / Feature 4 (y)",-0.773639447338224,1.03300264311448,0.501775671029463
"Feature 1 (x) / Feature 4 (y)",-2.24702823747212,0.313244436243458,0.707239287206903
"Feature 1 (x) / Feature 4 (y)",-1.4705488308022,1.61060589218431,0.599933189572766
"Feature 1 (x) / Feature 4 (y)",-0.987636230829434,-0.528494511699788,0.756396918790415
"Feature 1 (x) / Feature 4 (y)",1.13748423245982,-0.51489903726083,0.26721472828649
"Feature 1 (x) / Feature 4 (y)",1.65179059415568,-0.348259732443892,0.229000388411805
"Feature 1 (x) / Feature 4 (y)",-1.18755313697307,2.57003984762091,0.600737662054598
"Feature 1 (x) / Feature 4 (y)",-1.07968225863322,2.06125311188485,0.59024479938671
"Feature 1 (x) / Feature 4 (y)",0.466894009902228,-1.64267707753651,0.927260796073824
"Feature 1 (x) / Feature 4 (y)",-1.78845555629134,2.31845275545724,0.625687938183546
"Feature 1 (x) / Feature 4 (y)",1.22951260112724,0.0408827976221585,0.190271869068965
"Feature 1 (x) / Feature 4 (y)",-1.483410844149,0.38826254132438,0.708617713302374
"Feature 1 (x) / Feature 4 (y)",1.16528980721658,-0.746733323915395,0.299166257958859
"Feature 1 (x) / Feature 4 (y)",-0.48685665701206,-2.16594397362542,0.86330534121953
"Feature 1 (x) / Feature 4 (y)",-1.12439704818292,1.45270867949178,0.659891549265012
"Feature 1 (x) / Feature 4 (y)",-1.19960092881797,-1.93728713382168,0.83842443744652
"Feature 1 (x) / Feature 4 (y)",-1.46385820279563,0.719846447848979,0.688260046532378
"Feature 1 (x) / Feature 4 (y)",-0.712213801826845,1.17569330396265,0.512845787452534
"Feature 1 (x) / Feature 4 (y)",1.41540631977247,-0.32191420406325,0.204242422012612
"Feature 1 (x) / Feature 4 (y)",-0.502260056172893,0.496391806370891,0.48894941364415
"Feature 1 (x) / Feature 4 (y)",-0.999406394607148,1.46002469082474,0.540380778256804
"Feature 1 (x) / Feature 4 (y)",0.38511322359494,-1.18591615778626,0.371972574153915
"Feature 1 (x) / Feature 4 (y)",-1.570112641536,0.00784154826924427,0.751868466846645
"Feature 1 (x) / Feature 4 (y)",-1.20913740312458,2.41826446001543,0.54270679387264
"Feature 1 (x) / Feature 4 (y)",0.947554980482968,-0.935966675842089,0.273709014290944
"Feature 1 (x) / Feature 4 (y)",0.113009747814429,2.54363532868661,0.0082406906876713
"Feature 1 (x) / Feature 4 (y)",0.760003711628276,1.04118575118056,0.0687518047634512
"Feature 1 (x) / Feature 4 (y)",-0.244788091208298,0.46009266906205,0.482838751748204
"Feature 1 (x) / Feature 4 (y)",0.649009427451881,-1.17659549304958,0.272195026511326
"Feature 1 (x) / Feature 4 (y)",0.915032812543418,-0.245522023484873,0.264095493126661
"Feature 1 (x) / Feature 4 (y)",1.2841204259532,-0.117216411034733,0.141081128036603
"Feature 1 (x) / Feature 4 (y)",1.51058634958363,-0.490188726875386,0.236761612351984
"Feature 1 (x) / Feature 4 (y)",-1.72558359300595,-0.571291902915067,0.747640934074298
"Feature 1 (x) / Feature 4 (y)",-1.26904061189086,-0.923440088738445,0.800109896808863
"Feature 1 (x) / Feature 4 (y)",0.58487010649349,0.670935726745374,0.115691552171484
"Feature 1 (x) / Feature 4 (y)",-1.63303058243404,-1.05217994250419,0.775464338017628
"Feature 1 (x) / Feature 4 (y)",0.969181812806825,-0.981590865546556,0.309081808663905
"Feature 1 (x) / Feature 4 (y)",0.406723347705048,-1.6778999264536,0.909715083660558
"Feature 1 (x) / Feature 4 (y)",0.86751473326232,0.42732173779071,0.189414444612339
"Feature 1 (x) / Feature 4 (y)",0.965815517254538,-1.2089071024099,0.313827242003754
"Feature 1 (x) / Feature 4 (y)",0.395575622433598,1.77923743789483,0.0480910493060946
"Feature 1 (x) / Feature 4 (y)",-1.16335863416922,-0.964865418658287,0.779620272573084
"Feature 1 (x) / Feature 4 (y)",-0.909210585890675,0.775794109200702,0.491361290216446
"Feature 1 (x) / Feature 4 (y)",-0.963898265369107,-1.28043568244237,0.83509817160666
"Feature 1 (x) / Feature 4 (y)",0.838275567479529,1.22563510756229,0.0761853891890496
"Feature 1 (x) / Feature 4 (y)",1.30797363098621,-0.89172611591464,0.279957720311359
"Feature 1 (x) / Feature 4 (y)",-1.33729984269795,1.68747635267585,0.63283795514144
"Feature 1 (x) / Feature 4 (y)",-1.21583596217479,-0.664879312905401,0.74635539832525
"Feature 1 (x) / Feature 4 (y)",-1.4495553222971,0.0787148237034999,0.722740790341049
"Feature 1 (x) / Feature 4 (y)",1.75820458629981,-0.647606002280263,0.246118342736736
"Feature 1 (x) / Feature 4 (y)",1.68521975633489,-0.165918952313282,0.201949303038418
"Feature 1 (x) / Feature 4 (y)",-0.706847778528712,1.76983580697145,0.55659376992844
"Feature 1 (x) / Feature 4 (y)",0.934841345565548,1.04799323605406,0.0934528792276978
"Feature 1 (x) / Feature 4 (y)",1.59526585435698,0.0617370614015526,0.15237533999607
"Feature 1 (x) / Feature 4 (y)",-0.903066009909931,0.306756126495741,0.476137351477519
"Feature 1 (x) / Feature 4 (y)",0.815673733845872,-1.18685031524768,0.328140031779185
"Feature 1 (x) / Feature 4 (y)",-0.534023940921351,-1.70665689540843,0.855659369379282
"Feature 1 (x) / Feature 4 (y)",0.741772746821525,-1.27992818935529,0.334354943595827
"Feature 1 (x) / Feature 4 (y)",0.631004544500918,-0.20301055389023,0.278659163974226
"Feature 1 (x) / Feature 4 (y)",-0.597147083617364,0.0598271128857204,0.440978627186269
"Feature 1 (x) / Feature 4 (y)",-0.300330816416588,-0.106539587043528,0.4400251689367
"Feature 1 (x) / Feature 4 (y)",1.95103904855048,-0.680382504266951,0.977296904427931
"Feature 1 (x) / Feature 4 (y)",1.21665227396356,-0.214808725482664,0.145238904282451
"Feature 1 (x) / Feature 4 (y)",-0.32545508797057,-1.4274325734352,0.84270612988621
"Feature 1 (x) / Feature 4 (y)",0.386630329459929,1.18759789768119,0.0419193957932293
"Feature 1 (x) / Feature 4 (y)",0.954797878815438,0.0801595171376324,0.116735716816038
"Feature 1 (x) / Feature 4 (y)",-0.901414721322821,-1.48954585572392,0.818037616787478
"Feature 1 (x) / Feature 4 (y)",-1.6110469574661,0.648344688551496,0.71833058539778
"Feature 1 (x) / Feature 4 (y)",1.49635297334242,-0.432260642427689,0.226031198399141
"Feature 1 (x) / Feature 4 (y)",0.535820227058913,-0.984158336959447,0.340148094110191
"Feature 1 (x) / Feature 4 (y)",0.525712859564666,-0.745530257687313,0.356579177780077
"Feature 1 (x) / Feature 4 (y)",-1.12470525909938,-0.450123233637084,0.754153728717938
"Feature 1 (x) / Feature 4 (y)",0.310877638411415,-0.886000224438123,0.324936339398846
"Feature 1 (x) / Feature 4 (y)",-1.12875149397267,1.57480642164206,0.526243726024404
"Feature 1 (x) / Feature 4 (y)",0.565150852513504,-1.44866564253794,0.916579271433875
"Feature 1 (x) / Feature 4 (y)",0.181949142393623,-0.519418268672349,0.371524909744039
"Feature 1 (x) / Feature 4 (y)",1.14305721916461,-1.54280972656716,0.947080062935129
"Feature 2 (x) / Feature 3 (y)",-1.13301325465152,-0.52913366446224,0.934602960711345
"Feature 2 (x) / Feature 3 (y)",1.44070655476528,-0.981186504828527,0.640336565673351
"Feature 2 (x) / Feature 3 (y)",1.28905725254077,-0.0366068847883881,0.539774174569175
"Feature 2 (x) / Feature 3 (y)",-0.623436370223593,0.918174237183988,0.266568574821576
"Feature 2 (x) / Feature 3 (y)",-0.34266377628672,-0.690556799599096,0.096566071966663
"Feature 2 (x) / Feature 3 (y)",-0.464517786056697,-0.729057027327462,0.133909621974453
"Feature 2 (x) / Feature 3 (y)",-0.407890858462091,-0.544087105213925,0.211279006209224
"Feature 2 (x) / Feature 3 (y)",-0.363287569132247,-0.270350992846423,0.94865017477423
"Feature 2 (x) / Feature 3 (y)",1.39947425253417,-0.442086945760988,0.579310150118545
"Feature 2 (x) / Feature 3 (y)",1.04695024747648,-0.449723252094994,0.622002283344045
"Feature 2 (x) / Feature 3 (y)",0.435137303144924,-0.811092394381385,0.729925628518686
"Feature 2 (x) / Feature 3 (y)",-0.892701711511127,-0.271623677565873,0.806193429743871
"Feature 2 (x) / Feature 3 (y)",-1.2135448982071,0.869849434699881,0.0309129566885531
"Feature 2 (x) / Feature 3 (y)",1.34835229329169,0.679213192866616,0.465288266539574
"Feature 2 (x) / Feature 3 (y)",1.48346759840426,0.34301319230284,0.496334829134867
"Feature 2 (x) / Feature 3 (y)",-0.775340479769499,-0.0774230086696163,0.206122397910804
"Feature 2 (x) / Feature 3 (y)",0.999479081446407,0.704312893600239,0.460400955285877
"Feature 2 (x) / Feature 3 (y)",0.917202965483938,0.103495571900083,0.482846714323387
"Feature 2 (x) / Feature 3 (y)",-0.934014846192945,-0.0603232704129721,0.897089458769187
"Feature 2 (x) / Feature 3 (y)",-0.334318513138198,-0.861041867985409,0.138356370152906
"Feature 2 (x) / Feature 3 (y)",-0.569157212694708,0.705704345222788,0.314858996775001
"Feature 2 (x) / Feature 3 (y)",1.54244672934852,0.419066400759006,0.51057206466794
"Feature 2 (x) / Feature 3 (y)",0.313108495249623,-0.522905852816184,0.729390932014212
"Feature 2 (x) / Feature 3 (y)",1.53741216967141,-0.627209330377564,0.600904693361372
"Feature 2 (x) / Feature 3 (y)",0.997741731654433,0.722837528244911,0.454613883746788
"Feature 2 (x) / Feature 3 (y)",-0.72734940294675,-1.22239725033856,0.113483893685043
"Feature 2 (x) / Feature 3 (y)",-0.992739163839838,-0.190846721154594,0.151617694413289
"Feature 2 (x) / Feature 3 (y)",-1.37080500981597,1.36479856041733,0.0271460183430463
"Feature 2 (x) / Feature 3 (y)",0.34329695540875,-0.526819686144012,0.717225887347013
"Feature 2 (x) / Feature 3 (y)",1.73327093886793,-0.650220967993756,0.579665700439364
"Feature 2 (x) / Feature 3 (y)",-0.594567004966702,-0.451014808473471,0.777791964821517
"Feature 2 (x) / Feature 3 (y)",1.27813143925894,-0.52935731265855,0.54650466889143
"Feature 2 (x) / Feature 3 (y)",-1.02544167396689,1.0387487254421,0.0376187835354358
"Feature 2 (x) / Feature 3 (y)",-0.20423051805051,-0.296234184600958,0.209671256830916
"Feature 2 (x) / Feature 3 (y)",-1.00208813754401,-0.386672087173461,0.171383886132389
"Feature 2 (x) / Feature 3 (y)",-1.48822129879288,1.26195885167623,0.033667185343802
"Feature 2 (x) / Feature 3 (y)",0.391621880653275,-0.624207499094963,0.722593151964247
"Feature 2 (x) / Feature 3 (y)",-0.449760058543628,0.72938321938764,0.291781231062487
"Feature 2 (x) / Feature 3 (y)",-0.321855044388132,-0.849001799406727,0.147549621528015
"Feature 2 (x) / Feature 3 (y)",0.905655835109441,-0.604787872837234,0.550399734638631
"Feature 2 (x) / Feature 3 (y)",1.47170094994018,-0.425522790186997,0.537454262608662
"Feature 2 (x) / Feature 3 (y)",-1.16201244813371,0.398820197965004,0.0483221001923084
"Feature 2 (x) / Feature 3 (y)",-0.128408909492846,1.12937495830726,0.299227858427912
"Feature 2 (x) / Feature 3 (y)",-0.923637592280664,0.16139750565803,0.917331561213359
"Feature 2 (x) / Feature 3 (y)",-1.62960268638193,2.17746198271403,0.0149344548117369
"Feature 2 (x) / Feature 3 (y)",-1.82898084542946,2.13354775390499,0.00744169089011848
"Feature 2 (x) / Feature 3 (y)",-0.61001633094375,-0.353048345007816,0.830173080321401
"Feature 2 (x) / Feature 3 (y)",0.993515475602271,0.155307458416468,0.49288191832602
"Feature 2 (x) / Feature 3 (y)",0.917182681856598,0.711111139008736,0.487459625350311
"Feature 2 (x) / Feature 3 (y)",0.097654136701241,0.812058737851948,0.358126984676346
"Feature 2 (x) / Feature 3 (y)",-0.252497332666595,0.411700047244762,0.259190891170874
"Feature 2 (x) / Feature 3 (y)",-0.585787624349795,-0.801028578745398,0.17965303780511
"Feature 2 (x) / Feature 3 (y)",-0.671867625475689,0.625486583050521,0.266202436992899
"Feature 2 (x) / Feature 3 (y)",1.73982074981359,-0.86615580562309,0.589536999119446
"Feature 2 (x) / Feature 3 (y)",-0.966888878827661,-0.80316584385918,0.807724132435396
"Feature 2 (x) / Feature 3 (y)",-0.294232551207768,-0.742431278923771,0.976915959035978
"Feature 2 (x) / Feature 3 (y)",-0.65791714886658,-0.666319287532443,0.154509680345654
"Feature 2 (x) / Feature 3 (y)",-0.645603262121069,-0.508863638711331,0.810300270095468
"Feature 2 (x) / Feature 3 (y)",0.904132454503696,0.523190115665178,0.473336021881551
"Feature 2 (x) / Feature 3 (y)",-0.839938070416353,-0.242923271308672,0.878982509952039
"Feature 2 (x) / Feature 3 (y)",0.242762209320314,1.01239078172335,0.365110938902944
"Feature 2 (x) / Feature 3 (y)",0.483903796645897,-0.409590525116018,0.71370889688842
"Feature 2 (x) / Feature 3 (y)",-0.304290708893745,0.832295836890477,0.301270701223984
"Feature 2 (x) / Feature 3 (y)",-1.09761211608935,0.338028032088168,0.0611295851413161
"Feature 2 (x) / Feature 3 (y)",0.984675339229334,0.947039144573732,0.452645275276154
"Feature 2 (x) / Feature 3 (y)",0.738215619399127,-0.830593024408045,0.702297183917835
"Feature 2 (x) / Feature 3 (y)",-2.04160082186928,1.74724366480343,0.0222509992308915
"Feature 2 (x) / Feature 3 (y)",-0.538225233791548,-1.05273842783096,0.135807921877131
"Feature 2 (x) / Feature 3 (y)",0.306753158618834,-0.648225610943022,0.981532560195774
"Feature 2 (x) / Feature 3 (y)",0.187735595823921,1.00421467145598,0.358425584156066
"Feature 2 (x) / Feature 3 (y)",-0.910422879119547,-0.378353241700232,0.159138856688514
"Feature 2 (x) / Feature 3 (y)",-0.720795312391753,0.216741727352618,0.0629803079646081
"Feature 2 (x) / Feature 3 (y)",-0.469834261709664,-1.13041335032675,0.105687235482037
"Feature 2 (x) / Feature 3 (y)",-1.07337774999331,-0.0218355089081776,0.0638794819824398
"Feature 2 (x) / Feature 3 (y)",-0.65339853308294,-0.443360394408544,0.811134418938309
"Feature 2 (x) / Feature 3 (y)",-0.427891339037069,-0.304396949589704,0.854919226141647
"Feature 2 (x) / Feature 3 (y)",-1.35676865525982,-0.435915730135179,0.202711365418509
"Feature 2 (x) / Feature 3 (y)",0.123935375511542,0.405090846727954,0.300404587062076
"Feature 2 (x) / Feature 3 (y)",-0.560674664388916,-0.434502289528313,0.171784743200988
"Feature 2 (x) / Feature 3 (y)",-0.485213501414914,0.0487235777714434,0.808894120389596
"Feature 2 (x) / Feature 3 (y)",-0.514805258485072,0.241257843989127,0.278763446956873
"Feature 2 (x) / Feature 3 (y)",-0.0283405211209675,0.932687400375207,0.353854389162734
"Feature 2 (x) / Feature 3 (y)",0.301227611006009,-0.877318224336295,0.978703966364264
"Feature 2 (x) / Feature 3 (y)",-0.43916338002498,-0.878961224678864,0.124067442724481
"Feature 2 (x) / Feature 3 (y)",-0.765641022483598,-0.30432031395346,0.177501240512356
"Feature 2 (x) / Feature 3 (y)",1.44706407888259,0.0649226883373017,0.526823487365618
"Feature 2 (x) / Feature 3 (y)",1.50324933913611,-0.360302334377714,0.594782846281305
"Feature 2 (x) / Feature 3 (y)",-0.16584168752969,0.880931154293168,0.328176378039643
"Feature 2 (x) / Feature 3 (y)",-1.95585437800707,2.20405582476361,0.0126899401657283
"Feature 2 (x) / Feature 3 (y)",0.440409045581585,0.736230699579187,0.446737228427082
"Feature 2 (x) / Feature 3 (y)",0.683351144998361,-0.850387635636671,0.726764942752197
"Feature 2 (x) / Feature 3 (y)",1.64515754797827,1.06949432345222,0.465251622954383
"Feature 2 (x) / Feature 3 (y)",-0.567693232628781,-0.108363231279597,0.218806670745835
"Feature 2 (x) / Feature 3 (y)",-1.18835928487484,-0.490716327815143,0.891306948848069
"Feature 2 (x) / Feature 3 (y)",-0.00311504264985277,0.811436572419671,0.358234190614894
"Feature 2 (x) / Feature 3 (y)",-0.987078442548,-0.389124185011373,0.196859565796331
"Feature 2 (x) / Feature 3 (y)",-0.679501004904736,1.45753559554496,0.345781859476119
"Feature 2 (x) / Feature 3 (y)",0.114525211689454,0.0324355415970251,0.964952562004328
"Feature 2 (x) / Feature 3 (y)",0.292768172199422,1.07443611661672,0.371035319520161
"Feature 2 (x) / Feature 3 (y)",-0.624555885004893,-0.249580455687486,0.219203646527603
"Feature 2 (x) / Feature 3 (y)",-0.625645079920209,-0.0411057257027808,0.807401564205065
"Feature 2 (x) / Feature 3 (y)",1.54976318870883,0.647526098182929,0.488820852711797
"Feature 2 (x) / Feature 3 (y)",1.22784473019057,0.747149006465686,0.489239622838795
"Feature 2 (x) / Feature 3 (y)",0.904958006632192,-1.09063553017803,0.675086630042642
"Feature 2 (x) / Feature 3 (y)",-0.751361273315921,-0.565575743250727,0.185927418759093
"Feature 2 (x) / Feature 3 (y)",0.403416734365648,-0.826613377223062,0.719899991992861
"Feature 2 (x) / Feature 3 (y)",-0.927281701836065,0.170372277841722,0.840139389270917
"Feature 2 (x) / Feature 3 (y)",-0.87935950406684,-0.829913888155323,0.0936737225856632
"Feature 2 (x) / Feature 3 (y)",-0.382398104027312,-0.835555552814343,0.133716177195311
"Feature 2 (x) / Feature 3 (y)",0.961566994000607,0.792469636574311,0.44627738231793
"Feature 2 (x) / Feature 3 (y)",0.340796484942644,-1.05991234528611,0.702215530676767
"Feature 2 (x) / Feature 3 (y)",-0.887169628221666,0.136327499508369,0.92291100951843
"Feature 2 (x) / Feature 3 (y)",-0.867407202210782,-0.458583645663532,0.0888825617730618
"Feature 2 (x) / Feature 3 (y)",0.735301948292188,-0.960367547518254,0.702851514099166
"Feature 2 (x) / Feature 3 (y)",1.06390337710358,0.514531867498004,0.46615297649987
"Feature 2 (x) / Feature 3 (y)",1.53943348247254,-0.504980339487128,0.524440453154966
"Feature 2 (x) / Feature 3 (y)",-0.996665268099621,-0.248370888957382,0.883076469646767
"Feature 2 (x) / Feature 3 (y)",-1.00854409007423,-0.133375205358656,0.919530816143379
"Feature 2 (x) / Feature 3 (y)",-0.843349046307789,0.200009206313037,0.218163246056065
"Feature 2 (x) / Feature 3 (y)",-0.538429855490387,-0.286231318703329,0.235670982860029
"Feature 2 (x) / Feature 3 (y)",-0.575971316593089,0.174050835305598,0.242982234340161
"Feature 2 (x) / Feature 3 (y)",-1.40121135557235,0.834794512397371,0.0355256006587297
"Feature 2 (x) / Feature 3 (y)",-0.806708057166606,0.202732584274327,0.928511262871325
"Feature 2 (x) / Feature 3 (y)",1.31714338591726,0.189471987108704,0.501775671029463
"Feature 2 (x) / Feature 3 (y)",0.466111665019312,-0.926224552359399,0.707239287206903
"Feature 2 (x) / Feature 3 (y)",1.35128436938884,-0.43843188136207,0.599933189572766
"Feature 2 (x) / Feature 3 (y)",-0.278517110544707,-1.10846699590632,0.756396918790415
"Feature 2 (x) / Feature 3 (y)",-0.804243576681009,0.79427279576689,0.26721472828649
"Feature 2 (x) / Feature 3 (y)",-0.573086589663148,0.363343718262284,0.229000388411805
"Feature 2 (x) / Feature 3 (y)",1.5685341770605,-0.615642598320553,0.600737662054598
"Feature 2 (x) / Feature 3 (y)",1.64381037088958,-0.998283298458851,0.59024479938671
"Feature 2 (x) / Feature 3 (y)",-0.715908523623612,0.178519607275817,0.927260796073824
"Feature 2 (x) / Feature 3 (y)",1.32210814606831,-0.24298758965342,0.625687938183546
"Feature 2 (x) / Feature 3 (y)",-0.916425479554458,-0.389097105211644,0.190271869068965
"Feature 2 (x) / Feature 3 (y)",0.607081195676398,-0.791457054574423,0.708617713302374
"Feature 2 (x) / Feature 3 (y)",-0.853138195235084,1.10801859019796,0.299166257958859
"Feature 2 (x) / Feature 3 (y)",-1.16321291510376,-0.116048491672838,0.86330534121953
"Feature 2 (x) / Feature 3 (y)",0.969888898767095,-0.950022502143413,0.659891549265012
"Feature 2 (x) / Feature 3 (y)",-0.795276156104614,0.17637166209591,0.83842443744652
"Feature 2 (x) / Feature 3 (y)",0.870739480259237,-0.470539643574357,0.688260046532378
"Feature 2 (x) / Feature 3 (y)",1.0315071974696,-0.261607817801305,0.512845787452534
"Feature 2 (x) / Feature 3 (y)",-0.705306244255317,-0.0859153980791605,0.204242422012612
"Feature 2 (x) / Feature 3 (y)",1.69914389170932,0.540734590645296,0.48894941364415
"Feature 2 (x) / Feature 3 (y)",1.44439996867513,-0.786586654691837,0.540380778256804
"Feature 2 (x) / Feature 3 (y)",0.219140537895731,0.856837190659653,0.371972574153915
"Feature 2 (x) / Feature 3 (y)",0.0229119922773553,-0.57813559317696,0.751868466846645
"Feature 2 (x) / Feature 3 (y)",1.80887014282292,-0.25924066841822,0.54270679387264
"Feature 2 (x) / Feature 3 (y)",-0.89031675089158,0.677064517144767,0.273709014290944
"Feature 2 (x) / Feature 3 (y)",-1.44790551326334,2.37277522308045,0.0082406906876713
"Feature 2 (x) / Feature 3 (y)",-0.730988556546438,-0.408158685769393,0.0687518047634512
"Feature 2 (x) / Feature 3 (y)",1.35411584947787,0.609264013444483,0.482838751748204
"Feature 2 (x) / Feature 3 (y)",-0.31240604001478,0.64593558741162,0.272195026511326
"Feature 2 (x) / Feature 3 (y)",-0.268161375835121,0.778065445646135,0.264095493126661
"Feature 2 (x) / Feature 3 (y)",-0.77196875586009,-0.746169942495968,0.141081128036603
"Feature 2 (x) / Feature 3 (y)",-0.621975174328942,-0.00742425803164345,0.236761612351984
"Feature 2 (x) / Feature 3 (y)",-0.0672422668915216,-0.852217438159681,0.747640934074298
"Feature 2 (x) / Feature 3 (y)",-0.761701894261534,-0.0300787252902774,0.800109896808863
"Feature 2 (x) / Feature 3 (y)",-0.583907361629842,-1.14879362045428,0.115691552171484
"Feature 2 (x) / Feature 3 (y)",-0.293750298882087,-0.771423734158137,0.775464338017628
"Feature 2 (x) / Feature 3 (y)",-0.0760933750925253,0.836375856379072,0.309081808663905
"Feature 2 (x) / Feature 3 (y)",-0.753844276302791,-0.397775254887251,0.909715083660558
"Feature 2 (x) / Feature 3 (y)",-0.977974466418615,-0.289668644130764,0.189414444612339
"Feature 2 (x) / Feature 3 (y)",-0.452017331324949,0.821497702829349,0.313827242003754
"Feature 2 (x) / Feature 3 (y)",-1.04254949615385,0.341901890155148,0.0480910493060946
"Feature 2 (x) / Feature 3 (y)",-0.55175144122138,-0.820706290236005,0.779620272573084
"Feature 2 (x) / Feature 3 (y)",1.74528350198135,0.215337795251088,0.491361290216446
"Feature 2 (x) / Feature 3 (y)",-0.823045934468709,-0.238431492835684,0.83509817160666
"Feature 2 (x) / Feature 3 (y)",-1.08446490476807,-0.349014205667254,0.0761853891890496
"Feature 2 (x) / Feature 3 (y)",-0.650576225255527,0.260919766916558,0.279957720311359
"Feature 2 (x) / Feature 3 (y)",1.47100452190982,-0.220029106223716,0.63283795514144
"Feature 2 (x) / Feature 3 (y)",-0.161976027200497,-0.607065088408062,0.74635539832525
"Feature 2 (x) / Feature 3 (y)",0.269671962660355,-0.829930630113675,0.722740790341049
"Feature 2 (x) / Feature 3 (y)",-0.354153108003301,0.265041017005378,0.246118342736736
"Feature 2 (x) / Feature 3 (y)",-1.07054128857201,0.162235022069923,0.201949303038418
"Feature 2 (x) / Feature 3 (y)",1.477994053687,-0.206796790635199,0.55659376992844
"Feature 2 (x) / Feature 3 (y)",-0.373682069166279,-0.549073185324803,0.0934528792276978
"Feature 2 (x) / Feature 3 (y)",-0.60118606695867,-0.725928115160052,0.15237533999607
"Feature 2 (x) / Feature 3 (y)",1.18402879929372,0.225100181377184,0.476137351477519
"Feature 2 (x) / Feature 3 (y)",-0.154983091108476,1.01677743682791,0.328140031779185
"Feature 2 (x) / Feature 3 (y)",-1.3198288177083,0.0703849129556466,0.855659369379282
"Feature 2 (x) / Feature 3 (y)",-0.209224495804506,1.22303225519339,0.334354943595827
"Feature 2 (x) / Feature 3 (y)",-0.505444704320882,0.791774277885437,0.278659163974226
"Feature 2 (x) / Feature 3 (y)",1.04924877445293,1.06183967717513,0.440978627186269
"Feature 2 (x) / Feature 3 (y)",0.85251878755043,0.742462017782457,0.4400251689367
"Feature 2 (x) / Feature 3 (y)",0.221099015559662,-0.527387537518631,0.977296904427931
"Feature 2 (x) / Feature 3 (y)",-0.860596105829506,-1.2424626100391,0.145238904282451
"Feature 2 (x) / Feature 3 (y)",-1.09372174585199,0.186089113886266,0.84270612988621
"Feature 2 (x) / Feature 3 (y)",-1.67489045598469,0.410550357368171,0.0419193957932293
"Feature 2 (x) / Feature 3 (y)",-0.833509273937696,-0.921937353310962,0.116735716816038
"Feature 2 (x) / Feature 3 (y)",-0.219996669607334,-0.0149365570854041,0.818037616787478
"Feature 2 (x) / Feature 3 (y)",0.0768419486638361,-0.434484314943476,0.71833058539778
"Feature 2 (x) / Feature 3 (y)",-0.610487363940781,-0.0526800937866074,0.226031198399141
"Feature 2 (x) / Feature 3 (y)",-0.476087810934832,1.08850174593428,0.340148094110191
"Feature 2 (x) / Feature 3 (y)",-0.137343938113474,0.911064203271847,0.356579177780077
"Feature 2 (x) / Feature 3 (y)",-0.0224264400999202,-1.08600231562632,0.754153728717938
"Feature 2 (x) / Feature 3 (y)",0.310602154546893,0.486106769147383,0.324936339398846
"Feature 2 (x) / Feature 3 (y)",1.30925419014842,-0.195464435382482,0.526243726024404
"Feature 2 (x) / Feature 3 (y)",-1.18987927017279,-0.188132742448868,0.916579271433875
"Feature 2 (x) / Feature 3 (y)",-0.118033338002987,0.837541407567656,0.371524909744039
"Feature 2 (x) / Feature 3 (y)",-0.459660264314709,-0.294267591446332,0.947080062935129
"Feature 2 (x) / Feature 4 (y)",-1.13301325465152,-1.51334336137372,0.934602960711345
"Feature 2 (x) / Feature 4 (y)",1.44070655476528,1.82303282635094,0.640336565673351
"Feature 2 (x) / Feature 4 (y)",1.28905725254077,1.54389966339832,0.539774174569175
"Feature 2 (x) / Feature 4 (y)",-0.623436370223593,-0.832519893925017,0.266568574821576
"Feature 2 (x) / Feature 4 (y)",-0.34266377628672,0.577233559220043,0.096566071966663
"Feature 2 (x) / Feature 4 (y)",-0.464517786056697,0.575327999010641,0.133909621974453
"Feature 2 (x) / Feature 4 (y)",-0.407890858462091,-0.322889207829061,0.211279006209224
"Feature 2 (x) / Feature 4 (y)",-0.363287569132247,-1.29307642919105,0.94865017477423
"Feature 2 (x) / Feature 4 (y)",1.39947425253417,2.18669807225455,0.579310150118545
"Feature 2 (x) / Feature 4 (y)",1.04695024747648,1.81506844012096,0.622002283344045
"Feature 2 (x) / Feature 4 (y)",0.435137303144924,-0.152419401319482,0.729925628518686
"Feature 2 (x) / Feature 4 (y)",-0.892701711511127,-1.32562976268765,0.806193429743871
"Feature 2 (x) / Feature 4 (y)",-1.2135448982071,1.60266302717571,0.0309129566885531
"Feature 2 (x) / Feature 4 (y)",1.34835229329169,0.446439026008735,0.465288266539574
"Feature 2 (x) / Feature 4 (y)",1.48346759840426,0.570344250876347,0.496334829134867
"Feature 2 (x) / Feature 4 (y)",-0.775340479769499,-0.538847403904385,0.206122397910804
"Feature 2 (x) / Feature 4 (y)",0.999479081446407,0.458915555652553,0.460400955285877
"Feature 2 (x) / Feature 4 (y)",0.917202965483938,0.188439329105593,0.482846714323387
"Feature 2 (x) / Feature 4 (y)",-0.934014846192945,-1.81232517016987,0.897089458769187
"Feature 2 (x) / Feature 4 (y)",-0.334318513138198,0.372897276068054,0.138356370152906
"Feature 2 (x) / Feature 4 (y)",-0.569157212694708,-0.867663263000599,0.314858996775001
"Feature 2 (x) / Feature 4 (y)",1.54244672934852,1.37453401420297,0.51057206466794
"Feature 2 (x) / Feature 4 (y)",0.313108495249623,-0.403179349677662,0.729390932014212
"Feature 2 (x) / Feature 4 (y)",1.53741216967141,2.34444575894784,0.600904693361372
"Feature 2 (x) / Feature 4 (y)",0.997741731654433,0.0842972601371642,0.454613883746788
"Feature 2 (x) / Feature 4 (y)",-0.72734940294675,0.588778783746939,0.113483893685043
"Feature 2 (x) / Feature 4 (y)",-0.992739163839838,0.0765268371265738,0.151617694413289
"Feature 2 (x) / Feature 4 (y)",-1.37080500981597,2.40239797842761,0.0271460183430463
"Feature 2 (x) / Feature 4 (y)",0.34329695540875,0.240482636813405,0.717225887347013
"Feature 2 (x) / Feature 4 (y)",1.73327093886793,1.83122345476217,0.579665700439364
"Feature 2 (x) / Feature 4 (y)",-0.594567004966702,-1.07780990473598,0.777791964821517
"Feature 2 (x) / Feature 4 (y)",1.27813143925894,1.93533689706668,0.54650466889143
"Feature 2 (x) / Feature 4 (y)",-1.02544167396689,2.35393435789807,0.0376187835354358
"Feature 2 (x) / Feature 4 (y)",-0.20423051805051,-0.380387185520121,0.209671256830916
"Feature 2 (x) / Feature 4 (y)",-1.00208813754401,0.082073285414094,0.171383886132389
"Feature 2 (x) / Feature 4 (y)",-1.48822129879288,2.07822356894471,0.033667185343802
"Feature 2 (x) / Feature 4 (y)",0.391621880653275,-0.0363112014093012,0.722593151964247
"Feature 2 (x) / Feature 4 (y)",-0.449760058543628,-0.993927039904526,0.291781231062487
"Feature 2 (x) / Feature 4 (y)",-0.321855044388132,-0.261555347251159,0.147549621528015
"Feature 2 (x) / Feature 4 (y)",0.905655835109441,1.20605245865579,0.550399734638631
"Feature 2 (x) / Feature 4 (y)",1.47170094994018,1.80760064440913,0.537454262608662
"Feature 2 (x) / Feature 4 (y)",-1.16201244813371,1.15656766051603,0.0483221001923084
"Feature 2 (x) / Feature 4 (y)",-0.128408909492846,-0.678814099400788,0.299227858427912
"Feature 2 (x) / Feature 4 (y)",-0.923637592280664,-1.88823019470605,0.917331561213359
"Feature 2 (x) / Feature 4 (y)",-1.62960268638193,2.15507564339315,0.0149344548117369
"Feature 2 (x) / Feature 4 (y)",-1.82898084542946,2.5690497598116,0.00744169089011848
"Feature 2 (x) / Feature 4 (y)",-0.61001633094375,-1.76257837693306,0.830173080321401
"Feature 2 (x) / Feature 4 (y)",0.993515475602271,0.477990044531175,0.49288191832602
"Feature 2 (x) / Feature 4 (y)",0.917182681856598,0.65709335479543,0.487459625350311
"Feature 2 (x) / Feature 4 (y)",0.097654136701241,-0.830056721813391,0.358126984676346
"Feature 2 (x) / Feature 4 (y)",-0.252497332666595,-0.731783349440608,0.259190891170874
"Feature 2 (x) / Feature 4 (y)",-0.585787624349795,0.0605576701477021,0.17965303780511
"Feature 2 (x) / Feature 4 (y)",-0.671867625475689,-0.596105960506996,0.266202436992899
"Feature 2 (x) / Feature 4 (y)",1.73982074981359,2.090944698669,0.589536999119446
"Feature 2 (x) / Feature 4 (y)",-0.966888878827661,-1.84899487279992,0.807724132435396
"Feature 2 (x) / Feature 4 (y)",-0.294232551207768,-0.866172636022114,0.976915959035978
"Feature 2 (x) / Feature 4 (y)",-0.65791714886658,0.261520320255219,0.154509680345654
"Feature 2 (x) / Feature 4 (y)",-0.645603262121069,-1.20575261643185,0.810300270095468
"Feature 2 (x) / Feature 4 (y)",0.904132454503696,0.858399763845572,0.473336021881551
"Feature 2 (x) / Feature 4 (y)",-0.839938070416353,-2.09158070648828,0.878982509952039
"Feature 2 (x) / Feature 4 (y)",0.242762209320314,-1.17049801309803,0.365110938902944
"Feature 2 (x) / Feature 4 (y)",0.483903796645897,0.0688665552528768,0.71370889688842
"Feature 2 (x) / Feature 4 (y)",-0.304290708893745,-0.830969188986938,0.301270701223984
"Feature 2 (x) / Feature 4 (y)",-1.09761211608935,1.05510609216682,0.0611295851413161
"Feature 2 (x) / Feature 4 (y)",0.984675339229334,-0.0664024404622168,0.452645275276154
"Feature 2 (x) / Feature 4 (y)",0.738215619399127,0.563463978371527,0.702297183917835
"Feature 2 (x) / Feature 4 (y)",-2.04160082186928,2.36598818032742,0.0222509992308915
"Feature 2 (x) / Feature 4 (y)",-0.538225233791548,0.330507173745406,0.135807921877131
"Feature 2 (x) / Feature 4 (y)",0.306753158618834,-0.946132655306452,0.981532560195774
"Feature 2 (x) / Feature 4 (y)",0.187735595823921,-1.02905761306966,0.358425584156066
"Feature 2 (x) / Feature 4 (y)",-0.910422879119547,0.267330258100062,0.159138856688514
"Feature 2 (x) / Feature 4 (y)",-0.720795312391753,1.2676798747712,0.0629803079646081
"Feature 2 (x) / Feature 4 (y)",-0.469834261709664,0.455684365450404,0.105687235482037
"Feature 2 (x) / Feature 4 (y)",-1.07337774999331,1.27072112913805,0.0638794819824398
"Feature 2 (x) / Feature 4 (y)",-0.65339853308294,-0.743587975054915,0.811134418938309
"Feature 2 (x) / Feature 4 (y)",-0.427891339037069,-1.73763865373823,0.854919226141647
"Feature 2 (x) / Feature 4 (y)",-1.35676865525982,-0.132468527630834,0.202711365418509
"Feature 2 (x) / Feature 4 (y)",0.123935375511542,-0.568634279388234,0.300404587062076
"Feature 2 (x) / Feature 4 (y)",-0.560674664388916,0.065975070719153,0.171784743200988
"Feature 2 (x) / Feature 4 (y)",-0.485213501414914,-1.73240500041807,0.808894120389596
"Feature 2 (x) / Feature 4 (y)",-0.514805258485072,-0.700118188981894,0.278763446956873
"Feature 2 (x) / Feature 4 (y)",-0.0283405211209675,-0.960337999118939,0.353854389162734
"Feature 2 (x) / Feature 4 (y)",0.301227611006009,-1.00586541641634,0.978703966364264
"Feature 2 (x) / Feature 4 (y)",-0.43916338002498,0.479236145208018,0.124067442724481
"Feature 2 (x) / Feature 4 (y)",-0.765641022483598,-0.405474992743285,0.177501240512356
"Feature 2 (x) / Feature 4 (y)",1.44706407888259,1.28931581905876,0.526823487365618
"Feature 2 (x) / Feature 4 (y)",1.50324933913611,2.15672143287455,0.594782846281305
"Feature 2 (x) / Feature 4 (y)",-0.16584168752969,-1.01570940729247,0.328176378039643
"Feature 2 (x) / Feature 4 (y)",-1.95585437800707,2.25497722037328,0.0126899401657283
"Feature 2 (x) / Feature 4 (y)",0.440409045581585,0.0250865325323794,0.446737228427082
"Feature 2 (x) / Feature 4 (y)",0.683351144998361,-0.069508816500006,0.726764942752197
"Feature 2 (x) / Feature 4 (y)",1.64515754797827,0.742268484109868,0.465251622954383
"Feature 2 (x) / Feature 4 (y)",-0.567693232628781,-0.421155403897917,0.218806670745835
"Feature 2 (x) / Feature 4 (y)",-1.18835928487484,-2.18765046495689,0.891306948848069
"Feature 2 (x) / Feature 4 (y)",-0.00311504264985277,-1.08739509640749,0.358234190614894
"Feature 2 (x) / Feature 4 (y)",-0.987078442548,-0.0862366744520971,0.196859565796331
"Feature 2 (x) / Feature 4 (y)",-0.679501004904736,-0.925788692639109,0.345781859476119
"Feature 2 (x) / Feature 4 (y)",0.114525211689454,-0.910771335402927,0.964952562004328
"Feature 2 (x) / Feature 4 (y)",0.292768172199422,-0.718849776103497,0.371035319520161
"Feature 2 (x) / Feature 4 (y)",-0.624555885004893,-0.536352333329135,0.219203646527603
"Feature 2 (x) / Feature 4 (y)",-0.625645079920209,-1.13211100089171,0.807401564205065
"Feature 2 (x) / Feature 4 (y)",1.54976318870883,0.612143499503765,0.488820852711797
"Feature 2 (x) / Feature 4 (y)",1.22784473019057,0.317181870790753,0.489239622838795
"Feature 2 (x) / Feature 4 (y)",0.904958006632192,1.0071139138875,0.675086630042642
"Feature 2 (x) / Feature 4 (y)",-0.751361273315921,0.380510379913107,0.185927418759093
"Feature 2 (x) / Feature 4 (y)",0.403416734365648,0.184385838040027,0.719899991992861
"Feature 2 (x) / Feature 4 (y)",-0.927281701836065,-2.13202276820659,0.840139389270917
"Feature 2 (x) / Feature 4 (y)",-0.87935950406684,0.811882006967883,0.0936737225856632
"Feature 2 (x) / Feature 4 (y)",-0.382398104027312,-0.0466206258372721,0.133716177195311
"Feature 2 (x) / Feature 4 (y)",0.961566994000607,-0.577638242207823,0.44627738231793
"Feature 2 (x) / Feature 4 (y)",0.340796484942644,0.781778293044824,0.702215530676767
"Feature 2 (x) / Feature 4 (y)",-0.887169628221666,-1.67922649008092,0.92291100951843
"Feature 2 (x) / Feature 4 (y)",-0.867407202210782,0.354706144293208,0.0888825617730618
"Feature 2 (x) / Feature 4 (y)",0.735301948292188,0.637066336064089,0.702851514099166
"Feature 2 (x) / Feature 4 (y)",1.06390337710358,0.500806016209405,0.46615297649987
"Feature 2 (x) / Feature 4 (y)",1.53943348247254,1.31086964709388,0.524440453154966
"Feature 2 (x) / Feature 4 (y)",-0.996665268099621,-2.06158945687584,0.883076469646767
"Feature 2 (x) / Feature 4 (y)",-1.00854409007423,-1.90654524362605,0.919530816143379
"Feature 2 (x) / Feature 4 (y)",-0.843349046307789,-0.652004073902473,0.218163246056065
"Feature 2 (x) / Feature 4 (y)",-0.538429855490387,-0.521562624275121,0.235670982860029
"Feature 2 (x) / Feature 4 (y)",-0.575971316593089,-0.5774983966021,0.242982234340161
"Feature 2 (x) / Feature 4 (y)",-1.40121135557235,2.14532866781731,0.0355256006587297
"Feature 2 (x) / Feature 4 (y)",-0.806708057166606,-1.68091842649565,0.928511262871325
"Feature 2 (x) / Feature 4 (y)",1.31714338591726,1.03300264311448,0.501775671029463
"Feature 2 (x) / Feature 4 (y)",0.466111665019312,0.313244436243458,0.707239287206903
"Feature 2 (x) / Feature 4 (y)",1.35128436938884,1.61060589218431,0.599933189572766
"Feature 2 (x) / Feature 4 (y)",-0.278517110544707,-0.528494511699788,0.756396918790415
"Feature 2 (x) / Feature 4 (y)",-0.804243576681009,-0.51489903726083,0.26721472828649
"Feature 2 (x) / Feature 4 (y)",-0.573086589663148,-0.348259732443892,0.229000388411805
"Feature 2 (x) / Feature 4 (y)",1.5685341770605,2.57003984762091,0.600737662054598
"Feature 2 (x) / Feature 4 (y)",1.64381037088958,2.06125311188485,0.59024479938671
"Feature 2 (x) / Feature 4 (y)",-0.715908523623612,-1.64267707753651,0.927260796073824
"Feature 2 (x) / Feature 4 (y)",1.32210814606831,2.31845275545724,0.625687938183546
"Feature 2 (x) / Feature 4 (y)",-0.916425479554458,0.0408827976221585,0.190271869068965
"Feature 2 (x) / Feature 4 (y)",0.607081195676398,0.38826254132438,0.708617713302374
"Feature 2 (x) / Feature 4 (y)",-0.853138195235084,-0.746733323915395,0.299166257958859
"Feature 2 (x) / Feature 4 (y)",-1.16321291510376,-2.16594397362542,0.86330534121953
"Feature 2 (x) / Feature 4 (y)",0.969888898767095,1.45270867949178,0.659891549265012
"Feature 2 (x) / Feature 4 (y)",-0.795276156104614,-1.93728713382168,0.83842443744652
"Feature 2 (x) / Feature 4 (y)",0.870739480259237,0.719846447848979,0.688260046532378
"Feature 2 (x) / Feature 4 (y)",1.0315071974696,1.17569330396265,0.512845787452534
"Feature 2 (x) / Feature 4 (y)",-0.705306244255317,-0.32191420406325,0.204242422012612
"Feature 2 (x) / Feature 4 (y)",1.69914389170932,0.496391806370891,0.48894941364415
"Feature 2 (x) / Feature 4 (y)",1.44439996867513,1.46002469082474,0.540380778256804
"Feature 2 (x) / Feature 4 (y)",0.219140537895731,-1.18591615778626,0.371972574153915
"Feature 2 (x) / Feature 4 (y)",0.0229119922773553,0.00784154826924427,0.751868466846645
"Feature 2 (x) / Feature 4 (y)",1.80887014282292,2.41826446001543,0.54270679387264
"Feature 2 (x) / Feature 4 (y)",-0.89031675089158,-0.935966675842089,0.273709014290944
"Feature 2 (x) / Feature 4 (y)",-1.44790551326334,2.54363532868661,0.0082406906876713
"Feature 2 (x) / Feature 4 (y)",-0.730988556546438,1.04118575118056,0.0687518047634512
"Feature 2 (x) / Feature 4 (y)",1.35411584947787,0.46009266906205,0.482838751748204
"Feature 2 (x) / Feature 4 (y)",-0.31240604001478,-1.17659549304958,0.272195026511326
"Feature 2 (x) / Feature 4 (y)",-0.268161375835121,-0.245522023484873,0.264095493126661
"Feature 2 (x) / Feature 4 (y)",-0.77196875586009,-0.117216411034733,0.141081128036603
"Feature 2 (x) / Feature 4 (y)",-0.621975174328942,-0.490188726875386,0.236761612351984
"Feature 2 (x) / Feature 4 (y)",-0.0672422668915216,-0.571291902915067,0.747640934074298
"Feature 2 (x) / Feature 4 (y)",-0.761701894261534,-0.923440088738445,0.800109896808863
"Feature 2 (x) / Feature 4 (y)",-0.583907361629842,0.670935726745374,0.115691552171484
"Feature 2 (x) / Feature 4 (y)",-0.293750298882087,-1.05217994250419,0.775464338017628
"Feature 2 (x) / Feature 4 (y)",-0.0760933750925253,-0.981590865546556,0.309081808663905
"Feature 2 (x) / Feature 4 (y)",-0.753844276302791,-1.6778999264536,0.909715083660558
"Feature 2 (x) / Feature 4 (y)",-0.977974466418615,0.42732173779071,0.189414444612339
"Feature 2 (x) / Feature 4 (y)",-0.452017331324949,-1.2089071024099,0.313827242003754
"Feature 2 (x) / Feature 4 (y)",-1.04254949615385,1.77923743789483,0.0480910493060946
"Feature 2 (x) / Feature 4 (y)",-0.55175144122138,-0.964865418658287,0.779620272573084
"Feature 2 (x) / Feature 4 (y)",1.74528350198135,0.775794109200702,0.491361290216446
"Feature 2 (x) / Feature 4 (y)",-0.823045934468709,-1.28043568244237,0.83509817160666
"Feature 2 (x) / Feature 4 (y)",-1.08446490476807,1.22563510756229,0.0761853891890496
"Feature 2 (x) / Feature 4 (y)",-0.650576225255527,-0.89172611591464,0.279957720311359
"Feature 2 (x) / Feature 4 (y)",1.47100452190982,1.68747635267585,0.63283795514144
"Feature 2 (x) / Feature 4 (y)",-0.161976027200497,-0.664879312905401,0.74635539832525
"Feature 2 (x) / Feature 4 (y)",0.269671962660355,0.0787148237034999,0.722740790341049
"Feature 2 (x) / Feature 4 (y)",-0.354153108003301,-0.647606002280263,0.246118342736736
"Feature 2 (x) / Feature 4 (y)",-1.07054128857201,-0.165918952313282,0.201949303038418
"Feature 2 (x) / Feature 4 (y)",1.477994053687,1.76983580697145,0.55659376992844
"Feature 2 (x) / Feature 4 (y)",-0.373682069166279,1.04799323605406,0.0934528792276978
"Feature 2 (x) / Feature 4 (y)",-0.60118606695867,0.0617370614015526,0.15237533999607
"Feature 2 (x) / Feature 4 (y)",1.18402879929372,0.306756126495741,0.476137351477519
"Feature 2 (x) / Feature 4 (y)",-0.154983091108476,-1.18685031524768,0.328140031779185
"Feature 2 (x) / Feature 4 (y)",-1.3198288177083,-1.70665689540843,0.855659369379282
"Feature 2 (x) / Feature 4 (y)",-0.209224495804506,-1.27992818935529,0.334354943595827
"Feature 2 (x) / Feature 4 (y)",-0.505444704320882,-0.20301055389023,0.278659163974226
"Feature 2 (x) / Feature 4 (y)",1.04924877445293,0.0598271128857204,0.440978627186269
"Feature 2 (x) / Feature 4 (y)",0.85251878755043,-0.106539587043528,0.4400251689367
"Feature 2 (x) / Feature 4 (y)",0.221099015559662,-0.680382504266951,0.977296904427931
"Feature 2 (x) / Feature 4 (y)",-0.860596105829506,-0.214808725482664,0.145238904282451
"Feature 2 (x) / Feature 4 (y)",-1.09372174585199,-1.4274325734352,0.84270612988621
"Feature 2 (x) / Feature 4 (y)",-1.67489045598469,1.18759789768119,0.0419193957932293
"Feature 2 (x) / Feature 4 (y)",-0.833509273937696,0.0801595171376324,0.116735716816038
"Feature 2 (x) / Feature 4 (y)",-0.219996669607334,-1.48954585572392,0.818037616787478
"Feature 2 (x) / Feature 4 (y)",0.0768419486638361,0.648344688551496,0.71833058539778
"Feature 2 (x) / Feature 4 (y)",-0.610487363940781,-0.432260642427689,0.226031198399141
"Feature 2 (x) / Feature 4 (y)",-0.476087810934832,-0.984158336959447,0.340148094110191
"Feature 2 (x) / Feature 4 (y)",-0.137343938113474,-0.745530257687313,0.356579177780077
"Feature 2 (x) / Feature 4 (y)",-0.0224264400999202,-0.450123233637084,0.754153728717938
"Feature 2 (x) / Feature 4 (y)",0.310602154546893,-0.886000224438123,0.324936339398846
"Feature 2 (x) / Feature 4 (y)",1.30925419014842,1.57480642164206,0.526243726024404
"Feature 2 (x) / Feature 4 (y)",-1.18987927017279,-1.44866564253794,0.916579271433875
"Feature 2 (x) / Feature 4 (y)",-0.118033338002987,-0.519418268672349,0.371524909744039
"Feature 2 (x) / Feature 4 (y)",-0.459660264314709,-1.54280972656716,0.947080062935129
"Feature 3 (x) / Feature 4 (y)",-0.52913366446224,-1.51334336137372,0.934602960711345
"Feature 3 (x) / Feature 4 (y)",-0.981186504828527,1.82303282635094,0.640336565673351
"Feature 3 (x) / Feature 4 (y)",-0.0366068847883881,1.54389966339832,0.539774174569175
"Feature 3 (x) / Feature 4 (y)",0.918174237183988,-0.832519893925017,0.266568574821576
"Feature 3 (x) / Feature 4 (y)",-0.690556799599096,0.577233559220043,0.096566071966663
"Feature 3 (x) / Feature 4 (y)",-0.729057027327462,0.575327999010641,0.133909621974453
"Feature 3 (x) / Feature 4 (y)",-0.544087105213925,-0.322889207829061,0.211279006209224
"Feature 3 (x) / Feature 4 (y)",-0.270350992846423,-1.29307642919105,0.94865017477423
"Feature 3 (x) / Feature 4 (y)",-0.442086945760988,2.18669807225455,0.579310150118545
"Feature 3 (x) / Feature 4 (y)",-0.449723252094994,1.81506844012096,0.622002283344045
"Feature 3 (x) / Feature 4 (y)",-0.811092394381385,-0.152419401319482,0.729925628518686
"Feature 3 (x) / Feature 4 (y)",-0.271623677565873,-1.32562976268765,0.806193429743871
"Feature 3 (x) / Feature 4 (y)",0.869849434699881,1.60266302717571,0.0309129566885531
"Feature 3 (x) / Feature 4 (y)",0.679213192866616,0.446439026008735,0.465288266539574
"Feature 3 (x) / Feature 4 (y)",0.34301319230284,0.570344250876347,0.496334829134867
"Feature 3 (x) / Feature 4 (y)",-0.0774230086696163,-0.538847403904385,0.206122397910804
"Feature 3 (x) / Feature 4 (y)",0.704312893600239,0.458915555652553,0.460400955285877
"Feature 3 (x) / Feature 4 (y)",0.103495571900083,0.188439329105593,0.482846714323387
"Feature 3 (x) / Feature 4 (y)",-0.0603232704129721,-1.81232517016987,0.897089458769187
"Feature 3 (x) / Feature 4 (y)",-0.861041867985409,0.372897276068054,0.138356370152906
"Feature 3 (x) / Feature 4 (y)",0.705704345222788,-0.867663263000599,0.314858996775001
"Feature 3 (x) / Feature 4 (y)",0.419066400759006,1.37453401420297,0.51057206466794
"Feature 3 (x) / Feature 4 (y)",-0.522905852816184,-0.403179349677662,0.729390932014212
"Feature 3 (x) / Feature 4 (y)",-0.627209330377564,2.34444575894784,0.600904693361372
"Feature 3 (x) / Feature 4 (y)",0.722837528244911,0.0842972601371642,0.454613883746788
"Feature 3 (x) / Feature 4 (y)",-1.22239725033856,0.588778783746939,0.113483893685043
"Feature 3 (x) / Feature 4 (y)",-0.190846721154594,0.0765268371265738,0.151617694413289
"Feature 3 (x) / Feature 4 (y)",1.36479856041733,2.40239797842761,0.0271460183430463
"Feature 3 (x) / Feature 4 (y)",-0.526819686144012,0.240482636813405,0.717225887347013
"Feature 3 (x) / Feature 4 (y)",-0.650220967993756,1.83122345476217,0.579665700439364
"Feature 3 (x) / Feature 4 (y)",-0.451014808473471,-1.07780990473598,0.777791964821517
"Feature 3 (x) / Feature 4 (y)",-0.52935731265855,1.93533689706668,0.54650466889143
"Feature 3 (x) / Feature 4 (y)",1.0387487254421,2.35393435789807,0.0376187835354358
"Feature 3 (x) / Feature 4 (y)",-0.296234184600958,-0.380387185520121,0.209671256830916
"Feature 3 (x) / Feature 4 (y)",-0.386672087173461,0.082073285414094,0.171383886132389
"Feature 3 (x) / Feature 4 (y)",1.26195885167623,2.07822356894471,0.033667185343802
"Feature 3 (x) / Feature 4 (y)",-0.624207499094963,-0.0363112014093012,0.722593151964247
"Feature 3 (x) / Feature 4 (y)",0.72938321938764,-0.993927039904526,0.291781231062487
"Feature 3 (x) / Feature 4 (y)",-0.849001799406727,-0.261555347251159,0.147549621528015
"Feature 3 (x) / Feature 4 (y)",-0.604787872837234,1.20605245865579,0.550399734638631
"Feature 3 (x) / Feature 4 (y)",-0.425522790186997,1.80760064440913,0.537454262608662
"Feature 3 (x) / Feature 4 (y)",0.398820197965004,1.15656766051603,0.0483221001923084
"Feature 3 (x) / Feature 4 (y)",1.12937495830726,-0.678814099400788,0.299227858427912
"Feature 3 (x) / Feature 4 (y)",0.16139750565803,-1.88823019470605,0.917331561213359
"Feature 3 (x) / Feature 4 (y)",2.17746198271403,2.15507564339315,0.0149344548117369
"Feature 3 (x) / Feature 4 (y)",2.13354775390499,2.5690497598116,0.00744169089011848
"Feature 3 (x) / Feature 4 (y)",-0.353048345007816,-1.76257837693306,0.830173080321401
"Feature 3 (x) / Feature 4 (y)",0.155307458416468,0.477990044531175,0.49288191832602
"Feature 3 (x) / Feature 4 (y)",0.711111139008736,0.65709335479543,0.487459625350311
"Feature 3 (x) / Feature 4 (y)",0.812058737851948,-0.830056721813391,0.358126984676346
"Feature 3 (x) / Feature 4 (y)",0.411700047244762,-0.731783349440608,0.259190891170874
"Feature 3 (x) / Feature 4 (y)",-0.801028578745398,0.0605576701477021,0.17965303780511
"Feature 3 (x) / Feature 4 (y)",0.625486583050521,-0.596105960506996,0.266202436992899
"Feature 3 (x) / Feature 4 (y)",-0.86615580562309,2.090944698669,0.589536999119446
"Feature 3 (x) / Feature 4 (y)",-0.80316584385918,-1.84899487279992,0.807724132435396
"Feature 3 (x) / Feature 4 (y)",-0.742431278923771,-0.866172636022114,0.976915959035978
"Feature 3 (x) / Feature 4 (y)",-0.666319287532443,0.261520320255219,0.154509680345654
"Feature 3 (x) / Feature 4 (y)",-0.508863638711331,-1.20575261643185,0.810300270095468
"Feature 3 (x) / Feature 4 (y)",0.523190115665178,0.858399763845572,0.473336021881551
"Feature 3 (x) / Feature 4 (y)",-0.242923271308672,-2.09158070648828,0.878982509952039
"Feature 3 (x) / Feature 4 (y)",1.01239078172335,-1.17049801309803,0.365110938902944
"Feature 3 (x) / Feature 4 (y)",-0.409590525116018,0.0688665552528768,0.71370889688842
"Feature 3 (x) / Feature 4 (y)",0.832295836890477,-0.830969188986938,0.301270701223984
"Feature 3 (x) / Feature 4 (y)",0.338028032088168,1.05510609216682,0.0611295851413161
"Feature 3 (x) / Feature 4 (y)",0.947039144573732,-0.0664024404622168,0.452645275276154
"Feature 3 (x) / Feature 4 (y)",-0.830593024408045,0.563463978371527,0.702297183917835
"Feature 3 (x) / Feature 4 (y)",1.74724366480343,2.36598818032742,0.0222509992308915
"Feature 3 (x) / Feature 4 (y)",-1.05273842783096,0.330507173745406,0.135807921877131
"Feature 3 (x) / Feature 4 (y)",-0.648225610943022,-0.946132655306452,0.981532560195774
"Feature 3 (x) / Feature 4 (y)",1.00421467145598,-1.02905761306966,0.358425584156066
"Feature 3 (x) / Feature 4 (y)",-0.378353241700232,0.267330258100062,0.159138856688514
"Feature 3 (x) / Feature 4 (y)",0.216741727352618,1.2676798747712,0.0629803079646081
"Feature 3 (x) / Feature 4 (y)",-1.13041335032675,0.455684365450404,0.105687235482037
"Feature 3 (x) / Feature 4 (y)",-0.0218355089081776,1.27072112913805,0.0638794819824398
"Feature 3 (x) / Feature 4 (y)",-0.443360394408544,-0.743587975054915,0.811134418938309
"Feature 3 (x) / Feature 4 (y)",-0.304396949589704,-1.73763865373823,0.854919226141647
"Feature 3 (x) / Feature 4 (y)",-0.435915730135179,-0.132468527630834,0.202711365418509
"Feature 3 (x) / Feature 4 (y)",0.405090846727954,-0.568634279388234,0.300404587062076
"Feature 3 (x) / Feature 4 (y)",-0.434502289528313,0.065975070719153,0.171784743200988
"Feature 3 (x) / Feature 4 (y)",0.0487235777714434,-1.73240500041807,0.808894120389596
"Feature 3 (x) / Feature 4 (y)",0.241257843989127,-0.700118188981894,0.278763446956873
"Feature 3 (x) / Feature 4 (y)",0.932687400375207,-0.960337999118939,0.353854389162734
"Feature 3 (x) / Feature 4 (y)",-0.877318224336295,-1.00586541641634,0.978703966364264
"Feature 3 (x) / Feature 4 (y)",-0.878961224678864,0.479236145208018,0.124067442724481
"Feature 3 (x) / Feature 4 (y)",-0.30432031395346,-0.405474992743285,0.177501240512356
"Feature 3 (x) / Feature 4 (y)",0.0649226883373017,1.28931581905876,0.526823487365618
"Feature 3 (x) / Feature 4 (y)",-0.360302334377714,2.15672143287455,0.594782846281305
"Feature 3 (x) / Feature 4 (y)",0.880931154293168,-1.01570940729247,0.328176378039643
"Feature 3 (x) / Feature 4 (y)",2.20405582476361,2.25497722037328,0.0126899401657283
"Feature 3 (x) / Feature 4 (y)",0.736230699579187,0.0250865325323794,0.446737228427082
"Feature 3 (x) / Feature 4 (y)",-0.850387635636671,-0.069508816500006,0.726764942752197
"Feature 3 (x) / Feature 4 (y)",1.06949432345222,0.742268484109868,0.465251622954383
"Feature 3 (x) / Feature 4 (y)",-0.108363231279597,-0.421155403897917,0.218806670745835
"Feature 3 (x) / Feature 4 (y)",-0.490716327815143,-2.18765046495689,0.891306948848069
"Feature 3 (x) / Feature 4 (y)",0.811436572419671,-1.08739509640749,0.358234190614894
"Feature 3 (x) / Feature 4 (y)",-0.389124185011373,-0.0862366744520971,0.196859565796331
"Feature 3 (x) / Feature 4 (y)",1.45753559554496,-0.925788692639109,0.345781859476119
"Feature 3 (x) / Feature 4 (y)",0.0324355415970251,-0.910771335402927,0.964952562004328
"Feature 3 (x) / Feature 4 (y)",1.07443611661672,-0.718849776103497,0.371035319520161
"Feature 3 (x) / Feature 4 (y)",-0.249580455687486,-0.536352333329135,0.219203646527603
"Feature 3 (x) / Feature 4 (y)",-0.0411057257027808,-1.13211100089171,0.807401564205065
"Feature 3 (x) / Feature 4 (y)",0.647526098182929,0.612143499503765,0.488820852711797
"Feature 3 (x) / Feature 4 (y)",0.747149006465686,0.317181870790753,0.489239622838795
"Feature 3 (x) / Feature 4 (y)",-1.09063553017803,1.0071139138875,0.675086630042642
"Feature 3 (x) / Feature 4 (y)",-0.565575743250727,0.380510379913107,0.185927418759093
"Feature 3 (x) / Feature 4 (y)",-0.826613377223062,0.184385838040027,0.719899991992861
"Feature 3 (x) / Feature 4 (y)",0.170372277841722,-2.13202276820659,0.840139389270917
"Feature 3 (x) / Feature 4 (y)",-0.829913888155323,0.811882006967883,0.0936737225856632
"Feature 3 (x) / Feature 4 (y)",-0.835555552814343,-0.0466206258372721,0.133716177195311
"Feature 3 (x) / Feature 4 (y)",0.792469636574311,-0.577638242207823,0.44627738231793
"Feature 3 (x) / Feature 4 (y)",-1.05991234528611,0.781778293044824,0.702215530676767
"Feature 3 (x) / Feature 4 (y)",0.136327499508369,-1.67922649008092,0.92291100951843
"Feature 3 (x) / Feature 4 (y)",-0.458583645663532,0.354706144293208,0.0888825617730618
"Feature 3 (x) / Feature 4 (y)",-0.960367547518254,0.637066336064089,0.702851514099166
"Feature 3 (x) / Feature 4 (y)",0.514531867498004,0.500806016209405,0.46615297649987
"Feature 3 (x) / Feature 4 (y)",-0.504980339487128,1.31086964709388,0.524440453154966
"Feature 3 (x) / Feature 4 (y)",-0.248370888957382,-2.06158945687584,0.883076469646767
"Feature 3 (x) / Feature 4 (y)",-0.133375205358656,-1.90654524362605,0.919530816143379
"Feature 3 (x) / Feature 4 (y)",0.200009206313037,-0.652004073902473,0.218163246056065
"Feature 3 (x) / Feature 4 (y)",-0.286231318703329,-0.521562624275121,0.235670982860029
"Feature 3 (x) / Feature 4 (y)",0.174050835305598,-0.5774983966021,0.242982234340161
"Feature 3 (x) / Feature 4 (y)",0.834794512397371,2.14532866781731,0.0355256006587297
"Feature 3 (x) / Feature 4 (y)",0.202732584274327,-1.68091842649565,0.928511262871325
"Feature 3 (x) / Feature 4 (y)",0.189471987108704,1.03300264311448,0.501775671029463
"Feature 3 (x) / Feature 4 (y)",-0.926224552359399,0.313244436243458,0.707239287206903
"Feature 3 (x) / Feature 4 (y)",-0.43843188136207,1.61060589218431,0.599933189572766
"Feature 3 (x) / Feature 4 (y)",-1.10846699590632,-0.528494511699788,0.756396918790415
"Feature 3 (x) / Feature 4 (y)",0.79427279576689,-0.51489903726083,0.26721472828649
"Feature 3 (x) / Feature 4 (y)",0.363343718262284,-0.348259732443892,0.229000388411805
"Feature 3 (x) / Feature 4 (y)",-0.615642598320553,2.57003984762091,0.600737662054598
"Feature 3 (x) / Feature 4 (y)",-0.998283298458851,2.06125311188485,0.59024479938671
"Feature 3 (x) / Feature 4 (y)",0.178519607275817,-1.64267707753651,0.927260796073824
"Feature 3 (x) / Feature 4 (y)",-0.24298758965342,2.31845275545724,0.625687938183546
"Feature 3 (x) / Feature 4 (y)",-0.389097105211644,0.0408827976221585,0.190271869068965
"Feature 3 (x) / Feature 4 (y)",-0.791457054574423,0.38826254132438,0.708617713302374
"Feature 3 (x) / Feature 4 (y)",1.10801859019796,-0.746733323915395,0.299166257958859
"Feature 3 (x) / Feature 4 (y)",-0.116048491672838,-2.16594397362542,0.86330534121953
"Feature 3 (x) / Feature 4 (y)",-0.950022502143413,1.45270867949178,0.659891549265012
"Feature 3 (x) / Feature 4 (y)",0.17637166209591,-1.93728713382168,0.83842443744652
"Feature 3 (x) / Feature 4 (y)",-0.470539643574357,0.719846447848979,0.688260046532378
"Feature 3 (x) / Feature 4 (y)",-0.261607817801305,1.17569330396265,0.512845787452534
"Feature 3 (x) / Feature 4 (y)",-0.0859153980791605,-0.32191420406325,0.204242422012612
"Feature 3 (x) / Feature 4 (y)",0.540734590645296,0.496391806370891,0.48894941364415
"Feature 3 (x) / Feature 4 (y)",-0.786586654691837,1.46002469082474,0.540380778256804
"Feature 3 (x) / Feature 4 (y)",0.856837190659653,-1.18591615778626,0.371972574153915
"Feature 3 (x) / Feature 4 (y)",-0.57813559317696,0.00784154826924427,0.751868466846645
"Feature 3 (x) / Feature 4 (y)",-0.25924066841822,2.41826446001543,0.54270679387264
"Feature 3 (x) / Feature 4 (y)",0.677064517144767,-0.935966675842089,0.273709014290944
"Feature 3 (x) / Feature 4 (y)",2.37277522308045,2.54363532868661,0.0082406906876713
"Feature 3 (x) / Feature 4 (y)",-0.408158685769393,1.04118575118056,0.0687518047634512
"Feature 3 (x) / Feature 4 (y)",0.609264013444483,0.46009266906205,0.482838751748204
"Feature 3 (x) / Feature 4 (y)",0.64593558741162,-1.17659549304958,0.272195026511326
"Feature 3 (x) / Feature 4 (y)",0.778065445646135,-0.245522023484873,0.264095493126661
"Feature 3 (x) / Feature 4 (y)",-0.746169942495968,-0.117216411034733,0.141081128036603
"Feature 3 (x) / Feature 4 (y)",-0.00742425803164345,-0.490188726875386,0.236761612351984
"Feature 3 (x) / Feature 4 (y)",-0.852217438159681,-0.571291902915067,0.747640934074298
"Feature 3 (x) / Feature 4 (y)",-0.0300787252902774,-0.923440088738445,0.800109896808863
"Feature 3 (x) / Feature 4 (y)",-1.14879362045428,0.670935726745374,0.115691552171484
"Feature 3 (x) / Feature 4 (y)",-0.771423734158137,-1.05217994250419,0.775464338017628
"Feature 3 (x) / Feature 4 (y)",0.836375856379072,-0.981590865546556,0.309081808663905
"Feature 3 (x) / Feature 4 (y)",-0.397775254887251,-1.6778999264536,0.909715083660558
"Feature 3 (x) / Feature 4 (y)",-0.289668644130764,0.42732173779071,0.189414444612339
"Feature 3 (x) / Feature 4 (y)",0.821497702829349,-1.2089071024099,0.313827242003754
"Feature 3 (x) / Feature 4 (y)",0.341901890155148,1.77923743789483,0.0480910493060946
"Feature 3 (x) / Feature 4 (y)",-0.820706290236005,-0.964865418658287,0.779620272573084
"Feature 3 (x) / Feature 4 (y)",0.215337795251088,0.775794109200702,0.491361290216446
"Feature 3 (x) / Feature 4 (y)",-0.238431492835684,-1.28043568244237,0.83509817160666
"Feature 3 (x) / Feature 4 (y)",-0.349014205667254,1.22563510756229,0.0761853891890496
"Feature 3 (x) / Feature 4 (y)",0.260919766916558,-0.89172611591464,0.279957720311359
"Feature 3 (x) / Feature 4 (y)",-0.220029106223716,1.68747635267585,0.63283795514144
"Feature 3 (x) / Feature 4 (y)",-0.607065088408062,-0.664879312905401,0.74635539832525
"Feature 3 (x) / Feature 4 (y)",-0.829930630113675,0.0787148237034999,0.722740790341049
"Feature 3 (x) / Feature 4 (y)",0.265041017005378,-0.647606002280263,0.246118342736736
"Feature 3 (x) / Feature 4 (y)",0.162235022069923,-0.165918952313282,0.201949303038418
"Feature 3 (x) / Feature 4 (y)",-0.206796790635199,1.76983580697145,0.55659376992844
"Feature 3 (x) / Feature 4 (y)",-0.549073185324803,1.04799323605406,0.0934528792276978
"Feature 3 (x) / Feature 4 (y)",-0.725928115160052,0.0617370614015526,0.15237533999607
"Feature 3 (x) / Feature 4 (y)",0.225100181377184,0.306756126495741,0.476137351477519
"Feature 3 (x) / Feature 4 (y)",1.01677743682791,-1.18685031524768,0.328140031779185
"Feature 3 (x) / Feature 4 (y)",0.0703849129556466,-1.70665689540843,0.855659369379282
"Feature 3 (x) / Feature 4 (y)",1.22303225519339,-1.27992818935529,0.334354943595827
"Feature 3 (x) / Feature 4 (y)",0.791774277885437,-0.20301055389023,0.278659163974226
"Feature 3 (x) / Feature 4 (y)",1.06183967717513,0.0598271128857204,0.440978627186269
"Feature 3 (x) / Feature 4 (y)",0.742462017782457,-0.106539587043528,0.4400251689367
"Feature 3 (x) / Feature 4 (y)",-0.527387537518631,-0.680382504266951,0.977296904427931
"Feature 3 (x) / Feature 4 (y)",-1.2424626100391,-0.214808725482664,0.145238904282451
"Feature 3 (x) / Feature 4 (y)",0.186089113886266,-1.4274325734352,0.84270612988621
"Feature 3 (x) / Feature 4 (y)",0.410550357368171,1.18759789768119,0.0419193957932293
"Feature 3 (x) / Feature 4 (y)",-0.921937353310962,0.0801595171376324,0.116735716816038
"Feature 3 (x) / Feature 4 (y)",-0.0149365570854041,-1.48954585572392,0.818037616787478
"Feature 3 (x) / Feature 4 (y)",-0.434484314943476,0.648344688551496,0.71833058539778
"Feature 3 (x) / Feature 4 (y)",-0.0526800937866074,-0.432260642427689,0.226031198399141
"Feature 3 (x) / Feature 4 (y)",1.08850174593428,-0.984158336959447,0.340148094110191
"Feature 3 (x) / Feature 4 (y)",0.911064203271847,-0.745530257687313,0.356579177780077
"Feature 3 (x) / Feature 4 (y)",-1.08600231562632,-0.450123233637084,0.754153728717938
"Feature 3 (x) / Feature 4 (y)",0.486106769147383,-0.886000224438123,0.324936339398846
"Feature 3 (x) / Feature 4 (y)",-0.195464435382482,1.57480642164206,0.526243726024404
"Feature 3 (x) / Feature 4 (y)",-0.188132742448868,-1.44866564253794,0.916579271433875
"Feature 3 (x) / Feature 4 (y)",0.837541407567656,-0.519418268672349,0.371524909744039
"Feature 3 (x) / Feature 4 (y)",-0.294267591446332,-1.54280972656716,0.947080062935129
