"noise_sd","k","stage","column","sample","feature_1","feature_4","true_position","prior_component"
0.25,3,"Before: kmin - 1","Noise SD = 0.25",1,0.508167685552546,-1.51334336137372,0.934602960711345,"C2"
0.25,3,"Before: kmin - 1","Noise SD = 0.25",2,-1.7444035955392,1.82303282635094,0.640336565673351,"C2"
0.25,3,"Before: kmin - 1","Noise SD = 0.25",3,-0.76692124588688,1.54389966339832,0.539774174569175,"C2"
0.25,3,"Before: kmin - 1","Noise SD = 0.25",4,0.982151782411474,-0.832519893925017,0.266568574821576,"C2"
0.25,3,"Before: kmin - 1","Noise SD = 0.25",5,0.653291665505209,0.577233559220043,0.096566071966663,"C2"
0.25,3,"Before: kmin - 1","Noise SD = 0.25",6,0.793397710745491,0.575327999010641,0.133909621974453,"C2"
0.25,3,"Before: kmin - 1","Noise SD = 0.25",7,1.67112265046465,-0.322889207829061,0.211279006209224,"C2"
0.25,3,"Before: kmin - 1","Noise SD = 0.25",8,0.92650622482149,-1.29307642919105,0.94865017477423,"C2"
0.25,3,"Before: kmin - 1","Noise SD = 0.25",9,-1.12573819015124,2.18669807225455,0.579310150118545,"C2"
0.25,3,"Before: kmin - 1","Noise SD = 0.25",10,-1.21007278677684,1.81506844012096,0.622002283344045,"C2"
0.25,3,"Before: kmin - 1","Noise SD = 0.25",11,-1.21919404482707,-0.152419401319482,0.729925628518686,"C2"
0.25,3,"Before: kmin - 1","Noise SD = 0.25",12,-1.12671919200548,-1.32562976268765,0.806193429743871,"C2"
0.25,3,"Before: kmin - 1","Noise SD = 0.25",13,0.541901794740442,1.60266302717571,0.0309129566885531,"C2"
0.25,3,"Before: kmin - 1","Noise SD = 0.25",14,-0.273862352129786,0.446439026008735,0.465288266539574,"C2"
0.25,3,"Before: kmin - 1","Noise SD = 0.25",15,-1.08389944977155,0.570344250876347,0.496334829134867,"C2"
0.25,3,"Before: kmin - 1","Noise SD = 0.25",16,1.33669091713728,-0.538847403904385,0.206122397910804,"C2"
0.25,3,"Before: kmin - 1","Noise SD = 0.25",17,-0.567638725786214,0.458915555652553,0.460400955285877,"C2"
0.25,3,"Before: kmin - 1","Noise SD = 0.25",18,-0.666951455900609,0.188439329105593,0.482846714323387,"C2"
0.25,3,"Before: kmin - 1","Noise SD = 0.25",19,0.237245648573035,-1.81232517016987,0.897089458769187,"C2"
0.25,3,"Before: kmin - 1","Noise SD = 0.25",20,1.11443847105892,0.372897276068054,0.138356370152906,"C2"
0.25,3,"Before: kmin - 1","Noise SD = 0.25",21,0.796305957892616,-0.867663263000599,0.314858996775001,"C2"
0.25,3,"Before: kmin - 1","Noise SD = 0.25",22,-1.11131942537147,1.37453401420297,0.51057206466794,"C2"
0.25,3,"Before: kmin - 1","Noise SD = 0.25",23,-1.13572732872075,-0.403179349677662,0.729390932014212,"C2"
0.25,3,"Before: kmin - 1","Noise SD = 0.25",24,-1.4769954681885,2.34444575894784,0.600904693361372,"C2"
0.25,3,"Before: kmin - 1","Noise SD = 0.25",25,-0.664599606551695,0.0842972601371642,0.454613883746788,"C2"
0.25,3,"Before: kmin - 1","Noise SD = 0.25",26,0.8487557186198,0.588778783746939,0.113483893685043,"C2"
0.25,3,"Before: kmin - 1","Noise SD = 0.25",27,1.45787572569583,0.0765268371265738,0.151617694413289,"C2"
0.25,3,"Before: kmin - 1","Noise SD = 0.25",28,0.540663349150971,2.40239797842761,0.0271460183430463,"C2"
0.25,3,"Before: kmin - 1","Noise SD = 0.25",29,-1.47955032201164,0.240482636813405,0.717225887347013,"C2"
0.25,3,"Before: kmin - 1","Noise SD = 0.25",30,-0.655259776187799,1.83122345476217,0.579665700439364,"C2"
0.25,3,"Before: kmin - 1","Noise SD = 0.25",31,-1.54595877047591,-1.07780990473598,0.777791964821517,"C2"
0.25,3,"Before: kmin - 1","Noise SD = 0.25",32,-0.949189429622497,1.93533689706668,0.54650466889143,"C2"
0.25,3,"Before: kmin - 1","Noise SD = 0.25",33,0.484119407596584,2.35393435789807,0.0376187835354358,"C2"
0.25,3,"Before: kmin - 1","Noise SD = 0.25",34,1.34458849796914,-0.380387185520121,0.209671256830916,"C2"
0.25,3,"Before: kmin - 1","Noise SD = 0.25",35,1.24769611867302,0.082073285414094,0.171383886132389,"C2"
0.25,3,"Before: kmin - 1","Noise SD = 0.25",36,0.451685061459338,2.07822356894471,0.033667185343802,"C2"
0.25,3,"Before: kmin - 1","Noise SD = 0.25",37,-1.85313047651819,-0.0363112014093012,0.722593151964247,"C2"
0.25,3,"Before: kmin - 1","Noise SD = 0.25",38,1.26602277158484,-0.993927039904526,0.291781231062487,"C2"
0.25,3,"Before: kmin - 1","Noise SD = 0.25",39,0.683136444743537,-0.261555347251159,0.147549621528015,"C2"
0.25,3,"Before: kmin - 1","Noise SD = 0.25",40,-0.634500787229738,1.20605245865579,0.550399734638631,"C2"
0.25,3,"Before: kmin - 1","Noise SD = 0.25",41,-1.21970559615188,1.80760064440913,0.537454262608662,"C2"
0.25,3,"Before: kmin - 1","Noise SD = 0.25",42,0.622749781538668,1.15656766051603,0.0483221001923084,"C2"
0.25,3,"Before: kmin - 1","Noise SD = 0.25",43,1.07555563427684,-0.678814099400788,0.299227858427912,"C2"
0.25,3,"Before: kmin - 1","Noise SD = 0.25",44,0.507453712283872,-1.88823019470605,0.917331561213359,"C2"
0.25,3,"Before: kmin - 1","Noise SD = 0.25",45,0.474964526515869,2.15507564339315,0.0149344548117369,"C1"
0.25,3,"Before: kmin - 1","Noise SD = 0.25",46,0.627931705088134,2.5690497598116,0.00744169089011848,"C1"
0.25,3,"Before: kmin - 1","Noise SD = 0.25",47,-0.525862085388232,-1.76257837693306,0.830173080321401,"C2"
0.25,3,"Before: kmin - 1","Noise SD = 0.25",48,-0.788819967810161,0.477990044531175,0.49288191832602,"C2"
0.25,3,"Before: kmin - 1","Noise SD = 0.25",49,-0.742577030696084,0.65709335479543,0.487459625350311,"C2"
0.25,3,"Before: kmin - 1","Noise SD = 0.25",50,0.246196575678189,-0.830056721813391,0.358126984676346,"C2"
0.25,3,"Before: kmin - 1","Noise SD = 0.25",51,1.40312429346508,-0.731783349440608,0.259190891170874,"C2"
0.25,3,"Before: kmin - 1","Noise SD = 0.25",52,1.39541312153631,0.0605576701477021,0.17965303780511,"C2"
0.25,3,"Before: kmin - 1","Noise SD = 0.25",53,1.84884783972022,-0.596105960506996,0.266202436992899,"C2"
0.25,3,"Before: kmin - 1","Noise SD = 0.25",54,-1.10397740992568,2.090944698669,0.589536999119446,"C2"
0.25,3,"Before: kmin - 1","Noise SD = 0.25",55,-0.915436995505912,-1.84899487279992,0.807724132435396,"C2"
0.25,3,"Before: kmin - 1","Noise SD = 0.25",56,1.68174973754558,-0.866172636022114,0.976915959035978,"C2"
0.25,3,"Before: kmin - 1","Noise SD = 0.25",57,1.42574209236311,0.261520320255219,0.154509680345654,"C2"
0.25,3,"Before: kmin - 1","Noise SD = 0.25",58,-1.25103045034411,-1.20575261643185,0.810300270095468,"C2"
0.25,3,"Before: kmin - 1","Noise SD = 0.25",59,-0.778650349105362,0.858399763845572,0.473336021881551,"C2"
0.25,3,"Before: kmin - 1","Noise SD = 0.25",60,-0.0916172977791688,-2.09158070648828,0.878982509952039,"C2"
0.25,3,"Before: kmin - 1","Noise SD = 0.25",61,0.521733482777266,-1.17049801309803,0.365110938902944,"C2"
0.25,3,"Before: kmin - 1","Noise SD = 0.25",62,-1.73359168061776,0.0688665552528768,0.71370889688842,"C2"
0.25,3,"Before: kmin - 1","Noise SD = 0.25",63,0.609892547014906,-0.830969188986938,0.301270701223984,"C2"
0.25,3,"Before: kmin - 1","Noise SD = 0.25",64,0.450654874929301,1.05510609216682,0.0611295851413161,"C2"
0.25,3,"Before: kmin - 1","Noise SD = 0.25",65,-0.844173082761518,-0.0664024404622168,0.452645275276154,"C2"
0.25,3,"Before: kmin - 1","Noise SD = 0.25",66,-1.41338454025613,0.563463978371527,0.702297183917835,"C2"
0.25,3,"Before: kmin - 1","Noise SD = 0.25",67,0.391430218705688,2.36598818032742,0.0222509992308915,"C1"
0.25,3,"Before: kmin - 1","Noise SD = 0.25",68,1.08870104022287,0.330507173745406,0.135807921877131,"C2"
0.25,3,"Before: kmin - 1","Noise SD = 0.25",69,1.47671793904092,-0.946132655306452,0.981532560195774,"C2"
0.25,3,"Before: kmin - 1","Noise SD = 0.25",70,0.50126653421876,-1.02905761306966,0.358425584156066,"C2"
0.25,3,"Before: kmin - 1","Noise SD = 0.25",71,1.68069490081447,0.267330258100062,0.159138856688514,"C2"
0.25,3,"Before: kmin - 1","Noise SD = 0.25",72,0.751951715884812,1.2676798747712,0.0629803079646081,"C2"
0.25,3,"Before: kmin - 1","Noise SD = 0.25",73,0.928253244309677,0.455684365450404,0.105687235482037,"C2"
0.25,3,"Before: kmin - 1","Noise SD = 0.25",74,0.381103857272747,1.27072112913805,0.0638794819824398,"C2"
0.25,3,"Before: kmin - 1","Noise SD = 0.25",75,-0.960681230623371,-0.743587975054915,0.811134418938309,"C2"
0.25,3,"Before: kmin - 1","Noise SD = 0.25",76,-0.539229743755678,-1.73763865373823,0.854919226141647,"C2"
0.25,3,"Before: kmin - 1","Noise SD = 0.25",77,1.23323182781669,-0.132468527630834,0.202711365418509,"C2"
0.25,3,"Before: kmin - 1","Noise SD = 0.25",78,1.38861702973186,-0.568634279388234,0.300404587062076,"C2"
0.25,3,"Before: kmin - 1","Noise SD = 0.25",79,1.61626470127998,0.065975070719153,0.171784743200988,"C2"
0.25,3,"Before: kmin - 1","Noise SD = 0.25",80,-1.34063191970146,-1.73240500041807,0.808894120389596,"C2"
0.25,3,"Before: kmin - 1","Noise SD = 0.25",81,1.03757634908853,-0.700118188981894,0.278763446956873,"C2"
0.25,3,"Before: kmin - 1","Noise SD = 0.25",82,0.698782054805088,-0.960337999118939,0.353854389162734,"C2"
0.25,3,"Before: kmin - 1","Noise SD = 0.25",83,1.7847736597193,-1.00586541641634,0.978703966364264,"C2"
0.25,3,"Before: kmin - 1","Noise SD = 0.25",84,1.0167253402353,0.479236145208018,0.124067442724481,"C2"
0.25,3,"Before: kmin - 1","Noise SD = 0.25",85,1.31111868605701,-0.405474992743285,0.177501240512356,"C2"
0.25,3,"Before: kmin - 1","Noise SD = 0.25",86,-0.542410835821307,1.28931581905876,0.526823487365618,"C2"
0.25,3,"Before: kmin - 1","Noise SD = 0.25",87,-0.765205051430881,2.15672143287455,0.594782846281305,"C2"
0.25,3,"Before: kmin - 1","Noise SD = 0.25",88,0.895847387256806,-1.01570940729247,0.328176378039643,"C2"
0.25,3,"Before: kmin - 1","Noise SD = 0.25",89,0.241793994531843,2.25497722037328,0.0126899401657283,"C1"
0.25,3,"Before: kmin - 1","Noise SD = 0.25",90,-0.307580756873932,0.0250865325323794,0.446737228427082,"C2"
0.25,3,"Before: kmin - 1","Noise SD = 0.25",91,-1.32057453272293,-0.069508816500006,0.726764942752197,"C2"
0.25,3,"Before: kmin - 1","Noise SD = 0.25",92,-0.525274559973627,0.742268484109868,0.465251622954383,"C2"
0.25,3,"Before: kmin - 1","Noise SD = 0.25",93,0.950469140809146,-0.421155403897917,0.218806670745835,"C2"
0.25,3,"Before: kmin - 1","Noise SD = 0.25",94,0.242729396130107,-2.18765046495689,0.891306948848069,"C2"
0.25,3,"Before: kmin - 1","Noise SD = 0.25",95,0.25817389165901,-1.08739509640749,0.358234190614894,"C2"
0.25,3,"Before: kmin - 1","Noise SD = 0.25",96,1.35946630451578,-0.0862366744520971,0.196859565796331,"C2"
0.25,3,"Before: kmin - 1","Noise SD = 0.25",97,0.588544677784764,-0.925788692639109,0.345781859476119,"C2"
0.25,3,"Before: kmin - 1","Noise SD = 0.25",98,1.50890573164176,-0.910771335402927,0.964952562004328,"C2"
0.25,3,"Before: kmin - 1","Noise SD = 0.25",99,-0.0331062106904397,-0.718849776103497,0.371035319520161,"C2"
0.25,3,"Before: kmin - 1","Noise SD = 0.25",100,1.42907900351733,-0.536352333329135,0.219203646527603,"C2"
0.25,3,"Before: kmin - 1","Noise SD = 0.25",101,-1.18989020788383,-1.13211100089171,0.807401564205065,"C2"
0.25,3,"Before: kmin - 1","Noise SD = 0.25",102,-0.800104908603369,0.612143499503765,0.488820852711797,"C2"
0.25,3,"Before: kmin - 1","Noise SD = 0.25",103,-0.46703992702897,0.317181870790753,0.489239622838795,"C2"
0.25,3,"Before: kmin - 1","Noise SD = 0.25",104,-1.5536905002672,1.0071139138875,0.675086630042642,"C2"
0.25,3,"Before: kmin - 1","Noise SD = 0.25",105,1.45801689414519,0.380510379913107,0.185927418759093,"C2"
0.25,3,"Before: kmin - 1","Noise SD = 0.25",106,-1.45967736272252,0.184385838040027,0.719899991992861,"C2"
0.25,3,"Before: kmin - 1","Noise SD = 0.25",107,-0.797309541275508,-2.13202276820659,0.840139389270917,"C2"
0.25,3,"Before: kmin - 1","Noise SD = 0.25",108,0.993382122465859,0.811882006967883,0.0936737225856632,"C2"
0.25,3,"Before: kmin - 1","Noise SD = 0.25",109,1.06204288252238,-0.0466206258372721,0.133716177195311,"C2"
0.25,3,"Before: kmin - 1","Noise SD = 0.25",110,0.0480080537327122,-0.577638242207823,0.44627738231793,"C2"
0.25,3,"Before: kmin - 1","Noise SD = 0.25",111,-1.23854336104345,0.781778293044824,0.702215530676767,"C2"
0.25,3,"Before: kmin - 1","Noise SD = 0.25",112,0.632557286294468,-1.67922649008092,0.92291100951843,"C2"
0.25,3,"Before: kmin - 1","Noise SD = 0.25",113,0.879784407558255,0.354706144293208,0.0888825617730618,"C2"
0.25,3,"Before: kmin - 1","Noise SD = 0.25",114,-1.70275215645948,0.637066336064089,0.702851514099166,"C2"
0.25,3,"Before: kmin - 1","Noise SD = 0.25",115,-0.930271969696908,0.500806016209405,0.46615297649987,"C2"
0.25,3,"Before: kmin - 1","Noise SD = 0.25",116,-1.02239015023221,1.31086964709388,0.524440453154966,"C2"
0.25,3,"Before: kmin - 1","Noise SD = 0.25",117,-0.117330494437547,-2.06158945687584,0.883076469646767,"C2"
0.25,3,"Before: kmin - 1","Noise SD = 0.25",118,0.969220723775652,-1.90654524362605,0.919530816143379,"C2"
0.25,3,"Before: kmin - 1","Noise SD = 0.25",119,1.56223265612593,-0.652004073902473,0.218163246056065,"C2"
0.25,3,"Before: kmin - 1","Noise SD = 0.25",120,1.63618476665388,-0.521562624275121,0.235670982860029,"C2"
0.25,3,"Before: kmin - 1","Noise SD = 0.25",121,1.39420866859543,-0.5774983966021,0.242982234340161,"C2"
0.25,3,"Before: kmin - 1","Noise SD = 0.25",122,0.116614785104957,2.14532866781731,0.0355256006587297,"C2"
0.25,3,"Before: kmin - 1","Noise SD = 0.25",123,0.340558684409228,-1.68091842649565,0.928511262871325,"C2"
0.25,3,"Before: kmin - 1","Noise SD = 0.25",124,-0.773639447338224,1.03300264311448,0.501775671029463,"C2"
0.25,3,"Before: kmin - 1","Noise SD = 0.25",125,-2.24702823747212,0.313244436243458,0.707239287206903,"C2"
0.25,3,"Before: kmin - 1","Noise SD = 0.25",126,-1.4705488308022,1.61060589218431,0.599933189572766,"C2"
0.25,3,"Before: kmin - 1","Noise SD = 0.25",127,-0.987636230829434,-0.528494511699788,0.756396918790415,"C2"
0.25,3,"Before: kmin - 1","Noise SD = 0.25",128,1.13748423245982,-0.51489903726083,0.26721472828649,"C2"
0.25,3,"Before: kmin - 1","Noise SD = 0.25",129,1.65179059415568,-0.348259732443892,0.229000388411805,"C2"
0.25,3,"Before: kmin - 1","Noise SD = 0.25",130,-1.18755313697307,2.57003984762091,0.600737662054598,"C2"
0.25,3,"Before: kmin - 1","Noise SD = 0.25",131,-1.07968225863322,2.06125311188485,0.59024479938671,"C2"
0.25,3,"Before: kmin - 1","Noise SD = 0.25",132,0.466894009902228,-1.64267707753651,0.927260796073824,"C2"
0.25,3,"Before: kmin - 1","Noise SD = 0.25",133,-1.78845555629134,2.31845275545724,0.625687938183546,"C2"
0.25,3,"Before: kmin - 1","Noise SD = 0.25",134,1.22951260112724,0.0408827976221585,0.190271869068965,"C2"
0.25,3,"Before: kmin - 1","Noise SD = 0.25",135,-1.483410844149,0.38826254132438,0.708617713302374,"C2"
0.25,3,"Before: kmin - 1","Noise SD = 0.25",136,1.16528980721658,-0.746733323915395,0.299166257958859,"C2"
0.25,3,"Before: kmin - 1","Noise SD = 0.25",137,-0.48685665701206,-2.16594397362542,0.86330534121953,"C2"
0.25,3,"Before: kmin - 1","Noise SD = 0.25",138,-1.12439704818292,1.45270867949178,0.659891549265012,"C2"
0.25,3,"Before: kmin - 1","Noise SD = 0.25",139,-1.19960092881797,-1.93728713382168,0.83842443744652,"C2"
0.25,3,"Before: kmin - 1","Noise SD = 0.25",140,-1.46385820279563,0.719846447848979,0.688260046532378,"C2"
0.25,3,"Before: kmin - 1","Noise SD = 0.25",141,-0.712213801826845,1.17569330396265,0.512845787452534,"C2"
0.25,3,"Before: kmin - 1","Noise SD = 0.25",142,1.41540631977247,-0.32191420406325,0.204242422012612,"C2"
0.25,3,"Before: kmin - 1","Noise SD = 0.25",143,-0.502260056172893,0.496391806370891,0.48894941364415,"C2"
0.25,3,"Before: kmin - 1","Noise SD = 0.25",144,-0.999406394607148,1.46002469082474,0.540380778256804,"C2"
0.25,3,"Before: kmin - 1","Noise SD = 0.25",145,0.38511322359494,-1.18591615778626,0.371972574153915,"C2"
0.25,3,"Before: kmin - 1","Noise SD = 0.25",146,-1.570112641536,0.00784154826924427,0.751868466846645,"C2"
0.25,3,"Before: kmin - 1","Noise SD = 0.25",147,-1.20913740312458,2.41826446001543,0.54270679387264,"C2"
0.25,3,"Before: kmin - 1","Noise SD = 0.25",148,0.947554980482968,-0.935966675842089,0.273709014290944,"C2"
0.25,3,"Before: kmin - 1","Noise SD = 0.25",149,0.113009747814429,2.54363532868661,0.0082406906876713,"C1"
0.25,3,"Before: kmin - 1","Noise SD = 0.25",150,0.760003711628276,1.04118575118056,0.0687518047634512,"C2"
0.25,3,"Before: kmin - 1","Noise SD = 0.25",151,-0.244788091208298,0.46009266906205,0.482838751748204,"C2"
0.25,3,"Before: kmin - 1","Noise SD = 0.25",152,0.649009427451881,-1.17659549304958,0.272195026511326,"C2"
0.25,3,"Before: kmin - 1","Noise SD = 0.25",153,0.915032812543418,-0.245522023484873,0.264095493126661,"C2"
0.25,3,"Before: kmin - 1","Noise SD = 0.25",154,1.2841204259532,-0.117216411034733,0.141081128036603,"C2"
0.25,3,"Before: kmin - 1","Noise SD = 0.25",155,1.51058634958363,-0.490188726875386,0.236761612351984,"C2"
0.25,3,"Before: kmin - 1","Noise SD = 0.25",156,-1.72558359300595,-0.571291902915067,0.747640934074298,"C2"
0.25,3,"Before: kmin - 1","Noise SD = 0.25",157,-1.26904061189086,-0.923440088738445,0.800109896808863,"C2"
0.25,3,"Before: kmin - 1","Noise SD = 0.25",158,0.58487010649349,0.670935726745374,0.115691552171484,"C2"
0.25,3,"Before: kmin - 1","Noise SD = 0.25",159,-1.63303058243404,-1.05217994250419,0.775464338017628,"C2"
0.25,3,"Before: kmin - 1","Noise SD = 0.25",160,0.969181812806825,-0.981590865546556,0.309081808663905,"C2"
0.25,3,"Before: kmin - 1","Noise SD = 0.25",161,0.406723347705048,-1.6778999264536,0.909715083660558,"C2"
0.25,3,"Before: kmin - 1","Noise SD = 0.25",162,0.86751473326232,0.42732173779071,0.189414444612339,"C2"
0.25,3,"Before: kmin - 1","Noise SD = 0.25",163,0.965815517254538,-1.2089071024099,0.313827242003754,"C2"
0.25,3,"Before: kmin - 1","Noise SD = 0.25",164,0.395575622433598,1.77923743789483,0.0480910493060946,"C2"
0.25,3,"Before: kmin - 1","Noise SD = 0.25",165,-1.16335863416922,-0.964865418658287,0.779620272573084,"C2"
0.25,3,"Before: kmin - 1","Noise SD = 0.25",166,-0.909210585890675,0.775794109200702,0.491361290216446,"C2"
0.25,3,"Before: kmin - 1","Noise SD = 0.25",167,-0.963898265369107,-1.28043568244237,0.83509817160666,"C2"
0.25,3,"Before: kmin - 1","Noise SD = 0.25",168,0.838275567479529,1.22563510756229,0.0761853891890496,"C2"
0.25,3,"Before: kmin - 1","Noise SD = 0.25",169,1.30797363098621,-0.89172611591464,0.279957720311359,"C2"
0.25,3,"Before: kmin - 1","Noise SD = 0.25",170,-1.33729984269795,1.68747635267585,0.63283795514144,"C2"
0.25,3,"Before: kmin - 1","Noise SD = 0.25",171,-1.21583596217479,-0.664879312905401,0.74635539832525,"C2"
0.25,3,"Before: kmin - 1","Noise SD = 0.25",172,-1.4495553222971,0.0787148237034999,0.722740790341049,"C2"
0.25,3,"Before: kmin - 1","Noise SD = 0.25",173,1.75820458629981,-0.647606002280263,0.246118342736736,"C2"
0.25,3,"Before: kmin - 1","Noise SD = 0.25",174,1.68521975633489,-0.165918952313282,0.201949303038418,"C2"
0.25,3,"Before: kmin - 1","Noise SD = 0.25",175,-0.706847778528712,1.76983580697145,0.55659376992844,"C2"
0.25,3,"Before: kmin - 1","Noise SD = 0.25",176,0.934841345565548,1.04799323605406,0.0934528792276978,"C2"
0.25,3,"Before: kmin - 1","Noise SD = 0.25",177,1.59526585435698,0.0617370614015526,0.15237533999607,"C2"
0.25,3,"Before: kmin - 1","Noise SD = 0.25",178,-0.903066009909931,0.306756126495741,0.476137351477519,"C2"
0.25,3,"Before: kmin - 1","Noise SD = 0.25",179,0.815673733845872,-1.18685031524768,0.328140031779185,"C2"
0.25,3,"Before: kmin - 1","Noise SD = 0.25",180,-0.534023940921351,-1.70665689540843,0.855659369379282,"C2"
0.25,3,"Before: kmin - 1","Noise SD = 0.25",181,0.741772746821525,-1.27992818935529,0.334354943595827,"C2"
0.25,3,"Before: kmin - 1","Noise SD = 0.25",182,0.631004544500918,-0.20301055389023,0.278659163974226,"C2"
0.25,3,"Before: kmin - 1","Noise SD = 0.25",183,-0.597147083617364,0.0598271128857204,0.440978627186269,"C2"
0.25,3,"Before: kmin - 1","Noise SD = 0.25",184,-0.300330816416588,-0.106539587043528,0.4400251689367,"C2"
0.25,3,"Before: kmin - 1","Noise SD = 0.25",185,1.95103904855048,-0.680382504266951,0.977296904427931,"C2"
0.25,3,"Before: kmin - 1","Noise SD = 0.25",186,1.21665227396356,-0.214808725482664,0.145238904282451,"C2"
0.25,3,"Before: kmin - 1","Noise SD = 0.25",187,-0.32545508797057,-1.4274325734352,0.84270612988621,"C2"
0.25,3,"Before: kmin - 1","Noise SD = 0.25",188,0.386630329459929,1.18759789768119,0.0419193957932293,"C2"
0.25,3,"Before: kmin - 1","Noise SD = 0.25",189,0.954797878815438,0.0801595171376324,0.116735716816038,"C2"
0.25,3,"Before: kmin - 1","Noise SD = 0.25",190,-0.901414721322821,-1.48954585572392,0.818037616787478,"C2"
0.25,3,"Before: kmin - 1","Noise SD = 0.25",191,-1.6110469574661,0.648344688551496,0.71833058539778,"C2"
0.25,3,"Before: kmin - 1","Noise SD = 0.25",192,1.49635297334242,-0.432260642427689,0.226031198399141,"C2"
0.25,3,"Before: kmin - 1","Noise SD = 0.25",193,0.535820227058913,-0.984158336959447,0.340148094110191,"C2"
0.25,3,"Before: kmin - 1","Noise SD = 0.25",194,0.525712859564666,-0.745530257687313,0.356579177780077,"C2"
0.25,3,"Before: kmin - 1","Noise SD = 0.25",195,-1.12470525909938,-0.450123233637084,0.754153728717938,"C2"
0.25,3,"Before: kmin - 1","Noise SD = 0.25",196,0.310877638411415,-0.886000224438123,0.324936339398846,"C2"
0.25,3,"Before: kmin - 1","Noise SD = 0.25",197,-1.12875149397267,1.57480642164206,0.526243726024404,"C2"
0.25,3,"Before: kmin - 1","Noise SD = 0.25",198,0.565150852513504,-1.44866564253794,0.916579271433875,"C2"
0.25,3,"Before: kmin - 1","Noise SD = 0.25",199,0.181949142393623,-0.519418268672349,0.371524909744039,"C2"
0.25,3,"Before: kmin - 1","Noise SD = 0.25",200,1.14305721916461,-1.54280972656716,0.947080062935129,"C2"
0.25,4,"Selected: kmin","Noise SD = 0.25",1,0.508167685552546,-1.51334336137372,0.934602960711345,"C2"
0.25,4,"Selected: kmin","Noise SD = 0.25",2,-1.7444035955392,1.82303282635094,0.640336565673351,"C2"
0.25,4,"Selected: kmin","Noise SD = 0.25",3,-0.76692124588688,1.54389966339832,0.539774174569175,"C2"
0.25,4,"Selected: kmin","Noise SD = 0.25",4,0.982151782411474,-0.832519893925017,0.266568574821576,"C2"
0.25,4,"Selected: kmin","Noise SD = 0.25",5,0.653291665505209,0.577233559220043,0.096566071966663,"C2"
0.25,4,"Selected: kmin","Noise SD = 0.25",6,0.793397710745491,0.575327999010641,0.133909621974453,"C2"
0.25,4,"Selected: kmin","Noise SD = 0.25",7,1.67112265046465,-0.322889207829061,0.211279006209224,"C2"
0.25,4,"Selected: kmin","Noise SD = 0.25",8,0.92650622482149,-1.29307642919105,0.94865017477423,"C2"
0.25,4,"Selected: kmin","Noise SD = 0.25",9,-1.12573819015124,2.18669807225455,0.579310150118545,"C2"
0.25,4,"Selected: kmin","Noise SD = 0.25",10,-1.21007278677684,1.81506844012096,0.622002283344045,"C2"
0.25,4,"Selected: kmin","Noise SD = 0.25",11,-1.21919404482707,-0.152419401319482,0.729925628518686,"C2"
0.25,4,"Selected: kmin","Noise SD = 0.25",12,-1.12671919200548,-1.32562976268765,0.806193429743871,"C2"
0.25,4,"Selected: kmin","Noise SD = 0.25",13,0.541901794740442,1.60266302717571,0.0309129566885531,"C2"
0.25,4,"Selected: kmin","Noise SD = 0.25",14,-0.273862352129786,0.446439026008735,0.465288266539574,"C2"
0.25,4,"Selected: kmin","Noise SD = 0.25",15,-1.08389944977155,0.570344250876347,0.496334829134867,"C2"
0.25,4,"Selected: kmin","Noise SD = 0.25",16,1.33669091713728,-0.538847403904385,0.206122397910804,"C2"
0.25,4,"Selected: kmin","Noise SD = 0.25",17,-0.567638725786214,0.458915555652553,0.460400955285877,"C2"
0.25,4,"Selected: kmin","Noise SD = 0.25",18,-0.666951455900609,0.188439329105593,0.482846714323387,"C2"
0.25,4,"Selected: kmin","Noise SD = 0.25",19,0.237245648573035,-1.81232517016987,0.897089458769187,"C2"
0.25,4,"Selected: kmin","Noise SD = 0.25",20,1.11443847105892,0.372897276068054,0.138356370152906,"C2"
0.25,4,"Selected: kmin","Noise SD = 0.25",21,0.796305957892616,-0.867663263000599,0.314858996775001,"C2"
0.25,4,"Selected: kmin","Noise SD = 0.25",22,-1.11131942537147,1.37453401420297,0.51057206466794,"C2"
0.25,4,"Selected: kmin","Noise SD = 0.25",23,-1.13572732872075,-0.403179349677662,0.729390932014212,"C2"
0.25,4,"Selected: kmin","Noise SD = 0.25",24,-1.4769954681885,2.34444575894784,0.600904693361372,"C2"
0.25,4,"Selected: kmin","Noise SD = 0.25",25,-0.664599606551695,0.0842972601371642,0.454613883746788,"C2"
0.25,4,"Selected: kmin","Noise SD = 0.25",26,0.8487557186198,0.588778783746939,0.113483893685043,"C2"
0.25,4,"Selected: kmin","Noise SD = 0.25",27,1.45787572569583,0.0765268371265738,0.151617694413289,"C2"
0.25,4,"Selected: kmin","Noise SD = 0.25",28,0.540663349150971,2.40239797842761,0.0271460183430463,"C2"
0.25,4,"Selected: kmin","Noise SD = 0.25",29,-1.47955032201164,0.240482636813405,0.717225887347013,"C2"
0.25,4,"Selected: kmin","Noise SD = 0.25",30,-0.655259776187799,1.83122345476217,0.579665700439364,"C2"
0.25,4,"Selected: kmin","Noise SD = 0.25",31,-1.54595877047591,-1.07780990473598,0.777791964821517,"C2"
0.25,4,"Selected: kmin","Noise SD = 0.25",32,-0.949189429622497,1.93533689706668,0.54650466889143,"C2"
0.25,4,"Selected: kmin","Noise SD = 0.25",33,0.484119407596584,2.35393435789807,0.0376187835354358,"C2"
0.25,4,"Selected: kmin","Noise SD = 0.25",34,1.34458849796914,-0.380387185520121,0.209671256830916,"C2"
0.25,4,"Selected: kmin","Noise SD = 0.25",35,1.24769611867302,0.082073285414094,0.171383886132389,"C2"
0.25,4,"Selected: kmin","Noise SD = 0.25",36,0.451685061459338,2.07822356894471,0.033667185343802,"C2"
0.25,4,"Selected: kmin","Noise SD = 0.25",37,-1.85313047651819,-0.0363112014093012,0.722593151964247,"C2"
0.25,4,"Selected: kmin","Noise SD = 0.25",38,1.26602277158484,-0.993927039904526,0.291781231062487,"C2"
0.25,4,"Selected: kmin","Noise SD = 0.25",39,0.683136444743537,-0.261555347251159,0.147549621528015,"C2"
0.25,4,"Selected: kmin","Noise SD = 0.25",40,-0.634500787229738,1.20605245865579,0.550399734638631,"C2"
0.25,4,"Selected: kmin","Noise SD = 0.25",41,-1.21970559615188,1.80760064440913,0.537454262608662,"C2"
0.25,4,"Selected: kmin","Noise SD = 0.25",42,0.622749781538668,1.15656766051603,0.0483221001923084,"C2"
0.25,4,"Selected: kmin","Noise SD = 0.25",43,1.07555563427684,-0.678814099400788,0.299227858427912,"C2"
0.25,4,"Selected: kmin","Noise SD = 0.25",44,0.507453712283872,-1.88823019470605,0.917331561213359,"C2"
0.25,4,"Selected: kmin","Noise SD = 0.25",45,0.474964526515869,2.15507564339315,0.0149344548117369,"C1"
0.25,4,"Selected: kmin","Noise SD = 0.25",46,0.627931705088134,2.5690497598116,0.00744169089011848,"C1"
0.25,4,"Selected: kmin","Noise SD = 0.25",47,-0.525862085388232,-1.76257837693306,0.830173080321401,"C2"
0.25,4,"Selected: kmin","Noise SD = 0.25",48,-0.788819967810161,0.477990044531175,0.49288191832602,"C2"
0.25,4,"Selected: kmin","Noise SD = 0.25",49,-0.742577030696084,0.65709335479543,0.487459625350311,"C2"
0.25,4,"Selected: kmin","Noise SD = 0.25",50,0.246196575678189,-0.830056721813391,0.358126984676346,"C2"
0.25,4,"Selected: kmin","Noise SD = 0.25",51,1.40312429346508,-0.731783349440608,0.259190891170874,"C2"
0.25,4,"Selected: kmin","Noise SD = 0.25",52,1.39541312153631,0.0605576701477021,0.17965303780511,"C2"
0.25,4,"Selected: kmin","Noise SD = 0.25",53,1.84884783972022,-0.596105960506996,0.266202436992899,"C2"
0.25,4,"Selected: kmin","Noise SD = 0.25",54,-1.10397740992568,2.090944698669,0.589536999119446,"C2"
0.25,4,"Selected: kmin","Noise SD = 0.25",55,-0.915436995505912,-1.84899487279992,0.807724132435396,"C2"
0.25,4,"Selected: kmin","Noise SD = 0.25",56,1.68174973754558,-0.866172636022114,0.976915959035978,"C2"
0.25,4,"Selected: kmin","Noise SD = 0.25",57,1.42574209236311,0.261520320255219,0.154509680345654,"C2"
0.25,4,"Selected: kmin","Noise SD = 0.25",58,-1.25103045034411,-1.20575261643185,0.810300270095468,"C2"
0.25,4,"Selected: kmin","Noise SD = 0.25",59,-0.778650349105362,0.858399763845572,0.473336021881551,"C2"
0.25,4,"Selected: kmin","Noise SD = 0.25",60,-0.0916172977791688,-2.09158070648828,0.878982509952039,"C2"
0.25,4,"Selected: kmin","Noise SD = 0.25",61,0.521733482777266,-1.17049801309803,0.365110938902944,"C2"
0.25,4,"Selected: kmin","Noise SD = 0.25",62,-1.73359168061776,0.0688665552528768,0.71370889688842,"C2"
0.25,4,"Selected: kmin","Noise SD = 0.25",63,0.609892547014906,-0.830969188986938,0.301270701223984,"C2"
0.25,4,"Selected: kmin","Noise SD = 0.25",64,0.450654874929301,1.05510609216682,0.0611295851413161,"C2"
0.25,4,"Selected: kmin","Noise SD = 0.25",65,-0.844173082761518,-0.0664024404622168,0.452645275276154,"C2"
0.25,4,"Selected: kmin","Noise SD = 0.25",66,-1.41338454025613,0.563463978371527,0.702297183917835,"C2"
0.25,4,"Selected: kmin","Noise SD = 0.25",67,0.391430218705688,2.36598818032742,0.0222509992308915,"C1"
0.25,4,"Selected: kmin","Noise SD = 0.25",68,1.08870104022287,0.330507173745406,0.135807921877131,"C2"
0.25,4,"Selected: kmin","Noise SD = 0.25",69,1.47671793904092,-0.946132655306452,0.981532560195774,"C2"
0.25,4,"Selected: kmin","Noise SD = 0.25",70,0.50126653421876,-1.02905761306966,0.358425584156066,"C2"
0.25,4,"Selected: kmin","Noise SD = 0.25",71,1.68069490081447,0.267330258100062,0.159138856688514,"C2"
0.25,4,"Selected: kmin","Noise SD = 0.25",72,0.751951715884812,1.2676798747712,0.0629803079646081,"C2"
0.25,4,"Selected: kmin","Noise SD = 0.25",73,0.928253244309677,0.455684365450404,0.105687235482037,"C2"
0.25,4,"Selected: kmin","Noise SD = 0.25",74,0.381103857272747,1.27072112913805,0.0638794819824398,"C2"
0.25,4,"Selected: kmin","Noise SD = 0.25",75,-0.960681230623371,-0.743587975054915,0.811134418938309,"C2"
0.25,4,"Selected: kmin","Noise SD = 0.25",76,-0.539229743755678,-1.73763865373823,0.854919226141647,"C2"
0.25,4,"Selected: kmin","Noise SD = 0.25",77,1.23323182781669,-0.132468527630834,0.202711365418509,"C2"
0.25,4,"Selected: kmin","Noise SD = 0.25",78,1.38861702973186,-0.568634279388234,0.300404587062076,"C2"
0.25,4,"Selected: kmin","Noise SD = 0.25",79,1.61626470127998,0.065975070719153,0.171784743200988,"C2"
0.25,4,"Selected: kmin","Noise SD = 0.25",80,-1.34063191970146,-1.73240500041807,0.808894120389596,"C2"
0.25,4,"Selected: kmin","Noise SD = 0.25",81,1.03757634908853,-0.700118188981894,0.278763446956873,"C2"
0.25,4,"Selected: kmin","Noise SD = 0.25",82,0.698782054805088,-0.960337999118939,0.353854389162734,"C2"
0.25,4,"Selected: kmin","Noise SD = 0.25",83,1.7847736597193,-1.00586541641634,0.978703966364264,"C2"
0.25,4,"Selected: kmin","Noise SD = 0.25",84,1.0167253402353,0.479236145208018,0.124067442724481,"C2"
0.25,4,"Selected: kmin","Noise SD = 0.25",85,1.31111868605701,-0.405474992743285,0.177501240512356,"C2"
0.25,4,"Selected: kmin","Noise SD = 0.25",86,-0.542410835821307,1.28931581905876,0.526823487365618,"C2"
0.25,4,"Selected: kmin","Noise SD = 0.25",87,-0.765205051430881,2.15672143287455,0.594782846281305,"C2"
0.25,4,"Selected: kmin","Noise SD = 0.25",88,0.895847387256806,-1.01570940729247,0.328176378039643,"C2"
0.25,4,"Selected: kmin","Noise SD = 0.25",89,0.241793994531843,2.25497722037328,0.0126899401657283,"C1"
0.25,4,"Selected: kmin","Noise SD = 0.25",90,-0.307580756873932,0.0250865325323794,0.446737228427082,"C2"
0.25,4,"Selected: kmin","Noise SD = 0.25",91,-1.32057453272293,-0.069508816500006,0.726764942752197,"C2"
0.25,4,"Selected: kmin","Noise SD = 0.25",92,-0.525274559973627,0.742268484109868,0.465251622954383,"C2"
0.25,4,"Selected: kmin","Noise SD = 0.25",93,0.950469140809146,-0.421155403897917,0.218806670745835,"C2"
0.25,4,"Selected: kmin","Noise SD = 0.25",94,0.242729396130107,-2.18765046495689,0.891306948848069,"C2"
0.25,4,"Selected: kmin","Noise SD = 0.25",95,0.25817389165901,-1.08739509640749,0.358234190614894,"C2"
0.25,4,"Selected: kmin","Noise SD = 0.25",96,1.35946630451578,-0.0862366744520971,0.196859565796331,"C2"
0.25,4,"Selected: kmin","Noise SD = 0.25",97,0.588544677784764,-0.925788692639109,0.345781859476119,"C2"
0.25,4,"Selected: kmin","Noise SD = 0.25",98,1.50890573164176,-0.910771335402927,0.964952562004328,"C2"
0.25,4,"Selected: kmin","Noise SD = 0.25",99,-0.0331062106904397,-0.718849776103497,0.371035319520161,"C2"
0.25,4,"Selected: kmin","Noise SD = 0.25",100,1.42907900351733,-0.536352333329135,0.219203646527603,"C2"
0.25,4,"Selected: kmin","Noise SD = 0.25",101,-1.18989020788383,-1.13211100089171,0.807401564205065,"C2"
0.25,4,"Selected: kmin","Noise SD = 0.25",102,-0.800104908603369,0.612143499503765,0.488820852711797,"C2"
0.25,4,"Selected: kmin","Noise SD = 0.25",103,-0.46703992702897,0.317181870790753,0.489239622838795,"C2"
0.25,4,"Selected: kmin","Noise SD = 0.25",104,-1.5536905002672,1.0071139138875,0.675086630042642,"C2"
0.25,4,"Selected: kmin","Noise SD = 0.25",105,1.45801689414519,0.380510379913107,0.185927418759093,"C2"
0.25,4,"Selected: kmin","Noise SD = 0.25",106,-1.45967736272252,0.184385838040027,0.719899991992861,"C2"
0.25,4,"Selected: kmin","Noise SD = 0.25",107,-0.797309541275508,-2.13202276820659,0.840139389270917,"C2"
0.25,4,"Selected: kmin","Noise SD = 0.25",108,0.993382122465859,0.811882006967883,0.0936737225856632,"C2"
0.25,4,"Selected: kmin","Noise SD = 0.25",109,1.06204288252238,-0.0466206258372721,0.133716177195311,"C2"
0.25,4,"Selected: kmin","Noise SD = 0.25",110,0.0480080537327122,-0.577638242207823,0.44627738231793,"C2"
0.25,4,"Selected: kmin","Noise SD = 0.25",111,-1.23854336104345,0.781778293044824,0.702215530676767,"C2"
0.25,4,"Selected: kmin","Noise SD = 0.25",112,0.632557286294468,-1.67922649008092,0.92291100951843,"C2"
0.25,4,"Selected: kmin","Noise SD = 0.25",113,0.879784407558255,0.354706144293208,0.0888825617730618,"C2"
0.25,4,"Selected: kmin","Noise SD = 0.25",114,-1.70275215645948,0.637066336064089,0.702851514099166,"C2"
0.25,4,"Selected: kmin","Noise SD = 0.25",115,-0.930271969696908,0.500806016209405,0.46615297649987,"C2"
0.25,4,"Selected: kmin","Noise SD = 0.25",116,-1.02239015023221,1.31086964709388,0.524440453154966,"C2"
0.25,4,"Selected: kmin","Noise SD = 0.25",117,-0.117330494437547,-2.06158945687584,0.883076469646767,"C2"
0.25,4,"Selected: kmin","Noise SD = 0.25",118,0.969220723775652,-1.90654524362605,0.919530816143379,"C2"
0.25,4,"Selected: kmin","Noise SD = 0.25",119,1.56223265612593,-0.652004073902473,0.218163246056065,"C2"
0.25,4,"Selected: kmin","Noise SD = 0.25",120,1.63618476665388,-0.521562624275121,0.235670982860029,"C2"
0.25,4,"Selected: kmin","Noise SD = 0.25",121,1.39420866859543,-0.5774983966021,0.242982234340161,"C2"
0.25,4,"Selected: kmin","Noise SD = 0.25",122,0.116614785104957,2.14532866781731,0.0355256006587297,"C2"
0.25,4,"Selected: kmin","Noise SD = 0.25",123,0.340558684409228,-1.68091842649565,0.928511262871325,"C2"
0.25,4,"Selected: kmin","Noise SD = 0.25",124,-0.773639447338224,1.03300264311448,0.501775671029463,"C2"
0.25,4,"Selected: kmin","Noise SD = 0.25",125,-2.24702823747212,0.313244436243458,0.707239287206903,"C2"
0.25,4,"Selected: kmin","Noise SD = 0.25",126,-1.4705488308022,1.61060589218431,0.599933189572766,"C2"
0.25,4,"Selected: kmin","Noise SD = 0.25",127,-0.987636230829434,-0.528494511699788,0.756396918790415,"C2"
0.25,4,"Selected: kmin","Noise SD = 0.25",128,1.13748423245982,-0.51489903726083,0.26721472828649,"C2"
0.25,4,"Selected: kmin","Noise SD = 0.25",129,1.65179059415568,-0.348259732443892,0.229000388411805,"C2"
0.25,4,"Selected: kmin","Noise SD = 0.25",130,-1.18755313697307,2.57003984762091,0.600737662054598,"C2"
0.25,4,"Selected: kmin","Noise SD = 0.25",131,-1.07968225863322,2.06125311188485,0.59024479938671,"C2"
0.25,4,"Selected: kmin","Noise SD = 0.25",132,0.466894009902228,-1.64267707753651,0.927260796073824,"C2"
0.25,4,"Selected: kmin","Noise SD = 0.25",133,-1.78845555629134,2.31845275545724,0.625687938183546,"C2"
0.25,4,"Selected: kmin","Noise SD = 0.25",134,1.22951260112724,0.0408827976221585,0.190271869068965,"C2"
0.25,4,"Selected: kmin","Noise SD = 0.25",135,-1.483410844149,0.38826254132438,0.708617713302374,"C2"
0.25,4,"Selected: kmin","Noise SD = 0.25",136,1.16528980721658,-0.746733323915395,0.299166257958859,"C2"
0.25,4,"Selected: kmin","Noise SD = 0.25",137,-0.48685665701206,-2.16594397362542,0.86330534121953,"C2"
0.25,4,"Selected: kmin","Noise SD = 0.25",138,-1.12439704818292,1.45270867949178,0.659891549265012,"C2"
0.25,4,"Selected: kmin","Noise SD = 0.25",139,-1.19960092881797,-1.93728713382168,0.83842443744652,"C2"
0.25,4,"Selected: kmin","Noise SD = 0.25",140,-1.46385820279563,0.719846447848979,0.688260046532378,"C2"
0.25,4,"Selected: kmin","Noise SD = 0.25",141,-0.712213801826845,1.17569330396265,0.512845787452534,"C2"
0.25,4,"Selected: kmin","Noise SD = 0.25",142,1.41540631977247,-0.32191420406325,0.204242422012612,"C2"
0.25,4,"Selected: kmin","Noise SD = 0.25",143,-0.502260056172893,0.496391806370891,0.48894941364415,"C2"
0.25,4,"Selected: kmin","Noise SD = 0.25",144,-0.999406394607148,1.46002469082474,0.540380778256804,"C2"
0.25,4,"Selected: kmin","Noise SD = 0.25",145,0.38511322359494,-1.18591615778626,0.371972574153915,"C2"
0.25,4,"Selected: kmin","Noise SD = 0.25",146,-1.570112641536,0.00784154826924427,0.751868466846645,"C2"
0.25,4,"Selected: kmin","Noise SD = 0.25",147,-1.20913740312458,2.41826446001543,0.54270679387264,"C2"
0.25,4,"Selected: kmin","Noise SD = 0.25",148,0.947554980482968,-0.935966675842089,0.273709014290944,"C2"
0.25,4,"Selected: kmin","Noise SD = 0.25",149,0.113009747814429,2.54363532868661,0.0082406906876713,"C1"
0.25,4,"Selected: kmin","Noise SD = 0.25",150,0.760003711628276,1.04118575118056,0.0687518047634512,"C2"
0.25,4,"Selected: kmin","Noise SD = 0.25",151,-0.244788091208298,0.46009266906205,0.482838751748204,"C2"
0.25,4,"Selected: kmin","Noise SD = 0.25",152,0.649009427451881,-1.17659549304958,0.272195026511326,"C2"
0.25,4,"Selected: kmin","Noise SD = 0.25",153,0.915032812543418,-0.245522023484873,0.264095493126661,"C2"
0.25,4,"Selected: kmin","Noise SD = 0.25",154,1.2841204259532,-0.117216411034733,0.141081128036603,"C2"
0.25,4,"Selected: kmin","Noise SD = 0.25",155,1.51058634958363,-0.490188726875386,0.236761612351984,"C2"
0.25,4,"Selected: kmin","Noise SD = 0.25",156,-1.72558359300595,-0.571291902915067,0.747640934074298,"C2"
0.25,4,"Selected: kmin","Noise SD = 0.25",157,-1.26904061189086,-0.923440088738445,0.800109896808863,"C2"
0.25,4,"Selected: kmin","Noise SD = 0.25",158,0.58487010649349,0.670935726745374,0.115691552171484,"C2"
0.25,4,"Selected: kmin","Noise SD = 0.25",159,-1.63303058243404,-1.05217994250419,0.775464338017628,"C2"
0.25,4,"Selected: kmin","Noise SD = 0.25",160,0.969181812806825,-0.981590865546556,0.309081808663905,"C2"
0.25,4,"Selected: kmin","Noise SD = 0.25",161,0.406723347705048,-1.6778999264536,0.909715083660558,"C2"
0.25,4,"Selected: kmin","Noise SD = 0.25",162,0.86751473326232,0.42732173779071,0.189414444612339,"C2"
0.25,4,"Selected: kmin","Noise SD = 0.25",163,0.965815517254538,-1.2089071024099,0.313827242003754,"C2"
0.25,4,"Selected: kmin","Noise SD = 0.25",164,0.395575622433598,1.77923743789483,0.0480910493060946,"C2"
0.25,4,"Selected: kmin","Noise SD = 0.25",165,-1.16335863416922,-0.964865418658287,0.779620272573084,"C2"
0.25,4,"Selected: kmin","Noise SD = 0.25",166,-0.909210585890675,0.775794109200702,0.491361290216446,"C2"
0.25,4,"Selected: kmin","Noise SD = 0.25",167,-0.963898265369107,-1.28043568244237,0.83509817160666,"C2"
0.25,4,"Selected: kmin","Noise SD = 0.25",168,0.838275567479529,1.22563510756229,0.0761853891890496,"C2"
0.25,4,"Selected: kmin","Noise SD = 0.25",169,1.30797363098621,-0.89172611591464,0.279957720311359,"C2"
0.25,4,"Selected: kmin","Noise SD = 0.25",170,-1.33729984269795,1.68747635267585,0.63283795514144,"C2"
0.25,4,"Selected: kmin","Noise SD = 0.25",171,-1.21583596217479,-0.664879312905401,0.74635539832525,"C2"
0.25,4,"Selected: kmin","Noise SD = 0.25",172,-1.4495553222971,0.0787148237034999,0.722740790341049,"C2"
0.25,4,"Selected: kmin","Noise SD = 0.25",173,1.75820458629981,-0.647606002280263,0.246118342736736,"C2"
0.25,4,"Selected: kmin","Noise SD = 0.25",174,1.68521975633489,-0.165918952313282,0.201949303038418,"C2"
0.25,4,"Selected: kmin","Noise SD = 0.25",175,-0.706847778528712,1.76983580697145,0.55659376992844,"C2"
0.25,4,"Selected: kmin","Noise SD = 0.25",176,0.934841345565548,1.04799323605406,0.0934528792276978,"C2"
0.25,4,"Selected: kmin","Noise SD = 0.25",177,1.59526585435698,0.0617370614015526,0.15237533999607,"C2"
0.25,4,"Selected: kmin","Noise SD = 0.25",178,-0.903066009909931,0.306756126495741,0.476137351477519,"C2"
0.25,4,"Selected: kmin","Noise SD = 0.25",179,0.815673733845872,-1.18685031524768,0.328140031779185,"C2"
0.25,4,"Selected: kmin","Noise SD = 0.25",180,-0.534023940921351,-1.70665689540843,0.855659369379282,"C2"
0.25,4,"Selected: kmin","Noise SD = 0.25",181,0.741772746821525,-1.27992818935529,0.334354943595827,"C2"
0.25,4,"Selected: kmin","Noise SD = 0.25",182,0.631004544500918,-0.20301055389023,0.278659163974226,"C2"
0.25,4,"Selected: kmin","Noise SD = 0.25",183,-0.597147083617364,0.0598271128857204,0.440978627186269,"C2"
0.25,4,"Selected: kmin","Noise SD = 0.25",184,-0.300330816416588,-0.106539587043528,0.4400251689367,"C2"
0.25,4,"Selected: kmin","Noise SD = 0.25",185,1.95103904855048,-0.680382504266951,0.977296904427931,"C2"
0.25,4,"Selected: kmin","Noise SD = 0.25",186,1.21665227396356,-0.214808725482664,0.145238904282451,"C2"
0.25,4,"Selected: kmin","Noise SD = 0.25",187,-0.32545508797057,-1.4274325734352,0.84270612988621,"C2"
0.25,4,"Selected: kmin","Noise SD = 0.25",188,0.386630329459929,1.18759789768119,0.0419193957932293,"C2"
0.25,4,"Selected: kmin","Noise SD = 0.25",189,0.954797878815438,0.0801595171376324,0.116735716816038,"C2"
0.25,4,"Selected: kmin","Noise SD = 0.25",190,-0.901414721322821,-1.48954585572392,0.818037616787478,"C2"
0.25,4,"Selected: kmin","Noise SD = 0.25",191,-1.6110469574661,0.648344688551496,0.71833058539778,"C2"
0.25,4,"Selected: kmin","Noise SD = 0.25",192,1.49635297334242,-0.432260642427689,0.226031198399141,"C2"
0.25,4,"Selected: kmin","Noise SD = 0.25",193,0.535820227058913,-0.984158336959447,0.340148094110191,"C2"
0.25,4,"Selected: kmin","Noise SD = 0.25",194,0.525712859564666,-0.745530257687313,0.356579177780077,"C2"
0.25,4,"Selected: kmin","Noise SD = 0.25",195,-1.12470525909938,-0.450123233637084,0.754153728717938,"C2"
0.25,4,"Selected: kmin","Noise SD = 0.25",196,0.310877638411415,-0.886000224438123,0.324936339398846,"C2"
0.25,4,"Selected: kmin","Noise SD = 0.25",197,-1.12875149397267,1.57480642164206,0.526243726024404,"C2"
0.25,4,"Selected: kmin","Noise SD = 0.25",198,0.565150852513504,-1.44866564253794,0.916579271433875,"C2"
0.25,4,"Selected: kmin","Noise SD = 0.25",199,0.181949142393623,-0.519418268672349,0.371524909744039,"C2"
0.25,4,"Selected: kmin","Noise SD = 0.25",200,1.14305721916461,-1.54280972656716,0.947080062935129,"C2"
0.01,6,"Before: kmin - 1","Noise SD = 0.01",1,0.791655054679111,-1.60440847430292,0.934602960711345,"C1"
0.01,6,"Before: kmin - 1","Noise SD = 0.01",2,-1.3905046465903,1.64540778913669,0.640336565673351,"C1"
0.01,6,"Before: kmin - 1","Noise SD = 0.01",3,-0.989406865357633,1.53395214972014,0.539774174569175,"C2"
0.01,6,"Before: kmin - 1","Noise SD = 0.01",4,1.23703437972403,-0.725587603140578,0.266568574821576,"C1"
0.01,6,"Before: kmin - 1","Noise SD = 0.01",5,0.890064426322462,0.684616567136357,0.096566071966663,"C1"
0.01,6,"Before: kmin - 1","Noise SD = 0.01",6,1.18466912784665,0.268306594648493,0.133909621974453,"C1"
0.01,6,"Before: kmin - 1","Noise SD = 0.01",7,1.4883438667667,-0.344684412340144,0.211279006209224,"C1"
0.01,6,"Before: kmin - 1","Noise SD = 0.01",8,1.10639791424727,-1.43261385181614,0.94865017477423,"C1"
0.01,6,"Before: kmin - 1","Noise SD = 0.01",9,-1.16981136748755,1.89285623150282,0.579310150118545,"C1"
0.01,6,"Before: kmin - 1","Noise SD = 0.01",10,-1.31886843833471,1.81489639657264,0.622002283344045,"C1"
0.01,6,"Before: kmin - 1","Noise SD = 0.01",11,-1.42173509223983,0.0306904952410491,0.729925628518686,"C1"
0.01,6,"Before: kmin - 1","Noise SD = 0.01",12,-1.06594310707945,-1.36298702252144,0.806193429743871,"C1"
0.01,6,"Before: kmin - 1","Noise SD = 0.01",13,0.36247726817837,1.96867060921318,0.0309129566885531,"C1"
0.01,6,"Before: kmin - 1","Noise SD = 0.01",14,-0.550931638600446,0.342864440369524,0.465288266539574,"C2"
0.01,6,"Before: kmin - 1","Noise SD = 0.01",15,-0.776934141431346,0.864449123162919,0.496334829134867,"C2"
0.01,6,"Before: kmin - 1","Noise SD = 0.01",16,1.47848661707329,-0.317408613136584,0.206122397910804,"C1"
0.01,6,"Before: kmin - 1","Noise SD = 0.01",17,-0.52944496120475,0.262510636994288,0.460400955285877,"C2"
0.01,6,"Before: kmin - 1","Noise SD = 0.01",18,-0.679763871517268,0.626176417100783,0.482846714323387,"C2"
0.01,6,"Before: kmin - 1","Noise SD = 0.01",19,0.0870557888422923,-1.86175941934763,0.897089458769187,"C1"
0.01,6,"Before: kmin - 1","Noise SD = 0.01",20,1.22763231796426,0.219877478110281,0.138356370152906,"C1"
0.01,6,"Before: kmin - 1","Noise SD = 0.01",21,0.835704828837331,-0.917967286484666,0.314858996775001,"C1"
0.01,6,"Before: kmin - 1","Noise SD = 0.01",22,-0.857323010537344,1.12254737067727,0.51057206466794,"C2"
0.01,6,"Before: kmin - 1","Noise SD = 0.01",23,-1.41935209489713,0.0313616184798644,0.729390932014212,"C1"
0.01,6,"Before: kmin - 1","Noise SD = 0.01",24,-1.26168416838341,1.92999416318425,0.600904693361372,"C1"
0.01,6,"Before: kmin - 1","Noise SD = 0.01",25,-0.49294364379027,0.152968502198109,0.454613883746788,"C2"
0.01,6,"Before: kmin - 1","Noise SD = 0.01",26,1.035120478586,0.477270048273849,0.113483893685043,"C1"
0.01,6,"Before: kmin - 1","Noise SD = 0.01",27,1.32326545266431,0.0962891882343496,0.151617694413289,"C1"
0.01,6,"Before: kmin - 1","Noise SD = 0.01",28,0.337253454410397,2.09848994539962,0.0271460183430463,"C1"
0.01,6,"Before: kmin - 1","Noise SD = 0.01",29,-1.45000347102946,0.300106590191768,0.717225887347013,"C1"
0.01,6,"Before: kmin - 1","Noise SD = 0.01",30,-1.15234118073033,1.88012803382136,0.579665700439364,"C1"
0.01,6,"Before: kmin - 1","Noise SD = 0.01",31,-1.26796015736992,-0.918201744635905,0.777791964821517,"C1"
0.01,6,"Before: kmin - 1","Noise SD = 0.01",32,-1.02735990724391,1.62688980009158,0.54650466889143,"C2"
0.01,6,"Before: kmin - 1","Noise SD = 0.01",33,0.407084940344871,1.83268486693741,0.0376187835354358,"C1"
0.01,6,"Before: kmin - 1","Noise SD = 0.01",34,1.47674525369782,-0.33577677474264,0.209671256830916,"C1"
0.01,6,"Before: kmin - 1","Noise SD = 0.01",35,1.41011543812664,-0.0521743817397355,0.171383886132389,"C1"
0.01,6,"Before: kmin - 1","Noise SD = 0.01",36,0.377826921381724,1.91825720375599,0.033667185343802,"C1"
0.01,6,"Before: kmin - 1","Noise SD = 0.01",37,-1.45861857252666,0.182036701859301,0.722593151964247,"C1"
0.01,6,"Before: kmin - 1","Noise SD = 0.01",38,1.05893851423524,-0.853671416741808,0.291781231062487,"C1"
0.01,6,"Before: kmin - 1","Noise SD = 0.01",39,1.26851609781544,0.115803534901473,0.147549621528015,"C1"
0.01,6,"Before: kmin - 1","Noise SD = 0.01",40,-1.03204449133272,1.63905902513473,0.550399734638631,"C2"
0.01,6,"Before: kmin - 1","Noise SD = 0.01",41,-0.99670407665557,1.51625348376207,0.537454262608662,"C2"
0.01,6,"Before: kmin - 1","Noise SD = 0.01",42,0.492335216663692,1.54036331255786,0.0483221001923084,"C1"
0.01,6,"Before: kmin - 1","Noise SD = 0.01",43,0.98803345697334,-0.868437354690342,0.299227858427912,"C1"
0.01,6,"Before: kmin - 1","Noise SD = 0.01",44,0.453984126994276,-1.76622796803104,0.917331561213359,"C1"
0.01,6,"Before: kmin - 1","Noise SD = 0.01",45,0.259722318331844,2.4293635097053,0.0149344548117369,"C1"
0.01,6,"Before: kmin - 1","Noise SD = 0.01",46,0.22562926168827,2.67372108627695,0.00744169089011848,"C1"
0.01,6,"Before: kmin - 1","Noise SD = 0.01",47,-0.82884456907279,-1.64731178129699,0.830173080321401,"C1"
0.01,6,"Before: kmin - 1","Noise SD = 0.01",48,-0.745035275612219,0.804257123106772,0.49288191832602,"C2"
0.01,6,"Before: kmin - 1","Noise SD = 0.01",49,-0.710924248843028,0.72179499070364,0.487459625350311,"C2"
0.01,6,"Before: kmin - 1","Noise SD = 0.01",50,0.389068111276389,-0.896221728412941,0.358126984676346,"C1"
0.01,6,"Before: kmin - 1","Noise SD = 0.01",51,1.30064705679163,-0.679054765121071,0.259190891170874,"C1"
0.01,6,"Before: kmin - 1","Noise SD = 0.01",52,1.44449478192701,-0.111207152178988,0.17965303780511,"C1"
0.01,6,"Before: kmin - 1","Noise SD = 0.01",53,1.27412564305009,-0.7140849861558,0.266202436992899,"C1"
0.01,6,"Before: kmin - 1","Noise SD = 0.01",54,-1.20681446667799,1.91921356816935,0.589536999119446,"C1"
0.01,6,"Before: kmin - 1","Noise SD = 0.01",55,-1.0454723826748,-1.40382935192576,0.807724132435396,"C1"
0.01,6,"Before: kmin - 1","Noise SD = 0.01",56,1.80130187558457,-0.966058851988321,0.976915959035978,"C1"
0.01,6,"Before: kmin - 1","Noise SD = 0.01",57,1.33807432142812,0.0807903540187698,0.154509680345654,"C1"
0.01,6,"Before: kmin - 1","Noise SD = 0.01",58,-1.03818508827191,-1.4107281285953,0.810300270095468,"C1"
0.01,6,"Before: kmin - 1","Noise SD = 0.01",59,-0.624169785351624,0.493703121878217,0.473336021881551,"C2"
0.01,6,"Before: kmin - 1","Noise SD = 0.01",60,-0.209222076739754,-1.89554736327841,0.878982509952039,"C1"
0.01,6,"Before: kmin - 1","Noise SD = 0.01",61,0.330278740733449,-0.884078281356252,0.365110938902944,"C1"
0.01,6,"Before: kmin - 1","Noise SD = 0.01",62,-1.46337628922342,0.362985265836468,0.71370889688842,"C1"
0.01,6,"Before: kmin - 1","Noise SD = 0.01",63,0.951559958172504,-0.881242611943978,0.301270701223984,"C1"
0.01,6,"Before: kmin - 1","Noise SD = 0.01",64,0.586842049816644,1.27489962944375,0.0611295851413161,"C1"
0.01,6,"Before: kmin - 1","Noise SD = 0.01",65,-0.486133770449506,0.115142313293675,0.452645275276154,"C2"
0.01,6,"Before: kmin - 1","Noise SD = 0.01",66,-1.45610021052253,0.605743740553398,0.702297183917835,"C1"
0.01,6,"Before: kmin - 1","Noise SD = 0.01",67,0.299967938089628,2.22921915854121,0.0222509992308915,"C1"
0.01,6,"Before: kmin - 1","Noise SD = 0.01",68,1.20948863963564,0.241101713011513,0.135807921877131,"C1"
0.01,6,"Before: kmin - 1","Noise SD = 0.01",69,1.91006251180997,-0.880112564500144,0.981532560195774,"C1"
0.01,6,"Before: kmin - 1","Noise SD = 0.01",70,0.396280587114793,-0.903222227715086,0.358425584156066,"C1"
0.01,6,"Before: kmin - 1","Noise SD = 0.01",71,1.37257806155623,0.0452886105604026,0.159138856688514,"C1"
0.01,6,"Before: kmin - 1","Noise SD = 0.01",72,0.613953585537641,1.2482621647937,0.0629803079646081,"C1"
0.01,6,"Before: kmin - 1","Noise SD = 0.01",73,0.975962778148527,0.563271631121504,0.105687235482037,"C1"
0.01,6,"Before: kmin - 1","Noise SD = 0.01",74,0.606466161908455,1.23154158565978,0.0638794819824398,"C1"
0.01,6,"Before: kmin - 1","Noise SD = 0.01",75,-1.01973488094351,-1.40257049703878,0.811134418938309,"C1"
0.01,6,"Before: kmin - 1","Noise SD = 0.01",76,-0.552877132330815,-1.81838559613981,0.854919226141647,"C1"
0.01,6,"Before: kmin - 1","Noise SD = 0.01",77,1.47477591832249,-0.277481015931931,0.202711365418509,"C1"
0.01,6,"Before: kmin - 1","Noise SD = 0.01",78,0.990299843579886,-0.86794342193965,0.300404587062076,"C1"
0.01,6,"Before: kmin - 1","Noise SD = 0.01",79,1.42640551293469,-0.0556777555013134,0.171784743200988,"C1"
0.01,6,"Before: kmin - 1","Noise SD = 0.01",80,-1.0531491164361,-1.414120796412,0.808894120389596,"C1"
0.01,6,"Before: kmin - 1","Noise SD = 0.01",81,1.15288083051649,-0.784182535124623,0.278763446956873,"C1"
0.01,6,"Before: kmin - 1","Noise SD = 0.01",82,0.449981448529487,-0.913809866823636,0.353854389162734,"C1"
0.01,6,"Before: kmin - 1","Noise SD = 0.01",83,1.85043925741545,-0.937651566579684,0.978703966364264,"C1"
0.01,6,"Before: kmin - 1","Noise SD = 0.01",84,1.12293376682019,0.359784415262139,0.124067442724481,"C1"
0.01,6,"Before: kmin - 1","Noise SD = 0.01",85,1.4344267136579,-0.114857522848648,0.177501240512356,"C1"
0.01,6,"Before: kmin - 1","Noise SD = 0.01",86,-0.918394841273057,1.35659789391793,0.526823487365618,"C2"
0.01,6,"Before: kmin - 1","Noise SD = 0.01",87,-1.21197008399181,1.92664144837114,0.594782846281305,"C1"
0.01,6,"Before: kmin - 1","Noise SD = 0.01",88,0.712598071383528,-0.940862847017689,0.328176378039643,"C1"
0.01,6,"Before: kmin - 1","Noise SD = 0.01",89,0.237858123815155,2.5000643666591,0.0126899401657283,"C1"
0.01,6,"Before: kmin - 1","Noise SD = 0.01",90,-0.421880734484954,0.0247423080199319,0.446737228427082,"C2"
0.01,6,"Before: kmin - 1","Noise SD = 0.01",91,-1.4311743202696,0.0972700300149797,0.726764942752197,"C1"
0.01,6,"Before: kmin - 1","Noise SD = 0.01",92,-0.560741825848987,0.354088755114517,0.465251622954383,"C2"
0.01,6,"Before: kmin - 1","Noise SD = 0.01",93,1.44839471437078,-0.40107202636038,0.218806670745835,"C1"
0.01,6,"Before: kmin - 1","Noise SD = 0.01",94,-0.00674043084080655,-1.8906432109213,0.891306948848069,"C1"
0.01,6,"Before: kmin - 1","Noise SD = 0.01",95,0.388473554398348,-0.906172197536205,0.358234190614894,"C1"
0.01,6,"Before: kmin - 1","Noise SD = 0.01",96,1.47692920637719,-0.235289639969865,0.196859565796331,"C1"
0.01,6,"Before: kmin - 1","Noise SD = 0.01",97,0.526383183737502,-0.929111128290772,0.345781859476119,"C1"
0.01,6,"Before: kmin - 1","Noise SD = 0.01",98,1.50233348170497,-1.17815540946152,0.964952562004328,"C1"
0.01,6,"Before: kmin - 1","Noise SD = 0.01",99,0.249220181496205,-0.838569769487963,0.371035319520161,"C1"
0.01,6,"Before: kmin - 1","Noise SD = 0.01",100,1.46676140684455,-0.408440619784169,0.219203646527603,"C1"
0.01,6,"Before: kmin - 1","Noise SD = 0.01",101,-1.05900114623057,-1.37099101036018,0.807401564205065,"C1"
0.01,6,"Before: kmin - 1","Noise SD = 0.01",102,-0.721406028951284,0.742584600092096,0.488820852711797,"C2"
0.01,6,"Before: kmin - 1","Noise SD = 0.01",103,-0.710589071762724,0.737724279498155,0.489239622838795,"C2"
0.01,6,"Before: kmin - 1","Noise SD = 0.01",104,-1.44748484618967,1.11784534816384,0.675086630042642,"C1"
0.01,6,"Before: kmin - 1","Noise SD = 0.01",105,1.46351411531404,-0.141717511640231,0.185927418759093,"C1"
0.01,6,"Before: kmin - 1","Noise SD = 0.01",106,-1.44627408764126,0.244621718187837,0.719899991992861,"C1"
0.01,6,"Before: kmin - 1","Noise SD = 0.01",107,-0.735361764187197,-1.74422585629999,0.840139389270917,"C1"
0.01,6,"Before: kmin - 1","Noise SD = 0.01",108,0.879606641177868,0.733277159316506,0.0936737225856632,"C1"
0.01,6,"Before: kmin - 1","Noise SD = 0.01",109,1.19407736343806,0.245219734058929,0.133716177195311,"C1"
0.01,6,"Before: kmin - 1","Noise SD = 0.01",110,-0.404276200513582,-0.00659183458867582,0.44627738231793,"C2"
0.01,6,"Before: kmin - 1","Noise SD = 0.01",111,-1.44912009372449,0.616048085411851,0.702215530676767,"C1"
0.01,6,"Before: kmin - 1","Noise SD = 0.01",112,0.564626520707231,-1.71682486966723,0.92291100951843,"C1"
0.01,6,"Before: kmin - 1","Noise SD = 0.01",113,0.834996443390573,0.78267416803097,0.0888825617730618,"C1"
0.01,6,"Before: kmin - 1","Noise SD = 0.01",114,-1.46757350833014,0.598006995886468,0.702851514099166,"C1"
0.01,6,"Before: kmin - 1","Noise SD = 0.01",115,-0.582987549437059,0.359416864246558,0.46615297649987,"C2"
0.01,6,"Before: kmin - 1","Noise SD = 0.01",116,-0.925728886822963,1.32436847651486,0.524440453154966,"C2"
0.01,6,"Before: kmin - 1","Noise SD = 0.01",117,-0.149124623305972,-1.89456484892525,0.883076469646767,"C1"
0.01,6,"Before: kmin - 1","Noise SD = 0.01",118,0.513705052222184,-1.75150574480117,0.919530816143379,"C1"
0.01,6,"Before: kmin - 1","Noise SD = 0.01",119,1.47408577456555,-0.405829423157112,0.218163246056065,"C1"
0.01,6,"Before: kmin - 1","Noise SD = 0.01",120,1.42690858634618,-0.520786301343817,0.235670982860029,"C1"
0.01,6,"Before: kmin - 1","Noise SD = 0.01",121,1.38653610560465,-0.571501934025415,0.242982234340161,"C1"
0.01,6,"Before: kmin - 1","Noise SD = 0.01",122,0.377465708623064,1.87507136351112,0.0355256006587297,"C1"
0.01,6,"Before: kmin - 1","Noise SD = 0.01",123,0.662268403361307,-1.66958222393585,0.928511262871325,"C1"
0.01,6,"Before: kmin - 1","Noise SD = 0.01",124,-0.795495072241578,0.970798418549229,0.501775671029463,"C2"
0.01,6,"Before: kmin - 1","Noise SD = 0.01",125,-1.48794765443087,0.499915792913952,0.707239287206903,"C1"
0.01,6,"Before: kmin - 1","Noise SD = 0.01",126,-1.25809650789822,1.90202147959751,0.599933189572766,"C1"
0.01,6,"Before: kmin - 1","Noise SD = 0.01",127,-1.34101838625754,-0.505724838310065,0.756396918790415,"C1"
0.01,6,"Before: kmin - 1","Noise SD = 0.01",128,1.23894561378672,-0.716476652233814,0.26721472828649,"C1"
0.01,6,"Before: kmin - 1","Noise SD = 0.01",129,1.45067030744728,-0.468584692070029,0.229000388411805,"C1"
0.01,6,"Before: kmin - 1","Noise SD = 0.01",130,-1.2495350893996,1.93927488334093,0.600737662054598,"C1"
0.01,6,"Before: kmin - 1","Noise SD = 0.01",131,-1.20839446708811,1.9191098820766,0.59024479938671,"C1"
0.01,6,"Before: kmin - 1","Noise SD = 0.01",132,0.642624734092191,-1.67914989961717,0.927260796073824,"C1"
0.01,6,"Before: kmin - 1","Noise SD = 0.01",133,-1.3528407937095,1.80697409438866,0.625687938183546,"C1"
0.01,6,"Before: kmin - 1","Noise SD = 0.01",134,1.46306796481778,-0.185080143079082,0.190271869068965,"C1"
0.01,6,"Before: kmin - 1","Noise SD = 0.01",135,-1.45674322313064,0.475971268868758,0.708617713302374,"C1"
0.01,6,"Before: kmin - 1","Noise SD = 0.01",136,0.992157880465424,-0.870946082320315,0.299166257958859,"C1"
0.01,6,"Before: kmin - 1","Noise SD = 0.01",137,-0.44371164935973,-1.86934007848608,0.86330534121953,"C1"
0.01,6,"Before: kmin - 1","Noise SD = 0.01",138,-1.40769396032961,1.37569081335699,0.659891549265012,"C1"
0.01,6,"Before: kmin - 1","Noise SD = 0.01",139,-0.770077368696298,-1.72352586065324,0.83842443744652,"C1"
0.01,6,"Before: kmin - 1","Noise SD = 0.01",140,-1.45531400426101,0.875374414408587,0.688260046532378,"C1"
0.01,6,"Before: kmin - 1","Noise SD = 0.01",141,-0.853505172743094,1.1493335953604,0.512845787452534,"C2"
0.01,6,"Before: kmin - 1","Noise SD = 0.01",142,1.48206112514291,-0.295672771360468,0.204242422012612,"C1"
0.01,6,"Before: kmin - 1","Noise SD = 0.01",143,-0.710262011011391,0.740085077444187,0.48894941364415,"C2"
0.01,6,"Before: kmin - 1","Noise SD = 0.01",144,-1.001512970892,1.53785122796292,0.540380778256804,"C2"
0.01,6,"Before: kmin - 1","Noise SD = 0.01",145,0.256679240971775,-0.852426578825182,0.371972574153915,"C1"
0.01,6,"Before: kmin - 1","Noise SD = 0.01",146,-1.38003447996219,-0.397099400042081,0.751868466846645,"C1"
0.01,6,"Before: kmin - 1","Noise SD = 0.01",147,-1.02058466842397,1.60347601769979,0.54270679387264,"C2"
0.01,6,"Before: kmin - 1","Noise SD = 0.01",148,1.18637051664416,-0.76818177359456,0.273709014290944,"C1"
0.01,6,"Before: kmin - 1","Noise SD = 0.01",149,0.209092572138327,2.64771070642053,0.0082406906876713,"C1"
0.01,6,"Before: kmin - 1","Noise SD = 0.01",150,0.661727046570923,1.13367028004607,0.0687518047634512,"C1"
0.01,6,"Before: kmin - 1","Noise SD = 0.01",151,-0.662828215519108,0.636909506311474,0.482838751748204,"C2"
0.01,6,"Before: kmin - 1","Noise SD = 0.01",152,1.18519079004514,-0.769891029603046,0.272195026511326,"C1"
0.01,6,"Before: kmin - 1","Noise SD = 0.01",153,1.25051507651848,-0.688155008037694,0.264095493126661,"C1"
0.01,6,"Before: kmin - 1","Noise SD = 0.01",154,1.25225642970803,0.176320288032602,0.141081128036603,"C1"
0.01,6,"Before: kmin - 1","Noise SD = 0.01",155,1.41765231879927,-0.526846939978954,0.236761612351984,"C1"
0.01,6,"Before: kmin - 1","Noise SD = 0.01",156,-1.39958420395154,-0.337884272805949,0.747640934074298,"C1"
0.01,6,"Before: kmin - 1","Noise SD = 0.01",157,-1.11730183634831,-1.26396533123154,0.800109896808863,"C1"
0.01,6,"Before: kmin - 1","Noise SD = 0.01",158,1.04185188372138,0.455975411348919,0.115691552171484,"C1"
0.01,6,"Before: kmin - 1","Noise SD = 0.01",159,-1.28357663504812,-0.876798131930458,0.775464338017628,"C1"
0.01,6,"Before: kmin - 1","Noise SD = 0.01",160,0.895958836943636,-0.909610591281158,0.309081808663905,"C1"
0.01,6,"Before: kmin - 1","Noise SD = 0.01",161,0.310991564209326,-1.80410854624262,0.909715083660558,"C1"
0.01,6,"Before: kmin - 1","Noise SD = 0.01",162,1.44705552032834,-0.16375221630656,0.189414444612339,"C1"
0.01,6,"Before: kmin - 1","Noise SD = 0.01",163,0.85210098557116,-0.929545843400727,0.313827242003754,"C1"
0.01,6,"Before: kmin - 1","Noise SD = 0.01",164,0.481473196570341,1.57028920221506,0.0480910493060946,"C1"
0.01,6,"Before: kmin - 1","Noise SD = 0.01",165,-1.24281396609077,-0.944972998552876,0.779620272573084,"C1"
0.01,6,"Before: kmin - 1","Noise SD = 0.01",166,-0.740890916831653,0.791134415253461,0.491361290216446,"C2"
0.01,6,"Before: kmin - 1","Noise SD = 0.01",167,-0.795976630748128,-1.67075802956288,0.83509817160666,"C1"
0.01,6,"Before: kmin - 1","Noise SD = 0.01",168,0.726775576602883,1.01381316615078,0.0761853891890496,"C1"
0.01,6,"Before: kmin - 1","Noise SD = 0.01",169,1.15468033322654,-0.797624259143162,0.279957720311359,"C1"
0.01,6,"Before: kmin - 1","Noise SD = 0.01",170,-1.35480205443028,1.71836210140834,0.63283795514144,"C1"
0.01,6,"Before: kmin - 1","Noise SD = 0.01",171,-1.38299553313149,-0.316412312299179,0.74635539832525,"C1"
0.01,6,"Before: kmin - 1","Noise SD = 0.01",172,-1.44227666901597,0.183687699906357,0.722740790341049,"C1"
0.01,6,"Before: kmin - 1","Noise SD = 0.01",173,1.38630310160182,-0.594645659705495,0.246118342736736,"C1"
0.01,6,"Before: kmin - 1","Noise SD = 0.01",174,1.49273978059936,-0.273544276108006,0.201949303038418,"C1"
0.01,6,"Before: kmin - 1","Noise SD = 0.01",175,-1.06171221722683,1.7218298206032,0.55659376992844,"C2"
0.01,6,"Before: kmin - 1","Noise SD = 0.01",176,0.875423309899244,0.745768679567054,0.0934528792276978,"C1"
0.01,6,"Before: kmin - 1","Noise SD = 0.01",177,1.33304294823851,0.0896532630001679,0.15237533999607,"C1"
0.01,6,"Before: kmin - 1","Noise SD = 0.01",178,-0.647129044444595,0.518575486341867,0.476137351477519,"C2"
0.01,6,"Before: kmin - 1","Noise SD = 0.01",179,0.709744473509559,-0.947687920403802,0.328140031779185,"C1"
0.01,6,"Before: kmin - 1","Noise SD = 0.01",180,-0.543494218629215,-1.82063645107232,0.855659369379282,"C1"
0.01,6,"Before: kmin - 1","Noise SD = 0.01",181,0.645962196070728,-0.952757818005493,0.334354943595827,"C1"
0.01,6,"Before: kmin - 1","Noise SD = 0.01",182,1.13740077786687,-0.763789427324881,0.278659163974226,"C1"
0.01,6,"Before: kmin - 1","Noise SD = 0.01",183,-0.390590148213998,-0.0632088233553807,0.440978627186269,"C2"
0.01,6,"Before: kmin - 1","Noise SD = 0.01",184,-0.371506213449096,-0.0844011161461706,0.4400251689367,"C2"
0.01,6,"Before: kmin - 1","Noise SD = 0.01",185,1.82163452688053,-0.951440561125953,0.977296904427931,"C1"
0.01,6,"Before: kmin - 1","Noise SD = 0.01",186,1.27580409910182,0.136902623260458,0.145238904282451,"C1"
0.01,6,"Before: kmin - 1","Noise SD = 0.01",187,-0.68809066875633,-1.73440948864249,0.84270612988621,"C1"
0.01,6,"Before: kmin - 1","Noise SD = 0.01",188,0.434558105794188,1.68485104174491,0.0419193957932293,"C1"
0.01,6,"Before: kmin - 1","Noise SD = 0.01",189,1.06476191324071,0.42090569714904,0.116735716816038,"C1"
0.01,6,"Before: kmin - 1","Noise SD = 0.01",190,-0.958336512234132,-1.51343194348159,0.818037616787478,"C1"
0.01,6,"Before: kmin - 1","Noise SD = 0.01",191,-1.45410319097245,0.294445915064536,0.71833058539778,"C1"
0.01,6,"Before: kmin - 1","Noise SD = 0.01",192,1.45318695196777,-0.451553355065898,0.226031198399141,"C1"
0.01,6,"Before: kmin - 1","Noise SD = 0.01",193,0.580411492389031,-0.938119014072033,0.340148094110191,"C1"
0.01,6,"Before: kmin - 1","Noise SD = 0.01",194,0.415753633636917,-0.897615265139006,0.356579177780077,"C1"
0.01,6,"Before: kmin - 1","Noise SD = 0.01",195,-1.35447452795214,-0.459560240024267,0.754153728717938,"C1"
0.01,6,"Before: kmin - 1","Noise SD = 0.01",196,0.72057376277446,-0.933270682669858,0.324936339398846,"C1"
0.01,6,"Before: kmin - 1","Noise SD = 0.01",197,-0.938975017071864,1.36002788793177,0.526243726024404,"C2"
0.01,6,"Before: kmin - 1","Noise SD = 0.01",198,0.442297700221484,-1.75371657763685,0.916579271433875,"C1"
0.01,6,"Before: kmin - 1","Noise SD = 0.01",199,0.252978539033923,-0.828088381817059,0.371524909744039,"C1"
0.01,6,"Before: kmin - 1","Noise SD = 0.01",200,1.08069669565382,-1.46278581330123,0.947080062935129,"C1"
0.01,7,"Selected: kmin","Noise SD = 0.01",1,0.791655054679111,-1.60440847430292,0.934602960711345,"C1"
0.01,7,"Selected: kmin","Noise SD = 0.01",2,-1.3905046465903,1.64540778913669,0.640336565673351,"C1"
0.01,7,"Selected: kmin","Noise SD = 0.01",3,-0.989406865357633,1.53395214972014,0.539774174569175,"C2"
0.01,7,"Selected: kmin","Noise SD = 0.01",4,1.23703437972403,-0.725587603140578,0.266568574821576,"C1"
0.01,7,"Selected: kmin","Noise SD = 0.01",5,0.890064426322462,0.684616567136357,0.096566071966663,"C1"
0.01,7,"Selected: kmin","Noise SD = 0.01",6,1.18466912784665,0.268306594648493,0.133909621974453,"C1"
0.01,7,"Selected: kmin","Noise SD = 0.01",7,1.4883438667667,-0.344684412340144,0.211279006209224,"C1"
0.01,7,"Selected: kmin","Noise SD = 0.01",8,1.10639791424727,-1.43261385181614,0.94865017477423,"C1"
0.01,7,"Selected: kmin","Noise SD = 0.01",9,-1.16981136748755,1.89285623150282,0.579310150118545,"C1"
0.01,7,"Selected: kmin","Noise SD = 0.01",10,-1.31886843833471,1.81489639657264,0.622002283344045,"C1"
0.01,7,"Selected: kmin","Noise SD = 0.01",11,-1.42173509223983,0.0306904952410491,0.729925628518686,"C1"
0.01,7,"Selected: kmin","Noise SD = 0.01",12,-1.06594310707945,-1.36298702252144,0.806193429743871,"C1"
0.01,7,"Selected: kmin","Noise SD = 0.01",13,0.36247726817837,1.96867060921318,0.0309129566885531,"C1"
0.01,7,"Selected: kmin","Noise SD = 0.01",14,-0.550931638600446,0.342864440369524,0.465288266539574,"C2"
0.01,7,"Selected: kmin","Noise SD = 0.01",15,-0.776934141431346,0.864449123162919,0.496334829134867,"C2"
0.01,7,"Selected: kmin","Noise SD = 0.01",16,1.47848661707329,-0.317408613136584,0.206122397910804,"C1"
0.01,7,"Selected: kmin","Noise SD = 0.01",17,-0.52944496120475,0.262510636994288,0.460400955285877,"C2"
0.01,7,"Selected: kmin","Noise SD = 0.01",18,-0.679763871517268,0.626176417100783,0.482846714323387,"C2"
0.01,7,"Selected: kmin","Noise SD = 0.01",19,0.0870557888422923,-1.86175941934763,0.897089458769187,"C1"
0.01,7,"Selected: kmin","Noise SD = 0.01",20,1.22763231796426,0.219877478110281,0.138356370152906,"C1"
0.01,7,"Selected: kmin","Noise SD = 0.01",21,0.835704828837331,-0.917967286484666,0.314858996775001,"C1"
0.01,7,"Selected: kmin","Noise SD = 0.01",22,-0.857323010537344,1.12254737067727,0.51057206466794,"C2"
0.01,7,"Selected: kmin","Noise SD = 0.01",23,-1.41935209489713,0.0313616184798644,0.729390932014212,"C1"
0.01,7,"Selected: kmin","Noise SD = 0.01",24,-1.26168416838341,1.92999416318425,0.600904693361372,"C1"
0.01,7,"Selected: kmin","Noise SD = 0.01",25,-0.49294364379027,0.152968502198109,0.454613883746788,"C2"
0.01,7,"Selected: kmin","Noise SD = 0.01",26,1.035120478586,0.477270048273849,0.113483893685043,"C1"
0.01,7,"Selected: kmin","Noise SD = 0.01",27,1.32326545266431,0.0962891882343496,0.151617694413289,"C1"
0.01,7,"Selected: kmin","Noise SD = 0.01",28,0.337253454410397,2.09848994539962,0.0271460183430463,"C1"
0.01,7,"Selected: kmin","Noise SD = 0.01",29,-1.45000347102946,0.300106590191768,0.717225887347013,"C1"
0.01,7,"Selected: kmin","Noise SD = 0.01",30,-1.15234118073033,1.88012803382136,0.579665700439364,"C1"
0.01,7,"Selected: kmin","Noise SD = 0.01",31,-1.26796015736992,-0.918201744635905,0.777791964821517,"C1"
0.01,7,"Selected: kmin","Noise SD = 0.01",32,-1.02735990724391,1.62688980009158,0.54650466889143,"C2"
0.01,7,"Selected: kmin","Noise SD = 0.01",33,0.407084940344871,1.83268486693741,0.0376187835354358,"C1"
0.01,7,"Selected: kmin","Noise SD = 0.01",34,1.47674525369782,-0.33577677474264,0.209671256830916,"C1"
0.01,7,"Selected: kmin","Noise SD = 0.01",35,1.41011543812664,-0.0521743817397355,0.171383886132389,"C1"
0.01,7,"Selected: kmin","Noise SD = 0.01",36,0.377826921381724,1.91825720375599,0.033667185343802,"C1"
0.01,7,"Selected: kmin","Noise SD = 0.01",37,-1.45861857252666,0.182036701859301,0.722593151964247,"C1"
0.01,7,"Selected: kmin","Noise SD = 0.01",38,1.05893851423524,-0.853671416741808,0.291781231062487,"C1"
0.01,7,"Selected: kmin","Noise SD = 0.01",39,1.26851609781544,0.115803534901473,0.147549621528015,"C1"
0.01,7,"Selected: kmin","Noise SD = 0.01",40,-1.03204449133272,1.63905902513473,0.550399734638631,"C2"
0.01,7,"Selected: kmin","Noise SD = 0.01",41,-0.99670407665557,1.51625348376207,0.537454262608662,"C2"
0.01,7,"Selected: kmin","Noise SD = 0.01",42,0.492335216663692,1.54036331255786,0.0483221001923084,"C1"
0.01,7,"Selected: kmin","Noise SD = 0.01",43,0.98803345697334,-0.868437354690342,0.299227858427912,"C1"
0.01,7,"Selected: kmin","Noise SD = 0.01",44,0.453984126994276,-1.76622796803104,0.917331561213359,"C1"
0.01,7,"Selected: kmin","Noise SD = 0.01",45,0.259722318331844,2.4293635097053,0.0149344548117369,"C1"
0.01,7,"Selected: kmin","Noise SD = 0.01",46,0.22562926168827,2.67372108627695,0.00744169089011848,"C1"
0.01,7,"Selected: kmin","Noise SD = 0.01",47,-0.82884456907279,-1.64731178129699,0.830173080321401,"C1"
0.01,7,"Selected: kmin","Noise SD = 0.01",48,-0.745035275612219,0.804257123106772,0.49288191832602,"C2"
0.01,7,"Selected: kmin","Noise SD = 0.01",49,-0.710924248843028,0.72179499070364,0.487459625350311,"C2"
0.01,7,"Selected: kmin","Noise SD = 0.01",50,0.389068111276389,-0.896221728412941,0.358126984676346,"C1"
0.01,7,"Selected: kmin","Noise SD = 0.01",51,1.30064705679163,-0.679054765121071,0.259190891170874,"C1"
0.01,7,"Selected: kmin","Noise SD = 0.01",52,1.44449478192701,-0.111207152178988,0.17965303780511,"C1"
0.01,7,"Selected: kmin","Noise SD = 0.01",53,1.27412564305009,-0.7140849861558,0.266202436992899,"C1"
0.01,7,"Selected: kmin","Noise SD = 0.01",54,-1.20681446667799,1.91921356816935,0.589536999119446,"C1"
0.01,7,"Selected: kmin","Noise SD = 0.01",55,-1.0454723826748,-1.40382935192576,0.807724132435396,"C1"
0.01,7,"Selected: kmin","Noise SD = 0.01",56,1.80130187558457,-0.966058851988321,0.976915959035978,"C1"
0.01,7,"Selected: kmin","Noise SD = 0.01",57,1.33807432142812,0.0807903540187698,0.154509680345654,"C1"
0.01,7,"Selected: kmin","Noise SD = 0.01",58,-1.03818508827191,-1.4107281285953,0.810300270095468,"C1"
0.01,7,"Selected: kmin","Noise SD = 0.01",59,-0.624169785351624,0.493703121878217,0.473336021881551,"C2"
0.01,7,"Selected: kmin","Noise SD = 0.01",60,-0.209222076739754,-1.89554736327841,0.878982509952039,"C1"
0.01,7,"Selected: kmin","Noise SD = 0.01",61,0.330278740733449,-0.884078281356252,0.365110938902944,"C1"
0.01,7,"Selected: kmin","Noise SD = 0.01",62,-1.46337628922342,0.362985265836468,0.71370889688842,"C1"
0.01,7,"Selected: kmin","Noise SD = 0.01",63,0.951559958172504,-0.881242611943978,0.301270701223984,"C1"
0.01,7,"Selected: kmin","Noise SD = 0.01",64,0.586842049816644,1.27489962944375,0.0611295851413161,"C1"
0.01,7,"Selected: kmin","Noise SD = 0.01",65,-0.486133770449506,0.115142313293675,0.452645275276154,"C2"
0.01,7,"Selected: kmin","Noise SD = 0.01",66,-1.45610021052253,0.605743740553398,0.702297183917835,"C1"
0.01,7,"Selected: kmin","Noise SD = 0.01",67,0.299967938089628,2.22921915854121,0.0222509992308915,"C1"
0.01,7,"Selected: kmin","Noise SD = 0.01",68,1.20948863963564,0.241101713011513,0.135807921877131,"C1"
0.01,7,"Selected: kmin","Noise SD = 0.01",69,1.91006251180997,-0.880112564500144,0.981532560195774,"C1"
0.01,7,"Selected: kmin","Noise SD = 0.01",70,0.396280587114793,-0.903222227715086,0.358425584156066,"C1"
0.01,7,"Selected: kmin","Noise SD = 0.01",71,1.37257806155623,0.0452886105604026,0.159138856688514,"C1"
0.01,7,"Selected: kmin","Noise SD = 0.01",72,0.613953585537641,1.2482621647937,0.0629803079646081,"C1"
0.01,7,"Selected: kmin","Noise SD = 0.01",73,0.975962778148527,0.563271631121504,0.105687235482037,"C1"
0.01,7,"Selected: kmin","Noise SD = 0.01",74,0.606466161908455,1.23154158565978,0.0638794819824398,"C1"
0.01,7,"Selected: kmin","Noise SD = 0.01",75,-1.01973488094351,-1.40257049703878,0.811134418938309,"C1"
0.01,7,"Selected: kmin","Noise SD = 0.01",76,-0.552877132330815,-1.81838559613981,0.854919226141647,"C1"
0.01,7,"Selected: kmin","Noise SD = 0.01",77,1.47477591832249,-0.277481015931931,0.202711365418509,"C1"
0.01,7,"Selected: kmin","Noise SD = 0.01",78,0.990299843579886,-0.86794342193965,0.300404587062076,"C1"
0.01,7,"Selected: kmin","Noise SD = 0.01",79,1.42640551293469,-0.0556777555013134,0.171784743200988,"C1"
0.01,7,"Selected: kmin","Noise SD = 0.01",80,-1.0531491164361,-1.414120796412,0.808894120389596,"C1"
0.01,7,"Selected: kmin","Noise SD = 0.01",81,1.15288083051649,-0.784182535124623,0.278763446956873,"C1"
0.01,7,"Selected: kmin","Noise SD = 0.01",82,0.449981448529487,-0.913809866823636,0.353854389162734,"C1"
0.01,7,"Selected: kmin","Noise SD = 0.01",83,1.85043925741545,-0.937651566579684,0.978703966364264,"C1"
0.01,7,"Selected: kmin","Noise SD = 0.01",84,1.12293376682019,0.359784415262139,0.124067442724481,"C1"
0.01,7,"Selected: kmin","Noise SD = 0.01",85,1.4344267136579,-0.114857522848648,0.177501240512356,"C1"
0.01,7,"Selected: kmin","Noise SD = 0.01",86,-0.918394841273057,1.35659789391793,0.526823487365618,"C2"
0.01,7,"Selected: kmin","Noise SD = 0.01",87,-1.21197008399181,1.92664144837114,0.594782846281305,"C1"
0.01,7,"Selected: kmin","Noise SD = 0.01",88,0.712598071383528,-0.940862847017689,0.328176378039643,"C1"
0.01,7,"Selected: kmin","Noise SD = 0.01",89,0.237858123815155,2.5000643666591,0.0126899401657283,"C1"
0.01,7,"Selected: kmin","Noise SD = 0.01",90,-0.421880734484954,0.0247423080199319,0.446737228427082,"C2"
0.01,7,"Selected: kmin","Noise SD = 0.01",91,-1.4311743202696,0.0972700300149797,0.726764942752197,"C1"
0.01,7,"Selected: kmin","Noise SD = 0.01",92,-0.560741825848987,0.354088755114517,0.465251622954383,"C2"
0.01,7,"Selected: kmin","Noise SD = 0.01",93,1.44839471437078,-0.40107202636038,0.218806670745835,"C1"
0.01,7,"Selected: kmin","Noise SD = 0.01",94,-0.00674043084080655,-1.8906432109213,0.891306948848069,"C1"
0.01,7,"Selected: kmin","Noise SD = 0.01",95,0.388473554398348,-0.906172197536205,0.358234190614894,"C1"
0.01,7,"Selected: kmin","Noise SD = 0.01",96,1.47692920637719,-0.235289639969865,0.196859565796331,"C1"
0.01,7,"Selected: kmin","Noise SD = 0.01",97,0.526383183737502,-0.929111128290772,0.345781859476119,"C1"
0.01,7,"Selected: kmin","Noise SD = 0.01",98,1.50233348170497,-1.17815540946152,0.964952562004328,"C1"
0.01,7,"Selected: kmin","Noise SD = 0.01",99,0.249220181496205,-0.838569769487963,0.371035319520161,"C1"
0.01,7,"Selected: kmin","Noise SD = 0.01",100,1.46676140684455,-0.408440619784169,0.219203646527603,"C1"
0.01,7,"Selected: kmin","Noise SD = 0.01",101,-1.05900114623057,-1.37099101036018,0.807401564205065,"C1"
0.01,7,"Selected: kmin","Noise SD = 0.01",102,-0.721406028951284,0.742584600092096,0.488820852711797,"C2"
0.01,7,"Selected: kmin","Noise SD = 0.01",103,-0.710589071762724,0.737724279498155,0.489239622838795,"C2"
0.01,7,"Selected: kmin","Noise SD = 0.01",104,-1.44748484618967,1.11784534816384,0.675086630042642,"C1"
0.01,7,"Selected: kmin","Noise SD = 0.01",105,1.46351411531404,-0.141717511640231,0.185927418759093,"C1"
0.01,7,"Selected: kmin","Noise SD = 0.01",106,-1.44627408764126,0.244621718187837,0.719899991992861,"C1"
0.01,7,"Selected: kmin","Noise SD = 0.01",107,-0.735361764187197,-1.74422585629999,0.840139389270917,"C1"
0.01,7,"Selected: kmin","Noise SD = 0.01",108,0.879606641177868,0.733277159316506,0.0936737225856632,"C1"
0.01,7,"Selected: kmin","Noise SD = 0.01",109,1.19407736343806,0.245219734058929,0.133716177195311,"C1"
0.01,7,"Selected: kmin","Noise SD = 0.01",110,-0.404276200513582,-0.00659183458867582,0.44627738231793,"C2"
0.01,7,"Selected: kmin","Noise SD = 0.01",111,-1.44912009372449,0.616048085411851,0.702215530676767,"C1"
0.01,7,"Selected: kmin","Noise SD = 0.01",112,0.564626520707231,-1.71682486966723,0.92291100951843,"C1"
0.01,7,"Selected: kmin","Noise SD = 0.01",113,0.834996443390573,0.78267416803097,0.0888825617730618,"C1"
0.01,7,"Selected: kmin","Noise SD = 0.01",114,-1.46757350833014,0.598006995886468,0.702851514099166,"C1"
0.01,7,"Selected: kmin","Noise SD = 0.01",115,-0.582987549437059,0.359416864246558,0.46615297649987,"C2"
0.01,7,"Selected: kmin","Noise SD = 0.01",116,-0.925728886822963,1.32436847651486,0.524440453154966,"C2"
0.01,7,"Selected: kmin","Noise SD = 0.01",117,-0.149124623305972,-1.89456484892525,0.883076469646767,"C1"
0.01,7,"Selected: kmin","Noise SD = 0.01",118,0.513705052222184,-1.75150574480117,0.919530816143379,"C1"
0.01,7,"Selected: kmin","Noise SD = 0.01",119,1.47408577456555,-0.405829423157112,0.218163246056065,"C1"
0.01,7,"Selected: kmin","Noise SD = 0.01",120,1.42690858634618,-0.520786301343817,0.235670982860029,"C1"
0.01,7,"Selected: kmin","Noise SD = 0.01",121,1.38653610560465,-0.571501934025415,0.242982234340161,"C1"
0.01,7,"Selected: kmin","Noise SD = 0.01",122,0.377465708623064,1.87507136351112,0.0355256006587297,"C1"
0.01,7,"Selected: kmin","Noise SD = 0.01",123,0.662268403361307,-1.66958222393585,0.928511262871325,"C1"
0.01,7,"Selected: kmin","Noise SD = 0.01",124,-0.795495072241578,0.970798418549229,0.501775671029463,"C2"
0.01,7,"Selected: kmin","Noise SD = 0.01",125,-1.48794765443087,0.499915792913952,0.707239287206903,"C1"
0.01,7,"Selected: kmin","Noise SD = 0.01",126,-1.25809650789822,1.90202147959751,0.599933189572766,"C1"
0.01,7,"Selected: kmin","Noise SD = 0.01",127,-1.34101838625754,-0.505724838310065,0.756396918790415,"C1"
0.01,7,"Selected: kmin","Noise SD = 0.01",128,1.23894561378672,-0.716476652233814,0.26721472828649,"C1"
0.01,7,"Selected: kmin","Noise SD = 0.01",129,1.45067030744728,-0.468584692070029,0.229000388411805,"C1"
0.01,7,"Selected: kmin","Noise SD = 0.01",130,-1.2495350893996,1.93927488334093,0.600737662054598,"C1"
0.01,7,"Selected: kmin","Noise SD = 0.01",131,-1.20839446708811,1.9191098820766,0.59024479938671,"C1"
0.01,7,"Selected: kmin","Noise SD = 0.01",132,0.642624734092191,-1.67914989961717,0.927260796073824,"C1"
0.01,7,"Selected: kmin","Noise SD = 0.01",133,-1.3528407937095,1.80697409438866,0.625687938183546,"C1"
0.01,7,"Selected: kmin","Noise SD = 0.01",134,1.46306796481778,-0.185080143079082,0.190271869068965,"C1"
0.01,7,"Selected: kmin","Noise SD = 0.01",135,-1.45674322313064,0.475971268868758,0.708617713302374,"C1"
0.01,7,"Selected: kmin","Noise SD = 0.01",136,0.992157880465424,-0.870946082320315,0.299166257958859,"C1"
0.01,7,"Selected: kmin","Noise SD = 0.01",137,-0.44371164935973,-1.86934007848608,0.86330534121953,"C1"
0.01,7,"Selected: kmin","Noise SD = 0.01",138,-1.40769396032961,1.37569081335699,0.659891549265012,"C1"
0.01,7,"Selected: kmin","Noise SD = 0.01",139,-0.770077368696298,-1.72352586065324,0.83842443744652,"C1"
0.01,7,"Selected: kmin","Noise SD = 0.01",140,-1.45531400426101,0.875374414408587,0.688260046532378,"C1"
0.01,7,"Selected: kmin","Noise SD = 0.01",141,-0.853505172743094,1.1493335953604,0.512845787452534,"C2"
0.01,7,"Selected: kmin","Noise SD = 0.01",142,1.48206112514291,-0.295672771360468,0.204242422012612,"C1"
0.01,7,"Selected: kmin","Noise SD = 0.01",143,-0.710262011011391,0.740085077444187,0.48894941364415,"C2"
0.01,7,"Selected: kmin","Noise SD = 0.01",144,-1.001512970892,1.53785122796292,0.540380778256804,"C2"
0.01,7,"Selected: kmin","Noise SD = 0.01",145,0.256679240971775,-0.852426578825182,0.371972574153915,"C1"
0.01,7,"Selected: kmin","Noise SD = 0.01",146,-1.38003447996219,-0.397099400042081,0.751868466846645,"C1"
0.01,7,"Selected: kmin","Noise SD = 0.01",147,-1.02058466842397,1.60347601769979,0.54270679387264,"C2"
0.01,7,"Selected: kmin","Noise SD = 0.01",148,1.18637051664416,-0.76818177359456,0.273709014290944,"C1"
0.01,7,"Selected: kmin","Noise SD = 0.01",149,0.209092572138327,2.64771070642053,0.0082406906876713,"C1"
0.01,7,"Selected: kmin","Noise SD = 0.01",150,0.661727046570923,1.13367028004607,0.0687518047634512,"C1"
0.01,7,"Selected: kmin","Noise SD = 0.01",151,-0.662828215519108,0.636909506311474,0.482838751748204,"C2"
0.01,7,"Selected: kmin","Noise SD = 0.01",152,1.18519079004514,-0.769891029603046,0.272195026511326,"C1"
0.01,7,"Selected: kmin","Noise SD = 0.01",153,1.25051507651848,-0.688155008037694,0.264095493126661,"C1"
0.01,7,"Selected: kmin","Noise SD = 0.01",154,1.25225642970803,0.176320288032602,0.141081128036603,"C1"
0.01,7,"Selected: kmin","Noise SD = 0.01",155,1.41765231879927,-0.526846939978954,0.236761612351984,"C1"
0.01,7,"Selected: kmin","Noise SD = 0.01",156,-1.39958420395154,-0.337884272805949,0.747640934074298,"C1"
0.01,7,"Selected: kmin","Noise SD = 0.01",157,-1.11730183634831,-1.26396533123154,0.800109896808863,"C1"
0.01,7,"Selected: kmin","Noise SD = 0.01",158,1.04185188372138,0.455975411348919,0.115691552171484,"C1"
0.01,7,"Selected: kmin","Noise SD = 0.01",159,-1.28357663504812,-0.876798131930458,0.775464338017628,"C1"
0.01,7,"Selected: kmin","Noise SD = 0.01",160,0.895958836943636,-0.909610591281158,0.309081808663905,"C1"
0.01,7,"Selected: kmin","Noise SD = 0.01",161,0.310991564209326,-1.80410854624262,0.909715083660558,"C1"
0.01,7,"Selected: kmin","Noise SD = 0.01",162,1.44705552032834,-0.16375221630656,0.189414444612339,"C1"
0.01,7,"Selected: kmin","Noise SD = 0.01",163,0.85210098557116,-0.929545843400727,0.313827242003754,"C1"
0.01,7,"Selected: kmin","Noise SD = 0.01",164,0.481473196570341,1.57028920221506,0.0480910493060946,"C1"
0.01,7,"Selected: kmin","Noise SD = 0.01",165,-1.24281396609077,-0.944972998552876,0.779620272573084,"C1"
0.01,7,"Selected: kmin","Noise SD = 0.01",166,-0.740890916831653,0.791134415253461,0.491361290216446,"C2"
0.01,7,"Selected: kmin","Noise SD = 0.01",167,-0.795976630748128,-1.67075802956288,0.83509817160666,"C1"
0.01,7,"Selected: kmin","Noise SD = 0.01",168,0.726775576602883,1.01381316615078,0.0761853891890496,"C1"
0.01,7,"Selected: kmin","Noise SD = 0.01",169,1.15468033322654,-0.797624259143162,0.279957720311359,"C1"
0.01,7,"Selected: kmin","Noise SD = 0.01",170,-1.35480205443028,1.71836210140834,0.63283795514144,"C1"
0.01,7,"Selected: kmin","Noise SD = 0.01",171,-1.38299553313149,-0.316412312299179,0.74635539832525,"C1"
0.01,7,"Selected: kmin","Noise SD = 0.01",172,-1.44227666901597,0.183687699906357,0.722740790341049,"C1"
0.01,7,"Selected: kmin","Noise SD = 0.01",173,1.38630310160182,-0.594645659705495,0.246118342736736,"C1"
0.01,7,"Selected: kmin","Noise SD = 0.01",174,1.49273978059936,-0.273544276108006,0.201949303038418,"C1"
0.01,7,"Selected: kmin","Noise SD = 0.01",175,-1.06171221722683,1.7218298206032,0.55659376992844,"C2"
0.01,7,"Selected: kmin","Noise SD = 0.01",176,0.875423309899244,0.745768679567054,0.0934528792276978,"C1"
0.01,7,"Selected: kmin","Noise SD = 0.01",177,1.33304294823851,0.0896532630001679,0.15237533999607,"C1"
0.01,7,"Selected: kmin","Noise SD = 0.01",178,-0.647129044444595,0.518575486341867,0.476137351477519,"C2"
0.01,7,"Selected: kmin","Noise SD = 0.01",179,0.709744473509559,-0.947687920403802,0.328140031779185,"C1"
0.01,7,"Selected: kmin","Noise SD = 0.01",180,-0.543494218629215,-1.82063645107232,0.855659369379282,"C1"
0.01,7,"Selected: kmin","Noise SD = 0.01",181,0.645962196070728,-0.952757818005493,0.334354943595827,"C1"
0.01,7,"Selected: kmin","Noise SD = 0.01",182,1.13740077786687,-0.763789427324881,0.278659163974226,"C1"
0.01,7,"Selected: kmin","Noise SD = 0.01",183,-0.390590148213998,-0.0632088233553807,0.440978627186269,"C2"
0.01,7,"Selected: kmin","Noise SD = 0.01",184,-0.371506213449096,-0.0844011161461706,0.4400251689367,"C2"
0.01,7,"Selected: kmin","Noise SD = 0.01",185,1.82163452688053,-0.951440561125953,0.977296904427931,"C1"
0.01,7,"Selected: kmin","Noise SD = 0.01",186,1.27580409910182,0.136902623260458,0.145238904282451,"C1"
0.01,7,"Selected: kmin","Noise SD = 0.01",187,-0.68809066875633,-1.73440948864249,0.84270612988621,"C1"
0.01,7,"Selected: kmin","Noise SD = 0.01",188,0.434558105794188,1.68485104174491,0.0419193957932293,"C1"
0.01,7,"Selected: kmin","Noise SD = 0.01",189,1.06476191324071,0.42090569714904,0.116735716816038,"C1"
0.01,7,"Selected: kmin","Noise SD = 0.01",190,-0.958336512234132,-1.51343194348159,0.818037616787478,"C1"
0.01,7,"Selected: kmin","Noise SD = 0.01",191,-1.45410319097245,0.294445915064536,0.71833058539778,"C1"
0.01,7,"Selected: kmin","Noise SD = 0.01",192,1.45318695196777,-0.451553355065898,0.226031198399141,"C1"
0.01,7,"Selected: kmin","Noise SD = 0.01",193,0.580411492389031,-0.938119014072033,0.340148094110191,"C1"
0.01,7,"Selected: kmin","Noise SD = 0.01",194,0.415753633636917,-0.897615265139006,0.356579177780077,"C1"
0.01,7,"Selected: kmin","Noise SD = 0.01",195,-1.35447452795214,-0.459560240024267,0.754153728717938,"C1"
0.01,7,"Selected: kmin","Noise SD = 0.01",196,0.72057376277446,-0.933270682669858,0.324936339398846,"C1"
0.01,7,"Selected: kmin","Noise SD = 0.01",197,-0.938975017071864,1.36002788793177,0.526243726024404,"C2"
0.01,7,"Selected: kmin","Noise SD = 0.01",198,0.442297700221484,-1.75371657763685,0.916579271433875,"C1"
0.01,7,"Selected: kmin","Noise SD = 0.01",199,0.252978539033923,-0.828088381817059,0.371524909744039,"C1"
0.01,7,"Selected: kmin","Noise SD = 0.01",200,1.08069669565382,-1.46278581330123,0.947080062935129,"C1"
0,5,"Before: kmin - 1","Noise SD = 0.00",1,0.803467028392718,-1.6082028540083,0.934602960711345,"C3"
0,5,"Before: kmin - 1","Noise SD = 0.00",2,-1.37575885705076,1.63800674591942,0.640336565673351,"C3"
0,5,"Before: kmin - 1","Noise SD = 0.00",3,-0.998677099502247,1.53353766998355,0.539774174569175,"C2"
0,5,"Before: kmin - 1","Noise SD = 0.00",4,1.24765448794539,-0.72113209102456,0.266568574821576,"C1"
0,5,"Before: kmin - 1","Noise SD = 0.00",5,0.899929958023181,0.68909085913287,0.096566071966663,"C1"
0,5,"Before: kmin - 1","Noise SD = 0.00",6,1.2009721035592,0.255514036133404,0.133909621974453,"C1"
0,5,"Before: kmin - 1","Noise SD = 0.00",7,1.48072808411262,-0.345592545861439,0.211279006209224,"C1"
0,5,"Before: kmin - 1","Noise SD = 0.00",8,1.11389340130668,-1.43842791109218,0.94865017477423,"C3"
0,5,"Before: kmin - 1","Noise SD = 0.00",9,-1.17164774987657,1.8806128214715,0.579310150118545,"C3"
0,5,"Before: kmin - 1","Noise SD = 0.00",10,-1.32340159048295,1.81488922809146,0.622002283344045,"C3"
0,5,"Before: kmin - 1","Noise SD = 0.00",11,-1.43017430254869,0.0383200742644046,0.729925628518686,"C3"
0,5,"Before: kmin - 1","Noise SD = 0.00",12,-1.06341077020753,-1.36454357501451,0.806193429743871,"C3"
0,5,"Before: kmin - 1","Noise SD = 0.00",13,0.355001246238283,1.9839209251314,0.0309129566885531,"C1"
0,5,"Before: kmin - 1","Noise SD = 0.00",14,-0.56247619220339,0.338548832634557,0.465288266539574,"C2"
0,5,"Before: kmin - 1","Noise SD = 0.00",15,-0.764143920250504,0.876703492841526,0.496334829134867,"C2"
0,5,"Before: kmin - 1","Noise SD = 0.00",16,1.48439477123729,-0.308181996854592,0.206122397910804,"C1"
0,5,"Before: kmin - 1","Noise SD = 0.00",17,-0.527853554347189,0.254327098716861,0.460400955285877,"C2"
0,5,"Before: kmin - 1","Noise SD = 0.00",18,-0.680297722167962,0.644415462433915,0.482846714323387,"C2"
0,5,"Before: kmin - 1","Noise SD = 0.00",19,0.080797878020178,-1.86381917973003,0.897089458769187,"C3"
0,5,"Before: kmin - 1","Noise SD = 0.00",20,1.23234872825198,0.213501653195373,0.138356370152906,"C1"
0,5,"Before: kmin - 1","Noise SD = 0.00",21,0.837346448460027,-0.920063287463169,0.314858996775001,"C1"
0,5,"Before: kmin - 1","Noise SD = 0.00",22,-0.846739826585923,1.11204792719704,0.51057206466794,"C2"
0,5,"Before: kmin - 1","Noise SD = 0.00",23,-1.43116979348781,0.0494674921530946,0.729390932014212,"C3"
0,5,"Before: kmin - 1","Noise SD = 0.00",24,-1.25271286422487,1.9127253466941,0.600904693361372,"C3"
0,5,"Before: kmin - 1","Noise SD = 0.00",25,-0.485791312008544,0.155829803950648,0.454613883746788,"C2"
0,5,"Before: kmin - 1","Noise SD = 0.00",26,1.04288567691792,0.47262385096247,0.113483893685043,"C1"
0,5,"Before: kmin - 1","Noise SD = 0.00",27,1.317656691288,0.0971126195305069,0.151617694413289,"C1"
0,5,"Before: kmin - 1","Noise SD = 0.00",28,0.32877804212954,2.08582711069012,0.0271460183430463,"C1"
0,5,"Before: kmin - 1","Noise SD = 0.00",29,-1.44877235223854,0.302590921582533,0.717225887347013,"C3"
0,5,"Before: kmin - 1","Noise SD = 0.00",30,-1.1730529059196,1.88216572461549,0.579665700439364,"C3"
0,5,"Before: kmin - 1","Noise SD = 0.00",31,-1.25637688182384,-0.911551404631736,0.777791964821517,"C3"
0,5,"Before: kmin - 1","Noise SD = 0.00",32,-1.03061701047814,1.61403783771761,0.54650466889143,"C2"
0,5,"Before: kmin - 1","Noise SD = 0.00",33,0.403875170876049,1.81096613814739,0.0376187835354358,"C1"
0,5,"Before: kmin - 1","Noise SD = 0.00",34,1.48225178518651,-0.333918007626912,0.209671256830916,"C1"
0,5,"Before: kmin - 1","Noise SD = 0.00",35,1.41688290977054,-0.0577680345378117,0.171383886132389,"C1"
0,5,"Before: kmin - 1","Noise SD = 0.00",36,0.374749498878491,1.91159193853979,0.033667185343802,"C1"
0,5,"Before: kmin - 1","Noise SD = 0.00",37,-1.44218057652702,0.191134531162159,0.722593151964247,"C3"
0,5,"Before: kmin - 1","Noise SD = 0.00",38,1.05031000351234,-0.847827432443362,0.291781231062487,"C1"
0,5,"Before: kmin - 1","Noise SD = 0.00",39,1.29290691669343,0.131526821657832,0.147549621528015,"C1"
0,5,"Before: kmin - 1","Noise SD = 0.00",40,-1.04860881233701,1.65710096540468,0.550399734638631,"C2"
0,5,"Before: kmin - 1","Noise SD = 0.00",41,-0.987412346676558,1.50411401873511,0.537454262608662,"C2"
0,5,"Before: kmin - 1","Noise SD = 0.00",42,0.486901276460568,1.55635479805961,0.0483221001923084,"C1"
0,5,"Before: kmin - 1","Noise SD = 0.00",43,0.984386699585695,-0.87633832366074,0.299227858427912,"C1"
0,5,"Before: kmin - 1","Noise SD = 0.00",44,0.451756227607209,-1.76114454191958,0.917331561213359,"C3"
0,5,"Before: kmin - 1","Noise SD = 0.00",45,0.250753892990843,2.44079217080164,0.0149344548117369,"C1"
0,5,"Before: kmin - 1","Noise SD = 0.00",46,0.208866659879943,2.67808239154634,0.00744169089011848,"C1"
0,5,"Before: kmin - 1","Noise SD = 0.00",47,-0.841468839226314,-1.64250900647882,0.830173080321401,"C3"
0,5,"Before: kmin - 1","Noise SD = 0.00",48,-0.743210913437304,0.817851584714089,0.49288191832602,"C2"
0,5,"Before: kmin - 1","Noise SD = 0.00",49,-0.709605382932484,0.724490892199815,0.487459625350311,"C2"
0,5,"Before: kmin - 1","Noise SD = 0.00",50,0.395021091926314,-0.898978603687922,0.358126984676346,"C1"
0,5,"Before: kmin - 1","Noise SD = 0.00",51,1.29637717193024,-0.676857740774424,0.259190891170874,"C1"
0,5,"Before: kmin - 1","Noise SD = 0.00",52,1.44653985110995,-0.118364019775934,0.17965303780511,"C1"
0,5,"Before: kmin - 1","Noise SD = 0.00",53,1.2501788848555,-0.719000778891167,0.266202436992899,"C1"
0,5,"Before: kmin - 1","Noise SD = 0.00",54,-1.21109934404267,1.91205810439853,0.589536999119446,"C3"
0,5,"Before: kmin - 1","Noise SD = 0.00",55,-1.05089052380684,-1.385280788556,0.807724132435396,"C3"
0,5,"Before: kmin - 1","Noise SD = 0.00",56,1.80628321466953,-0.97022077765358,0.976915959035978,"C3"
0,5,"Before: kmin - 1","Noise SD = 0.00",57,1.33442149763917,0.0732599387589178,0.154509680345654,"C1"
0,5,"Before: kmin - 1","Noise SD = 0.00",58,-1.0293165315189,-1.41926877493545,0.810300270095468,"C3"
0,5,"Before: kmin - 1","Noise SD = 0.00",59,-0.617733095195218,0.478507428462911,0.473336021881551,"C2"
0,5,"Before: kmin - 1","Noise SD = 0.00",60,-0.214122275863111,-1.88737930731133,0.878982509952039,"C3"
0,5,"Before: kmin - 1","Noise SD = 0.00",61,0.322301459814956,-0.872144125867011,0.365110938902944,"C1"
0,5,"Before: kmin - 1","Noise SD = 0.00",62,-1.45211731458199,0.375240212110785,0.71370889688842,"C3"
0,5,"Before: kmin - 1","Noise SD = 0.00",63,0.96579610030407,-0.883337337900522,0.301270701223984,"C1"
0,5,"Before: kmin - 1","Noise SD = 0.00",64,0.59251651543695,1.28405769349695,0.0611295851413161,"C1"
0,5,"Before: kmin - 1","Noise SD = 0.00",65,-0.471215465769839,0.122706678033504,0.452645275276154,"C2"
0,5,"Before: kmin - 1","Noise SD = 0.00",66,-1.45788003011696,0.607505397310975,0.702297183917835,"C3"
0,5,"Before: kmin - 1","Noise SD = 0.00",67,0.296157009730626,2.22352044930012,0.0222509992308915,"C1"
0,5,"Before: kmin - 1","Noise SD = 0.00",68,1.21452145627783,0.237376485480934,0.135807921877131,"C1"
0,5,"Before: kmin - 1","Noise SD = 0.00",69,1.92811853567535,-0.877361727383215,0.981532560195774,"C3"
0,5,"Before: kmin - 1","Noise SD = 0.00",70,0.391906172652128,-0.897979086658645,0.358425584156066,"C1"
0,5,"Before: kmin - 1","Noise SD = 0.00",71,1.35973985992047,0.0360368752462502,0.159138856688514,"C1"
0,5,"Before: kmin - 1","Noise SD = 0.00",72,0.608203663439842,1.24745309354464,0.0629803079646081,"C1"
0,5,"Before: kmin - 1","Noise SD = 0.00",73,0.977950675391813,0.5677544338578,0.105687235482037,"C1"
0,5,"Before: kmin - 1","Noise SD = 0.00",74,0.615856257934943,1.22990910468152,0.0638794819824398,"C1"
0,5,"Before: kmin - 1","Noise SD = 0.00",75,-1.02219544970685,-1.43002810212144,0.811134418938309,"C3"
0,5,"Before: kmin - 1","Noise SD = 0.00",76,-0.553445773521446,-1.82175005207321,0.854919226141647,"C3"
0,5,"Before: kmin - 1","Noise SD = 0.00",77,1.4848402554269,-0.283523202944477,0.202711365418509,"C1"
0,5,"Before: kmin - 1","Noise SD = 0.00",78,0.973703294156887,-0.880414636212626,0.300404587062076,"C1"
0,5,"Before: kmin - 1","Noise SD = 0.00",79,1.4184947134203,-0.0607466232604995,0.171784743200988,"C1"
0,5,"Before: kmin - 1","Noise SD = 0.00",80,-1.04117066630004,-1.40085895457842,0.808894120389596,"C3"
0,5,"Before: kmin - 1","Noise SD = 0.00",81,1.15768518390933,-0.787685216213903,0.278763446956873,"C1"
0,5,"Before: kmin - 1","Noise SD = 0.00",82,0.439614756601337,-0.911871194644665,0.353854389162734,"C1"
0,5,"Before: kmin - 1","Noise SD = 0.00",83,1.85317532398612,-0.934809322836489,0.978703966364264,"C3"
0,5,"Before: kmin - 1","Noise SD = 0.00",84,1.12735911792789,0.354807259847727,0.124067442724481,"C1"
0,5,"Before: kmin - 1","Noise SD = 0.00",85,1.43956454814127,-0.102748461603038,0.177501240512356,"C1"
0,5,"Before: kmin - 1","Noise SD = 0.00",86,-0.934060841500214,1.35940131370373,0.526823487365618,"C2"
0,5,"Before: kmin - 1","Noise SD = 0.00",87,-1.23058529368185,1.91705478235016,0.594782846281305,"C3"
0,5,"Before: kmin - 1","Noise SD = 0.00",88,0.704962683222142,-0.937744240339573,0.328176378039643,"C1"
0,5,"Before: kmin - 1","Noise SD = 0.00",89,0.237694129201959,2.51027633108767,0.0126899401657283,"C1"
0,5,"Before: kmin - 1","Noise SD = 0.00",90,-0.42664323355208,0.0247279653319133,0.446737228427082,"C2"
0,5,"Before: kmin - 1","Noise SD = 0.00",91,-1.43578264475071,0.104219148619771,0.726764942752197,"C3"
0,5,"Before: kmin - 1","Noise SD = 0.00",92,-0.562219628593794,0.337914599739711,0.465251622954383,"C2"
0,5,"Before: kmin - 1","Noise SD = 0.00",93,1.46914161326918,-0.400235218962983,0.218806670745835,"C1"
0,5,"Before: kmin - 1","Noise SD = 0.00",94,-0.0171350069645946,-1.87826790866982,0.891306948848069,"C3"
0,5,"Before: kmin - 1","Noise SD = 0.00",95,0.393902707012487,-0.898621243416569,0.358234190614894,"C1"
0,5,"Before: kmin - 1","Noise SD = 0.00",96,1.48182349395475,-0.241500180199772,0.196859565796331,"C1"
0,5,"Before: kmin - 1","Noise SD = 0.00",97,0.523793121485532,-0.929249563109591,0.345781859476119,"C1"
0,5,"Before: kmin - 1","Noise SD = 0.00",98,1.50205963795761,-1.18929641254729,0.964952562004328,"C3"
0,5,"Before: kmin - 1","Noise SD = 0.00",99,0.260983781170648,-0.843558102545649,0.371035319520161,"C1"
0,5,"Before: kmin - 1","Noise SD = 0.00",100,1.46833150698318,-0.403110965053129,0.219203646527603,"C1"
0,5,"Before: kmin - 1","Noise SD = 0.00",101,-1.05354743532836,-1.38094434408804,0.807401564205065,"C3"
0,5,"Before: kmin - 1","Noise SD = 0.00",102,-0.71812690896578,0.748019645949944,0.488820852711797,"C2"
0,5,"Before: kmin - 1","Noise SD = 0.00",103,-0.720736952793297,0.755246879860963,0.489239622838795,"C2"
0,5,"Before: kmin - 1","Noise SD = 0.00",104,-1.4430596106031,1.12245915792536,0.675086630042642,"C3"
0,5,"Before: kmin - 1","Noise SD = 0.00",105,1.46374316619607,-0.16347700712162,0.185927418759093,"C1"
0,5,"Before: kmin - 1","Noise SD = 0.00",106,-1.44571561784621,0.247131546527329,0.719899991992861,"C3"
0,5,"Before: kmin - 1","Noise SD = 0.00",107,-0.732780606808518,-1.72806765163721,0.840139389270917,"C3"
0,5,"Before: kmin - 1","Noise SD = 0.00",108,0.874865996124201,0.730001957331032,0.0936737225856632,"C1"
0,5,"Before: kmin - 1","Noise SD = 0.00",109,1.19957880014288,0.257379749054604,0.133716177195311,"C1"
0,5,"Before: kmin - 1","Noise SD = 0.00",110,-0.423121377773845,0.0172017657287886,0.44627738231793,"C2"
0,5,"Before: kmin - 1","Noise SD = 0.00",111,-1.45789412425287,0.60914266009381,0.702215530676767,"C3"
0,5,"Before: kmin - 1","Noise SD = 0.00",112,0.561796072141096,-1.71839146881666,0.92291100951843,"C3"
0,5,"Before: kmin - 1","Noise SD = 0.00",113,0.83313027821692,0.800506169020044,0.0888825617730618,"C1"
0,5,"Before: kmin - 1","Noise SD = 0.00",114,-1.45777439799142,0.596379523379067,0.702851514099166,"C3"
0,5,"Before: kmin - 1","Noise SD = 0.00",115,-0.568517365259565,0.35352564958144,0.46615297649987,"C2"
0,5,"Before: kmin - 1","Noise SD = 0.00",116,-0.921701334180911,1.32493092774073,0.524440453154966,"C2"
0,5,"Before: kmin - 1","Noise SD = 0.00",117,-0.15044937867549,-1.88760549026064,0.883076469646767,"C3"
0,5,"Before: kmin - 1","Noise SD = 0.00",118,0.494725232574123,-1.74504576568346,0.919530816143379,"C3"
0,5,"Before: kmin - 1","Noise SD = 0.00",119,1.47041298783387,-0.395572146042722,0.218163246056065,"C1"
0,5,"Before: kmin - 1","Noise SD = 0.00",120,1.41818874550003,-0.520753954555013,0.235670982860029,"C1"
0,5,"Before: kmin - 1","Noise SD = 0.00",121,1.38621641548004,-0.571252081418053,0.242982234340161,"C1"
0,5,"Before: kmin - 1","Noise SD = 0.00",122,0.388334497102985,1.86381064249837,0.0355256006587297,"C1"
0,5,"Before: kmin - 1","Noise SD = 0.00",123,0.67567297498431,-1.66910988216252,0.928511262871325,"C3"
0,5,"Before: kmin - 1","Noise SD = 0.00",124,-0.796405723279218,0.968206575859011,0.501775671029463,"C2"
0,5,"Before: kmin - 1","Noise SD = 0.00",125,-1.45631929680415,0.507693766108556,0.707239287206903,"C3"
0,5,"Before: kmin - 1","Noise SD = 0.00",126,-1.24924432777722,1.91416379573972,0.599933189572766,"C3"
0,5,"Before: kmin - 1","Noise SD = 0.00",127,-1.35574264273372,-0.504776101918826,0.756396918790415,"C3"
0,5,"Before: kmin - 1","Noise SD = 0.00",128,1.24317317134201,-0.724875719524355,0.26721472828649,"C1"
0,5,"Before: kmin - 1","Noise SD = 0.00",129,1.4422902955011,-0.473598232054451,0.229000388411805,"C1"
0,5,"Before: kmin - 1","Noise SD = 0.00",130,-1.2521176707507,1.91299300982926,0.600737662054598,"C3"
0,5,"Before: kmin - 1","Noise SD = 0.00",131,-1.21375747577373,1.91318724750126,0.59024479938671,"C3"
0,5,"Before: kmin - 1","Noise SD = 0.00",132,0.649946847600106,-1.6806696005372,0.927260796073824,"C3"
0,5,"Before: kmin - 1","Noise SD = 0.00",133,-1.33469017860192,1.7856624835108,0.625687938183546,"C3"
0,5,"Before: kmin - 1","Noise SD = 0.00",134,1.47279943830489,-0.1944952656083,0.190271869068965,"C1"
0,5,"Before: kmin - 1","Noise SD = 0.00",135,-1.45563207225488,0.479625799183108,0.708617713302374,"C3"
0,5,"Before: kmin - 1","Noise SD = 0.00",136,0.984944050184126,-0.87612161392052,0.299166257958859,"C1"
0,5,"Before: kmin - 1","Noise SD = 0.00",137,-0.44191394070755,-1.85698158285528,0.86330534121953,"C3"
0,5,"Before: kmin - 1","Noise SD = 0.00",138,-1.41949799833572,1.37248173560138,0.659891549265012,"C3"
0,5,"Before: kmin - 1","Noise SD = 0.00",139,-0.752180553691228,-1.71461914093789,0.83842443744652,"C3"
0,5,"Before: kmin - 1","Noise SD = 0.00",140,-1.45495799598874,0.88185474634857,0.688260046532378,"C3"
0,5,"Before: kmin - 1","Noise SD = 0.00",141,-0.859392313197938,1.14823527416863,0.512845787452534,"C2"
0,5,"Before: kmin - 1","Noise SD = 0.00",142,1.48483840870001,-0.294579378331186,0.204242422012612,"C1"
0,5,"Before: kmin - 1","Noise SD = 0.00",143,-0.718928759129661,0.750238963738908,0.48894941364415,"C2"
0,5,"Before: kmin - 1","Noise SD = 0.00",144,-1.00160074490387,1.54109400034368,0.540380778256804,"C2"
0,5,"Before: kmin - 1","Noise SD = 0.00",145,0.251327825029143,-0.838531179701804,0.371972574153915,"C1"
0,5,"Before: kmin - 1","Noise SD = 0.00",146,-1.37211455656328,-0.413971939555053,0.751868466846645,"C3"
0,5,"Before: kmin - 1","Noise SD = 0.00",147,-1.01272830447811,1.56952649926997,0.54270679387264,"C2"
0,5,"Before: kmin - 1","Noise SD = 0.00",148,1.19632116398421,-0.761190736000913,0.273709014290944,"C1"
0,5,"Before: kmin - 1","Noise SD = 0.00",149,0.213096023151822,2.65204718049278,0.0082406906876713,"C1"
0,5,"Before: kmin - 1","Noise SD = 0.00",150,0.657632185526867,1.13752380208214,0.0687518047634512,"C1"
0,5,"Before: kmin - 1","Noise SD = 0.00",151,-0.680246554032059,0.6442768745302,0.482838751748204,"C2"
0,5,"Before: kmin - 1","Noise SD = 0.00",152,1.20753168015319,-0.752945010292773,0.272195026511326,"C1"
0,5,"Before: kmin - 1","Noise SD = 0.00",153,1.2644935041841,-0.706598049060729,0.264095493126661,"C1"
0,5,"Before: kmin - 1","Noise SD = 0.00",154,1.25092876319781,0.188550983827074,0.141081128036603,"C1"
0,5,"Before: kmin - 1","Noise SD = 0.00",155,1.41378006751659,-0.528374365524936,0.236761612351984,"C1"
0,5,"Before: kmin - 1","Noise SD = 0.00",156,-1.38600089607428,-0.328158954884736,0.747640934074298,"C3"
0,5,"Before: kmin - 1","Noise SD = 0.00",157,-1.11097938736737,-1.27815388300209,0.800109896808863,"C3"
0,5,"Before: kmin - 1","Noise SD = 0.00",158,1.06089279110587,0.447018731540734,0.115691552171484,"C1"
0,5,"Before: kmin - 1","Noise SD = 0.00",159,-1.26901605390704,-0.869490556489885,0.775464338017628,"C3"
0,5,"Before: kmin - 1","Noise SD = 0.00",160,0.892907879616004,-0.906611413186766,0.309081808663905,"C1"
0,5,"Before: kmin - 1","Noise SD = 0.00",161,0.307002739897005,-1.80936723873383,0.909715083660558,"C3"
0,5,"Before: kmin - 1","Noise SD = 0.00",162,1.47120305312276,-0.18838029772728,0.189414444612339,"C1"
0,5,"Before: kmin - 1","Noise SD = 0.00",163,0.847362880084353,-0.917905790942012,0.313827242003754,"C1"
0,5,"Before: kmin - 1","Noise SD = 0.00",164,0.485052262159372,1.5615830257284,0.0480910493060946,"C1"
0,5,"Before: kmin - 1","Noise SD = 0.00",165,-1.24612460492084,-0.94414414771515,0.779620272573084,"C3"
0,5,"Before: kmin - 1","Noise SD = 0.00",166,-0.733877597287528,0.791773594672326,0.491361290216446,"C2"
0,5,"Before: kmin - 1","Noise SD = 0.00",167,-0.788979895972254,-1.6870214606929,0.83509817160666,"C3"
0,5,"Before: kmin - 1","Noise SD = 0.00",168,0.722129743649689,1.0049872519253,0.0761853891890496,"C1"
0,5,"Before: kmin - 1","Noise SD = 0.00",169,1.14829311248656,-0.793703348444351,0.279957720311359,"C1"
0,5,"Before: kmin - 1","Noise SD = 0.00",170,-1.35553131325246,1.71964900760552,0.63283795514144,"C3"
0,5,"Before: kmin - 1","Noise SD = 0.00",171,-1.38996051525468,-0.301892853940586,0.74635539832525,"C3"
0,5,"Before: kmin - 1","Noise SD = 0.00",172,-1.44197339179592,0.188061569748143,0.722740790341049,"C3"
0,5,"Before: kmin - 1","Noise SD = 0.00",173,1.37080720640607,-0.592438978764879,0.246118342736736,"C1"
0,5,"Before: kmin - 1","Noise SD = 0.00",174,1.48471978161038,-0.278028664599453,0.201949303038418,"C1"
0,5,"Before: kmin - 1","Noise SD = 0.00",175,-1.07649823550591,1.71982957117119,0.55659376992844,"C2"
0,5,"Before: kmin - 1","Noise SD = 0.00",176,0.872947558413148,0.733175989713429,0.0934528792276978,"C1"
0,5,"Before: kmin - 1","Noise SD = 0.00",177,1.32211699381691,0.0908164380667769,0.15237533999607,"C1"
0,5,"Before: kmin - 1","Noise SD = 0.00",178,-0.636465004216873,0.527401293002123,0.476137351477519,"C2"
0,5,"Before: kmin - 1","Noise SD = 0.00",179,0.705330754328879,-0.93772282061864,0.328140031779185,"C1"
0,5,"Before: kmin - 1","Noise SD = 0.00",180,-0.54388881353371,-1.82538559922498,0.855659369379282,"C3"
0,5,"Before: kmin - 1","Noise SD = 0.00",181,0.641970089789445,-0.939125719199252,0.334354943595827,"C1"
0,5,"Before: kmin - 1","Noise SD = 0.00",182,1.15850062092378,-0.787155213717991,0.278659163974226,"C1"
0,5,"Before: kmin - 1","Noise SD = 0.00",183,-0.381983609238858,-0.0683353206987599,0.440978627186269,"C2"
0,5,"Before: kmin - 1","Noise SD = 0.00",184,-0.374471854992117,-0.0834786798587808,0.4400251689367,"C2"
0,5,"Before: kmin - 1","Noise SD = 0.00",185,1.81624267181095,-0.962734646828412,0.977296904427931,"C3"
0,5,"Before: kmin - 1","Noise SD = 0.00",186,1.27826875848259,0.151557262791422,0.145238904282451,"C1"
0,5,"Before: kmin - 1","Noise SD = 0.00",187,-0.703200484622403,-1.74720019344279,0.84270612988621,"C3"
0,5,"Before: kmin - 1","Noise SD = 0.00",188,0.436555096474782,1.70556992274756,0.0419193957932293,"C1"
0,5,"Before: kmin - 1","Noise SD = 0.00",189,1.06934374800843,0.435103454649516,0.116735716816038,"C1"
0,5,"Before: kmin - 1","Noise SD = 0.00",190,-0.960708253522104,-1.51442719713816,0.818037616787478,"C3"
0,5,"Before: kmin - 1","Noise SD = 0.00",191,-1.44756386736855,0.279700132835913,0.71833058539778,"C3"
0,5,"Before: kmin - 1","Noise SD = 0.00",192,1.45138836774383,-0.45235721809249,0.226031198399141,"C1"
0,5,"Before: kmin - 1","Noise SD = 0.00",193,0.582269461777785,-0.936200708951724,0.340148094110191,"C1"
0,5,"Before: kmin - 1","Noise SD = 0.00",194,0.411171999223261,-0.903952140449494,0.356579177780077,"C1"
0,5,"Before: kmin - 1","Noise SD = 0.00",195,-1.36404824748767,-0.459953448623733,0.754153728717938,"C3"
0,5,"Before: kmin - 1","Noise SD = 0.00",196,0.73764443462292,-0.93524028509618,0.324936339398846,"C1"
0,5,"Before: kmin - 1","Noise SD = 0.00",197,-0.931067663867664,1.35107878236051,0.526243726024404,"C2"
0,5,"Before: kmin - 1","Noise SD = 0.00",198,0.437178818875983,-1.76642703326597,0.916579271433875,"C3"
0,5,"Before: kmin - 1","Noise SD = 0.00",199,0.255938097227268,-0.840949636531422,0.371524909744039,"C1"
0,5,"Before: kmin - 1","Noise SD = 0.00",200,1.07809834050754,-1.45945148358182,0.947080062935129,"C3"
0,6,"Selected: kmin","Noise SD = 0.00",1,0.803467028392718,-1.6082028540083,0.934602960711345,"C3"
0,6,"Selected: kmin","Noise SD = 0.00",2,-1.37575885705076,1.63800674591942,0.640336565673351,"C3"
0,6,"Selected: kmin","Noise SD = 0.00",3,-0.998677099502247,1.53353766998355,0.539774174569175,"C2"
0,6,"Selected: kmin","Noise SD = 0.00",4,1.24765448794539,-0.72113209102456,0.266568574821576,"C1"
0,6,"Selected: kmin","Noise SD = 0.00",5,0.899929958023181,0.68909085913287,0.096566071966663,"C1"
0,6,"Selected: kmin","Noise SD = 0.00",6,1.2009721035592,0.255514036133404,0.133909621974453,"C1"
0,6,"Selected: kmin","Noise SD = 0.00",7,1.48072808411262,-0.345592545861439,0.211279006209224,"C1"
0,6,"Selected: kmin","Noise SD = 0.00",8,1.11389340130668,-1.43842791109218,0.94865017477423,"C3"
0,6,"Selected: kmin","Noise SD = 0.00",9,-1.17164774987657,1.8806128214715,0.579310150118545,"C3"
0,6,"Selected: kmin","Noise SD = 0.00",10,-1.32340159048295,1.81488922809146,0.622002283344045,"C3"
0,6,"Selected: kmin","Noise SD = 0.00",11,-1.43017430254869,0.0383200742644046,0.729925628518686,"C3"
0,6,"Selected: kmin","Noise SD = 0.00",12,-1.06341077020753,-1.36454357501451,0.806193429743871,"C3"
0,6,"Selected: kmin","Noise SD = 0.00",13,0.355001246238283,1.9839209251314,0.0309129566885531,"C1"
0,6,"Selected: kmin","Noise SD = 0.00",14,-0.56247619220339,0.338548832634557,0.465288266539574,"C2"
0,6,"Selected: kmin","Noise SD = 0.00",15,-0.764143920250504,0.876703492841526,0.496334829134867,"C2"
0,6,"Selected: kmin","Noise SD = 0.00",16,1.48439477123729,-0.308181996854592,0.206122397910804,"C1"
0,6,"Selected: kmin","Noise SD = 0.00",17,-0.527853554347189,0.254327098716861,0.460400955285877,"C2"
0,6,"Selected: kmin","Noise SD = 0.00",18,-0.680297722167962,0.644415462433915,0.482846714323387,"C2"
0,6,"Selected: kmin","Noise SD = 0.00",19,0.080797878020178,-1.86381917973003,0.897089458769187,"C3"
0,6,"Selected: kmin","Noise SD = 0.00",20,1.23234872825198,0.213501653195373,0.138356370152906,"C1"
0,6,"Selected: kmin","Noise SD = 0.00",21,0.837346448460027,-0.920063287463169,0.314858996775001,"C1"
0,6,"Selected: kmin","Noise SD = 0.00",22,-0.846739826585923,1.11204792719704,0.51057206466794,"C2"
0,6,"Selected: kmin","Noise SD = 0.00",23,-1.43116979348781,0.0494674921530946,0.729390932014212,"C3"
0,6,"Selected: kmin","Noise SD = 0.00",24,-1.25271286422487,1.9127253466941,0.600904693361372,"C3"
0,6,"Selected: kmin","Noise SD = 0.00",25,-0.485791312008544,0.155829803950648,0.454613883746788,"C2"
0,6,"Selected: kmin","Noise SD = 0.00",26,1.04288567691792,0.47262385096247,0.113483893685043,"C1"
0,6,"Selected: kmin","Noise SD = 0.00",27,1.317656691288,0.0971126195305069,0.151617694413289,"C1"
0,6,"Selected: kmin","Noise SD = 0.00",28,0.32877804212954,2.08582711069012,0.0271460183430463,"C1"
0,6,"Selected: kmin","Noise SD = 0.00",29,-1.44877235223854,0.302590921582533,0.717225887347013,"C3"
0,6,"Selected: kmin","Noise SD = 0.00",30,-1.1730529059196,1.88216572461549,0.579665700439364,"C3"
0,6,"Selected: kmin","Noise SD = 0.00",31,-1.25637688182384,-0.911551404631736,0.777791964821517,"C3"
0,6,"Selected: kmin","Noise SD = 0.00",32,-1.03061701047814,1.61403783771761,0.54650466889143,"C2"
0,6,"Selected: kmin","Noise SD = 0.00",33,0.403875170876049,1.81096613814739,0.0376187835354358,"C1"
0,6,"Selected: kmin","Noise SD = 0.00",34,1.48225178518651,-0.333918007626912,0.209671256830916,"C1"
0,6,"Selected: kmin","Noise SD = 0.00",35,1.41688290977054,-0.0577680345378117,0.171383886132389,"C1"
0,6,"Selected: kmin","Noise SD = 0.00",36,0.374749498878491,1.91159193853979,0.033667185343802,"C1"
0,6,"Selected: kmin","Noise SD = 0.00",37,-1.44218057652702,0.191134531162159,0.722593151964247,"C3"
0,6,"Selected: kmin","Noise SD = 0.00",38,1.05031000351234,-0.847827432443362,0.291781231062487,"C1"
0,6,"Selected: kmin","Noise SD = 0.00",39,1.29290691669343,0.131526821657832,0.147549621528015,"C1"
0,6,"Selected: kmin","Noise SD = 0.00",40,-1.04860881233701,1.65710096540468,0.550399734638631,"C2"
0,6,"Selected: kmin","Noise SD = 0.00",41,-0.987412346676558,1.50411401873511,0.537454262608662,"C2"
0,6,"Selected: kmin","Noise SD = 0.00",42,0.486901276460568,1.55635479805961,0.0483221001923084,"C1"
0,6,"Selected: kmin","Noise SD = 0.00",43,0.984386699585695,-0.87633832366074,0.299227858427912,"C1"
0,6,"Selected: kmin","Noise SD = 0.00",44,0.451756227607209,-1.76114454191958,0.917331561213359,"C3"
0,6,"Selected: kmin","Noise SD = 0.00",45,0.250753892990843,2.44079217080164,0.0149344548117369,"C1"
0,6,"Selected: kmin","Noise SD = 0.00",46,0.208866659879943,2.67808239154634,0.00744169089011848,"C1"
0,6,"Selected: kmin","Noise SD = 0.00",47,-0.841468839226314,-1.64250900647882,0.830173080321401,"C3"
0,6,"Selected: kmin","Noise SD = 0.00",48,-0.743210913437304,0.817851584714089,0.49288191832602,"C2"
0,6,"Selected: kmin","Noise SD = 0.00",49,-0.709605382932484,0.724490892199815,0.487459625350311,"C2"
0,6,"Selected: kmin","Noise SD = 0.00",50,0.395021091926314,-0.898978603687922,0.358126984676346,"C1"
0,6,"Selected: kmin","Noise SD = 0.00",51,1.29637717193024,-0.676857740774424,0.259190891170874,"C1"
0,6,"Selected: kmin","Noise SD = 0.00",52,1.44653985110995,-0.118364019775934,0.17965303780511,"C1"
0,6,"Selected: kmin","Noise SD = 0.00",53,1.2501788848555,-0.719000778891167,0.266202436992899,"C1"
0,6,"Selected: kmin","Noise SD = 0.00",54,-1.21109934404267,1.91205810439853,0.589536999119446,"C3"
0,6,"Selected: kmin","Noise SD = 0.00",55,-1.05089052380684,-1.385280788556,0.807724132435396,"C3"
0,6,"Selected: kmin","Noise SD = 0.00",56,1.80628321466953,-0.97022077765358,0.976915959035978,"C3"
0,6,"Selected: kmin","Noise SD = 0.00",57,1.33442149763917,0.0732599387589178,0.154509680345654,"C1"
0,6,"Selected: kmin","Noise SD = 0.00",58,-1.0293165315189,-1.41926877493545,0.810300270095468,"C3"
0,6,"Selected: kmin","Noise SD = 0.00",59,-0.617733095195218,0.478507428462911,0.473336021881551,"C2"
0,6,"Selected: kmin","Noise SD = 0.00",60,-0.214122275863111,-1.88737930731133,0.878982509952039,"C3"
0,6,"Selected: kmin","Noise SD = 0.00",61,0.322301459814956,-0.872144125867011,0.365110938902944,"C1"
0,6,"Selected: kmin","Noise SD = 0.00",62,-1.45211731458199,0.375240212110785,0.71370889688842,"C3"
0,6,"Selected: kmin","Noise SD = 0.00",63,0.96579610030407,-0.883337337900522,0.301270701223984,"C1"
0,6,"Selected: kmin","Noise SD = 0.00",64,0.59251651543695,1.28405769349695,0.0611295851413161,"C1"
0,6,"Selected: kmin","Noise SD = 0.00",65,-0.471215465769839,0.122706678033504,0.452645275276154,"C2"
0,6,"Selected: kmin","Noise SD = 0.00",66,-1.45788003011696,0.607505397310975,0.702297183917835,"C3"
0,6,"Selected: kmin","Noise SD = 0.00",67,0.296157009730626,2.22352044930012,0.0222509992308915,"C1"
0,6,"Selected: kmin","Noise SD = 0.00",68,1.21452145627783,0.237376485480934,0.135807921877131,"C1"
0,6,"Selected: kmin","Noise SD = 0.00",69,1.92811853567535,-0.877361727383215,0.981532560195774,"C3"
0,6,"Selected: kmin","Noise SD = 0.00",70,0.391906172652128,-0.897979086658645,0.358425584156066,"C1"
0,6,"Selected: kmin","Noise SD = 0.00",71,1.35973985992047,0.0360368752462502,0.159138856688514,"C1"
0,6,"Selected: kmin","Noise SD = 0.00",72,0.608203663439842,1.24745309354464,0.0629803079646081,"C1"
0,6,"Selected: kmin","Noise SD = 0.00",73,0.977950675391813,0.5677544338578,0.105687235482037,"C1"
0,6,"Selected: kmin","Noise SD = 0.00",74,0.615856257934943,1.22990910468152,0.0638794819824398,"C1"
0,6,"Selected: kmin","Noise SD = 0.00",75,-1.02219544970685,-1.43002810212144,0.811134418938309,"C3"
0,6,"Selected: kmin","Noise SD = 0.00",76,-0.553445773521446,-1.82175005207321,0.854919226141647,"C3"
0,6,"Selected: kmin","Noise SD = 0.00",77,1.4848402554269,-0.283523202944477,0.202711365418509,"C1"
0,6,"Selected: kmin","Noise SD = 0.00",78,0.973703294156887,-0.880414636212626,0.300404587062076,"C1"
0,6,"Selected: kmin","Noise SD = 0.00",79,1.4184947134203,-0.0607466232604995,0.171784743200988,"C1"
0,6,"Selected: kmin","Noise SD = 0.00",80,-1.04117066630004,-1.40085895457842,0.808894120389596,"C3"
0,6,"Selected: kmin","Noise SD = 0.00",81,1.15768518390933,-0.787685216213903,0.278763446956873,"C1"
0,6,"Selected: kmin","Noise SD = 0.00",82,0.439614756601337,-0.911871194644665,0.353854389162734,"C1"
0,6,"Selected: kmin","Noise SD = 0.00",83,1.85317532398612,-0.934809322836489,0.978703966364264,"C3"
0,6,"Selected: kmin","Noise SD = 0.00",84,1.12735911792789,0.354807259847727,0.124067442724481,"C1"
0,6,"Selected: kmin","Noise SD = 0.00",85,1.43956454814127,-0.102748461603038,0.177501240512356,"C1"
0,6,"Selected: kmin","Noise SD = 0.00",86,-0.934060841500214,1.35940131370373,0.526823487365618,"C2"
0,6,"Selected: kmin","Noise SD = 0.00",87,-1.23058529368185,1.91705478235016,0.594782846281305,"C3"
0,6,"Selected: kmin","Noise SD = 0.00",88,0.704962683222142,-0.937744240339573,0.328176378039643,"C1"
0,6,"Selected: kmin","Noise SD = 0.00",89,0.237694129201959,2.51027633108767,0.0126899401657283,"C1"
0,6,"Selected: kmin","Noise SD = 0.00",90,-0.42664323355208,0.0247279653319133,0.446737228427082,"C2"
0,6,"Selected: kmin","Noise SD = 0.00",91,-1.43578264475071,0.104219148619771,0.726764942752197,"C3"
0,6,"Selected: kmin","Noise SD = 0.00",92,-0.562219628593794,0.337914599739711,0.465251622954383,"C2"
0,6,"Selected: kmin","Noise SD = 0.00",93,1.46914161326918,-0.400235218962983,0.218806670745835,"C1"
0,6,"Selected: kmin","Noise SD = 0.00",94,-0.0171350069645946,-1.87826790866982,0.891306948848069,"C3"
0,6,"Selected: kmin","Noise SD = 0.00",95,0.393902707012487,-0.898621243416569,0.358234190614894,"C1"
0,6,"Selected: kmin","Noise SD = 0.00",96,1.48182349395475,-0.241500180199772,0.196859565796331,"C1"
0,6,"Selected: kmin","Noise SD = 0.00",97,0.523793121485532,-0.929249563109591,0.345781859476119,"C1"
0,6,"Selected: kmin","Noise SD = 0.00",98,1.50205963795761,-1.18929641254729,0.964952562004328,"C3"
0,6,"Selected: kmin","Noise SD = 0.00",99,0.260983781170648,-0.843558102545649,0.371035319520161,"C1"
0,6,"Selected: kmin","Noise SD = 0.00",100,1.46833150698318,-0.403110965053129,0.219203646527603,"C1"
0,6,"Selected: kmin","Noise SD = 0.00",101,-1.05354743532836,-1.38094434408804,0.807401564205065,"C3"
0,6,"Selected: kmin","Noise SD = 0.00",102,-0.71812690896578,0.748019645949944,0.488820852711797,"C2"
0,6,"Selected: kmin","Noise SD = 0.00",103,-0.720736952793297,0.755246879860963,0.489239622838795,"C2"
0,6,"Selected: kmin","Noise SD = 0.00",104,-1.4430596106031,1.12245915792536,0.675086630042642,"C3"
0,6,"Selected: kmin","Noise SD = 0.00",105,1.46374316619607,-0.16347700712162,0.185927418759093,"C1"
0,6,"Selected: kmin","Noise SD = 0.00",106,-1.44571561784621,0.247131546527329,0.719899991992861,"C3"
0,6,"Selected: kmin","Noise SD = 0.00",107,-0.732780606808518,-1.72806765163721,0.840139389270917,"C3"
0,6,"Selected: kmin","Noise SD = 0.00",108,0.874865996124201,0.730001957331032,0.0936737225856632,"C1"
0,6,"Selected: kmin","Noise SD = 0.00",109,1.19957880014288,0.257379749054604,0.133716177195311,"C1"
0,6,"Selected: kmin","Noise SD = 0.00",110,-0.423121377773845,0.0172017657287886,0.44627738231793,"C2"
0,6,"Selected: kmin","Noise SD = 0.00",111,-1.45789412425287,0.60914266009381,0.702215530676767,"C3"
0,6,"Selected: kmin","Noise SD = 0.00",112,0.561796072141096,-1.71839146881666,0.92291100951843,"C3"
0,6,"Selected: kmin","Noise SD = 0.00",113,0.83313027821692,0.800506169020044,0.0888825617730618,"C1"
0,6,"Selected: kmin","Noise SD = 0.00",114,-1.45777439799142,0.596379523379067,0.702851514099166,"C3"
0,6,"Selected: kmin","Noise SD = 0.00",115,-0.568517365259565,0.35352564958144,0.46615297649987,"C2"
0,6,"Selected: kmin","Noise SD = 0.00",116,-0.921701334180911,1.32493092774073,0.524440453154966,"C2"
0,6,"Selected: kmin","Noise SD = 0.00",117,-0.15044937867549,-1.88760549026064,0.883076469646767,"C3"
0,6,"Selected: kmin","Noise SD = 0.00",118,0.494725232574123,-1.74504576568346,0.919530816143379,"C3"
0,6,"Selected: kmin","Noise SD = 0.00",119,1.47041298783387,-0.395572146042722,0.218163246056065,"C1"
0,6,"Selected: kmin","Noise SD = 0.00",120,1.41818874550003,-0.520753954555013,0.235670982860029,"C1"
0,6,"Selected: kmin","Noise SD = 0.00",121,1.38621641548004,-0.571252081418053,0.242982234340161,"C1"
0,6,"Selected: kmin","Noise SD = 0.00",122,0.388334497102985,1.86381064249837,0.0355256006587297,"C1"
0,6,"Selected: kmin","Noise SD = 0.00",123,0.67567297498431,-1.66910988216252,0.928511262871325,"C3"
0,6,"Selected: kmin","Noise SD = 0.00",124,-0.796405723279218,0.968206575859011,0.501775671029463,"C2"
0,6,"Selected: kmin","Noise SD = 0.00",125,-1.45631929680415,0.507693766108556,0.707239287206903,"C3"
0,6,"Selected: kmin","Noise SD = 0.00",126,-1.24924432777722,1.91416379573972,0.599933189572766,"C3"
0,6,"Selected: kmin","Noise SD = 0.00",127,-1.35574264273372,-0.504776101918826,0.756396918790415,"C3"
0,6,"Selected: kmin","Noise SD = 0.00",128,1.24317317134201,-0.724875719524355,0.26721472828649,"C1"
0,6,"Selected: kmin","Noise SD = 0.00",129,1.4422902955011,-0.473598232054451,0.229000388411805,"C1"
0,6,"Selected: kmin","Noise SD = 0.00",130,-1.2521176707507,1.91299300982926,0.600737662054598,"C3"
0,6,"Selected: kmin","Noise SD = 0.00",131,-1.21375747577373,1.91318724750126,0.59024479938671,"C3"
0,6,"Selected: kmin","Noise SD = 0.00",132,0.649946847600106,-1.6806696005372,0.927260796073824,"C3"
0,6,"Selected: kmin","Noise SD = 0.00",133,-1.33469017860192,1.7856624835108,0.625687938183546,"C3"
0,6,"Selected: kmin","Noise SD = 0.00",134,1.47279943830489,-0.1944952656083,0.190271869068965,"C1"
0,6,"Selected: kmin","Noise SD = 0.00",135,-1.45563207225488,0.479625799183108,0.708617713302374,"C3"
0,6,"Selected: kmin","Noise SD = 0.00",136,0.984944050184126,-0.87612161392052,0.299166257958859,"C1"
0,6,"Selected: kmin","Noise SD = 0.00",137,-0.44191394070755,-1.85698158285528,0.86330534121953,"C3"
0,6,"Selected: kmin","Noise SD = 0.00",138,-1.41949799833572,1.37248173560138,0.659891549265012,"C3"
0,6,"Selected: kmin","Noise SD = 0.00",139,-0.752180553691228,-1.71461914093789,0.83842443744652,"C3"
0,6,"Selected: kmin","Noise SD = 0.00",140,-1.45495799598874,0.88185474634857,0.688260046532378,"C3"
0,6,"Selected: kmin","Noise SD = 0.00",141,-0.859392313197938,1.14823527416863,0.512845787452534,"C2"
0,6,"Selected: kmin","Noise SD = 0.00",142,1.48483840870001,-0.294579378331186,0.204242422012612,"C1"
0,6,"Selected: kmin","Noise SD = 0.00",143,-0.718928759129661,0.750238963738908,0.48894941364415,"C2"
0,6,"Selected: kmin","Noise SD = 0.00",144,-1.00160074490387,1.54109400034368,0.540380778256804,"C2"
0,6,"Selected: kmin","Noise SD = 0.00",145,0.251327825029143,-0.838531179701804,0.371972574153915,"C1"
0,6,"Selected: kmin","Noise SD = 0.00",146,-1.37211455656328,-0.413971939555053,0.751868466846645,"C3"
0,6,"Selected: kmin","Noise SD = 0.00",147,-1.01272830447811,1.56952649926997,0.54270679387264,"C2"
0,6,"Selected: kmin","Noise SD = 0.00",148,1.19632116398421,-0.761190736000913,0.273709014290944,"C1"
0,6,"Selected: kmin","Noise SD = 0.00",149,0.213096023151822,2.65204718049278,0.0082406906876713,"C1"
0,6,"Selected: kmin","Noise SD = 0.00",150,0.657632185526867,1.13752380208214,0.0687518047634512,"C1"
0,6,"Selected: kmin","Noise SD = 0.00",151,-0.680246554032059,0.6442768745302,0.482838751748204,"C2"
0,6,"Selected: kmin","Noise SD = 0.00",152,1.20753168015319,-0.752945010292773,0.272195026511326,"C1"
0,6,"Selected: kmin","Noise SD = 0.00",153,1.2644935041841,-0.706598049060729,0.264095493126661,"C1"
0,6,"Selected: kmin","Noise SD = 0.00",154,1.25092876319781,0.188550983827074,0.141081128036603,"C1"
0,6,"Selected: kmin","Noise SD = 0.00",155,1.41378006751659,-0.528374365524936,0.236761612351984,"C1"
0,6,"Selected: kmin","Noise SD = 0.00",156,-1.38600089607428,-0.328158954884736,0.747640934074298,"C3"
0,6,"Selected: kmin","Noise SD = 0.00",157,-1.11097938736737,-1.27815388300209,0.800109896808863,"C3"
0,6,"Selected: kmin","Noise SD = 0.00",158,1.06089279110587,0.447018731540734,0.115691552171484,"C1"
0,6,"Selected: kmin","Noise SD = 0.00",159,-1.26901605390704,-0.869490556489885,0.775464338017628,"C3"
0,6,"Selected: kmin","Noise SD = 0.00",160,0.892907879616004,-0.906611413186766,0.309081808663905,"C1"
0,6,"Selected: kmin","Noise SD = 0.00",161,0.307002739897005,-1.80936723873383,0.909715083660558,"C3"
0,6,"Selected: kmin","Noise SD = 0.00",162,1.47120305312276,-0.18838029772728,0.189414444612339,"C1"
0,6,"Selected: kmin","Noise SD = 0.00",163,0.847362880084353,-0.917905790942012,0.313827242003754,"C1"
0,6,"Selected: kmin","Noise SD = 0.00",164,0.485052262159372,1.5615830257284,0.0480910493060946,"C1"
0,6,"Selected: kmin","Noise SD = 0.00",165,-1.24612460492084,-0.94414414771515,0.779620272573084,"C3"
0,6,"Selected: kmin","Noise SD = 0.00",166,-0.733877597287528,0.791773594672326,0.491361290216446,"C2"
0,6,"Selected: kmin","Noise SD = 0.00",167,-0.788979895972254,-1.6870214606929,0.83509817160666,"C3"
0,6,"Selected: kmin","Noise SD = 0.00",168,0.722129743649689,1.0049872519253,0.0761853891890496,"C1"
0,6,"Selected: kmin","Noise SD = 0.00",169,1.14829311248656,-0.793703348444351,0.279957720311359,"C1"
0,6,"Selected: kmin","Noise SD = 0.00",170,-1.35553131325246,1.71964900760552,0.63283795514144,"C3"
0,6,"Selected: kmin","Noise SD = 0.00",171,-1.38996051525468,-0.301892853940586,0.74635539832525,"C3"
0,6,"Selected: kmin","Noise SD = 0.00",172,-1.44197339179592,0.188061569748143,0.722740790341049,"C3"
0,6,"Selected: kmin","Noise SD = 0.00",173,1.37080720640607,-0.592438978764879,0.246118342736736,"C1"
0,6,"Selected: kmin","Noise SD = 0.00",174,1.48471978161038,-0.278028664599453,0.201949303038418,"C1"
0,6,"Selected: kmin","Noise SD = 0.00",175,-1.07649823550591,1.71982957117119,0.55659376992844,"C2"
0,6,"Selected: kmin","Noise SD = 0.00",176,0.872947558413148,0.733175989713429,0.0934528792276978,"C1"
0,6,"Selected: kmin","Noise SD = 0.00",177,1.32211699381691,0.0908164380667769,0.15237533999607,"C1"
0,6,"Selected: kmin","Noise SD = 0.00",178,-0.636465004216873,0.527401293002123,0.476137351477519,"C2"
0,6,"Selected: kmin","Noise SD = 0.00",179,0.705330754328879,-0.93772282061864,0.328140031779185,"C1"
0,6,"Selected: kmin","Noise SD = 0.00",180,-0.54388881353371,-1.82538559922498,0.855659369379282,"C3"
0,6,"Selected: kmin","Noise SD = 0.00",181,0.641970089789445,-0.939125719199252,0.334354943595827,"C1"
0,6,"Selected: kmin","Noise SD = 0.00",182,1.15850062092378,-0.787155213717991,0.278659163974226,"C1"
0,6,"Selected: kmin","Noise SD = 0.00",183,-0.381983609238858,-0.0683353206987599,0.440978627186269,"C2"
0,6,"Selected: kmin","Noise SD = 0.00",184,-0.374471854992117,-0.0834786798587808,0.4400251689367,"C2"
0,6,"Selected: kmin","Noise SD = 0.00",185,1.81624267181095,-0.962734646828412,0.977296904427931,"C3"
0,6,"Selected: kmin","Noise SD = 0.00",186,1.27826875848259,0.151557262791422,0.145238904282451,"C1"
0,6,"Selected: kmin","Noise SD = 0.00",187,-0.703200484622403,-1.74720019344279,0.84270612988621,"C3"
0,6,"Selected: kmin","Noise SD = 0.00",188,0.436555096474782,1.70556992274756,0.0419193957932293,"C1"
0,6,"Selected: kmin","Noise SD = 0.00",189,1.06934374800843,0.435103454649516,0.116735716816038,"C1"
0,6,"Selected: kmin","Noise SD = 0.00",190,-0.960708253522104,-1.51442719713816,0.818037616787478,"C3"
0,6,"Selected: kmin","Noise SD = 0.00",191,-1.44756386736855,0.279700132835913,0.71833058539778,"C3"
0,6,"Selected: kmin","Noise SD = 0.00",192,1.45138836774383,-0.45235721809249,0.226031198399141,"C1"
0,6,"Selected: kmin","Noise SD = 0.00",193,0.582269461777785,-0.936200708951724,0.340148094110191,"C1"
0,6,"Selected: kmin","Noise SD = 0.00",194,0.411171999223261,-0.903952140449494,0.356579177780077,"C1"
0,6,"Selected: kmin","Noise SD = 0.00",195,-1.36404824748767,-0.459953448623733,0.754153728717938,"C3"
0,6,"Selected: kmin","Noise SD = 0.00",196,0.73764443462292,-0.93524028509618,0.324936339398846,"C1"
0,6,"Selected: kmin","Noise SD = 0.00",197,-0.931067663867664,1.35107878236051,0.526243726024404,"C2"
0,6,"Selected: kmin","Noise SD = 0.00",198,0.437178818875983,-1.76642703326597,0.916579271433875,"C3"
0,6,"Selected: kmin","Noise SD = 0.00",199,0.255938097227268,-0.840949636531422,0.371524909744039,"C1"
0,6,"Selected: kmin","Noise SD = 0.00",200,1.07809834050754,-1.45945148358182,0.947080062935129,"C3"
