"sample","stage","level","feature_1","feature_4","color_position"
"sample_001","True positions","Noise SD = 0.25
Auto k=4; raw |Spearman|=0.691",0.508167685552546,-1.51334336137372,0.934602960711345
"sample_002","True positions","Noise SD = 0.25
Auto k=4; raw |Spearman|=0.691",-1.7444035955392,1.82303282635094,0.640336565673351
"sample_003","True positions","Noise SD = 0.25
Auto k=4; raw |Spearman|=0.691",-0.76692124588688,1.54389966339832,0.539774174569175
"sample_004","True positions","Noise SD = 0.25
Auto k=4; raw |Spearman|=0.691",0.982151782411474,-0.832519893925017,0.266568574821576
"sample_005","True positions","Noise SD = 0.25
Auto k=4; raw |Spearman|=0.691",0.653291665505209,0.577233559220043,0.096566071966663
"sample_006","True positions","Noise SD = 0.25
Auto k=4; raw |Spearman|=0.691",0.793397710745491,0.575327999010641,0.133909621974453
"sample_007","True positions","Noise SD = 0.25
Auto k=4; raw |Spearman|=0.691",1.67112265046465,-0.322889207829061,0.211279006209224
"sample_008","True positions","Noise SD = 0.25
Auto k=4; raw |Spearman|=0.691",0.92650622482149,-1.29307642919105,0.94865017477423
"sample_009","True positions","Noise SD = 0.25
Auto k=4; raw |Spearman|=0.691",-1.12573819015124,2.18669807225455,0.579310150118545
"sample_010","True positions","Noise SD = 0.25
Auto k=4; raw |Spearman|=0.691",-1.21007278677684,1.81506844012096,0.622002283344045
"sample_011","True positions","Noise SD = 0.25
Auto k=4; raw |Spearman|=0.691",-1.21919404482707,-0.152419401319482,0.729925628518686
"sample_012","True positions","Noise SD = 0.25
Auto k=4; raw |Spearman|=0.691",-1.12671919200548,-1.32562976268765,0.806193429743871
"sample_013","True positions","Noise SD = 0.25
Auto k=4; raw |Spearman|=0.691",0.541901794740442,1.60266302717571,0.0309129566885531
"sample_014","True positions","Noise SD = 0.25
Auto k=4; raw |Spearman|=0.691",-0.273862352129786,0.446439026008735,0.465288266539574
"sample_015","True positions","Noise SD = 0.25
Auto k=4; raw |Spearman|=0.691",-1.08389944977155,0.570344250876347,0.496334829134867
"sample_016","True positions","Noise SD = 0.25
Auto k=4; raw |Spearman|=0.691",1.33669091713728,-0.538847403904385,0.206122397910804
"sample_017","True positions","Noise SD = 0.25
Auto k=4; raw |Spearman|=0.691",-0.567638725786214,0.458915555652553,0.460400955285877
"sample_018","True positions","Noise SD = 0.25
Auto k=4; raw |Spearman|=0.691",-0.666951455900609,0.188439329105593,0.482846714323387
"sample_019","True positions","Noise SD = 0.25
Auto k=4; raw |Spearman|=0.691",0.237245648573035,-1.81232517016987,0.897089458769187
"sample_020","True positions","Noise SD = 0.25
Auto k=4; raw |Spearman|=0.691",1.11443847105892,0.372897276068054,0.138356370152906
"sample_021","True positions","Noise SD = 0.25
Auto k=4; raw |Spearman|=0.691",0.796305957892616,-0.867663263000599,0.314858996775001
"sample_022","True positions","Noise SD = 0.25
Auto k=4; raw |Spearman|=0.691",-1.11131942537147,1.37453401420297,0.51057206466794
"sample_023","True positions","Noise SD = 0.25
Auto k=4; raw |Spearman|=0.691",-1.13572732872075,-0.403179349677662,0.729390932014212
"sample_024","True positions","Noise SD = 0.25
Auto k=4; raw |Spearman|=0.691",-1.4769954681885,2.34444575894784,0.600904693361372
"sample_025","True positions","Noise SD = 0.25
Auto k=4; raw |Spearman|=0.691",-0.664599606551695,0.0842972601371642,0.454613883746788
"sample_026","True positions","Noise SD = 0.25
Auto k=4; raw |Spearman|=0.691",0.8487557186198,0.588778783746939,0.113483893685043
"sample_027","True positions","Noise SD = 0.25
Auto k=4; raw |Spearman|=0.691",1.45787572569583,0.0765268371265738,0.151617694413289
"sample_028","True positions","Noise SD = 0.25
Auto k=4; raw |Spearman|=0.691",0.540663349150971,2.40239797842761,0.0271460183430463
"sample_029","True positions","Noise SD = 0.25
Auto k=4; raw |Spearman|=0.691",-1.47955032201164,0.240482636813405,0.717225887347013
"sample_030","True positions","Noise SD = 0.25
Auto k=4; raw |Spearman|=0.691",-0.655259776187799,1.83122345476217,0.579665700439364
"sample_031","True positions","Noise SD = 0.25
Auto k=4; raw |Spearman|=0.691",-1.54595877047591,-1.07780990473598,0.777791964821517
"sample_032","True positions","Noise SD = 0.25
Auto k=4; raw |Spearman|=0.691",-0.949189429622497,1.93533689706668,0.54650466889143
"sample_033","True positions","Noise SD = 0.25
Auto k=4; raw |Spearman|=0.691",0.484119407596584,2.35393435789807,0.0376187835354358
"sample_034","True positions","Noise SD = 0.25
Auto k=4; raw |Spearman|=0.691",1.34458849796914,-0.380387185520121,0.209671256830916
"sample_035","True positions","Noise SD = 0.25
Auto k=4; raw |Spearman|=0.691",1.24769611867302,0.082073285414094,0.171383886132389
"sample_036","True positions","Noise SD = 0.25
Auto k=4; raw |Spearman|=0.691",0.451685061459338,2.07822356894471,0.033667185343802
"sample_037","True positions","Noise SD = 0.25
Auto k=4; raw |Spearman|=0.691",-1.85313047651819,-0.0363112014093012,0.722593151964247
"sample_038","True positions","Noise SD = 0.25
Auto k=4; raw |Spearman|=0.691",1.26602277158484,-0.993927039904526,0.291781231062487
"sample_039","True positions","Noise SD = 0.25
Auto k=4; raw |Spearman|=0.691",0.683136444743537,-0.261555347251159,0.147549621528015
"sample_040","True positions","Noise SD = 0.25
Auto k=4; raw |Spearman|=0.691",-0.634500787229738,1.20605245865579,0.550399734638631
"sample_041","True positions","Noise SD = 0.25
Auto k=4; raw |Spearman|=0.691",-1.21970559615188,1.80760064440913,0.537454262608662
"sample_042","True positions","Noise SD = 0.25
Auto k=4; raw |Spearman|=0.691",0.622749781538668,1.15656766051603,0.0483221001923084
"sample_043","True positions","Noise SD = 0.25
Auto k=4; raw |Spearman|=0.691",1.07555563427684,-0.678814099400788,0.299227858427912
"sample_044","True positions","Noise SD = 0.25
Auto k=4; raw |Spearman|=0.691",0.507453712283872,-1.88823019470605,0.917331561213359
"sample_045","True positions","Noise SD = 0.25
Auto k=4; raw |Spearman|=0.691",0.474964526515869,2.15507564339315,0.0149344548117369
"sample_046","True positions","Noise SD = 0.25
Auto k=4; raw |Spearman|=0.691",0.627931705088134,2.5690497598116,0.00744169089011848
"sample_047","True positions","Noise SD = 0.25
Auto k=4; raw |Spearman|=0.691",-0.525862085388232,-1.76257837693306,0.830173080321401
"sample_048","True positions","Noise SD = 0.25
Auto k=4; raw |Spearman|=0.691",-0.788819967810161,0.477990044531175,0.49288191832602
"sample_049","True positions","Noise SD = 0.25
Auto k=4; raw |Spearman|=0.691",-0.742577030696084,0.65709335479543,0.487459625350311
"sample_050","True positions","Noise SD = 0.25
Auto k=4; raw |Spearman|=0.691",0.246196575678189,-0.830056721813391,0.358126984676346
"sample_051","True positions","Noise SD = 0.25
Auto k=4; raw |Spearman|=0.691",1.40312429346508,-0.731783349440608,0.259190891170874
"sample_052","True positions","Noise SD = 0.25
Auto k=4; raw |Spearman|=0.691",1.39541312153631,0.0605576701477021,0.17965303780511
"sample_053","True positions","Noise SD = 0.25
Auto k=4; raw |Spearman|=0.691",1.84884783972022,-0.596105960506996,0.266202436992899
"sample_054","True positions","Noise SD = 0.25
Auto k=4; raw |Spearman|=0.691",-1.10397740992568,2.090944698669,0.589536999119446
"sample_055","True positions","Noise SD = 0.25
Auto k=4; raw |Spearman|=0.691",-0.915436995505912,-1.84899487279992,0.807724132435396
"sample_056","True positions","Noise SD = 0.25
Auto k=4; raw |Spearman|=0.691",1.68174973754558,-0.866172636022114,0.976915959035978
"sample_057","True positions","Noise SD = 0.25
Auto k=4; raw |Spearman|=0.691",1.42574209236311,0.261520320255219,0.154509680345654
"sample_058","True positions","Noise SD = 0.25
Auto k=4; raw |Spearman|=0.691",-1.25103045034411,-1.20575261643185,0.810300270095468
"sample_059","True positions","Noise SD = 0.25
Auto k=4; raw |Spearman|=0.691",-0.778650349105362,0.858399763845572,0.473336021881551
"sample_060","True positions","Noise SD = 0.25
Auto k=4; raw |Spearman|=0.691",-0.0916172977791688,-2.09158070648828,0.878982509952039
"sample_061","True positions","Noise SD = 0.25
Auto k=4; raw |Spearman|=0.691",0.521733482777266,-1.17049801309803,0.365110938902944
"sample_062","True positions","Noise SD = 0.25
Auto k=4; raw |Spearman|=0.691",-1.73359168061776,0.0688665552528768,0.71370889688842
"sample_063","True positions","Noise SD = 0.25
Auto k=4; raw |Spearman|=0.691",0.609892547014906,-0.830969188986938,0.301270701223984
"sample_064","True positions","Noise SD = 0.25
Auto k=4; raw |Spearman|=0.691",0.450654874929301,1.05510609216682,0.0611295851413161
"sample_065","True positions","Noise SD = 0.25
Auto k=4; raw |Spearman|=0.691",-0.844173082761518,-0.0664024404622168,0.452645275276154
"sample_066","True positions","Noise SD = 0.25
Auto k=4; raw |Spearman|=0.691",-1.41338454025613,0.563463978371527,0.702297183917835
"sample_067","True positions","Noise SD = 0.25
Auto k=4; raw |Spearman|=0.691",0.391430218705688,2.36598818032742,0.0222509992308915
"sample_068","True positions","Noise SD = 0.25
Auto k=4; raw |Spearman|=0.691",1.08870104022287,0.330507173745406,0.135807921877131
"sample_069","True positions","Noise SD = 0.25
Auto k=4; raw |Spearman|=0.691",1.47671793904092,-0.946132655306452,0.981532560195774
"sample_070","True positions","Noise SD = 0.25
Auto k=4; raw |Spearman|=0.691",0.50126653421876,-1.02905761306966,0.358425584156066
"sample_071","True positions","Noise SD = 0.25
Auto k=4; raw |Spearman|=0.691",1.68069490081447,0.267330258100062,0.159138856688514
"sample_072","True positions","Noise SD = 0.25
Auto k=4; raw |Spearman|=0.691",0.751951715884812,1.2676798747712,0.0629803079646081
"sample_073","True positions","Noise SD = 0.25
Auto k=4; raw |Spearman|=0.691",0.928253244309677,0.455684365450404,0.105687235482037
"sample_074","True positions","Noise SD = 0.25
Auto k=4; raw |Spearman|=0.691",0.381103857272747,1.27072112913805,0.0638794819824398
"sample_075","True positions","Noise SD = 0.25
Auto k=4; raw |Spearman|=0.691",-0.960681230623371,-0.743587975054915,0.811134418938309
"sample_076","True positions","Noise SD = 0.25
Auto k=4; raw |Spearman|=0.691",-0.539229743755678,-1.73763865373823,0.854919226141647
"sample_077","True positions","Noise SD = 0.25
Auto k=4; raw |Spearman|=0.691",1.23323182781669,-0.132468527630834,0.202711365418509
"sample_078","True positions","Noise SD = 0.25
Auto k=4; raw |Spearman|=0.691",1.38861702973186,-0.568634279388234,0.300404587062076
"sample_079","True positions","Noise SD = 0.25
Auto k=4; raw |Spearman|=0.691",1.61626470127998,0.065975070719153,0.171784743200988
"sample_080","True positions","Noise SD = 0.25
Auto k=4; raw |Spearman|=0.691",-1.34063191970146,-1.73240500041807,0.808894120389596
"sample_081","True positions","Noise SD = 0.25
Auto k=4; raw |Spearman|=0.691",1.03757634908853,-0.700118188981894,0.278763446956873
"sample_082","True positions","Noise SD = 0.25
Auto k=4; raw |Spearman|=0.691",0.698782054805088,-0.960337999118939,0.353854389162734
"sample_083","True positions","Noise SD = 0.25
Auto k=4; raw |Spearman|=0.691",1.7847736597193,-1.00586541641634,0.978703966364264
"sample_084","True positions","Noise SD = 0.25
Auto k=4; raw |Spearman|=0.691",1.0167253402353,0.479236145208018,0.124067442724481
"sample_085","True positions","Noise SD = 0.25
Auto k=4; raw |Spearman|=0.691",1.31111868605701,-0.405474992743285,0.177501240512356
"sample_086","True positions","Noise SD = 0.25
Auto k=4; raw |Spearman|=0.691",-0.542410835821307,1.28931581905876,0.526823487365618
"sample_087","True positions","Noise SD = 0.25
Auto k=4; raw |Spearman|=0.691",-0.765205051430881,2.15672143287455,0.594782846281305
"sample_088","True positions","Noise SD = 0.25
Auto k=4; raw |Spearman|=0.691",0.895847387256806,-1.01570940729247,0.328176378039643
"sample_089","True positions","Noise SD = 0.25
Auto k=4; raw |Spearman|=0.691",0.241793994531843,2.25497722037328,0.0126899401657283
"sample_090","True positions","Noise SD = 0.25
Auto k=4; raw |Spearman|=0.691",-0.307580756873932,0.0250865325323794,0.446737228427082
"sample_091","True positions","Noise SD = 0.25
Auto k=4; raw |Spearman|=0.691",-1.32057453272293,-0.069508816500006,0.726764942752197
"sample_092","True positions","Noise SD = 0.25
Auto k=4; raw |Spearman|=0.691",-0.525274559973627,0.742268484109868,0.465251622954383
"sample_093","True positions","Noise SD = 0.25
Auto k=4; raw |Spearman|=0.691",0.950469140809146,-0.421155403897917,0.218806670745835
"sample_094","True positions","Noise SD = 0.25
Auto k=4; raw |Spearman|=0.691",0.242729396130107,-2.18765046495689,0.891306948848069
"sample_095","True positions","Noise SD = 0.25
Auto k=4; raw |Spearman|=0.691",0.25817389165901,-1.08739509640749,0.358234190614894
"sample_096","True positions","Noise SD = 0.25
Auto k=4; raw |Spearman|=0.691",1.35946630451578,-0.0862366744520971,0.196859565796331
"sample_097","True positions","Noise SD = 0.25
Auto k=4; raw |Spearman|=0.691",0.588544677784764,-0.925788692639109,0.345781859476119
"sample_098","True positions","Noise SD = 0.25
Auto k=4; raw |Spearman|=0.691",1.50890573164176,-0.910771335402927,0.964952562004328
"sample_099","True positions","Noise SD = 0.25
Auto k=4; raw |Spearman|=0.691",-0.0331062106904397,-0.718849776103497,0.371035319520161
"sample_100","True positions","Noise SD = 0.25
Auto k=4; raw |Spearman|=0.691",1.42907900351733,-0.536352333329135,0.219203646527603
"sample_101","True positions","Noise SD = 0.25
Auto k=4; raw |Spearman|=0.691",-1.18989020788383,-1.13211100089171,0.807401564205065
"sample_102","True positions","Noise SD = 0.25
Auto k=4; raw |Spearman|=0.691",-0.800104908603369,0.612143499503765,0.488820852711797
"sample_103","True positions","Noise SD = 0.25
Auto k=4; raw |Spearman|=0.691",-0.46703992702897,0.317181870790753,0.489239622838795
"sample_104","True positions","Noise SD = 0.25
Auto k=4; raw |Spearman|=0.691",-1.5536905002672,1.0071139138875,0.675086630042642
"sample_105","True positions","Noise SD = 0.25
Auto k=4; raw |Spearman|=0.691",1.45801689414519,0.380510379913107,0.185927418759093
"sample_106","True positions","Noise SD = 0.25
Auto k=4; raw |Spearman|=0.691",-1.45967736272252,0.184385838040027,0.719899991992861
"sample_107","True positions","Noise SD = 0.25
Auto k=4; raw |Spearman|=0.691",-0.797309541275508,-2.13202276820659,0.840139389270917
"sample_108","True positions","Noise SD = 0.25
Auto k=4; raw |Spearman|=0.691",0.993382122465859,0.811882006967883,0.0936737225856632
"sample_109","True positions","Noise SD = 0.25
Auto k=4; raw |Spearman|=0.691",1.06204288252238,-0.0466206258372721,0.133716177195311
"sample_110","True positions","Noise SD = 0.25
Auto k=4; raw |Spearman|=0.691",0.0480080537327122,-0.577638242207823,0.44627738231793
"sample_111","True positions","Noise SD = 0.25
Auto k=4; raw |Spearman|=0.691",-1.23854336104345,0.781778293044824,0.702215530676767
"sample_112","True positions","Noise SD = 0.25
Auto k=4; raw |Spearman|=0.691",0.632557286294468,-1.67922649008092,0.92291100951843
"sample_113","True positions","Noise SD = 0.25
Auto k=4; raw |Spearman|=0.691",0.879784407558255,0.354706144293208,0.0888825617730618
"sample_114","True positions","Noise SD = 0.25
Auto k=4; raw |Spearman|=0.691",-1.70275215645948,0.637066336064089,0.702851514099166
"sample_115","True positions","Noise SD = 0.25
Auto k=4; raw |Spearman|=0.691",-0.930271969696908,0.500806016209405,0.46615297649987
"sample_116","True positions","Noise SD = 0.25
Auto k=4; raw |Spearman|=0.691",-1.02239015023221,1.31086964709388,0.524440453154966
"sample_117","True positions","Noise SD = 0.25
Auto k=4; raw |Spearman|=0.691",-0.117330494437547,-2.06158945687584,0.883076469646767
"sample_118","True positions","Noise SD = 0.25
Auto k=4; raw |Spearman|=0.691",0.969220723775652,-1.90654524362605,0.919530816143379
"sample_119","True positions","Noise SD = 0.25
Auto k=4; raw |Spearman|=0.691",1.56223265612593,-0.652004073902473,0.218163246056065
"sample_120","True positions","Noise SD = 0.25
Auto k=4; raw |Spearman|=0.691",1.63618476665388,-0.521562624275121,0.235670982860029
"sample_121","True positions","Noise SD = 0.25
Auto k=4; raw |Spearman|=0.691",1.39420866859543,-0.5774983966021,0.242982234340161
"sample_122","True positions","Noise SD = 0.25
Auto k=4; raw |Spearman|=0.691",0.116614785104957,2.14532866781731,0.0355256006587297
"sample_123","True positions","Noise SD = 0.25
Auto k=4; raw |Spearman|=0.691",0.340558684409228,-1.68091842649565,0.928511262871325
"sample_124","True positions","Noise SD = 0.25
Auto k=4; raw |Spearman|=0.691",-0.773639447338224,1.03300264311448,0.501775671029463
"sample_125","True positions","Noise SD = 0.25
Auto k=4; raw |Spearman|=0.691",-2.24702823747212,0.313244436243458,0.707239287206903
"sample_126","True positions","Noise SD = 0.25
Auto k=4; raw |Spearman|=0.691",-1.4705488308022,1.61060589218431,0.599933189572766
"sample_127","True positions","Noise SD = 0.25
Auto k=4; raw |Spearman|=0.691",-0.987636230829434,-0.528494511699788,0.756396918790415
"sample_128","True positions","Noise SD = 0.25
Auto k=4; raw |Spearman|=0.691",1.13748423245982,-0.51489903726083,0.26721472828649
"sample_129","True positions","Noise SD = 0.25
Auto k=4; raw |Spearman|=0.691",1.65179059415568,-0.348259732443892,0.229000388411805
"sample_130","True positions","Noise SD = 0.25
Auto k=4; raw |Spearman|=0.691",-1.18755313697307,2.57003984762091,0.600737662054598
"sample_131","True positions","Noise SD = 0.25
Auto k=4; raw |Spearman|=0.691",-1.07968225863322,2.06125311188485,0.59024479938671
"sample_132","True positions","Noise SD = 0.25
Auto k=4; raw |Spearman|=0.691",0.466894009902228,-1.64267707753651,0.927260796073824
"sample_133","True positions","Noise SD = 0.25
Auto k=4; raw |Spearman|=0.691",-1.78845555629134,2.31845275545724,0.625687938183546
"sample_134","True positions","Noise SD = 0.25
Auto k=4; raw |Spearman|=0.691",1.22951260112724,0.0408827976221585,0.190271869068965
"sample_135","True positions","Noise SD = 0.25
Auto k=4; raw |Spearman|=0.691",-1.483410844149,0.38826254132438,0.708617713302374
"sample_136","True positions","Noise SD = 0.25
Auto k=4; raw |Spearman|=0.691",1.16528980721658,-0.746733323915395,0.299166257958859
"sample_137","True positions","Noise SD = 0.25
Auto k=4; raw |Spearman|=0.691",-0.48685665701206,-2.16594397362542,0.86330534121953
"sample_138","True positions","Noise SD = 0.25
Auto k=4; raw |Spearman|=0.691",-1.12439704818292,1.45270867949178,0.659891549265012
"sample_139","True positions","Noise SD = 0.25
Auto k=4; raw |Spearman|=0.691",-1.19960092881797,-1.93728713382168,0.83842443744652
"sample_140","True positions","Noise SD = 0.25
Auto k=4; raw |Spearman|=0.691",-1.46385820279563,0.719846447848979,0.688260046532378
"sample_141","True positions","Noise SD = 0.25
Auto k=4; raw |Spearman|=0.691",-0.712213801826845,1.17569330396265,0.512845787452534
"sample_142","True positions","Noise SD = 0.25
Auto k=4; raw |Spearman|=0.691",1.41540631977247,-0.32191420406325,0.204242422012612
"sample_143","True positions","Noise SD = 0.25
Auto k=4; raw |Spearman|=0.691",-0.502260056172893,0.496391806370891,0.48894941364415
"sample_144","True positions","Noise SD = 0.25
Auto k=4; raw |Spearman|=0.691",-0.999406394607148,1.46002469082474,0.540380778256804
"sample_145","True positions","Noise SD = 0.25
Auto k=4; raw |Spearman|=0.691",0.38511322359494,-1.18591615778626,0.371972574153915
"sample_146","True positions","Noise SD = 0.25
Auto k=4; raw |Spearman|=0.691",-1.570112641536,0.00784154826924427,0.751868466846645
"sample_147","True positions","Noise SD = 0.25
Auto k=4; raw |Spearman|=0.691",-1.20913740312458,2.41826446001543,0.54270679387264
"sample_148","True positions","Noise SD = 0.25
Auto k=4; raw |Spearman|=0.691",0.947554980482968,-0.935966675842089,0.273709014290944
"sample_149","True positions","Noise SD = 0.25
Auto k=4; raw |Spearman|=0.691",0.113009747814429,2.54363532868661,0.0082406906876713
"sample_150","True positions","Noise SD = 0.25
Auto k=4; raw |Spearman|=0.691",0.760003711628276,1.04118575118056,0.0687518047634512
"sample_151","True positions","Noise SD = 0.25
Auto k=4; raw |Spearman|=0.691",-0.244788091208298,0.46009266906205,0.482838751748204
"sample_152","True positions","Noise SD = 0.25
Auto k=4; raw |Spearman|=0.691",0.649009427451881,-1.17659549304958,0.272195026511326
"sample_153","True positions","Noise SD = 0.25
Auto k=4; raw |Spearman|=0.691",0.915032812543418,-0.245522023484873,0.264095493126661
"sample_154","True positions","Noise SD = 0.25
Auto k=4; raw |Spearman|=0.691",1.2841204259532,-0.117216411034733,0.141081128036603
"sample_155","True positions","Noise SD = 0.25
Auto k=4; raw |Spearman|=0.691",1.51058634958363,-0.490188726875386,0.236761612351984
"sample_156","True positions","Noise SD = 0.25
Auto k=4; raw |Spearman|=0.691",-1.72558359300595,-0.571291902915067,0.747640934074298
"sample_157","True positions","Noise SD = 0.25
Auto k=4; raw |Spearman|=0.691",-1.26904061189086,-0.923440088738445,0.800109896808863
"sample_158","True positions","Noise SD = 0.25
Auto k=4; raw |Spearman|=0.691",0.58487010649349,0.670935726745374,0.115691552171484
"sample_159","True positions","Noise SD = 0.25
Auto k=4; raw |Spearman|=0.691",-1.63303058243404,-1.05217994250419,0.775464338017628
"sample_160","True positions","Noise SD = 0.25
Auto k=4; raw |Spearman|=0.691",0.969181812806825,-0.981590865546556,0.309081808663905
"sample_161","True positions","Noise SD = 0.25
Auto k=4; raw |Spearman|=0.691",0.406723347705048,-1.6778999264536,0.909715083660558
"sample_162","True positions","Noise SD = 0.25
Auto k=4; raw |Spearman|=0.691",0.86751473326232,0.42732173779071,0.189414444612339
"sample_163","True positions","Noise SD = 0.25
Auto k=4; raw |Spearman|=0.691",0.965815517254538,-1.2089071024099,0.313827242003754
"sample_164","True positions","Noise SD = 0.25
Auto k=4; raw |Spearman|=0.691",0.395575622433598,1.77923743789483,0.0480910493060946
"sample_165","True positions","Noise SD = 0.25
Auto k=4; raw |Spearman|=0.691",-1.16335863416922,-0.964865418658287,0.779620272573084
"sample_166","True positions","Noise SD = 0.25
Auto k=4; raw |Spearman|=0.691",-0.909210585890675,0.775794109200702,0.491361290216446
"sample_167","True positions","Noise SD = 0.25
Auto k=4; raw |Spearman|=0.691",-0.963898265369107,-1.28043568244237,0.83509817160666
"sample_168","True positions","Noise SD = 0.25
Auto k=4; raw |Spearman|=0.691",0.838275567479529,1.22563510756229,0.0761853891890496
"sample_169","True positions","Noise SD = 0.25
Auto k=4; raw |Spearman|=0.691",1.30797363098621,-0.89172611591464,0.279957720311359
"sample_170","True positions","Noise SD = 0.25
Auto k=4; raw |Spearman|=0.691",-1.33729984269795,1.68747635267585,0.63283795514144
"sample_171","True positions","Noise SD = 0.25
Auto k=4; raw |Spearman|=0.691",-1.21583596217479,-0.664879312905401,0.74635539832525
"sample_172","True positions","Noise SD = 0.25
Auto k=4; raw |Spearman|=0.691",-1.4495553222971,0.0787148237034999,0.722740790341049
"sample_173","True positions","Noise SD = 0.25
Auto k=4; raw |Spearman|=0.691",1.75820458629981,-0.647606002280263,0.246118342736736
"sample_174","True positions","Noise SD = 0.25
Auto k=4; raw |Spearman|=0.691",1.68521975633489,-0.165918952313282,0.201949303038418
"sample_175","True positions","Noise SD = 0.25
Auto k=4; raw |Spearman|=0.691",-0.706847778528712,1.76983580697145,0.55659376992844
"sample_176","True positions","Noise SD = 0.25
Auto k=4; raw |Spearman|=0.691",0.934841345565548,1.04799323605406,0.0934528792276978
"sample_177","True positions","Noise SD = 0.25
Auto k=4; raw |Spearman|=0.691",1.59526585435698,0.0617370614015526,0.15237533999607
"sample_178","True positions","Noise SD = 0.25
Auto k=4; raw |Spearman|=0.691",-0.903066009909931,0.306756126495741,0.476137351477519
"sample_179","True positions","Noise SD = 0.25
Auto k=4; raw |Spearman|=0.691",0.815673733845872,-1.18685031524768,0.328140031779185
"sample_180","True positions","Noise SD = 0.25
Auto k=4; raw |Spearman|=0.691",-0.534023940921351,-1.70665689540843,0.855659369379282
"sample_181","True positions","Noise SD = 0.25
Auto k=4; raw |Spearman|=0.691",0.741772746821525,-1.27992818935529,0.334354943595827
"sample_182","True positions","Noise SD = 0.25
Auto k=4; raw |Spearman|=0.691",0.631004544500918,-0.20301055389023,0.278659163974226
"sample_183","True positions","Noise SD = 0.25
Auto k=4; raw |Spearman|=0.691",-0.597147083617364,0.0598271128857204,0.440978627186269
"sample_184","True positions","Noise SD = 0.25
Auto k=4; raw |Spearman|=0.691",-0.300330816416588,-0.106539587043528,0.4400251689367
"sample_185","True positions","Noise SD = 0.25
Auto k=4; raw |Spearman|=0.691",1.95103904855048,-0.680382504266951,0.977296904427931
"sample_186","True positions","Noise SD = 0.25
Auto k=4; raw |Spearman|=0.691",1.21665227396356,-0.214808725482664,0.145238904282451
"sample_187","True positions","Noise SD = 0.25
Auto k=4; raw |Spearman|=0.691",-0.32545508797057,-1.4274325734352,0.84270612988621
"sample_188","True positions","Noise SD = 0.25
Auto k=4; raw |Spearman|=0.691",0.386630329459929,1.18759789768119,0.0419193957932293
"sample_189","True positions","Noise SD = 0.25
Auto k=4; raw |Spearman|=0.691",0.954797878815438,0.0801595171376324,0.116735716816038
"sample_190","True positions","Noise SD = 0.25
Auto k=4; raw |Spearman|=0.691",-0.901414721322821,-1.48954585572392,0.818037616787478
"sample_191","True positions","Noise SD = 0.25
Auto k=4; raw |Spearman|=0.691",-1.6110469574661,0.648344688551496,0.71833058539778
"sample_192","True positions","Noise SD = 0.25
Auto k=4; raw |Spearman|=0.691",1.49635297334242,-0.432260642427689,0.226031198399141
"sample_193","True positions","Noise SD = 0.25
Auto k=4; raw |Spearman|=0.691",0.535820227058913,-0.984158336959447,0.340148094110191
"sample_194","True positions","Noise SD = 0.25
Auto k=4; raw |Spearman|=0.691",0.525712859564666,-0.745530257687313,0.356579177780077
"sample_195","True positions","Noise SD = 0.25
Auto k=4; raw |Spearman|=0.691",-1.12470525909938,-0.450123233637084,0.754153728717938
"sample_196","True positions","Noise SD = 0.25
Auto k=4; raw |Spearman|=0.691",0.310877638411415,-0.886000224438123,0.324936339398846
"sample_197","True positions","Noise SD = 0.25
Auto k=4; raw |Spearman|=0.691",-1.12875149397267,1.57480642164206,0.526243726024404
"sample_198","True positions","Noise SD = 0.25
Auto k=4; raw |Spearman|=0.691",0.565150852513504,-1.44866564253794,0.916579271433875
"sample_199","True positions","Noise SD = 0.25
Auto k=4; raw |Spearman|=0.691",0.181949142393623,-0.519418268672349,0.371524909744039
"sample_200","True positions","Noise SD = 0.25
Auto k=4; raw |Spearman|=0.691",1.14305721916461,-1.54280972656716,0.947080062935129
"sample_001","Auto Isomap","Noise SD = 0.25
Auto k=4; raw |Spearman|=0.691",0.508167685552546,-1.51334336137372,0.534461472846877
"sample_002","Auto Isomap","Noise SD = 0.25
Auto k=4; raw |Spearman|=0.691",-1.7444035955392,1.82303282635094,0.987260556336719
"sample_003","Auto Isomap","Noise SD = 0.25
Auto k=4; raw |Spearman|=0.691",-0.76692124588688,1.54389966339832,0.892742588714111
"sample_004","Auto Isomap","Noise SD = 0.25
Auto k=4; raw |Spearman|=0.691",0.982151782411474,-0.832519893925017,0.517479285465456
"sample_005","Auto Isomap","Noise SD = 0.25
Auto k=4; raw |Spearman|=0.691",0.653291665505209,0.577233559220043,0.293380547339679
"sample_006","Auto Isomap","Noise SD = 0.25
Auto k=4; raw |Spearman|=0.691",0.793397710745491,0.575327999010641,0.302712276527389
"sample_007","Auto Isomap","Noise SD = 0.25
Auto k=4; raw |Spearman|=0.691",1.67112265046465,-0.322889207829061,0.421540198163952
"sample_008","Auto Isomap","Noise SD = 0.25
Auto k=4; raw |Spearman|=0.691",0.92650622482149,-1.29307642919105,0.497991861681959
"sample_009","Auto Isomap","Noise SD = 0.25
Auto k=4; raw |Spearman|=0.691",-1.12573819015124,2.18669807225455,0.959284349585791
"sample_010","Auto Isomap","Noise SD = 0.25
Auto k=4; raw |Spearman|=0.691",-1.21007278677684,1.81506844012096,0.954245739186225
"sample_011","Auto Isomap","Noise SD = 0.25
Auto k=4; raw |Spearman|=0.691",-1.21919404482707,-0.152419401319482,0.890497348597601
"sample_012","Auto Isomap","Noise SD = 0.25
Auto k=4; raw |Spearman|=0.691",-1.12671919200548,-1.32562976268765,0.708050234289323
"sample_013","Auto Isomap","Noise SD = 0.25
Auto k=4; raw |Spearman|=0.691",0.541901794740442,1.60266302717571,0.173558967735633
"sample_014","Auto Isomap","Noise SD = 0.25
Auto k=4; raw |Spearman|=0.691",-0.273862352129786,0.446439026008735,0.753712064669391
"sample_015","Auto Isomap","Noise SD = 0.25
Auto k=4; raw |Spearman|=0.691",-1.08389944977155,0.570344250876347,0.81616024294319
"sample_016","Auto Isomap","Noise SD = 0.25
Auto k=4; raw |Spearman|=0.691",1.33669091713728,-0.538847403904385,0.456174935176564
"sample_017","Auto Isomap","Noise SD = 0.25
Auto k=4; raw |Spearman|=0.691",-0.567638725786214,0.458915555652553,0.762220383640413
"sample_018","Auto Isomap","Noise SD = 0.25
Auto k=4; raw |Spearman|=0.691",-0.666951455900609,0.188439329105593,0.767016847653213
"sample_019","Auto Isomap","Noise SD = 0.25
Auto k=4; raw |Spearman|=0.691",0.237245648573035,-1.81232517016987,0.557055536400588
"sample_020","Auto Isomap","Noise SD = 0.25
Auto k=4; raw |Spearman|=0.691",1.11443847105892,0.372897276068054,0.321088464424456
"sample_021","Auto Isomap","Noise SD = 0.25
Auto k=4; raw |Spearman|=0.691",0.796305957892616,-0.867663263000599,0.531888722771305
"sample_022","Auto Isomap","Noise SD = 0.25
Auto k=4; raw |Spearman|=0.691",-1.11131942537147,1.37453401420297,0.87582433032264
"sample_023","Auto Isomap","Noise SD = 0.25
Auto k=4; raw |Spearman|=0.691",-1.13572732872075,-0.403179349677662,0.856898431484502
"sample_024","Auto Isomap","Noise SD = 0.25
Auto k=4; raw |Spearman|=0.691",-1.4769954681885,2.34444575894784,0.985239406662974
"sample_025","Auto Isomap","Noise SD = 0.25
Auto k=4; raw |Spearman|=0.691",-0.664599606551695,0.0842972601371642,0.733187174516125
"sample_026","Auto Isomap","Noise SD = 0.25
Auto k=4; raw |Spearman|=0.691",0.8487557186198,0.588778783746939,0.283844008844596
"sample_027","Auto Isomap","Noise SD = 0.25
Auto k=4; raw |Spearman|=0.691",1.45787572569583,0.0765268371265738,0.384674464293348
"sample_028","Auto Isomap","Noise SD = 0.25
Auto k=4; raw |Spearman|=0.691",0.540663349150971,2.40239797842761,0.10743061323105
"sample_029","Auto Isomap","Noise SD = 0.25
Auto k=4; raw |Spearman|=0.691",-1.47955032201164,0.240482636813405,0.914536894517077
"sample_030","Auto Isomap","Noise SD = 0.25
Auto k=4; raw |Spearman|=0.691",-0.655259776187799,1.83122345476217,0.937306897173738
"sample_031","Auto Isomap","Noise SD = 0.25
Auto k=4; raw |Spearman|=0.691",-1.54595877047591,-1.07780990473598,0.755173809877287
"sample_032","Auto Isomap","Noise SD = 0.25
Auto k=4; raw |Spearman|=0.691",-0.949189429622497,1.93533689706668,0.940409567208569
"sample_033","Auto Isomap","Noise SD = 0.25
Auto k=4; raw |Spearman|=0.691",0.484119407596584,2.35393435789807,0.1239634905764
"sample_034","Auto Isomap","Noise SD = 0.25
Auto k=4; raw |Spearman|=0.691",1.34458849796914,-0.380387185520121,0.436015965584387
"sample_035","Auto Isomap","Noise SD = 0.25
Auto k=4; raw |Spearman|=0.691",1.24769611867302,0.082073285414094,0.366000947041816
"sample_036","Auto Isomap","Noise SD = 0.25
Auto k=4; raw |Spearman|=0.691",0.451685061459338,2.07822356894471,0.130761133363893
"sample_037","Auto Isomap","Noise SD = 0.25
Auto k=4; raw |Spearman|=0.691",-1.85313047651819,-0.0363112014093012,0.911332433080097
"sample_038","Auto Isomap","Noise SD = 0.25
Auto k=4; raw |Spearman|=0.691",1.26602277158484,-0.993927039904526,0.510413846253258
"sample_039","Auto Isomap","Noise SD = 0.25
Auto k=4; raw |Spearman|=0.691",0.683136444743537,-0.261555347251159,0.329192764864427
"sample_040","Auto Isomap","Noise SD = 0.25
Auto k=4; raw |Spearman|=0.691",-0.634500787229738,1.20605245865579,0.907231871581343
"sample_041","Auto Isomap","Noise SD = 0.25
Auto k=4; raw |Spearman|=0.691",-1.21970559615188,1.80760064440913,0.947005227341994
"sample_042","Auto Isomap","Noise SD = 0.25
Auto k=4; raw |Spearman|=0.691",0.622749781538668,1.15656766051603,0.214882299554966
"sample_043","Auto Isomap","Noise SD = 0.25
Auto k=4; raw |Spearman|=0.691",1.07555563427684,-0.678814099400788,0.53508642257546
"sample_044","Auto Isomap","Noise SD = 0.25
Auto k=4; raw |Spearman|=0.691",0.507453712283872,-1.88823019470605,0.542727925276366
"sample_045","Auto Isomap","Noise SD = 0.25
Auto k=4; raw |Spearman|=0.691",0.474964526515869,2.15507564339315,0.017964307078938
"sample_046","Auto Isomap","Noise SD = 0.25
Auto k=4; raw |Spearman|=0.691",0.627931705088134,2.5690497598116,0.0241013457708311
"sample_047","Auto Isomap","Noise SD = 0.25
Auto k=4; raw |Spearman|=0.691",-0.525862085388232,-1.76257837693306,0.626556126860297
"sample_048","Auto Isomap","Noise SD = 0.25
Auto k=4; raw |Spearman|=0.691",-0.788819967810161,0.477990044531175,0.792994697343843
"sample_049","Auto Isomap","Noise SD = 0.25
Auto k=4; raw |Spearman|=0.691",-0.742577030696084,0.65709335479543,0.781863869040224
"sample_050","Auto Isomap","Noise SD = 0.25
Auto k=4; raw |Spearman|=0.691",0.246196575678189,-0.830056721813391,0.585112558599498
"sample_051","Auto Isomap","Noise SD = 0.25
Auto k=4; raw |Spearman|=0.691",1.40312429346508,-0.731783349440608,0.492503017346874
"sample_052","Auto Isomap","Noise SD = 0.25
Auto k=4; raw |Spearman|=0.691",1.39541312153631,0.0605576701477021,0.376260819595638
"sample_053","Auto Isomap","Noise SD = 0.25
Auto k=4; raw |Spearman|=0.691",1.84884783972022,-0.596105960506996,0.452023357795876
"sample_054","Auto Isomap","Noise SD = 0.25
Auto k=4; raw |Spearman|=0.691",-1.10397740992568,2.090944698669,0.972950040277143
"sample_055","Auto Isomap","Noise SD = 0.25
Auto k=4; raw |Spearman|=0.691",-0.915436995505912,-1.84899487279992,0.665000346748862
"sample_056","Auto Isomap","Noise SD = 0.25
Auto k=4; raw |Spearman|=0.691",1.68174973754558,-0.866172636022114,0.418777328580677
"sample_057","Auto Isomap","Noise SD = 0.25
Auto k=4; raw |Spearman|=0.691",1.42574209236311,0.261520320255219,0.376674811636073
"sample_058","Auto Isomap","Noise SD = 0.25
Auto k=4; raw |Spearman|=0.691",-1.25103045034411,-1.20575261643185,0.732963918537025
"sample_059","Auto Isomap","Noise SD = 0.25
Auto k=4; raw |Spearman|=0.691",-0.778650349105362,0.858399763845572,0.799557950192981
"sample_060","Auto Isomap","Noise SD = 0.25
Auto k=4; raw |Spearman|=0.691",-0.0916172977791688,-2.09158070648828,0.58761955703738
"sample_061","Auto Isomap","Noise SD = 0.25
Auto k=4; raw |Spearman|=0.691",0.521733482777266,-1.17049801309803,0.565397150382807
"sample_062","Auto Isomap","Noise SD = 0.25
Auto k=4; raw |Spearman|=0.691",-1.73359168061776,0.0688665552528768,0.91664647019246
"sample_063","Auto Isomap","Noise SD = 0.25
Auto k=4; raw |Spearman|=0.691",0.609892547014906,-0.830969188986938,0.55269798792044
"sample_064","Auto Isomap","Noise SD = 0.25
Auto k=4; raw |Spearman|=0.691",0.450654874929301,1.05510609216682,0.213720716254211
"sample_065","Auto Isomap","Noise SD = 0.25
Auto k=4; raw |Spearman|=0.691",-0.844173082761518,-0.0664024404622168,0.733215514707694
"sample_066","Auto Isomap","Noise SD = 0.25
Auto k=4; raw |Spearman|=0.691",-1.41338454025613,0.563463978371527,0.960923979468041
"sample_067","Auto Isomap","Noise SD = 0.25
Auto k=4; raw |Spearman|=0.691",0.391430218705688,2.36598818032742,0.0579567418232109
"sample_068","Auto Isomap","Noise SD = 0.25
Auto k=4; raw |Spearman|=0.691",1.08870104022287,0.330507173745406,0.310294974546505
"sample_069","Auto Isomap","Noise SD = 0.25
Auto k=4; raw |Spearman|=0.691",1.47671793904092,-0.946132655306452,0.44036260916486
"sample_070","Auto Isomap","Noise SD = 0.25
Auto k=4; raw |Spearman|=0.691",0.50126653421876,-1.02905761306966,0.567999878558994
"sample_071","Auto Isomap","Noise SD = 0.25
Auto k=4; raw |Spearman|=0.691",1.68069490081447,0.267330258100062,0.369904734861909
"sample_072","Auto Isomap","Noise SD = 0.25
Auto k=4; raw |Spearman|=0.691",0.751951715884812,1.2676798747712,0.246851488900664
"sample_073","Auto Isomap","Noise SD = 0.25
Auto k=4; raw |Spearman|=0.691",0.928253244309677,0.455684365450404,0.300336981649234
"sample_074","Auto Isomap","Noise SD = 0.25
Auto k=4; raw |Spearman|=0.691",0.381103857272747,1.27072112913805,0.2284629934628
"sample_075","Auto Isomap","Noise SD = 0.25
Auto k=4; raw |Spearman|=0.691",-0.960681230623371,-0.743587975054915,0.772695250505673
"sample_076","Auto Isomap","Noise SD = 0.25
Auto k=4; raw |Spearman|=0.691",-0.539229743755678,-1.73763865373823,0.637427754895176
"sample_077","Auto Isomap","Noise SD = 0.25
Auto k=4; raw |Spearman|=0.691",1.23323182781669,-0.132468527630834,0.358084434457238
"sample_078","Auto Isomap","Noise SD = 0.25
Auto k=4; raw |Spearman|=0.691",1.38861702973186,-0.568634279388234,0.480934541318963
"sample_079","Auto Isomap","Noise SD = 0.25
Auto k=4; raw |Spearman|=0.691",1.61626470127998,0.065975070719153,0.395353615278549
"sample_080","Auto Isomap","Noise SD = 0.25
Auto k=4; raw |Spearman|=0.691",-1.34063191970146,-1.73240500041807,0.695155189843298
"sample_081","Auto Isomap","Noise SD = 0.25
Auto k=4; raw |Spearman|=0.691",1.03757634908853,-0.700118188981894,0.486757806775806
"sample_082","Auto Isomap","Noise SD = 0.25
Auto k=4; raw |Spearman|=0.691",0.698782054805088,-0.960337999118939,0.54941994535049
"sample_083","Auto Isomap","Noise SD = 0.25
Auto k=4; raw |Spearman|=0.691",1.7847736597193,-1.00586541641634,0.426337699388682
"sample_084","Auto Isomap","Noise SD = 0.25
Auto k=4; raw |Spearman|=0.691",1.0167253402353,0.479236145208018,0.309409018794891
"sample_085","Auto Isomap","Noise SD = 0.25
Auto k=4; raw |Spearman|=0.691",1.31111868605701,-0.405474992743285,0.44509345812538
"sample_086","Auto Isomap","Noise SD = 0.25
Auto k=4; raw |Spearman|=0.691",-0.542410835821307,1.28931581905876,0.866529607104971
"sample_087","Auto Isomap","Noise SD = 0.25
Auto k=4; raw |Spearman|=0.691",-0.765205051430881,2.15672143287455,0.93277097182393
"sample_088","Auto Isomap","Noise SD = 0.25
Auto k=4; raw |Spearman|=0.691",0.895847387256806,-1.01570940729247,0.537069832816801
"sample_089","Auto Isomap","Noise SD = 0.25
Auto k=4; raw |Spearman|=0.691",0.241793994531843,2.25497722037328,0.0265502921356373
"sample_090","Auto Isomap","Noise SD = 0.25
Auto k=4; raw |Spearman|=0.691",-0.307580756873932,0.0250865325323794,0.71573799290858
"sample_091","Auto Isomap","Noise SD = 0.25
Auto k=4; raw |Spearman|=0.691",-1.32057453272293,-0.069508816500006,0.907321404605843
"sample_092","Auto Isomap","Noise SD = 0.25
Auto k=4; raw |Spearman|=0.691",-0.525274559973627,0.742268484109868,0.787126447069221
"sample_093","Auto Isomap","Noise SD = 0.25
Auto k=4; raw |Spearman|=0.691",0.950469140809146,-0.421155403897917,0.461695435321573
"sample_094","Auto Isomap","Noise SD = 0.25
Auto k=4; raw |Spearman|=0.691",0.242729396130107,-2.18765046495689,0.562165692229437
"sample_095","Auto Isomap","Noise SD = 0.25
Auto k=4; raw |Spearman|=0.691",0.25817389165901,-1.08739509640749,0.58049788929838
"sample_096","Auto Isomap","Noise SD = 0.25
Auto k=4; raw |Spearman|=0.691",1.35946630451578,-0.0862366744520971,0.368819411622724
"sample_097","Auto Isomap","Noise SD = 0.25
Auto k=4; raw |Spearman|=0.691",0.588544677784764,-0.925788692639109,0.530216440284741
"sample_098","Auto Isomap","Noise SD = 0.25
Auto k=4; raw |Spearman|=0.691",1.50890573164176,-0.910771335402927,0.474411144782008
"sample_099","Auto Isomap","Noise SD = 0.25
Auto k=4; raw |Spearman|=0.691",-0.0331062106904397,-0.718849776103497,0.607777210183859
"sample_100","Auto Isomap","Noise SD = 0.25
Auto k=4; raw |Spearman|=0.691",1.42907900351733,-0.536352333329135,0.448506184310798
"sample_101","Auto Isomap","Noise SD = 0.25
Auto k=4; raw |Spearman|=0.691",-1.18989020788383,-1.13211100089171,0.718335587869101
"sample_102","Auto Isomap","Noise SD = 0.25
Auto k=4; raw |Spearman|=0.691",-0.800104908603369,0.612143499503765,0.800634755043005
"sample_103","Auto Isomap","Noise SD = 0.25
Auto k=4; raw |Spearman|=0.691",-0.46703992702897,0.317181870790753,0.743434633443072
"sample_104","Auto Isomap","Noise SD = 0.25
Auto k=4; raw |Spearman|=0.691",-1.5536905002672,1.0071139138875,0.996411322649031
"sample_105","Auto Isomap","Noise SD = 0.25
Auto k=4; raw |Spearman|=0.691",1.45801689414519,0.380510379913107,0.372013079491115
"sample_106","Auto Isomap","Noise SD = 0.25
Auto k=4; raw |Spearman|=0.691",-1.45967736272252,0.184385838040027,0.922296195138943
"sample_107","Auto Isomap","Noise SD = 0.25
Auto k=4; raw |Spearman|=0.691",-0.797309541275508,-2.13202276820659,0.631441655293935
"sample_108","Auto Isomap","Noise SD = 0.25
Auto k=4; raw |Spearman|=0.691",0.993382122465859,0.811882006967883,0.273652322936602
"sample_109","Auto Isomap","Noise SD = 0.25
Auto k=4; raw |Spearman|=0.691",1.06204288252238,-0.0466206258372721,0.349332966531059
"sample_110","Auto Isomap","Noise SD = 0.25
Auto k=4; raw |Spearman|=0.691",0.0480080537327122,-0.577638242207823,0.658219910221115
"sample_111","Auto Isomap","Noise SD = 0.25
Auto k=4; raw |Spearman|=0.691",-1.23854336104345,0.781778293044824,0.971131890477552
"sample_112","Auto Isomap","Noise SD = 0.25
Auto k=4; raw |Spearman|=0.691",0.632557286294468,-1.67922649008092,0.53694860593177
"sample_113","Auto Isomap","Noise SD = 0.25
Auto k=4; raw |Spearman|=0.691",0.879784407558255,0.354706144293208,0.336504049233015
"sample_114","Auto Isomap","Noise SD = 0.25
Auto k=4; raw |Spearman|=0.691",-1.70275215645948,0.637066336064089,0.973723356841456
"sample_115","Auto Isomap","Noise SD = 0.25
Auto k=4; raw |Spearman|=0.691",-0.930271969696908,0.500806016209405,0.786782793073121
"sample_116","Auto Isomap","Noise SD = 0.25
Auto k=4; raw |Spearman|=0.691",-1.02239015023221,1.31086964709388,0.954538293710392
"sample_117","Auto Isomap","Noise SD = 0.25
Auto k=4; raw |Spearman|=0.691",-0.117330494437547,-2.06158945687584,0.583341394378213
"sample_118","Auto Isomap","Noise SD = 0.25
Auto k=4; raw |Spearman|=0.691",0.969220723775652,-1.90654524362605,0.520660774495375
"sample_119","Auto Isomap","Noise SD = 0.25
Auto k=4; raw |Spearman|=0.691",1.56223265612593,-0.652004073902473,0.4529561019764
"sample_120","Auto Isomap","Noise SD = 0.25
Auto k=4; raw |Spearman|=0.691",1.63618476665388,-0.521562624275121,0.445165697862686
"sample_121","Auto Isomap","Noise SD = 0.25
Auto k=4; raw |Spearman|=0.691",1.39420866859543,-0.5774983966021,0.47312038371236
"sample_122","Auto Isomap","Noise SD = 0.25
Auto k=4; raw |Spearman|=0.691",0.116614785104957,2.14532866781731,0.12930307367383
"sample_123","Auto Isomap","Noise SD = 0.25
Auto k=4; raw |Spearman|=0.691",0.340558684409228,-1.68091842649565,0.539233088247352
"sample_124","Auto Isomap","Noise SD = 0.25
Auto k=4; raw |Spearman|=0.691",-0.773639447338224,1.03300264311448,0.841749305341268
"sample_125","Auto Isomap","Noise SD = 0.25
Auto k=4; raw |Spearman|=0.691",-2.24702823747212,0.313244436243458,0.958987243949424
"sample_126","Auto Isomap","Noise SD = 0.25
Auto k=4; raw |Spearman|=0.691",-1.4705488308022,1.61060589218431,0.949388034311827
"sample_127","Auto Isomap","Noise SD = 0.25
Auto k=4; raw |Spearman|=0.691",-0.987636230829434,-0.528494511699788,0.816285339899488
"sample_128","Auto Isomap","Noise SD = 0.25
Auto k=4; raw |Spearman|=0.691",1.13748423245982,-0.51489903726083,0.518272737266852
"sample_129","Auto Isomap","Noise SD = 0.25
Auto k=4; raw |Spearman|=0.691",1.65179059415568,-0.348259732443892,0.450680916992184
"sample_130","Auto Isomap","Noise SD = 0.25
Auto k=4; raw |Spearman|=0.691",-1.18755313697307,2.57003984762091,0.985678103781672
"sample_131","Auto Isomap","Noise SD = 0.25
Auto k=4; raw |Spearman|=0.691",-1.07968225863322,2.06125311188485,0.976083655691056
"sample_132","Auto Isomap","Noise SD = 0.25
Auto k=4; raw |Spearman|=0.691",0.466894009902228,-1.64267707753651,0.531878310451901
"sample_133","Auto Isomap","Noise SD = 0.25
Auto k=4; raw |Spearman|=0.691",-1.78845555629134,2.31845275545724,1
"sample_134","Auto Isomap","Noise SD = 0.25
Auto k=4; raw |Spearman|=0.691",1.22951260112724,0.0408827976221585,0.364598318654871
"sample_135","Auto Isomap","Noise SD = 0.25
Auto k=4; raw |Spearman|=0.691",-1.483410844149,0.38826254132438,0.944427762104856
"sample_136","Auto Isomap","Noise SD = 0.25
Auto k=4; raw |Spearman|=0.691",1.16528980721658,-0.746733323915395,0.509438565640309
"sample_137","Auto Isomap","Noise SD = 0.25
Auto k=4; raw |Spearman|=0.691",-0.48685665701206,-2.16594397362542,0.595325968920561
"sample_138","Auto Isomap","Noise SD = 0.25
Auto k=4; raw |Spearman|=0.691",-1.12439704818292,1.45270867949178,0.953787493871733
"sample_139","Auto Isomap","Noise SD = 0.25
Auto k=4; raw |Spearman|=0.691",-1.19960092881797,-1.93728713382168,0.669690122435252
"sample_140","Auto Isomap","Noise SD = 0.25
Auto k=4; raw |Spearman|=0.691",-1.46385820279563,0.719846447848979,0.980778989096068
"sample_141","Auto Isomap","Noise SD = 0.25
Auto k=4; raw |Spearman|=0.691",-0.712213801826845,1.17569330396265,0.881522740600906
"sample_142","Auto Isomap","Noise SD = 0.25
Auto k=4; raw |Spearman|=0.691",1.41540631977247,-0.32191420406325,0.445972324149365
"sample_143","Auto Isomap","Noise SD = 0.25
Auto k=4; raw |Spearman|=0.691",-0.502260056172893,0.496391806370891,0.777874189001231
"sample_144","Auto Isomap","Noise SD = 0.25
Auto k=4; raw |Spearman|=0.691",-0.999406394607148,1.46002469082474,0.956752723622979
"sample_145","Auto Isomap","Noise SD = 0.25
Auto k=4; raw |Spearman|=0.691",0.38511322359494,-1.18591615778626,0.57705931359842
"sample_146","Auto Isomap","Noise SD = 0.25
Auto k=4; raw |Spearman|=0.691",-1.570112641536,0.00784154826924427,0.882364157475063
"sample_147","Auto Isomap","Noise SD = 0.25
Auto k=4; raw |Spearman|=0.691",-1.20913740312458,2.41826446001543,0.968689800712774
"sample_148","Auto Isomap","Noise SD = 0.25
Auto k=4; raw |Spearman|=0.691",0.947554980482968,-0.935966675842089,0.521778915002369
"sample_149","Auto Isomap","Noise SD = 0.25
Auto k=4; raw |Spearman|=0.691",0.113009747814429,2.54363532868661,0
"sample_150","Auto Isomap","Noise SD = 0.25
Auto k=4; raw |Spearman|=0.691",0.760003711628276,1.04118575118056,0.28879810262126
"sample_151","Auto Isomap","Noise SD = 0.25
Auto k=4; raw |Spearman|=0.691",-0.244788091208298,0.46009266906205,0.755784920590835
"sample_152","Auto Isomap","Noise SD = 0.25
Auto k=4; raw |Spearman|=0.691",0.649009427451881,-1.17659549304958,0.531828923692341
"sample_153","Auto Isomap","Noise SD = 0.25
Auto k=4; raw |Spearman|=0.691",0.915032812543418,-0.245522023484873,0.548644783024115
"sample_154","Auto Isomap","Noise SD = 0.25
Auto k=4; raw |Spearman|=0.691",1.2841204259532,-0.117216411034733,0.363455514454207
"sample_155","Auto Isomap","Noise SD = 0.25
Auto k=4; raw |Spearman|=0.691",1.51058634958363,-0.490188726875386,0.459581683609521
"sample_156","Auto Isomap","Noise SD = 0.25
Auto k=4; raw |Spearman|=0.691",-1.72558359300595,-0.571291902915067,0.827646842363999
"sample_157","Auto Isomap","Noise SD = 0.25
Auto k=4; raw |Spearman|=0.691",-1.26904061189086,-0.923440088738445,0.730718324596216
"sample_158","Auto Isomap","Noise SD = 0.25
Auto k=4; raw |Spearman|=0.691",0.58487010649349,0.670935726745374,0.27833647387199
"sample_159","Auto Isomap","Noise SD = 0.25
Auto k=4; raw |Spearman|=0.691",-1.63303058243404,-1.05217994250419,0.78232672172647
"sample_160","Auto Isomap","Noise SD = 0.25
Auto k=4; raw |Spearman|=0.691",0.969181812806825,-0.981590865546556,0.532978034614872
"sample_161","Auto Isomap","Noise SD = 0.25
Auto k=4; raw |Spearman|=0.691",0.406723347705048,-1.6778999264536,0.530515107801775
"sample_162","Auto Isomap","Noise SD = 0.25
Auto k=4; raw |Spearman|=0.691",0.86751473326232,0.42732173779071,0.332617371996053
"sample_163","Auto Isomap","Noise SD = 0.25
Auto k=4; raw |Spearman|=0.691",0.965815517254538,-1.2089071024099,0.521253556900481
"sample_164","Auto Isomap","Noise SD = 0.25
Auto k=4; raw |Spearman|=0.691",0.395575622433598,1.77923743789483,0.202544964040962
"sample_165","Auto Isomap","Noise SD = 0.25
Auto k=4; raw |Spearman|=0.691",-1.16335863416922,-0.964865418658287,0.766223181159755
"sample_166","Auto Isomap","Noise SD = 0.25
Auto k=4; raw |Spearman|=0.691",-0.909210585890675,0.775794109200702,0.824099311609302
"sample_167","Auto Isomap","Noise SD = 0.25
Auto k=4; raw |Spearman|=0.691",-0.963898265369107,-1.28043568244237,0.69677070035319
"sample_168","Auto Isomap","Noise SD = 0.25
Auto k=4; raw |Spearman|=0.691",0.838275567479529,1.22563510756229,0.264510500507167
"sample_169","Auto Isomap","Noise SD = 0.25
Auto k=4; raw |Spearman|=0.691",1.30797363098621,-0.89172611591464,0.475236908771901
"sample_170","Auto Isomap","Noise SD = 0.25
Auto k=4; raw |Spearman|=0.691",-1.33729984269795,1.68747635267585,0.94010013431591
"sample_171","Auto Isomap","Noise SD = 0.25
Auto k=4; raw |Spearman|=0.691",-1.21583596217479,-0.664879312905401,0.810961817009758
"sample_172","Auto Isomap","Noise SD = 0.25
Auto k=4; raw |Spearman|=0.691",-1.4495553222971,0.0787148237034999,0.910182535598467
"sample_173","Auto Isomap","Noise SD = 0.25
Auto k=4; raw |Spearman|=0.691",1.75820458629981,-0.647606002280263,0.468461073551791
"sample_174","Auto Isomap","Noise SD = 0.25
Auto k=4; raw |Spearman|=0.691",1.68521975633489,-0.165918952313282,0.416964168004631
"sample_175","Auto Isomap","Noise SD = 0.25
Auto k=4; raw |Spearman|=0.691",-0.706847778528712,1.76983580697145,0.904874937082722
"sample_176","Auto Isomap","Noise SD = 0.25
Auto k=4; raw |Spearman|=0.691",0.934841345565548,1.04799323605406,0.270362860600718
"sample_177","Auto Isomap","Noise SD = 0.25
Auto k=4; raw |Spearman|=0.691",1.59526585435698,0.0617370614015526,0.389914344728762
"sample_178","Auto Isomap","Noise SD = 0.25
Auto k=4; raw |Spearman|=0.691",-0.903066009909931,0.306756126495741,0.791263763891021
"sample_179","Auto Isomap","Noise SD = 0.25
Auto k=4; raw |Spearman|=0.691",0.815673733845872,-1.18685031524768,0.538997173818067
"sample_180","Auto Isomap","Noise SD = 0.25
Auto k=4; raw |Spearman|=0.691",-0.534023940921351,-1.70665689540843,0.591732682643185
"sample_181","Auto Isomap","Noise SD = 0.25
Auto k=4; raw |Spearman|=0.691",0.741772746821525,-1.27992818935529,0.538996568879528
"sample_182","Auto Isomap","Noise SD = 0.25
Auto k=4; raw |Spearman|=0.691",0.631004544500918,-0.20301055389023,0.559022840948945
"sample_183","Auto Isomap","Noise SD = 0.25
Auto k=4; raw |Spearman|=0.691",-0.597147083617364,0.0598271128857204,0.728023582338088
"sample_184","Auto Isomap","Noise SD = 0.25
Auto k=4; raw |Spearman|=0.691",-0.300330816416588,-0.106539587043528,0.701002935334039
"sample_185","Auto Isomap","Noise SD = 0.25
Auto k=4; raw |Spearman|=0.691",1.95103904855048,-0.680382504266951,0.437900945639092
"sample_186","Auto Isomap","Noise SD = 0.25
Auto k=4; raw |Spearman|=0.691",1.21665227396356,-0.214808725482664,0.345799519260016
"sample_187","Auto Isomap","Noise SD = 0.25
Auto k=4; raw |Spearman|=0.691",-0.32545508797057,-1.4274325734352,0.561922118802769
"sample_188","Auto Isomap","Noise SD = 0.25
Auto k=4; raw |Spearman|=0.691",0.386630329459929,1.18759789768119,0.182366330541173
"sample_189","Auto Isomap","Noise SD = 0.25
Auto k=4; raw |Spearman|=0.691",0.954797878815438,0.0801595171376324,0.339324478059384
"sample_190","Auto Isomap","Noise SD = 0.25
Auto k=4; raw |Spearman|=0.691",-0.901414721322821,-1.48954585572392,0.669036276202641
"sample_191","Auto Isomap","Noise SD = 0.25
Auto k=4; raw |Spearman|=0.691",-1.6110469574661,0.648344688551496,0.926409758322504
"sample_192","Auto Isomap","Noise SD = 0.25
Auto k=4; raw |Spearman|=0.691",1.49635297334242,-0.432260642427689,0.4561713795195
"sample_193","Auto Isomap","Noise SD = 0.25
Auto k=4; raw |Spearman|=0.691",0.535820227058913,-0.984158336959447,0.55444341713811
"sample_194","Auto Isomap","Noise SD = 0.25
Auto k=4; raw |Spearman|=0.691",0.525712859564666,-0.745530257687313,0.560927898643427
"sample_195","Auto Isomap","Noise SD = 0.25
Auto k=4; raw |Spearman|=0.691",-1.12470525909938,-0.450123233637084,0.841519766504888
"sample_196","Auto Isomap","Noise SD = 0.25
Auto k=4; raw |Spearman|=0.691",0.310877638411415,-0.886000224438123,0.603536750493864
"sample_197","Auto Isomap","Noise SD = 0.25
Auto k=4; raw |Spearman|=0.691",-1.12875149397267,1.57480642164206,0.921876429246716
"sample_198","Auto Isomap","Noise SD = 0.25
Auto k=4; raw |Spearman|=0.691",0.565150852513504,-1.44866564253794,0.540466930478844
"sample_199","Auto Isomap","Noise SD = 0.25
Auto k=4; raw |Spearman|=0.691",0.181949142393623,-0.519418268672349,0.582310401674313
"sample_200","Auto Isomap","Noise SD = 0.25
Auto k=4; raw |Spearman|=0.691",1.14305721916461,-1.54280972656716,0.497855401279886
"sample_001","True positions","Noise SD = 0.10
Auto k=5; raw |Spearman|=0.624",0.685347291256649,-1.57025905695447,0.934602960711345
"sample_002","True positions","Noise SD = 0.10
Auto k=5; raw |Spearman|=0.624",-1.52321675244613,1.71201717809203,0.640336565673351
"sample_003","True positions","Noise SD = 0.10
Auto k=5; raw |Spearman|=0.624",-0.905974758056101,1.53768246734946,0.539774174569175
"sample_004","True positions","Noise SD = 0.10
Auto k=5; raw |Spearman|=0.624",1.14145340573182,-0.765687212184743,0.266568574821576
"sample_005","True positions","Noise SD = 0.10
Auto k=5; raw |Spearman|=0.624",0.801274641015992,0.644347939167739,0.096566071966663
"sample_006","True positions","Noise SD = 0.10
Auto k=5; raw |Spearman|=0.624",1.03794234643372,0.383439621284299,0.133909621974453
"sample_007","True positions","Noise SD = 0.10
Auto k=5; raw |Spearman|=0.624",1.55688591065343,-0.336511210648488,0.211279006209224
"sample_008","True positions","Noise SD = 0.10
Auto k=5; raw |Spearman|=0.624",1.0389385307126,-1.38028731833173,0.94865017477423
"sample_009","True positions","Noise SD = 0.10
Auto k=5; raw |Spearman|=0.624",-1.15328392598643,2.00304692178472,0.579310150118545
"sample_010","True positions","Noise SD = 0.10
Auto k=5; raw |Spearman|=0.624",-1.27807006900051,1.81496091290326,0.622002283344045
"sample_011","True positions","Noise SD = 0.10
Auto k=5; raw |Spearman|=0.624",-1.34578219946004,-0.0379757159691499,0.729925628518686
"sample_012","True positions","Noise SD = 0.10
Auto k=5; raw |Spearman|=0.624",-1.08873413892671,-1.34897805008377,0.806193429743871
"sample_013","True positions","Noise SD = 0.10
Auto k=5; raw |Spearman|=0.624",0.429761465639147,1.83141776594912,0.0309129566885531
"sample_014","True positions","Noise SD = 0.10
Auto k=5; raw |Spearman|=0.624",-0.447030656173948,0.381704909984228,0.465288266539574
"sample_015","True positions","Noise SD = 0.10
Auto k=5; raw |Spearman|=0.624",-0.892046132058923,0.754159796055455,0.496334829134867
"sample_016","True positions","Noise SD = 0.10
Auto k=5; raw |Spearman|=0.624",1.42531322959728,-0.400448159674509,0.206122397910804
"sample_017","True positions","Noise SD = 0.10
Auto k=5; raw |Spearman|=0.624",-0.543767622922799,0.336162481491138,0.460400955285877
"sample_018","True positions","Noise SD = 0.10
Auto k=5; raw |Spearman|=0.624",-0.674959215661021,0.462025009102587,0.482846714323387
"sample_019","True positions","Noise SD = 0.10
Auto k=5; raw |Spearman|=0.624",0.143376986241321,-1.84322157590597,0.897089458769187
"sample_020","True positions","Noise SD = 0.10
Auto k=5; raw |Spearman|=0.624",1.18518462537475,0.277259902344446,0.138356370152906
"sample_021","True positions","Noise SD = 0.10
Auto k=5; raw |Spearman|=0.624",0.820930252233063,-0.899103277678141,0.314858996775001
"sample_022","True positions","Noise SD = 0.10
Auto k=5; raw |Spearman|=0.624",-0.952571666100142,1.21704236199941,0.51057206466794
"sample_023","True positions","Noise SD = 0.10
Auto k=5; raw |Spearman|=0.624",-1.31299280758099,-0.131591244579208,0.729390932014212
"sample_024","True positions","Noise SD = 0.10
Auto k=5; raw |Spearman|=0.624",-1.34242590581032,2.08541351159559,0.600904693361372
"sample_025","True positions","Noise SD = 0.10
Auto k=5; raw |Spearman|=0.624",-0.557314629825804,0.127216786425255,0.454613883746788
"sample_026","True positions","Noise SD = 0.10
Auto k=5; raw |Spearman|=0.624",0.965233693598674,0.519085824076258,0.113483893685043
"sample_027","True positions","Noise SD = 0.10
Auto k=5; raw |Spearman|=0.624",1.37374430505113,0.0888783065689337,0.151617694413289
"sample_028","True positions","Noise SD = 0.10
Auto k=5; raw |Spearman|=0.624",0.413532164938112,2.21245545778512,0.0271460183430463
"sample_029","True positions","Noise SD = 0.10
Auto k=5; raw |Spearman|=0.624",-1.46108354014778,0.277747607674882,0.717225887347013
"sample_030","True positions","Noise SD = 0.10
Auto k=5; raw |Spearman|=0.624",-0.965935654026879,1.86178881667416,0.579665700439364
"sample_031","True positions","Noise SD = 0.10
Auto k=5; raw |Spearman|=0.624",-1.37220963728467,-0.978054804673432,0.777791964821517
"sample_032","True positions","Noise SD = 0.10
Auto k=5; raw |Spearman|=0.624",-0.998045978135881,1.74255746145724,0.54650466889143
"sample_033","True positions","Noise SD = 0.10
Auto k=5; raw |Spearman|=0.624",0.435972865564263,2.02815342604766,0.0376187835354358
"sample_034","True positions","Noise SD = 0.10
Auto k=5; raw |Spearman|=0.624",1.42718647029956,-0.352505678784196,0.209671256830916
"sample_035","True positions","Noise SD = 0.10
Auto k=5; raw |Spearman|=0.624",1.34920819333153,-0.00183150655704942,0.171383886132389
"sample_036","True positions","Noise SD = 0.10
Auto k=5; raw |Spearman|=0.624",0.405523723910829,1.97824459070176,0.033667185343802
"sample_037","True positions","Noise SD = 0.10
Auto k=5; raw |Spearman|=0.624",-1.60656053652349,0.100156238133575,0.722593151964247
"sample_038","True positions","Noise SD = 0.10
Auto k=5; raw |Spearman|=0.624",1.13659511074134,-0.906267275427828,0.291781231062487
"sample_039","True positions","Noise SD = 0.10
Auto k=5; raw |Spearman|=0.624",1.04899872791347,-0.025706045905764,0.147549621528015
"sample_040","True positions","Noise SD = 0.10
Auto k=5; raw |Spearman|=0.624",-0.882965602294103,1.47668156270513,0.550399734638631
"sample_041","True positions","Noise SD = 0.10
Auto k=5; raw |Spearman|=0.624",-1.08032964646669,1.62550866900472,0.537454262608662
"sample_042","True positions","Noise SD = 0.10
Auto k=5; raw |Spearman|=0.624",0.541240678491808,1.39643994304218,0.0483221001923084
"sample_043","True positions","Noise SD = 0.10
Auto k=5; raw |Spearman|=0.624",1.02085427346215,-0.797328633956759,0.299227858427912
"sample_044","True positions","Noise SD = 0.10
Auto k=5; raw |Spearman|=0.624",0.474035221477874,-1.81197880303417,0.917331561213359
"sample_045","True positions","Noise SD = 0.10
Auto k=5; raw |Spearman|=0.624",0.340438146400854,2.32650555983824,0.0149344548117369
"sample_046","True positions","Noise SD = 0.10
Auto k=5; raw |Spearman|=0.624",0.376492677963219,2.63446933885245,0.00744169089011848
"sample_047","True positions","Noise SD = 0.10
Auto k=5; raw |Spearman|=0.624",-0.715226137691081,-1.69053675466052,0.830173080321401
"sample_048","True positions","Noise SD = 0.10
Auto k=5; raw |Spearman|=0.624",-0.761454535186447,0.681906968640923,0.49288191832602
"sample_049","True positions","Noise SD = 0.10
Auto k=5; raw |Spearman|=0.624",-0.722794042037924,0.697531877238061,0.487459625350311
"sample_050","True positions","Noise SD = 0.10
Auto k=5; raw |Spearman|=0.624",0.335491285427064,-0.87140985093811,0.358126984676346
"sample_051","True positions","Noise SD = 0.10
Auto k=5; raw |Spearman|=0.624",1.33907602054418,-0.698827984240898,0.259190891170874
"sample_052","True positions","Noise SD = 0.10
Auto k=5; raw |Spearman|=0.624",1.4260891592805,-0.0467953438064794,0.17965303780511
"sample_053","True positions","Noise SD = 0.10
Auto k=5; raw |Spearman|=0.624",1.48964646680139,-0.669842851537499,0.266202436992899
"sample_054","True positions","Noise SD = 0.10
Auto k=5; raw |Spearman|=0.624",-1.16825057039587,1.98361274210672,0.589536999119446
"sample_055","True positions","Noise SD = 0.10
Auto k=5; raw |Spearman|=0.624",-0.996709112486469,-1.57076642225357,0.807724132435396
"sample_056","True positions","Noise SD = 0.10
Auto k=5; raw |Spearman|=0.624",1.75646982381995,-0.928601521000993,0.976915959035978
"sample_057","True positions","Noise SD = 0.10
Auto k=5; raw |Spearman|=0.624",1.37094973552874,0.148564091357438,0.154509680345654
"sample_058","True positions","Noise SD = 0.10
Auto k=5; raw |Spearman|=0.624",-1.11800209904898,-1.33386231153401,0.810300270095468
"sample_059","True positions","Noise SD = 0.10
Auto k=5; raw |Spearman|=0.624",-0.682099996759276,0.630464362615975,0.473336021881551
"sample_060","True positions","Noise SD = 0.10
Auto k=5; raw |Spearman|=0.624",-0.165120284629534,-1.96905986698211,0.878982509952039
"sample_061","True positions","Noise SD = 0.10
Auto k=5; raw |Spearman|=0.624",0.40207426899988,-0.991485680759417,0.365110938902944
"sample_062","True positions","Noise SD = 0.10
Auto k=5; raw |Spearman|=0.624",-1.5647070609963,0.252690749367622,0.71370889688842
"sample_063","True positions","Noise SD = 0.10
Auto k=5; raw |Spearman|=0.624",0.823434678988405,-0.862390078335088,0.301270701223984
"sample_064","True positions","Noise SD = 0.10
Auto k=5; raw |Spearman|=0.624",0.53577185923389,1.1924770529649,0.0611295851413161
"sample_065","True positions","Noise SD = 0.10
Auto k=5; raw |Spearman|=0.624",-0.620398512566511,0.0470630306352154,0.452645275276154
"sample_066","True positions","Noise SD = 0.10
Auto k=5; raw |Spearman|=0.624",-1.44008183417263,0.589888829735196,0.702297183917835
"sample_067","True positions","Noise SD = 0.10
Auto k=5; raw |Spearman|=0.624",0.334266293320651,2.28050754171104,0.0222509992308915
"sample_068","True positions","Noise SD = 0.10
Auto k=5; raw |Spearman|=0.624",1.16419328985585,0.274628760786723,0.135807921877131
"sample_069","True positions","Noise SD = 0.10
Auto k=5; raw |Spearman|=0.624",1.74755829702158,-0.90487009855251,0.981532560195774
"sample_070","True positions","Noise SD = 0.10
Auto k=5; raw |Spearman|=0.624",0.435650317278781,-0.950410497223051,0.358425584156066
"sample_071","True positions","Noise SD = 0.10
Auto k=5; raw |Spearman|=0.624",1.48812187627807,0.128554228387775,0.159138856688514
"sample_072","True positions","Noise SD = 0.10
Auto k=5; raw |Spearman|=0.624",0.66570288441783,1.25554380603526,0.0629803079646081
"sample_073","True positions","Noise SD = 0.10
Auto k=5; raw |Spearman|=0.624",0.958071702958958,0.522926406494841,0.105687235482037
"sample_074","True positions","Noise SD = 0.10
Auto k=5; raw |Spearman|=0.624",0.521955297670065,1.24623391446413,0.0638794819824398
"sample_075","True positions","Noise SD = 0.10
Auto k=5; raw |Spearman|=0.624",-0.997589762073457,-1.15545205129483,0.811134418938309
"sample_076","True positions","Noise SD = 0.10
Auto k=5; raw |Spearman|=0.624",-0.547759361615139,-1.78810549273922,0.854919226141647
"sample_077","True positions","Noise SD = 0.10
Auto k=5; raw |Spearman|=0.624",1.38419688438282,-0.22310133281902,0.202711365418509
"sample_078","True positions","Noise SD = 0.10
Auto k=5; raw |Spearman|=0.624",1.13966878838688,-0.755702493482869,0.300404587062076
"sample_079","True positions","Noise SD = 0.10
Auto k=5; raw |Spearman|=0.624",1.49760270856417,-0.0100579456686385,0.171784743200988
"sample_080","True positions","Noise SD = 0.10
Auto k=5; raw |Spearman|=0.624",-1.16095516766061,-1.53347737291428,0.808894120389596
"sample_081","True positions","Noise SD = 0.10
Auto k=5; raw |Spearman|=0.624",1.10964164998101,-0.752658405321099,0.278763446956873
"sample_082","True positions","Noise SD = 0.10
Auto k=5; raw |Spearman|=0.624",0.543281675882837,-0.931257916434374,0.353854389162734
"sample_083","True positions","Noise SD = 0.10
Auto k=5; raw |Spearman|=0.624",1.82581465827939,-0.963231760268431,0.978703966364264
"sample_084","True positions","Noise SD = 0.10
Auto k=5; raw |Spearman|=0.624",1.08310560685085,0.404578813991843,0.124067442724481
"sample_085","True positions","Noise SD = 0.10
Auto k=5; raw |Spearman|=0.624",1.38818620330756,-0.223839074059137,0.177501240512356
"sample_086","True positions","Noise SD = 0.10
Auto k=5; raw |Spearman|=0.624",-0.777400839228651,1.33136711584574,0.526823487365618
"sample_087","True positions","Noise SD = 0.10
Auto k=5; raw |Spearman|=0.624",-1.04443319678146,2.01292144255992,0.594782846281305
"sample_088","True positions","Noise SD = 0.10
Auto k=5; raw |Spearman|=0.624",0.781316564836008,-0.968930307120733,0.328176378039643
"sample_089","True positions","Noise SD = 0.10
Auto k=5; raw |Spearman|=0.624",0.239334075333913,2.40815668680192,0.0126899401657283
"sample_090","True positions","Noise SD = 0.10
Auto k=5; raw |Spearman|=0.624",-0.379018242880821,0.0248713922120997,0.446737228427082
"sample_091","True positions","Noise SD = 0.10
Auto k=5; raw |Spearman|=0.624",-1.3896993999396,0.03472796257186,0.726764942752197
"sample_092","True positions","Noise SD = 0.10
Auto k=5; raw |Spearman|=0.624",-0.547441601145727,0.499656153487774,0.465251622954383
"sample_093","True positions","Noise SD = 0.10
Auto k=5; raw |Spearman|=0.624",1.26167262428517,-0.408603292936956,0.218806670745835
"sample_094","True positions","Noise SD = 0.10
Auto k=5; raw |Spearman|=0.624",0.0868107542732862,-2.00202093118465,0.891306948848069
"sample_095","True positions","Noise SD = 0.10
Auto k=5; raw |Spearman|=0.624",0.339611180871096,-0.974130784612938,0.358234190614894
"sample_096","True positions","Noise SD = 0.10
Auto k=5; raw |Spearman|=0.624",1.43288061817916,-0.179394777900702,0.196859565796331
"sample_097","True positions","Noise SD = 0.10
Auto k=5; raw |Spearman|=0.624",0.549693744005225,-0.927865214921399,0.345781859476119
"sample_098","True positions","Noise SD = 0.10
Auto k=5; raw |Spearman|=0.624",1.50479807543127,-1.07788638168955,0.964952562004328
"sample_099","True positions","Noise SD = 0.10
Auto k=5; raw |Spearman|=0.624",0.143347784426213,-0.793674771968789,0.371035319520161
"sample_100","True positions","Noise SD = 0.10
Auto k=5; raw |Spearman|=0.624",1.45263050559684,-0.456407512363531,0.219203646527603
"sample_101","True positions","Noise SD = 0.10
Auto k=5; raw |Spearman|=0.624",-1.10808454435054,-1.28141100680951,0.807401564205065
"sample_102","True positions","Noise SD = 0.10
Auto k=5; raw |Spearman|=0.624",-0.750918108820816,0.693669187371472,0.488820852711797
"sample_103","True positions","Noise SD = 0.10
Auto k=5; raw |Spearman|=0.624",-0.619258142487566,0.580020876232879,0.489239622838795
"sample_104","True positions","Noise SD = 0.10
Auto k=5; raw |Spearman|=0.624",-1.48731196646874,1.07632106031022,0.675086630042642
"sample_105","True positions","Noise SD = 0.10
Auto k=5; raw |Spearman|=0.624",1.46145265737572,0.0541179476922711,0.185927418759093
"sample_106","True positions","Noise SD = 0.10
Auto k=5; raw |Spearman|=0.624",-1.45130031579674,0.222033263132408,0.719899991992861
"sample_107","True positions","Noise SD = 0.10
Auto k=5; raw |Spearman|=0.624",-0.758592180595314,-1.88964969826496,0.840139389270917
"sample_108","True positions","Noise SD = 0.10
Auto k=5; raw |Spearman|=0.624",0.922272446660864,0.762753977185773,0.0936737225856632
"sample_109","True positions","Noise SD = 0.10
Auto k=5; raw |Spearman|=0.624",1.14456443309468,0.135779599097853,0.133716177195311
"sample_110","True positions","Noise SD = 0.10
Auto k=5; raw |Spearman|=0.624",-0.234669605171222,-0.220734237445856,0.44627738231793
"sample_111","True positions","Noise SD = 0.10
Auto k=5; raw |Spearman|=0.624",-1.3701538189691,0.678196913274216,0.702215530676767
"sample_112","True positions","Noise SD = 0.10
Auto k=5; raw |Spearman|=0.624",0.590100557802445,-1.70272547732236,0.92291100951843
"sample_113","True positions","Noise SD = 0.10
Auto k=5; raw |Spearman|=0.624",0.851791929953454,0.622186159129309,0.0888825617730618
"sample_114","True positions","Noise SD = 0.10
Auto k=5; raw |Spearman|=0.624",-1.55576550137864,0.612654248453076,0.702851514099166
"sample_115","True positions","Noise SD = 0.10
Auto k=5; raw |Spearman|=0.624",-0.713219207034502,0.412437796232626,0.46615297649987
"sample_116","True positions","Noise SD = 0.10
Auto k=5; raw |Spearman|=0.624",-0.961976860601429,1.31930641548199,0.524440453154966
"sample_117","True positions","Noise SD = 0.10
Auto k=5; raw |Spearman|=0.624",-0.137201824980313,-1.95719907690672,0.883076469646767
"sample_118","True positions","Noise SD = 0.10
Auto k=5; raw |Spearman|=0.624",0.684523429054735,-1.8096455568605,0.919530816143379
"sample_119","True positions","Noise SD = 0.10
Auto k=5; raw |Spearman|=0.624",1.50714085515069,-0.498144917186622,0.218163246056065
"sample_120","True positions","Noise SD = 0.10
Auto k=5; raw |Spearman|=0.624",1.50538715396157,-0.521077422443056,0.235670982860029
"sample_121","True positions","Noise SD = 0.10
Auto k=5; raw |Spearman|=0.624",1.3894133167262,-0.573750607491672,0.242982234340161
"sample_122","True positions","Noise SD = 0.10
Auto k=5; raw |Spearman|=0.624",0.279646612303774,1.97641785262594,0.0355256006587297
"sample_123","True positions","Noise SD = 0.10
Auto k=5; raw |Spearman|=0.624",0.541627258754277,-1.67383329989577,0.928511262871325
"sample_124","True positions","Noise SD = 0.10
Auto k=5; raw |Spearman|=0.624",-0.78729921290282,0.994125002761199,0.501775671029463
"sample_125","True positions","Noise SD = 0.10
Auto k=5; raw |Spearman|=0.624",-1.77260287307134,0.429914034162517,0.707239287206903
"sample_126","True positions","Noise SD = 0.10
Auto k=5; raw |Spearman|=0.624",-1.33776612898721,1.79274063431756,0.599933189572766
"sample_127","True positions","Noise SD = 0.10
Auto k=5; raw |Spearman|=0.624",-1.208500077972,-0.514263465831211,0.756396918790415
"sample_128","True positions","Noise SD = 0.10
Auto k=5; raw |Spearman|=0.624",1.20089759578913,-0.640885046618945,0.26721472828649
"sample_129","True positions","Noise SD = 0.10
Auto k=5; raw |Spearman|=0.624",1.52609041496293,-0.423462832210228,0.229000388411805
"sample_130","True positions","Noise SD = 0.10
Auto k=5; raw |Spearman|=0.624",-1.22629185723965,2.17581174494592,0.600737662054598
"sample_131","True positions","Noise SD = 0.10
Auto k=5; raw |Spearman|=0.624",-1.16012738891752,1.97241359325469,0.59024479938671
"sample_132","True positions","Noise SD = 0.10
Auto k=5; raw |Spearman|=0.624",0.576725712520955,-1.66547259133692,0.927260796073824
"sample_133","True positions","Noise SD = 0.10
Auto k=5; raw |Spearman|=0.624",-1.51619632967769,1.99877859228938,0.625687938183546
"sample_134","True positions","Noise SD = 0.10
Auto k=5; raw |Spearman|=0.624",1.37548470343383,-0.100344040316117,0.190271869068965
"sample_135","True positions","Noise SD = 0.10
Auto k=5; raw |Spearman|=0.624",-1.46674358101253,0.443080496039616,0.708617713302374
"sample_136","True positions","Noise SD = 0.10
Auto k=5; raw |Spearman|=0.624",1.05708235299711,-0.82436629791847,0.299166257958859
"sample_137","True positions","Noise SD = 0.10
Auto k=5; raw |Spearman|=0.624",-0.459891027229354,-1.98056653916333,0.86330534121953
"sample_138","True positions","Noise SD = 0.10
Auto k=5; raw |Spearman|=0.624",-1.3014576182746,1.40457251315754,0.659891549265012
"sample_139","True positions","Noise SD = 0.10
Auto k=5; raw |Spearman|=0.624",-0.931148703741924,-1.8036863380914,0.83842443744652
"sample_140","True positions","Noise SD = 0.10
Auto k=5; raw |Spearman|=0.624",-1.45851807871149,0.817051426948734,0.688260046532378
"sample_141","True positions","Noise SD = 0.10
Auto k=5; raw |Spearman|=0.624",-0.800520908649501,1.15921848608624,0.512845787452534
"sample_142","True positions","Noise SD = 0.10
Auto k=5; raw |Spearman|=0.624",1.45706557312899,-0.305513308624012,0.204242422012612
"sample_143","True positions","Noise SD = 0.10
Auto k=5; raw |Spearman|=0.624",-0.632261277946954,0.648700100791701,0.48894941364415
"sample_144","True positions","Noise SD = 0.10
Auto k=5; raw |Spearman|=0.624",-1.00072300478518,1.5086662765361,0.540380778256804
"sample_145","True positions","Noise SD = 0.10
Auto k=5; raw |Spearman|=0.624",0.304841984455462,-0.977485170935585,0.371972574153915
"sample_146","True positions","Noise SD = 0.10
Auto k=5; raw |Spearman|=0.624",-1.45131379055237,-0.245246544425334,0.751868466846645
"sample_147","True positions","Noise SD = 0.10
Auto k=5; raw |Spearman|=0.624",-1.0912919439367,1.90902168356816,0.54270679387264
"sample_148","True positions","Noise SD = 0.10
Auto k=5; raw |Spearman|=0.624",1.09681469058372,-0.831101111937384,0.273709014290944
"sample_149","True positions","Noise SD = 0.10
Auto k=5; raw |Spearman|=0.624",0.173061513016865,2.60868243977031,0.0082406906876713
"sample_150","True positions","Noise SD = 0.10
Auto k=5; raw |Spearman|=0.624",0.69858079596743,1.09898858172151,0.0687518047634512
"sample_151","True positions","Noise SD = 0.10
Auto k=5; raw |Spearman|=0.624",-0.506063168902555,0.57060319234294,0.482838751748204
"sample_152","True positions","Noise SD = 0.10
Auto k=5; raw |Spearman|=0.624",0.984122779072669,-0.922405203395495,0.272195026511326
"sample_153","True positions","Noise SD = 0.10
Auto k=5; raw |Spearman|=0.624",1.12470922752783,-0.522167638830386,0.264095493126661
"sample_154","True positions","Noise SD = 0.10
Auto k=5; raw |Spearman|=0.624",1.26420542829997,0.066244025882351,0.141081128036603
"sample_155","True positions","Noise SD = 0.10
Auto k=5; raw |Spearman|=0.624",1.45250258034341,-0.513100110065116,0.236761612351984
"sample_156","True positions","Noise SD = 0.10
Auto k=5; raw |Spearman|=0.624",-1.52183397484695,-0.425412134096868,0.747640934074298
"sample_157","True positions","Noise SD = 0.10
Auto k=5; raw |Spearman|=0.624",-1.17420387717677,-1.13626836529663,0.800109896808863
"sample_158","True positions","Noise SD = 0.10
Auto k=5; raw |Spearman|=0.624",0.87048371726092,0.53658552962259,0.115691552171484
"sample_159","True positions","Noise SD = 0.10
Auto k=5; raw |Spearman|=0.624",-1.41462186531784,-0.942566310895608,0.775464338017628
"sample_160","True positions","Noise SD = 0.10
Auto k=5; raw |Spearman|=0.624",0.923417452892332,-0.936603194130682,0.309081808663905
"sample_161","True positions","Noise SD = 0.10
Auto k=5; raw |Spearman|=0.624",0.346890983020222,-1.75678031382173,0.909715083660558
"sample_162","True positions","Noise SD = 0.10
Auto k=5; raw |Spearman|=0.624",1.22972772517858,0.0579005164799164,0.189414444612339
"sample_163","True positions","Noise SD = 0.10
Auto k=5; raw |Spearman|=0.624",0.894743934952427,-1.03430631552917,0.313827242003754
"sample_164","True positions","Noise SD = 0.10
Auto k=5; raw |Spearman|=0.624",0.449261606269063,1.64864479059497,0.0480910493060946
"sample_165","True positions","Noise SD = 0.10
Auto k=5; raw |Spearman|=0.624",-1.21301821662019,-0.952432656092405,0.779620272573084
"sample_166","True positions","Noise SD = 0.10
Auto k=5; raw |Spearman|=0.624",-0.804010792728787,0.785381800483676,0.491361290216446
"sample_167","True positions","Noise SD = 0.10
Auto k=5; raw |Spearman|=0.624",-0.858947243730995,-1.52438714939269,0.83509817160666
"sample_168","True positions","Noise SD = 0.10
Auto k=5; raw |Spearman|=0.624",0.768588073181625,1.0932463941801,0.0761853891890496
"sample_169","True positions","Noise SD = 0.10
Auto k=5; raw |Spearman|=0.624",1.21216531988642,-0.832912455432467,0.279957720311359
"sample_170","True positions","Noise SD = 0.10
Auto k=5; raw |Spearman|=0.624",-1.34823872503066,1.70677994563365,0.63283795514144
"sample_171","True positions","Noise SD = 0.10
Auto k=5; raw |Spearman|=0.624",-1.32031069402272,-0.447087437526512,0.74635539832525
"sample_172","True positions","Noise SD = 0.10
Auto k=5; raw |Spearman|=0.624",-1.44500616399639,0.144322871330286,0.722740790341049
"sample_173","True positions","Noise SD = 0.10
Auto k=5; raw |Spearman|=0.624",1.52576615836357,-0.614505788171033,0.246118342736736
"sample_174","True positions","Noise SD = 0.10
Auto k=5; raw |Spearman|=0.624",1.56491977150019,-0.233184779684985,0.201949303038418
"sample_175","True positions","Noise SD = 0.10
Auto k=5; raw |Spearman|=0.624",-0.928638052715033,1.7398320654913,0.55659376992844
"sample_176","True positions","Noise SD = 0.10
Auto k=5; raw |Spearman|=0.624",0.897705073274108,0.859102888249682,0.0934528792276978
"sample_177","True positions","Noise SD = 0.10
Auto k=5; raw |Spearman|=0.624",1.43137653803294,0.0791846874006872,0.15237533999607
"sample_178","True positions","Noise SD = 0.10
Auto k=5; raw |Spearman|=0.624",-0.743105406494096,0.43914322639957,0.476137351477519
"sample_179","True positions","Noise SD = 0.10
Auto k=5; raw |Spearman|=0.624",0.749467946135677,-1.03737381847026,0.328140031779185
"sample_180","True positions","Noise SD = 0.10
Auto k=5; raw |Spearman|=0.624",-0.539942864488766,-1.77789411769836,0.855659369379282
"sample_181","True positions","Noise SD = 0.10
Auto k=5; raw |Spearman|=0.624",0.681891152602277,-1.07544670726167,0.334354943595827
"sample_182","True positions","Noise SD = 0.10
Auto k=5; raw |Spearman|=0.624",0.947502190354636,-0.553497349786887,0.278659163974226
"sample_183","True positions","Noise SD = 0.10
Auto k=5; raw |Spearman|=0.624",-0.468048998990261,-0.0170703472649678,0.440978627186269
"sample_184","True positions","Noise SD = 0.10
Auto k=5; raw |Spearman|=0.624",-0.344815439561905,-0.0927030427326795,0.4400251689367
"sample_185","True positions","Noise SD = 0.10
Auto k=5; raw |Spearman|=0.624",1.87016122250676,-0.849793789803827,0.977296904427931
"sample_186","True positions","Noise SD = 0.10
Auto k=5; raw |Spearman|=0.624",1.25362216467498,0.00501086748178767,0.145238904282451
"sample_187","True positions","Noise SD = 0.10
Auto k=5; raw |Spearman|=0.624",-0.55210232596167,-1.61929314543976,0.84270612988621
"sample_188","True positions","Noise SD = 0.10
Auto k=5; raw |Spearman|=0.624",0.416585189668841,1.49838111272101,0.0419193957932293
"sample_189","True positions","Noise SD = 0.10
Auto k=5; raw |Spearman|=0.624",1.02352540033123,0.293125879644762,0.116735716816038
"sample_190","True positions","Noise SD = 0.10
Auto k=5; raw |Spearman|=0.624",-0.936990840642391,-1.50447466057247,0.818037616787478
"sample_191","True positions","Noise SD = 0.10
Auto k=5; raw |Spearman|=0.624",-1.51295710340757,0.427157955122146,0.71833058539778
"sample_192","True positions","Noise SD = 0.10
Auto k=5; raw |Spearman|=0.624",1.46937420998326,-0.44431858782657,0.226031198399141
"sample_193","True positions","Noise SD = 0.10
Auto k=5; raw |Spearman|=0.624",0.563689767890236,-0.955383760154813,0.340148094110191
"sample_194","True positions","Noise SD = 0.10
Auto k=5; raw |Spearman|=0.624",0.456988343359823,-0.840583387344621,0.356579177780077
"sample_195","True positions","Noise SD = 0.10
Auto k=5; raw |Spearman|=0.624",-1.26831105213235,-0.456021362629073,0.754153728717938
"sample_196","True positions","Noise SD = 0.10
Auto k=5; raw |Spearman|=0.624",0.566937716138318,-0.915544260832957,0.324936339398846
"sample_197","True positions","Noise SD = 0.10
Auto k=5; raw |Spearman|=0.624",-1.01014119590967,1.44056983807313,0.526243726024404
"sample_198","True positions","Noise SD = 0.10
Auto k=5; raw |Spearman|=0.624",0.488367632330992,-1.63932247697476,0.916579271433875
"sample_199","True positions","Noise SD = 0.10
Auto k=5; raw |Spearman|=0.624",0.22634251529381,-0.712337089387793,0.371524909744039
"sample_200","True positions","Noise SD = 0.10
Auto k=5; raw |Spearman|=0.624",1.10408189197037,-1.49279478077596,0.947080062935129
"sample_001","Auto Isomap","Noise SD = 0.10
Auto k=5; raw |Spearman|=0.624",0.685347291256649,-1.57025905695447,0.427157623413364
"sample_002","Auto Isomap","Noise SD = 0.10
Auto k=5; raw |Spearman|=0.624",-1.52321675244613,1.71201717809203,0.794828551587167
"sample_003","Auto Isomap","Noise SD = 0.10
Auto k=5; raw |Spearman|=0.624",-0.905974758056101,1.53768246734946,0.866494221053318
"sample_004","Auto Isomap","Noise SD = 0.10
Auto k=5; raw |Spearman|=0.624",1.14145340573182,-0.765687212184743,0.22627872602706
"sample_005","Auto Isomap","Noise SD = 0.10
Auto k=5; raw |Spearman|=0.624",0.801274641015992,0.644347939167739,0.193992362966841
"sample_006","Auto Isomap","Noise SD = 0.10
Auto k=5; raw |Spearman|=0.624",1.03794234643372,0.383439621284299,0.215768417268333
"sample_007","Auto Isomap","Noise SD = 0.10
Auto k=5; raw |Spearman|=0.624",1.55688591065343,-0.336511210648488,0.282986768475699
"sample_008","Auto Isomap","Noise SD = 0.10
Auto k=5; raw |Spearman|=0.624",1.0389385307126,-1.38028731833173,0.400026938005601
"sample_009","Auto Isomap","Noise SD = 0.10
Auto k=5; raw |Spearman|=0.624",-1.15328392598643,2.00304692178472,0.819846191107975
"sample_010","Auto Isomap","Noise SD = 0.10
Auto k=5; raw |Spearman|=0.624",-1.27807006900051,1.81496091290326,0.799668241320127
"sample_011","Auto Isomap","Noise SD = 0.10
Auto k=5; raw |Spearman|=0.624",-1.34578219946004,-0.0379757159691499,0.677565636666068
"sample_012","Auto Isomap","Noise SD = 0.10
Auto k=5; raw |Spearman|=0.624",-1.08873413892671,-1.34897805008377,0.569424433857131
"sample_013","Auto Isomap","Noise SD = 0.10
Auto k=5; raw |Spearman|=0.624",0.429761465639147,1.83141776594912,0.0780254713132051
"sample_014","Auto Isomap","Noise SD = 0.10
Auto k=5; raw |Spearman|=0.624",-0.447030656173948,0.381704909984228,0.955700295414242
"sample_015","Auto Isomap","Noise SD = 0.10
Auto k=5; raw |Spearman|=0.624",-0.892046132058923,0.754159796055455,0.921316955469768
"sample_016","Auto Isomap","Noise SD = 0.10
Auto k=5; raw |Spearman|=0.624",1.42531322959728,-0.400448159674509,0.272106224594358
"sample_017","Auto Isomap","Noise SD = 0.10
Auto k=5; raw |Spearman|=0.624",-0.543767622922799,0.336162481491138,0.962479561907915
"sample_018","Auto Isomap","Noise SD = 0.10
Auto k=5; raw |Spearman|=0.624",-0.674959215661021,0.462025009102587,0.938746963168732
"sample_019","Auto Isomap","Noise SD = 0.10
Auto k=5; raw |Spearman|=0.624",0.143376986241321,-1.84322157590597,0.469687515116668
"sample_020","Auto Isomap","Noise SD = 0.10
Auto k=5; raw |Spearman|=0.624",1.18518462537475,0.277259902344446,0.224997937078154
"sample_021","Auto Isomap","Noise SD = 0.10
Auto k=5; raw |Spearman|=0.624",0.820930252233063,-0.899103277678141,0.211792586372798
"sample_022","Auto Isomap","Noise SD = 0.10
Auto k=5; raw |Spearman|=0.624",-0.952571666100142,1.21704236199941,0.891256644680319
"sample_023","Auto Isomap","Noise SD = 0.10
Auto k=5; raw |Spearman|=0.624",-1.31299280758099,-0.131591244579208,0.669046976008221
"sample_024","Auto Isomap","Noise SD = 0.10
Auto k=5; raw |Spearman|=0.624",-1.34242590581032,2.08541351159559,0.821756050534334
"sample_025","Auto Isomap","Noise SD = 0.10
Auto k=5; raw |Spearman|=0.624",-0.557314629825804,0.127216786425255,0.974023951910408
"sample_026","Auto Isomap","Noise SD = 0.10
Auto k=5; raw |Spearman|=0.624",0.965233693598674,0.519085824076258,0.207276228877373
"sample_027","Auto Isomap","Noise SD = 0.10
Auto k=5; raw |Spearman|=0.624",1.37374430505113,0.0888783065689337,0.252334039879626
"sample_028","Auto Isomap","Noise SD = 0.10
Auto k=5; raw |Spearman|=0.624",0.413532164938112,2.21245545778512,0.0601479214112196
"sample_029","Auto Isomap","Noise SD = 0.10
Auto k=5; raw |Spearman|=0.624",-1.46108354014778,0.277747607674882,0.696660303995087
"sample_030","Auto Isomap","Noise SD = 0.10
Auto k=5; raw |Spearman|=0.624",-0.965935654026879,1.86178881667416,0.834555368738183
"sample_031","Auto Isomap","Noise SD = 0.10
Auto k=5; raw |Spearman|=0.624",-1.37220963728467,-0.978054804673432,0.602819955038033
"sample_032","Auto Isomap","Noise SD = 0.10
Auto k=5; raw |Spearman|=0.624",-0.998045978135881,1.74255746145724,0.851495079226588
"sample_033","Auto Isomap","Noise SD = 0.10
Auto k=5; raw |Spearman|=0.624",0.435972865564263,2.02815342604766,0.0866823315506
"sample_034","Auto Isomap","Noise SD = 0.10
Auto k=5; raw |Spearman|=0.624",1.42718647029956,-0.352505678784196,0.275951659545204
"sample_035","Auto Isomap","Noise SD = 0.10
Auto k=5; raw |Spearman|=0.624",1.34920819333153,-0.00183150655704942,0.257451943463118
"sample_036","Auto Isomap","Noise SD = 0.10
Auto k=5; raw |Spearman|=0.624",0.405523723910829,1.97824459070176,0.0717565444562078
"sample_037","Auto Isomap","Noise SD = 0.10
Auto k=5; raw |Spearman|=0.624",-1.60656053652349,0.100156238133575,0.688007979514682
"sample_038","Auto Isomap","Noise SD = 0.10
Auto k=5; raw |Spearman|=0.624",1.13659511074134,-0.906267275427828,0.223159106876344
"sample_039","Auto Isomap","Noise SD = 0.10
Auto k=5; raw |Spearman|=0.624",1.04899872791347,-0.025706045905764,0.22969431370537
"sample_040","Auto Isomap","Noise SD = 0.10
Auto k=5; raw |Spearman|=0.624",-0.882965602294103,1.47668156270513,0.868642602248751
"sample_041","Auto Isomap","Noise SD = 0.10
Auto k=5; raw |Spearman|=0.624",-1.08032964646669,1.62550866900472,0.854676989045733
"sample_042","Auto Isomap","Noise SD = 0.10
Auto k=5; raw |Spearman|=0.624",0.541240678491808,1.39643994304218,0.124006843305103
"sample_043","Auto Isomap","Noise SD = 0.10
Auto k=5; raw |Spearman|=0.624",1.02085427346215,-0.797328633956759,0.203157103374931
"sample_044","Auto Isomap","Noise SD = 0.10
Auto k=5; raw |Spearman|=0.624",0.474035221477874,-1.81197880303417,0.450581032004733
"sample_045","Auto Isomap","Noise SD = 0.10
Auto k=5; raw |Spearman|=0.624",0.340438146400854,2.32650555983824,0.0204794136411619
"sample_046","Auto Isomap","Noise SD = 0.10
Auto k=5; raw |Spearman|=0.624",0.376492677963219,2.63446933885245,0.000811409677533833
"sample_047","Auto Isomap","Noise SD = 0.10
Auto k=5; raw |Spearman|=0.624",-0.715226137691081,-1.69053675466052,0.537692358331008
"sample_048","Auto Isomap","Noise SD = 0.10
Auto k=5; raw |Spearman|=0.624",-0.761454535186447,0.681906968640923,0.925343031324349
"sample_049","Auto Isomap","Noise SD = 0.10
Auto k=5; raw |Spearman|=0.624",-0.722794042037924,0.697531877238061,0.939423610503723
"sample_050","Auto Isomap","Noise SD = 0.10
Auto k=5; raw |Spearman|=0.624",0.335491285427064,-0.87140985093811,0.173732040501736
"sample_051","Auto Isomap","Noise SD = 0.10
Auto k=5; raw |Spearman|=0.624",1.33907602054418,-0.698827984240898,0.244127040653598
"sample_052","Auto Isomap","Noise SD = 0.10
Auto k=5; raw |Spearman|=0.624",1.4260891592805,-0.0467953438064794,0.256281407569493
"sample_053","Auto Isomap","Noise SD = 0.10
Auto k=5; raw |Spearman|=0.624",1.48964646680139,-0.669842851537499,0.242198151022179
"sample_054","Auto Isomap","Noise SD = 0.10
Auto k=5; raw |Spearman|=0.624",-1.16825057039587,1.98361274210672,0.831498850249815
"sample_055","Auto Isomap","Noise SD = 0.10
Auto k=5; raw |Spearman|=0.624",-0.996709112486469,-1.57076642225357,0.559064633442598
"sample_056","Auto Isomap","Noise SD = 0.10
Auto k=5; raw |Spearman|=0.624",1.75646982381995,-0.928601521000993,0.334963568344291
"sample_057","Auto Isomap","Noise SD = 0.10
Auto k=5; raw |Spearman|=0.624",1.37094973552874,0.148564091357438,0.245607751023717
"sample_058","Auto Isomap","Noise SD = 0.10
Auto k=5; raw |Spearman|=0.624",-1.11800209904898,-1.33386231153401,0.575651496228116
"sample_059","Auto Isomap","Noise SD = 0.10
Auto k=5; raw |Spearman|=0.624",-0.682099996759276,0.630464362615975,0.941279136545967
"sample_060","Auto Isomap","Noise SD = 0.10
Auto k=5; raw |Spearman|=0.624",-0.165120284629534,-1.96905986698211,0.487940789478216
"sample_061","Auto Isomap","Noise SD = 0.10
Auto k=5; raw |Spearman|=0.624",0.40207426899988,-0.991485680759417,0.170498287427875
"sample_062","Auto Isomap","Noise SD = 0.10
Auto k=5; raw |Spearman|=0.624",-1.5647070609963,0.252690749367622,0.699171005711375
"sample_063","Auto Isomap","Noise SD = 0.10
Auto k=5; raw |Spearman|=0.624",0.823434678988405,-0.862390078335088,0.209422652446984
"sample_064","Auto Isomap","Noise SD = 0.10
Auto k=5; raw |Spearman|=0.624",0.53577185923389,1.1924770529649,0.139677886575291
"sample_065","Auto Isomap","Noise SD = 0.10
Auto k=5; raw |Spearman|=0.624",-0.620398512566511,0.0470630306352154,0.980286472749952
"sample_066","Auto Isomap","Noise SD = 0.10
Auto k=5; raw |Spearman|=0.624",-1.44008183417263,0.589888829735196,0.717977502650352
"sample_067","Auto Isomap","Noise SD = 0.10
Auto k=5; raw |Spearman|=0.624",0.334266293320651,2.28050754171104,0.0374509610730327
"sample_068","Auto Isomap","Noise SD = 0.10
Auto k=5; raw |Spearman|=0.624",1.16419328985585,0.274628760786723,0.223895672520071
"sample_069","Auto Isomap","Noise SD = 0.10
Auto k=5; raw |Spearman|=0.624",1.74755829702158,-0.90487009855251,0.333595219555363
"sample_070","Auto Isomap","Noise SD = 0.10
Auto k=5; raw |Spearman|=0.624",0.435650317278781,-0.950410497223051,0.173567288806538
"sample_071","Auto Isomap","Noise SD = 0.10
Auto k=5; raw |Spearman|=0.624",1.48812187627807,0.128554228387775,0.247609686265184
"sample_072","Auto Isomap","Noise SD = 0.10
Auto k=5; raw |Spearman|=0.624",0.66570288441783,1.25554380603526,0.147300284799502
"sample_073","Auto Isomap","Noise SD = 0.10
Auto k=5; raw |Spearman|=0.624",0.958071702958958,0.522926406494841,0.208148572736959
"sample_074","Auto Isomap","Noise SD = 0.10
Auto k=5; raw |Spearman|=0.624",0.521955297670065,1.24623391446413,0.149272970092123
"sample_075","Auto Isomap","Noise SD = 0.10
Auto k=5; raw |Spearman|=0.624",-0.997589762073457,-1.15545205129483,0.579130368242578
"sample_076","Auto Isomap","Noise SD = 0.10
Auto k=5; raw |Spearman|=0.624",-0.547759361615139,-1.78810549273922,0.525887399877453
"sample_077","Auto Isomap","Noise SD = 0.10
Auto k=5; raw |Spearman|=0.624",1.38419688438282,-0.22310133281902,0.25926443427397
"sample_078","Auto Isomap","Noise SD = 0.10
Auto k=5; raw |Spearman|=0.624",1.13966878838688,-0.755702493482869,0.214719733026995
"sample_079","Auto Isomap","Noise SD = 0.10
Auto k=5; raw |Spearman|=0.624",1.49760270856417,-0.0100579456686385,0.256676700400281
"sample_080","Auto Isomap","Noise SD = 0.10
Auto k=5; raw |Spearman|=0.624",-1.16095516766061,-1.53347737291428,0.565771017151972
"sample_081","Auto Isomap","Noise SD = 0.10
Auto k=5; raw |Spearman|=0.624",1.10964164998101,-0.752658405321099,0.233995480503108
"sample_082","Auto Isomap","Noise SD = 0.10
Auto k=5; raw |Spearman|=0.624",0.543281675882837,-0.931257916434374,0.18024089932294
"sample_083","Auto Isomap","Noise SD = 0.10
Auto k=5; raw |Spearman|=0.624",1.82581465827939,-0.963231760268431,0.331901837737301
"sample_084","Auto Isomap","Noise SD = 0.10
Auto k=5; raw |Spearman|=0.624",1.08310560685085,0.404578813991843,0.217042941039377
"sample_085","Auto Isomap","Noise SD = 0.10
Auto k=5; raw |Spearman|=0.624",1.38818620330756,-0.223839074059137,0.269104929446633
"sample_086","Auto Isomap","Noise SD = 0.10
Auto k=5; raw |Spearman|=0.624",-0.777400839228651,1.33136711584574,0.881164186413763
"sample_087","Auto Isomap","Noise SD = 0.10
Auto k=5; raw |Spearman|=0.624",-1.04443319678146,2.01292144255992,0.825434602357334
"sample_088","Auto Isomap","Noise SD = 0.10
Auto k=5; raw |Spearman|=0.624",0.781316564836008,-0.968930307120733,0.200716460441574
"sample_089","Auto Isomap","Noise SD = 0.10
Auto k=5; raw |Spearman|=0.624",0.239334075333913,2.40815668680192,0.0118220064352024
"sample_090","Auto Isomap","Noise SD = 0.10
Auto k=5; raw |Spearman|=0.624",-0.379018242880821,0.0248713922120997,0.992110176881109
"sample_091","Auto Isomap","Noise SD = 0.10
Auto k=5; raw |Spearman|=0.624",-1.3896993999396,0.03472796257186,0.683782337532788
"sample_092","Auto Isomap","Noise SD = 0.10
Auto k=5; raw |Spearman|=0.624",-0.547441601145727,0.499656153487774,0.955657425110127
"sample_093","Auto Isomap","Noise SD = 0.10
Auto k=5; raw |Spearman|=0.624",1.26167262428517,-0.408603292936956,0.264689395752435
"sample_094","Auto Isomap","Noise SD = 0.10
Auto k=5; raw |Spearman|=0.624",0.0868107542732862,-2.00202093118465,0.476202768016677
"sample_095","Auto Isomap","Noise SD = 0.10
Auto k=5; raw |Spearman|=0.624",0.339611180871096,-0.974130784612938,0.174133185115292
"sample_096","Auto Isomap","Noise SD = 0.10
Auto k=5; raw |Spearman|=0.624",1.43288061817916,-0.179394777900702,0.262017764303579
"sample_097","Auto Isomap","Noise SD = 0.10
Auto k=5; raw |Spearman|=0.624",0.549693744005225,-0.927865214921399,0.183137847263873
"sample_098","Auto Isomap","Noise SD = 0.10
Auto k=5; raw |Spearman|=0.624",1.50479807543127,-1.07788638168955,0.362689443476885
"sample_099","Auto Isomap","Noise SD = 0.10
Auto k=5; raw |Spearman|=0.624",0.143347784426213,-0.793674771968789,0.162068444525083
"sample_100","Auto Isomap","Noise SD = 0.10
Auto k=5; raw |Spearman|=0.624",1.45263050559684,-0.456407512363531,0.272512992125774
"sample_101","Auto Isomap","Noise SD = 0.10
Auto k=5; raw |Spearman|=0.624",-1.10808454435054,-1.28141100680951,0.573562207341533
"sample_102","Auto Isomap","Noise SD = 0.10
Auto k=5; raw |Spearman|=0.624",-0.750918108820816,0.693669187371472,0.928452010278398
"sample_103","Auto Isomap","Noise SD = 0.10
Auto k=5; raw |Spearman|=0.624",-0.619258142487566,0.580020876232879,0.940268767080257
"sample_104","Auto Isomap","Noise SD = 0.10
Auto k=5; raw |Spearman|=0.624",-1.48731196646874,1.07632106031022,0.748637330264896
"sample_105","Auto Isomap","Noise SD = 0.10
Auto k=5; raw |Spearman|=0.624",1.46145265737572,0.0541179476922711,0.252027534127147
"sample_106","Auto Isomap","Noise SD = 0.10
Auto k=5; raw |Spearman|=0.624",-1.45130031579674,0.222033263132408,0.693113160421274
"sample_107","Auto Isomap","Noise SD = 0.10
Auto k=5; raw |Spearman|=0.624",-0.758592180595314,-1.88964969826496,0.52303475270316
"sample_108","Auto Isomap","Noise SD = 0.10
Auto k=5; raw |Spearman|=0.624",0.922272446660864,0.762753977185773,0.191446539279058
"sample_109","Auto Isomap","Noise SD = 0.10
Auto k=5; raw |Spearman|=0.624",1.14456443309468,0.135779599097853,0.232102810747402
"sample_110","Auto Isomap","Noise SD = 0.10
Auto k=5; raw |Spearman|=0.624",-0.234669605171222,-0.220734237445856,1
"sample_111","Auto Isomap","Noise SD = 0.10
Auto k=5; raw |Spearman|=0.624",-1.3701538189691,0.678196913274216,0.722143435227798
"sample_112","Auto Isomap","Noise SD = 0.10
Auto k=5; raw |Spearman|=0.624",0.590100557802445,-1.70272547732236,0.442357437799115
"sample_113","Auto Isomap","Noise SD = 0.10
Auto k=5; raw |Spearman|=0.624",0.851791929953454,0.622186159129309,0.195303324572408
"sample_114","Auto Isomap","Noise SD = 0.10
Auto k=5; raw |Spearman|=0.624",-1.55576550137864,0.612654248453076,0.720161459158236
"sample_115","Auto Isomap","Noise SD = 0.10
Auto k=5; raw |Spearman|=0.624",-0.713219207034502,0.412437796232626,0.950626555901673
"sample_116","Auto Isomap","Noise SD = 0.10
Auto k=5; raw |Spearman|=0.624",-0.961976860601429,1.31930641548199,0.872364446566101
"sample_117","Auto Isomap","Noise SD = 0.10
Auto k=5; raw |Spearman|=0.624",-0.137201824980313,-1.95719907690672,0.486977243230324
"sample_118","Auto Isomap","Noise SD = 0.10
Auto k=5; raw |Spearman|=0.624",0.684523429054735,-1.8096455568605,0.441068582160447
"sample_119","Auto Isomap","Noise SD = 0.10
Auto k=5; raw |Spearman|=0.624",1.50714085515069,-0.498144917186622,0.264056503236121
"sample_120","Auto Isomap","Noise SD = 0.10
Auto k=5; raw |Spearman|=0.624",1.50538715396157,-0.521077422443056,0.26668521733282
"sample_121","Auto Isomap","Noise SD = 0.10
Auto k=5; raw |Spearman|=0.624",1.3894133167262,-0.573750607491672,0.256348292880236
"sample_122","Auto Isomap","Noise SD = 0.10
Auto k=5; raw |Spearman|=0.624",0.279646612303774,1.97641785262594,0.0780064531176401
"sample_123","Auto Isomap","Noise SD = 0.10
Auto k=5; raw |Spearman|=0.624",0.541627258754277,-1.67383329989577,0.43999431399309
"sample_124","Auto Isomap","Noise SD = 0.10
Auto k=5; raw |Spearman|=0.624",-0.78729921290282,0.994125002761199,0.906262145087984
"sample_125","Auto Isomap","Noise SD = 0.10
Auto k=5; raw |Spearman|=0.624",-1.77260287307134,0.429914034162517,0.712204937031148
"sample_126","Auto Isomap","Noise SD = 0.10
Auto k=5; raw |Spearman|=0.624",-1.33776612898721,1.79274063431756,0.806326923489724
"sample_127","Auto Isomap","Noise SD = 0.10
Auto k=5; raw |Spearman|=0.624",-1.208500077972,-0.514263465831211,0.639948211523799
"sample_128","Auto Isomap","Noise SD = 0.10
Auto k=5; raw |Spearman|=0.624",1.20089759578913,-0.640885046618945,0.229385723296421
"sample_129","Auto Isomap","Noise SD = 0.10
Auto k=5; raw |Spearman|=0.624",1.52609041496293,-0.423462832210228,0.25916757680235
"sample_130","Auto Isomap","Noise SD = 0.10
Auto k=5; raw |Spearman|=0.624",-1.22629185723965,2.17581174494592,0.829167080963291
"sample_131","Auto Isomap","Noise SD = 0.10
Auto k=5; raw |Spearman|=0.624",-1.16012738891752,1.97241359325469,0.833169851765806
"sample_132","Auto Isomap","Noise SD = 0.10
Auto k=5; raw |Spearman|=0.624",0.576725712520955,-1.66547259133692,0.43788236558177
"sample_133","Auto Isomap","Noise SD = 0.10
Auto k=5; raw |Spearman|=0.624",-1.51619632967769,1.99877859228938,0.81434702338095
"sample_134","Auto Isomap","Noise SD = 0.10
Auto k=5; raw |Spearman|=0.624",1.37548470343383,-0.100344040316117,0.26246782454641
"sample_135","Auto Isomap","Noise SD = 0.10
Auto k=5; raw |Spearman|=0.624",-1.46674358101253,0.443080496039616,0.708174142763965
"sample_136","Auto Isomap","Noise SD = 0.10
Auto k=5; raw |Spearman|=0.624",1.05708235299711,-0.82436629791847,0.215498650481572
"sample_137","Auto Isomap","Noise SD = 0.10
Auto k=5; raw |Spearman|=0.624",-0.459891027229354,-1.98056653916333,0.504857048697462
"sample_138","Auto Isomap","Noise SD = 0.10
Auto k=5; raw |Spearman|=0.624",-1.3014576182746,1.40457251315754,0.770446180028119
"sample_139","Auto Isomap","Noise SD = 0.10
Auto k=5; raw |Spearman|=0.624",-0.931148703741924,-1.8036863380914,0.53400585182432
"sample_140","Auto Isomap","Noise SD = 0.10
Auto k=5; raw |Spearman|=0.624",-1.45851807871149,0.817051426948734,0.732502410997997
"sample_141","Auto Isomap","Noise SD = 0.10
Auto k=5; raw |Spearman|=0.624",-0.800520908649501,1.15921848608624,0.889729071803623
"sample_142","Auto Isomap","Noise SD = 0.10
Auto k=5; raw |Spearman|=0.624",1.45706557312899,-0.305513308624012,0.273967825212786
"sample_143","Auto Isomap","Noise SD = 0.10
Auto k=5; raw |Spearman|=0.624",-0.632261277946954,0.648700100791701,0.930128895254599
"sample_144","Auto Isomap","Noise SD = 0.10
Auto k=5; raw |Spearman|=0.624",-1.00072300478518,1.5086662765361,0.864827342300482
"sample_145","Auto Isomap","Noise SD = 0.10
Auto k=5; raw |Spearman|=0.624",0.304841984455462,-0.977485170935585,0.16698974242004
"sample_146","Auto Isomap","Noise SD = 0.10
Auto k=5; raw |Spearman|=0.624",-1.45131379055237,-0.245246544425334,0.656815769608455
"sample_147","Auto Isomap","Noise SD = 0.10
Auto k=5; raw |Spearman|=0.624",-1.0912919439367,1.90902168356816,0.837391193090746
"sample_148","Auto Isomap","Noise SD = 0.10
Auto k=5; raw |Spearman|=0.624",1.09681469058372,-0.831101111937384,0.226523220193106
"sample_149","Auto Isomap","Noise SD = 0.10
Auto k=5; raw |Spearman|=0.624",0.173061513016865,2.60868243977031,0
"sample_150","Auto Isomap","Noise SD = 0.10
Auto k=5; raw |Spearman|=0.624",0.69858079596743,1.09898858172151,0.162889289976248
"sample_151","Auto Isomap","Noise SD = 0.10
Auto k=5; raw |Spearman|=0.624",-0.506063168902555,0.57060319234294,0.942466854291287
"sample_152","Auto Isomap","Noise SD = 0.10
Auto k=5; raw |Spearman|=0.624",0.984122779072669,-0.922405203395495,0.223375853275389
"sample_153","Auto Isomap","Noise SD = 0.10
Auto k=5; raw |Spearman|=0.624",1.12470922752783,-0.522167638830386,0.230604969167343
"sample_154","Auto Isomap","Noise SD = 0.10
Auto k=5; raw |Spearman|=0.624",1.26420542829997,0.066244025882351,0.242666514191936
"sample_155","Auto Isomap","Noise SD = 0.10
Auto k=5; raw |Spearman|=0.624",1.45250258034341,-0.513100110065116,0.262309673883456
"sample_156","Auto Isomap","Noise SD = 0.10
Auto k=5; raw |Spearman|=0.624",-1.52183397484695,-0.425412134096868,0.652884871281746
"sample_157","Auto Isomap","Noise SD = 0.10
Auto k=5; raw |Spearman|=0.624",-1.17420387717677,-1.13626836529663,0.582331242644689
"sample_158","Auto Isomap","Noise SD = 0.10
Auto k=5; raw |Spearman|=0.624",0.87048371726092,0.53658552962259,0.204146313450431
"sample_159","Auto Isomap","Noise SD = 0.10
Auto k=5; raw |Spearman|=0.624",-1.41462186531784,-0.942566310895608,0.61366556695357
"sample_160","Auto Isomap","Noise SD = 0.10
Auto k=5; raw |Spearman|=0.624",0.923417452892332,-0.936603194130682,0.203257026940111
"sample_161","Auto Isomap","Noise SD = 0.10
Auto k=5; raw |Spearman|=0.624",0.346890983020222,-1.75678031382173,0.45527451960765
"sample_162","Auto Isomap","Noise SD = 0.10
Auto k=5; raw |Spearman|=0.624",1.22972772517858,0.0579005164799164,0.252776298344793
"sample_163","Auto Isomap","Noise SD = 0.10
Auto k=5; raw |Spearman|=0.624",0.894743934952427,-1.03430631552917,0.204926696105733
"sample_164","Auto Isomap","Noise SD = 0.10
Auto k=5; raw |Spearman|=0.624",0.449261606269063,1.64864479059497,0.119077453894344
"sample_165","Auto Isomap","Noise SD = 0.10
Auto k=5; raw |Spearman|=0.624",-1.21301821662019,-0.952432656092405,0.602316742833899
"sample_166","Auto Isomap","Noise SD = 0.10
Auto k=5; raw |Spearman|=0.624",-0.804010792728787,0.785381800483676,0.915917774117652
"sample_167","Auto Isomap","Noise SD = 0.10
Auto k=5; raw |Spearman|=0.624",-0.858947243730995,-1.52438714939269,0.551360088805975
"sample_168","Auto Isomap","Noise SD = 0.10
Auto k=5; raw |Spearman|=0.624",0.768588073181625,1.0932463941801,0.170029128797319
"sample_169","Auto Isomap","Noise SD = 0.10
Auto k=5; raw |Spearman|=0.624",1.21216531988642,-0.832912455432467,0.235396376605817
"sample_170","Auto Isomap","Noise SD = 0.10
Auto k=5; raw |Spearman|=0.624",-1.34823872503066,1.70677994563365,0.801071898868143
"sample_171","Auto Isomap","Noise SD = 0.10
Auto k=5; raw |Spearman|=0.624",-1.32031069402272,-0.447087437526512,0.644655084579179
"sample_172","Auto Isomap","Noise SD = 0.10
Auto k=5; raw |Spearman|=0.624",-1.44500616399639,0.144322871330286,0.687231909117915
"sample_173","Auto Isomap","Noise SD = 0.10
Auto k=5; raw |Spearman|=0.624",1.52576615836357,-0.614505788171033,0.252126385758916
"sample_174","Auto Isomap","Noise SD = 0.10
Auto k=5; raw |Spearman|=0.624",1.56491977150019,-0.233184779684985,0.26491364870748
"sample_175","Auto Isomap","Noise SD = 0.10
Auto k=5; raw |Spearman|=0.624",-0.928638052715033,1.7398320654913,0.851568777498735
"sample_176","Auto Isomap","Noise SD = 0.10
Auto k=5; raw |Spearman|=0.624",0.897705073274108,0.859102888249682,0.186276316267007
"sample_177","Auto Isomap","Noise SD = 0.10
Auto k=5; raw |Spearman|=0.624",1.43137653803294,0.0791846874006872,0.247472933512987
"sample_178","Auto Isomap","Noise SD = 0.10
Auto k=5; raw |Spearman|=0.624",-0.743105406494096,0.43914322639957,0.940018777574083
"sample_179","Auto Isomap","Noise SD = 0.10
Auto k=5; raw |Spearman|=0.624",0.749467946135677,-1.03737381847026,0.196837805428193
"sample_180","Auto Isomap","Noise SD = 0.10
Auto k=5; raw |Spearman|=0.624",-0.539942864488766,-1.77789411769836,0.508524437462083
"sample_181","Auto Isomap","Noise SD = 0.10
Auto k=5; raw |Spearman|=0.624",0.681891152602277,-1.07544670726167,0.191893419387604
"sample_182","Auto Isomap","Noise SD = 0.10
Auto k=5; raw |Spearman|=0.624",0.947502190354636,-0.553497349786887,0.222528332988054
"sample_183","Auto Isomap","Noise SD = 0.10
Auto k=5; raw |Spearman|=0.624",-0.468048998990261,-0.0170703472649678,0.988233525345863
"sample_184","Auto Isomap","Noise SD = 0.10
Auto k=5; raw |Spearman|=0.624",-0.344815439561905,-0.0927030427326795,0.992387923419545
"sample_185","Auto Isomap","Noise SD = 0.10
Auto k=5; raw |Spearman|=0.624",1.87016122250676,-0.849793789803827,0.332867365330213
"sample_186","Auto Isomap","Noise SD = 0.10
Auto k=5; raw |Spearman|=0.624",1.25362216467498,0.00501086748178767,0.233894528223695
"sample_187","Auto Isomap","Noise SD = 0.10
Auto k=5; raw |Spearman|=0.624",-0.55210232596167,-1.61929314543976,0.519701954536291
"sample_188","Auto Isomap","Noise SD = 0.10
Auto k=5; raw |Spearman|=0.624",0.416585189668841,1.49838111272101,0.107225607254485
"sample_189","Auto Isomap","Noise SD = 0.10
Auto k=5; raw |Spearman|=0.624",1.02352540033123,0.293125879644762,0.219551094387576
"sample_190","Auto Isomap","Noise SD = 0.10
Auto k=5; raw |Spearman|=0.624",-0.936990840642391,-1.50447466057247,0.557161327677433
"sample_191","Auto Isomap","Noise SD = 0.10
Auto k=5; raw |Spearman|=0.624",-1.51295710340757,0.427157955122146,0.702105256248757
"sample_192","Auto Isomap","Noise SD = 0.10
Auto k=5; raw |Spearman|=0.624",1.46937420998326,-0.44431858782657,0.267125264050376
"sample_193","Auto Isomap","Noise SD = 0.10
Auto k=5; raw |Spearman|=0.624",0.563689767890236,-0.955383760154813,0.190172348360607
"sample_194","Auto Isomap","Noise SD = 0.10
Auto k=5; raw |Spearman|=0.624",0.456988343359823,-0.840583387344621,0.175824160756616
"sample_195","Auto Isomap","Noise SD = 0.10
Auto k=5; raw |Spearman|=0.624",-1.26831105213235,-0.456021362629073,0.647935472663621
"sample_196","Auto Isomap","Noise SD = 0.10
Auto k=5; raw |Spearman|=0.624",0.566937716138318,-0.915544260832957,0.187059528574643
"sample_197","Auto Isomap","Noise SD = 0.10
Auto k=5; raw |Spearman|=0.624",-1.01014119590967,1.44056983807313,0.86908287187124
"sample_198","Auto Isomap","Noise SD = 0.10
Auto k=5; raw |Spearman|=0.624",0.488367632330992,-1.63932247697476,0.444706675235254
"sample_199","Auto Isomap","Noise SD = 0.10
Auto k=5; raw |Spearman|=0.624",0.22634251529381,-0.712337089387793,0.165623358302708
"sample_200","Auto Isomap","Noise SD = 0.10
Auto k=5; raw |Spearman|=0.624",1.10408189197037,-1.49279478077596,0.403263504151971
"sample_001","True positions","Noise SD = 0.05
Auto k=7; raw |Spearman|=0.656",0.744407159824684,-1.58923095548139,0.934602960711345
"sample_002","True positions","Noise SD = 0.05
Auto k=7; raw |Spearman|=0.656",-1.44948780474845,1.67501196200573,0.640336565673351
"sample_003","True positions","Noise SD = 0.05
Auto k=7; raw |Spearman|=0.656",-0.952325928779174,1.5356100686665,0.539774174569175
"sample_004","True positions","Noise SD = 0.05
Auto k=7; raw |Spearman|=0.656",1.19455394683861,-0.743409651604652,0.266568574821576
"sample_005","True positions","Noise SD = 0.05
Auto k=7; raw |Spearman|=0.656",0.850602299519586,0.666719399150305,0.096566071966663
"sample_006","True positions","Noise SD = 0.05
Auto k=7; raw |Spearman|=0.656",1.11945722499646,0.319476828708851,0.133909621974453
"sample_007","True positions","Noise SD = 0.05
Auto k=7; raw |Spearman|=0.656",1.51880699738303,-0.341051878254963,0.211279006209224
"sample_008","True positions","Noise SD = 0.05
Auto k=7; raw |Spearman|=0.656",1.07641596600964,-1.40935761471196,0.94865017477423
"sample_009","True positions","Noise SD = 0.05
Auto k=7; raw |Spearman|=0.656",-1.1624658379315,1.94182987162811,0.579310150118545
"sample_010","True positions","Noise SD = 0.05
Auto k=7; raw |Spearman|=0.656",-1.30073582974173,1.81492507049736,0.622002283344045
"sample_011","True positions","Noise SD = 0.05
Auto k=7; raw |Spearman|=0.656",-1.38797825100437,0.000172179147627342,0.729925628518686
"sample_012","True positions","Noise SD = 0.05
Auto k=7; raw |Spearman|=0.656",-1.07607245456712,-1.35676081254914,0.806193429743871
"sample_013","True positions","Noise SD = 0.05
Auto k=7; raw |Spearman|=0.656",0.392381355938715,1.90766934554026,0.0309129566885531
"sample_014","True positions","Noise SD = 0.05
Auto k=7; raw |Spearman|=0.656",-0.504753424188669,0.360126871309393,0.465288266539574
"sample_015","True positions","Noise SD = 0.05
Auto k=7; raw |Spearman|=0.656",-0.828095026154713,0.81543164444849,0.496334829134867
"sample_016","True positions","Noise SD = 0.05
Auto k=7; raw |Spearman|=0.656",1.45485400041728,-0.354315078264551,0.206122397910804
"sample_017","True positions","Noise SD = 0.05
Auto k=7; raw |Spearman|=0.656",-0.535810588634994,0.295244790103999,0.460400955285877
"sample_018","True positions","Noise SD = 0.05
Auto k=7; raw |Spearman|=0.656",-0.677628468914492,0.553220235768251,0.482846714323387
"sample_019","True positions","Noise SD = 0.05
Auto k=7; raw |Spearman|=0.656",0.112087432130749,-1.853520377818,0.897089458769187
"sample_020","True positions","Noise SD = 0.05
Auto k=7; raw |Spearman|=0.656",1.20876667681337,0.24538077776991,0.138356370152906
"sample_021","True positions","Noise SD = 0.05
Auto k=7; raw |Spearman|=0.656",0.829138350346545,-0.909583282570655,0.314858996775001
"sample_022","True positions","Noise SD = 0.05
Auto k=7; raw |Spearman|=0.656",-0.899655746343032,1.16454514459822,0.51057206466794
"sample_023","True positions","Noise SD = 0.05
Auto k=7; raw |Spearman|=0.656",-1.3720813005344,-0.0410618762130567,0.729390932014212
"sample_024","True positions","Noise SD = 0.05
Auto k=7; raw |Spearman|=0.656",-1.29756938501759,1.99906942914484,0.600904693361372
"sample_025","True positions","Noise SD = 0.05
Auto k=7; raw |Spearman|=0.656",-0.521552970917174,0.141523295187951,0.454613883746788
"sample_026","True positions","Noise SD = 0.05
Auto k=7; raw |Spearman|=0.656",1.0040596852583,0.495854837519364,0.113483893685043
"sample_027","True positions","Noise SD = 0.05
Auto k=7; raw |Spearman|=0.656",1.34570049816957,0.0929954630497203,0.151617694413289
"sample_028","True positions","Noise SD = 0.05
Auto k=7; raw |Spearman|=0.656",0.371155103533826,2.14914128423762,0.0271460183430463
"sample_029","True positions","Noise SD = 0.05
Auto k=7; raw |Spearman|=0.656",-1.45492794619316,0.290169264628707,0.717225887347013
"sample_030","True positions","Noise SD = 0.05
Auto k=7; raw |Spearman|=0.656",-1.06949427997324,1.87197727064482,0.579665700439364
"sample_031","True positions","Noise SD = 0.05
Auto k=7; raw |Spearman|=0.656",-1.31429325955425,-0.944803104652584,0.777791964821517
"sample_032","True positions","Noise SD = 0.05
Auto k=7; raw |Spearman|=0.656",-1.01433149430701,1.67829764958743,0.54650466889143
"sample_033","True positions","Noise SD = 0.05
Auto k=7; raw |Spearman|=0.656",0.419924018220156,1.91955978209752,0.0376187835354358
"sample_034","True positions","Noise SD = 0.05
Auto k=7; raw |Spearman|=0.656",1.45471912774304,-0.343211843205554,0.209671256830916
"sample_035","True positions","Noise SD = 0.05
Auto k=7; raw |Spearman|=0.656",1.38304555155103,-0.0297997705474306,0.171383886132389
"sample_036","True positions","Noise SD = 0.05
Auto k=7; raw |Spearman|=0.656",0.39013661139466,1.94491826462077,0.033667185343802
"sample_037","True positions","Noise SD = 0.05
Auto k=7; raw |Spearman|=0.656",-1.52437055652525,0.145645384647867,0.722593151964247
"sample_038","True positions","Noise SD = 0.05
Auto k=7; raw |Spearman|=0.656",1.09345255712684,-0.877047353935595,0.291781231062487
"sample_039","True positions","Noise SD = 0.05
Auto k=7; raw |Spearman|=0.656",1.17095282230345,0.0529103878760342,0.147549621528015
"sample_040","True positions","Noise SD = 0.05
Auto k=7; raw |Spearman|=0.656",-0.965787207315558,1.56689126405491,0.550399734638631
"sample_041","True positions","Noise SD = 0.05
Auto k=7; raw |Spearman|=0.656",-1.03387099657162,1.56481134386991,0.537454262608662
"sample_042","True positions","Noise SD = 0.05
Auto k=7; raw |Spearman|=0.656",0.514070977476188,1.47639737055089,0.0483221001923084
"sample_043","True positions","Noise SD = 0.05
Auto k=7; raw |Spearman|=0.656",1.00262048652392,-0.836833478808749,0.299227858427912
"sample_044","True positions","Noise SD = 0.05
Auto k=7; raw |Spearman|=0.656",0.462895724542542,-1.78656167247688,0.917331561213359
"sample_045","True positions","Noise SD = 0.05
Auto k=7; raw |Spearman|=0.656",0.295596019695848,2.38364886531994,0.0149344548117369
"sample_046","True positions","Noise SD = 0.05
Auto k=7; raw |Spearman|=0.656",0.292679668921581,2.65627586519939,0.00744169089011848
"sample_047","True positions","Noise SD = 0.05
Auto k=7; raw |Spearman|=0.656",-0.778347488458697,-1.66652288056967,0.830173080321401
"sample_048","True positions","Noise SD = 0.05
Auto k=7; raw |Spearman|=0.656",-0.752332724311876,0.749879276677506,0.49288191832602
"sample_049","True positions","Noise SD = 0.05
Auto k=7; raw |Spearman|=0.656",-0.716199712485204,0.711011384718938,0.487459625350311
"sample_050","True positions","Noise SD = 0.05
Auto k=7; raw |Spearman|=0.656",0.365256188676689,-0.885194227313016,0.358126984676346
"sample_051","True positions","Noise SD = 0.05
Auto k=7; raw |Spearman|=0.656",1.31772659623721,-0.687842862507661,0.259190891170874
"sample_052","True positions","Noise SD = 0.05
Auto k=7; raw |Spearman|=0.656",1.43631450519522,-0.0825796817912066,0.17965303780511
"sample_053","True positions","Noise SD = 0.05
Auto k=7; raw |Spearman|=0.656",1.36991267582844,-0.694421815214333,0.266202436992899
"sample_054","True positions","Noise SD = 0.05
Auto k=7; raw |Spearman|=0.656",-1.18967495721927,1.94783542325262,0.589536999119446
"sample_055","True positions","Noise SD = 0.05
Auto k=7; raw |Spearman|=0.656",-1.02379981814665,-1.47802360540478,0.807724132435396
"sample_056","True positions","Noise SD = 0.05
Auto k=7; raw |Spearman|=0.656",1.78137651924474,-0.949411149327286,0.976915959035978
"sample_057","True positions","Noise SD = 0.05
Auto k=7; raw |Spearman|=0.656",1.35268561658395,0.110912015058178,0.154509680345654
"sample_058","True positions","Noise SD = 0.05
Auto k=7; raw |Spearman|=0.656",-1.07365931528394,-1.37656554323473,0.810300270095468
"sample_059","True positions","Noise SD = 0.05
Auto k=7; raw |Spearman|=0.656",-0.649916545977247,0.554485895539443,0.473336021881551
"sample_060","True positions","Noise SD = 0.05
Auto k=7; raw |Spearman|=0.656",-0.189621280246323,-1.92821958714672,0.878982509952039
"sample_061","True positions","Noise SD = 0.05
Auto k=7; raw |Spearman|=0.656",0.362187864407418,-0.931814903313214,0.365110938902944
"sample_062","True positions","Noise SD = 0.05
Auto k=7; raw |Spearman|=0.656",-1.50841218778915,0.313965480739203,0.71370889688842
"sample_063","True positions","Noise SD = 0.05
Auto k=7; raw |Spearman|=0.656",0.894615389646237,-0.872863708117805,0.301270701223984
"sample_064","True positions","Noise SD = 0.05
Auto k=7; raw |Spearman|=0.656",0.56414418733542,1.23826737323093,0.0611295851413161
"sample_065","True positions","Noise SD = 0.05
Auto k=7; raw |Spearman|=0.656",-0.545806989168175,0.0848848543343594,0.452645275276154
"sample_066","True positions","Noise SD = 0.05
Auto k=7; raw |Spearman|=0.656",-1.44898093214479,0.598697113523086,0.702297183917835
"sample_067","True positions","Noise SD = 0.05
Auto k=7; raw |Spearman|=0.656",0.315211651525638,2.25201399550558,0.0222509992308915
"sample_068","True positions","Noise SD = 0.05
Auto k=7; raw |Spearman|=0.656",1.18935737306684,0.256002623133828,0.135807921877131
"sample_069","True positions","Noise SD = 0.05
Auto k=7; raw |Spearman|=0.656",1.83783841634846,-0.891115912967862,0.981532560195774
"sample_070","True positions","Noise SD = 0.05
Auto k=7; raw |Spearman|=0.656",0.413778244965454,-0.924194791940848,0.358425584156066
"sample_071","True positions","Noise SD = 0.05
Auto k=7; raw |Spearman|=0.656",1.42393086809927,0.0822955518170126,0.159138856688514
"sample_072","True positions","Noise SD = 0.05
Auto k=7; raw |Spearman|=0.656",0.636953273928836,1.25149844978995,0.0629803079646081
"sample_073","True positions","Noise SD = 0.05
Auto k=7; raw |Spearman|=0.656",0.968011189175386,0.54534042017632,0.105687235482037
"sample_074","True positions","Noise SD = 0.05
Auto k=7; raw |Spearman|=0.656",0.568905777802504,1.23807150957282,0.0638794819824398
"sample_075","True positions","Noise SD = 0.05
Auto k=7; raw |Spearman|=0.656",-1.00989260589015,-1.29274007670814,0.811134418938309
"sample_076","True positions","Noise SD = 0.05
Auto k=7; raw |Spearman|=0.656",-0.550602567568292,-1.80492777240622,0.854919226141647
"sample_077","True positions","Noise SD = 0.05
Auto k=7; raw |Spearman|=0.656",1.43451856990486,-0.253312267881748,0.202711365418509
"sample_078","True positions","Noise SD = 0.05
Auto k=7; raw |Spearman|=0.656",1.05668604127188,-0.818058564847748,0.300404587062076
"sample_079","True positions","Noise SD = 0.05
Auto k=7; raw |Spearman|=0.656",1.45804871099224,-0.035402284464569,0.171784743200988
"sample_080","True positions","Noise SD = 0.05
Auto k=7; raw |Spearman|=0.656",-1.10106291698033,-1.46716816374635,0.808894120389596
"sample_081","True positions","Noise SD = 0.05
Auto k=7; raw |Spearman|=0.656",1.13366341694517,-0.770171810767501,0.278763446956873
"sample_082","True positions","Noise SD = 0.05
Auto k=7; raw |Spearman|=0.656",0.491448216242087,-0.92156455553952,0.353854389162734
"sample_083","True positions","Noise SD = 0.05
Auto k=7; raw |Spearman|=0.656",1.83949499113276,-0.94902054155246,0.978703966364264
"sample_084","True positions","Noise SD = 0.05
Auto k=7; raw |Spearman|=0.656",1.10523236238937,0.379693036919785,0.124067442724481
"sample_085","True positions","Noise SD = 0.05
Auto k=7; raw |Spearman|=0.656",1.41387537572442,-0.163293767831087,0.177501240512356
"sample_086","True positions","Noise SD = 0.05
Auto k=7; raw |Spearman|=0.656",-0.855730840364432,1.34538421477473,0.526823487365618
"sample_087","True positions","Noise SD = 0.05
Auto k=7; raw |Spearman|=0.656",-1.13750924523166,1.96498811245504,0.594782846281305
"sample_088","True positions","Noise SD = 0.05
Auto k=7; raw |Spearman|=0.656",0.743139624029075,-0.953337273730153,0.328176378039643
"sample_089","True positions","Noise SD = 0.05
Auto k=7; raw |Spearman|=0.656",0.238514102267936,2.45921650894479,0.0126899401657283
"sample_090","True positions","Noise SD = 0.05
Auto k=7; raw |Spearman|=0.656",-0.40283073821645,0.0247996787720065,0.446737228427082
"sample_091","True positions","Noise SD = 0.05
Auto k=7; raw |Spearman|=0.656",-1.41274102234516,0.0694735555958154,0.726764942752197
"sample_092","True positions","Noise SD = 0.05
Auto k=7; raw |Spearman|=0.656",-0.55483061486976,0.418785376613742,0.465251622954383
"sample_093","True positions","Noise SD = 0.05
Auto k=7; raw |Spearman|=0.656",1.36540711877718,-0.40441925594997,0.218806670745835
"sample_094","True positions","Noise SD = 0.05
Auto k=7; raw |Spearman|=0.656",0.0348378736543458,-1.94014441992723,0.891306948848069
"sample_095","True positions","Noise SD = 0.05
Auto k=7; raw |Spearman|=0.656",0.366756943941791,-0.936376014014753,0.358234190614894
"sample_096","True positions","Noise SD = 0.05
Auto k=7; raw |Spearman|=0.656",1.45735205606695,-0.210447479050237,0.196859565796331
"sample_097","True positions","Noise SD = 0.05
Auto k=7; raw |Spearman|=0.656",0.536743432745379,-0.928557389015495,0.345781859476119
"sample_098","True positions","Noise SD = 0.05
Auto k=7; raw |Spearman|=0.656",1.50342885669444,-1.13359139711842,0.964952562004328
"sample_099","True positions","Noise SD = 0.05
Auto k=7; raw |Spearman|=0.656",0.202165782798431,-0.818616437257219,0.371035319520161
"sample_100","True positions","Noise SD = 0.05
Auto k=7; raw |Spearman|=0.656",1.46048100629001,-0.42975923870833,0.219203646527603
"sample_101","True positions","Noise SD = 0.05
Auto k=7; raw |Spearman|=0.656",-1.08081598983945,-1.33117767544877,0.807401564205065
"sample_102","True positions","Noise SD = 0.05
Auto k=7; raw |Spearman|=0.656",-0.734522508893298,0.720844416660708,0.488820852711797
"sample_103","True positions","Noise SD = 0.05
Auto k=7; raw |Spearman|=0.656",-0.669997547640432,0.667633878046921,0.489239622838795
"sample_104","True positions","Noise SD = 0.05
Auto k=7; raw |Spearman|=0.656",-1.46518578853592,1.09939010911779,0.675086630042642
"sample_105","True positions","Noise SD = 0.05
Auto k=7; raw |Spearman|=0.656",1.4625979117859,-0.0546795297146743,0.185927418759093
"sample_106","True positions","Noise SD = 0.05
Auto k=7; raw |Spearman|=0.656",-1.44850796682147,0.234582404829868,0.719899991992861
"sample_107","True positions","Noise SD = 0.05
Auto k=7; raw |Spearman|=0.656",-0.745686393701916,-1.80885867495109,0.840139389270917
"sample_108","True positions","Noise SD = 0.05
Auto k=7; raw |Spearman|=0.656",0.898569221392533,0.746377967258402,0.0936737225856632
"sample_109","True positions","Noise SD = 0.05
Auto k=7; raw |Spearman|=0.656",1.17207161661878,0.196579674076229,0.133716177195311
"sample_110","True positions","Noise SD = 0.05
Auto k=7; raw |Spearman|=0.656",-0.328895491472533,-0.101766235858534,0.44627738231793
"sample_111","True positions","Noise SD = 0.05
Auto k=7; raw |Spearman|=0.656",-1.41402397161098,0.643669786684013,0.702215530676767
"sample_112","True positions","Noise SD = 0.05
Auto k=7; raw |Spearman|=0.656",0.57594831497177,-1.71055847306951,0.92291100951843
"sample_113","True positions","Noise SD = 0.05
Auto k=7; raw |Spearman|=0.656",0.842461104085187,0.711346164074677,0.0888825617730618
"sample_114","True positions","Noise SD = 0.05
Auto k=7; raw |Spearman|=0.656",-1.50676994968503,0.604516885916072,0.702851514099166
"sample_115","True positions","Noise SD = 0.05
Auto k=7; raw |Spearman|=0.656",-0.640868286147034,0.382981722907033,0.46615297649987
"sample_116","True positions","Noise SD = 0.05
Auto k=7; raw |Spearman|=0.656",-0.94183909739117,1.32211867161136,0.524440453154966
"sample_117","True positions","Noise SD = 0.05
Auto k=7; raw |Spearman|=0.656",-0.143825601827901,-1.92240228358368,0.883076469646767
"sample_118","True positions","Noise SD = 0.05
Auto k=7; raw |Spearman|=0.656",0.589624330814429,-1.77734566127198,0.919530816143379
"sample_119","True positions","Noise SD = 0.05
Auto k=7; raw |Spearman|=0.656",1.48877692149228,-0.446858531614672,0.218163246056065
"sample_120","True positions","Noise SD = 0.05
Auto k=7; raw |Spearman|=0.656",1.4617879497308,-0.520915688499035,0.235670982860029
"sample_121","True positions","Noise SD = 0.05
Auto k=7; raw |Spearman|=0.656",1.38781486610312,-0.572501344454862,0.242982234340161
"sample_122","True positions","Noise SD = 0.05
Auto k=7; raw |Spearman|=0.656",0.333990554703379,1.92011424756215,0.0355256006587297
"sample_123","True positions","Noise SD = 0.05
Auto k=7; raw |Spearman|=0.656",0.608650116869293,-1.67147159102915,0.928511262871325
"sample_124","True positions","Noise SD = 0.05
Auto k=7; raw |Spearman|=0.656",-0.791852468091019,0.981165789310105,0.501775671029463
"sample_125","True positions","Noise SD = 0.05
Auto k=7; raw |Spearman|=0.656",-1.61446108493774,0.468803900135536,0.707239287206903
"sample_126","True positions","Noise SD = 0.05
Auto k=7; raw |Spearman|=0.656",-1.29350522838221,1.85345221502864,0.599933189572766
"sample_127","True positions","Noise SD = 0.05
Auto k=7; raw |Spearman|=0.656",-1.28212136035286,-0.509519783875019,0.756396918790415
"sample_128","True positions","Noise SD = 0.05
Auto k=7; raw |Spearman|=0.656",1.22203538356557,-0.68288038307165,0.26721472828649
"sample_129","True positions","Noise SD = 0.05
Auto k=7; raw |Spearman|=0.656",1.48419035523202,-0.448530532132339,0.229000388411805
"sample_130","True positions","Noise SD = 0.05
Auto k=7; raw |Spearman|=0.656",-1.23920476399518,2.04440237738759,0.600737662054598
"sample_131","True positions","Noise SD = 0.05
Auto k=7; raw |Spearman|=0.656",-1.18694243234562,1.94280042037797,0.59024479938671
"sample_132","True positions","Noise SD = 0.05
Auto k=7; raw |Spearman|=0.656",0.613336280060531,-1.67307109593706,0.927260796073824
"sample_133","True positions","Noise SD = 0.05
Auto k=7; raw |Spearman|=0.656",-1.42544325413981,1.89222053790009,0.625687938183546
"sample_134","True positions","Noise SD = 0.05
Auto k=7; raw |Spearman|=0.656",1.42414207086936,-0.147419652962209,0.190271869068965
"sample_135","True positions","Noise SD = 0.05
Auto k=7; raw |Spearman|=0.656",-1.4611878266337,0.461353147611362,0.708617713302374
"sample_136","True positions","Noise SD = 0.05
Auto k=7; raw |Spearman|=0.656",1.02101320159062,-0.850243955919495,0.299166257958859
"sample_137","True positions","Noise SD = 0.05
Auto k=7; raw |Spearman|=0.656",-0.450902483968452,-1.91877406100931,0.86330534121953
"sample_138","True positions","Noise SD = 0.05
Auto k=7; raw |Spearman|=0.656",-1.36047780830516,1.38852712437946,0.659891549265012
"sample_139","True positions","Noise SD = 0.05
Auto k=7; raw |Spearman|=0.656",-0.841664628716576,-1.75915273951465,0.83842443744652
"sample_140","True positions","Noise SD = 0.05
Auto k=7; raw |Spearman|=0.656",-1.45673803735011,0.849453086648652,0.688260046532378
"sample_141","True positions","Noise SD = 0.05
Auto k=7; raw |Spearman|=0.656",-0.829956610923719,1.15372688012744,0.512845787452534
"sample_142","True positions","Noise SD = 0.05
Auto k=7; raw |Spearman|=0.656",1.4709519909145,-0.300046343477599,0.204242422012612
"sample_143","True positions","Noise SD = 0.05
Auto k=7; raw |Spearman|=0.656",-0.675595018538308,0.699469532265304,0.48894941364415
"sample_144","True positions","Noise SD = 0.05
Auto k=7; raw |Spearman|=0.656",-1.00116187484453,1.52488013843989,0.540380778256804
"sample_145","True positions","Noise SD = 0.05
Auto k=7; raw |Spearman|=0.656",0.278084904742303,-0.908008175318694,0.371972574153915
"sample_146","True positions","Noise SD = 0.05
Auto k=7; raw |Spearman|=0.656",-1.41171417355783,-0.329609241990194,0.751868466846645
"sample_147","True positions","Noise SD = 0.05
Auto k=7; raw |Spearman|=0.656",-1.05201012420741,1.73927409141906,0.54270679387264
"sample_148","True positions","Noise SD = 0.05
Auto k=7; raw |Spearman|=0.656",1.14656792728396,-0.796145923969149,0.273709014290944
"sample_149","True positions","Noise SD = 0.05
Auto k=7; raw |Spearman|=0.656",0.193078768084344,2.63036481013155,0.0082406906876713
"sample_150","True positions","Noise SD = 0.05
Auto k=7; raw |Spearman|=0.656",0.678106490747148,1.11825619190182,0.0687518047634512
"sample_151","True positions","Noise SD = 0.05
Auto k=7; raw |Spearman|=0.656",-0.593154861467307,0.60744003343657,0.482838751748204
"sample_152","True positions","Noise SD = 0.05
Auto k=7; raw |Spearman|=0.656",1.09582722961293,-0.837675106844134,0.272195026511326
"sample_153","True positions","Noise SD = 0.05
Auto k=7; raw |Spearman|=0.656",1.19460136585597,-0.614382843945558,0.264095493126661
"sample_154","True positions","Noise SD = 0.05
Auto k=7; raw |Spearman|=0.656",1.25756709574889,0.127397504854712,0.141081128036603
"sample_155","True positions","Noise SD = 0.05
Auto k=7; raw |Spearman|=0.656",1.43314132393,-0.520737237795026,0.236761612351984
"sample_156","True positions","Noise SD = 0.05
Auto k=7; raw |Spearman|=0.656",-1.45391743546061,-0.376785544490802,0.747640934074298
"sample_157","True positions","Noise SD = 0.05
Auto k=7; raw |Spearman|=0.656",-1.14259163227207,-1.20721112414936,0.800109896808863
"sample_158","True positions","Noise SD = 0.05
Auto k=7; raw |Spearman|=0.656",0.965688254183397,0.491802130581662,0.115691552171484
"sample_159","True positions","Noise SD = 0.05
Auto k=7; raw |Spearman|=0.656",-1.34181895961244,-0.906028433692747,0.775464338017628
"sample_160","True positions","Noise SD = 0.05
Auto k=7; raw |Spearman|=0.656",0.908162666254168,-0.921607303658724,0.309081808663905
"sample_161","True positions","Noise SD = 0.05
Auto k=7; raw |Spearman|=0.656",0.326946861458613,-1.78307377627778,0.909715083660558
"sample_162","True positions","Noise SD = 0.05
Auto k=7; raw |Spearman|=0.656",1.35046538915067,-0.0652398906236816,0.189414444612339
"sample_163","True positions","Noise SD = 0.05
Auto k=7; raw |Spearman|=0.656",0.87105340751839,-0.97610605323559,0.313827242003754
"sample_164","True positions","Noise SD = 0.05
Auto k=7; raw |Spearman|=0.656",0.467156934214218,1.60511390816169,0.0480910493060946
"sample_165","True positions","Noise SD = 0.05
Auto k=7; raw |Spearman|=0.656",-1.22957141077051,-0.948288401903778,0.779620272573084
"sample_166","True positions","Noise SD = 0.05
Auto k=7; raw |Spearman|=0.656",-0.768944195008157,0.788577697578001,0.491361290216446
"sample_167","True positions","Noise SD = 0.05
Auto k=7; raw |Spearman|=0.656",-0.823963569851624,-1.60570430504279,0.83509817160666
"sample_168","True positions","Noise SD = 0.05
Auto k=7; raw |Spearman|=0.656",0.745358908415657,1.0491168230527,0.0761853891890496
"sample_169","True positions","Noise SD = 0.05
Auto k=7; raw |Spearman|=0.656",1.18022921618649,-0.813307901938409,0.279957720311359
"sample_170","True positions","Noise SD = 0.05
Auto k=7; raw |Spearman|=0.656",-1.35188501914156,1.71321447661959,0.63283795514144
"sample_171","True positions","Noise SD = 0.05
Auto k=7; raw |Spearman|=0.656",-1.3551356046387,-0.374490145733549,0.74635539832525
"sample_172","True positions","Noise SD = 0.05
Auto k=7; raw |Spearman|=0.656",-1.44348977789616,0.166192220539214,0.722740790341049
"sample_173","True positions","Noise SD = 0.05
Auto k=7; raw |Spearman|=0.656",1.44828668238482,-0.603472383467956,0.246118342736736
"sample_174","True positions","Noise SD = 0.05
Auto k=7; raw |Spearman|=0.656",1.52481977655528,-0.255606722142219,0.201949303038418
"sample_175","True positions","Noise SD = 0.05
Auto k=7; raw |Spearman|=0.656",-1.00256814411047,1.72983081833125,0.55659376992844
"sample_176","True positions","Noise SD = 0.05
Auto k=7; raw |Spearman|=0.656",0.885326315843628,0.796139438981555,0.0934528792276978
"sample_177","True positions","Noise SD = 0.05
Auto k=7; raw |Spearman|=0.656",1.37674676592492,0.085000562733732,0.15237533999607
"sample_178","True positions","Noise SD = 0.05
Auto k=7; raw |Spearman|=0.656",-0.689785205355484,0.483272259700846,0.476137351477519
"sample_179","True positions","Noise SD = 0.05
Auto k=7; raw |Spearman|=0.656",0.727399350232278,-0.987548319544449,0.328140031779185
"sample_180","True positions","Noise SD = 0.05
Auto k=7; raw |Spearman|=0.656",-0.541915839011238,-1.80163985846167,0.855659369379282
"sample_181","True positions","Noise SD = 0.05
Auto k=7; raw |Spearman|=0.656",0.661930621195861,-1.00728621323046,0.334354943595827
"sample_182","True positions","Noise SD = 0.05
Auto k=7; raw |Spearman|=0.656",1.05300140563921,-0.670326281752439,0.278659163974226
"sample_183","True positions","Noise SD = 0.05
Auto k=7; raw |Spearman|=0.656",-0.425016304114559,-0.0427028339818638,0.440978627186269
"sample_184","True positions","Noise SD = 0.05
Auto k=7; raw |Spearman|=0.656",-0.359643647277011,-0.0880908612957301,0.4400251689367
"sample_185","True positions","Noise SD = 0.05
Auto k=7; raw |Spearman|=0.656",1.84320194715886,-0.90626421831612,0.977296904427931
"sample_186","True positions","Noise SD = 0.05
Auto k=7; raw |Spearman|=0.656",1.26594546157878,0.0782840651366047,0.145238904282451
"sample_187","True positions","Noise SD = 0.05
Auto k=7; raw |Spearman|=0.656",-0.627651405292036,-1.68324666944128,0.84270612988621
"sample_188","True positions","Noise SD = 0.05
Auto k=7; raw |Spearman|=0.656",0.426570143071811,1.60197551773429,0.0419193957932293
"sample_189","True positions","Noise SD = 0.05
Auto k=7; raw |Spearman|=0.656",1.04643457416983,0.364114667147139,0.116735716816038
"sample_190","True positions","Noise SD = 0.05
Auto k=7; raw |Spearman|=0.656",-0.948849547082247,-1.50945092885531,0.818037616787478
"sample_191","True positions","Noise SD = 0.05
Auto k=7; raw |Spearman|=0.656",-1.48026048538806,0.353429043979029,0.71833058539778
"sample_192","True positions","Noise SD = 0.05
Auto k=7; raw |Spearman|=0.656",1.46038128886354,-0.44833790295953,0.226031198399141
"sample_193","True positions","Noise SD = 0.05
Auto k=7; raw |Spearman|=0.656",0.572979614834011,-0.945792234553268,0.340148094110191
"sample_194","True positions","Noise SD = 0.05
Auto k=7; raw |Spearman|=0.656",0.434080171291542,-0.872267763897058,0.356579177780077
"sample_195","True positions","Noise SD = 0.05
Auto k=7; raw |Spearman|=0.656",-1.31617964981001,-0.457987405626403,0.754153728717938
"sample_196","True positions","Noise SD = 0.05
Auto k=7; raw |Spearman|=0.656",0.652291075380619,-0.925392272964569,0.324936339398846
"sample_197","True positions","Noise SD = 0.05
Auto k=7; raw |Spearman|=0.656",-0.970604429888666,1.39582431021682,0.526243726024404
"sample_198","True positions","Noise SD = 0.05
Auto k=7; raw |Spearman|=0.656",0.462773225603487,-1.70287475512037,0.916579271433875
"sample_199","True positions","Noise SD = 0.05
Auto k=7; raw |Spearman|=0.656",0.241140306260539,-0.776643362959607,0.371524909744039
"sample_200","True positions","Noise SD = 0.05
Auto k=7; raw |Spearman|=0.656",1.09109011623895,-1.47612313217889,0.947080062935129
"sample_001","Auto Isomap","Noise SD = 0.05
Auto k=7; raw |Spearman|=0.656",0.744407159824684,-1.58923095548139,0.454635603158821
"sample_002","Auto Isomap","Noise SD = 0.05
Auto k=7; raw |Spearman|=0.656",-1.44948780474845,1.67501196200573,0.809090177996829
"sample_003","Auto Isomap","Noise SD = 0.05
Auto k=7; raw |Spearman|=0.656",-0.952325928779174,1.5356100686665,0.877253652478293
"sample_004","Auto Isomap","Noise SD = 0.05
Auto k=7; raw |Spearman|=0.656",1.19455394683861,-0.743409651604652,0.305717591263521
"sample_005","Auto Isomap","Noise SD = 0.05
Auto k=7; raw |Spearman|=0.656",0.850602299519586,0.666719399150305,0.225158930775359
"sample_006","Auto Isomap","Noise SD = 0.05
Auto k=7; raw |Spearman|=0.656",1.11945722499646,0.319476828708851,0.252374782391866
"sample_007","Auto Isomap","Noise SD = 0.05
Auto k=7; raw |Spearman|=0.656",1.51880699738303,-0.341051878254963,0.313423474913162
"sample_008","Auto Isomap","Noise SD = 0.05
Auto k=7; raw |Spearman|=0.656",1.07641596600964,-1.40935761471196,0.425393474442175
"sample_009","Auto Isomap","Noise SD = 0.05
Auto k=7; raw |Spearman|=0.656",-1.1624658379315,1.94182987162811,0.840948782086873
"sample_010","Auto Isomap","Noise SD = 0.05
Auto k=7; raw |Spearman|=0.656",-1.30073582974173,1.81492507049736,0.820174740340854
"sample_011","Auto Isomap","Noise SD = 0.05
Auto k=7; raw |Spearman|=0.656",-1.38797825100437,0.000172179147627342,0.69265463254158
"sample_012","Auto Isomap","Noise SD = 0.05
Auto k=7; raw |Spearman|=0.656",-1.07607245456712,-1.35676081254914,0.587858827429359
"sample_013","Auto Isomap","Noise SD = 0.05
Auto k=7; raw |Spearman|=0.656",0.392381355938715,1.90766934554026,0.0928282710031195
"sample_014","Auto Isomap","Noise SD = 0.05
Auto k=7; raw |Spearman|=0.656",-0.504753424188669,0.360126871309393,0.967013503157879
"sample_015","Auto Isomap","Noise SD = 0.05
Auto k=7; raw |Spearman|=0.656",-0.828095026154713,0.81543164444849,0.928251749525974
"sample_016","Auto Isomap","Noise SD = 0.05
Auto k=7; raw |Spearman|=0.656",1.45485400041728,-0.354315078264551,0.315674571599845
"sample_017","Auto Isomap","Noise SD = 0.05
Auto k=7; raw |Spearman|=0.656",-0.535810588634994,0.295244790103999,0.972901217976237
"sample_018","Auto Isomap","Noise SD = 0.05
Auto k=7; raw |Spearman|=0.656",-0.677628468914492,0.553220235768251,0.947251001472264
"sample_019","Auto Isomap","Noise SD = 0.05
Auto k=7; raw |Spearman|=0.656",0.112087432130749,-1.853520377818,0.499591061309845
"sample_020","Auto Isomap","Noise SD = 0.05
Auto k=7; raw |Spearman|=0.656",1.20876667681337,0.24538077776991,0.257867848484063
"sample_021","Auto Isomap","Noise SD = 0.05
Auto k=7; raw |Spearman|=0.656",0.829138350346545,-0.909583282570655,0.283016219758115
"sample_022","Auto Isomap","Noise SD = 0.05
Auto k=7; raw |Spearman|=0.656",-0.899655746343032,1.16454514459822,0.90675117166368
"sample_023","Auto Isomap","Noise SD = 0.05
Auto k=7; raw |Spearman|=0.656",-1.3720813005344,-0.0410618762130567,0.690029661791961
"sample_024","Auto Isomap","Noise SD = 0.05
Auto k=7; raw |Spearman|=0.656",-1.29756938501759,1.99906942914484,0.835389973851859
"sample_025","Auto Isomap","Noise SD = 0.05
Auto k=7; raw |Spearman|=0.656",-0.521552970917174,0.141523295187951,0.981195779925953
"sample_026","Auto Isomap","Noise SD = 0.05
Auto k=7; raw |Spearman|=0.656",1.0040596852583,0.495854837519364,0.239589089768308
"sample_027","Auto Isomap","Noise SD = 0.05
Auto k=7; raw |Spearman|=0.656",1.34570049816957,0.0929954630497203,0.276908396212661
"sample_028","Auto Isomap","Noise SD = 0.05
Auto k=7; raw |Spearman|=0.656",0.371155103533826,2.14914128423762,0.0733663451012032
"sample_029","Auto Isomap","Noise SD = 0.05
Auto k=7; raw |Spearman|=0.656",-1.45492794619316,0.290169264628707,0.711370985453657
"sample_030","Auto Isomap","Noise SD = 0.05
Auto k=7; raw |Spearman|=0.656",-1.06949427997324,1.87197727064482,0.845057348258643
"sample_031","Auto Isomap","Noise SD = 0.05
Auto k=7; raw |Spearman|=0.656",-1.31429325955425,-0.944803104652584,0.62176688921716
"sample_032","Auto Isomap","Noise SD = 0.05
Auto k=7; raw |Spearman|=0.656",-1.01433149430701,1.67829764958743,0.864650398594226
"sample_033","Auto Isomap","Noise SD = 0.05
Auto k=7; raw |Spearman|=0.656",0.419924018220156,1.91955978209752,0.105568596677576
"sample_034","Auto Isomap","Noise SD = 0.05
Auto k=7; raw |Spearman|=0.656",1.45471912774304,-0.343211843205554,0.315045137623641
"sample_035","Auto Isomap","Noise SD = 0.05
Auto k=7; raw |Spearman|=0.656",1.38304555155103,-0.0297997705474306,0.286584360164998
"sample_036","Auto Isomap","Noise SD = 0.05
Auto k=7; raw |Spearman|=0.656",0.39013661139466,1.94491826462077,0.0934624193144725
"sample_037","Auto Isomap","Noise SD = 0.05
Auto k=7; raw |Spearman|=0.656",-1.52437055652525,0.145645384647867,0.704248390428527
"sample_038","Auto Isomap","Noise SD = 0.05
Auto k=7; raw |Spearman|=0.656",1.09345255712684,-0.877047353935595,0.296059857645182
"sample_039","Auto Isomap","Noise SD = 0.05
Auto k=7; raw |Spearman|=0.656",1.17095282230345,0.0529103878760342,0.260272300237959
"sample_040","Auto Isomap","Noise SD = 0.05
Auto k=7; raw |Spearman|=0.656",-0.965787207315558,1.56689126405491,0.872870789308469
"sample_041","Auto Isomap","Noise SD = 0.05
Auto k=7; raw |Spearman|=0.656",-1.03387099657162,1.56481134386991,0.873173241737969
"sample_042","Auto Isomap","Noise SD = 0.05
Auto k=7; raw |Spearman|=0.656",0.514070977476188,1.47639737055089,0.142139391110517
"sample_043","Auto Isomap","Noise SD = 0.05
Auto k=7; raw |Spearman|=0.656",1.00262048652392,-0.836833478808749,0.288301775108346
"sample_044","Auto Isomap","Noise SD = 0.05
Auto k=7; raw |Spearman|=0.656",0.462895724542542,-1.78656167247688,0.477516597371027
"sample_045","Auto Isomap","Noise SD = 0.05
Auto k=7; raw |Spearman|=0.656",0.295596019695848,2.38364886531994,0.0283185301742208
"sample_046","Auto Isomap","Noise SD = 0.05
Auto k=7; raw |Spearman|=0.656",0.292679668921581,2.65627586519939,0
"sample_047","Auto Isomap","Noise SD = 0.05
Auto k=7; raw |Spearman|=0.656",-0.778347488458697,-1.66652288056967,0.559227274478803
"sample_048","Auto Isomap","Noise SD = 0.05
Auto k=7; raw |Spearman|=0.656",-0.752332724311876,0.749879276677506,0.933794390826718
"sample_049","Auto Isomap","Noise SD = 0.05
Auto k=7; raw |Spearman|=0.656",-0.716199712485204,0.711011384718938,0.943522073779287
"sample_050","Auto Isomap","Noise SD = 0.05
Auto k=7; raw |Spearman|=0.656",0.365256188676689,-0.885194227313016,0.25388196336006
"sample_051","Auto Isomap","Noise SD = 0.05
Auto k=7; raw |Spearman|=0.656",1.31772659623721,-0.687842862507661,0.314270919664168
"sample_052","Auto Isomap","Noise SD = 0.05
Auto k=7; raw |Spearman|=0.656",1.43631450519522,-0.0825796817912066,0.287320606512657
"sample_053","Auto Isomap","Noise SD = 0.05
Auto k=7; raw |Spearman|=0.656",1.36991267582844,-0.694421815214333,0.312369131480989
"sample_054","Auto Isomap","Noise SD = 0.05
Auto k=7; raw |Spearman|=0.656",-1.18967495721927,1.94783542325262,0.838705916387685
"sample_055","Auto Isomap","Noise SD = 0.05
Auto k=7; raw |Spearman|=0.656",-1.02379981814665,-1.47802360540478,0.580697016483566
"sample_056","Auto Isomap","Noise SD = 0.05
Auto k=7; raw |Spearman|=0.656",1.78137651924474,-0.949411149327286,0.368944394553466
"sample_057","Auto Isomap","Noise SD = 0.05
Auto k=7; raw |Spearman|=0.656",1.35268561658395,0.110912015058178,0.271548468774603
"sample_058","Auto Isomap","Noise SD = 0.05
Auto k=7; raw |Spearman|=0.656",-1.07365931528394,-1.37656554323473,0.588703793589083
"sample_059","Auto Isomap","Noise SD = 0.05
Auto k=7; raw |Spearman|=0.656",-0.649916545977247,0.554485895539443,0.955196088420165
"sample_060","Auto Isomap","Noise SD = 0.05
Auto k=7; raw |Spearman|=0.656",-0.189621280246323,-1.92821958714672,0.517956486808211
"sample_061","Auto Isomap","Noise SD = 0.05
Auto k=7; raw |Spearman|=0.656",0.362187864407418,-0.931814903313214,0.251974970665397
"sample_062","Auto Isomap","Noise SD = 0.05
Auto k=7; raw |Spearman|=0.656",-1.50841218778915,0.313965480739203,0.715424765216023
"sample_063","Auto Isomap","Noise SD = 0.05
Auto k=7; raw |Spearman|=0.656",0.894615389646237,-0.872863708117805,0.286735739935334
"sample_064","Auto Isomap","Noise SD = 0.05
Auto k=7; raw |Spearman|=0.656",0.56414418733542,1.23826737323093,0.167226352862855
"sample_065","Auto Isomap","Noise SD = 0.05
Auto k=7; raw |Spearman|=0.656",-0.545806989168175,0.0848848543343594,0.986191244230237
"sample_066","Auto Isomap","Noise SD = 0.05
Auto k=7; raw |Spearman|=0.656",-1.44898093214479,0.598697113523086,0.734381279309384
"sample_067","Auto Isomap","Noise SD = 0.05
Auto k=7; raw |Spearman|=0.656",0.315211651525638,2.25201399550558,0.0532456776308479
"sample_068","Auto Isomap","Noise SD = 0.05
Auto k=7; raw |Spearman|=0.656",1.18935737306684,0.256002623133828,0.256299763351188
"sample_069","Auto Isomap","Noise SD = 0.05
Auto k=7; raw |Spearman|=0.656",1.83783841634846,-0.891115912967862,0.362432752773692
"sample_070","Auto Isomap","Noise SD = 0.05
Auto k=7; raw |Spearman|=0.656",0.413778244965454,-0.924194791940848,0.255230604445964
"sample_071","Auto Isomap","Noise SD = 0.05
Auto k=7; raw |Spearman|=0.656",1.42393086809927,0.0822955518170126,0.278516139288444
"sample_072","Auto Isomap","Noise SD = 0.05
Auto k=7; raw |Spearman|=0.656",0.636953273928836,1.25149844978995,0.172405817207616
"sample_073","Auto Isomap","Noise SD = 0.05
Auto k=7; raw |Spearman|=0.656",0.968011189175386,0.54534042017632,0.237244616132071
"sample_074","Auto Isomap","Noise SD = 0.05
Auto k=7; raw |Spearman|=0.656",0.568905777802504,1.23807150957282,0.173678442521004
"sample_075","Auto Isomap","Noise SD = 0.05
Auto k=7; raw |Spearman|=0.656",-1.00989260589015,-1.29274007670814,0.590307475006761
"sample_076","Auto Isomap","Noise SD = 0.05
Auto k=7; raw |Spearman|=0.656",-0.550602567568292,-1.80492777240622,0.541644744940515
"sample_077","Auto Isomap","Noise SD = 0.05
Auto k=7; raw |Spearman|=0.656",1.43451856990486,-0.253312267881748,0.305833009856149
"sample_078","Auto Isomap","Noise SD = 0.05
Auto k=7; raw |Spearman|=0.656",1.05668604127188,-0.818058564847748,0.290253253332915
"sample_079","Auto Isomap","Noise SD = 0.05
Auto k=7; raw |Spearman|=0.656",1.45804871099224,-0.035402284464569,0.285825064550565
"sample_080","Auto Isomap","Noise SD = 0.05
Auto k=7; raw |Spearman|=0.656",-1.10106291698033,-1.46716816374635,0.583319311255587
"sample_081","Auto Isomap","Noise SD = 0.05
Auto k=7; raw |Spearman|=0.656",1.13366341694517,-0.770171810767501,0.304844413669701
"sample_082","Auto Isomap","Noise SD = 0.05
Auto k=7; raw |Spearman|=0.656",0.491448216242087,-0.92156455553952,0.259770907847682
"sample_083","Auto Isomap","Noise SD = 0.05
Auto k=7; raw |Spearman|=0.656",1.83949499113276,-0.94902054155246,0.364844251592226
"sample_084","Auto Isomap","Noise SD = 0.05
Auto k=7; raw |Spearman|=0.656",1.10523236238937,0.379693036919785,0.248400054304317
"sample_085","Auto Isomap","Noise SD = 0.05
Auto k=7; raw |Spearman|=0.656",1.41387537572442,-0.163293767831087,0.293566474133139
"sample_086","Auto Isomap","Noise SD = 0.05
Auto k=7; raw |Spearman|=0.656",-0.855730840364432,1.34538421477473,0.891473181491253
"sample_087","Auto Isomap","Noise SD = 0.05
Auto k=7; raw |Spearman|=0.656",-1.13750924523166,1.96498811245504,0.840886620757436
"sample_088","Auto Isomap","Noise SD = 0.05
Auto k=7; raw |Spearman|=0.656",0.743139624029075,-0.953337273730153,0.274314951765186
"sample_089","Auto Isomap","Noise SD = 0.05
Auto k=7; raw |Spearman|=0.656",0.238514102267936,2.45921650894479,0.0186363960628826
"sample_090","Auto Isomap","Noise SD = 0.05
Auto k=7; raw |Spearman|=0.656",-0.40283073821645,0.0247996787720065,0.994768881957848
"sample_091","Auto Isomap","Noise SD = 0.05
Auto k=7; raw |Spearman|=0.656",-1.41274102234516,0.0694735555958154,0.698821872334063
"sample_092","Auto Isomap","Noise SD = 0.05
Auto k=7; raw |Spearman|=0.656",-0.55483061486976,0.418785376613742,0.96574367671009
"sample_093","Auto Isomap","Noise SD = 0.05
Auto k=7; raw |Spearman|=0.656",1.36540711877718,-0.40441925594997,0.3218679149857
"sample_094","Auto Isomap","Noise SD = 0.05
Auto k=7; raw |Spearman|=0.656",0.0348378736543458,-1.94014441992723,0.505326348829204
"sample_095","Auto Isomap","Noise SD = 0.05
Auto k=7; raw |Spearman|=0.656",0.366756943941791,-0.936376014014753,0.254371335045965
"sample_096","Auto Isomap","Noise SD = 0.05
Auto k=7; raw |Spearman|=0.656",1.45735205606695,-0.210447479050237,0.303961276402594
"sample_097","Auto Isomap","Noise SD = 0.05
Auto k=7; raw |Spearman|=0.656",0.536743432745379,-0.928557389015495,0.263393123341053
"sample_098","Auto Isomap","Noise SD = 0.05
Auto k=7; raw |Spearman|=0.656",1.50342885669444,-1.13359139711842,0.387775186740368
"sample_099","Auto Isomap","Noise SD = 0.05
Auto k=7; raw |Spearman|=0.656",0.202165782798431,-0.818616437257219,0.244464188760662
"sample_100","Auto Isomap","Noise SD = 0.05
Auto k=7; raw |Spearman|=0.656",1.46048100629001,-0.42975923870833,0.322540586254141
"sample_101","Auto Isomap","Noise SD = 0.05
Auto k=7; raw |Spearman|=0.656",-1.08081598983945,-1.33117767544877,0.589031445763396
"sample_102","Auto Isomap","Noise SD = 0.05
Auto k=7; raw |Spearman|=0.656",-0.734522508893298,0.720844416660708,0.937462423890223
"sample_103","Auto Isomap","Noise SD = 0.05
Auto k=7; raw |Spearman|=0.656",-0.669997547640432,0.667633878046921,0.943637414938156
"sample_104","Auto Isomap","Noise SD = 0.05
Auto k=7; raw |Spearman|=0.656",-1.46518578853592,1.09939010911779,0.768575970168167
"sample_105","Auto Isomap","Noise SD = 0.05
Auto k=7; raw |Spearman|=0.656",1.4625979117859,-0.0546795297146743,0.29215092392467
"sample_106","Auto Isomap","Noise SD = 0.05
Auto k=7; raw |Spearman|=0.656",-1.44850796682147,0.234582404829868,0.707661917281329
"sample_107","Auto Isomap","Noise SD = 0.05
Auto k=7; raw |Spearman|=0.656",-0.745686393701916,-1.80885867495109,0.549837297120309
"sample_108","Auto Isomap","Noise SD = 0.05
Auto k=7; raw |Spearman|=0.656",0.898569221392533,0.746377967258402,0.222445637422789
"sample_109","Auto Isomap","Noise SD = 0.05
Auto k=7; raw |Spearman|=0.656",1.17207161661878,0.196579674076229,0.258019188250489
"sample_110","Auto Isomap","Noise SD = 0.05
Auto k=7; raw |Spearman|=0.656",-0.328895491472533,-0.101766235858534,0.999303477277336
"sample_111","Auto Isomap","Noise SD = 0.05
Auto k=7; raw |Spearman|=0.656",-1.41402397161098,0.643669786684013,0.735941213324245
"sample_112","Auto Isomap","Noise SD = 0.05
Auto k=7; raw |Spearman|=0.656",0.57594831497177,-1.71055847306951,0.468831791346002
"sample_113","Auto Isomap","Noise SD = 0.05
Auto k=7; raw |Spearman|=0.656",0.842461104085187,0.711346164074677,0.217488829286596
"sample_114","Auto Isomap","Noise SD = 0.05
Auto k=7; raw |Spearman|=0.656",-1.50676994968503,0.604516885916072,0.734876316511776
"sample_115","Auto Isomap","Noise SD = 0.05
Auto k=7; raw |Spearman|=0.656",-0.640868286147034,0.382981722907033,0.963293555469953
"sample_116","Auto Isomap","Noise SD = 0.05
Auto k=7; raw |Spearman|=0.656",-0.94183909739117,1.32211867161136,0.889147614598682
"sample_117","Auto Isomap","Noise SD = 0.05
Auto k=7; raw |Spearman|=0.656",-0.143825601827901,-1.92240228358368,0.514947719080442
"sample_118","Auto Isomap","Noise SD = 0.05
Auto k=7; raw |Spearman|=0.656",0.589624330814429,-1.77734566127198,0.470668503629507
"sample_119","Auto Isomap","Noise SD = 0.05
Auto k=7; raw |Spearman|=0.656",1.48877692149228,-0.446858531614672,0.324825060568927
"sample_120","Auto Isomap","Noise SD = 0.05
Auto k=7; raw |Spearman|=0.656",1.4617879497308,-0.520915688499035,0.332136769068724
"sample_121","Auto Isomap","Noise SD = 0.05
Auto k=7; raw |Spearman|=0.656",1.38781486610312,-0.572501344454862,0.324678099369091
"sample_122","Auto Isomap","Noise SD = 0.05
Auto k=7; raw |Spearman|=0.656",0.333990554703379,1.92011424756215,0.10157238909042
"sample_123","Auto Isomap","Noise SD = 0.05
Auto k=7; raw |Spearman|=0.656",0.608650116869293,-1.67147159102915,0.464805490474174
"sample_124","Auto Isomap","Noise SD = 0.05
Auto k=7; raw |Spearman|=0.656",-0.791852468091019,0.981165789310105,0.918308103116868
"sample_125","Auto Isomap","Noise SD = 0.05
Auto k=7; raw |Spearman|=0.656",-1.61446108493774,0.468803900135536,0.727026367987238
"sample_126","Auto Isomap","Noise SD = 0.05
Auto k=7; raw |Spearman|=0.656",-1.29350522838221,1.85345221502864,0.829490776095377
"sample_127","Auto Isomap","Noise SD = 0.05
Auto k=7; raw |Spearman|=0.656",-1.28212136035286,-0.509519783875019,0.653371119928631
"sample_128","Auto Isomap","Noise SD = 0.05
Auto k=7; raw |Spearman|=0.656",1.22203538356557,-0.68288038307165,0.30690260413833
"sample_129","Auto Isomap","Noise SD = 0.05
Auto k=7; raw |Spearman|=0.656",1.48419035523202,-0.448530532132339,0.327346144114909
"sample_130","Auto Isomap","Noise SD = 0.05
Auto k=7; raw |Spearman|=0.656",-1.23920476399518,2.04440237738759,0.837920258629062
"sample_131","Auto Isomap","Noise SD = 0.05
Auto k=7; raw |Spearman|=0.656",-1.18694243234562,1.94280042037797,0.837648047470839
"sample_132","Auto Isomap","Noise SD = 0.05
Auto k=7; raw |Spearman|=0.656",0.613336280060531,-1.67307109593706,0.464482316983775
"sample_133","Auto Isomap","Noise SD = 0.05
Auto k=7; raw |Spearman|=0.656",-1.42544325413981,1.89222053790009,0.824749542564673
"sample_134","Auto Isomap","Noise SD = 0.05
Auto k=7; raw |Spearman|=0.656",1.42414207086936,-0.147419652962209,0.298599695586844
"sample_135","Auto Isomap","Noise SD = 0.05
Auto k=7; raw |Spearman|=0.656",-1.4611878266337,0.461353147611362,0.724904339285241
"sample_136","Auto Isomap","Noise SD = 0.05
Auto k=7; raw |Spearman|=0.656",1.02101320159062,-0.850243955919495,0.290132529270664
"sample_137","Auto Isomap","Noise SD = 0.05
Auto k=7; raw |Spearman|=0.656",-0.450902483968452,-1.91877406100931,0.530388750604461
"sample_138","Auto Isomap","Noise SD = 0.05
Auto k=7; raw |Spearman|=0.656",-1.36047780830516,1.38852712437946,0.788418773827654
"sample_139","Auto Isomap","Noise SD = 0.05
Auto k=7; raw |Spearman|=0.656",-0.841664628716576,-1.75915273951465,0.556195512396382
"sample_140","Auto Isomap","Noise SD = 0.05
Auto k=7; raw |Spearman|=0.656",-1.45673803735011,0.849453086648652,0.752186235619062
"sample_141","Auto Isomap","Noise SD = 0.05
Auto k=7; raw |Spearman|=0.656",-0.829956610923719,1.15372688012744,0.903706536899403
"sample_142","Auto Isomap","Noise SD = 0.05
Auto k=7; raw |Spearman|=0.656",1.4709519909145,-0.300046343477599,0.313118110126908
"sample_143","Auto Isomap","Noise SD = 0.05
Auto k=7; raw |Spearman|=0.656",-0.675595018538308,0.699469532265304,0.93865438414692
"sample_144","Auto Isomap","Noise SD = 0.05
Auto k=7; raw |Spearman|=0.656",-1.00116187484453,1.52488013843989,0.873587470593546
"sample_145","Auto Isomap","Noise SD = 0.05
Auto k=7; raw |Spearman|=0.656",0.278084904742303,-0.908008175318694,0.248101298127949
"sample_146","Auto Isomap","Noise SD = 0.05
Auto k=7; raw |Spearman|=0.656",-1.41171417355783,-0.329609241990194,0.667822903493044
"sample_147","Auto Isomap","Noise SD = 0.05
Auto k=7; raw |Spearman|=0.656",-1.05201012420741,1.73927409141906,0.865753518399854
"sample_148","Auto Isomap","Noise SD = 0.05
Auto k=7; raw |Spearman|=0.656",1.14656792728396,-0.796145923969149,0.302712763122087
"sample_149","Auto Isomap","Noise SD = 0.05
Auto k=7; raw |Spearman|=0.656",0.193078768084344,2.63036481013155,0.0015297754436363
"sample_150","Auto Isomap","Noise SD = 0.05
Auto k=7; raw |Spearman|=0.656",0.678106490747148,1.11825619190182,0.187967392909043
"sample_151","Auto Isomap","Noise SD = 0.05
Auto k=7; raw |Spearman|=0.656",-0.593154861467307,0.60744003343657,0.948628031664849
"sample_152","Auto Isomap","Noise SD = 0.05
Auto k=7; raw |Spearman|=0.656",1.09582722961293,-0.837675106844134,0.301351249970568
"sample_153","Auto Isomap","Noise SD = 0.05
Auto k=7; raw |Spearman|=0.656",1.19460136585597,-0.614382843945558,0.306990172351995
"sample_154","Auto Isomap","Noise SD = 0.05
Auto k=7; raw |Spearman|=0.656",1.25756709574889,0.127397504854712,0.265819008314229
"sample_155","Auto Isomap","Noise SD = 0.05
Auto k=7; raw |Spearman|=0.656",1.43314132393,-0.520737237795026,0.329003202293099
"sample_156","Auto Isomap","Noise SD = 0.05
Auto k=7; raw |Spearman|=0.656",-1.45391743546061,-0.376785544490802,0.665859234026307
"sample_157","Auto Isomap","Noise SD = 0.05
Auto k=7; raw |Spearman|=0.656",-1.14259163227207,-1.20721112414936,0.597094720937199
"sample_158","Auto Isomap","Noise SD = 0.05
Auto k=7; raw |Spearman|=0.656",0.965688254183397,0.491802130581662,0.238806508086626
"sample_159","Auto Isomap","Noise SD = 0.05
Auto k=7; raw |Spearman|=0.656",-1.34181895961244,-0.906028433692747,0.6287673184124
"sample_160","Auto Isomap","Noise SD = 0.05
Auto k=7; raw |Spearman|=0.656",0.908162666254168,-0.921607303658724,0.282370782138437
"sample_161","Auto Isomap","Noise SD = 0.05
Auto k=7; raw |Spearman|=0.656",0.326946861458613,-1.78307377627778,0.484915551096547
"sample_162","Auto Isomap","Noise SD = 0.05
Auto k=7; raw |Spearman|=0.656",1.35046538915067,-0.0652398906236816,0.294178683757849
"sample_163","Auto Isomap","Noise SD = 0.05
Auto k=7; raw |Spearman|=0.656",0.87105340751839,-0.97610605323559,0.281419765778878
"sample_164","Auto Isomap","Noise SD = 0.05
Auto k=7; raw |Spearman|=0.656",0.467156934214218,1.60511390816169,0.138643754408957
"sample_165","Auto Isomap","Noise SD = 0.05
Auto k=7; raw |Spearman|=0.656",-1.22957141077051,-0.948288401903778,0.621640016573193
"sample_166","Auto Isomap","Noise SD = 0.05
Auto k=7; raw |Spearman|=0.656",-0.768944195008157,0.788577697578001,0.930824333454318
"sample_167","Auto Isomap","Noise SD = 0.05
Auto k=7; raw |Spearman|=0.656",-0.823963569851624,-1.60570430504279,0.56067900637988
"sample_168","Auto Isomap","Noise SD = 0.05
Auto k=7; raw |Spearman|=0.656",0.745358908415657,1.0491168230527,0.196079616263572
"sample_169","Auto Isomap","Noise SD = 0.05
Auto k=7; raw |Spearman|=0.656",1.18022921618649,-0.813307901938409,0.30522742891321
"sample_170","Auto Isomap","Noise SD = 0.05
Auto k=7; raw |Spearman|=0.656",-1.35188501914156,1.71321447661959,0.816757847147605
"sample_171","Auto Isomap","Noise SD = 0.05
Auto k=7; raw |Spearman|=0.656",-1.3551356046387,-0.374490145733549,0.665165855695363
"sample_172","Auto Isomap","Noise SD = 0.05
Auto k=7; raw |Spearman|=0.656",-1.44348977789616,0.166192220539214,0.703043448145731
"sample_173","Auto Isomap","Noise SD = 0.05
Auto k=7; raw |Spearman|=0.656",1.44828668238482,-0.603472383467956,0.3228797040822
"sample_174","Auto Isomap","Noise SD = 0.05
Auto k=7; raw |Spearman|=0.656",1.52481977655528,-0.255606722142219,0.310622529765261
"sample_175","Auto Isomap","Noise SD = 0.05
Auto k=7; raw |Spearman|=0.656",-1.00256814411047,1.72983081833125,0.86209540314471
"sample_176","Auto Isomap","Noise SD = 0.05
Auto k=7; raw |Spearman|=0.656",0.885326315843628,0.796139438981555,0.219109415661077
"sample_177","Auto Isomap","Noise SD = 0.05
Auto k=7; raw |Spearman|=0.656",1.37674676592492,0.085000562733732,0.271634777670323
"sample_178","Auto Isomap","Noise SD = 0.05
Auto k=7; raw |Spearman|=0.656",-0.689785205355484,0.483272259700846,0.953275484930789
"sample_179","Auto Isomap","Noise SD = 0.05
Auto k=7; raw |Spearman|=0.656",0.727399350232278,-0.987548319544449,0.273119295688443
"sample_180","Auto Isomap","Noise SD = 0.05
Auto k=7; raw |Spearman|=0.656",-0.541915839011238,-1.80163985846167,0.537129313284782
"sample_181","Auto Isomap","Noise SD = 0.05
Auto k=7; raw |Spearman|=0.656",0.661930621195861,-1.00728621323046,0.269129149957819
"sample_182","Auto Isomap","Noise SD = 0.05
Auto k=7; raw |Spearman|=0.656",1.05300140563921,-0.670326281752439,0.299494675548063
"sample_183","Auto Isomap","Noise SD = 0.05
Auto k=7; raw |Spearman|=0.656",-0.425016304114559,-0.0427028339818638,0.996890671881595
"sample_184","Auto Isomap","Noise SD = 0.05
Auto k=7; raw |Spearman|=0.656",-0.359643647277011,-0.0880908612957301,1
"sample_185","Auto Isomap","Noise SD = 0.05
Auto k=7; raw |Spearman|=0.656",1.84320194715886,-0.90626421831612,0.365093038163213
"sample_186","Auto Isomap","Noise SD = 0.05
Auto k=7; raw |Spearman|=0.656",1.26594546157878,0.0782840651366047,0.261750349942121
"sample_187","Auto Isomap","Noise SD = 0.05
Auto k=7; raw |Spearman|=0.656",-0.627651405292036,-1.68324666944128,0.545933318822079
"sample_188","Auto Isomap","Noise SD = 0.05
Auto k=7; raw |Spearman|=0.656",0.426570143071811,1.60197551773429,0.125285260741668
"sample_189","Auto Isomap","Noise SD = 0.05
Auto k=7; raw |Spearman|=0.656",1.04643457416983,0.364114667147139,0.246143220711717
"sample_190","Auto Isomap","Noise SD = 0.05
Auto k=7; raw |Spearman|=0.656",-0.948849547082247,-1.50945092885531,0.575640565047749
"sample_191","Auto Isomap","Noise SD = 0.05
Auto k=7; raw |Spearman|=0.656",-1.48026048538806,0.353429043979029,0.71349751264524
"sample_192","Auto Isomap","Noise SD = 0.05
Auto k=7; raw |Spearman|=0.656",1.46038128886354,-0.44833790295953,0.327265221023249
"sample_193","Auto Isomap","Noise SD = 0.05
Auto k=7; raw |Spearman|=0.656",0.572979614834011,-0.945792234553268,0.26658805451325
"sample_194","Auto Isomap","Noise SD = 0.05
Auto k=7; raw |Spearman|=0.656",0.434080171291542,-0.872267763897058,0.256672127843433
"sample_195","Auto Isomap","Noise SD = 0.05
Auto k=7; raw |Spearman|=0.656",-1.31617964981001,-0.457987405626403,0.659006580240212
"sample_196","Auto Isomap","Noise SD = 0.05
Auto k=7; raw |Spearman|=0.656",0.652291075380619,-0.925392272964569,0.270766235743067
"sample_197","Auto Isomap","Noise SD = 0.05
Auto k=7; raw |Spearman|=0.656",-0.970604429888666,1.39582431021682,0.886621109463904
"sample_198","Auto Isomap","Noise SD = 0.05
Auto k=7; raw |Spearman|=0.656",0.462773225603487,-1.70287475512037,0.476992467590221
"sample_199","Auto Isomap","Noise SD = 0.05
Auto k=7; raw |Spearman|=0.656",0.241140306260539,-0.776643362959607,0.2467296019424
"sample_200","Auto Isomap","Noise SD = 0.05
Auto k=7; raw |Spearman|=0.656",1.09109011623895,-1.47612313217889,0.427765988682637
"sample_001","True positions","Noise SD = 0.01
Auto k=7; raw |Spearman|=0.661",0.791655054679111,-1.60440847430292,0.934602960711345
"sample_002","True positions","Noise SD = 0.01
Auto k=7; raw |Spearman|=0.661",-1.3905046465903,1.64540778913669,0.640336565673351
"sample_003","True positions","Noise SD = 0.01
Auto k=7; raw |Spearman|=0.661",-0.989406865357633,1.53395214972014,0.539774174569175
"sample_004","True positions","Noise SD = 0.01
Auto k=7; raw |Spearman|=0.661",1.23703437972403,-0.725587603140578,0.266568574821576
"sample_005","True positions","Noise SD = 0.01
Auto k=7; raw |Spearman|=0.661",0.890064426322462,0.684616567136357,0.096566071966663
"sample_006","True positions","Noise SD = 0.01
Auto k=7; raw |Spearman|=0.661",1.18466912784665,0.268306594648493,0.133909621974453
"sample_007","True positions","Noise SD = 0.01
Auto k=7; raw |Spearman|=0.661",1.4883438667667,-0.344684412340144,0.211279006209224
"sample_008","True positions","Noise SD = 0.01
Auto k=7; raw |Spearman|=0.661",1.10639791424727,-1.43261385181614,0.94865017477423
"sample_009","True positions","Noise SD = 0.01
Auto k=7; raw |Spearman|=0.661",-1.16981136748755,1.89285623150282,0.579310150118545
"sample_010","True positions","Noise SD = 0.01
Auto k=7; raw |Spearman|=0.661",-1.31886843833471,1.81489639657264,0.622002283344045
"sample_011","True positions","Noise SD = 0.01
Auto k=7; raw |Spearman|=0.661",-1.42173509223983,0.0306904952410491,0.729925628518686
"sample_012","True positions","Noise SD = 0.01
Auto k=7; raw |Spearman|=0.661",-1.06594310707945,-1.36298702252144,0.806193429743871
"sample_013","True positions","Noise SD = 0.01
Auto k=7; raw |Spearman|=0.661",0.36247726817837,1.96867060921318,0.0309129566885531
"sample_014","True positions","Noise SD = 0.01
Auto k=7; raw |Spearman|=0.661",-0.550931638600446,0.342864440369524,0.465288266539574
"sample_015","True positions","Noise SD = 0.01
Auto k=7; raw |Spearman|=0.661",-0.776934141431346,0.864449123162919,0.496334829134867
"sample_016","True positions","Noise SD = 0.01
Auto k=7; raw |Spearman|=0.661",1.47848661707329,-0.317408613136584,0.206122397910804
"sample_017","True positions","Noise SD = 0.01
Auto k=7; raw |Spearman|=0.661",-0.52944496120475,0.262510636994288,0.460400955285877
"sample_018","True positions","Noise SD = 0.01
Auto k=7; raw |Spearman|=0.661",-0.679763871517268,0.626176417100783,0.482846714323387
"sample_019","True positions","Noise SD = 0.01
Auto k=7; raw |Spearman|=0.661",0.0870557888422923,-1.86175941934763,0.897089458769187
"sample_020","True positions","Noise SD = 0.01
Auto k=7; raw |Spearman|=0.661",1.22763231796426,0.219877478110281,0.138356370152906
"sample_021","True positions","Noise SD = 0.01
Auto k=7; raw |Spearman|=0.661",0.835704828837331,-0.917967286484666,0.314858996775001
"sample_022","True positions","Noise SD = 0.01
Auto k=7; raw |Spearman|=0.661",-0.857323010537344,1.12254737067727,0.51057206466794
"sample_023","True positions","Noise SD = 0.01
Auto k=7; raw |Spearman|=0.661",-1.41935209489713,0.0313616184798644,0.729390932014212
"sample_024","True positions","Noise SD = 0.01
Auto k=7; raw |Spearman|=0.661",-1.26168416838341,1.92999416318425,0.600904693361372
"sample_025","True positions","Noise SD = 0.01
Auto k=7; raw |Spearman|=0.661",-0.49294364379027,0.152968502198109,0.454613883746788
"sample_026","True positions","Noise SD = 0.01
Auto k=7; raw |Spearman|=0.661",1.035120478586,0.477270048273849,0.113483893685043
"sample_027","True positions","Noise SD = 0.01
Auto k=7; raw |Spearman|=0.661",1.32326545266431,0.0962891882343496,0.151617694413289
"sample_028","True positions","Noise SD = 0.01
Auto k=7; raw |Spearman|=0.661",0.337253454410397,2.09848994539962,0.0271460183430463
"sample_029","True positions","Noise SD = 0.01
Auto k=7; raw |Spearman|=0.661",-1.45000347102946,0.300106590191768,0.717225887347013
"sample_030","True positions","Noise SD = 0.01
Auto k=7; raw |Spearman|=0.661",-1.15234118073033,1.88012803382136,0.579665700439364
"sample_031","True positions","Noise SD = 0.01
Auto k=7; raw |Spearman|=0.661",-1.26796015736992,-0.918201744635905,0.777791964821517
"sample_032","True positions","Noise SD = 0.01
Auto k=7; raw |Spearman|=0.661",-1.02735990724391,1.62688980009158,0.54650466889143
"sample_033","True positions","Noise SD = 0.01
Auto k=7; raw |Spearman|=0.661",0.407084940344871,1.83268486693741,0.0376187835354358
"sample_034","True positions","Noise SD = 0.01
Auto k=7; raw |Spearman|=0.661",1.47674525369782,-0.33577677474264,0.209671256830916
"sample_035","True positions","Noise SD = 0.01
Auto k=7; raw |Spearman|=0.661",1.41011543812664,-0.0521743817397355,0.171383886132389
"sample_036","True positions","Noise SD = 0.01
Auto k=7; raw |Spearman|=0.661",0.377826921381724,1.91825720375599,0.033667185343802
"sample_037","True positions","Noise SD = 0.01
Auto k=7; raw |Spearman|=0.661",-1.45861857252666,0.182036701859301,0.722593151964247
"sample_038","True positions","Noise SD = 0.01
Auto k=7; raw |Spearman|=0.661",1.05893851423524,-0.853671416741808,0.291781231062487
"sample_039","True positions","Noise SD = 0.01
Auto k=7; raw |Spearman|=0.661",1.26851609781544,0.115803534901473,0.147549621528015
"sample_040","True positions","Noise SD = 0.01
Auto k=7; raw |Spearman|=0.661",-1.03204449133272,1.63905902513473,0.550399734638631
"sample_041","True positions","Noise SD = 0.01
Auto k=7; raw |Spearman|=0.661",-0.99670407665557,1.51625348376207,0.537454262608662
"sample_042","True positions","Noise SD = 0.01
Auto k=7; raw |Spearman|=0.661",0.492335216663692,1.54036331255786,0.0483221001923084
"sample_043","True positions","Noise SD = 0.01
Auto k=7; raw |Spearman|=0.661",0.98803345697334,-0.868437354690342,0.299227858427912
"sample_044","True positions","Noise SD = 0.01
Auto k=7; raw |Spearman|=0.661",0.453984126994276,-1.76622796803104,0.917331561213359
"sample_045","True positions","Noise SD = 0.01
Auto k=7; raw |Spearman|=0.661",0.259722318331844,2.4293635097053,0.0149344548117369
"sample_046","True positions","Noise SD = 0.01
Auto k=7; raw |Spearman|=0.661",0.22562926168827,2.67372108627695,0.00744169089011848
"sample_047","True positions","Noise SD = 0.01
Auto k=7; raw |Spearman|=0.661",-0.82884456907279,-1.64731178129699,0.830173080321401
"sample_048","True positions","Noise SD = 0.01
Auto k=7; raw |Spearman|=0.661",-0.745035275612219,0.804257123106772,0.49288191832602
"sample_049","True positions","Noise SD = 0.01
Auto k=7; raw |Spearman|=0.661",-0.710924248843028,0.72179499070364,0.487459625350311
"sample_050","True positions","Noise SD = 0.01
Auto k=7; raw |Spearman|=0.661",0.389068111276389,-0.896221728412941,0.358126984676346
"sample_051","True positions","Noise SD = 0.01
Auto k=7; raw |Spearman|=0.661",1.30064705679163,-0.679054765121071,0.259190891170874
"sample_052","True positions","Noise SD = 0.01
Auto k=7; raw |Spearman|=0.661",1.44449478192701,-0.111207152178988,0.17965303780511
"sample_053","True positions","Noise SD = 0.01
Auto k=7; raw |Spearman|=0.661",1.27412564305009,-0.7140849861558,0.266202436992899
"sample_054","True positions","Noise SD = 0.01
Auto k=7; raw |Spearman|=0.661",-1.20681446667799,1.91921356816935,0.589536999119446
"sample_055","True positions","Noise SD = 0.01
Auto k=7; raw |Spearman|=0.661",-1.0454723826748,-1.40382935192576,0.807724132435396
"sample_056","True positions","Noise SD = 0.01
Auto k=7; raw |Spearman|=0.661",1.80130187558457,-0.966058851988321,0.976915959035978
"sample_057","True positions","Noise SD = 0.01
Auto k=7; raw |Spearman|=0.661",1.33807432142812,0.0807903540187698,0.154509680345654
"sample_058","True positions","Noise SD = 0.01
Auto k=7; raw |Spearman|=0.661",-1.03818508827191,-1.4107281285953,0.810300270095468
"sample_059","True positions","Noise SD = 0.01
Auto k=7; raw |Spearman|=0.661",-0.624169785351624,0.493703121878217,0.473336021881551
"sample_060","True positions","Noise SD = 0.01
Auto k=7; raw |Spearman|=0.661",-0.209222076739754,-1.89554736327841,0.878982509952039
"sample_061","True positions","Noise SD = 0.01
Auto k=7; raw |Spearman|=0.661",0.330278740733449,-0.884078281356252,0.365110938902944
"sample_062","True positions","Noise SD = 0.01
Auto k=7; raw |Spearman|=0.661",-1.46337628922342,0.362985265836468,0.71370889688842
"sample_063","True positions","Noise SD = 0.01
Auto k=7; raw |Spearman|=0.661",0.951559958172504,-0.881242611943978,0.301270701223984
"sample_064","True positions","Noise SD = 0.01
Auto k=7; raw |Spearman|=0.661",0.586842049816644,1.27489962944375,0.0611295851413161
"sample_065","True positions","Noise SD = 0.01
Auto k=7; raw |Spearman|=0.661",-0.486133770449506,0.115142313293675,0.452645275276154
"sample_066","True positions","Noise SD = 0.01
Auto k=7; raw |Spearman|=0.661",-1.45610021052253,0.605743740553398,0.702297183917835
"sample_067","True positions","Noise SD = 0.01
Auto k=7; raw |Spearman|=0.661",0.299967938089628,2.22921915854121,0.0222509992308915
"sample_068","True positions","Noise SD = 0.01
Auto k=7; raw |Spearman|=0.661",1.20948863963564,0.241101713011513,0.135807921877131
"sample_069","True positions","Noise SD = 0.01
Auto k=7; raw |Spearman|=0.661",1.91006251180997,-0.880112564500144,0.981532560195774
"sample_070","True positions","Noise SD = 0.01
Auto k=7; raw |Spearman|=0.661",0.396280587114793,-0.903222227715086,0.358425584156066
"sample_071","True positions","Noise SD = 0.01
Auto k=7; raw |Spearman|=0.661",1.37257806155623,0.0452886105604026,0.159138856688514
"sample_072","True positions","Noise SD = 0.01
Auto k=7; raw |Spearman|=0.661",0.613953585537641,1.2482621647937,0.0629803079646081
"sample_073","True positions","Noise SD = 0.01
Auto k=7; raw |Spearman|=0.661",0.975962778148527,0.563271631121504,0.105687235482037
"sample_074","True positions","Noise SD = 0.01
Auto k=7; raw |Spearman|=0.661",0.606466161908455,1.23154158565978,0.0638794819824398
"sample_075","True positions","Noise SD = 0.01
Auto k=7; raw |Spearman|=0.661",-1.01973488094351,-1.40257049703878,0.811134418938309
"sample_076","True positions","Noise SD = 0.01
Auto k=7; raw |Spearman|=0.661",-0.552877132330815,-1.81838559613981,0.854919226141647
"sample_077","True positions","Noise SD = 0.01
Auto k=7; raw |Spearman|=0.661",1.47477591832249,-0.277481015931931,0.202711365418509
"sample_078","True positions","Noise SD = 0.01
Auto k=7; raw |Spearman|=0.661",0.990299843579886,-0.86794342193965,0.300404587062076
"sample_079","True positions","Noise SD = 0.01
Auto k=7; raw |Spearman|=0.661",1.42640551293469,-0.0556777555013134,0.171784743200988
"sample_080","True positions","Noise SD = 0.01
Auto k=7; raw |Spearman|=0.661",-1.0531491164361,-1.414120796412,0.808894120389596
"sample_081","True positions","Noise SD = 0.01
Auto k=7; raw |Spearman|=0.661",1.15288083051649,-0.784182535124623,0.278763446956873
"sample_082","True positions","Noise SD = 0.01
Auto k=7; raw |Spearman|=0.661",0.449981448529487,-0.913809866823636,0.353854389162734
"sample_083","True positions","Noise SD = 0.01
Auto k=7; raw |Spearman|=0.661",1.85043925741545,-0.937651566579684,0.978703966364264
"sample_084","True positions","Noise SD = 0.01
Auto k=7; raw |Spearman|=0.661",1.12293376682019,0.359784415262139,0.124067442724481
"sample_085","True positions","Noise SD = 0.01
Auto k=7; raw |Spearman|=0.661",1.4344267136579,-0.114857522848648,0.177501240512356
"sample_086","True positions","Noise SD = 0.01
Auto k=7; raw |Spearman|=0.661",-0.918394841273057,1.35659789391793,0.526823487365618
"sample_087","True positions","Noise SD = 0.01
Auto k=7; raw |Spearman|=0.661",-1.21197008399181,1.92664144837114,0.594782846281305
"sample_088","True positions","Noise SD = 0.01
Auto k=7; raw |Spearman|=0.661",0.712598071383528,-0.940862847017689,0.328176378039643
"sample_089","True positions","Noise SD = 0.01
Auto k=7; raw |Spearman|=0.661",0.237858123815155,2.5000643666591,0.0126899401657283
"sample_090","True positions","Noise SD = 0.01
Auto k=7; raw |Spearman|=0.661",-0.421880734484954,0.0247423080199319,0.446737228427082
"sample_091","True positions","Noise SD = 0.01
Auto k=7; raw |Spearman|=0.661",-1.4311743202696,0.0972700300149797,0.726764942752197
"sample_092","True positions","Noise SD = 0.01
Auto k=7; raw |Spearman|=0.661",-0.560741825848987,0.354088755114517,0.465251622954383
"sample_093","True positions","Noise SD = 0.01
Auto k=7; raw |Spearman|=0.661",1.44839471437078,-0.40107202636038,0.218806670745835
"sample_094","True positions","Noise SD = 0.01
Auto k=7; raw |Spearman|=0.661",-0.00674043084080655,-1.8906432109213,0.891306948848069
"sample_095","True positions","Noise SD = 0.01
Auto k=7; raw |Spearman|=0.661",0.388473554398348,-0.906172197536205,0.358234190614894
"sample_096","True positions","Noise SD = 0.01
Auto k=7; raw |Spearman|=0.661",1.47692920637719,-0.235289639969865,0.196859565796331
"sample_097","True positions","Noise SD = 0.01
Auto k=7; raw |Spearman|=0.661",0.526383183737502,-0.929111128290772,0.345781859476119
"sample_098","True positions","Noise SD = 0.01
Auto k=7; raw |Spearman|=0.661",1.50233348170497,-1.17815540946152,0.964952562004328
"sample_099","True positions","Noise SD = 0.01
Auto k=7; raw |Spearman|=0.661",0.249220181496205,-0.838569769487963,0.371035319520161
"sample_100","True positions","Noise SD = 0.01
Auto k=7; raw |Spearman|=0.661",1.46676140684455,-0.408440619784169,0.219203646527603
"sample_101","True positions","Noise SD = 0.01
Auto k=7; raw |Spearman|=0.661",-1.05900114623057,-1.37099101036018,0.807401564205065
"sample_102","True positions","Noise SD = 0.01
Auto k=7; raw |Spearman|=0.661",-0.721406028951284,0.742584600092096,0.488820852711797
"sample_103","True positions","Noise SD = 0.01
Auto k=7; raw |Spearman|=0.661",-0.710589071762724,0.737724279498155,0.489239622838795
"sample_104","True positions","Noise SD = 0.01
Auto k=7; raw |Spearman|=0.661",-1.44748484618967,1.11784534816384,0.675086630042642
"sample_105","True positions","Noise SD = 0.01
Auto k=7; raw |Spearman|=0.661",1.46351411531404,-0.141717511640231,0.185927418759093
"sample_106","True positions","Noise SD = 0.01
Auto k=7; raw |Spearman|=0.661",-1.44627408764126,0.244621718187837,0.719899991992861
"sample_107","True positions","Noise SD = 0.01
Auto k=7; raw |Spearman|=0.661",-0.735361764187197,-1.74422585629999,0.840139389270917
"sample_108","True positions","Noise SD = 0.01
Auto k=7; raw |Spearman|=0.661",0.879606641177868,0.733277159316506,0.0936737225856632
"sample_109","True positions","Noise SD = 0.01
Auto k=7; raw |Spearman|=0.661",1.19407736343806,0.245219734058929,0.133716177195311
"sample_110","True positions","Noise SD = 0.01
Auto k=7; raw |Spearman|=0.661",-0.404276200513582,-0.00659183458867582,0.44627738231793
"sample_111","True positions","Noise SD = 0.01
Auto k=7; raw |Spearman|=0.661",-1.44912009372449,0.616048085411851,0.702215530676767
"sample_112","True positions","Noise SD = 0.01
Auto k=7; raw |Spearman|=0.661",0.564626520707231,-1.71682486966723,0.92291100951843
"sample_113","True positions","Noise SD = 0.01
Auto k=7; raw |Spearman|=0.661",0.834996443390573,0.78267416803097,0.0888825617730618
"sample_114","True positions","Noise SD = 0.01
Auto k=7; raw |Spearman|=0.661",-1.46757350833014,0.598006995886468,0.702851514099166
"sample_115","True positions","Noise SD = 0.01
Auto k=7; raw |Spearman|=0.661",-0.582987549437059,0.359416864246558,0.46615297649987
"sample_116","True positions","Noise SD = 0.01
Auto k=7; raw |Spearman|=0.661",-0.925728886822963,1.32436847651486,0.524440453154966
"sample_117","True positions","Noise SD = 0.01
Auto k=7; raw |Spearman|=0.661",-0.149124623305972,-1.89456484892525,0.883076469646767
"sample_118","True positions","Noise SD = 0.01
Auto k=7; raw |Spearman|=0.661",0.513705052222184,-1.75150574480117,0.919530816143379
"sample_119","True positions","Noise SD = 0.01
Auto k=7; raw |Spearman|=0.661",1.47408577456555,-0.405829423157112,0.218163246056065
"sample_120","True positions","Noise SD = 0.01
Auto k=7; raw |Spearman|=0.661",1.42690858634618,-0.520786301343817,0.235670982860029
"sample_121","True positions","Noise SD = 0.01
Auto k=7; raw |Spearman|=0.661",1.38653610560465,-0.571501934025415,0.242982234340161
"sample_122","True positions","Noise SD = 0.01
Auto k=7; raw |Spearman|=0.661",0.377465708623064,1.87507136351112,0.0355256006587297
"sample_123","True positions","Noise SD = 0.01
Auto k=7; raw |Spearman|=0.661",0.662268403361307,-1.66958222393585,0.928511262871325
"sample_124","True positions","Noise SD = 0.01
Auto k=7; raw |Spearman|=0.661",-0.795495072241578,0.970798418549229,0.501775671029463
"sample_125","True positions","Noise SD = 0.01
Auto k=7; raw |Spearman|=0.661",-1.48794765443087,0.499915792913952,0.707239287206903
"sample_126","True positions","Noise SD = 0.01
Auto k=7; raw |Spearman|=0.661",-1.25809650789822,1.90202147959751,0.599933189572766
"sample_127","True positions","Noise SD = 0.01
Auto k=7; raw |Spearman|=0.661",-1.34101838625754,-0.505724838310065,0.756396918790415
"sample_128","True positions","Noise SD = 0.01
Auto k=7; raw |Spearman|=0.661",1.23894561378672,-0.716476652233814,0.26721472828649
"sample_129","True positions","Noise SD = 0.01
Auto k=7; raw |Spearman|=0.661",1.45067030744728,-0.468584692070029,0.229000388411805
"sample_130","True positions","Noise SD = 0.01
Auto k=7; raw |Spearman|=0.661",-1.2495350893996,1.93927488334093,0.600737662054598
"sample_131","True positions","Noise SD = 0.01
Auto k=7; raw |Spearman|=0.661",-1.20839446708811,1.9191098820766,0.59024479938671
"sample_132","True positions","Noise SD = 0.01
Auto k=7; raw |Spearman|=0.661",0.642624734092191,-1.67914989961717,0.927260796073824
"sample_133","True positions","Noise SD = 0.01
Auto k=7; raw |Spearman|=0.661",-1.3528407937095,1.80697409438866,0.625687938183546
"sample_134","True positions","Noise SD = 0.01
Auto k=7; raw |Spearman|=0.661",1.46306796481778,-0.185080143079082,0.190271869068965
"sample_135","True positions","Noise SD = 0.01
Auto k=7; raw |Spearman|=0.661",-1.45674322313064,0.475971268868758,0.708617713302374
"sample_136","True positions","Noise SD = 0.01
Auto k=7; raw |Spearman|=0.661",0.992157880465424,-0.870946082320315,0.299166257958859
"sample_137","True positions","Noise SD = 0.01
Auto k=7; raw |Spearman|=0.661",-0.44371164935973,-1.86934007848608,0.86330534121953
"sample_138","True positions","Noise SD = 0.01
Auto k=7; raw |Spearman|=0.661",-1.40769396032961,1.37569081335699,0.659891549265012
"sample_139","True positions","Noise SD = 0.01
Auto k=7; raw |Spearman|=0.661",-0.770077368696298,-1.72352586065324,0.83842443744652
"sample_140","True positions","Noise SD = 0.01
Auto k=7; raw |Spearman|=0.661",-1.45531400426101,0.875374414408587,0.688260046532378
"sample_141","True positions","Noise SD = 0.01
Auto k=7; raw |Spearman|=0.661",-0.853505172743094,1.1493335953604,0.512845787452534
"sample_142","True positions","Noise SD = 0.01
Auto k=7; raw |Spearman|=0.661",1.48206112514291,-0.295672771360468,0.204242422012612
"sample_143","True positions","Noise SD = 0.01
Auto k=7; raw |Spearman|=0.661",-0.710262011011391,0.740085077444187,0.48894941364415
"sample_144","True positions","Noise SD = 0.01
Auto k=7; raw |Spearman|=0.661",-1.001512970892,1.53785122796292,0.540380778256804
"sample_145","True positions","Noise SD = 0.01
Auto k=7; raw |Spearman|=0.661",0.256679240971775,-0.852426578825182,0.371972574153915
"sample_146","True positions","Noise SD = 0.01
Auto k=7; raw |Spearman|=0.661",-1.38003447996219,-0.397099400042081,0.751868466846645
"sample_147","True positions","Noise SD = 0.01
Auto k=7; raw |Spearman|=0.661",-1.02058466842397,1.60347601769979,0.54270679387264
"sample_148","True positions","Noise SD = 0.01
Auto k=7; raw |Spearman|=0.661",1.18637051664416,-0.76818177359456,0.273709014290944
"sample_149","True positions","Noise SD = 0.01
Auto k=7; raw |Spearman|=0.661",0.209092572138327,2.64771070642053,0.0082406906876713
"sample_150","True positions","Noise SD = 0.01
Auto k=7; raw |Spearman|=0.661",0.661727046570923,1.13367028004607,0.0687518047634512
"sample_151","True positions","Noise SD = 0.01
Auto k=7; raw |Spearman|=0.661",-0.662828215519108,0.636909506311474,0.482838751748204
"sample_152","True positions","Noise SD = 0.01
Auto k=7; raw |Spearman|=0.661",1.18519079004514,-0.769891029603046,0.272195026511326
"sample_153","True positions","Noise SD = 0.01
Auto k=7; raw |Spearman|=0.661",1.25051507651848,-0.688155008037694,0.264095493126661
"sample_154","True positions","Noise SD = 0.01
Auto k=7; raw |Spearman|=0.661",1.25225642970803,0.176320288032602,0.141081128036603
"sample_155","True positions","Noise SD = 0.01
Auto k=7; raw |Spearman|=0.661",1.41765231879927,-0.526846939978954,0.236761612351984
"sample_156","True positions","Noise SD = 0.01
Auto k=7; raw |Spearman|=0.661",-1.39958420395154,-0.337884272805949,0.747640934074298
"sample_157","True positions","Noise SD = 0.01
Auto k=7; raw |Spearman|=0.661",-1.11730183634831,-1.26396533123154,0.800109896808863
"sample_158","True positions","Noise SD = 0.01
Auto k=7; raw |Spearman|=0.661",1.04185188372138,0.455975411348919,0.115691552171484
"sample_159","True positions","Noise SD = 0.01
Auto k=7; raw |Spearman|=0.661",-1.28357663504812,-0.876798131930458,0.775464338017628
"sample_160","True positions","Noise SD = 0.01
Auto k=7; raw |Spearman|=0.661",0.895958836943636,-0.909610591281158,0.309081808663905
"sample_161","True positions","Noise SD = 0.01
Auto k=7; raw |Spearman|=0.661",0.310991564209326,-1.80410854624262,0.909715083660558
"sample_162","True positions","Noise SD = 0.01
Auto k=7; raw |Spearman|=0.661",1.44705552032834,-0.16375221630656,0.189414444612339
"sample_163","True positions","Noise SD = 0.01
Auto k=7; raw |Spearman|=0.661",0.85210098557116,-0.929545843400727,0.313827242003754
"sample_164","True positions","Noise SD = 0.01
Auto k=7; raw |Spearman|=0.661",0.481473196570341,1.57028920221506,0.0480910493060946
"sample_165","True positions","Noise SD = 0.01
Auto k=7; raw |Spearman|=0.661",-1.24281396609077,-0.944972998552876,0.779620272573084
"sample_166","True positions","Noise SD = 0.01
Auto k=7; raw |Spearman|=0.661",-0.740890916831653,0.791134415253461,0.491361290216446
"sample_167","True positions","Noise SD = 0.01
Auto k=7; raw |Spearman|=0.661",-0.795976630748128,-1.67075802956288,0.83509817160666
"sample_168","True positions","Noise SD = 0.01
Auto k=7; raw |Spearman|=0.661",0.726775576602883,1.01381316615078,0.0761853891890496
"sample_169","True positions","Noise SD = 0.01
Auto k=7; raw |Spearman|=0.661",1.15468033322654,-0.797624259143162,0.279957720311359
"sample_170","True positions","Noise SD = 0.01
Auto k=7; raw |Spearman|=0.661",-1.35480205443028,1.71836210140834,0.63283795514144
"sample_171","True positions","Noise SD = 0.01
Auto k=7; raw |Spearman|=0.661",-1.38299553313149,-0.316412312299179,0.74635539832525
"sample_172","True positions","Noise SD = 0.01
Auto k=7; raw |Spearman|=0.661",-1.44227666901597,0.183687699906357,0.722740790341049
"sample_173","True positions","Noise SD = 0.01
Auto k=7; raw |Spearman|=0.661",1.38630310160182,-0.594645659705495,0.246118342736736
"sample_174","True positions","Noise SD = 0.01
Auto k=7; raw |Spearman|=0.661",1.49273978059936,-0.273544276108006,0.201949303038418
"sample_175","True positions","Noise SD = 0.01
Auto k=7; raw |Spearman|=0.661",-1.06171221722683,1.7218298206032,0.55659376992844
"sample_176","True positions","Noise SD = 0.01
Auto k=7; raw |Spearman|=0.661",0.875423309899244,0.745768679567054,0.0934528792276978
"sample_177","True positions","Noise SD = 0.01
Auto k=7; raw |Spearman|=0.661",1.33304294823851,0.0896532630001679,0.15237533999607
"sample_178","True positions","Noise SD = 0.01
Auto k=7; raw |Spearman|=0.661",-0.647129044444595,0.518575486341867,0.476137351477519
"sample_179","True positions","Noise SD = 0.01
Auto k=7; raw |Spearman|=0.661",0.709744473509559,-0.947687920403802,0.328140031779185
"sample_180","True positions","Noise SD = 0.01
Auto k=7; raw |Spearman|=0.661",-0.543494218629215,-1.82063645107232,0.855659369379282
"sample_181","True positions","Noise SD = 0.01
Auto k=7; raw |Spearman|=0.661",0.645962196070728,-0.952757818005493,0.334354943595827
"sample_182","True positions","Noise SD = 0.01
Auto k=7; raw |Spearman|=0.661",1.13740077786687,-0.763789427324881,0.278659163974226
"sample_183","True positions","Noise SD = 0.01
Auto k=7; raw |Spearman|=0.661",-0.390590148213998,-0.0632088233553807,0.440978627186269
"sample_184","True positions","Noise SD = 0.01
Auto k=7; raw |Spearman|=0.661",-0.371506213449096,-0.0844011161461706,0.4400251689367
"sample_185","True positions","Noise SD = 0.01
Auto k=7; raw |Spearman|=0.661",1.82163452688053,-0.951440561125953,0.977296904427931
"sample_186","True positions","Noise SD = 0.01
Auto k=7; raw |Spearman|=0.661",1.27580409910182,0.136902623260458,0.145238904282451
"sample_187","True positions","Noise SD = 0.01
Auto k=7; raw |Spearman|=0.661",-0.68809066875633,-1.73440948864249,0.84270612988621
"sample_188","True positions","Noise SD = 0.01
Auto k=7; raw |Spearman|=0.661",0.434558105794188,1.68485104174491,0.0419193957932293
"sample_189","True positions","Noise SD = 0.01
Auto k=7; raw |Spearman|=0.661",1.06476191324071,0.42090569714904,0.116735716816038
"sample_190","True positions","Noise SD = 0.01
Auto k=7; raw |Spearman|=0.661",-0.958336512234132,-1.51343194348159,0.818037616787478
"sample_191","True positions","Noise SD = 0.01
Auto k=7; raw |Spearman|=0.661",-1.45410319097245,0.294445915064536,0.71833058539778
"sample_192","True positions","Noise SD = 0.01
Auto k=7; raw |Spearman|=0.661",1.45318695196777,-0.451553355065898,0.226031198399141
"sample_193","True positions","Noise SD = 0.01
Auto k=7; raw |Spearman|=0.661",0.580411492389031,-0.938119014072033,0.340148094110191
"sample_194","True positions","Noise SD = 0.01
Auto k=7; raw |Spearman|=0.661",0.415753633636917,-0.897615265139006,0.356579177780077
"sample_195","True positions","Noise SD = 0.01
Auto k=7; raw |Spearman|=0.661",-1.35447452795214,-0.459560240024267,0.754153728717938
"sample_196","True positions","Noise SD = 0.01
Auto k=7; raw |Spearman|=0.661",0.72057376277446,-0.933270682669858,0.324936339398846
"sample_197","True positions","Noise SD = 0.01
Auto k=7; raw |Spearman|=0.661",-0.938975017071864,1.36002788793177,0.526243726024404
"sample_198","True positions","Noise SD = 0.01
Auto k=7; raw |Spearman|=0.661",0.442297700221484,-1.75371657763685,0.916579271433875
"sample_199","True positions","Noise SD = 0.01
Auto k=7; raw |Spearman|=0.661",0.252978539033923,-0.828088381817059,0.371524909744039
"sample_200","True positions","Noise SD = 0.01
Auto k=7; raw |Spearman|=0.661",1.08069669565382,-1.46278581330123,0.947080062935129
"sample_001","Auto Isomap","Noise SD = 0.01
Auto k=7; raw |Spearman|=0.661",0.791655054679111,-1.60440847430292,0.463203662277161
"sample_002","Auto Isomap","Noise SD = 0.01
Auto k=7; raw |Spearman|=0.661",-1.3905046465903,1.64540778913669,0.814317090705866
"sample_003","Auto Isomap","Noise SD = 0.01
Auto k=7; raw |Spearman|=0.661",-0.989406865357633,1.53395214972014,0.879802002130154
"sample_004","Auto Isomap","Noise SD = 0.01
Auto k=7; raw |Spearman|=0.661",1.23703437972403,-0.725587603140578,0.320260302735845
"sample_005","Auto Isomap","Noise SD = 0.01
Auto k=7; raw |Spearman|=0.661",0.890064426322462,0.684616567136357,0.231767160798164
"sample_006","Auto Isomap","Noise SD = 0.01
Auto k=7; raw |Spearman|=0.661",1.18466912784665,0.268306594648493,0.261242371194036
"sample_007","Auto Isomap","Noise SD = 0.01
Auto k=7; raw |Spearman|=0.661",1.4883438667667,-0.344684412340144,0.320407830977777
"sample_008","Auto Isomap","Noise SD = 0.01
Auto k=7; raw |Spearman|=0.661",1.10639791424727,-1.43261385181614,0.436726623207423
"sample_009","Auto Isomap","Noise SD = 0.01
Auto k=7; raw |Spearman|=0.661",-1.16981136748755,1.89285623150282,0.848519791963317
"sample_010","Auto Isomap","Noise SD = 0.01
Auto k=7; raw |Spearman|=0.661",-1.31886843833471,1.81489639657264,0.827658781440642
"sample_011","Auto Isomap","Noise SD = 0.01
Auto k=7; raw |Spearman|=0.661",-1.42173509223983,0.0306904952410491,0.701626434526958
"sample_012","Auto Isomap","Noise SD = 0.01
Auto k=7; raw |Spearman|=0.661",-1.06594310707945,-1.36298702252144,0.598733724731682
"sample_013","Auto Isomap","Noise SD = 0.01
Auto k=7; raw |Spearman|=0.661",0.36247726817837,1.96867060921318,0.0944210162756094
"sample_014","Auto Isomap","Noise SD = 0.01
Auto k=7; raw |Spearman|=0.661",-0.550931638600446,0.342864440369524,0.968058552645084
"sample_015","Auto Isomap","Noise SD = 0.01
Auto k=7; raw |Spearman|=0.661",-0.776934141431346,0.864449123162919,0.928739745075475
"sample_016","Auto Isomap","Noise SD = 0.01
Auto k=7; raw |Spearman|=0.661",1.47848661707329,-0.317408613136584,0.317692226346322
"sample_017","Auto Isomap","Noise SD = 0.01
Auto k=7; raw |Spearman|=0.661",-0.52944496120475,0.262510636994288,0.974025130786164
"sample_018","Auto Isomap","Noise SD = 0.01
Auto k=7; raw |Spearman|=0.661",-0.679763871517268,0.626176417100783,0.946501705426529
"sample_019","Auto Isomap","Noise SD = 0.01
Auto k=7; raw |Spearman|=0.661",0.0870557888422923,-1.86175941934763,0.51215322412148
"sample_020","Auto Isomap","Noise SD = 0.01
Auto k=7; raw |Spearman|=0.661",1.22763231796426,0.219877478110281,0.264879574106426
"sample_021","Auto Isomap","Noise SD = 0.01
Auto k=7; raw |Spearman|=0.661",0.835704828837331,-0.917967286484666,0.294128791952475
"sample_022","Auto Isomap","Noise SD = 0.01
Auto k=7; raw |Spearman|=0.661",-0.857323010537344,1.12254737067727,0.910701555786838
"sample_023","Auto Isomap","Noise SD = 0.01
Auto k=7; raw |Spearman|=0.661",-1.41935209489713,0.0313616184798644,0.701667206483768
"sample_024","Auto Isomap","Noise SD = 0.01
Auto k=7; raw |Spearman|=0.661",-1.26168416838341,1.92999416318425,0.839686867938207
"sample_025","Auto Isomap","Noise SD = 0.01
Auto k=7; raw |Spearman|=0.661",-0.49294364379027,0.152968502198109,0.98176155939586
"sample_026","Auto Isomap","Noise SD = 0.01
Auto k=7; raw |Spearman|=0.661",1.035120478586,0.477270048273849,0.247038384589108
"sample_027","Auto Isomap","Noise SD = 0.01
Auto k=7; raw |Spearman|=0.661",1.32326545266431,0.0962891882343496,0.275728353883222
"sample_028","Auto Isomap","Noise SD = 0.01
Auto k=7; raw |Spearman|=0.661",0.337253454410397,2.09848994539962,0.0798831619920577
"sample_029","Auto Isomap","Noise SD = 0.01
Auto k=7; raw |Spearman|=0.661",-1.45000347102946,0.300106590191768,0.719898479670532
"sample_030","Auto Isomap","Noise SD = 0.01
Auto k=7; raw |Spearman|=0.661",-1.15234118073033,1.88012803382136,0.849050940703692
"sample_031","Auto Isomap","Noise SD = 0.01
Auto k=7; raw |Spearman|=0.661",-1.26796015736992,-0.918201744635905,0.633687048287229
"sample_032","Auto Isomap","Noise SD = 0.01
Auto k=7; raw |Spearman|=0.661",-1.02735990724391,1.62688980009158,0.872429810553785
"sample_033","Auto Isomap","Noise SD = 0.01
Auto k=7; raw |Spearman|=0.661",0.407084940344871,1.83268486693741,0.114524069635012
"sample_034","Auto Isomap","Noise SD = 0.01
Auto k=7; raw |Spearman|=0.661",1.47674525369782,-0.33577677474264,0.319833700657415
"sample_035","Auto Isomap","Noise SD = 0.01
Auto k=7; raw |Spearman|=0.661",1.41011543812664,-0.0521743817397355,0.289811195987897
"sample_036","Auto Isomap","Noise SD = 0.01
Auto k=7; raw |Spearman|=0.661",0.377826921381724,1.91825720375599,0.101925316777398
"sample_037","Auto Isomap","Noise SD = 0.01
Auto k=7; raw |Spearman|=0.661",-1.45861857252666,0.182036701859301,0.712119519947726
"sample_038","Auto Isomap","Noise SD = 0.01
Auto k=7; raw |Spearman|=0.661",1.05893851423524,-0.853671416741808,0.306960767538344
"sample_039","Auto Isomap","Noise SD = 0.01
Auto k=7; raw |Spearman|=0.661",1.26851609781544,0.115803534901473,0.271184829609293
"sample_040","Auto Isomap","Noise SD = 0.01
Auto k=7; raw |Spearman|=0.661",-1.03204449133272,1.63905902513473,0.870236503285329
"sample_041","Auto Isomap","Noise SD = 0.01
Auto k=7; raw |Spearman|=0.661",-0.99670407665557,1.51625348376207,0.88062577823782
"sample_042","Auto Isomap","Noise SD = 0.01
Auto k=7; raw |Spearman|=0.661",0.492335216663692,1.54036331255786,0.146486011923405
"sample_043","Auto Isomap","Noise SD = 0.01
Auto k=7; raw |Spearman|=0.661",0.98803345697334,-0.868437354690342,0.302209807641472
"sample_044","Auto Isomap","Noise SD = 0.01
Auto k=7; raw |Spearman|=0.661",0.453984126994276,-1.76622796803104,0.488615157503743
"sample_045","Auto Isomap","Noise SD = 0.01
Auto k=7; raw |Spearman|=0.661",0.259722318331844,2.4293635097053,0.0323966019189334
"sample_046","Auto Isomap","Noise SD = 0.01
Auto k=7; raw |Spearman|=0.661",0.22562926168827,2.67372108627695,0
"sample_047","Auto Isomap","Noise SD = 0.01
Auto k=7; raw |Spearman|=0.661",-0.82884456907279,-1.64731178129699,0.573104093299378
"sample_048","Auto Isomap","Noise SD = 0.01
Auto k=7; raw |Spearman|=0.661",-0.745035275612219,0.804257123106772,0.933255511826638
"sample_049","Auto Isomap","Noise SD = 0.01
Auto k=7; raw |Spearman|=0.661",-0.710924248843028,0.72179499070364,0.940281688359154
"sample_050","Auto Isomap","Noise SD = 0.01
Auto k=7; raw |Spearman|=0.661",0.389068111276389,-0.896221728412941,0.26892414742069
"sample_051","Auto Isomap","Noise SD = 0.01
Auto k=7; raw |Spearman|=0.661",1.30064705679163,-0.679054765121071,0.325083912440465
"sample_052","Auto Isomap","Noise SD = 0.01
Auto k=7; raw |Spearman|=0.661",1.44449478192701,-0.111207152178988,0.295410515386279
"sample_053","Auto Isomap","Noise SD = 0.01
Auto k=7; raw |Spearman|=0.661",1.27412564305009,-0.7140849861558,0.321632329233683
"sample_054","Auto Isomap","Noise SD = 0.01
Auto k=7; raw |Spearman|=0.661",-1.20681446667799,1.91921356816935,0.843578621796191
"sample_055","Auto Isomap","Noise SD = 0.01
Auto k=7; raw |Spearman|=0.661",-1.0454723826748,-1.40382935192576,0.596306788951973
"sample_056","Auto Isomap","Noise SD = 0.01
Auto k=7; raw |Spearman|=0.661",1.80130187558457,-0.966058851988321,0.378691481888267
"sample_057","Auto Isomap","Noise SD = 0.01
Auto k=7; raw |Spearman|=0.661",1.33807432142812,0.0807903540187698,0.27678302223872
"sample_058","Auto Isomap","Noise SD = 0.01
Auto k=7; raw |Spearman|=0.661",-1.03818508827191,-1.4107281285953,0.595104955762888
"sample_059","Auto Isomap","Noise SD = 0.01
Auto k=7; raw |Spearman|=0.661",-0.624169785351624,0.493703121878217,0.957074279708329
"sample_060","Auto Isomap","Noise SD = 0.01
Auto k=7; raw |Spearman|=0.661",-0.209222076739754,-1.89554736327841,0.529820161814894
"sample_061","Auto Isomap","Noise SD = 0.01
Auto k=7; raw |Spearman|=0.661",0.330278740733449,-0.884078281356252,0.26524312873595
"sample_062","Auto Isomap","Noise SD = 0.01
Auto k=7; raw |Spearman|=0.661",-1.46337628922342,0.362985265836468,0.724603591459898
"sample_063","Auto Isomap","Noise SD = 0.01
Auto k=7; raw |Spearman|=0.661",0.951559958172504,-0.881242611943978,0.300955080936987
"sample_064","Auto Isomap","Noise SD = 0.01
Auto k=7; raw |Spearman|=0.661",0.586842049816644,1.27489962944375,0.176048856545822
"sample_065","Auto Isomap","Noise SD = 0.01
Auto k=7; raw |Spearman|=0.661",-0.486133770449506,0.115142313293675,0.98452808048567
"sample_066","Auto Isomap","Noise SD = 0.01
Auto k=7; raw |Spearman|=0.661",-1.45610021052253,0.605743740553398,0.741335015347842
"sample_067","Auto Isomap","Noise SD = 0.01
Auto k=7; raw |Spearman|=0.661",0.299967938089628,2.22921915854121,0.0611525911343341
"sample_068","Auto Isomap","Noise SD = 0.01
Auto k=7; raw |Spearman|=0.661",1.20948863963564,0.241101713011513,0.263009910077284
"sample_069","Auto Isomap","Noise SD = 0.01
Auto k=7; raw |Spearman|=0.661",1.91006251180997,-0.880112564500144,0.371249219827717
"sample_070","Auto Isomap","Noise SD = 0.01
Auto k=7; raw |Spearman|=0.661",0.396280587114793,-0.903222227715086,0.26898401138051
"sample_071","Auto Isomap","Noise SD = 0.01
Auto k=7; raw |Spearman|=0.661",1.37257806155623,0.0452886105604026,0.280783189194417
"sample_072","Auto Isomap","Noise SD = 0.01
Auto k=7; raw |Spearman|=0.661",0.613953585537641,1.2482621647937,0.180069637839123
"sample_073","Auto Isomap","Noise SD = 0.01
Auto k=7; raw |Spearman|=0.661",0.975962778148527,0.563271631121504,0.24108399604683
"sample_074","Auto Isomap","Noise SD = 0.01
Auto k=7; raw |Spearman|=0.661",0.606466161908455,1.23154158565978,0.18179246746425
"sample_075","Auto Isomap","Noise SD = 0.01
Auto k=7; raw |Spearman|=0.661",-1.01973488094351,-1.40257049703878,0.59443033213678
"sample_076","Auto Isomap","Noise SD = 0.01
Auto k=7; raw |Spearman|=0.661",-0.552877132330815,-1.81838559613981,0.551291606035087
"sample_077","Auto Isomap","Noise SD = 0.01
Auto k=7; raw |Spearman|=0.661",1.47477591832249,-0.277481015931931,0.313758606129118
"sample_078","Auto Isomap","Noise SD = 0.01
Auto k=7; raw |Spearman|=0.661",0.990299843579886,-0.86794342193965,0.302223562380126
"sample_079","Auto Isomap","Noise SD = 0.01
Auto k=7; raw |Spearman|=0.661",1.42640551293469,-0.0556777555013134,0.290161627561815
"sample_080","Auto Isomap","Noise SD = 0.01
Auto k=7; raw |Spearman|=0.661",-1.0531491164361,-1.414120796412,0.595557838680505
"sample_081","Auto Isomap","Noise SD = 0.01
Auto k=7; raw |Spearman|=0.661",1.15288083051649,-0.784182535124623,0.314506556165432
"sample_082","Auto Isomap","Noise SD = 0.01
Auto k=7; raw |Spearman|=0.661",0.449981448529487,-0.913809866823636,0.271983919497997
"sample_083","Auto Isomap","Noise SD = 0.01
Auto k=7; raw |Spearman|=0.661",1.85043925741545,-0.937651566579684,0.375585802903287
"sample_084","Auto Isomap","Noise SD = 0.01
Auto k=7; raw |Spearman|=0.661",1.12293376682019,0.359784415262139,0.255015260509471
"sample_085","Auto Isomap","Noise SD = 0.01
Auto k=7; raw |Spearman|=0.661",1.4344267136579,-0.114857522848648,0.295211594992217
"sample_086","Auto Isomap","Noise SD = 0.01
Auto k=7; raw |Spearman|=0.661",-0.918394841273057,1.35659789391793,0.893187835205839
"sample_087","Auto Isomap","Noise SD = 0.01
Auto k=7; raw |Spearman|=0.661",-1.21197008399181,1.92664144837114,0.842335132249231
"sample_088","Auto Isomap","Noise SD = 0.01
Auto k=7; raw |Spearman|=0.661",0.712598071383528,-0.940862847017689,0.286510910855543
"sample_089","Auto Isomap","Noise SD = 0.01
Auto k=7; raw |Spearman|=0.661",0.237858123815155,2.5000643666591,0.022706706251666
"sample_090","Auto Isomap","Noise SD = 0.01
Auto k=7; raw |Spearman|=0.661",-0.421880734484954,0.0247423080199319,0.992171898185062
"sample_091","Auto Isomap","Noise SD = 0.01
Auto k=7; raw |Spearman|=0.661",-1.4311743202696,0.0972700300149797,0.706523348914924
"sample_092","Auto Isomap","Noise SD = 0.01
Auto k=7; raw |Spearman|=0.661",-0.560741825848987,0.354088755114517,0.967605313133125
"sample_093","Auto Isomap","Noise SD = 0.01
Auto k=7; raw |Spearman|=0.661",1.44839471437078,-0.40107202636038,0.327114398642738
"sample_094","Auto Isomap","Noise SD = 0.01
Auto k=7; raw |Spearman|=0.661",-0.00674043084080655,-1.8906432109213,0.518101082442967
"sample_095","Auto Isomap","Noise SD = 0.01
Auto k=7; raw |Spearman|=0.661",0.388473554398348,-0.906172197536205,0.269006960680142
"sample_096","Auto Isomap","Noise SD = 0.01
Auto k=7; raw |Spearman|=0.661",1.47692920637719,-0.235289639969865,0.309583600876395
"sample_097","Auto Isomap","Noise SD = 0.01
Auto k=7; raw |Spearman|=0.661",0.526383183737502,-0.929111128290772,0.276761136434914
"sample_098","Auto Isomap","Noise SD = 0.01
Auto k=7; raw |Spearman|=0.661",1.50233348170497,-1.17815540946152,0.400523678605472
"sample_099","Auto Isomap","Noise SD = 0.01
Auto k=7; raw |Spearman|=0.661",0.249220181496205,-0.838569769487963,0.261042758412032
"sample_100","Auto Isomap","Noise SD = 0.01
Auto k=7; raw |Spearman|=0.661",1.46676140684455,-0.408440619784169,0.327121953980815
"sample_101","Auto Isomap","Noise SD = 0.01
Auto k=7; raw |Spearman|=0.661",-1.05900114623057,-1.37099101036018,0.597955760039112
"sample_102","Auto Isomap","Noise SD = 0.01
Auto k=7; raw |Spearman|=0.661",-0.721406028951284,0.742584600092096,0.938170417402653
"sample_103","Auto Isomap","Noise SD = 0.01
Auto k=7; raw |Spearman|=0.661",-0.710589071762724,0.737724279498155,0.938810827878355
"sample_104","Auto Isomap","Noise SD = 0.01
Auto k=7; raw |Spearman|=0.661",-1.44748484618967,1.11784534816384,0.776733459124153
"sample_105","Auto Isomap","Noise SD = 0.01
Auto k=7; raw |Spearman|=0.661",1.46351411531404,-0.141717511640231,0.30033317212379
"sample_106","Auto Isomap","Noise SD = 0.01
Auto k=7; raw |Spearman|=0.661",-1.44627408764126,0.244621718187837,0.716210375684258
"sample_107","Auto Isomap","Noise SD = 0.01
Auto k=7; raw |Spearman|=0.661",-0.735361764187197,-1.74422585629999,0.563330214967425
"sample_108","Auto Isomap","Noise SD = 0.01
Auto k=7; raw |Spearman|=0.661",0.879606641177868,0.733277159316506,0.228721425195584
"sample_109","Auto Isomap","Noise SD = 0.01
Auto k=7; raw |Spearman|=0.661",1.19407736343806,0.245219734058929,0.262356302426792
"sample_110","Auto Isomap","Noise SD = 0.01
Auto k=7; raw |Spearman|=0.661",-0.404276200513582,-0.00659183458867582,0.993713306270386
"sample_111","Auto Isomap","Noise SD = 0.01
Auto k=7; raw |Spearman|=0.661",-1.44912009372449,0.616048085411851,0.741429369594607
"sample_112","Auto Isomap","Noise SD = 0.01
Auto k=7; raw |Spearman|=0.661",0.564626520707231,-1.71682486966723,0.480720475228765
"sample_113","Auto Isomap","Noise SD = 0.01
Auto k=7; raw |Spearman|=0.661",0.834996443390573,0.78267416803097,0.223108607056398
"sample_114","Auto Isomap","Noise SD = 0.01
Auto k=7; raw |Spearman|=0.661",-1.46757350833014,0.598006995886468,0.7407792645054
"sample_115","Auto Isomap","Noise SD = 0.01
Auto k=7; raw |Spearman|=0.661",-0.582987549437059,0.359416864246558,0.966406989460295
"sample_116","Auto Isomap","Noise SD = 0.01
Auto k=7; raw |Spearman|=0.661",-0.925728886822963,1.32436847651486,0.894478112034862
"sample_117","Auto Isomap","Noise SD = 0.01
Auto k=7; raw |Spearman|=0.661",-0.149124623305972,-1.89456484892525,0.526316368958629
"sample_118","Auto Isomap","Noise SD = 0.01
Auto k=7; raw |Spearman|=0.661",0.513705052222184,-1.75150574480117,0.484848961309311
"sample_119","Auto Isomap","Noise SD = 0.01
Auto k=7; raw |Spearman|=0.661",1.47408577456555,-0.405829423157112,0.327123693186014
"sample_120","Auto Isomap","Noise SD = 0.01
Auto k=7; raw |Spearman|=0.661",1.42690858634618,-0.520786301343817,0.339129337447799
"sample_121","Auto Isomap","Noise SD = 0.01
Auto k=7; raw |Spearman|=0.661",1.38653610560465,-0.571501934025415,0.33441577061464
"sample_122","Auto Isomap","Noise SD = 0.01
Auto k=7; raw |Spearman|=0.661",0.377465708623064,1.87507136351112,0.108408443721124
"sample_123","Auto Isomap","Noise SD = 0.01
Auto k=7; raw |Spearman|=0.661",0.662268403361307,-1.66958222393585,0.473169901229285
"sample_124","Auto Isomap","Noise SD = 0.01
Auto k=7; raw |Spearman|=0.661",-0.795495072241578,0.970798418549229,0.921520174616057
"sample_125","Auto Isomap","Noise SD = 0.01
Auto k=7; raw |Spearman|=0.661",-1.48794765443087,0.499915792913952,0.734028994613997
"sample_126","Auto Isomap","Noise SD = 0.01
Auto k=7; raw |Spearman|=0.661",-1.25809650789822,1.90202147959751,0.83845278861745
"sample_127","Auto Isomap","Noise SD = 0.01
Auto k=7; raw |Spearman|=0.661",-1.34101838625754,-0.505724838310065,0.663420740132746
"sample_128","Auto Isomap","Noise SD = 0.01
Auto k=7; raw |Spearman|=0.661",1.23894561378672,-0.716476652233814,0.320442650693944
"sample_129","Auto Isomap","Noise SD = 0.01
Auto k=7; raw |Spearman|=0.661",1.45067030744728,-0.468584692070029,0.335013734291888
"sample_130","Auto Isomap","Noise SD = 0.01
Auto k=7; raw |Spearman|=0.661",-1.2495350893996,1.93927488334093,0.840320305185777
"sample_131","Auto Isomap","Noise SD = 0.01
Auto k=7; raw |Spearman|=0.661",-1.20839446708811,1.9191098820766,0.843024237624899
"sample_132","Auto Isomap","Noise SD = 0.01
Auto k=7; raw |Spearman|=0.661",0.642624734092191,-1.67914989961717,0.474641604294723
"sample_133","Auto Isomap","Noise SD = 0.01
Auto k=7; raw |Spearman|=0.661",-1.3528407937095,1.80697409438866,0.82643553958358
"sample_134","Auto Isomap","Noise SD = 0.01
Auto k=7; raw |Spearman|=0.661",1.46306796481778,-0.185080143079082,0.304368240559239
"sample_135","Auto Isomap","Noise SD = 0.01
Auto k=7; raw |Spearman|=0.661",-1.45674322313064,0.475971268868758,0.732343102275222
"sample_136","Auto Isomap","Noise SD = 0.01
Auto k=7; raw |Spearman|=0.661",0.992157880465424,-0.870946082320315,0.302864602952109
"sample_137","Auto Isomap","Noise SD = 0.01
Auto k=7; raw |Spearman|=0.661",-0.44371164935973,-1.86934007848608,0.54354225740734
"sample_138","Auto Isomap","Noise SD = 0.01
Auto k=7; raw |Spearman|=0.661",-1.40769396032961,1.37569081335699,0.794657855176865
"sample_139","Auto Isomap","Noise SD = 0.01
Auto k=7; raw |Spearman|=0.661",-0.770077368696298,-1.72352586065324,0.565861454092666
"sample_140","Auto Isomap","Noise SD = 0.01
Auto k=7; raw |Spearman|=0.661",-1.45531400426101,0.875374414408587,0.760029802626193
"sample_141","Auto Isomap","Noise SD = 0.01
Auto k=7; raw |Spearman|=0.661",-0.853505172743094,1.1493335953604,0.908169727099084
"sample_142","Auto Isomap","Noise SD = 0.01
Auto k=7; raw |Spearman|=0.661",1.48206112514291,-0.295672771360468,0.316035510168877
"sample_143","Auto Isomap","Noise SD = 0.01
Auto k=7; raw |Spearman|=0.661",-0.710262011011391,0.740085077444187,0.938233983158629
"sample_144","Auto Isomap","Noise SD = 0.01
Auto k=7; raw |Spearman|=0.661",-1.001512970892,1.53785122796292,0.878076548032727
"sample_145","Auto Isomap","Noise SD = 0.01
Auto k=7; raw |Spearman|=0.661",0.256679240971775,-0.852426578825182,0.261270065386534
"sample_146","Auto Isomap","Noise SD = 0.01
Auto k=7; raw |Spearman|=0.661",-1.38003447996219,-0.397099400042081,0.671115076550806
"sample_147","Auto Isomap","Noise SD = 0.01
Auto k=7; raw |Spearman|=0.661",-1.02058466842397,1.60347601769979,0.87510351602504
"sample_148","Auto Isomap","Noise SD = 0.01
Auto k=7; raw |Spearman|=0.661",1.18637051664416,-0.76818177359456,0.316730418683522
"sample_149","Auto Isomap","Noise SD = 0.01
Auto k=7; raw |Spearman|=0.661",0.209092572138327,2.64771070642053,0.00329218137534613
"sample_150","Auto Isomap","Noise SD = 0.01
Auto k=7; raw |Spearman|=0.661",0.661727046570923,1.13367028004607,0.192267581735831
"sample_151","Auto Isomap","Noise SD = 0.01
Auto k=7; raw |Spearman|=0.661",-0.662828215519108,0.636909506311474,0.946310070964914
"sample_152","Auto Isomap","Noise SD = 0.01
Auto k=7; raw |Spearman|=0.661",1.18519079004514,-0.769891029603046,0.316863208110566
"sample_153","Auto Isomap","Noise SD = 0.01
Auto k=7; raw |Spearman|=0.661",1.25051507651848,-0.688155008037694,0.322013630124913
"sample_154","Auto Isomap","Noise SD = 0.01
Auto k=7; raw |Spearman|=0.661",1.25225642970803,0.176320288032602,0.267824558429894
"sample_155","Auto Isomap","Noise SD = 0.01
Auto k=7; raw |Spearman|=0.661",1.41765231879927,-0.526846939978954,0.33809309554249
"sample_156","Auto Isomap","Noise SD = 0.01
Auto k=7; raw |Spearman|=0.661",-1.39958420395154,-0.337884272805949,0.675827596729113
"sample_157","Auto Isomap","Noise SD = 0.01
Auto k=7; raw |Spearman|=0.661",-1.11730183634831,-1.26396533123154,0.606286876144001
"sample_158","Auto Isomap","Noise SD = 0.01
Auto k=7; raw |Spearman|=0.661",1.04185188372138,0.455975411348919,0.24817502455626
"sample_159","Auto Isomap","Noise SD = 0.01
Auto k=7; raw |Spearman|=0.661",-1.28357663504812,-0.876798131930458,0.63732142987855
"sample_160","Auto Isomap","Noise SD = 0.01
Auto k=7; raw |Spearman|=0.661",0.895958836943636,-0.909610591281158,0.296803377860607
"sample_161","Auto Isomap","Noise SD = 0.01
Auto k=7; raw |Spearman|=0.661",0.310991564209326,-1.80410854624262,0.4978393584531
"sample_162","Auto Isomap","Noise SD = 0.01
Auto k=7; raw |Spearman|=0.661",1.44705552032834,-0.16375221630656,0.303237606378724
"sample_163","Auto Isomap","Noise SD = 0.01
Auto k=7; raw |Spearman|=0.661",0.85210098557116,-0.929545843400727,0.29453144540949
"sample_164","Auto Isomap","Noise SD = 0.01
Auto k=7; raw |Spearman|=0.661",0.481473196570341,1.57028920221506,0.145282768302663
"sample_165","Auto Isomap","Noise SD = 0.01
Auto k=7; raw |Spearman|=0.661",-1.24281396609077,-0.944972998552876,0.631630145049602
"sample_166","Auto Isomap","Noise SD = 0.01
Auto k=7; raw |Spearman|=0.661",-0.740890916831653,0.791134415253461,0.934148840869641
"sample_167","Auto Isomap","Noise SD = 0.01
Auto k=7; raw |Spearman|=0.661",-0.795976630748128,-1.67075802956288,0.569469009131475
"sample_168","Auto Isomap","Noise SD = 0.01
Auto k=7; raw |Spearman|=0.661",0.726775576602883,1.01381316615078,0.204204005693653
"sample_169","Auto Isomap","Noise SD = 0.01
Auto k=7; raw |Spearman|=0.661",1.15468033322654,-0.797624259143162,0.314001750858702
"sample_170","Auto Isomap","Noise SD = 0.01
Auto k=7; raw |Spearman|=0.661",-1.35480205443028,1.71836210140834,0.820568276196013
"sample_171","Auto Isomap","Noise SD = 0.01
Auto k=7; raw |Spearman|=0.661",-1.38299553313149,-0.316412312299179,0.677028301646608
"sample_172","Auto Isomap","Noise SD = 0.01
Auto k=7; raw |Spearman|=0.661",-1.44227666901597,0.183687699906357,0.711927581487903
"sample_173","Auto Isomap","Noise SD = 0.01
Auto k=7; raw |Spearman|=0.661",1.38630310160182,-0.594645659705495,0.332656877560625
"sample_174","Auto Isomap","Noise SD = 0.01
Auto k=7; raw |Spearman|=0.661",1.49273978059936,-0.273544276108006,0.314313965418119
"sample_175","Auto Isomap","Noise SD = 0.01
Auto k=7; raw |Spearman|=0.661",-1.06171221722683,1.7218298206032,0.864953078856867
"sample_176","Auto Isomap","Noise SD = 0.01
Auto k=7; raw |Spearman|=0.661",0.875423309899244,0.745768679567054,0.227886000985016
"sample_177","Auto Isomap","Noise SD = 0.01
Auto k=7; raw |Spearman|=0.661",1.33304294823851,0.0896532630001679,0.275517168409414
"sample_178","Auto Isomap","Noise SD = 0.01
Auto k=7; raw |Spearman|=0.661",-0.647129044444595,0.518575486341867,0.95414400500566
"sample_179","Auto Isomap","Noise SD = 0.01
Auto k=7; raw |Spearman|=0.661",0.709744473509559,-0.947687920403802,0.286310569430909
"sample_180","Auto Isomap","Noise SD = 0.01
Auto k=7; raw |Spearman|=0.661",-0.543494218629215,-1.82063645107232,0.549908971783371
"sample_181","Auto Isomap","Noise SD = 0.01
Auto k=7; raw |Spearman|=0.661",0.645962196070728,-0.952757818005493,0.282812766044397
"sample_182","Auto Isomap","Noise SD = 0.01
Auto k=7; raw |Spearman|=0.661",1.13740077786687,-0.763789427324881,0.313743851017186
"sample_183","Auto Isomap","Noise SD = 0.01
Auto k=7; raw |Spearman|=0.661",-0.390590148213998,-0.0632088233553807,0.998427185017203
"sample_184","Auto Isomap","Noise SD = 0.01
Auto k=7; raw |Spearman|=0.661",-0.371506213449096,-0.0844011161461706,1
"sample_185","Auto Isomap","Noise SD = 0.01
Auto k=7; raw |Spearman|=0.661",1.82163452688053,-0.951440561125953,0.377466658633233
"sample_186","Auto Isomap","Noise SD = 0.01
Auto k=7; raw |Spearman|=0.661",1.27580409910182,0.136902623260458,0.269923716486174
"sample_187","Auto Isomap","Noise SD = 0.01
Auto k=7; raw |Spearman|=0.661",-0.68809066875633,-1.73440948864249,0.560751489860751
"sample_188","Auto Isomap","Noise SD = 0.01
Auto k=7; raw |Spearman|=0.661",0.434558105794188,1.68485104174491,0.128899153272211
"sample_189","Auto Isomap","Noise SD = 0.01
Auto k=7; raw |Spearman|=0.661",1.06476191324071,0.42090569714904,0.250477659983072
"sample_190","Auto Isomap","Noise SD = 0.01
Auto k=7; raw |Spearman|=0.661",-0.958336512234132,-1.51343194348159,0.586170683736453
"sample_191","Auto Isomap","Noise SD = 0.01
Auto k=7; raw |Spearman|=0.661",-1.45410319097245,0.294445915064536,0.718910861752617
"sample_192","Auto Isomap","Noise SD = 0.01
Auto k=7; raw |Spearman|=0.661",1.45318695196777,-0.451553355065898,0.332365141058284
"sample_193","Auto Isomap","Noise SD = 0.01
Auto k=7; raw |Spearman|=0.661",0.580411492389031,-0.938119014072033,0.279756492338279
"sample_194","Auto Isomap","Noise SD = 0.01
Auto k=7; raw |Spearman|=0.661",0.415753633636917,-0.897615265139006,0.270353496900058
"sample_195","Auto Isomap","Noise SD = 0.01
Auto k=7; raw |Spearman|=0.661",-1.35447452795214,-0.459560240024267,0.666992134105141
"sample_196","Auto Isomap","Noise SD = 0.01
Auto k=7; raw |Spearman|=0.661",0.72057376277446,-0.933270682669858,0.287332057522569
"sample_197","Auto Isomap","Noise SD = 0.01
Auto k=7; raw |Spearman|=0.661",-0.938975017071864,1.36002788793177,0.892596393996575
"sample_198","Auto Isomap","Noise SD = 0.01
Auto k=7; raw |Spearman|=0.661",0.442297700221484,-1.75371657763685,0.489320269651565
"sample_199","Auto Isomap","Noise SD = 0.01
Auto k=7; raw |Spearman|=0.661",0.252978539033923,-0.828088381817059,0.261361655370049
"sample_200","Auto Isomap","Noise SD = 0.01
Auto k=7; raw |Spearman|=0.661",1.08069669565382,-1.46278581330123,0.439695327465028
