"panel","query_sample","query_true_position","neighbor_sample","neighbor_true_position","component","rank_4d","rank_2d","distance_4d","distance_2d","delta_feature_1","delta_feature_2","delta_feature_3","delta_feature_4","x","y","xend","yend"
"Green endpoint as query",69,0.981532560195774,83,0.978703966364264,"C3",1,1,0.13710207814909,0.094428338975436,-0.0749432116892301,-0.0860101604892904,0.0498249026466263,-0.0574475954532745,1.92811853567535,-0.877361727383215,1.85317532398612,-0.934809322836489
"Green endpoint as query",69,0.981532560195774,185,0.977296904427931,"C3",2,2,0.203819467458964,0.140729329885429,-0.1118758638644,-0.127663292108112,0.0737544227377098,-0.0853729194451971,1.92811853567535,-0.877361727383215,1.81624267181095,-0.962734646828412
"Green endpoint as query",69,0.981532560195774,56,0.976915959035978,"C3",3,3,0.221714254696248,0.153188278473603,-0.121835321005823,-0.138811920166082,0.080136214619931,-0.0928590502703647,1.92811853567535,-0.877361727383215,1.80628321466953,-0.97022077765358
"Green endpoint as query",69,0.981532560195774,98,0.964952562004328,"C3",4,4,0.74809038235173,0.528043021100431,-0.426058897717743,-0.461658656314489,0.260155863059415,-0.311934685164077,1.92811853567535,-0.877361727383215,1.50205963795761,-1.18929641254729
"Green endpoint as query",69,0.981532560195774,8,0.94865017477423,"C3",5,43,1.35989421514218,0.988816379283552,-0.814225134368675,-0.820297378770944,0.445720377388386,-0.56106618370897,1.92811853567535,-0.877361727383215,1.11389340130668,-1.43842791109218
"Green endpoint as query",69,0.981532560195774,96,0.196859565796331,"C1",6,29,1.4049970583919,0.77685209110288,-0.446295041720605,-1.09412365726777,0.41642644638154,0.635861547183442,1.92811853567535,-0.877361727383215,1.48182349395475,-0.241500180199772
"Green endpoint as query",69,0.981532560195774,134,0.190271869068965,"C1",7,31,1.40507101933413,0.82074483552883,-0.455319097370466,-1.0904890453969,0.333820499961827,0.682866461774915,1.92811853567535,-0.877361727383215,1.47279943830489,-0.1944952656083
"Green endpoint as query",69,0.981532560195774,162,0.189414444612339,"C1",8,32,1.40550137805714,0.8267207319325,-0.456915482552596,-1.08976461586261,0.323078995181258,0.688981429655935,1.92811853567535,-0.877361727383215,1.47120305312276,-0.18838029772728
"Green endpoint as query",69,0.981532560195774,174,0.201949303038418,"C1",9,26,1.40833310541728,0.745521679934349,-0.443398754064972,-1.09428480078425,0.479729439720691,0.599333062783762,1.92811853567535,-0.877361727383215,1.48471978161038,-0.278028664599453
"Green endpoint as query",69,0.981532560195774,105,0.185927418759093,"C1",10,33,1.40835210777598,0.851631303794072,-0.464375369479277,-1.08629093449432,0.279556412036108,0.713884720261595,1.92811853567535,-0.877361727383215,1.46374316619607,-0.16347700712162
"Green endpoint as query",69,0.981532560195774,77,0.202711365418509,"C1",11,25,1.40905196528814,0.741039693166027,-0.443278280248448,-1.09409266648823,0.489130709699802,0.593838524438738,1.92811853567535,-0.877361727383215,1.4848402554269,-0.283523202944477
"Green endpoint as query",69,0.981532560195774,142,0.204242422012612,"C1",12,23,1.41066375447916,0.732210719218093,-0.443280126975343,-1.09353677415336,0.507953752262577,0.582782349052029,1.92811853567535,-0.877361727383215,1.48483840870001,-0.294579378331186
"Green endpoint as query",69,0.981532560195774,200,0.947080062935129,"C3",13,44,1.41275095206747,1.03022464368917,-0.850020195167815,-0.850127778074161,0.460201257114477,-0.582089756198605,1.92811853567535,-0.877361727383215,1.07809834050754,-1.45945148358182
"Green endpoint as query",69,0.981532560195774,16,0.206122397910804,"C1",14,21,1.41294624725167,0.721703779103118,-0.443723764438065,-1.09254620922423,0.530945885717762,0.569179730528623,1.92811853567535,-0.877361727383215,1.48439477123729,-0.308181996854592
"Green endpoint as query",69,0.981532560195774,34,0.209671256830916,"C1",15,20,1.41815377610883,0.702942555074055,-0.445866750488836,-1.08976246826004,0.573977055054886,0.543443719756303,1.92811853567535,-0.877361727383215,1.48225178518651,-0.333918007626912
"Green endpoint as query",69,0.981532560195774,52,0.17965303780511,"C1",16,35,1.41825461040201,0.898885726653198,-0.481578684565399,-1.07817877211546,0.202437955199368,0.758997707607281,1.92811853567535,-0.877361727383215,1.44653985110995,-0.118364019775934
"Green endpoint as query",69,0.981532560195774,7,0.211279006209224,"C1",17,16,1.42089440051806,0.694936456495013,-0.447390451562732,-1.08811309906298,0.593307763732515,0.531769181521776,1.92811853567535,-0.877361727383215,1.48072808411262,-0.345592545861439
"Green endpoint as query",69,0.981532560195774,85,0.177501240512356,"C1",18,36,1.42315056749534,0.915811503672062,-0.488553987534083,-1.07493553386802,0.176523158628303,0.774613265780177,1.92811853567535,-0.877361727383215,1.43956454814127,-0.102748461603038
"Green endpoint as query",69,0.981532560195774,119,0.218163246056065,"C1",19,14,1.43525714065325,0.664541623386464,-0.457705547841481,-1.07837320995418,0.674876811452394,0.481789581340493,1.92811853567535,-0.877361727383215,1.47041298783387,-0.395572146042722
"Green endpoint as query",69,0.981532560195774,93,0.218806670745835,"C1",20,12,1.43681340501657,0.662049484811157,-0.458976922406167,-1.07724484928495,0.682397812998874,0.477126508420232,1.92811853567535,-0.877361727383215,1.46914161326918,-0.400235218962983
"Green endpoint as query",69,0.981532560195774,100,0.219203646527603,"C1",21,11,1.43779153477039,0.660543637713847,-0.45978702869217,-1.07653036876774,0.687029086177543,0.474250762330086,1.92811853567535,-0.877361727383215,1.46833150698318,-0.403110965053129
"Green endpoint as query",69,0.981532560195774,79,0.171784743200988,"C1",22,41,1.44004739609467,0.962588525015337,-0.509623822255052,-1.06544046584342,0.109528298860202,0.816615104122715,1.92811853567535,-0.877361727383215,1.4184947134203,-0.0607466232604995
"Green endpoint as query",69,0.981532560195774,35,0.171383886132389,"C1",23,42,1.44144746266022,0.965968781351785,-0.511235625904815,-1.06473516903045,0.104948181942527,0.819593692845403,1.92811853567535,-0.877361727383215,1.41688290977054,-0.0577680345378117
"Green endpoint as query",69,0.981532560195774,192,0.226031198399141,"C1",24,10,1.4567253335563,0.63867087449912,-0.476730167931526,-1.06208829645332,0.765582563821902,0.425004509290725,1.92811853567535,-0.877361727383215,1.45138836774383,-0.45235721809249
"Green endpoint as query",69,0.981532560195774,129,0.229000388411805,"C1",25,9,1.46617829653197,0.631707241616646,-0.485828240174252,-1.05456293717611,0.799075571923565,0.403763495328764,1.92811853567535,-0.877361727383215,1.4422902955011,-0.473598232054451
"Green endpoint as query",69,0.981532560195774,120,0.235670982860029,"C1",26,6,1.49001399994759,0.622251954235372,-0.509929790175323,-1.03499546359712,0.872770654767594,0.356607772828202,1.92811853567535,-0.877361727383215,1.41818874550003,-0.520753954555013
"Green endpoint as query",69,0.981532560195774,155,0.236761612351984,"C1",27,5,1.49424452976941,0.621559521337018,-0.514338468158762,-1.03145371547355,0.884609353905398,0.348987361858279,1.92811853567535,-0.877361727383215,1.41378006751659,-0.528374365524936
"Green endpoint as query",69,0.981532560195774,71,0.159138856688514,"C1",28,46,1.49783275005736,1.07580264283851,-0.568378675754882,-1.04188218049766,-0.0251623283403395,0.913398602629465,1.92811853567535,-0.877361727383215,1.35973985992047,0.0360368752462502
"Green endpoint as query",69,0.981532560195774,121,0.242982234340161,"C1",29,7,1.52010187113231,0.622383341056855,-0.541902120195314,-1.00946682133619,0.950960257853227,0.306109645965162,1.92811853567535,-0.877361727383215,1.38621641548004,-0.571252081418053
"Green endpoint as query",69,0.981532560195774,57,0.154509680345654,"C1",30,49,1.52584703258568,1.12078442401373,-0.593697038036186,-1.0331449710669,-0.0682855072319243,0.950621666142133,1.92811853567535,-0.877361727383215,1.33442149763917,0.0732599387589178
"Green endpoint as query",69,0.981532560195774,173,0.246118342736736,"C1",31,8,1.53421978947369,0.625920833981515,-0.557311329269277,-0.997256236054697,0.983632793094349,0.284922748618336,1.92811853567535,-0.877361727383215,1.37080720640607,-0.592438978764879
"Green endpoint as query",69,0.981532560195774,177,0.15237533999607,"C1",32,50,1.53994267494325,1.14219386655196,-0.606001541858446,-1.02921282420435,-0.0868192134021241,0.968178165449992,1.92811853567535,-0.877361727383215,1.32211699381691,0.0908164380667769
"Green endpoint as query",69,0.981532560195774,27,0.151617694413289,"C1",33,51,1.54512081273378,1.14989735030816,-0.61046184438735,-1.02783847079615,-0.0931798671860278,0.974474346913722,1.92811853567535,-0.877361727383215,1.317656691288,0.0971126195305069
"Green endpoint as query",69,0.981532560195774,39,0.147549621528015,"C1",34,53,1.57444787969289,1.1922038019046,-0.635211618981917,-1.02070840491396,-0.125262016316426,1.00888854904105,1.92811853567535,-0.877361727383215,1.29290691669343,0.131526821657832
"Green endpoint as query",69,0.981532560195774,186,0.145238904282451,"C1",35,54,1.5922194154556,1.21695481479777,-0.649849777192766,-1.01688946324236,-0.141843100787267,1.02891899017464,1.92811853567535,-0.877361727383215,1.27826875848259,0.151557262791422
"Green endpoint as query",69,0.981532560195774,51,0.259190891170874,"C1",36,13,1.60033276715054,0.66279634829452,-0.631741363745111,-0.938634130461276,1.11388147279517,0.200503986608791,1.92811853567535,-0.877361727383215,1.29637717193024,-0.676857740774424
"Green endpoint as query",69,0.981532560195774,154,0.141081128036603,"C1",37,57,1.62614776888569,1.26283644858226,-0.67718977247754,-1.01055747078848,-0.168446634331668,1.06591271121029,1.92811853567535,-0.877361727383215,1.25092876319781,0.188550983827074
"Green endpoint as query",69,0.981532560195774,153,0.264095493126661,"C1",38,15,1.62792526433751,0.685243326312621,-0.663625031491248,-0.91358558004222,1.16014811035113,0.170763678322486,1.92811853567535,-0.877361727383215,1.2644935041841,-0.706598049060729
"Green endpoint as query",69,0.981532560195774,53,0.266202436992899,"C1",39,17,1.64020583108389,0.696189888005451,-0.677939650819851,-0.902338718714129,1.17956756689471,0.158360948492048,1.92811853567535,-0.877361727383215,1.2501788848555,-0.719000778891167
"Green endpoint as query",69,0.981532560195774,4,0.266568574821576,"C1",40,18,1.64236515173639,0.698168331801006,-0.68046404772996,-0.900355035924347,1.18291380979088,0.156229636358655,1.92811853567535,-0.877361727383215,1.24765448794539,-0.72113209102456
"Green endpoint as query",69,0.981532560195774,128,0.26721472828649,"C1",41,19,1.64619382439887,0.701713712787821,-0.684945364333344,-0.896833320875487,1.18879853942623,0.15248600785886,1.92811853567535,-0.877361727383215,1.24317317134201,-0.724875719524355
"Green endpoint as query",69,0.981532560195774,20,0.138356370152906,"C1",42,59,1.64969814014027,1.29386187052919,-0.695769807423371,-1.0068559419695,-0.183484401772112,1.09086338057859,1.92811853567535,-0.877361727383215,1.23234872825198,0.213501653195373
"Green endpoint as query",69,0.981532560195774,68,0.135807921877131,"C1",43,60,1.67263885403201,1.32357926658898,-0.713597079397518,-1.00376781883086,-0.195726408419607,1.11473821286415,1.92811853567535,-0.877361727383215,1.21452145627783,0.237376485480934
"Green endpoint as query",69,0.981532560195774,152,0.272195026511326,"C1",44,22,1.67644790456573,0.731248887754965,-0.720586855522158,-0.868806315700241,1.23325918876744,0.124416717090441,1.92811853567535,-0.877361727383215,1.20753168015319,-0.752945010292773
"Green endpoint as query",69,0.981532560195774,148,0.273709014290944,"C1",45,24,1.6858957560463,0.74096092505125,-0.731797371691138,-0.859982414287611,1.24645563696353,0.116170991382301,1.92811853567535,-0.877361727383215,1.19632116398421,-0.761190736000913
"Green endpoint as query",69,0.981532560195774,6,0.133909621974453,"C1",46,62,1.69029020017881,1.3461609967989,-0.727146432116152,-1.00172760052424,-0.203650057367659,1.13287576351662,1.92811853567535,-0.877361727383215,1.2009721035592,0.255514036133404
"Green endpoint as query",69,0.981532560195774,109,0.133716177195311,"C1",47,64,1.692115661167,1.34848372796931,-0.728539735532466,-1.00153294283679,-0.204398656016416,1.13474147643782,1.92811853567535,-0.877361727383215,1.19957880014288,0.257379749054604
"Green endpoint as query",69,0.981532560195774,182,0.278659163974226,"C1",48,27,1.71754753936344,0.77488641091078,-0.76961791475157,-0.830174288659416,1.28853841642694,0.0902065136652239,1.92811853567535,-0.877361727383215,1.15850062092378,-0.787155213717991
"Green endpoint as query",69,0.981532560195774,81,0.278763446956873,"C1",49,28,1.71822634299733,0.775634853632127,-0.770433351766025,-0.829530857449976,1.2894071878733,0.0896765111693119,1.92811853567535,-0.877361727383215,1.15768518390933,-0.787685216213903
"Green endpoint as query",69,0.981532560195774,169,0.279957720311359,"C1",50,30,1.72603399985214,0.784299952198303,-0.779825423188794,-0.822117431515905,1.29930361441235,0.0836583789388639,1.92811853567535,-0.877361727383215,1.14829311248656,-0.793703348444351
"Green endpoint as query",69,0.981532560195774,84,0.124067442724481,"C1",51,66,1.78935765960391,1.46950878126161,-0.800759417747463,-0.995397657635616,-0.226998411782431,1.23216898723094,1.92811853567535,-0.877361727383215,1.12735911792789,0.354807259847727
"Green endpoint as query",69,0.981532560195774,1,0.934602960711345,"C3",52,61,1.79716894447103,1.34125678570501,-1.12465150728263,-1.05928365999003,0.555665886526702,-0.730841126625088,1.92811853567535,-0.877361727383215,0.803467028392718,-1.6082028540083
"Green endpoint as query",69,0.981532560195774,38,0.291781231062487,"C1",53,34,1.80637460681189,0.878305239490105,-0.877808532163009,-0.744459843945639,1.39188672928923,0.029534294939853,1.92811853567535,-0.877361727383215,1.05031000351234,-0.847827432443362
"Green endpoint as query",69,0.981532560195774,136,0.299166257958859,"C1",54,37,1.85890691666884,0.943175300759641,-0.943174485491226,-0.692272979245475,1.44454608755928,0.00124011346269493,1.92811853567535,-0.877361727383215,0.984944050184126,-0.87612161392052
"Green endpoint as query",69,0.981532560195774,43,0.299227858427912,"C1",55,38,1.85935132079095,0.943732390990334,-0.943731836089657,-0.691826526713739,1.44496801530619,0.001023403722475,1.92811853567535,-0.877361727383215,0.984386699585695,-0.87633832366074
"Green endpoint as query",69,0.981532560195774,78,0.300404587062076,"C1",56,39,1.86785839285877,0.954420124208971,-0.954415241518464,-0.683263788602477,1.45297205666953,-0.00305290882941134,1.92811853567535,-0.877361727383215,0.973703294156887,-0.880414636212626
"Green endpoint as query",69,0.981532560195774,189,0.116735716816038,"C1",57,74,1.8714852506156,1.56845751934204,-0.858774787666925,-0.996311769512001,-0.223071538352613,1.31246518203273,1.92811853567535,-0.877361727383215,1.06934374800843,0.435103454649516
"Green endpoint as query",69,0.981532560195774,63,0.301270701223984,"C1",58,40,1.87414094155494,0.962340988184525,-0.962322435371281,-0.676919934046808,1.45879522009175,-0.00597561051730677,1.92811853567535,-0.877361727383215,0.96579610030407,-0.883337337900522
"Green endpoint as query",69,0.981532560195774,158,0.115691552171484,"C1",59,75,1.88379106712618,1.58305530289491,-0.867225744569478,-0.996899347667714,-0.220899033905459,1.32438045892395,1.92811853567535,-0.877361727383215,1.06089279110587,0.447018731540734
"Green endpoint as query",69,0.981532560195774,26,0.113483893685043,"C1",60,78,1.91033709072842,1.61434143723228,-0.885232858757427,-0.998548753349792,-0.214918383185648,1.34998557834569,1.92811853567535,-0.877361727383215,1.04288567691792,0.47262385096247
"Green endpoint as query",69,0.981532560195774,160,0.309081808663905,"C1",61,45,1.93150469156805,1.0356237958537,-1.03521065605935,-0.618179698456741,1.50865754478175,-0.0292496858035516,1.92811853567535,-0.877361727383215,0.892907879616004,-0.906611413186766
"Green endpoint as query",69,0.981532560195774,123,0.928511262871325,"C3",62,67,1.96285021611439,1.48171691732636,-1.25244556069104,-1.14405057967337,0.590291638902499,-0.791748154779307,1.92811853567535,-0.877361727383215,0.67567297498431,-1.66910988216252
"Green endpoint as query",69,0.981532560195774,163,0.313827242003754,"C1",63,47,1.96685402998765,1.08151588438718,-1.080755655591,-0.581218985585644,1.53656196031649,-0.0405440635587969,1.92811853567535,-0.877361727383215,0.847362880084353,-0.917905790942012
"Green endpoint as query",69,0.981532560195774,21,0.314858996775001,"C1",64,48,1.97457785088865,1.09160760783412,-1.09077208721532,-0.573062395940284,1.54238452083061,-0.0427015600799541,1.92811853567535,-0.877361727383215,0.837346448460027,-0.920063287463169
"Green endpoint as query",69,0.981532560195774,132,0.927260796073824,"C3",65,69,1.99515313318085,1.50964446253689,-1.27817168807524,-1.1600950800035,0.596480533567314,-0.803307873153987,1.92811853567535,-0.877361727383215,0.649946847600106,-1.6806696005372
"Green endpoint as query",69,0.981532560195774,73,0.105687235482037,"C1",66,84,2.01028906157587,1.7295027268541,-0.950167860283539,-1.00915610317295,-0.178006708650589,1.44511616124101,1.92811853567535,-0.877361727383215,0.977950675391813,0.5677544338578
"Green endpoint as query",69,0.981532560195774,196,0.324936339398846,"C1",67,52,2.05048840478307,1.19188024260809,-1.19047410105243,-0.491282914281885,1.59454234298277,-0.0578785577129651,1.92811853567535,-0.877361727383215,0.73764443462292,-0.93524028509618
"Green endpoint as query",69,0.981532560195774,179,0.328140031779185,"C1",68,55,2.07472004200787,1.22427669249512,-1.22278778134647,-0.464533603196476,1.60929126152591,-0.060361093235425,1.92811853567535,-0.877361727383215,0.705330754328879,-0.93772282061864
"Green endpoint as query",69,0.981532560195774,88,0.328176378039643,"C1",69,56,2.07499503020497,1.22464537204101,-1.22315585245321,-0.464228185529133,1.60945341028381,-0.0603825129563579,1.92811853567535,-0.877361727383215,0.704962683222142,-0.937744240339573
"Green endpoint as query",69,0.981532560195774,112,0.92291100951843,"C3",70,76,2.10311428551592,1.60442142229962,-1.36632246353426,-1.21239046238769,0.615654906841945,-0.841029741433446,1.92811853567535,-0.877361727383215,0.561796072141096,-1.71839146881666
"Green endpoint as query",69,0.981532560195774,181,0.334354943595827,"C1",71,58,2.12172420432627,1.28763062076815,-1.28614844588591,-0.411706892831124,1.63530376935892,-0.061763991816037,1.92811853567535,-0.877361727383215,0.641970089789445,-0.939125719199252
"Green endpoint as query",69,0.981532560195774,5,0.096566071966663,"C1",72,87,2.14166419342394,1.8737517063414,-1.02818857765217,-1.0322558086015,-0.101133604629621,1.56645258651608,1.92811853567535,-0.877361727383215,0.899929958023181,0.68909085913287
"Green endpoint as query",69,0.981532560195774,193,0.340148094110191,"C1",73,63,2.16541925695701,1.34713464637465,-1.34584907389757,-0.361444417673,1.65638966909068,-0.0588389815685091,1.92811853567535,-0.877361727383215,0.582269461777785,-0.936200708951724
"Green endpoint as query",69,0.981532560195774,118,0.919530816143379,"C3",74,81,2.18238727769224,1.6755572063336,-1.43339330310123,-1.24932504400933,0.628099683607274,-0.867684038300247,1.92811853567535,-0.877361727383215,0.494725232574123,-1.74504576568346
"Green endpoint as query",69,0.981532560195774,108,0.0936737225856632,"C1",75,88,2.18723602693772,1.92170729483163,-1.05325253955115,-1.04227480507889,-0.0685984053963929,1.60736368471425,1.92811853567535,-0.877361727383215,0.874865996124201,0.730001957331032
"Green endpoint as query",69,0.981532560195774,176,0.0934528792276978,"C1",76,89,2.19080280024088,1.92541359957993,-1.0551709772622,-1.04309660804094,-0.0659457837123693,1.61053771709664,1.92811853567535,-0.877361727383215,0.872947558413148,0.733175989713429
"Green endpoint as query",69,0.981532560195774,97,0.345781859476119,"C1",77,65,2.20769225489827,1.40528367827844,-1.40432541418982,-0.311717429910703,1.6738922067421,-0.0518878357263766,1.92811853567535,-0.877361727383215,0.523793121485532,-0.929249563109591
"Green endpoint as query",69,0.981532560195774,44,0.917331561213359,"C3",78,83,2.23184695112814,1.72067362621565,-1.47636230806814,-1.27165135846523,0.635079450005594,-0.883782814536367,1.92811853567535,-0.877361727383215,0.451756227607209,-1.76114454191958
"Green endpoint as query",69,0.981532560195774,198,0.916579271433875,"C3",79,85,2.24838837522446,1.73589698924048,-1.49093971679937,-1.27898403868878,0.637268983530221,-0.889065305882757,1.92811853567535,-0.877361727383215,0.437178818875983,-1.76642703326597
"Green endpoint as query",69,0.981532560195774,113,0.0888825617730618,"C1",80,90,2.26761523165735,2.00355682768235,-1.09498825745843,-1.06198310462775,-0.00554640217297964,1.67786789640326,1.92811853567535,-0.877361727383215,0.83313027821692,0.800506169020044
"Green endpoint as query",69,0.981532560195774,82,0.353854389162734,"C1",81,68,2.26771665736208,1.4889037590282,-1.48850377907401,-0.239192795749649,1.69366207989983,-0.0345094672614501,1.92811853567535,-0.877361727383215,0.439614756601337,-0.911871194644665
"Green endpoint as query",69,0.981532560195774,194,0.356579177780077,"C1",82,70,2.28780171751932,1.51717956897693,-1.51694653645209,-0.214416205052504,1.69889038645058,-0.0265904130662789,1.92811853567535,-0.877361727383215,0.411171999223261,-0.903952140449494
"Green endpoint as query",69,0.981532560195774,50,0.358126984676346,"C1",83,71,2.29916773110729,1.53324983657948,-1.53309744374904,-0.200282234930915,1.70152996469798,-0.0216168763047071,1.92811853567535,-0.877361727383215,0.395021091926314,-0.898978603687922
"Green endpoint as query",69,0.981532560195774,95,0.358234190614894,"C1",84,72,2.29995378933805,1.53436311736878,-1.53421582866286,-0.199301736519935,1.70170387405358,-0.0212595160333537,1.92811853567535,-0.877361727383215,0.393902707012487,-0.898621243416569
"Green endpoint as query",69,0.981532560195774,70,0.358425584156066,"C1",85,73,2.3013567444343,1.53635070859778,-1.53621236302322,-0.197550778314808,1.70201147332548,-0.0206173592754304,1.92811853567535,-0.877361727383215,0.391906172652128,-0.897979086658645
"Green endpoint as query",69,0.981532560195774,61,0.365110938902944,"C1",86,77,2.35004431142415,1.60582555232205,-1.60581707586039,-0.13602689652759,1.7104178567203,0.00521760151620343,1.92811853567535,-0.877361727383215,0.322301459814956,-0.872144125867011
"Green endpoint as query",69,0.981532560195774,161,0.909715083660558,"C3",87,86,2.39066733532935,1.86993334012472,-1.62111579577835,-1.3388706432751,0.652736556565413,-0.932005511350612,1.92811853567535,-0.877361727383215,0.307002739897005,-1.80936723873383
"Green endpoint as query",69,0.981532560195774,99,0.371035319520161,"C1",88,79,2.39266528742536,1.66747742855177,-1.6671347545047,-0.080997938491629,1.71400278205164,0.0338036248375654,1.92811853567535,-0.877361727383215,0.260983781170648,-0.843558102545649
"Green endpoint as query",69,0.981532560195774,199,0.371524909744039,"C1",89,80,2.39616564550227,1.67257683204349,-1.67218043844808,-0.0764325124717512,1.71413377909484,0.0364120908517928,1.92811853567535,-0.877361727383215,0.255938097227268,-0.840949636531422
"Green endpoint as query",69,0.981532560195774,145,0.371972574153915,"C1",90,82,2.3993633941674,1.67724026267636,-1.67679071064621,-0.0722559074722502,1.71423128030123,0.038830547681411,1.92811853567535,-0.877361727383215,0.251327825029143,-0.838531179701804
"Green endpoint as query",69,0.981532560195774,168,0.0761853891890496,"C1",91,93,2.51678661681865,2.23554168970192,-1.20598879202566,-1.13486857383708,0.220548290220407,1.88234897930852,1.92811853567535,-0.877361727383215,0.722129743649689,1.0049872519253
"Green endpoint as query",69,0.981532560195774,19,0.897089458769187,"C3",92,91,2.61385520305032,2.09420436383131,-1.84732065765517,-1.41741327243865,0.661427789057782,-0.986457452346818,1.92811853567535,-0.877361727383215,0.080797878020178,-1.86381917973003
"Green endpoint as query",69,0.981532560195774,150,0.0687518047634512,"C1",93,96,2.69329143153147,2.38199480745918,-1.27048635014848,-1.19301354709383,0.395775376759272,2.01488552946535,1.92811853567535,-0.877361727383215,0.657632185526867,1.13752380208214
"Green endpoint as query",69,0.981532560195774,94,0.891306948848069,"C3",94,92,2.70061658502912,2.18765274412805,-1.94525354263995,-1.44048417779626,0.65765549033062,-1.0009061812866,1.92811853567535,-0.877361727383215,-0.0171350069645946,-1.87826790866982
"Green endpoint as query",69,0.981532560195774,117,0.883076469646767,"C3",95,94,2.80874577350382,2.31106837523288,-2.07856791435084,-1.46022510249717,0.644793327517543,-1.01024376287743,1.92811853567535,-0.877361727383215,-0.15044937867549,-1.88760549026064
"Green endpoint as query",69,0.981532560195774,74,0.0638794819824398,"C1",96,99,2.82400963159011,2.48246301991615,-1.31226227774041,-1.2379491120522,0.529046075528092,2.10727083206473,1.92811853567535,-0.877361727383215,0.615856257934943,1.22990910468152
"Green endpoint as query",69,0.981532560195774,72,0.0629803079646081,"C1",97,100,2.84956576150812,2.501402265367,-1.31991487223551,-1.24686108903328,0.555291959811165,2.12481482092785,1.92811853567535,-0.877361727383215,0.608203663439842,1.24745309354464
"Green endpoint as query",69,0.981532560195774,60,0.878982509952039,"C3",98,95,2.85622736035609,2.36840266981458,-2.14224081153846,-1.46457722501209,0.63538734614233,-1.01001757992812,1.92811853567535,-0.877361727383215,-0.214122275863111,-1.88737930731133
"Green endpoint as query",69,0.981532560195774,184,0.4400251689367,"C2",99,97,2.90141795286826,2.43560522259681,-2.30259039066747,0.557524849733695,1.47486249488378,0.793883047524434,1.92811853567535,-0.877361727383215,-0.374471854992117,-0.0834786798587808
"Green endpoint as query",69,0.981532560195774,64,0.0611295851413161,"C1",100,103,2.90364651578001,2.54078072045245,-1.3356020202384,-1.26582757940035,0.610963958354301,2.16141942088017,1.92811853567535,-0.877361727383215,0.59251651543695,1.28405769349695
"Green endpoint as query",69,0.981532560195774,183,0.440978627186269,"C2",101,98,2.90983749553203,2.44767147441195,-2.31010214491421,0.565824345031236,1.46829881642809,0.809026406684455,1.92811853567535,-0.877361727383215,-0.381983609238858,-0.0683353206987599
"Green endpoint as query",69,0.981532560195774,110,0.44627738231793,"C2",102,101,2.95787019224844,2.51566551310092,-2.3512399134492,0.611425129285627,1.43058813488178,0.894563493112003,1.92811853567535,-0.877361727383215,-0.423121377773845,0.0172017657287886
"Green endpoint as query",69,0.981532560195774,90,0.446737228427082,"C2",103,102,2.96213897242174,2.52164010190153,-2.35476176922743,0.615338849878558,1.42721988083542,0.902089692715128,1.92811853567535,-0.877361727383215,-0.42664323355208,0.0247279653319133
"Green endpoint as query",69,0.981532560195774,137,0.86330534121953,"C3",104,104,3.0033407240356,2.56450950482637,-2.3700324763829,-1.45014818572571,0.583452434858536,-0.979619855472063,1.92811853567535,-0.877361727383215,-0.44191394070755,-1.85698158285528
"Green endpoint as query",69,0.981532560195774,65,0.452645275276154,"C2",105,105,3.0184199135163,2.5994115614892,-2.39933400144519,0.664954401841714,1.38266190798017,1.00006840541672,1.92811853567535,-0.877361727383215,-0.471215465769839,0.122706678033504
"Green endpoint as query",69,0.981532560195774,25,0.454613883746788,"C2",106,106,3.03776353764797,2.62572761214207,-2.4139098476839,0.68119783539845,1.36730805839308,1.03319153133386,1.92811853567535,-0.877361727383215,-0.485791312008544,0.155829803950648
"Green endpoint as query",69,0.981532560195774,180,0.855659369379282,"C3",107,107,3.05741362665038,2.64755917707715,-2.47200734920906,-1.42662450694321,0.550409851375338,-0.948023871841763,1.92811853567535,-0.877361727383215,-0.54388881353371,-1.82538559922498
"Green endpoint as query",69,0.981532560195774,76,0.854919226141647,"C3",108,108,3.06210362430771,2.65518939597351,-2.4815643091968,-1.42381641814605,0.546986914766725,-0.944388324689999,1.92811853567535,-0.877361727383215,-0.553445773521446,-1.82175005207321
"Green endpoint as query",69,0.981532560195774,17,0.460400955285877,"C2",109,109,3.09630599190663,2.70416687837298,-2.45597209002254,0.728046814384507,1.32081040482425,1.13168882610008,1.92811853567535,-0.877361727383215,-0.527853554347189,0.254327098716861
"Green endpoint as query",69,0.981532560195774,187,0.84270612988621,"C3",110,111,3.12718983008477,2.77136405829649,-2.63131902029775,-1.36488286695811,0.485749162894001,-0.869838466059579,1.92811853567535,-0.877361727383215,-0.703200484622403,-1.74720019344279
"Green endpoint as query",69,0.981532560195774,107,0.840139389270917,"C3",111,114,3.13820475771004,2.79357921241411,-2.66089914248387,-1.34964540347562,0.471912672174475,-0.850705924253995,1.92811853567535,-0.877361727383215,-0.732780606808518,-1.72806765163721
"Green endpoint as query",69,0.981532560195774,139,0.83842443744652,"C3",112,115,3.14510807492144,2.80802478354654,-2.68029908936658,-1.3389473576459,0.46251658497567,-0.837257413554675,1.92811853567535,-0.877361727383215,-0.752180553691228,-1.71461914093789
"Green endpoint as query",69,0.981532560195774,92,0.465251622954383,"C2",113,110,3.14724226128128,2.7710432554691,-2.49033816426914,0.766209508728871,1.28038123863463,1.21527632712293,1.92811853567535,-0.877361727383215,-0.562219628593794,0.337914599739711
"Green endpoint as query",69,0.981532560195774,14,0.465288266539574,"C2",114,112,3.14763328412551,2.77155201800365,-2.49059472787874,0.76649376155089,1.28007109815751,1.21591056001777,1.92811853567535,-0.877361727383215,-0.56247619220339,0.338548832634557
"Green endpoint as query",69,0.981532560195774,115,0.46615297649987,"C2",115,113,3.15688701212838,2.78357226538275,-2.49663590093492,0.773183453303976,1.27273264995983,1.23088737696465,1.92811853567535,-0.877361727383215,-0.568517365259565,0.35352564958144
"Green endpoint as query",69,0.981532560195774,167,0.83509817160666,"C3",116,118,3.15751866002085,2.83516715045251,-2.7170984316476,-1.3170532320975,0.443984347918244,-0.809659733309686,1.92811853567535,-0.877361727383215,-0.788979895972254,-1.6870214606929
"Green endpoint as query",69,0.981532560195774,47,0.830173080321401,"C3",117,119,3.17372323336757,2.8733368382287,-2.76958737490166,-1.2819777777067,0.415917724509495,-0.76514727909561,1.92811853567535,-0.877361727383215,-0.841468839226314,-1.64250900647882
"Green endpoint as query",69,0.981532560195774,190,0.818037616787478,"C3",118,122,3.20469807378674,2.9582380956811,-2.88882678919745,-1.18322405157372,0.344815830800932,-0.637065469754948,1.92811853567535,-0.877361727383215,-0.960708253522104,-1.51442719713816
"Green endpoint as query",69,0.981532560195774,75,0.811134418938309,"C3",119,124,3.21821889549783,3.00163167862216,-2.9503139853822,-1.12012704714611,0.304064998779764,-0.552666374738229,1.92811853567535,-0.877361727383215,-1.02219544970685,-1.43002810212144
"Green endpoint as query",69,0.981532560195774,58,0.810300270095468,"C3",120,125,3.21971620116632,3.00667348158343,-2.95743506719425,-1.11219963473607,0.299163774024829,-0.541907047552231,1.92811853567535,-0.877361727383215,-1.0293165315189,-1.41926877493545
"Green endpoint as query",69,0.981532560195774,80,0.808894120389596,"C3",121,126,3.22218821890792,3.0150833673132,-2.96928920197539,-1.09869649663288,0.290921320131187,-0.523497227195203,1.92811853567535,-0.877361727383215,-1.04117066630004,-1.40085895457842
"Green endpoint as query",69,0.981532560195774,55,0.807724132435396,"C3",122,129,3.22420048028521,3.0219988003273,-2.97900905948219,-1.08733052516051,0.284085052309932,-0.507919061172784,1.92811853567535,-0.877361727383215,-1.05089052380684,-1.385280788556
"Green endpoint as query",69,0.981532560195774,101,0.807401564205065,"C3",123,130,3.22474885003167,3.02389275843056,-2.98166597100371,-1.08417642920711,0.282204184312608,-0.503582616704821,1.92811853567535,-0.877361727383215,-1.05354743532836,-1.38094434408804
"Green endpoint as query",69,0.981532560195774,12,0.806193429743871,"C3",124,131,3.22678057888213,3.0309394155307,-2.99152930588288,-1.07228599710241,0.275176132779446,-0.487181847631296,1.92811853567535,-0.877361727383215,-1.06341077020753,-1.36454357501451
"Green endpoint as query",69,0.981532560195774,59,0.473336021881551,"C2",125,120,3.23563031331042,2.88439624430854,-2.54585163087057,0.827364334354023,1.21038427305999,1.35586915584613,1.92811853567535,-0.877361727383215,-0.617733095195218,0.478507428462911
"Green endpoint as query",69,0.981532560195774,157,0.800109896808863,"C3",126,132,3.23665158053149,3.06541196869984,-3.03909792304273,-1.01065705907039,0.240281553307645,-0.400792155618871,1.92811853567535,-0.877361727383215,-1.11097938736737,-1.27815388300209
"Green endpoint as query",69,0.981532560195774,178,0.476137351477519,"C2",127,121,3.26718289086907,2.92411488771017,-2.56458353989222,0.847789764986782,1.18544872526946,1.40476302038534,1.92811853567535,-0.877361727383215,-0.636465004216873,0.527401293002123
"Green endpoint as query",69,0.981532560195774,165,0.779620272573084,"C3",128,141,3.27315632144479,3.1749455754843,-3.17424314059619,-0.784895294414344,0.131195556833509,-0.0667824203319353,1.92811853567535,-0.877361727383215,-1.24612460492084,-0.94414414771515
"Green endpoint as query",69,0.981532560195774,31,0.777791964821517,"C3",129,142,3.27722054621177,3.18467894741427,-3.18449541749919,-0.763590580965342,0.122163558682064,-0.0341896772485207,1.92811853567535,-0.877361727383215,-1.25637688182384,-0.911551404631736
"Green endpoint as query",69,0.981532560195774,159,0.775464338017628,"C3",130,144,3.28269044103564,3.19714427876431,-3.19713458958239,-0.736232939948257,0.11084245832062,0.00787117089332967,1.92811853567535,-0.877361727383215,-1.26901605390704,-0.869490556489885
"Green endpoint as query",69,0.981532560195774,42,0.0483221001923084,"C1",131,116,3.33809265471367,2.82844185276488,-1.44121725921478,-1.42129476393788,1.05957559946616,2.43371652544282,1.92811853567535,-0.877361727383215,0.486901276460568,1.55635479805961
"Green endpoint as query",69,0.981532560195774,127,0.756396918790415,"C3",132,148,3.34321685050095,3.30493029992538,-3.28386117840907,-0.503841995029316,0.0260358628337466,0.372585625464389,1.92811853567535,-0.877361727383215,-1.35574264273372,-0.504776101918826
"Green endpoint as query",69,0.981532560195774,151,0.482838751748204,"C2",133,127,3.34432500351088,3.01976033420491,-2.60836508970741,0.894934304931528,1.12456651334077,1.52163860191341,1.92811853567535,-0.877361727383215,-0.680246554032059,0.6442768745302
"Green endpoint as query",69,0.981532560195774,18,0.482846714323387,"C2",134,128,3.34441791769599,3.01987436653067,-2.60841625784331,0.894988826808712,1.12449322739825,1.52177718981713,1.92811853567535,-0.877361727383215,-0.680297722167962,0.644415462433915
"Green endpoint as query",69,0.981532560195774,164,0.0480910493060946,"C1",135,117,3.34698055550988,2.83388280959005,-1.44306627351598,-1.42450668777067,1.06872248828585,2.43894475311162,1.92811853567535,-0.877361727383215,0.485052262159372,1.5615830257284
"Green endpoint as query",69,0.981532560195774,195,0.754153728717938,"C3",136,149,3.35249085541849,3.31852253259472,-3.29216678316302,-0.475723370242958,0.0170414591620879,0.417408278759482,1.92811853567535,-0.877361727383215,-1.36404824748767,-0.459953448623733
"Green endpoint as query",69,0.981532560195774,146,0.751868466846645,"C3",137,150,3.36245426062792,3.33260687129016,-3.30023309223863,-0.446950159189448,0.00810255792618053,0.463389787828162,1.92811853567535,-0.877361727383215,-1.37211455656328,-0.413971939555053
"Green endpoint as query",69,0.981532560195774,156,0.747640934074298,"C3",138,151,3.38228554814079,3.35931708732899,-3.31411943174963,-0.393424697238806,-0.00782582545784116,0.549202772498479,1.92811853567535,-0.877361727383215,-1.38600089607428,-0.328158954884736
"Green endpoint as query",69,0.981532560195774,171,0.74635539832525,"C3",139,153,3.3886811124841,3.36761236078651,-3.31807905093003,-0.37708110509079,-0.0125103864026488,0.575468873442629,1.92811853567535,-0.877361727383215,-1.38996051525468,-0.301892853940586
"Green endpoint as query",69,0.981532560195774,49,0.487459625350311,"C2",140,133,3.39867378165123,3.08601997492902,-2.63772391860784,0.925952431759198,1.08170064368188,1.60185261958303,1.92811853567535,-0.877361727383215,-0.709605382932484,0.724490892199815
"Green endpoint as query",69,0.981532560195774,102,0.488820852711797,"C2",141,135,3.41483217238293,3.10555624036377,-2.64624544464113,0.934846936256692,1.06895294997053,1.62538137333316,1.92811853567535,-0.877361727383215,-0.71812690896578,0.748019645949944
"Green endpoint as query",69,0.981532560195774,143,0.48894941364415,"C2",142,136,3.41636135279685,3.10740138872913,-2.64704729480501,0.93568113902952,1.06774636888757,1.62760069112212,1.92811853567535,-0.877361727383215,-0.718928759129661,0.750238963738908
"Green endpoint as query",69,0.981532560195774,103,0.489239622838795,"C2",143,137,3.41981517065235,3.11156652881443,-2.64885548846865,0.937560513648766,1.06502104271812,1.63260860724418,1.92811853567535,-0.877361727383215,-0.720736952793297,0.755246879860963
"Green endpoint as query",69,0.981532560195774,166,0.491361290216446,"C2",144,138,3.44514084060958,3.14201147917107,-2.66199613296288,0.951141965103524,1.04503025727122,1.66913532205554,1.92811853567535,-0.877361727383215,-0.733877597287528,0.791773594672326
"Green endpoint as query",69,0.981532560195774,48,0.49288191832602,"C2",145,140,3.46336619686348,3.16381876838868,-2.67132944911266,0.960702301261056,1.03063441758942,1.6952133120973,1.92811853567535,-0.877361727383215,-0.743210913437304,0.817851584714089
"Green endpoint as query",69,0.981532560195774,11,0.729925628518686,"C3",146,156,3.4854886640414,3.48089125787284,-3.35829283822404,-0.166524737981878,-0.0655499021024185,0.915681801647619,1.92811853567535,-0.877361727383215,-1.43017430254869,0.0383200742644046
"Green endpoint as query",69,0.981532560195774,23,0.729390932014212,"C3",147,157,3.48909937153767,3.48479991974261,-3.35928832916316,-0.159648117712877,-0.0670553676985062,0.926829219536309,1.92811853567535,-0.877361727383215,-1.43116979348781,0.0494674921530946
"Green endpoint as query",69,0.981532560195774,15,0.496334829134867,"C2",148,145,3.50493726462486,3.21325721478844,-2.69226245592585,0.981859596367441,0.997754996773853,1.75406522022474,1.92811853567535,-0.877361727383215,-0.764143920250504,0.876703492841526
"Green endpoint as query",69,0.981532560195774,91,0.726764942752197,"C3",149,159,3.50723391735939,3.50418780430026,-3.36390118042606,-0.125881256746095,-0.0742394266508344,0.981580876002986,1.92811853567535,-0.877361727383215,-1.43578264475071,0.104219148619771
"Green endpoint as query",69,0.981532560195774,172,0.722740790341049,"C3",150,160,3.53628350140753,3.53449379709136,-3.37009192747127,-0.0741859578628304,-0.0845638475102849,1.06542329713136,1.92811853567535,-0.877361727383215,-1.44197339179592,0.188061569748143
"Green endpoint as query",69,0.981532560195774,37,0.722593151964247,"C3",151,161,3.53737740724593,3.53561880867233,-3.37029911220237,-0.0722912216111681,-0.0849266762236628,1.06849625854537,1.92811853567535,-0.877361727383215,-1.44218057652702,0.191134531162159
"Green endpoint as query",69,0.981532560195774,106,0.719899991992861,"C3",152,162,3.55766941884811,3.55629610951318,-3.37383415352156,-0.0377602711325392,-0.091344606805449,1.12449327391054,1.92811853567535,-0.877361727383215,-1.44571561784621,0.247131546527329
"Green endpoint as query",69,0.981532560195774,191,0.71833058539778,"C3",153,163,3.56978200649013,3.56847640241518,-3.3756824030439,-0.0176708181698005,-0.0949077523278812,1.15706186021913,1.92811853567535,-0.877361727383215,-1.44756386736855,0.279700132835913
"Green endpoint as query",69,0.981532560195774,124,0.501775671029463,"C2",154,147,3.57078146481957,3.29076811695451,-2.72452425895457,1.01359006481425,0.945494923542441,1.84556830324223,1.92811853567535,-0.877361727383215,-0.796405723279218,0.968206575859011
"Green endpoint as query",69,0.981532560195774,29,0.717225887347013,"C3",155,164,3.57843085697868,3.57710501979983,-3.37689088791389,-0.00354722578590588,-0.0973370057544483,1.17995264896575,1.92811853567535,-0.877361727383215,-1.44877235223854,0.302590921582533
"Green endpoint as query",69,0.981532560195774,188,0.0419193957932293,"C1",156,123,3.59953986338744,2.98266615671401,-1.49156343920057,-1.51595918269826,1.32750050173286,2.58293165013078,1.92811853567535,-0.877361727383215,0.436555096474782,1.70556992274756
"Green endpoint as query",69,0.981532560195774,62,0.71370889688842,"C3",157,166,3.60661338591081,3.60485866882311,-3.38023585025735,0.0413054320530641,-0.104632473567449,1.252601939494,1.92811853567535,-0.877361727383215,-1.45211731458199,0.375240212110785
"Green endpoint as query",69,0.981532560195774,135,0.708617713302374,"C3",158,169,3.6490250102221,3.64570752034838,-3.38375060793023,0.105859395976262,-0.113991182050012,1.35698752656632,1.92811853567535,-0.877361727383215,-1.45563207225488,0.479625799183108
"Green endpoint as query",69,0.981532560195774,125,0.707239287206903,"C3",159,170,3.66080699771389,3.65688366809368,-3.3844378324795,0.123245901690269,-0.116276223955085,1.38505549349177,1.92811853567535,-0.877361727383215,-1.45631929680415,0.507693766108556
"Green endpoint as query",69,0.981532560195774,22,0.51057206466794,"C2",160,154,3.67725500300359,3.41432126554436,-2.77485836226127,1.06049308499997,0.860214548489932,1.98940965458025,1.92811853567535,-0.877361727383215,-0.846739826585923,1.11204792719704
"Green endpoint as query",69,0.981532560195774,114,0.702851514099166,"C3",161,171,3.69906164950869,3.69272043789574,-3.38589293366677,0.178284509684306,-0.122831136197791,1.47374125076228,1.92811853567535,-0.877361727383215,-1.45777439799142,0.596379523379067
"Green endpoint as query",69,0.981532560195774,66,0.702297183917835,"C3",162,172,3.70396929441056,3.69727151634082,-3.38599856579231,0.185201784780307,-0.123580610555566,1.48486712469419,1.92811853567535,-0.877361727383215,-1.45788003011696,0.607505397310975
"Green endpoint as query",69,0.981532560195774,141,0.512845787452534,"C2",163,155,3.70461336160788,3.44575970509874,-2.78751084887329,1.07168880904284,0.838083116578429,2.02559700155185,1.92811853567535,-0.877361727383215,-0.859392313197938,1.14823527416863
"Green endpoint as query",69,0.981532560195774,111,0.702215530676767,"C3",164,173,3.70469350970807,3.69794226931446,-3.38601265992822,0.186219977080914,-0.123689505724994,1.48650438747702,1.92811853567535,-0.877361727383215,-1.45789412425287,0.60914266009381
"Green endpoint as query",69,0.981532560195774,33,0.0376187835354358,"C1",165,134,3.79362541814296,3.09037611751758,-1.5242433647993,-1.58633584581057,1.52469926534835,2.6883278655306,1.92811853567535,-0.877361727383215,0.403875170876049,1.81096613814739
"Green endpoint as query",69,0.981532560195774,140,0.688260046532378,"C3",166,179,3.83224980546865,3.81314167328538,-3.38307653166409,0.357012124490897,-0.136497230504566,1.75921647373179,1.92811853567535,-0.877361727383215,-1.45495799598874,0.88185474634857
"Green endpoint as query",69,0.981532560195774,116,0.524440453154966,"C2",167,165,3.84155329033357,3.60160606250051,-2.84981986985626,1.12246422368727,0.725285819228812,2.20229265512394,1.92811853567535,-0.877361727383215,-0.921701334180911,1.32493092774073
"Green endpoint as query",69,0.981532560195774,197,0.526243726024404,"C2",168,167,3.86230211363144,3.62503694175992,-2.85918619954302,1.1293717689009,0.707816498428372,2.22844050974373,1.92811853567535,-0.877361727383215,-0.931067663867664,1.35107878236051
"Green endpoint as query",69,0.981532560195774,86,0.526823487365618,"C2",169,168,3.86893320818632,3.6325169908896,-2.86217937717556,1.1315339463797,0.702207525234309,2.23676304108694,1.92811853567535,-0.877361727383215,-0.934060841500214,1.35940131370373
"Green endpoint as query",69,0.981532560195774,122,0.0355256006587297,"C1",170,139,3.89374378785563,3.1440357578826,-1.53978403857237,-1.62263545181463,1.62583333375047,2.74117236988158,1.92811853567535,-0.877361727383215,0.388334497102985,1.86381064249837
"Green endpoint as query",69,0.981532560195774,104,0.675086630042642,"C3",171,183,3.95523089100044,3.91970989580374,-3.37117814627845,0.510693368311641,-0.137542783979595,1.99982088530857,1.92811853567535,-0.877361727383215,-1.4430596106031,1.12245915792536
"Green endpoint as query",69,0.981532560195774,36,0.033667185343802,"C1",172,143,3.98583049838978,3.19236869975017,-1.55336903679686,-1.6560117179487,1.71850284747106,2.788953665923,1.92811853567535,-0.877361727383215,0.374749498878491,1.91159193853979
"Green endpoint as query",69,0.981532560195774,41,0.537454262608662,"C2",173,175,3.98641805200768,3.76453809321908,-2.91553088235191,1.16595770023004,0.600270331891779,2.38147574611833,1.92811853567535,-0.877361727383215,-0.987412346676558,1.50411401873511
"Green endpoint as query",69,0.981532560195774,3,0.539774174569175,"C2",174,177,4.01084390951921,3.79190830510418,-2.9267956351776,1.17210985068783,0.578324104745665,2.41089939736676,1.92811853567535,-0.877361727383215,-0.998677099502247,1.53353766998355
"Green endpoint as query",69,0.981532560195774,144,0.540380778256804,"C2",175,178,4.01714860579359,3.79897133050154,-2.92971928057922,1.17363557413486,0.57260744859096,2.41845572772689,1.92811853567535,-0.877361727383215,-1.00160074490387,1.54109400034368
"Green endpoint as query",69,0.981532560195774,147,0.54270679387264,"C2",176,180,4.04099291653985,3.82568191711943,-2.94084684015347,1.17916349936733,0.55077678083815,2.44688822665319,1.92811853567535,-0.877361727383215,-1.01272830447811,1.56952649926997
"Green endpoint as query",69,0.981532560195774,32,0.54650466889143,"C2",177,181,4.07872957699341,3.86796947054353,-2.95873554615349,1.18707331617267,0.515464915600323,2.49139956510083,1.92811853567535,-0.877361727383215,-1.03061701047814,1.61403783771761
"Green endpoint as query",69,0.981532560195774,138,0.659891549265012,"C3",178,187,4.09151758150547,4.03340204625311,-3.34761653401107,0.675770755659883,-0.124571019279889,2.24984346298459,1.92811853567535,-0.877361727383215,-1.41949799833572,1.37248173560138
"Green endpoint as query",69,0.981532560195774,40,0.550399734638631,"C2",179,182,4.11576289606028,3.9095277010834,-2.97672734801237,1.19371565656301,0.479729405315519,2.5344626927879,1.92811853567535,-0.877361727383215,-1.04860881233701,1.65710096540468
"Green endpoint as query",69,0.981532560195774,13,0.0309129566885531,"C1",180,146,4.1279662405899,3.26521613739534,-1.57311728943707,-1.70749777571476,1.8608923143138,2.86128265251462,1.92811853567535,-0.877361727383215,0.355001246238283,1.9839209251314
"Green endpoint as query",69,0.981532560195774,175,0.55659376992844,"C2",181,186,4.17080738528935,3.97153932159188,-3.00461677118127,1.20112050552423,0.424050932604694,2.59719129855441,1.92811853567535,-0.877361727383215,-1.07649823550591,1.71982957117119
"Green endpoint as query",69,0.981532560195774,2,0.640336565673351,"C3",182,190,4.24209029594116,4.15243114122938,-3.30387739272611,0.863475500213744,-0.0839985523520229,2.51536847330264,1.92811853567535,-0.877361727383215,-1.37575885705076,1.63800674591942
"Green endpoint as query",69,0.981532560195774,170,0.63283795514144,"C3",183,191,4.2882566875439,4.1865046384795,-3.28364984892781,0.926614453595802,-0.0609096432590437,2.59701073498874,1.92811853567535,-0.877361727383215,-1.35553131325246,1.71964900760552
"Green endpoint as query",69,0.981532560195774,9,0.579310150118545,"C3",184,188,4.32356824186107,4.14909323071616,-3.09976628555192,1.19279483056661,0.235601776369638,2.75797454885471,1.92811853567535,-0.877361727383215,-1.17164774987657,1.8806128214715
"Green endpoint as query",69,0.981532560195774,133,0.625687938183546,"C3",185,194,4.3246344841257,4.21160523479723,-3.26280871427727,0.981647134267035,-0.0348377855648404,2.66302421089402,1.92811853567535,-0.877361727383215,-1.33469017860192,1.7856624835108
"Green endpoint as query",69,0.981532560195774,30,0.579665700439364,"C3",186,189,4.32525426328961,4.1511752635246,-3.10117144159495,1.19219573702887,0.232889884315632,2.7595274519987,1.92811853567535,-0.877361727383215,-1.1730529059196,1.88216572461549
"Green endpoint as query",69,0.981532560195774,28,0.0271460183430463,"C1",187,152,4.33360976803545,3.36725082290847,-1.59934049354581,-1.78190919916954,2.06557379997653,2.96318883807334,1.92811853567535,-0.877361727383215,0.32877804212954,2.08582711069012
"Green endpoint as query",69,0.981532560195774,10,0.622002283344045,"C3",188,196,4.34014886109006,4.22144505330424,-3.2515201261583,1.00791917856279,-0.0198173620814271,2.69225095547467,1.92811853567535,-0.877361727383215,-1.32340159048295,1.81488922809146
"Green endpoint as query",69,0.981532560195774,54,0.589536999119446,"C3",189,192,4.36223461284506,4.19947043021838,-3.13921787971802,1.16943954405771,0.161090272887567,2.78941983178174,1.92811853567535,-0.877361727383215,-1.21109934404267,1.91205810439853
"Green endpoint as query",69,0.981532560195774,131,0.59024479938671,"C3",190,193,4.36413173803478,4.20220756895086,-3.14187601144908,1.16734495740298,0.156214995440241,2.79054897488447,1.92811853567535,-0.877361727383215,-1.21375747577373,1.91318724750126
"Green endpoint as query",69,0.981532560195774,87,0.594782846281305,"C3",191,195,4.37379233897718,4.21736570757936,-3.1587038293572,1.15240553655309,0.125886426396703,2.79441650973338,1.92811853567535,-0.877361727383215,-1.23058529368185,1.91705478235016
"Green endpoint as query",69,0.981532560195774,126,0.599933189572766,"C3",192,197,4.37937632701966,4.22945026123896,-3.17736286345257,1.13223006041988,0.0935018269742426,2.79152552312294,1.92811853567535,-0.877361727383215,-1.24924432777722,1.91416379573972
"Green endpoint as query",69,0.981532560195774,130,0.600737662054598,"C3",193,198,4.37972020236359,4.23083701980439,-3.18023620642606,1.12876428248296,0.0886473769224166,2.79035473721248,1.92811853567535,-0.877361727383215,-1.2521176707507,1.91299300982926
"Green endpoint as query",69,0.981532560195774,24,0.600904693361372,"C3",194,199,4.37977361115082,4.23110792529858,-3.18083139990022,1.12803399940262,0.0876464808212967,2.79008707407731,1.92811853567535,-0.877361727383215,-1.25271286422487,1.9127253466941
"Green endpoint as query",69,0.981532560195774,67,0.0222509992308915,"C1",195,158,4.6209226696188,3.50410740358172,-1.63196152594473,-1.88570063369949,2.34910424264784,3.10088217668333,1.92811853567535,-0.877361727383215,0.296157009730626,2.22352044930012
"Green endpoint as query",69,0.981532560195774,45,0.0149344548117369,"C1",196,174,5.09455854097942,3.71802332383317,-1.67736464268451,-2.05638454026242,2.81106953195195,3.31815389818486,1.92811853567535,-0.877361727383215,0.250753892990843,2.44079217080164
"Green endpoint as query",69,0.981532560195774,89,0.0126899401657283,"C1",197,176,5.25085328244244,3.78597758699141,-1.69042440647339,-2.1126092847179,2.96221469759688,3.38763805847089,1.92811853567535,-0.877361727383215,0.237694129201959,2.51027633108767
"Green endpoint as query",69,0.981532560195774,149,0.0082406906876713,"C1",198,184,5.57641796816042,3.92403229566946,-1.71502251252353,-2.22959807627265,3.2752557635163,3.52940890787599,1.92811853567535,-0.877361727383215,0.213096023151822,2.65204718049278
"Green endpoint as query",69,0.981532560195774,46,0.00744169089011848,"C1",199,185,5.63713504494214,3.94930498888815,-1.71925187579541,-2.25139954750616,3.33338892077523,3.55544411892956,1.92811853567535,-0.877361727383215,0.208866659879943,2.67808239154634
"Blue endpoint as query",96,0.196859565796331,174,0.201949303038418,"C1",1,1,0.0731437870748522,0.0366431256134339,0.00289628765563354,-0.000161143516471673,0.0633029933391504,-0.0365284843996808,1.48182349395475,-0.241500180199772,1.48471978161038,-0.278028664599453
"Blue endpoint as query",96,0.196859565796331,77,0.202711365418509,"C1",2,2,0.0840294362438632,0.0421311676835788,0.00301676147215701,3.0990779544271e-05,0.0727042633182622,-0.0420230227447044,1.48182349395475,-0.241500180199772,1.4848402554269,-0.283523202944477
"Blue endpoint as query",96,0.196859565796331,134,0.190271869068965,"C1",3,3,0.095539773725249,0.0478633009321689,-0.00902405564986064,0.00363461187087499,-0.0826059464197131,0.047004914591472,1.48182349395475,-0.241500180199772,1.47279943830489,-0.1944952656083
"Blue endpoint as query",96,0.196859565796331,142,0.204242422012612,"C1",4,4,0.105849341702374,0.0531647532223658,0.00301491474526183,0.000586883114417458,0.0915273058810365,-0.0530791981314135,1.48182349395475,-0.241500180199772,1.48483840870001,-0.294579378331186
"Blue endpoint as query",96,0.196859565796331,162,0.189414444612339,"C1",5,5,0.108015108040117,0.0541711701678786,-0.0106204408319905,0.00435904140516641,-0.0933474512002818,0.0531198824724929,1.48182349395475,-0.241500180199772,1.47120305312276,-0.18838029772728
"Blue endpoint as query",96,0.196859565796331,16,0.206122397910804,"C1",6,6,0.132552881777287,0.0667313729759153,0.00257127728254036,0.00157744804354065,0.114519439336222,-0.0666818166548199,1.48182349395475,-0.241500180199772,1.48439477123729,-0.308181996854592
"Blue endpoint as query",96,0.196859565796331,105,0.185927418759093,"C1",7,7,0.158774278889277,0.0800906598115183,-0.0180803277586716,0.00783272277345004,-0.136870034345432,0.0780231730781527,1.48182349395475,-0.241500180199772,1.46374316619607,-0.16347700712162
"Blue endpoint as query",96,0.196859565796331,34,0.209671256830916,"C1",8,8,0.182708654755692,0.0924188198352034,0.000428291231769018,0.00436118900773008,0.157550608673345,-0.0924178274271397,1.48182349395475,-0.241500180199772,1.48225178518651,-0.333918007626912
"Blue endpoint as query",96,0.196859565796331,7,0.211279006209224,"C1",9,9,0.205327902997897,0.104098129242385,-0.00109540984212675,0.00601055820479113,0.176881317350975,-0.104092365661666,1.48182349395475,-0.241500180199772,1.48072808411262,-0.345592545861439
"Blue endpoint as query",96,0.196859565796331,52,0.17965303780511,"C1",10,10,0.249905508497247,0.128091566686977,-0.0352836428447936,0.0159448851523166,-0.213988491182172,0.123136160423839,1.48182349395475,-0.241500180199772,1.44653985110995,-0.118364019775934
"Blue endpoint as query",96,0.196859565796331,85,0.177501240512356,"C1",11,11,0.280997561322568,0.14504433086065,-0.0422589458134772,0.019188123399755,-0.239903287753237,0.138751718596734,1.48182349395475,-0.241500180199772,1.43956454814127,-0.102748461603038
"Blue endpoint as query",96,0.196859565796331,119,0.218163246056065,"C1",12,12,0.301517890189755,0.154493916736697,-0.0114105061208758,0.0157504473135975,0.258450365070853,-0.15407196584295,1.48182349395475,-0.241500180199772,1.47041298783387,-0.395572146042722
"Blue endpoint as query",96,0.196859565796331,93,0.218806670745835,"C1",13,13,0.310456606707112,0.159240832165876,-0.0126818806855618,0.0168788079828271,0.265971366617334,-0.15873503876321,1.48182349395475,-0.241500180199772,1.46914161326918,-0.400235218962983
"Blue endpoint as query",96,0.196859565796331,100,0.219203646527603,"C1",14,14,0.315967390656329,0.162172992490608,-0.0134919869715646,0.0175932885000329,0.270602639796003,-0.161610784853356,1.48182349395475,-0.241500180199772,1.46833150698318,-0.403110965053129
"Blue endpoint as query",96,0.196859565796331,79,0.171784743200988,"C1",15,15,0.362893346883756,0.191526454543959,-0.0633287805344471,0.028683191424357,-0.306898147521338,0.180753556939273,1.48182349395475,-0.241500180199772,1.4184947134203,-0.0607466232604995
"Blue endpoint as query",96,0.196859565796331,35,0.171383886132389,"C1",16,16,0.36858808076571,0.194871190337962,-0.0649405841842097,0.0293884882373278,-0.311478264439013,0.183732145661961,1.48182349395475,-0.241500180199772,1.41688290977054,-0.0577680345378117
"Blue endpoint as query",96,0.196859565796331,192,0.226031198399141,"C1",17,17,0.410272160918707,0.213042219610024,-0.0304351262109208,0.0320353608144527,0.349156117440362,-0.210857037892718,1.48182349395475,-0.241500180199772,1.45138836774383,-0.45235721809249
"Blue endpoint as query",96,0.196859565796331,129,0.229000388411805,"C1",18,18,0.451018606386655,0.235440819431789,-0.0395331984536464,0.039560720091667,0.382649125542025,-0.232098051854679,1.48182349395475,-0.241500180199772,1.4422902955011,-0.473598232054451
"Blue endpoint as query",96,0.196859565796331,71,0.159138856688514,"C1",19,21,0.538201680320823,0.303201633974264,-0.122083634034277,0.0522414767701136,-0.44158877472188,0.277537055446023,1.48182349395475,-0.241500180199772,1.35973985992047,0.0360368752462502
"Blue endpoint as query",96,0.196859565796331,120,0.235670982860029,"C1",20,19,0.542013128546524,0.286412380498021,-0.0636347484547179,0.0591281936706557,0.456344208386053,-0.279253774355241,1.48182349395475,-0.241500180199772,1.41818874550003,-0.520753954555013
"Blue endpoint as query",96,0.196859565796331,155,0.236761612351984,"C1",21,20,0.556820853227864,0.294833353078347,-0.0680434264381564,0.0626699417942284,0.468182907523858,-0.286874185325164,1.48182349395475,-0.241500180199772,1.41378006751659,-0.528374365524936
"Blue endpoint as query",96,0.196859565796331,57,0.154509680345654,"C1",22,23,0.599554300419298,0.34756478677321,-0.14740199631558,0.0609786862008785,-0.484711953613464,0.31476011895869,1.48182349395475,-0.241500180199772,1.33442149763917,0.0732599387589178
"Blue endpoint as query",96,0.196859565796331,177,0.15237533999607,"C1",23,25,0.627224131632766,0.368701099757505,-0.159706500137841,0.0649108330634249,-0.503245659783664,0.332316618266549,1.48182349395475,-0.241500180199772,1.32211699381691,0.0908164380667769
"Blue endpoint as query",96,0.196859565796331,27,0.151617694413289,"C1",24,26,0.636947162653626,0.376310200817092,-0.164166802666745,0.0662851864716287,-0.509606313567568,0.338612799730279,1.48182349395475,-0.241500180199772,1.317656691288,0.0971126195305069
"Blue endpoint as query",96,0.196859565796331,121,0.242982234340161,"C1",25,22,0.640913570840824,0.343332244060385,-0.095607078474709,0.0846568359315882,0.534533811471687,-0.329751901218281,1.48182349395475,-0.241500180199772,1.38621641548004,-0.571252081418053
"Blue endpoint as query",96,0.196859565796331,173,0.246118342736736,"C1",26,24,0.683073197749094,0.368079687621322,-0.111016287548672,0.0968674212130771,0.567206346712809,-0.350938798565107,1.48182349395475,-0.241500180199772,1.37080720640607,-0.592438978764879
"Blue endpoint as query",96,0.196859565796331,39,0.147549621528015,"C1",27,27,0.688225840242332,0.418137079531346,-0.188916577261312,0.0734152523538177,-0.541688462697967,0.373027001857605,1.48182349395475,-0.241500180199772,1.29290691669343,0.131526821657832
"Blue endpoint as query",96,0.196859565796331,186,0.145238904282451,"C1",28,28,0.716630094153698,0.442638321684778,-0.203554735472161,0.077234194025417,-0.558269547168807,0.393057442991194,1.48182349395475,-0.241500180199772,1.27826875848259,0.151557262791422
"Blue endpoint as query",96,0.196859565796331,154,0.141081128036603,"C1",29,30,0.766365584064039,0.488115130243023,-0.230894730756935,0.0835661864792965,-0.584873080713209,0.430051164026846,1.48182349395475,-0.241500180199772,1.25092876319781,0.188550983827074
"Blue endpoint as query",96,0.196859565796331,20,0.138356370152906,"C1",30,32,0.797980580579007,0.518906857841939,-0.249474765702766,0.0872677152982749,-0.599910848153652,0.455001833395146,1.48182349395475,-0.241500180199772,1.23234872825198,0.213501653195373
"Blue endpoint as query",96,0.196859565796331,68,0.135807921877131,"C1",31,36,0.826842509466303,0.548427971824651,-0.267302037676912,0.0903558384369186,-0.612152854801147,0.478876665680706,1.48182349395475,-0.241500180199772,1.21452145627783,0.237376485480934
"Blue endpoint as query",96,0.196859565796331,6,0.133909621974453,"C1",32,37,0.847898895227478,0.570877074968327,-0.280851390395547,0.0923960567435316,-0.6200765037492,0.497014216333176,1.48182349395475,-0.241500180199772,1.2009721035592,0.255514036133404
"Blue endpoint as query",96,0.196859565796331,109,0.133716177195311,"C1",33,38,0.850023587416299,0.573186925005972,-0.282244693811861,0.0925907144309845,-0.620825102397956,0.498879929254376,1.48182349395475,-0.241500180199772,1.19957880014288,0.257379749054604
"Blue endpoint as query",96,0.196859565796331,51,0.259190891170874,"C1",34,29,0.85705720387736,0.473208774117649,-0.185446322024505,0.155489526806498,0.697455026413634,-0.435357560574652,1.48182349395475,-0.241500180199772,1.29637717193024,-0.676857740774424
"Blue endpoint as query",96,0.196859565796331,153,0.264095493126661,"C1",35,31,0.921555349861689,0.513369605715717,-0.217329989770643,0.180538077225554,0.743721663969585,-0.465097868860956,1.48182349395475,-0.241500180199772,1.2644935041841,-0.706598049060729
"Blue endpoint as query",96,0.196859565796331,53,0.266202436992899,"C1",36,33,0.949121635592352,0.53072219350182,-0.231644609099246,0.191784938553645,0.763141120513168,-0.477500598691395,1.48182349395475,-0.241500180199772,1.2501788848555,-0.719000778891167
"Blue endpoint as query",96,0.196859565796331,84,0.124067442724481,"C1",37,44,0.951299073916719,0.693705670243592,-0.354464376026858,0.0987259996321573,-0.643424858163971,0.596307440047499,1.48182349395475,-0.241500180199772,1.12735911792789,0.354807259847727
"Blue endpoint as query",96,0.196859565796331,4,0.266568574821576,"C1",38,34,0.953903061186186,0.533743284039103,-0.234169006009355,0.193768621343427,0.766487363409337,-0.479631910824788,1.48182349395475,-0.241500180199772,1.24765448794539,-0.72113209102456
"Blue endpoint as query",96,0.196859565796331,128,0.26721472828649,"C1",39,35,0.962334669150247,0.539078740538425,-0.238650322612738,0.197290336392287,0.772372093044693,-0.483375539324582,1.48182349395475,-0.241500180199772,1.24317317134201,-0.724875719524355
"Blue endpoint as query",96,0.196859565796331,189,0.116735716816038,"C1",40,48,1.02296473906611,0.792421617263947,-0.41247974594632,0.0978118877557732,-0.639497984734153,0.676603634849288,1.48182349395475,-0.241500180199772,1.06934374800843,0.435103454649516
"Blue endpoint as query",96,0.196859565796331,152,0.272195026511326,"C1",41,39,1.027032349438,0.580354902923551,-0.274291813801552,0.225317341567533,0.816832742385902,-0.511444830093001,1.48182349395475,-0.241500180199772,1.20753168015319,-0.752945010292773
"Blue endpoint as query",96,0.196859565796331,158,0.115691552171484,"C1",42,53,1.03289751796848,0.806995011400428,-0.420930702848873,0.0972243096000598,-0.637325480286999,0.688518911740506,1.48182349395475,-0.241500180199772,1.06089279110587,0.447018731540734
"Blue endpoint as query",96,0.196859565796331,148,0.273709014290944,"C1",43,40,1.04659468424505,0.592950127926035,-0.285502329970533,0.234141242980163,0.830029190581989,-0.519690555801141,1.48182349395475,-0.241500180199772,1.19632116398421,-0.761190736000913
"Blue endpoint as query",96,0.196859565796331,26,0.113483893685043,"C1",44,56,1.05374114240102,0.838235968632021,-0.438937817036822,0.0955749039179816,-0.631344829567188,0.714124031162243,1.48182349395475,-0.241500180199772,1.04288567691792,0.47262385096247
"Blue endpoint as query",96,0.196859565796331,182,0.278659163974226,"C1",45,41,1.11019171917016,0.634253179596891,-0.323322873030965,0.263949368608358,0.872111970045403,-0.545655033518219,1.48182349395475,-0.241500180199772,1.15850062092378,-0.787155213717991
"Blue endpoint as query",96,0.196859565796331,81,0.278763446956873,"C1",46,42,1.11152528641313,0.635124977941238,-0.32413831004542,0.264592799817797,0.872980741491765,-0.546185036014131,1.48182349395475,-0.241500180199772,1.15768518390933,-0.787685216213903
"Blue endpoint as query",96,0.196859565796331,73,0.105687235482037,"C1",47,61,1.12665483121954,0.953299977792942,-0.503872818562933,0.0849675540948205,-0.594433155032129,0.809254614057572,1.48182349395475,-0.241500180199772,0.977950675391813,0.5677544338578
"Blue endpoint as query",96,0.196859565796331,169,0.279957720311359,"C1",48,43,1.12677874272616,0.645113055503968,-0.333530381468189,0.272006225751868,0.882877168030811,-0.552203168244579,1.48182349395475,-0.241500180199772,1.14829311248656,-0.793703348444351
"Blue endpoint as query",96,0.196859565796331,98,0.964952562004328,"C3",49,60,1.15028677825094,0.948012235984461,0.0202361440028622,0.632465000953285,-0.156270583322126,-0.947796232347519,1.48182349395475,-0.241500180199772,1.50205963795761,-1.18929641254729
"Blue endpoint as query",96,0.196859565796331,5,0.096566071966663,"C1",50,66,1.21502913822937,1.09754260493393,-0.581893535931565,0.0618678486662774,-0.517560051011161,0.930591039332643,1.48182349395475,-0.241500180199772,0.899929958023181,0.68909085913287
"Blue endpoint as query",96,0.196859565796331,108,0.0936737225856632,"C1",51,68,1.24505068881357,1.1455190122384,-0.606957497830544,0.0518488521888796,-0.485024851777933,0.971502137530805,1.48182349395475,-0.241500180199772,0.874865996124201,0.730001957331032
"Blue endpoint as query",96,0.196859565796331,176,0.0934528792276978,"C1",52,69,1.2474014066037,1.14922736700721,-0.608875935541598,0.0510270492268324,-0.482372230093909,0.974676169913201,1.48182349395475,-0.241500180199772,0.872947558413148,0.733175989713429
"Blue endpoint as query",96,0.196859565796331,38,0.291781231062487,"C1",53,45,1.27578374935738,0.744202008359993,-0.431513490442404,0.349663813322135,0.97546028290769,-0.606327252243589,1.48182349395475,-0.241500180199772,1.05031000351234,-0.847827432443362
"Blue endpoint as query",96,0.196859565796331,8,0.94865017477423,"C3",54,73,1.28212616822391,1.25220147981676,-0.367930092648069,0.27382627849683,0.0292939310068463,-1.19692773089241,1.48182349395475,-0.241500180199772,1.11389340130668,-1.43842791109218
"Blue endpoint as query",96,0.196859565796331,56,0.976915959035978,"C3",55,50,1.28919333481921,0.797689049391897,0.324459720714782,0.955311737101692,-0.336290231761609,-0.728720597453807,1.48182349395475,-0.241500180199772,1.80628321466953,-0.97022077765358
"Blue endpoint as query",96,0.196859565796331,185,0.977296904427931,"C3",56,49,1.29749184798357,0.794993925996368,0.334419177856206,0.966460365159662,-0.34267202364383,-0.72123446662864,1.48182349395475,-0.241500180199772,1.81624267181095,-0.962734646828412
"Blue endpoint as query",96,0.196859565796331,113,0.0888825617730618,"C1",57,71,1.29833517244197,1.22742825450561,-0.648693215737826,0.0321405526400214,-0.42197284855452,1.04200634921982,1.48182349395475,-0.241500180199772,0.83313027821692,0.800506169020044
"Blue endpoint as query",96,0.196859565796331,200,0.947080062935129,"C3",58,78,1.30684719843376,1.28312095179527,-0.403725153447209,0.243995879193613,0.0437748107329368,-1.21795130338205,1.48182349395475,-0.241500180199772,1.07809834050754,-1.45945148358182
"Blue endpoint as query",96,0.196859565796331,83,0.978703966364264,"C3",59,47,1.33013881350296,0.786498409999226,0.371351830031375,1.00811349677848,-0.366601543734914,-0.693309142636717,1.48182349395475,-0.241500180199772,1.85317532398612,-0.934809322836489
"Blue endpoint as query",96,0.196859565796331,136,0.299166257958859,"C1",60,51,1.36680192777959,0.805998477529318,-0.49687944377062,0.401850678022299,1.02811964117774,-0.634621433720748,1.48182349395475,-0.241500180199772,0.984944050184126,-0.87612161392052
"Blue endpoint as query",96,0.196859565796331,43,0.299227858427912,"C1",61,52,1.36755386476845,0.806512760460196,-0.497436794369051,0.402297130554035,1.02854156892465,-0.634838143460967,1.48182349395475,-0.241500180199772,0.984386699585695,-0.87633832366074
"Blue endpoint as query",96,0.196859565796331,78,0.300404587062076,"C1",62,54,1.38189379238485,0.816331929759468,-0.508120199797859,0.410859868665296,1.03654561028799,-0.638914456012854,1.48182349395475,-0.241500180199772,0.973703294156887,-0.880414636212626
"Blue endpoint as query",96,0.196859565796331,63,0.301270701223984,"C1",63,55,1.39241905153544,0.823552796123774,-0.516027393650676,0.417203723220966,1.04236877371021,-0.641837157700749,1.48182349395475,-0.241500180199772,0.96579610030407,-0.883337337900522
"Blue endpoint as query",96,0.196859565796331,69,0.981532560195774,"C3",64,46,1.4049970583919,0.77685209110288,0.446295041720605,1.09412365726777,-0.41642644638154,-0.635861547183442,1.48182349395475,-0.241500180199772,1.92811853567535,-0.877361727383215
"Blue endpoint as query",96,0.196859565796331,168,0.0761853891890496,"C1",65,83,1.47339536886256,1.45974844158106,-0.759693750305056,-0.0407449165693071,-0.195878156161133,1.24648743212507,1.48182349395475,-0.241500180199772,0.722129743649689,1.0049872519253
"Blue endpoint as query",96,0.196859565796331,160,0.309081808663905,"C1",66,57,1.48616485535714,0.888366226878002,-0.588915614338742,0.475943958811033,1.09223109840021,-0.665111232986994,1.48182349395475,-0.241500180199772,0.892907879616004,-0.906611413186766
"Blue endpoint as query",96,0.196859565796331,1,0.934602960711345,"C3",67,84,1.53252900137891,1.52579280800677,-0.678356465562028,0.0348399972777456,0.139239440145162,-1.36670267380853,1.48182349395475,-0.241500180199772,0.803467028392718,-1.6082028540083
"Blue endpoint as query",96,0.196859565796331,163,0.313827242003754,"C1",68,58,1.54202451102699,0.927396797922215,-0.634460613870393,0.51290467168213,1.12013551393495,-0.676405610742239,1.48182349395475,-0.241500180199772,0.847362880084353,-0.917905790942012
"Blue endpoint as query",96,0.196859565796331,21,0.314858996775001,"C1",69,59,1.55405436718984,0.935841093727219,-0.644477045494719,0.52106126132749,1.12595807444907,-0.678563107263397,1.48182349395475,-0.241500180199772,0.837346448460027,-0.920063287463169
"Blue endpoint as query",96,0.196859565796331,150,0.0687518047634512,"C1",70,85,1.60972175657257,1.60654861631907,-0.824191308427879,-0.0988898898260607,-0.0206510696222684,1.37902398228191,1.48182349395475,-0.241500180199772,0.657632185526867,1.13752380208214
"Blue endpoint as query",96,0.196859565796331,123,0.928511262871325,"C3",71,86,1.64944533802297,1.63949630081146,-0.806150518970436,-0.0499269224055987,0.173865192520959,-1.42760970196275,1.48182349395475,-0.241500180199772,0.67567297498431,-1.66910988216252
"Blue endpoint as query",96,0.196859565796331,196,0.324936339398846,"C1",72,62,1.66926685485514,1.01738773606216,-0.744179059331826,0.602840742985889,1.17811589660123,-0.693740104896408,1.48182349395475,-0.241500180199772,0.73764443462292,-0.93524028509618
"Blue endpoint as query",96,0.196859565796331,132,0.927260796073824,"C3",73,87,1.6733197776022,1.66229581458434,-0.83187664635464,-0.0659714227357244,0.180054087185774,-1.43916942033743,1.48182349395475,-0.241500180199772,0.649946847600106,-1.6806696005372
"Blue endpoint as query",96,0.196859565796331,179,0.328140031779185,"C1",74,63,1.70498593634036,1.04291271913018,-0.776492739625866,0.629590054071298,1.19286481514437,-0.696222640418867,1.48182349395475,-0.241500180199772,0.705330754328879,-0.93772282061864
"Blue endpoint as query",96,0.196859565796331,88,0.328176378039643,"C1",75,64,1.70538856347953,1.04320108825292,-0.776860810732604,0.629895471738641,1.19302696390227,-0.6962440601398,1.48182349395475,-0.241500180199772,0.704962683222142,-0.937744240339573
"Blue endpoint as query",96,0.196859565796331,74,0.0638794819824398,"C1",76,88,1.71706536853077,1.70732086541887,-0.865967236019803,-0.143825454784424,0.112619629146551,1.47140928488129,1.48182349395475,-0.241500180199772,0.615856257934943,1.22990910468152
"Blue endpoint as query",96,0.196859565796331,72,0.0629803079646081,"C1",77,89,1.73862181441091,1.72632368334073,-0.873619830514904,-0.152737431765509,0.138865513429625,1.48895327374441,1.48182349395475,-0.241500180199772,0.608203663439842,1.24745309354464
"Blue endpoint as query",96,0.196859565796331,112,0.92291100951843,"C3",78,90,1.75537384962071,1.74001676293119,-0.92002742181365,-0.118266805119918,0.199228460460405,-1.47689128861689,1.48182349395475,-0.241500180199772,0.561796072141096,-1.71839146881666
"Blue endpoint as query",96,0.196859565796331,181,0.334354943595827,"C1",79,65,1.7729607164303,1.09180361473681,-0.839853404165301,0.68241676443665,1.21887732297738,-0.697625538999479,1.48182349395475,-0.241500180199772,0.641970089789445,-0.939125719199252
"Blue endpoint as query",96,0.196859565796331,64,0.0611295851413161,"C1",80,91,1.78480273657309,1.76584079917713,-0.889306978517796,-0.171703922132578,0.194537511972761,1.52555787369673,1.48182349395475,-0.241500180199772,0.59251651543695,1.28405769349695
"Blue endpoint as query",96,0.196859565796331,118,0.919530816143379,"C3",81,92,1.81766480272141,1.79861399562222,-0.987098261380623,-0.155201386741558,0.211673237225734,-1.50354558548369,1.48182349395475,-0.241500180199772,0.494725232574123,-1.74504576568346
"Blue endpoint as query",96,0.196859565796331,193,0.340148094110191,"C1",82,67,1.83470268524861,1.13657656207317,-0.89955403217696,0.732679239594774,1.23996322270914,-0.694700528751952,1.48182349395475,-0.241500180199772,0.582269461777785,-0.936200708951724
"Blue endpoint as query",96,0.196859565796331,44,0.917331561213359,"C3",83,93,1.8573321673825,1.83585335996846,-1.03006726634754,-0.177527701197452,0.218653003624054,-1.51964436171981,1.48182349395475,-0.241500180199772,0.451756227607209,-1.76114454191958
"Blue endpoint as query",96,0.196859565796331,198,0.916579271433875,"C3",84,94,1.87072958794321,1.84842754912731,-1.04464467507876,-0.184860381421005,0.220842537148681,-1.5249268530662,1.48182349395475,-0.241500180199772,0.437178818875983,-1.76642703326597
"Blue endpoint as query",96,0.196859565796331,97,0.345781859476119,"C1",85,70,1.89319862966161,1.1793309155052,-0.958030372469213,0.782406227357071,1.25746576036056,-0.687749382909819,1.48182349395475,-0.241500180199772,0.523793121485532,-0.929249563109591
"Blue endpoint as query",96,0.196859565796331,82,0.353854389162734,"C1",86,72,1.9742932889337,1.23919181292634,-1.04220873735341,0.854930861518125,1.27723563351829,-0.670371014444893,1.48182349395475,-0.241500180199772,0.439614756601337,-0.911871194644665
"Blue endpoint as query",96,0.196859565796331,161,0.909715083660558,"C3",87,99,1.98850558780603,1.95918628961133,-1.17482075405774,-0.244746986007322,0.236310110183873,-1.56786705853405,1.48182349395475,-0.241500180199772,0.307002739897005,-1.80936723873383
"Blue endpoint as query",96,0.196859565796331,194,0.356579177780077,"C1",88,74,2.00093382745906,1.2590223281616,-1.07065149473148,0.87970745221527,1.28246394006904,-0.662451960249721,1.48182349395475,-0.241500180199772,0.411171999223261,-0.903952140449494
"Blue endpoint as query",96,0.196859565796331,50,0.358126984676346,"C1",89,75,2.01590200145783,1.27020366020856,-1.08680240202843,0.893841422336859,1.28510351831644,-0.65747842348815,1.48182349395475,-0.241500180199772,0.395021091926314,-0.898978603687922
"Blue endpoint as query",96,0.196859565796331,95,0.358234190614894,"C1",90,76,2.01693432374937,1.27097589685416,-1.08792078694226,0.894821920747839,1.28527742767204,-0.657121063216796,1.48182349395475,-0.241500180199772,0.393902707012487,-0.898621243416569
"Blue endpoint as query",96,0.196859565796331,70,0.358425584156066,"C1",91,77,2.01877589411935,1.27235385090033,-1.08991732130262,0.896572878952966,1.28558502694394,-0.656478906458873,1.48182349395475,-0.241500180199772,0.391906172652128,-0.897979086658645
"Blue endpoint as query",96,0.196859565796331,61,0.365110938902944,"C1",92,79,2.08196212905849,1.31992542738687,-1.15952203413979,0.958096760740184,1.29399141033876,-0.630643945667239,1.48182349395475,-0.241500180199772,0.322301459814956,-0.872144125867011
"Blue endpoint as query",96,0.196859565796331,99,0.371035319520161,"C1",93,80,2.13613000894302,1.36122127009909,-1.2208397127841,1.01312571877614,1.2975763356701,-0.602057922345877,1.48182349395475,-0.241500180199772,0.260983781170648,-0.843558102545649
"Blue endpoint as query",96,0.196859565796331,199,0.371524909744039,"C1",94,81,2.14053129950956,1.36460054836791,-1.22588539672748,1.01769114479602,1.2977073327133,-0.59944945633165,1.48182349395475,-0.241500180199772,0.255938097227268,-0.840949636531422
"Blue endpoint as query",96,0.196859565796331,145,0.371972574153915,"C1",95,82,2.14454580054345,1.36768622337547,-1.2304956689256,1.02186774979552,1.29780483391969,-0.597030999502031,1.48182349395475,-0.241500180199772,0.251327825029143,-0.838531179701804
"Blue endpoint as query",96,0.196859565796331,42,0.0483221001923084,"C1",96,102,2.17780497470934,2.05478776074697,-0.994922217494177,-0.327171106670102,0.643149153084621,1.79785497825938,1.48182349395475,-0.241500180199772,0.486901276460568,1.55635479805961
"Blue endpoint as query",96,0.196859565796331,19,0.897089458769187,"C3",97,108,2.18158968322006,2.14354652684324,-1.40102561593457,-0.323289615170876,0.245001342676242,-1.62231899953026,1.48182349395475,-0.241500180199772,0.080797878020178,-1.86381917973003
"Blue endpoint as query",96,0.196859565796331,164,0.0480910493060946,"C1",98,103,2.186162164425,2.06025773534165,-0.996771231795374,-0.330383030502898,0.652296041904311,1.80308320592817,1.48182349395475,-0.241500180199772,0.485052262159372,1.5615830257284
"Blue endpoint as query",96,0.196859565796331,94,0.891306948848069,"C3",99,110,2.25921274922587,2.21943352782627,-1.49895850091934,-0.346360520528484,0.24122904394908,-1.63676772847005,1.48182349395475,-0.241500180199772,-0.0171350069645946,-1.87826790866982
"Blue endpoint as query",96,0.196859565796331,117,0.883076469646767,"C3",100,113,2.35799896588909,2.31818407865621,-1.63227287263024,-0.3661014452294,0.228366881136003,-1.64610531006087,1.48182349395475,-0.241500180199772,-0.15044937867549,-1.88760549026064
"Blue endpoint as query",96,0.196859565796331,60,0.878982509952039,"C3",101,117,2.40215109364568,2.36329222806334,-1.69594576981786,-0.37045356774432,0.21896089976079,-1.64587912711156,1.48182349395475,-0.241500180199772,-0.214122275863111,-1.88737930731133
"Blue endpoint as query",96,0.196859565796331,188,0.0419193957932293,"C1",102,109,2.42727607688355,2.20990226221923,-1.04526839747996,-0.421835525430487,0.911074055351315,1.94707010294733,1.48182349395475,-0.241500180199772,0.436555096474782,1.70556992274756
"Blue endpoint as query",96,0.196859565796331,137,0.86330534121953,"C3",103,128,2.54267517106241,2.51207999073415,-1.9237374346623,-0.356024528457935,0.167025988476996,-1.61548140265551,1.48182349395475,-0.241500180199772,-0.44191394070755,-1.85698158285528
"Blue endpoint as query",96,0.196859565796331,180,0.855659369379282,"C3",104,129,2.59628806975641,2.57142049717872,-2.02571230748846,-0.332500849675437,0.133983404993798,-1.58388541902521,1.48182349395475,-0.241500180199772,-0.54388881353371,-1.82538559922498
"Blue endpoint as query",96,0.196859565796331,76,0.854919226141647,"C3",105,130,2.60101018859396,2.57672479102622,-2.03526926747619,-0.329692760878279,0.130560468385185,-1.58024987187344,1.48182349395475,-0.241500180199772,-0.553445773521446,-1.82175005207321
"Blue endpoint as query",96,0.196859565796331,33,0.0376187835354358,"C1",106,114,2.61632032728954,2.31831632336438,-1.0779483230787,-0.492212188542792,1.10827281896681,2.05246631834716,1.48182349395475,-0.241500180199772,0.403875170876049,1.81096613814739
"Blue endpoint as query",96,0.196859565796331,187,0.84270612988621,"C3",107,133,2.66825383078409,2.65357538367335,-2.18502397857715,-0.270759209690336,0.069322716512461,-1.50570001324302,1.48182349395475,-0.241500180199772,-0.703200484622403,-1.74720019344279
"Blue endpoint as query",96,0.196859565796331,107,0.840139389270917,"C3",108,134,2.68006049452083,2.66727467094286,-2.21460410076326,-0.255521746207843,0.0554862257929347,-1.48656747143744,1.48182349395475,-0.241500180199772,-0.732780606808518,-1.72806765163721
"Blue endpoint as query",96,0.196859565796331,139,0.83842443744652,"C3",109,135,2.68754841863867,2.67597712198456,-2.23400404764597,-0.244823700378121,0.0460901385941301,-1.47311896073812,1.48182349395475,-0.241500180199772,-0.752180553691228,-1.71461914093789
"Blue endpoint as query",96,0.196859565796331,167,0.83509817160666,"C3",110,136,2.70121025492895,2.69185434376796,-2.270803389927,-0.222929574829723,0.0275579015367043,-1.44552128049313,1.48182349395475,-0.241500180199772,-0.788979895972254,-1.6870214606929
"Blue endpoint as query",96,0.196859565796331,184,0.4400251689367,"C2",111,95,2.70537111623174,1.86300918330849,-1.85629534894686,1.65164850700147,1.05843604850224,0.158021500340992,1.48182349395475,-0.241500180199772,-0.374471854992117,-0.0834786798587808
"Blue endpoint as query",96,0.196859565796331,183,0.440978627186269,"C2",112,96,2.71396865119786,1.87183412365544,-1.8638071031936,1.65994800229901,1.05187237004655,0.173164859501012,1.48182349395475,-0.241500180199772,-0.381983609238858,-0.0683353206987599
"Blue endpoint as query",96,0.196859565796331,122,0.0355256006587297,"C1",113,118,2.71478205066196,2.37235154359673,-1.09348899685176,-0.528511794546859,1.20940688736893,2.10531082269814,1.48182349395475,-0.241500180199772,0.388334497102985,1.86381064249837
"Blue endpoint as query",96,0.196859565796331,47,0.830173080321401,"C3",114,138,2.71952246287717,2.71302653815434,-2.32329233318106,-0.187854120438931,-0.000508721872045009,-1.40100882627905,1.48182349395475,-0.241500180199772,-0.841468839226314,-1.64250900647882
"Blue endpoint as query",96,0.196859565796331,190,0.818037616787478,"C3",115,141,2.75669575550391,2.75432469543516,-2.44253174747685,-0.0891003943059487,-0.0716106155806081,-1.27292701693839,1.48182349395475,-0.241500180199772,-0.960708253522104,-1.51442719713816
"Blue endpoint as query",96,0.196859565796331,110,0.44627738231793,"C2",116,97,2.76281781065776,1.92243118502387,-1.90494487172859,1.7055487865534,1.01416168850024,0.258701945928561,1.48182349395475,-0.241500180199772,-0.423121377773845,0.0172017657287886
"Blue endpoint as query",96,0.196859565796331,90,0.446737228427082,"C2",117,98,2.76714439557244,1.92694646409127,-1.90846672750683,1.70946250714633,1.01079343445388,0.266228145531686,1.48182349395475,-0.241500180199772,-0.42664323355208,0.0247279653319133
"Blue endpoint as query",96,0.196859565796331,75,0.811134418938309,"C3",118,142,2.77416848129235,2.77177010074854,-2.50401894366159,-0.0260033898783368,-0.112361447601776,-1.18852792192167,1.48182349395475,-0.241500180199772,-1.02219544970685,-1.43002810212144
"Blue endpoint as query",96,0.196859565796331,58,0.810300270095468,"C3",119,143,2.7761556810761,2.77361913215954,-2.51114002547364,-0.0180759774682938,-0.117262672356711,-1.17776859473567,1.48182349395475,-0.241500180199772,-1.0293165315189,-1.41926877493545
"Blue endpoint as query",96,0.196859565796331,80,0.808894120389596,"C3",120,144,2.77945763557992,2.77661886120665,-2.52299416025479,-0.00457283936510777,-0.125505126250354,-1.15935877437865,1.48182349395475,-0.241500180199772,-1.04117066630004,-1.40085895457842
"Blue endpoint as query",96,0.196859565796331,55,0.807724132435396,"C3",121,145,2.78216368444533,2.77900600499851,-2.53271401776159,0.0067931321072664,-0.132341394071608,-1.14378060835623,1.48182349395475,-0.241500180199772,-1.05089052380684,-1.385280788556
"Blue endpoint as query",96,0.196859565796331,101,0.807401564205065,"C3",122,146,2.78290375590926,2.77964723511328,-2.5353709292831,0.0099472280606604,-0.134222262068932,-1.13944416388826,1.48182349395475,-0.241500180199772,-1.05354743532836,-1.38094434408804
"Blue endpoint as query",96,0.196859565796331,12,0.806193429743871,"C3",123,147,2.78565476335401,2.78198560853623,-2.54523426416228,0.0218376601653668,-0.141250313602095,-1.12304339481474,1.48182349395475,-0.241500180199772,-1.06341077020753,-1.36454357501451
"Blue endpoint as query",96,0.196859565796331,157,0.800109896808863,"C3",124,148,2.79915547572776,2.792360592926,-2.59280288132212,0.0834665981973843,-0.176144893073895,-1.03665370280231,1.48182349395475,-0.241500180199772,-1.11097938736737,-1.27815388300209
"Blue endpoint as query",96,0.196859565796331,36,0.033667185343802,"C1",125,123,2.80580463492427,2.42103665861393,-1.10707399507626,-0.561888060680923,1.30207640108952,2.15309211873956,1.48182349395475,-0.241500180199772,0.374749498878491,1.91159193853979
"Blue endpoint as query",96,0.196859565796331,65,0.452645275276154,"C2",126,100,2.82399971655051,1.98670778268628,-1.95303895972459,1.75907805910949,0.96623546159863,0.364206858233276,1.48182349395475,-0.241500180199772,-0.471215465769839,0.122706678033504
"Blue endpoint as query",96,0.196859565796331,25,0.454613883746788,"C2",127,101,2.84346995470943,2.0073313480716,-1.96761480596329,1.77532149266622,0.95088161201154,0.39732998415042,1.48182349395475,-0.241500180199772,-0.485791312008544,0.155829803950648
"Blue endpoint as query",96,0.196859565796331,165,0.779620272573084,"C3",128,149,2.84822545034448,2.81698586706513,-2.72794809887558,0.30922836285343,-0.285230889548031,-0.702643967515378,1.48182349395475,-0.241500180199772,-1.24612460492084,-0.94414414771515
"Blue endpoint as query",96,0.196859565796331,31,0.777791964821517,"C3",129,150,2.85351584941874,2.81899094380893,-2.73820037577858,0.330533076302432,-0.294262887699476,-0.670051224431963,1.48182349395475,-0.241500180199772,-1.25637688182384,-0.911551404631736
"Blue endpoint as query",96,0.196859565796331,159,0.775464338017628,"C3",130,151,2.86058691007564,2.82161126500328,-2.75083954786178,0.357890717319516,-0.305583988060921,-0.627990376290113,1.48182349395475,-0.241500180199772,-1.26901605390704,-0.869490556489885
"Blue endpoint as query",96,0.196859565796331,17,0.460400955285877,"C2",131,104,2.90221675638458,2.06993877421277,-2.00967704830193,1.82217047165228,0.904383958442711,0.495827278916633,1.48182349395475,-0.241500180199772,-0.527853554347189,0.254327098716861
"Blue endpoint as query",96,0.196859565796331,127,0.756396918790415,"C3",132,152,2.93631283066636,2.84975363690234,-2.83756613668846,0.590281662238458,-0.390390583547794,-0.263275921719054,1.48182349395475,-0.241500180199772,-1.35574264273372,-0.504776101918826
"Blue endpoint as query",96,0.196859565796331,13,0.0309129566885531,"C1",133,126,2.9470217045017,2.494439310547,-1.12682224771646,-0.613374118446986,1.44446586793226,2.22542110533118,1.48182349395475,-0.241500180199772,0.355001246238283,1.9839209251314
"Blue endpoint as query",96,0.196859565796331,195,0.754153728717938,"C3",134,153,2.94764907718579,2.85424382266575,-2.84587174144241,0.618400287024815,-0.399384987219452,-0.21845326842396,1.48182349395475,-0.241500180199772,-1.36404824748767,-0.459953448623733
"Blue endpoint as query",96,0.196859565796331,92,0.465251622954383,"C2",135,105,2.95314936053266,2.12457849326644,-2.04404312254854,1.86033316599664,0.863954792253089,0.579414779939483,1.48182349395475,-0.241500180199772,-0.562219628593794,0.337914599739711
"Blue endpoint as query",96,0.196859565796331,14,0.465288266539574,"C2",136,106,2.95353979622232,2.12499836802675,-2.04429968615814,1.86061741881866,0.863644651775974,0.58004901283433,1.48182349395475,-0.241500180199772,-0.56247619220339,0.338548832634557
"Blue endpoint as query",96,0.196859565796331,146,0.751868466846645,"C3",137,154,2.95977547095519,2.85914478541569,-2.85393805051803,0.647173498078326,-0.40832388845536,-0.172471759355281,1.48182349395475,-0.241500180199772,-1.37211455656328,-0.413971939555053
"Blue endpoint as query",96,0.196859565796331,115,0.46615297649987,"C2",138,107,2.96277733495938,2.13493638712504,-2.05034085921431,1.86730711057175,0.856306203578293,0.595025829781212,1.48182349395475,-0.241500180199772,-0.568517365259565,0.35352564958144
"Blue endpoint as query",96,0.196859565796331,156,0.747640934074298,"C3",139,156,2.9837720251423,2.86913340144289,-2.86782439002902,0.700698960028968,-0.424252271839381,-0.0866587746849633,1.48182349395475,-0.241500180199772,-1.38600089607428,-0.328158954884736
"Blue endpoint as query",96,0.196859565796331,171,0.74635539832525,"C3",140,157,2.99147580614384,2.87241895805478,-2.87178400920943,0.717042552176984,-0.428936832784189,-0.0603926737408139,1.48182349395475,-0.241500180199772,-1.38996051525468,-0.301892853940586
"Blue endpoint as query",96,0.196859565796331,59,0.473336021881551,"C2",141,111,3.04122244501548,2.21958303011516,-2.09955658914996,1.9214879916218,0.793957826678455,0.720007608662683,1.48182349395475,-0.241500180199772,-0.617733095195218,0.478507428462911
"Blue endpoint as query",96,0.196859565796331,178,0.476137351477519,"C2",142,112,3.07258500971683,2.25352072033479,-2.11828849817162,1.94191342225456,0.769022278887924,0.768901473201895,1.48182349395475,-0.241500180199772,-0.636465004216873,0.527401293002123
"Blue endpoint as query",96,0.196859565796331,11,0.729925628518686,"C3",143,160,3.10656908778923,2.92541117480078,-2.91199779650344,0.927598919285896,-0.481976348483959,0.279820254464177,1.48182349395475,-0.241500180199772,-1.43017430254869,0.0383200742644046
"Blue endpoint as query",96,0.196859565796331,23,0.729390932014212,"C3",144,161,3.11081842569,2.92748903995213,-2.91299328744256,0.934475539554897,-0.483481814080046,0.290967672352867,1.48182349395475,-0.241500180199772,-1.43116979348781,0.0494674921530946
"Blue endpoint as query",96,0.196859565796331,91,0.726764942752197,"C3",145,162,3.13212288712589,2.93801760289676,-2.91760613870546,0.968242400521679,-0.490665873032375,0.345719328819543,1.48182349395475,-0.241500180199772,-1.43578264475071,0.104219148619771
"Blue endpoint as query",96,0.196859565796331,151,0.482838751748204,"C2",146,115,3.1491208002408,2.33648194580822,-2.1620700479868,1.9890579621993,0.708140066959231,0.885777054729972,1.48182349395475,-0.241500180199772,-0.680246554032059,0.6442768745302
"Blue endpoint as query",96,0.196859565796331,18,0.482846714323387,"C2",147,116,3.1492128730461,2.33658183658758,-2.16212121612271,1.98911248407649,0.708066781016712,0.885915642633688,1.48182349395475,-0.241500180199772,-0.680297722167962,0.644415462433915
"Blue endpoint as query",96,0.196859565796331,28,0.0271460183430463,"C1",148,132,3.15257070950267,2.59729977724861,-1.15304545182521,-0.687785541901766,1.64914735359499,2.3273272908899,1.48182349395475,-0.241500180199772,0.32877804212954,2.08582711069012
"Blue endpoint as query",96,0.196859565796331,172,0.722740790341049,"C3",149,164,3.16612945272061,2.95518383965256,-2.92379688575067,1.01993769940494,-0.500990293891825,0.429561749947915,1.48182349395475,-0.241500180199772,-1.44197339179592,0.188061569748143
"Blue endpoint as query",96,0.196859565796331,37,0.722593151964247,"C3",150,165,3.16740731163124,2.95583703841554,-2.92400407048176,1.02183243565661,-0.501353122605203,0.432634711361931,1.48182349395475,-0.241500180199772,-1.44218057652702,0.191134531162159
"Blue endpoint as query",96,0.196859565796331,106,0.719899991992861,"C3",151,166,3.19107838535978,2.96803743498775,-2.92753911180096,1.05636338613523,-0.507771053186989,0.488631726727101,1.48182349395475,-0.241500180199772,-1.44571561784621,0.247131546527329
"Blue endpoint as query",96,0.196859565796331,49,0.487459625350311,"C2",152,119,3.20293559683348,2.39489024266477,-2.19142887688723,2.02007608902697,0.665274197300343,0.965991072399588,1.48182349395475,-0.241500180199772,-0.709605382932484,0.724490892199815
"Blue endpoint as query",96,0.196859565796331,191,0.71833058539778,"C3",153,167,3.20517916138257,2.97539242436845,-2.9293873613233,1.07645283909797,-0.511334198709421,0.521200313035685,1.48182349395475,-0.241500180199772,-1.44756386736855,0.279700132835913
"Blue endpoint as query",96,0.196859565796331,29,0.717225887347013,"C3",154,168,3.21523513578998,2.98067561817183,-2.93059584619328,1.09057643148187,-0.513763452135988,0.544091101782305,1.48182349395475,-0.241500180199772,-1.44877235223854,0.302590921582533
"Blue endpoint as query",96,0.196859565796331,102,0.488820852711797,"C2",155,120,3.21891965866293,2.41224610304454,-2.19995040292053,2.02897059352447,0.652526503588992,0.989519826149716,1.48182349395475,-0.241500180199772,-0.71812690896578,0.748019645949944
"Blue endpoint as query",96,0.196859565796331,143,0.48894941364415,"C2",156,121,3.22043198369428,2.41388835886756,-2.20075225308441,2.02980479629729,0.651319922506032,0.99173914393868,1.48182349395475,-0.241500180199772,-0.718928759129661,0.750238963738908
"Blue endpoint as query",96,0.196859565796331,103,0.489239622838795,"C2",157,122,3.22384750632974,2.41759740720383,-2.20256044674804,2.03168417091654,0.648594596336579,0.996747060060736,1.48182349395475,-0.241500180199772,-0.720736952793297,0.755246879860963
"Blue endpoint as query",96,0.196859565796331,62,0.71370889688842,"C3",158,169,3.24793457360812,2.99806227078502,-2.93394080853674,1.13542908932084,-0.521058919948989,0.616740392310557,1.48182349395475,-0.241500180199772,-1.45211731458199,0.375240212110785
"Blue endpoint as query",96,0.196859565796331,166,0.491361290216446,"C2",159,124,3.24888292135766,2.44478752033191,-2.21570109124227,2.0452656223713,0.628603810889675,1.0332737748721,1.48182349395475,-0.241500180199772,-0.733877597287528,0.791773594672326
"Blue endpoint as query",96,0.196859565796331,48,0.49288191832602,"C2",160,125,3.26688925855221,2.46434662251571,-2.22503440739205,2.05482595852883,0.614207971207878,1.05935176491386,1.48182349395475,-0.241500180199772,-0.743210913437304,0.817851584714089
"Blue endpoint as query",96,0.196859565796331,135,0.708617713302374,"C3",161,172,3.29696376537878,3.0246764920561,-2.93745556620962,1.19998305324404,-0.530417628431552,0.72112597938288,1.48182349395475,-0.241500180199772,-1.45563207225488,0.479625799183108
"Blue endpoint as query",96,0.196859565796331,15,0.496334829134867,"C2",162,127,3.307929629383,2.50893385326813,-2.24596741420525,2.07598325363521,0.581328550392313,1.1182036730413,1.48182349395475,-0.241500180199772,-0.764143920250504,0.876703492841526
"Blue endpoint as query",96,0.196859565796331,125,0.707239287206903,"C3",163,173,3.31054910945827,3.03215676179077,-2.93814279075889,1.21736955895804,-0.532702670336625,0.749193946308328,1.48182349395475,-0.241500180199772,-1.45631929680415,0.507693766108556
"Blue endpoint as query",96,0.196859565796331,114,0.702851514099166,"C3",164,175,3.35456397281366,3.05667763495003,-2.93959789194616,1.27240816695208,-0.539257582579331,0.83787970357884,1.48182349395475,-0.241500180199772,-1.45777439799142,0.596379523379067
"Blue endpoint as query",96,0.196859565796331,66,0.702297183917835,"C3",165,177,3.36020066190955,3.05984759098945,-2.9397035240717,1.27932544204808,-0.540007056937106,0.849005577510748,1.48182349395475,-0.241500180199772,-1.45788003011696,0.607505397310975
"Blue endpoint as query",96,0.196859565796331,111,0.702215530676767,"C3",166,178,3.36103227897027,3.0603158197387,-2.93971761820761,1.28034363434869,-0.540115952106534,0.850642840293582,1.48182349395475,-0.241500180199772,-1.45789412425287,0.60914266009381
"Blue endpoint as query",96,0.196859565796331,124,0.501775671029463,"C2",167,131,3.37284588881422,2.57948033563211,-2.27822921723396,2.10771372208203,0.529068477160901,1.20970675605878,1.48182349395475,-0.241500180199772,-0.796405723279218,0.968206575859011
"Blue endpoint as query",96,0.196859565796331,67,0.0222509992308915,"C1",168,140,3.44150683414547,2.73534855469507,-1.18566648422412,-0.791576976431712,1.9326777962663,2.46502062949989,1.48182349395475,-0.241500180199772,0.296157009730626,2.22352044930012
"Blue endpoint as query",96,0.196859565796331,22,0.51057206466794,"C2",169,137,3.47758836011945,2.69338070402327,-2.32856332054067,2.15461674226774,0.443788102108392,1.35354810739681,1.48182349395475,-0.241500180199772,-0.846739826585923,1.11204792719704
"Blue endpoint as query",96,0.196859565796331,141,0.512845787452534,"C2",170,139,3.50445346317199,2.72261934335121,-2.34121580715268,2.16581246631062,0.421656670196889,1.38973545436841,1.48182349395475,-0.241500180199772,-0.859392313197938,1.14823527416863
"Blue endpoint as query",96,0.196859565796331,140,0.688260046532378,"C3",171,181,3.50686918208203,3.14429830179566,-2.93678148994348,1.45113578175867,-0.552923676886107,1.12335492654834,1.48182349395475,-0.241500180199772,-1.45495799598874,0.88185474634857
"Blue endpoint as query",96,0.196859565796331,116,0.524440453154966,"C2",172,155,3.63858405998551,2.86890885449298,-2.40352482813566,2.21658788095504,0.308859372847272,1.5664311079405,1.48182349395475,-0.241500180199772,-0.921701334180911,1.32493092774073
"Blue endpoint as query",96,0.196859565796331,104,0.675086630042642,"C3",173,186,3.64659373184938,3.22727845891654,-2.92488310455785,1.60481702557942,-0.553969230361135,1.36395933812513,1.48182349395475,-0.241500180199772,-1.4430596106031,1.12245915792536
"Blue endpoint as query",96,0.196859565796331,197,0.526243726024404,"C2",174,158,3.65885112625699,2.89108137060982,-2.41289115782241,2.22349542616867,0.291390052046832,1.59257896256029,1.48182349395475,-0.241500180199772,-0.931067663867664,1.35107878236051
"Blue endpoint as query",96,0.196859565796331,86,0.526823487365618,"C2",175,159,3.66532472083759,2.89816885558435,-2.41588433545496,2.22565760364747,0.285781078852769,1.6009014939035,1.48182349395475,-0.241500180199772,-0.934060841500214,1.35940131370373
"Blue endpoint as query",96,0.196859565796331,41,0.537454262608662,"C2",176,171,3.77969058058063,3.02395346660316,-2.4692358406313,2.26008135749781,0.183843885510239,1.74561419893488,1.48182349395475,-0.241500180199772,-0.987412346676558,1.50411401873511
"Blue endpoint as query",96,0.196859565796331,138,0.659891549265012,"C3",177,187,3.80102729757685,3.3200307266891,-2.90132149229047,1.76989441292766,-0.540997465661429,1.61398191580115,1.48182349395475,-0.241500180199772,-1.41949799833572,1.37248173560138
"Blue endpoint as query",96,0.196859565796331,3,0.539774174569175,"C2",178,174,3.80337583313672,3.05018729977749,-2.48050059345699,2.2662335079556,0.161897658364125,1.77503785018332,1.48182349395475,-0.241500180199772,-0.998677099502247,1.53353766998355
"Blue endpoint as query",96,0.196859565796331,144,0.540380778256804,"C2",179,176,3.80948321950903,3.05696548273903,-2.48342423885862,2.26775923140263,0.156181002209419,1.78259418054345,1.48182349395475,-0.241500180199772,-1.00160074490387,1.54109400034368
"Blue endpoint as query",96,0.196859565796331,147,0.54270679387264,"C2",180,179,3.83255669465,3.08262977160992,-2.49455179843286,2.2732871566351,0.13435033445661,1.81102667946975,1.48182349395475,-0.241500180199772,-1.01272830447811,1.56952649926997
"Blue endpoint as query",96,0.196859565796331,32,0.54650466889143,"C2",181,180,3.86898525123459,3.1233601496228,-2.51244050443288,2.28119697344045,0.0990384692187831,1.85553801791739,1.48182349395475,-0.241500180199772,-1.03061701047814,1.61403783771761
"Blue endpoint as query",96,0.196859565796331,40,0.550399734638631,"C2",182,183,3.90461137084539,3.16350659345221,-2.53043230629176,2.28783931383079,0.0633029589339789,1.89860114560446,1.48182349395475,-0.241500180199772,-1.04860881233701,1.65710096540468
"Blue endpoint as query",96,0.196859565796331,45,0.0149344548117369,"C1",183,163,3.9205211557738,2.95130896699382,-1.2310696009639,-0.962260882994645,2.39464308557041,2.68229235100141,1.48182349395475,-0.241500180199772,0.250753892990843,2.44079217080164
"Blue endpoint as query",96,0.196859565796331,175,0.55659376992844,"C2",184,185,3.95727537134635,3.2236352872252,-2.55832172946066,2.295244162792,0.00762448622315406,1.96132975137097,1.48182349395475,-0.241500180199772,-1.07649823550591,1.71982957117119
"Blue endpoint as query",96,0.196859565796331,2,0.640336565673351,"C3",185,190,3.97252348247786,3.42028115483335,-2.8575823510055,1.95759915748152,-0.500424998733563,1.8795069261192,1.48182349395475,-0.241500180199772,-1.37575885705076,1.63800674591942
"Blue endpoint as query",96,0.196859565796331,170,0.63283795514144,"C3",186,192,4.02590619537777,3.44915764191943,-2.83735480720721,2.02073811086358,-0.477336089640584,1.96114918780529,1.48182349395475,-0.241500180199772,-1.35553131325246,1.71964900760552
"Blue endpoint as query",96,0.196859565796331,133,0.625687938183546,"C3",187,195,4.06873463362555,3.47017834308855,-2.81651367255667,2.07577079153481,-0.451264231946381,2.02716266371058,1.48182349395475,-0.241500180199772,-1.33469017860192,1.7856624835108
"Blue endpoint as query",96,0.196859565796331,89,0.0126899401657283,"C1",188,170,4.07902961961077,3.01995560303682,-1.24412936475279,-1.01848562745012,2.54578825121534,2.75177651128744,1.48182349395475,-0.241500180199772,0.237694129201959,2.51027633108767
"Blue endpoint as query",96,0.196859565796331,10,0.622002283344045,"C3",189,196,4.0874096830364,3.47822155316346,-2.8052250844377,2.10204283583057,-0.436243808462967,2.05638940829123,1.48182349395475,-0.241500180199772,-1.32340159048295,1.81488922809146
"Blue endpoint as query",96,0.196859565796331,9,0.579310150118545,"C3",190,188,4.09963010099516,3.39768645311805,-2.65347124383131,2.28691848783439,-0.180824670011903,2.12211300167127,1.48182349395475,-0.241500180199772,-1.17164774987657,1.8806128214715
"Blue endpoint as query",96,0.196859565796331,30,0.579665700439364,"C3",191,189,4.1011300413711,3.39975375194801,-2.65487639987434,2.28631939429664,-0.183536562065908,2.12366590481526,1.48182349395475,-0.241500180199772,-1.1730529059196,1.88216572461549
"Blue endpoint as query",96,0.196859565796331,54,0.589536999119446,"C3",192,191,4.13262164061258,3.44813669922902,-2.69292283799741,2.26356320132549,-0.255336173493973,2.1535582845983,1.48182349395475,-0.241500180199772,-1.21109934404267,1.91205810439853
"Blue endpoint as query",96,0.196859565796331,131,0.59024479938671,"C3",193,193,4.1341002612173,3.45091794678679,-2.69558096972847,2.26146861467075,-0.2602114509413,2.15468742770103,1.48182349395475,-0.241500180199772,-1.21375747577373,1.91318724750126
"Blue endpoint as query",96,0.196859565796331,87,0.594782846281305,"C3",194,194,4.1409935860249,3.46648538978562,-2.7124087876366,2.24652919382086,-0.290540019984838,2.15855496254993,1.48182349395475,-0.241500180199772,-1.23058529368185,1.91705478235016
"Blue endpoint as query",96,0.196859565796331,24,0.600904693361372,"C3",195,199,4.1430010417305,3.48114589107199,-2.73453635817961,2.22215765667039,-0.328779965560244,2.15422552689387,1.48182349395475,-0.241500180199772,-1.25271286422487,1.9127253466941
"Blue endpoint as query",96,0.196859565796331,130,0.600737662054598,"C3",196,198,4.143059872729,3.48084403528117,-2.73394116470545,2.22288793975073,-0.327779069459124,2.15449319002903,1.48182349395475,-0.241500180199772,-1.2521176707507,1.91299300982926
"Blue endpoint as query",96,0.196859565796331,126,0.599933189572766,"C3",197,197,4.14325352955187,3.47931295287777,-2.73106782173196,2.22635371768765,-0.322924619407298,2.15566397593949,1.48182349395475,-0.241500180199772,-1.24924432777722,1.91416379573972
"Blue endpoint as query",96,0.196859565796331,149,0.0082406906876713,"C1",198,182,4.40959101782291,3.15947554567856,-1.26872747080292,-1.13547441900488,2.85882931713476,2.89354736069255,1.48182349395475,-0.241500180199772,0.213096023151822,2.65204718049278
"Blue endpoint as query",96,0.196859565796331,46,0.00744169089011848,"C1",199,184,4.47127935358656,3.18502456735602,-1.2729568340748,-1.15727589023839,2.91696247439369,2.91958257174611,1.48182349395475,-0.241500180199772,0.208866659879943,2.67808239154634
