"V1","V2","V3","V4","V5","V6","V7","V8","V9","V10","V11","V12","V13","V14","V15","V16","V17","V18","V19","V20","V21","V22","V23","V24","V25","V26","V27","V28","V29","V30","V31","V32","V33","V34","V35","V36","V37","V38","V39","V40","V41","V42","V43","V44","V45","V46","V47","V48","V49","V50"
0.0770837746787507,1.39357583258458,2.59142167853228,2.00852159761782,1.0136862090756,-1.65389005275689,2.0058054151298,0.229219468752434,-0.266067375635451,-1.32539442796638,-0.239398442928723,-0.0846453395960043,1.1969627543613,0.331535573040252,-1.35490940234957,1.21828311625552,-1.95406420152471,-2.58216241784728,-1.75135811487608,-2.00949938828123,0.00760616102943849,-0.234011030504452,-0.192888774371779,-1.55643526571309,-1.91236912597389,0.68976187249945,0.921407614922964,3.78017622794608,-0.901064711861852,-0.276192670394862,1.12317211746974,-0.501100242856018,0.364033586686539,1.57029680299152,-1.43452596158616,0.806258702539215,0.710395747367039,0.796515298898809,-0.432451676775276,0.866361263758786,-0.841757383016337,-0.444133127976173,1.41031913452944,-1.11525429613089,0.470429218145621,-0.195022026813733,-0.114991347601249,0.996427667275568,0.640317275788603,1.14780016592977
1.47553216583142,0.965724910090357,0.821753733122637,0.476485173088515,-0.564476967397564,-0.0106578020287858,0.3504404256466,-0.285772662806214,2.26698472268499,2.52941037762012,-0.208782722074708,2.21294424021815,-1.23173337737243,0.995747240072221,-1.83000995020484,2.1041192494028,-0.0841006107145523,-0.21506639566403,1.72287431710776,2.22930074420027,-2.76571364483805,-0.317479021804065,0.92917409801404,2.14620559783654,2.85256261877372,-0.95109851568879,-0.974764758073396,0.00451374859909953,0.746544565823187,-1.70592217785146,-0.658822434656491,-2.5228171765144,0.167897733226583,0.260408208616226,1.23455848290583,0.7624129191696,-0.753087638036521,-0.782648420385311,0.0736510124111493,1.47323047237161,-0.794793099975023,0.703332362062176,-1.80809253946575,-0.905425654969154,0.820343157559956,-0.225998230893735,-0.344129611293552,0.260241774007366,-1.07696736093564,-2.24632330226973
1.67813667737874,1.26382048263431,1.31181778138515,-0.119127546868289,2.35943947416041,0.849001452225786,1.12113870809073,-0.055420358864344,-1.8456473684606,0.915970483517586,-0.61730203433263,-3.46969018173202,1.91027493554671,-2.16027371485703,1.47174536369616,-1.36506627188498,-2.62543285370274,-2.15605678079852,-0.133670716437286,-2.42756806088772,0.200080517111911,-0.074155488266222,-1.25033938888213,-2.63518287787858,-2.59579998416192,0.675285330428688,-0.0884245777189706,1.61352437579127,-1.00334080841412,0.45962843738842,-0.93191076624135,0.384962245437238,0.403813387393578,0.439757180476852,-1.44954818471062,0.376421873923151,-0.00922876316405694,1.89718769392952,-0.912404580575521,0.171741980920462,0.69162559955876,0.0222568573648264,-1.02170784522301,0.360556227906432,-0.771164133506011,-1.27942824314906,-0.991080305986514,0.884331090945874,2.08867152037603,0.658614745349449
-1.36306182760294,-1.71554810194087,-1.13931891111279,0.828285722503044,-0.0710914577640785,-0.381664008958955,0.784455755528847,0.0443171151676489,-0.147976392460822,0.566571728037877,-0.0147862299388695,-1.61242055320161,-2.94040274541848,-0.84814302173734,-2.3554166868835,-1.41668106544905,2.5128065778547,-0.0482056351846793,-2.13423967230393,0.939590298758767,-2.4996331563702,-0.418538793638766,0.634977500187152,1.15747878958316,2.20930031897163,0.114661061897238,0.639580937007311,2.73834486933131,1.27829816454219,-0.156771027106791,-1.51905407266703,-0.624779072528393,0.803371735444216,0.936493239671458,0.30280211136601,0.113790688765352,0.825225448582175,-1.67395676953114,0.862328093904324,-0.737013131176216,-1.14751822133741,-1.04228106200393,-2.38547930312654,0.0175476570919833,-1.92382889098289,-1.39343530680501,1.03307985251672,-0.88102443620207,-1.74278294416625,-0.389814338884252
0.48656558351276,-0.456068241948132,0.444900584972574,0.525805499694601,-1.11143878711141,-0.873814429803336,0.0881985045223964,0.551808681706578,0.673346416122949,1.71127446753832,-2.19868326191026,2.20737944569371,-0.421401502739131,-0.277351381495492,0.0977760961943141,0.043091192592334,0.239968735459149,0.222332214963304,1.24477501177053,1.51668073574913,0.849567488512706,-0.853769463287457,3.3498708057335,0.705012245475368,1.53841902464687,0.768450656900919,0.449763815490923,-0.34108134799345,1.22778170409947,0.734433572127519,-1.91264258750661,-3.8436190041189,-0.832214048398196,2.50555616715571,-0.163244922409124,-0.1160649035792,0.824025320891075,-0.526398313409074,-1.4940043659377,-0.279980022237598,-1.52252501581663,0.233256593651389,0.179510383657986,0.197070652958369,0.559570757367537,1.34766199233199,0.874411540517699,-1.46711617933804,-0.488526052887858,0.280881023653688
0.0332239962229638,-0.381321217631773,1.11464898623958,-1.22591563808469,-1.44983107548393,1.30594899371897,-0.626871244126356,0.890239298640152,-0.677428138927277,-0.647824817553499,-0.509336400265711,-2.57177882744527,-0.0579172448320822,0.154850835046492,-0.63981649760899,0.794549186652119,-3.59320127823998,-1.69427159482672,0.981878569579661,0.80011968109446,2.14161981404571,0.0611118617395114,-1.82870247452708,-1.98016144178646,-2.21503880694938,1.04639945211185,-0.498699858583866,-0.632070494913259,-2.08660678400805,0.0681527249331893,-1.69680731719587,0.860226865168158,2.26223240083252,-0.361078835796004,1.98657595780476,1.06503799903293,-0.279570080040774,-0.453644452519302,1.26135678983376,0.0164806018907181,1.72886445571598,1.38399299700931,2.89462130580487,1.04519286352391,0.112231655820085,-1.81907699748141,-1.64937571919349,2.57818680871806,0.487310987607705,1.73413069475091
-0.764281311888079,-0.151759272838432,-0.583975288633861,1.58455995089671,1.73576394782902,0.179024387548525,-1.16598966681907,-1.08325957566507,-0.982278896327608,-2.30952952281422,1.11976090410728,-0.283621096704395,-0.104801859389722,-1.24098118870064,-0.364308214426443,0.74351471570343,-0.979727573673406,0.034839402328449,-1.97823519990658,-2.16932635228355,-1.33342342354597,0.324675252713192,-0.74807986463123,0.745418561466656,-0.749702987018686,-1.053539168598,-1.06120829968637,3.1755022607664,1.79700834485322,-1.83957008010507,0.381732486826269,-0.776776319007611,-1.05632863713402,1.13792174016785,0.40847256864132,-1.58717053828974,0.922183531934997,0.928306258205503,0.298220918991944,-1.86475789639233,0.868947398476123,-1.3441436519483,-1.54195344002922,-0.0675435144619156,0.207091420410619,-0.0500279983665547,-0.108208269165008,-1.91895362343082,-1.48309731078455,-0.924185074537039
0.201415388760229,-1.51908872811042,0.572177195594322,1.52192499923285,-0.466553118119135,0.21674857828738,-1.25604724582231,-0.788965377052388,1.1228973836972,0.412163679405868,-0.883910428668349,0.0438597181284481,-0.407143427389391,0.487761528173377,1.34735078511208,0.729214980112561,1.88402651879783,0.0453227783217579,1.79519971982108,1.23096742866323,1.58067818055609,-0.35391273462653,2.51616986733123,2.01970697127607,4.29295944216165,0.0666543239879584,-0.771834425205127,0.933793590613615,0.998829683988291,0.544463979580074,0.882299448796136,-1.22254839493094,1.11420241747569,-1.13033841832761,0.542887389605944,0.517370098504621,0.872857899991832,-1.513783192489,-1.24884534666274,0.923037657936785,-0.531746930425324,0.196765342662243,-2.27808811844578,0.841898556623483,-0.348754864792502,-1.2353268977724,1.51352568782301,-1.13458933465628,-1.58761832433062,-1.13254477063143
0.666077955680555,1.37571182821977,-3.72452364994659,1.72849950603553,-0.562619286314491,0.104415307814445,-0.294099985986032,1.32142929495252,1.66317139398378,0.872609010004955,-0.277631232579191,0.646355009798649,0.441012830681331,-2.1995537803168,0.259611875916018,-0.521084070224104,0.391486386337899,0.852955860786419,2.78847755979166,1.62845195772217,1.47702617304261,0.122186162113128,0.609997885684356,1.12044673834295,1.68205775547305,0.265295966486937,-1.5253196939934,-2.4661984607212,1.09564861815696,-1.86042931187336,1.17156785015206,-0.65003595389457,0.0380975477731733,-0.204429393018251,-0.31706825346256,0.138205635656138,0.917739970818814,0.00557389978532806,-1.84539163937414,0.755732918671503,-2.79414288923974,0.910668759186663,-0.71981631229374,0.158238650477721,-0.116381438100615,1.45734791432592,0.0781558098167856,-0.625877378848697,-0.473927392374086,0.137231265739661
0.857885734762828,-0.321336707350513,-0.348670440271476,-2.05925717496807,1.16487655910987,0.543420327655233,0.886919556332378,-0.256518927075105,-1.13012335460335,0.0606206934826418,1.62620799923735,3.19504181223129,0.582783069336297,-0.466165757032358,0.495697564431527,0.1110606865118,-0.011920859347367,0.473463396660094,0.618385541271539,1.68005757011315,1.07167791973782,-3.76241639545234,-0.490673700162889,1.13408453841392,-0.631391757945045,0.45689658056866,1.06282708413158,-2.50667737683239,-2.03700961357804,1.64274015771959,1.82939112250177,1.23991613561655,-2.83942099812628,-2.71231238506251,0.695518508576586,-0.161749198220985,0.850995803042376,1.42801524018707,-0.287565366339462,0.292275835597995,-2.1815929396866,1.1220642510259,0.0399548016663022,-0.334617629597859,0.538287518312393,-0.125222674319656,0.360199433272684,-2.62417787187747,2.37067876668681,-0.196537862917866
-0.252738427996892,0.79893150138451,-0.329600576721294,1.43828273937626,1.39376205234861,-0.837349459371795,-1.63790327080924,0.17836034542566,1.06195488287658,1.8814450056429,0.491098780131836,3.57025107098915,-2.41232905431796,0.648219197553308,-0.756338458797323,-1.31764366588663,1.3095124891556,0.363916510521327,0.90149990589494,1.49560456851412,-1.73225841019506,1.30207319454962,1.34240973025322,1.61564623365396,0.987110088852062,1.05335216818746,-0.364118903333154,2.15056552198231,0.800665018277995,0.114098960719917,-0.541969020972027,-2.55730782588705,0.28463844563715,0.630731491531282,0.960674922322822,-0.0457668868210675,1.959307233634,0.0154693138934408,-0.43887725158701,-0.818843783707663,0.569718848961753,2.42505845240208,-2.40074364777885,0.0885924572542425,0.365045655816781,-0.0392312189786201,0.363490850907291,0.630090815162652,-1.53903345777716,-0.625717960798251
-1.57818318157848,-0.446453996953195,-0.819777250225247,-1.38016452927162,-1.42164282772589,0.776155650546764,-2.71307490124211,-1.68748302863384,-3.21645784103961,3.53077828660753,4.38835905089433,-0.114088991228228,1.82227963019968,2.43838462102941,1.33731827772438,-3.79716197333397,1.71756196619951,1.38995882119585,-4.04746643424233,1.23734770981979,1.62079530657077,1.85119557478028,-1.01495504600421,-3.21471806720016,0.0197178075727478,2.71185945920907,4.29576181059066,-4.07447462375207,-0.436749720326072,-0.164139366920042,1.55823099510195,2.13769866738357,-3.86859211055206,2.48256566116772,-1.90392186906198,-7.64496483457045,-2.9752578023026,3.12543341982108,2.16289255487698,-2.28042686389764,2.34402568555502,1.31781706843699,3.2088657795078,-2.87214149777342,-2.43760174174298,0.879524846717295,1.19316360275125,-2.34832687949755,-2.03985656691856,-0.0729822546757555
-0.820489177634077,0.873889416951608,-0.801276083476482,2.73209944586251,-0.94439739228334,-1.08218854294342,-1.61858675934612,0.895600644918956,1.27857752641548,1.79222972339905,-0.000269831111896851,1.28242215699107,-0.264378375093871,-0.784354493693303,-1.21433844383356,0.299329782835904,0.876218214737283,0.334231858963275,1.49823730839159,0.657601376060052,-2.06002093883795,1.12818535632792,4.09557098990292,1.36606588725339,2.30564604669019,-0.626223388741638,0.706468727891238,-0.665093625461058,0.123896712995695,-1.16619096639537,0.681924624188545,-2.64775229667278,0.657874265456442,-0.746923149217912,-0.119049317351303,1.46549953140697,-0.639542466252534,0.0984399932932861,-0.659525954996333,0.191292300038353,-0.120848067976541,-0.447030011242395,-0.475923056979232,-0.56117609491882,-1.36247757888006,-1.9666543020524,0.901897345791326,0.437717427335312,0.0768620764860117,-0.709897230271652
3.11833196756589,1.95705345885173,-0.551504532342472,-1.40440558930725,0.0604430937218759,0.692728549264309,0.973310041307891,2.58870581676345,-0.0783945557864611,1.29489941857567,1.53417534598339,2.29310280595478,-0.241782290254006,0.101574082216155,-0.414821005822586,0.40271058547464,1.60290925741488,-0.527747287076975,1.07329047557396,1.02845889835234,2.66435002568137,-2.48400210504148,0.747750215866545,0.539501582244763,-3.35017980368317,-1.0058379166517,1.66913850626859,-4.45586571897031,-2.28468685178766,1.54124997861594,-0.54464049118611,-0.75153890755272,-2.50374051966495,-3.30064978394848,0.753373712686233,-0.397503709956647,-0.397285646208136,-1.48075355029987,-2.09705447565361,1.59337804228403,-1.59994042074082,3.03497723520119,1.61236502884227,-0.311156212563738,-1.76801816893993,1.96884097140385,-0.923096178414859,1.28426248750655,1.99117817808936,1.75716324191951
-0.203524964568892,-0.104811666960418,-0.097700634694137,1.11047107036829,3.48988217833026,0.517456286853497,0.361287751815915,0.712858752884758,-1.87311724443445,1.56723297186494,0.204898099314254,-2.93911560755306,0.680059694850354,-1.18305635574912,0.562887389598474,0.0824624962341491,-2.05940288445654,0.172111265145942,-0.0670005153900176,-4.19080949651214,0.350921102109087,0.0182063507075997,-1.9218526233219,-1.90612640603067,-1.28127545167717,0.142701457519056,-0.0337619069571728,2.12055351122357,0.125297084928063,0.106057620511387,-0.494459854201184,-0.624994553416755,0.802008299797847,0.417503674030234,-2.15709095818126,1.01598559046204,-0.52186406825733,1.04027408872561,1.34418456558916,-0.712113420726352,0.979860756705357,0.310849510826641,-0.184553880767739,1.10359034284702,-0.45880736423421,-0.673971777314264,-0.932405051009642,-2.01156303577047,0.385553903653357,-0.551427780011356
0.792373771657177,-0.640842946260761,1.63651959725961,-1.1229083349756,-1.88690442809831,-0.578799896639771,1.80755923841642,0.795523816452114,0.145811373283875,-0.937540902296295,-0.371193753203586,-1.72042807109295,0.72723556493826,-0.642264554920146,1.8511956490215,-0.976239582064659,0.0181351422000801,-0.425887051790303,0.474907931791043,-2.04088699235522,0.399383518302559,-0.926712513258166,-0.82885545719452,-1.84748596104352,-1.34690550892021,-0.0972831298267827,-0.555389965543104,-0.481593541745419,-1.63223907603134,-0.184221339267907,-0.831097852516159,1.5398789152046,0.399394906747225,-1.40862453123933,0.232034114570303,0.892861032616305,-1.11785472959159,1.09885502933408,1.308721094447,-1.91185406493957,-0.269708280790252,-0.640685989982363,0.822211567238849,0.422195204419668,1.53202698585867,-1.38163869309843,0.0749693285913528,1.21009076236885,-0.165459111477313,-0.131295121789098
0.166068538665026,0.598350295012948,-2.81981864435868,1.66304515866282,-0.839064829063142,0.131194276393891,0.584031587694007,0.861982514133688,-1.07261463805545,0.157165331744476,-0.960791261321366,2.29509368199931,-0.00653525975572432,0.541473953680011,1.08106398558577,0.88672315527038,-0.0714783608476041,0.389913142450224,2.19076550369617,2.6429500517723,2.77846117082834,-3.02056715278102,2.14768560779903,-0.0155915039245643,1.0268973398546,-1.08991045254557,1.81978510783618,-1.7580358765113,-0.386583374089837,0.631682207237724,0.262504675778278,0.855558892135351,-2.32659944480114,-1.25083009314952,0.764386393374598,2.21761142220238,-2.95325912040437,1.58046582581162,-2.09612736356918,-0.483272067976849,0.298073087154498,0.377489997975807,-1.00915037656256,-0.453662891034555,-0.205666670163595,0.552320263147425,0.0864812814466431,-1.58870607241985,0.555866756231333,0.704500188114504
1.66336051317636,-0.539966435198067,1.61065342741964,-2.7147658247307,-0.696582001970085,2.82305100022501,0.212233297943191,0.695930951817559,1.26727509809074,-0.0499401744650269,1.09185415113757,-1.64440725556588,1.62554051507647,-0.481445041416952,-0.229603872732959,0.765656784478475,-0.95543230483028,0.986338952719803,0.993835605128514,-0.39013031952529,1.36482848325239,1.97099868106649,2.49381333927862,0.534822280709749,0.207930692525863,1.16219860952178,-2.51504402884455,0.752604353309896,-1.11934627497472,-2.07037778113285,-0.917864857623173,1.67754730428101,1.99320371479145,0.691046402909986,0.533993415154548,0.568337976986177,-4.26986421360142,-0.0677584537586318,1.21419679602998,0.0915264304464669,0.931180453219602,-1.27344437425276,2.22869100884949,-0.461989224869584,-0.839401705210276,0.886174793508752,0.609789033201562,1.17344466551978,1.73090395097371,1.12933981164374
-0.326736545379808,-1.57746825660536,0.655461621890903,1.40980784764795,1.26086883501836,-0.145486337147537,-0.0159162109912184,1.47199322250794,-1.81654615632314,0.390580768258234,-0.016199497738552,-1.45732497127705,-1.3730766495382,-0.566163562942074,-0.497990599861764,-0.157934112368262,-0.032533749482356,-1.30878890852346,-1.42702106875277,-1.99062688289368,0.927280261287901,0.269803378941986,-0.033545012712306,-1.69334007827439,-3.45254688301064,0.670745951791765,0.917786968154589,2.74532082448616,0.19912928232578,0.396393852873229,0.202339594923999,-0.166127361793118,-0.526104865059558,2.5622886330713,-1.48995215229582,0.95948659865564,1.20720186113219,-0.243552263789061,0.476870002685474,-0.201803175337325,-0.502786794171331,-1.15062594077523,1.06503172680379,1.86766899873995,-1.68902435476148,-1.03249224381929,-0.941699597695426,-1.29665190265947,-0.121023668830387,0.616301673214268
0.368405226042955,-0.748414054450652,0.437881065574596,-0.60736719352365,-3.39917852185933,0.316982418687217,1.75658954916643,0.498613211964859,-0.637832846015417,0.285271742888229,0.575912086878219,-1.47101841110716,1.81166378632526,0.211689299072622,1.60988533514916,1.69494018341371,-0.679333487247718,-1.89773607453992,-0.0961829649424955,0.430552174638635,-0.460822591429148,1.57775297493699,-0.893027330329408,-1.03575389378293,-0.659141636017075,0.960335378785299,-1.60460449749357,0.4732267272946,-0.411893362273683,0.613892955790935,-0.682481274860141,1.62293092814493,0.76316788178257,-2.12914822853376,2.99303504985889,1.48295631902481,-1.50218371271404,1.84400735594621,0.366810598702096,0.618374018028688,1.48800754505644,0.616963172322107,2.08528980814276,1.23755240623069,-0.887764400457772,-1.09027763975293,-0.264731819409977,0.422062756866444,2.03801779399567,-0.947280022579804
-1.10649206886711,-1.45011283718039,-0.590853069079779,0.284974085589305,-1.07652593682443,0.225566608234433,-2.03838786973893,-1.28683343774125,-1.27330723348147,1.49499116902076,3.46190914465195,-0.160215135534084,0.601198801782829,2.53984788825848,1.8017269283144,-3.83194194687912,1.55864579777338,-1.21721825717429,-2.01236441017165,0.672431936677227,0.650810985720623,1.77068449364272,-3.17671895406552,1.07824195428874,0.789081547713187,-0.988180359102368,2.5428392986759,-2.42314537485082,1.95107185040523,-0.373103386110625,2.51315553562629,1.46166555919096,-0.879699594485452,2.21532560669852,-0.687151479212513,-4.6921289914662,0.374311055362207,1.31676065369913,2.3017524561313,-1.56665487788105,1.60344950696765,2.64513855999378,2.14927891839109,-2.28392111046713,-1.87422253960058,-0.361577768219692,-0.0364562960986097,-0.811923259265804,-2.53536243932895,-0.0100441927390282
-0.126640836877965,-0.0339974306811018,1.64193182625644,-1.99607366487753,-1.26300240624918,-0.936375881511841,0.70899464399873,-0.120043924094813,0.0157665290812547,-1.43659260257214,0.521301007035469,-0.88960428291318,2.04939889448385,-3.74674736123037,1.18120616761356,1.12714828446781,-1.45658325542675,0.525256491612719,-1.03183330613284,-0.352045396109813,1.51704813814601,-1.08823080326412,-2.13070644225578,-0.973646222937392,-1.05271720565263,-0.214202889980651,1.40102744617632,-1.33625969098664,-1.98798275309076,1.35078380155514,-0.920411426006667,-0.0744590496311877,0.603180504692417,0.904035006618169,0.0725098808673983,-1.44564957866187,-0.984627750851583,1.21544585586411,1.27995945181569,-0.799665633667904,0.930997266279074,-0.266007168974076,2.57348617707057,2.50851540333984,-0.41694283860032,-2.13384060988861,0.223621155964147,0.883500990642745,2.12519103104761,1.0230133097023
1.65265017818784,-1.82949096986415,-1.75752224930191,0.6125066032289,-0.0827311681680597,0.656229484543159,-2.28345086555132,1.00303077902362,0.269831413425441,-1.0842487399535,0.334427336164484,1.18784018756894,-1.352750263318,-1.30953247403263,0.184573113982229,-0.440106965283467,0.40168503814728,2.17654759740723,0.510763997454475,2.49964678661396,-2.05147480019618,-1.98423170279117,0.23705781440918,0.548708145040368,2.38478400187489,-0.991128848759458,-0.674383602426785,1.27700058559779,1.49126739713094,-0.153077607248994,-0.0858552197823789,-2.48143440598957,-0.323953888822958,2.53774581456614,1.52982677686372,0.135191884823562,-0.439736361444527,-2.10956187290642,-0.794382202962619,-0.24972226086015,-1.01349498938726,1.23979704029569,-2.48251709694299,-0.865617867796772,-0.230618747248709,0.862893561681865,-0.898778597937418,-0.914405158291676,-3.50137857687993,-1.44069565578355
0.884838391099049,-0.197351890618147,-0.459316763244579,-2.16182037083752,-2.03941694009686,1.34292802602755,-3.2328676242728,0.416784748288661,-0.65404273605429,-0.658578258489891,-1.39455881210457,0.129818164464797,0.822378705540638,0.895280153625265,-1.05709488086906,-0.592921316544186,-0.200992508456423,-2.06645209174031,-2.68182595116073,1.33188674584865,-0.772580544075342,2.80081932774202,-1.55502566605982,0.0888067959824465,0.409367258954337,0.658686022361799,0.482473730457381,1.81362870644226,-0.0574469262682818,-0.126399708969641,1.93239950166697,-2.73734681138941,0.772928303844432,-0.779804420348873,-2.00076499800434,-3.93869568443669,-0.306343207860742,-1.70065913335066,-0.865775706376817,-1.06385351456681,-0.393764464477936,2.81092211103781,3.06304175344899,-0.132873248975509,-0.0868662580207182,1.18813367363083,-2.321923865741,0.525378827733375,-0.0206913287348282,2.85961851377773
0.130831869262135,-1.5375497054576,0.551542026379584,0.499107117534353,0.0466027147255398,0.174935752191052,0.722176200241132,1.02025762640353,-2.74607082431446,-1.67407693282129,-0.253642566388323,-2.3851333146123,0.590702689510782,-2.62243605042973,-0.55099435846975,-0.637210101878046,-2.39159275169637,-0.0160066048279751,-1.00768584547608,-3.86931585012533,0.558675001323243,-1.90274016555222,-1.53651228973148,-2.41806601046858,-2.51268806246664,-3.0431485977487,-0.627769528564749,0.303887796331032,-1.80170679605617,0.569024619072858,0.227852389134693,1.46399546382663,0.706380473181163,2.39434675584213,1.00988342806281,-0.287848418582966,-1.0919469072389,-0.0590939285488577,0.00899969477690737,-1.34891303028646,0.0294214999266077,-1.34997667418732,1.33741247889908,0.0999119815638859,-2.19249809753969,-2.04574997926792,-1.01432509612776,1.99857219321236,0.664402739631724,2.10550217645668
0.557341947127826,0.193583526739203,1.77151137821705,-0.44716666445017,0.00206514475138783,-0.861666235195754,-1.6197741363578,0.370328710228053,-2.5240441229719,-0.292597156472602,1.1418996840369,-0.814434697622493,1.8627541915332,0.21398380177092,0.309470507326193,-0.394484387829667,-0.479725489250469,-0.122956349129963,0.113002976760617,-2.18355895795019,-0.945360857250431,0.0488840481829241,0.259398541190955,-1.65338248415335,-1.07071417305577,0.153108773155368,-0.145032338781464,3.12471504374759,0.745878704052835,-0.93098411732838,-0.556678097592854,1.08179656105354,-0.925590434980618,1.25452594154585,-3.01026344862619,0.936130248283146,0.724483649412081,1.67781189838234,-0.902915291765722,-0.27279495335088,1.7768267683007,-0.504997294364047,-0.678507747215802,1.24493593715902,-0.00269689699374091,0.12475339399806,-1.09533573376278,-2.40318700591314,0.40874618700129,0.663431874328674
0.0444145237777729,-1.76745416934728,-0.699513116113772,2.48732170872079,-0.181247299295784,-0.419724196564151,-0.576568619174553,-1.3504435353354,1.56232091824003,-0.8232530175004,-0.452913329268142,0.865108366887494,-0.72696949745867,0.65025406822697,-0.0166886091725153,2.0440848621475,0.470381361541748,1.92973387397809,0.808344706296518,0.682689644278567,1.10267812492798,1.88045273233752,1.89858087424318,-1.00636228533387,2.01884150716399,-0.534650958781337,-0.897443911156073,0.104843724213384,-0.383861539857639,-0.301030492714716,0.0532448805711228,-0.421592127647048,1.27061040467627,-0.359840447134757,0.134216000226354,-1.17140822021088,0.823569215549835,-0.871730956227245,-0.23471087617985,-1.36578099424765,-1.23048889531534,0.707863319311469,-1.86892717781944,-2.83572369640593,1.68990335499968,0.025516945024061,-1.39363990829746,-0.440256143313433,-2.8116085985176,-0.561780718327503
0.82572796593986,-0.231538098580849,1.59266139700233,-0.678425910390765,-0.140109891161305,-0.302755162131035,0.474854800356904,2.54251721613589,-0.687325836753077,1.6881321584087,0.896222228608999,2.87591877097534,1.55459113736059,-0.370950468004801,1.72602616525349,1.73049392030368,-1.43594657662083,-0.689362211247075,0.913112286551246,0.00827221003649235,0.757365791478559,-1.98258347146835,0.82280745266741,0.211561597033674,-1.37423283965382,0.176703986944404,-0.210644286144256,-4.43588940682902,-1.05449528045682,2.15016487203564,0.825640185729886,1.62472078022695,-2.07497925177742,-2.20480336961111,0.709154832939115,1.79376196611149,-1.19282525519226,1.49099237507122,-1.665845593553,0.526672094259681,-1.29659813273404,1.14684425341793,1.81600712977432,1.02770360914164,0.205030940016938,2.23801136423607,-0.151659173432404,-1.37341225976439,3.30396173302317,-0.657265475681545
-0.0334222937112525,0.8141197553316,2.48720997431682,-0.434964628248245,-0.305595307379562,1.38529729610637,1.41728411043626,0.206595955477954,1.313675855405,0.489238735036838,0.293833942318225,-1.78056104037294,0.890173554124959,-1.70032293422688,0.382161507931773,0.383696953879726,0.703032010446676,-1.24275297446342,1.73753847489696,0.711607458630089,-0.0609917573766902,0.190557049825761,0.639238728814873,-0.702502067755403,-0.947662862607586,-1.01752532072077,0.810304234414713,1.02375076095802,-2.4237038446069,1.01838279668615,-0.905451245161056,1.163173455186,3.11061387535675,-0.599240304903064,2.21920300067598,0.400901294391132,-3.23463165633813,-0.449270651287361,2.42956812055632,1.61480644676378,1.01343117326675,0.310846695443193,0.328243861943249,0.601951348081719,0.266696016750627,-1.43689385221276,-0.547812178676947,1.12049057229969,1.51879344469304,-1.44406404655103
-0.948641435770996,-0.0557134636161489,1.16435939630074,0.581922200956392,2.73219447612069,-1.65515646813361,-1.45883563367847,0.340684161244635,-0.809844715354301,0.764954471607533,-0.463078773555907,-0.0628243256476284,0.535843454668303,-1.42161860919026,-1.32875151204613,0.453435066963212,-1.24722684259519,-0.257342817687806,-0.898085767427124,-2.81133574796399,0.096871832942632,1.00986513953528,-1.94237647823813,-0.591069863081659,-2.1588290626587,1.07043558577739,1.6964282540387,3.13608778103301,-0.561978043662167,-0.556903994770926,-0.460396304082895,0.711965825518488,-1.82487815451242,2.52762221592748,-1.52804958217479,-0.734390020111523,1.52768397094022,0.667443092952404,-0.842190224245079,-0.571518487266181,1.40274886147602,-1.38187694631484,1.19594726092633,0.644337509730718,1.20820193118878,-0.136293895964717,-0.734169670353703,-0.131943674803866,0.821642669066303,-0.0405587474205137
2.78378147355722,1.94219341162576,1.98038180701579,-1.46240880468848,-2.89585539678388,1.33917799153497,0.909599666220573,-0.276120810714866,0.981385923324365,-0.875573932275024,0.456266529735256,-0.0181637908715229,0.75190011281829,-0.695079096827572,1.86106401867146,1.37801186386056,-1.6326467445078,1.22240150871996,-0.42829593532126,1.44291756163947,0.256110759743589,0.0324309065452139,-1.30484266641128,-0.196530579440764,-1.09879076901422,-0.890418826492465,0.922653973345824,1.30365201738637,-1.531092822862,0.058308265001923,-1.05362645744473,-0.527121785601527,1.96213236653994,-0.257438511724119,3.01320306245812,-0.192304595696496,0.323867646188762,-0.586239489364724,1.99156323699561,-0.453088352396814,1.7262177596931,0.888253676137762,1.08659201480054,-0.871219964552762,2.69651338505196,-1.30177051405918,-0.936306801298659,1.95315486425791,-1.34441999211181,-1.76187779239077
0.85375923812049,-0.889980500176085,-1.33727776865844,1.99599907050331,0.304591179515224,-0.564408784175813,-0.854558557180499,-1.17793917876935,2.98003127013766,0.766185448018003,2.38730523575358,2.00425474086114,-0.449961653630759,2.21078226058427,0.0843483556343831,2.28806670146071,0.916589886046498,0.0545994750430261,-1.04389070211175,0.0696880812646779,-3.0485516837306,1.70363874117727,1.89277300765175,1.09551753568537,4.07081865340985,0.14276100113001,-1.08375190056855,2.01860148811506,0.288275569067237,-1.78592678759366,-2.08937429623167,-1.50350471700574,1.76756360190757,1.36620745512069,0.916966254382908,-1.12531362400437,1.8567846819306,0.405902593305325,-1.69965136625306,-0.362584245576845,-2.02446098740915,-1.33428018362237,-2.36830152869341,1.1048536718432,2.25812745750483,-0.0449422824341275,3.78940324072028,-1.73758168473996,-2.15101981672645,-0.406240828706997
2.73326459352204,0.97427625183701,2.12533313417398,-3.00809479420267,-0.937049032298544,1.82893656570471,-0.780979984452047,-0.349359856087702,0.818897033111445,-2.28121829439583,0.974465857490979,-1.91139154690091,0.903615362324091,-2.50090741541857,0.291609808987044,0.283095703490477,-1.36553912780638,-0.0472959628386517,-0.578357042580061,1.56798682937033,0.942654446250535,1.22009115182359,-0.00804265345805277,0.701218878608633,0.209051819018127,2.06837669412615,0.272456476668536,1.78519905122551,-1.22232756868318,0.374749606809608,0.107429617558689,0.573281792558894,1.68083283305482,-0.396842491101182,1.60526475907756,-0.494809804453234,-2.66551969873888,-1.25452076296829,0.481132008155402,-0.968149888507506,2.24972428087187,-0.678473354597393,1.03319783343356,-0.623120560185345,-0.728499906466011,0.82265001143446,1.58978808259764,1.87912993642227,2.03672017373162,0.120043834459224
1.80573829861494,2.56030145861114,-0.616550319693877,0.00300240318133226,-1.01555359332285,0.98836928409473,-0.228791223676766,1.18711701018042,1.04065914661596,2.78628902309074,-0.994035421187432,2.01205410974418,0.739706939833499,-1.58992758064454,-0.33598497934157,1.07296109186263,2.36347802452317,0.259064940333309,1.66323455278326,2.59796066763535,2.22869772313574,-1.64673135052604,0.279579242906703,0.400499532775004,-0.758176649605947,1.09623002226279,0.708177638867636,-1.88533503105556,-0.829170929469766,-2.20781879104019,-0.441705894845457,-1.33312834585347,-2.95410074601713,-0.624434825868874,0.658395162242544,2.34692607426312,-2.66670117776635,-1.38867028001401,-1.32158765683961,0.559502628208244,-1.69411277662076,0.43026750605101,0.356594432739474,-0.1452804914686,-1.28363133021429,2.06934488090442,-0.273524795491611,0.0693988126426753,0.44426644942243,-1.13705992809941
-2.85162057005133,0.376485545511837,1.78200218913294,-0.303853244432324,1.69909004178571,1.14226081917399,1.53525946310678,0.020900168069779,-2.25258241506551,-1.82543043315444,-0.427343175683766,-1.56217278250093,1.81164165507953,-0.891752745950805,0.274115677630445,2.00483698084265,-1.2090424916222,-1.45815204277218,-1.45851753792511,-3.83136101487622,2.52800296057022,-1.05638212296071,-2.46426470166228,-2.30096108350764,-2.44063746579235,0.928528522470237,-1.49750021448377,1.87919795457983,-0.778198425259483,-2.42981146938273,-1.57954515392651,-1.15445337931292,1.27890452586222,1.96273339047879,0.674553178015995,0.811935022990118,-0.887968899688197,-0.785880445215821,-1.3727064774236,-2.46098705465361,1.59547658933527,-2.50798484514761,0.281299504172383,0.427938896069155,0.156785431677421,-3.68972617930088,-1.39376776223975,0.748830644716345,0.828334381325772,1.70472941872798
0.871018049160335,0.852571665363045,1.96974783648826,-1.41547262493562,-0.0137089771619492,-0.42522710858837,2.74861296575218,0.918980922367726,0.0832963724575901,-1.38891294702869,-0.236012041116798,-1.79524174008114,1.26264189698964,-1.7264309197707,-0.0830528333342156,1.41049721183184,0.408566018288929,-0.872057967496926,0.222657238714841,0.0341781656735177,1.01115392063369,0.0161662259460822,-0.929826704060829,-2.32879955989147,-0.575948765322815,-1.04215407006562,-0.035435385861935,1.60229877943876,-0.727721920495476,0.0608852813853414,-0.1073317214851,1.48925745167318,1.25783815092384,-0.607554653878502,1.42997280245017,0.643608952233462,-1.16514236461416,0.786794226336891,-0.0701134048147313,0.83165948080639,0.386802321070905,1.47451747000008,1.03436985551689,1.65388561066456,0.731831851270415,-1.02613980895168,-1.48211912253957,2.73044530999108,1.72036571980463,0.09867611271598
1.31570645742956,-1.61503329116513,-1.13133818058465,-0.316605641781192,-0.963217289586925,2.06125711590933,0.936860287906517,-1.14569675605948,-1.28026429525228,1.16169373684703,2.37610690192975,0.638595241490644,0.00511536677361488,0.842861283036671,0.477818783704561,-0.14814334234608,-0.613256693299084,-0.795779935870463,-0.999183469679595,0.801262262579684,0.0286177198831751,-0.31652211646429,-2.94600014714192,2.36104047418988,1.79545167412768,-0.809377646358156,-0.862525181723058,0.824468808372121,2.06525250559289,0.211122244088311,-2.19917059824359,-0.240885448147615,-0.00595368158735066,0.0904661942112473,-2.00223194204295,-0.894410436423447,-1.7417985458549,-0.0219220092506771,3.51656569829383,0.8108877769826,0.921752483567828,1.73109467298819,2.12643457912578,0.399944962431099,0.761588475659214,2.44882453299981,-2.48115820480855,1.33161019422162,-1.98531137830328,0.658188080639094
-2.08619131339221,-0.220581103154026,0.765599723504557,-4.48444041038327,0.0548179996991907,-2.76691810546116,2.12619692161709,-1.59216769938611,-1.29476529689357,1.03658412950179,-1.07298900113424,-0.0693534560386783,-0.927225211144024,1.45522581556374,0.420236014321685,1.41344536626099,1.20579681751928,0.186344645758333,0.19301371645455,-1.26794031111713,-0.730146524068167,-0.587417490286736,-2.83724182472257,0.316229245611581,-1.49090122686662,-0.22039240446671,-1.80897478698512,-3.44611999708743,-0.466170575458421,1.85252095377596,0.450431150114021,0.524068838484163,-2.88403389413163,-0.71937291889156,0.746712346101891,-0.385723204608231,1.97162537789104,0.263923055153772,-0.719955465888678,1.98455656943982,-2.11006109959377,0.00808613395473248,-0.411078106354723,0.0966137157813525,0.573712011794675,0.789721100359712,2.7615106008758,0.794053610344779,1.2266809595395,1.52578559617715
1.10699219901828,0.289572916038209,1.04086101454461,-0.951930799199695,0.463382415059958,0.771694559457752,0.372623919157457,2.56048042660947,-0.116210744790943,-2.08562671915786,-0.0405872242587885,-2.19183779641607,0.68419233896196,-2.54318280373179,1.63956380994998,0.296438838661713,-0.419814472438538,-1.62380891291492,0.919871269584906,-0.21998433223473,-0.259954303710701,0.731350418669495,0.878396110702716,-0.0292533692325375,-0.721952180540664,1.66761888756935,1.72480134021252,-0.276239694162931,-0.89002129251387,0.65873154712274,0.464711051433588,2.8298338774489,1.32113645332944,-1.14260161980112,1.9392998466376,2.22466570754219,-1.79441817203041,-1.24588034201567,1.51483491482983,0.943478663304511,1.71562591261691,-0.750081566057389,1.17711326286489,-0.461816635165167,0.78187586119436,-0.121199419309469,0.463310439347602,2.03792622307829,1.16856425924459,0.95040115698512
0.856478774237885,0.889067159343197,-2.31211366913519,0.951181017404171,0.264517735446562,0.319896294659996,2.14336947580482,2.01897557533989,-0.492974301871342,2.03811866500364,-0.703398731697705,1.29137846775951,-1.75026563933703,0.648210525150327,-0.450853575603205,0.469238662621173,1.15348822396719,0.854725642764368,-0.178140652092333,1.28886688287837,2.96444842295607,-1.15002919809279,-0.640898749491515,0.301197183477866,0.761280297272684,-1.35827659313276,-1.87615039356915,-1.7456267679392,-0.465571712123738,-1.97557615128556,2.23171518135916,-0.324065300443903,-0.0100315305371329,-2.32974160549653,-1.06184829059246,2.22774090251116,-0.872372733498582,1.00166898134744,-1.53026267195365,0.382926504368401,-0.877570237635445,-0.00318977976718999,-0.149100490749038,0.305640408866338,-0.0366978070466373,0.930921786130474,-0.18432513664199,0.18723058308661,0.683608167219603,0.135276135193734
-1.13637701500893,-0.465588418702297,0.640293144945357,1.9521418572979,-0.915961817383577,-0.304401321919823,-1.22544391179109,-0.726809112441783,1.57550457430059,-0.937141524536045,0.24357587352642,1.58814569352592,-1.81004660267165,0.621814296809197,-0.0965299574116419,-1.05142484916344,-1.23445324667949,-0.276019825115266,1.04029612989118,2.50164513179683,-1.78116674668704,2.61646012993768,3.68558967867429,1.47376741878487,2.88158544273348,-0.782020291785188,-0.902435643247406,0.810858302130376,1.33183875537425,-0.41317149291927,0.919943309479793,-2.15506496785475,-0.158488791449606,-0.000852867013574767,-0.0525718028240887,-0.519762146459879,1.53138354395758,-1.8458222163558,2.59782881056051,-0.523304913215875,-0.469361523706208,2.45720592425791,-1.43725579152806,-1.4487040579661,-0.326415517888148,-1.05849292986751,1.41080188102316,0.0729343636673045,-3.82220407722299,-0.757898651305643
-1.23925605901895,0.834276226276299,-0.081896494147333,2.01131186352685,1.10807333662584,-2.01157294442941,-1.22536508082047,2.0821366704286,-0.527838437872835,0.586100503923198,-1.84694617458483,0.055638238850657,1.11654996013129,-1.40448019907836,0.141341442794723,0.545539376939737,0.421907655612834,0.0595335989872197,-0.48361761948274,-2.41453168424015,-0.911615040733043,-1.15622113044031,-2.78503041484543,-0.309881985067315,-1.24973463700763,0.519361997293311,0.687003530864667,2.20828584178854,1.50936496052316,-1.75775669521067,0.0372450378865313,0.263029278620266,0.583497190302171,0.0811479465290793,-0.566973403843892,0.143386331643427,1.86013923838048,1.05663892344057,0.267293506725982,-2.2418803342645,0.504803411460374,-3.28897411860284,-1.61423160410768,-0.696388454160632,-1.13608832584821,-1.73448208671988,-0.972151571437786,-0.0949866884679637,-0.395145526255934,-1.24200406006152
-1.00145512147731,0.0120347195464359,0.0107780960495351,0.462119898512425,3.39821767190012,-1.32080287039044,-1.34385117576732,0.169742203602591,-1.21626705232121,-1.01205479098513,-0.0716748112966326,-3.01140644224092,1.08007608061243,-1.56660944491576,-0.0399359786023232,1.0448309737962,-1.04054089721865,-1.00286116780884,-0.0483157238080937,-1.95175211547276,0.101307910068292,-0.121215185998639,-1.62655604790355,-3.00169237660689,-1.25790545487279,0.555828395457302,-0.0711403501746178,1.98875170234281,0.986640232397831,-1.88138480733603,0.19591722184299,-0.0622764011093607,0.888760597563682,0.905838874512455,0.976956860027145,0.664007416770599,0.609551039379437,1.42601234705692,0.83604093867836,-0.761042034030578,-1.35221143179204,-1.27919122970125,1.5929142983149,0.73113604363893,-0.591209283446115,-0.0351563920648535,0.0137007485470387,-0.529645523504439,1.90642154940451,1.06112120244825
1.84321190742246,2.39725614575411,-1.00014402606853,-1.25517600737591,1.5155372384971,0.45190975570768,0.867460770278315,0.141669509695023,-1.15965411318467,0.569032562234767,1.41553923821998,1.56538732731783,-1.62642282535127,-0.309842052464067,-1.30516953112618,1.36144508254418,1.55863873711345,-0.0252222291439745,0.0741438526431586,0.819845552071541,2.1910444477918,-2.94589051064087,0.822855553748736,0.654194723341872,-2.6623894529454,0.105803199838511,2.27369638241426,-4.60398151252519,-2.53756134640223,2.15794486003933,0.479527313750682,0.234242660197429,-2.18372193596323,-3.35528542681587,1.60581882333108,0.269998998168475,0.329257413995058,2.14930693735719,-1.80128693146011,1.74440818570143,0.425977044093447,0.0363270343697851,-0.154263486981898,0.0373892106158726,-0.098980494832943,3.14746928200568,-0.612749035921953,-1.67864568977555,1.95723375804139,0.891068314948747
1.35333186860059,0.979713128964184,2.27804431728792,-1.00099703360567,-2.94393835859229,3.54696353649902,-0.00126518826960584,0.471069958089197,0.729305732739912,-1.89005463029959,0.741571226415524,-1.1541131529467,0.752889807754956,-2.36133372865388,0.562863191038749,-0.735136335774168,-0.668799930093191,-0.667196538730932,2.13042643969851,1.40274149204027,0.235813223113284,0.352678181681822,0.534846681999972,1.28365201569828,1.25736414052056,1.32275499937461,-1.21100708595846,-0.834077848363131,-2.2359691824135,-0.771912261958959,-0.956849661457381,0.00673946366164314,0.370823464988331,1.27316150878276,3.52698579044008,2.43602124014919,-3.20076542371433,-1.02442331857456,1.92079224982183,1.56003465925425,0.83693537784703,-1.20807349111432,1.88515020622451,-0.33948729739902,-2.37419391837883,0.577050736159222,0.0997226544811235,0.793952620519504,1.10783111654849,0.1790474519091
1.32381219388955,-0.225505058020103,-2.57909924657681,2.15549018148427,-1.08349976538655,-0.671253794230417,-3.03708240628472,-1.85257141279526,3.62838735334956,1.84072791830166,-1.41288990672267,0.880154104711176,-0.297879738810679,0.411762781800008,-0.0147436997090112,0.914912916912364,-0.595935397270437,1.029717217464,0.742209636381562,0.236513567704449,-0.212709189712453,0.977360425095814,2.42213011449596,1.71550912146167,1.29496584123722,-0.834391212186761,0.495125256883088,0.808241541965879,2.6585336440428,-0.426867660698578,0.723114217204211,-1.72734394214788,-0.528065798028115,-3.21931530378638,0.528409741630306,0.614603074114784,1.89787020804044,-2.71484890491086,-0.668131894672952,0.730386590667395,-0.230318229213759,-0.691698565677758,-0.672200721060758,-0.217306941365182,-0.341973976440565,0.0565951359963886,-0.220708927774426,-2.73602024517362,-2.38036818591333,-1.29380801721159
-1.15092883716478,-0.00877812387205062,-2.585114142659,1.25533344624557,1.66932451148382,-1.07572262461577,0.339459139166376,0.780839250325946,1.80841084117376,-1.27617015460517,-0.028744217161757,1.41717584632584,-0.640866335884239,0.473610888579758,-3.9011467205588,0.253339749573541,1.96941580895304,2.24925825214886,1.37867322192608,1.92225921925547,-1.92704062813343,1.4535829964001,2.31904165743074,2.28071340595204,1.72049446324566,-0.495476529995639,-1.09401594765812,-3.15873865503634,1.17323434398182,-2.55660276707506,-0.527149219212053,-1.61051112471405,1.05541349410544,-0.150429899738639,2.00630705216193,0.434453206501559,1.4766597423675,-0.537501864460571,-2.58013453827121,-0.28762733554263,-2.53818456121671,0.746937896626674,-3.30060233307994,0.525281991752884,-1.03912911974312,0.186407761894927,-1.73702416954263,0.816773010509331,-1.04652430053941,-1.39812020799852
-3.00787870264128,-2.32354080890804,0.484883226012867,-2.22344854840577,-0.640405013678112,1.14069166972161,3.24396186974627,-1.58290561566393,-0.969760050145889,-1.58930444320904,-0.260979916505776,-1.21033651508181,-1.22466483900229,1.36956397651432,0.532134941938198,0.0759513580098856,3.22170924054007,2.44417622353825,1.38302773952303,-0.634236785622802,-0.450220750784039,-0.415013280167705,-2.68863638045427,-0.719754559587705,-2.54944112731184,-0.534406128007045,-1.92873841455091,-0.366727793364262,0.338511143360126,3.03801226352545,0.961918046185982,2.18727487856311,-1.92190178160965,0.0578151661355481,2.00946048428853,-1.01901669384139,2.07955758763909,-0.300212799175331,-2.99123712880929,2.57711081019325,-3.2230701893208,2.91990657445742,-1.31441395301269,-1.12650084573259,0.453949974387793,0.0289845266198343,2.26997957345856,-0.602442468757027,0.553144819821785,0.364628736571944
-2.2592595928765,1.12607812307047,1.21706288432673,-1.09208876438651,-1.00169315763223,0.0577014695600858,-1.90242713370006,-0.835654691479998,-1.14044805626968,0.199255682520064,0.0188275372234643,1.58300546156557,0.907432482957588,1.33082334814994,-0.32853850426201,-0.986796199153921,0.408260542565634,1.63769096349629,1.23805786519,0.355874079402024,-1.9303316546462,-0.138155594370562,0.079009235807408,1.80766460375633,-0.0282410724101973,2.07853828808007,-0.953211001393315,1.00078823507438,1.07146111749603,0.0734059765340385,0.833960121385751,-2.00747190549784,0.877981661014057,-1.04904789727544,0.361903886300766,0.399093955628813,3.09112928692393,0.0474339770293247,0.885167254228966,1.50169993233816,0.332000049231894,0.277969501412273,-1.74373147699157,0.375742189025438,0.469725618285062,-1.55454031398111,0.926000864247373,-0.0835297251931297,-0.758625860610849,0.99196182047935
-0.921227980997969,1.72179067882063,-0.621189432929865,1.2512954441171,0.590629587832859,1.75107593685674,0.017881887516695,0.756553534718639,-0.49834284395998,-0.520862214043941,2.66770136245391,-1.33292799126587,0.263326919464449,2.00145582867166,1.75929112472289,-1.1899099002759,-1.63089559015549,-2.43809741422444,-0.873723616568946,1.41156227006652,-1.1890209631248,-0.478009682089283,-1.71541475051785,1.6971104929799,-2.35324002505263,-0.131679038893476,2.30763274769671,-2.38818715343772,-1.09938431484379,1.32454031271748,0.554605349391522,0.818712603460448,-0.327280722269353,-1.85449095641362,-2.70724625859937,-2.99825088237528,-1.44488878741665,0.747369675528056,1.23013067894998,-1.95398707862234,0.118028737134118,1.46936455583849,1.96837402050112,-4.15010600204928,0.110695829853366,3.15802143599943,0.247893970322324,-0.669326394726805,0.283794129875494,1.3157858736859
-2.99442325761378,-1.12431408503755,-0.461225717191062,2.36848317934056,1.51026949031482,0.66938099511056,-1.09842165011934,-2.60527693670847,1.72547582293567,0.76209053547946,-1.47110519122349,0.464328198940213,0.0342183104960126,-0.275558246663492,0.167269453840461,1.22026500699665,0.749585356273764,0.420718596267875,-0.203117928961288,-2.62831373636679,0.278433339616345,0.950433959875541,0.378705632291629,0.911672223133912,-0.730839663588752,-1.68710750823244,-0.921097896075255,2.16557553202838,0.299942053918048,-1.74983967538172,-1.15568586447803,-3.0438587071851,0.0601587179941218,1.94406212399445,-2.1273262832022,-1.39267361039215,-0.317284178281298,-0.865839808834145,0.765244422224259,-0.321969077239042,-0.0113449596069971,0.141606311869911,-0.48267829517562,-0.306559038607139,1.74136994199605,0.260213784499552,0.54166834254409,-0.45193979437254,-3.18849626476906,0.656409009183614
0.775029557440603,-1.60195104801412,0.407133732852273,-1.76982704069667,-0.530910992130786,0.85370679895702,-2.03471054072821,0.483489764766935,-1.3518346406304,0.664039467217352,1.13372328412553,0.854496859685831,2.19242630027615,2.40054130925779,2.91699884037988,-2.77694705583146,2.25189977478076,-1.66645397700688,-2.78661053390556,2.16163428488899,0.088111900619535,3.00798830413703,-0.846943437745184,-0.962668655260279,-0.777042630461854,-2.31436592900918,4.45195737492057,-3.58896763292169,-0.661029037876076,1.20424566100131,0.17786675418649,1.20739158281322,-3.14098727518944,1.99607352949229,-0.354232699664405,-5.13244702969755,-0.812687614063806,3.29072697721354,-1.88733877907671,-2.92998311638732,1.84754394668076,-0.0473544152626638,3.54098035660258,-3.07262051829477,-1.61430047882679,0.928140924488095,1.85002350893596,1.09130381790455,-0.791649768088743,-0.731330898424154
1.18001369500776,1.52481469294653,-0.740410053418516,-0.767751729030974,1.37157836446156,-0.945314321420173,1.54955262053469,0.256484524032686,1.25083500315843,1.17112010417298,1.18803542484715,1.70751282408662,1.14123690184725,-0.378013609981775,-0.813351816694218,1.45609964043501,1.03261325002557,0.88002283120906,0.730282891159003,1.22155004554328,1.42879784094728,-1.7704829145407,-0.707183093674105,1.47895065808324,-1.80734392060676,-1.12724224840147,-0.0472500011356474,-4.21539929724288,-0.654712294487838,0.122015772514848,1.95820555361203,-0.580458041661898,-0.947580650212563,0.239863140561561,-0.371500420129967,0.826601263039654,-0.992413726052096,-0.497197845186812,-2.84652522703932,0.298298003758505,-0.365527002067645,-0.856437330512227,1.58372507774462,-0.673660348416337,0.0770597804772426,2.7029991056385,1.95726212162631,-2.68312687840864,0.69856853518795,1.61519179834683
-1.45241732934058,-0.563553865269566,0.765825396707963,-2.8509047863839,-1.32427764863909,1.24838592823438,1.95059642412326,-2.83281285422895,-0.543445251317638,0.149177708267218,-2.55760549587495,-0.66998733496043,-1.69300184101596,2.61821462072511,0.309557986685257,-0.286681773331116,3.70018908928095,0.739402830365722,-1.40759760902414,0.101219547196991,-1.61753993168227,2.24483899730956,-1.56164724604009,1.12606863217976,0.534645655166058,-0.769997658673871,-0.195418629811693,-1.7726839742852,0.980123297681149,0.960974968044218,1.07324180087869,2.42591452049836,-4.4101133110469,0.486736257190781,1.10431195035257,-1.6821129204703,1.97616863031998,0.495408523610112,-4.20648181055333,3.70558748667701,-5.4334048239053,0.636343606347671,-0.441296727717161,-2.96182665296734,2.40282424814435,0.450828758251515,4.12502383976137,0.87554034953494,3.54955283576419,1.89041650069565
1.26446973309251,-0.425990007461842,-1.01294481415015,2.07621365222147,-1.02380462234631,0.744761641359755,-2.82989820551589,1.35699782852586,0.0950691469352578,0.862615160015442,1.48176296023468,2.82421900571087,-2.03041652045301,1.77815341195102,0.468258519976488,-1.24023091218733,0.837785775585602,2.24809702642038,-0.3660599726419,-0.13284476470787,0.0630857804061497,1.71347544131584,0.592429805971589,2.1163135912261,0.744950890664243,-0.341304876753378,-0.380980873136175,-0.258473556452563,0.625013307204615,-1.34484524907771,-0.727740419793457,-2.36613632355901,-0.034562904532657,-0.490530691052286,-1.04776685483136,-1.3136310780867,-0.833532010310051,-0.759669518984403,0.912285419416473,-0.410947173595283,0.499853053639578,-0.871093518642337,-0.332309247723795,1.11035166586652,1.71615502451813,0.293972528079979,-0.555984762438385,-1.61548953747199,-1.54466967075341,-1.23299998856122
0.948895522901701,-1.27897685150367,-1.74407678991378,0.324011539666077,0.223639587224305,0.331959345060127,-1.20720374365684,0.377575277964745,0.449860549741409,-0.920358739003793,0.033418413460597,1.27964963003869,-1.92654857877569,-0.14368498905033,-0.376945379066314,-0.695417270771296,0.432441528540899,2.01170649568763,0.917548377229592,-0.303723302368247,-2.71084804469002,2.33722721811886,1.34247875404482,0.50660106281961,2.18373672867177,-1.26436725487994,-0.495720419597612,0.273752555875753,-0.187945069124826,-0.717357064674382,-1.00635537866871,0.801180503043882,1.47751690680264,-0.572212093424488,-0.551229709572125,-1.91937679431216,2.18177218697565,-1.39263814898547,0.225813698132794,-1.52662253076313,0.705264249045923,0.770076094461909,-2.37900897879531,3.26781360177791,1.33854782488267,0.510058809812514,0.172409248478649,-2.2152092524822,-2.17067728793252,-0.964312700833123
-1.35775592948304,-0.0587421837616729,1.82445020525798,0.112687075058808,2.50069845785095,-0.703309560689458,-0.0128943110278445,0.388040786699335,-0.981951656047643,-0.843363503315123,-1.80615425711267,-1.47911851545247,0.686791217863692,-0.85617415011829,-1.6373866110982,-0.0211494673463024,-0.376109792110893,-0.948150799084419,0.235794800528829,-2.36287498007792,1.12188452047113,0.742301777379586,-0.903742620018881,-3.11022017946673,-2.72814619488778,0.238331784405658,-0.605018381921723,2.1520377755503,-0.19878589784494,-1.07746462777563,-0.744174354667957,-1.03908506503126,0.726533147535662,2.84607798125853,0.826072600473536,0.834337167765012,1.99677257211853,1.56530398667972,1.00533186809246,-0.491781199848081,0.718347602776559,-1.71393373254399,-0.515122252326721,0.745102489670168,0.137025569294598,0.23844895526425,-0.754304485570577,0.731303717689841,3.24775460133959,0.335093978026494
-2.33699526551663,-0.374057381291591,0.529437332145599,2.32656689402982,-0.492608952517829,-1.12185066685045,-2.62034516915938,0.0704088096307259,-1.23728286152055,3.0055109408437,-0.235186891952741,1.17814554945716,-0.826102643246616,-0.666320764782792,-0.610933809556077,0.360169573818154,-0.570991442277783,0.687895953223806,0.16425044322019,-0.559135929364307,-1.97522638164067,1.49154859562696,2.43936899392778,1.1578209449582,2.09020228873014,-0.196568680247103,-1.98761584000405,2.11462119146156,2.1665701845918,-0.663819236864586,-0.843542401877618,-1.15504288133707,1.2075518077159,-1.78636418481102,-0.00419850055173851,-0.374248439817696,1.70526022905932,-2.01366187263574,-2.2062899597014,-0.456013227418476,0.476737883997536,1.08087495199653,-1.10326784973628,0.319048071939356,1.5564344334061,-0.920213250604001,0.619227576093444,-0.483424983413392,-0.798177273385397,-1.49228972674106
-0.213164541765227,-2.75401404798877,1.33313966976736,-1.9563786526505,-1.82562421130512,0.741649609787322,4.12297639113103,-3.21133788353336,-1.8086690394246,-0.0726576719402813,-3.44268177520722,-3.31255073448327,-4.22230804319592,0.823099562099745,-0.139176311464044,-0.496225579452735,4.94862624217688,0.582567936323664,-0.82137268451978,-2.12278246487069,-0.45602559136972,2.48318430797629,-2.09036162891394,-0.866581795391363,-2.60271475811322,1.53729711406703,-2.4106571152335,-1.55167071328768,-0.463449236088186,1.20904967874925,0.0387259591408915,3.02679603316456,-1.08509687013126,1.35770809740309,0.109472462619339,0.245135631775861,1.03465928940442,0.622491999313472,-5.07425536350521,2.56757020132591,-3.53514825887849,0.599300640171378,-1.52310265248052,-1.66727626949441,-0.135922570011653,-0.50417875432036,3.14559031811572,0.970955455093116,1.88479535229591,1.91736224818251
0.638166040835488,-1.41231011515129,-0.688004051348819,2.56689180390334,0.602192509907346,0.294532678772887,-1.54877113430192,-2.5168194189893,0.645953192958693,0.232464026119564,-0.934586063191432,-0.173668518625695,-1.91387478258102,0.644648392629949,-1.95152687888661,0.575060646519498,0.537123741684523,-0.163028335454643,1.84487812874523,-0.212033797798423,-2.75980742695771,-0.241923609183099,5.05227322458075,0.29311570814337,0.917139105717418,-2.80278363904295,-0.836364005714431,0.198684683937969,-0.236647737689321,-0.201858208172026,-0.434165048170957,0.812915882591866,-0.432007028331694,-0.173512811057725,-0.459428371815594,-0.734751215528694,0.767301937251484,0.292948361760716,-0.560273405746126,-1.31533826906738,1.57050977123533,-2.99127517321472,-2.7458782450169,0.162855799401853,1.44807438262275,2.71897684790055,1.68880521267217,0.245268498372051,-1.55307696241938,-1.35925524911044
-0.537284758090103,0.652315194118748,-0.710617021952593,0.699479708652286,0.700214380723082,0.00057806689264686,2.91503202759858,1.73041084954148,-0.32755572565988,0.761675377253152,1.60486777243221,0.857693914647551,-0.448790721454508,-0.876896029078555,1.25634365840614,2.37542525809039,0.93279917107835,0.223722080513274,-0.033960692962396,0.175026800640875,2.98779006851153,-2.81106805913546,0.296878432632058,1.16997506239507,-1.30273434854357,-1.47912190712627,-0.111887714421085,-4.01670146388887,-2.50367132809319,-0.464169293936847,0.301444691898779,1.63383208336433,-1.39463162457287,-1.72293438523493,-0.0857478860267323,1.14960719027565,1.06506519876603,1.84093962171293,-2.7594974670737,1.43754738343761,0.344305940265352,0.339643389765033,-0.722637521240013,-0.88012123303568,1.41594196665663,3.94573294096212,0.925806580297444,-2.90693452086012,1.58981215134818,-0.251720477418785
-0.911482241024942,-0.809174289950865,0.848580538653405,-0.0472508461416259,-0.157874736490883,-1.56085735729935,1.12329226575394,-0.0916520172766647,2.52219184912674,0.471519765115905,-0.385880997352452,0.818337838135223,-1.46722681603881,1.57265839763047,1.62750527985503,-1.29937424673416,0.0801904389603371,2.17842458800618,-0.307000596441983,1.48282271391925,-1.45532175827933,-0.155105357167311,4.14929687075487,2.26753443362958,1.71502457446656,0.0333932727360559,-0.426898897201931,0.57938215437649,0.480299009635413,-0.644774759322434,0.544402789144472,-0.146807218882209,-0.604652326403986,0.167476398162005,1.21582060561236,-0.645768901364061,-1.13267229513995,-0.608616287063855,-0.245763946742112,0.36588759595124,-0.388080891924459,-0.965518313078923,-3.57037410249919,0.444161047227836,-0.0993131367469069,-0.377315338339078,0.619617887913709,-2.19786950215294,-3.23007357020705,-0.855384913042696
-1.83338619889785,-0.834454015489567,-0.206435987033476,0.101898365529902,2.51511073707062,-1.39247263260421,-1.01936654373367,0.779625097978587,-1.31437704867476,-0.921820955759032,-0.522841958963719,0.364410867630654,-2.08738386344654,-0.676645226969922,-1.60215184788188,-0.185652010016691,-0.42334014975719,-0.365991163244789,-0.376534330470711,-1.76437520510259,-0.135975141587697,-0.317081691898907,-0.556361967666967,-1.60397922292906,-0.924980954806581,-0.37940795211802,-0.174058552650422,2.13996548097625,1.80255216261948,-0.591562256785886,1.25453929080282,0.570262002408818,-0.94911170274991,0.264836204395229,-1.98484216906082,2.06504351040899,1.04016512418591,0.563834698883914,1.15041801348128,0.487024624005572,-0.754978154987386,-0.120304554310596,-1.45031577790924,-0.722701670539303,-1.14532571588519,0.781989199093205,-0.534279896090717,-2.04082266394857,1.15690001417918,-0.197800376215977
-1.8224910308663,0.279357857290959,0.70567462499776,1.02900049881437,0.999716980107672,-0.811299600312238,-0.0801586496254287,0.941393361347889,-0.582504770414825,-2.56264265286237,-1.21945341568962,-3.03392775914997,2.27590967956063,0.0688629601988421,-0.537463705627451,0.699152105316493,-1.21194902702024,-0.695219802444537,-0.0102884611220776,-2.00883848765365,-0.421471171220709,0.802639189495972,0.0355134943700428,-0.0627184051087778,-2.9049313486393,0.833105223214305,1.11512928019828,2.02710506280231,-0.112218798788865,-0.770980684012416,-0.372709457981085,0.35812615045398,-0.120374826364721,1.48851001082428,-0.84948231068449,1.06791461701784,1.34648377816955,0.259540136895171,0.689459337349835,-0.213754149545686,1.18841259600039,-3.10234214699533,2.24965832797923,0.132309728013628,-0.369606436575989,-0.395499640485749,0.0331779952121634,-0.237421376913681,1.62574842532523,-0.0883302739653087
1.87803453225404,-0.496001678436562,0.0512686703237091,-1.40985769574413,-1.35213811563887,2.37261244425509,-4.99021441491778,0.971158565525702,-2.51206409011917,0.690945299545803,1.9983203910768,-0.500639123896854,1.57453142059713,0.722312434377283,0.521053673962458,-2.14692520719609,1.21740862483265,-1.95367530355361,-3.57819267006398,2.01038612117233,-1.16605849355365,-0.179652110202859,-1.45692811167353,-0.0492756517953231,-0.185090162832771,0.410756422943364,3.73669277976204,-2.22897807743295,0.669496787662605,-0.0532059473090578,-0.386071729125011,1.62150147992192,-1.06586914972755,0.36498532401063,-0.500194327110708,-2.82176402990755,-0.47139664018628,2.10326890394958,3.59578592209742,0.123259972905163,1.08293550566039,1.17442348243795,2.3810055354027,-0.759558748356705,-1.56374713736194,0.771813573786039,1.14746230485133,-1.76971850133163,-1.03142569506739,0.463269183765768
3.07310444901732,2.89184174803059,1.59571238241671,-2.38078810354698,-0.958872541494132,1.23294529081743,0.293410011884728,-0.161814719912507,2.7144771202017,-2.25370168871107,0.133964145455625,-2.32744959636921,-0.390938966511404,-1.24624066916686,-0.218365385035937,-0.476935027355722,-0.603264363662083,-0.3969350706866,2.12967250124556,0.0646009014292224,3.14062520327219,-0.498277784860028,-0.301547042508845,-0.642609277167798,-0.503718413038497,1.94935762714732,0.224700043252403,-0.170089305283534,-2.36897915966123,0.554223726012369,0.38363225796937,0.0124283654675292,0.385802145198655,-0.0765410147463191,2.59018456966383,0.530151379853238,-0.857181894119958,-1.0360662791634,0.867760604038336,2.64707732297846,0.856005691092995,0.902882805811617,2.56929637398053,-0.174085995368479,-0.249254836114554,-0.67181216494589,0.0649867990011315,0.847356298581602,0.587056399264081,1.55518118591304
0.663606054607088,1.98649101937367,-0.829689321727271,1.18227614044543,0.64813549412799,-0.975806448839629,1.08312205615211,2.31073578925536,0.971429280512187,0.217817770582194,-0.341452640420942,1.65939756504129,1.79809907070967,-0.0817404730163042,-0.186333023365027,-0.236228949064886,0.596383988356648,-0.973161974789402,2.22677773642454,1.62076858384383,2.14675806928276,-1.02086675305416,2.76055976487744,-0.0466603548305363,0.572058391995677,1.6799063201172,1.05042829275866,-3.17746782607535,-3.29854309150237,0.293105204780511,0.587551799915042,0.223551790052238,0.0991638372875405,-1.03377861146505,0.057921970773063,0.701449269669305,1.72031706218166,0.266814056047765,-1.18878944086527,0.854597339714242,-1.19707577230853,0.222239673275546,0.195488169375426,0.392516235625747,-2.53600636826334,-0.91352373726044,-0.602254107489463,-0.960915056831977,1.54122688119655,-0.940978476500584
-0.263174891460407,-0.31426338758126,-2.36685697345904,3.07018060177472,1.16634100715466,-2.41095360423372,-1.35439387834625,-0.746599256590621,1.9430863788978,-1.33566596480402,1.00049720988568,2.61598079553564,-2.7120011109833,0.0900311657893854,-3.17420927235465,-0.407054344576987,0.968119019845372,1.64806634606545,-0.708548225240045,0.0550977670488331,-1.25727940832269,2.8199793943087,2.05022769029194,-0.655057844872588,1.19401309007111,-1.24928228074921,-0.446740261634454,2.71431596388782,1.25009695430176,1.23588552769776,-0.970689108994433,-1.2433102329011,-1.36518211729384,0.534898657740063,-0.563314898146627,-0.155112404635087,0.283617203890689,0.470191623905793,0.871115448311066,-0.5313358874082,0.731924020808285,0.829131585519866,-2.97126600356426,1.91648704217476,1.90616870662464,-1.90454524141987,0.365547630142478,0.450385483201177,-4.43954118263964,-0.205739320151087
1.16719136495759,0.0277293675858225,2.46514925769432,0.315305084800708,2.02916939745381,1.25325794120429,0.418105159750151,0.377452995532463,0.0819126835143761,0.311384211919624,1.96383192757284,-0.291968264222843,0.794705503392085,-0.696533599201048,-0.497923074899669,1.81819475185372,-1.96413239976678,-0.880714738079843,0.0507508941875371,1.57370418243995,2.36801301756707,-2.10796818006746,-1.80281040965771,-2.87158432641937,-2.7717426184528,0.288984851917184,-0.269389641613867,-1.00778036342479,-1.94306722146711,0.178684309481276,-0.200896862858316,1.70914370403837,2.11004141052297,-0.11052377545591,1.17179701354665,2.57297515107946,-1.43518689997904,-0.330752771788277,-0.667855970021346,-0.712496081198705,0.906670176742,0.299989601049612,0.557358042429476,0.419057546350676,0.0516017337313366,0.295620115975591,-0.251596505220694,0.577595948324692,0.57298131232489,-1.36530097864904
1.51186206876886,-1.58798169580438,2.39732753606417,-0.679246099794525,-0.90929895700001,3.05733720213089,0.545676350659397,-0.208374586951405,1.75153155025691,0.0425500394213326,1.80065486825142,-1.58707179626689,-1.442088011903,0.528834273959402,1.2775751107936,-1.24240129703213,-0.94543632661475,-0.606658908526787,3.24193367325124,1.07352063153443,1.3446344066424,-0.618168385046035,-0.233390871249592,-2.17126819891382,0.402088868426053,0.920313012755397,-1.0073021723432,1.3938920131621,-1.82374539866456,-0.119763941290396,-0.16508191422007,0.968984990508534,2.34161862509074,0.065838401264914,1.72623252693297,-0.436777679696461,-3.18298736833903,-2.2612799477521,1.64528561579236,1.47626148159508,-0.124868891206667,-0.611645731873923,1.81318754051229,0.599225951095609,0.350721600064711,0.68073654632769,0.0935487675552736,2.27796559238508,-0.557718378388862,-2.53645853948079
-0.806541594209652,-0.0792088614736019,-1.89963205971472,4.15153774443497,-2.8113611774206,-1.24878397134254,-1.12553862543067,0.820330619156168,2.22031362611772,2.18911222519049,0.445703883987948,0.40009114109747,-1.49721288649836,1.34579983152657,-0.911466247625694,0.936907041695965,0.982292730064531,1.41050438974547,-0.60424744345673,-2.10476200555318,-1.55137566593763,-1.76621709672282,3.16367773362811,2.54270363368188,1.44761908324029,-1.13741665203848,-2.10874041638178,0.28941683425982,-0.248950898374998,-2.52483278962704,-0.552469117053624,0.525231261262399,0.53827311650154,-0.343697965263145,0.779419400638751,0.580917037877307,0.448459845680632,-0.714525447478888,-0.471220596597203,0.149547947158824,-2.11383756246659,-0.08605252669314,-0.870754904386856,1.09101520308633,1.58407925315256,-0.651415414325069,-0.371873442733395,0.219724361569369,-3.50393999640499,-3.14643546064549
-0.587591298812786,-0.24980518437118,-0.285815111664499,2.20967812729396,0.805298279171571,-1.08719850784358,-0.572005759178978,-0.986350303970585,-1.68817469922007,-1.48648092003264,-1.18017395044746,0.364890619668434,-1.62530254416319,-2.76857126198439,2.34099209323791,1.20380009333776,-0.23904935178027,-1.19324306312437,-1.82429131227288,-1.93198089904094,0.0906940284673024,0.496299441934045,-1.04753339458034,-1.29348483588719,-1.77466625234168,0.707350991082869,0.968202902589194,1.71201791239444,-0.466471302416408,-1.27205596714794,-0.163582398631373,-0.35435018629856,-1.61258031805415,1.96867829653,-1.60188164304891,-0.219583315147451,0.671392790153492,0.575354850522172,-0.289166877165808,-0.943684787948313,-0.762799936208625,-0.500008391155431,-0.568398085574524,2.13378539725841,-0.840529606825095,-1.66971427102391,-0.894843309548579,1.28921997210081,3.4087063632649,1.53596326419671
-1.95052424399116,-1.21611830806816,-1.76680920883793,2.11953636587227,0.732658648940989,-1.21770773757335,-0.668345251945508,-1.11778122650394,0.45499883260181,-0.152197718073195,1.07183787453985,0.475350678993444,0.994642630162963,-1.45657103143824,-2.15389492915454,-0.537504443627831,0.997016950872617,-0.40590792664976,0.294463454318212,-1.52267757838033,-1.33438967609679,-0.193913283837928,1.69743934458905,1.40014517569421,1.1816316904469,-0.312013197617492,-0.00785982638195071,3.56383743358961,-0.963865936390353,-0.0248142853036254,0.423275469013272,0.599994004836556,0.559467244717391,1.57100065646378,-3.28974343426085,0.158376878948811,2.18734769909193,-2.05106870343925,0.0710186258957663,-0.722823638452279,0.853782842933557,-1.56924366271576,-0.915118908229582,-0.87830578720908,-0.40247477114829,-0.648766833485863,-0.323107913902758,-1.04082032909106,0.0774453675104042,0.18765920196775
2.35026916321598,-0.205985702374799,2.59032591847823,-0.488491211608794,-0.707622245095078,0.691235320436859,1.19838771841367,-0.780011169425709,-0.117266568669506,0.883088319025755,2.32356184406635,-2.23663633693948,1.92223730946108,-0.0526948189182413,-1.3765350434436,-0.973792943425514,-0.716330700919754,-0.558587080217675,1.72986640630101,0.907903597875289,1.7705810900547,1.25488010073687,-0.746994685225944,0.0532992689402504,-1.6359294691591,-0.106881668015607,0.851971534107741,0.217421284600549,-1.56483171199121,0.364580008257422,-0.706854103065772,-0.665473975054497,0.360219967766189,-0.654926117699409,1.69653346229924,-0.154156393143733,-1.98835986613235,-0.659584647561577,1.6470946130994,0.36420877682019,0.443861812633677,-0.155185776304185,0.842072360029074,0.605366845236124,-1.24540123869763,-0.0474415778488752,-1.03764140898651,-0.414557868711124,2.25932493178827,0.195075119663154
0.749128564203953,-0.0579354404647545,1.37158624780531,-0.669482214781484,2.66911357970865,0.474243836846306,2.5051147447896,1.51006576818761,-2.18745928617224,0.250905012782864,0.245984508629088,1.25441010643503,-0.734847709764512,-1.00130426949094,-0.631152051522076,-0.141322527305878,2.15675840464848,-1.64340307760004,0.207972019956228,1.08945388198583,1.69390801498481,-1.36217056175863,0.0547650203666215,1.32350680571212,-1.63099300142817,0.646066685669126,1.94008823785264,-3.26929551905144,-0.250006054545532,1.65562214122032,-0.685181656152992,-0.0422166003019974,-2.22693862461046,-1.17010681875038,-0.416975791559167,-0.38077593312259,1.37166837463211,1.13465088437778,-2.19182567051795,2.3573074101695,-1.41505389243235,0.881903965077494,-0.110425744929061,0.0136377807028043,-0.520311163912664,1.50402849601081,1.94266639071134,-1.58010511747557,2.23639344712144,1.47681690775504
2.02242684924244,0.396941842536026,-1.74888408914856,-1.79531456783213,0.758694586747395,1.9124088152913,1.61827444823778,0.34720583190785,-0.320409547429333,0.840690963859292,1.04840375662375,0.540792021311823,-2.62693520421266,1.61032898815935,1.33868728225854,-0.329409952973804,1.58104312648569,1.02930085287959,0.328805042063359,0.790544085107826,0.378092940723417,-0.892108819427268,-1.11599527285742,-0.810870791549025,-1.83951496674065,0.200820721833529,0.513926060492719,-2.55148725053252,-1.35106435538825,1.42011656594697,0.691885194261233,0.697696787262042,-3.11949375001928,-1.95545151323293,0.475072473342518,1.27218634157279,0.412855088824375,0.0841722757925297,-1.77488440589007,2.27645680204115,-1.06939275589585,0.100025465934839,0.191396273715245,0.547673558645119,-0.779276392629789,1.34509923193237,3.7178811451035,-0.666503843426495,0.726073810714366,1.06038068312509
0.473338637999381,-0.476331597915748,-1.65084603786975,-0.0741953343295656,-3.14314316493798,0.415026677499138,0.316928045994175,1.3419274101428,1.27450913059056,0.831939370166997,-2.24273223446566,4.15950452709381,-2.75122381909533,0.633079829154066,-0.415627917337829,-1.34610903557481,-0.565432823535111,1.46041967351833,2.51320688123428,0.404277930835895,0.364806409394042,-0.634150469813638,1.41575474026268,2.36645225536191,1.76634403656587,-0.741252222884688,-0.105038514775459,-0.212208567464531,0.374005369093619,-1.99051974405146,-0.646537282964724,-1.37768781161539,0.703695170022593,0.310294629241375,0.479705501054321,-0.103920511382333,-0.599944944789461,1.86775578724607,-1.83569940626624,-0.222298247239674,0.155372359761799,1.40904721497964,-0.687213626599196,-0.515740499585363,2.13863809428013,-0.266470272094736,0.551043238744133,0.546594874458416,-0.187364963446342,-0.269783809932099
-1.39976001959353,-1.4007063159818,0.77865086886836,-0.461447815501786,2.07127900358885,-1.60540660202477,0.896492968228399,0.124949788857211,-0.763695759022976,0.0911463998897383,-0.232006621512884,-0.484863302972693,0.158769624425691,-0.800197740281704,-0.70663832171502,0.575757228905806,1.02795015024773,-1.08396828081976,-2.32670378310858,-3.2815758999637,-1.59528294741593,-0.45298699989831,-1.76699867988168,-1.88049607332032,-0.774605000663859,-2.52097132079131,-1.27273893520973,3.12012084371391,2.52393096176215,0.254269358916884,0.828356181939953,-0.99075388884825,-0.524108974306395,-0.492129030941841,-1.65692009514618,0.337630382132178,2.60110567351792,-1.32644019428127,1.00011912385871,0.2037620963797,-1.2559643447605,-0.425925417855047,-0.230612638440781,0.833817697874029,0.527714511044196,-2.81476163247847,0.79060476609234,0.658260465020163,-1.32160566503777,-0.4680052889755
0.0149865496788828,-0.401207410409961,-0.600204531392369,0.688656203925664,0.622903246680146,-0.4432047644796,-1.75012997752278,-0.279848107181444,-2.13022161728473,-1.79178930249691,-2.17395039787661,0.901371865857255,1.32860757654344,-1.97619667473054,-0.848111830745266,-0.666816397472669,-2.49270925013701,-1.50293709803042,-0.347689124600792,-3.39075690324846,0.248936256857765,-1.06088594908476,-1.06634157843407,-2.35249933127729,-1.25375379396019,0.0315453077881867,0.891855931002596,1.34742992005609,1.3728736169043,-0.978991735195343,-0.289591184800575,-0.43609511978538,-0.943394095566741,0.633341845507864,-0.515510110984138,0.295611815735826,-0.670355712302582,-0.560455667873222,0.221413474421995,-1.87558256426241,0.445753260517929,-0.365974606983633,-0.547020450003766,0.0837396447213195,0.633369304038266,0.706260113400779,0.156341759948474,0.191305365937219,1.21294062225221,1.07274853345599
-0.0382909278066753,-0.704906078426117,2.72888426388052,-0.797577044975027,1.4636938393575,-0.0770888627005342,-0.764139723384885,-0.622704634977148,1.66991617950722,-2.6967068355118,1.79312210958095,-2.06396088858091,1.78848317907728,-2.89204637115569,-1.93259898407503,1.1793832114538,-2.29060329937532,-1.67559178165436,-0.623279304651449,-1.54512453906842,-1.51291234018505,-0.794059940932264,-0.853762180486675,-2.11692461922644,-2.25114554759166,2.28931498571277,-0.141605254902881,-0.542212832107604,-1.03339892424326,0.234903009930901,0.441143631168033,2.30578698677662,0.868614584745368,-0.319237773866081,-0.664848700502354,-0.205464280453863,-1.31717932069671,1.04668206003687,0.997802305869513,-0.821254515301303,0.264677395015838,-3.12518813630341,1.00395548962568,-0.524390054471001,0.412007201826878,0.744893807117957,-0.102531821509153,-0.22040366666843,1.82593889948609,-0.604150299792079
1.9500562528291,0.864411239885213,-1.04220463224096,-0.196429588577275,-2.07843411258459,1.29304204749926,-0.73799465164071,-1.75344230939248,0.194576445935266,0.167930580759786,1.78130854189368,0.357097341552987,-0.223785288119335,0.654311544604392,0.496731082217023,-0.0207474046104576,0.103635480351337,-2.64782190593367,-0.541375437890992,0.878466762880311,1.00662450010261,0.091432796296303,-0.716226239640474,0.211285986885062,0.739560500621228,-0.614680788175307,1.38472991202278,1.56921747861058,-0.285117739690936,0.347321410453815,1.45702711556006,0.905732323847944,1.04123457167753,-1.06388972726491,-0.495441586084751,-1.53141031605281,0.526438114894285,-0.222305169816405,-0.827357207069567,1.43510439167672,-1.14296405862325,0.465919069070549,1.26676638517526,-0.899254211772774,0.570834044947855,2.07339750359804,-0.959735903298463,1.74820696887453,0.182630731142059,0.376930900915532
1.22379076911914,-0.253963878581409,-2.31466334590701,0.437610505951059,-0.324692969472406,0.327316939881276,0.187796806735218,1.36628493557411,2.6750393408288,2.66007244053047,-0.666885619515004,1.85034674373987,-0.709237304906561,-2.17061071734985,0.397089251063153,-0.231876128513939,0.963724021761444,0.534608435443095,2.01946910843701,-0.509048941208567,-2.44118531773211,-1.86169475893082,2.16068613418276,-0.416836280885129,0.72690122459151,-1.16033472324208,-0.623033196954748,-0.889029740984633,-1.03297696042652,0.15866423573511,0.132475172907448,-1.77384639934874,1.08512290275949,-2.3029607514343,-0.424243071093676,0.467408312524015,0.950412475818251,-1.74368156595351,-0.087960973062583,1.95088628059374,-0.200550644623143,0.22853781244481,-1.2897269235751,0.917046463636531,-2.61784140910614,-1.83380558992709,1.3045550385145,0.231916660207522,-2.08901749693223,-1.96386832429678
-0.36651978202941,-1.33972414685757,2.62384724099189,-2.33035116571377,0.644612927059477,-0.242298009036449,3.75285270052797,-1.57374351812708,-1.76797677687144,0.994046860941709,-0.679652765133091,-2.3446508691295,-2.73986594744142,2.04716236528721,0.301278843402357,0.464311509545202,4.55046416729183,-0.556951054499117,1.1578399201322,1.18065754879544,-1.56313215037967,2.68753360311495,-0.842563629826735,-1.04359067503955,1.91301217753545,-0.896366591564543,1.06919478741589,-1.25197712736766,-0.0380169648072993,2.0051440547786,0.57624090742465,1.32495185101906,-3.62199606236769,1.02231327792669,0.455089717778839,-2.43910025825068,1.27379504835508,1.21313916467405,-3.50151597839636,0.451261575414682,-2.42872299346918,0.285270118103421,-0.759472728181858,-1.67400363041816,1.40750556406184,1.47053245434241,3.19263513667696,1.02017049886728,3.82578331577212,0.681697613697671
0.789639876726789,0.291712408880772,-0.595772394580621,-0.0285803027055606,1.37866552219477,-0.729278875993284,1.89295787838995,1.55025432775198,0.812611424723667,0.914141469439661,0.255234221375082,0.775385917822045,0.688254646921397,0.594567740663729,-0.0374603928583416,-1.37142034124775,-0.39872816646278,0.139314922897413,1.13228835673844,-0.790617695970363,1.95033204040425,-0.469212219531339,0.621523469789853,3.31748987669068,1.02808070002149,1.1167570722187,0.880483127274937,-4.60381282689017,-0.0173734690524355,-0.920805911251017,-0.728740510545152,0.925634771137633,-3.43848953925508,-3.42650654025322,-0.822848085636575,0.473037521275093,-0.161448486306186,1.20672200454247,-3.12023947219657,1.20477638581888,-0.778111859727214,0.220596817395385,-1.73761032459968,1.81471232030279,-1.50299155142166,0.656517320353297,-0.339922138569748,-0.863542656450257,1.98749387286488,-1.25908713814457
0.330687200167462,0.329523434503757,-2.6877494308755,2.87027832316271,-0.387498119957384,0.372183116990355,-1.06742926067612,0.188753829175462,0.240592630495669,-1.20050733523658,-0.444471525667878,0.339186170117195,0.0619026357792828,1.76350862185586,-1.37170798418914,-0.174147980869378,-0.548295373096229,3.20369804738258,0.802437843480711,1.95363062800808,-2.78806021006174,2.01393667132944,1.58788455765927,2.66086565988347,3.52828004106195,-0.434052883022209,-0.767265000570229,2.19936037948577,1.21679269859341,0.0270160051982883,-0.702410173468646,-0.733029038172182,-0.19755979839125,0.211769098992976,0.547826460156235,-0.169078072252987,-0.138355059878637,-3.71150443015178,-1.48447752865053,-1.34174179240793,-0.632868860655533,-0.210881614008014,-2.23915689036231,1.3906466146807,1.67011393961139,0.154415577787923,2.40256570412243,-0.0233865361014788,-0.568906845875148,-0.660642553177829
-0.927216991570011,0.279378857571191,-0.294193654854208,1.14891261465384,0.305564931768787,-0.0777419833924518,-0.0803767157718217,1.06884788295386,-2.97455760494259,-2.93237288315645,-0.686388991400447,-2.055343949659,0.360717665682672,-0.62794923193557,0.288775164324359,0.788813680319756,-0.712806334512667,1.8926399224965,0.0409297341178668,-2.32845809488876,0.287414844788579,-0.379340123599341,-1.65539343949737,-4.59532382415066,-1.95701765820249,0.569149047725653,-1.18256665233448,3.59031337043907,0.346624535669953,-1.23914761018402,0.687005545814545,0.921188255909501,-1.13274470516779,1.68825106922636,-1.56021230930654,1.07873509462373,2.0974632489332,-1.05446865818298,0.750640920813158,-1.09837793108206,1.00853385440225,-2.53225674412875,1.82997792931091,1.01948412998643,-0.529466087981357,-1.84341500703496,1.06000221026008,0.246340304680614,0.663131668254071,-0.282718783183275
-0.250931911766963,0.0834669341176866,1.8835127295888,-2.36919863320768,-2.52676334497029,2.96212508512752,1.66145541500328,-0.6105288629677,0.872646810116382,-0.779856707166147,2.54836754567863,-2.72597798673793,0.285671540826032,2.05055913567733,-1.32702252691656,-0.770186290165341,-1.29302351644403,-0.6233151638323,0.659693582297415,0.717242910841507,1.11423087781016,-0.0618101810538543,-0.0711412237281961,1.96296700999051,0.186016923352101,-0.800924759035796,1.56678847138938,0.0152819887883184,-0.731344717683305,1.59454493904204,-1.31001237401045,1.53186396466002,1.20561041504117,-0.0652733547589976,-0.591382903652958,-0.707591290047519,-2.29007146000448,-0.387456006143337,2.51920588679725,1.46741420457884,0.412591910522284,-0.0955750427255277,2.75629813975629,-0.353355785011936,-0.910243171437657,0.667705662723525,-2.62460841129267,1.18243918036763,-1.03965011148932,1.88870911786492
-0.320677651446114,-1.08841986548169,-0.222974883437497,2.88757113773004,0.683975502387968,-0.458009514435092,-1.54278542657187,0.45875467996077,-0.357855091972685,0.0302268501291754,1.05187002367901,0.305832970159951,0.0867593542134389,-0.21740730724712,-0.0830753087680014,-0.0583456121709469,-0.575842655854325,0.908514315714427,0.121033180593644,-1.52330221712507,-0.390158688446421,1.28845687751443,-0.718330259920685,-0.144788790120358,1.20127307595263,-1.0931122995825,-1.6910139511501,3.60578111554881,0.940964069141042,0.726096790022675,-0.90917009500976,-0.389714476322158,0.896854251125032,1.00160281163248,0.359876024411357,-0.528755237298196,0.121942819966237,-2.13954901828157,0.722752150562074,0.398552366319426,-1.560875262272,0.321258488115753,-1.62176168438729,-0.645938191118107,0.203897614767706,-0.120746333262743,0.953023173107079,-2.57983415351964,-2.6589440166876,-0.491278780542295
-1.44312225067495,-0.623393917095359,0.757163848852926,-2.19765617144093,0.106136699531896,-2.28233831992564,2.19286680071733,0.651624667525533,0.735880670372281,1.52296085149547,0.993544360988079,0.665053992473517,-1.78572628893548,1.96511512187458,0.723633351907747,-1.52996891542604,0.649623108619391,0.236877532044824,-0.291445586302148,2.13419367912436,0.881807999491994,-1.3114319220304,-0.5602724553445,-0.451025581790999,-0.810663265263904,-0.318518160366917,0.76563733656915,-3.02130533591451,-1.60423673585585,1.47966744996655,2.04744559096958,2.51114978736663,-3.59776849951008,-1.35736013866352,-0.385215806200632,-0.281081441636178,0.505341518409449,1.78221091544342,-2.31513601963391,1.28433839429354,-1.15325111260241,0.441391953993307,-0.804419407243788,-0.508160093053414,-0.800369057161378,1.16277100967524,-0.253128630829124,-0.0999795719618068,0.683884785950519,-0.488858048897792
0.115386822120545,0.137984014737344,-1.65928561158116,1.81239612932855,-1.04288536272236,-1.67189685903847,-0.884857049429914,0.227606587776014,3.82850670743853,1.60170434017643,-2.02936428621872,1.40662499382021,-1.16051274921207,0.553984526760306,0.401317985735935,-0.0573311530594017,1.85387507399181,2.12315836549631,1.44930732345765,1.89689121042528,-0.123611659524274,3.00564329474379,2.11357079980252,1.03719311246125,4.09820584379466,1.61728174877343,-1.39739110046916,-0.139880157694203,2.34774792148344,-0.730780134159613,-0.295986630125365,-1.36254514705035,1.69842023743933,1.26513409708441,-0.341597116500567,1.73712414070921,0.2866932776887,-1.89999236445233,0.759568675215735,0.359565870348207,-0.694325522563541,1.23135032402731,-1.38677580605825,-0.725233498904743,0.327850800781182,0.316594901951343,1.68844762569478,0.0873968799953865,-2.39736667065028,-0.970447046582308
0.418181579366659,1.14475049797906,0.149853201748671,-1.32315448493197,1.34361736168021,-1.38379878785877,1.22141798689324,-1.01872855999078,-1.18854966148572,-2.13365127505408,-0.919745426294321,-3.44415234130092,0.872416709716876,-0.858756443245468,0.021254225330516,-0.118380621267705,-4.07034283548713,-2.59315539418649,-0.860868880859427,-3.78667009346064,0.198339980370446,0.145620543060948,-2.07586335900891,-2.33179308515711,-1.12785379834808,0.606951807746229,-0.383027788744408,2.65003099860413,0.0983099165792114,-1.52269534197153,0.14994837031942,-0.0856976418782855,1.84390404859836,-0.214380894197577,0.701128427354081,2.51851821843902,1.03072291128978,1.39041427545213,-0.864030720721213,0.671759281840029,-1.1659427533519,-0.640751846749296,1.30728891365494,-0.274699878699011,-0.543759885915302,-1.90421363233279,-1.25933536923483,0.683698103806758,2.10365359621615,-0.314799840047865
-1.36105149536235,-0.454196154043356,1.50176640179135,-1.47513444019783,1.01488828739514,-0.588675170168667,0.405516329070646,1.16782469445973,-1.35586673484669,-0.629353291842702,-1.59410862540609,-1.93400575176199,0.317742089820718,0.607758182207228,-0.842455306564489,0.909067827364569,0.744672618982342,-0.104657642638204,-0.161518089898979,-2.87767315630639,2.50283041321223,-2.18726818776543,-0.440920535940889,-1.43520323010236,-1.56036241004962,0.447753622834309,0.0907046495789152,1.45869369089411,-0.384028897220696,-0.657868629756263,0.932082282161083,1.08861087230472,1.06784662287671,3.32154157071051,-0.207217380656173,0.705389748351208,-0.0186215722597815,0.620861405816429,0.998308720895009,-1.10919639629918,1.02506940786389,-0.801356387703568,1.64987489620966,-0.551990390240105,0.708383505454417,-0.765147684650321,-0.878134281299501,-0.739014651261733,3.44797317861467,2.35765497889796
-2.19645872152303,0.0919472251641636,1.6078216858497,-2.64903043774933,-0.355383322072724,-0.935479306442372,1.15860423478,-2.17091415117085,-0.135290859129047,-3.63963069745893,-1.9572864215315,-2.87035215261459,1.52325050060641,-0.731057130739168,-0.32549396551264,2.15983479837743,-0.238624440787594,-0.736596940424396,-0.00686235963355404,-1.28387092033456,0.239076408560329,-1.0959178211692,-0.433076405884275,-2.88474582515345,-3.0092708923002,0.820427684040499,0.625842031135958,3.0770609278248,-0.774883780574205,-1.75496768918026,-2.11650004636254,0.302032850661738,-1.18224988350512,0.473079897569274,0.986383376077005,0.323080286350639,-2.18048121930379,0.541621622231079,-0.377759345163961,-1.30600029132281,0.901233561021836,0.123587272079238,0.879908432912081,1.09900806162581,0.550620332126215,-2.62019242915361,-0.218051529762271,1.49472021145094,2.19607722116218,2.64553433819192
-1.50724244599793,-1.06377253533782,0.0214394305391507,0.488821624532747,-0.301578171720403,-0.740750718727309,-0.331914402158029,1.26730740708027,-0.401452316683199,-0.730411448020506,0.199937065479427,0.82527273651756,-0.403453370073541,0.996378568389798,-1.52890005767746,0.0895386983183792,0.0682825229819706,-0.86440431162181,-1.65927049346606,-0.910334416303238,-1.0928848720128,-0.751209631693268,-0.669442748338601,-0.292648598876727,-2.02000148492247,1.6896885080829,-0.450178952552488,2.35120712663516,1.10220130057506,0.591790880209234,-0.670856650623014,-3.192981323113,-0.34825766925893,0.907600498647803,-1.67405438314225,0.202386408081403,1.27860024513919,-0.749213775664391,-0.961130016922277,-0.731252868905711,0.797627511701379,1.50177331973144,-1.2111391665259,1.18855469507526,0.104397752519565,-2.1551256774937,-0.373485704967449,0.329024090042425,-0.333395943401111,-0.0682012472062075
1.40578365315822,0.669749020425744,0.82965980649811,-0.990460150015896,0.259284554018834,1.3932317391809,-0.355613699017726,-0.462570699982841,0.545942128538178,-2.54467280213756,-0.469110023929841,0.19089003530582,0.583364025594027,-0.762922806389825,1.12687092096627,-0.568266846489918,-0.484883200305882,0.848669700009642,-0.830266399828607,3.51819018992911,0.0186265565612204,1.17345376681202,-0.245735217359215,2.06066125618606,-0.0228921010677888,-0.408071564190762,-0.991234150646531,-0.822283087752404,0.574205461244306,-0.433692805808672,0.324654796868019,1.15317069740331,1.09707074840049,1.72207978675512,2.28236218448571,0.965353708139166,-2.59495208360577,1.01277441783344,2.62886862197894,1.67940445743608,1.1590518408954,-0.345593298518962,0.653307829652293,-1.12619246638125,0.356127211364571,1.46663574036552,1.06280383072444,1.67221871129327,-0.231887031825673,0.298493051157945
-1.62906702422567,-1.16633581194391,-0.245698300097554,0.713988717155888,0.31351575478495,-0.483497949442984,-2.7489511660087,-0.791788625085399,0.928667197562307,0.3669061345963,-1.03381806914273,-1.01534278836878,-0.249874790693977,1.72806563480233,-0.868085713750226,0.146118414646395,0.966700355027839,-0.197645386392125,-1.32449167788951,-1.49481517743038,-0.778680720334826,-0.340960223469472,0.460189877738969,0.589229252426136,-1.01610526109156,-0.461126891573416,1.51568268053716,2.81012700909042,0.532420893501271,-0.390940901196282,-2.19104067581,-0.51722715355238,-0.0386868367098429,-0.41789605350727,-0.254183147413207,-1.3077173779696,0.904038813638368,-1.31898133837947,1.13001121185692,0.0924068112516464,-0.295558799913333,-0.56122543695976,-2.57191901444012,1.10103229095465,-0.353960583648606,0.621422006944956,2.2559986226463,-0.186943207590665,-0.121415988219243,0.139510563110806
3.13888768249627,0.670475687362555,1.0014149480641,-0.755176730641222,-1.80489571370974,1.05572119378949,0.799589033261524,-0.0547648852976312,2.13701120046117,-0.327707572512875,-0.178521833213492,-0.501022566767784,-1.9642677042641,-0.80950318723446,-0.0681461768643085,-0.643418469618965,-1.81845404752499,-0.7773335000846,0.0925597046586507,0.778369462386255,-0.584892770265631,0.40618936962775,-4.23439843540048,1.40809203838499,-0.778333161102079,1.29600705695122,-2.62127439697154,-0.143006082604217,0.780421522318841,0.736748192492342,0.664350500510953,1.24712869122924,1.00503690913537,-0.494262314169258,-0.604746645397174,-0.685449743323741,1.15385234529941,0.0926499862046416,0.926710355685196,1.99628575256452,-0.124886619767829,1.68882663618595,1.43295140301414,-0.800446194821665,0.844699600714311,-0.151366052122004,0.646704713761019,0.468587588429094,0.511950578703276,-0.41463608189072
-0.106612050266727,-0.114415081315614,-0.745328700897512,1.09376580636559,1.46392340906208,-0.452652303670211,-1.95339214554475,1.16416723338625,1.27832016799947,-0.0720781384744287,-0.289974194498557,1.9691682931772,-0.39231920787918,-0.449110836806171,1.71224133319304,1.08325163611378,-0.829114722534918,2.64985533147571,2.23372016301099,1.93043779595429,-2.66976531726866,1.56178393817628,0.174295568734066,1.86793460735484,2.46525824477788,0.339601901189693,0.121496878054946,2.35614482121677,1.0765831317979,0.0397907425991781,0.536421090675273,-1.32890502614403,1.66115889188541,-0.566580967403631,1.04230990416318,-0.692384327881931,1.40458591216172,-2.33680838597377,-0.341368077141625,-0.365730734865402,-0.196672460061988,1.74852010459536,-3.15651355618186,-0.246671421084138,1.52305255799422,0.647337739022631,0.126076044830894,-0.945858051065709,-1.33024223094278,-0.435298785882806
-0.699370789457626,-0.600675068628389,0.0484925544755808,1.02182689940107,3.24791824119124,-0.468403851894218,-1.51485460439278,-0.81221729366582,-0.533484752348269,-0.71351117345885,-1.53506246041969,-0.301470038689549,1.4561523442218,-0.0388764304592417,0.0854021262508297,-1.29049063993801,-1.61458253094262,0.321918623518249,-0.213378428909081,-1.23129725937162,-0.728782635582106,-0.706469989018623,-0.148113117164545,-1.5887917975025,-0.935723589745153,0.0850504804664432,-0.425313349791769,1.73454920667651,1.1302951779381,0.765291274844748,-0.674081143752155,-0.416741661254807,-1.22928125976017,2.14727343767144,-0.766625792941284,0.657038640218685,1.87701257026975,0.0063955323280455,-0.0436698346227902,-1.07281673776901,1.80057102425505,0.519320668236623,0.736217608630736,2.30523370059295,-0.410064302266282,1.29933408029773,0.422956243686991,0.0989043997463477,0.990732692869221,-0.205190190435266
-0.793830391257175,0.185917044375585,-0.450655784849996,2.0578035354814,-0.872422477521678,1.81455563927844,-0.754784772149796,0.817489571407702,1.98129611294973,1.27762645323865,-1.25146588177359,4.61042833863416,-1.69521723531492,-0.060796257578465,-0.00920020251954609,-0.437352969705111,0.194463184633942,0.172590941429783,2.94488963847371,1.66959240995177,-0.325049154324979,0.20458834501948,2.16338382827275,0.568415213740859,2.46329939179635,-0.510734564437584,-0.893615513472382,-0.585587350980809,1.58501411948626,-0.208820351182852,-0.904729142534032,-1.60120415761066,-0.732984641705512,0.339564643638012,-0.156603174244768,1.07571536346486,0.00072678880224411,0.446192216204885,-0.466701466360846,0.615899027104975,1.2866916300013,0.00780044842310828,0.053888267702054,0.0789241657935983,0.637673728307882,-0.78016593691258,0.448187040486027,1.04285388551762,-0.252553985602254,-1.71927968473038
-2.20817225244234,-0.893351346636945,0.773000822544403,2.1478197563741,3.84601758462288,-0.624316566580852,0.81881269581596,-0.0627840451150645,-1.80693875833825,0.00416785285365657,-1.86477729494066,-0.68123986452454,1.33033606122778,-1.29157684425495,-0.261896613604071,0.813904827749974,0.112208899694755,-1.39285466215652,-0.219158478442109,-1.45840946384193,1.97724101461534,-1.24211242198382,-1.22254060680481,-1.71988464426509,0.907525046731629,-0.209897760594459,-0.123329500346698,3.30475350363907,0.542333579507011,-1.27262258773523,-1.15306801704977,-0.129313169350711,-0.609416321347269,0.915190510501369,-1.42981006999089,-0.0472199481850571,1.04778884863069,0.641666978719184,1.20905575874398,0.0741713388548839,0.440564193725292,-1.97806375535504,-0.789954084475984,-1.09508589980843,0.992087450252129,-0.843825000279152,-2.1157921876471,-0.674477656030717,0.277827942623021,0.803949135942501
-0.385464359821662,0.040485319436035,-2.3174182929753,1.46339954745194,-0.979398075546663,-0.75952448801789,-0.120051535476312,-1.35416543549995,1.37707132908459,1.47091506185608,0.343055466808502,2.55231736646845,-1.84448386844581,0.0799653631050623,-0.663750618831508,-1.15476334406314,2.05186303677359,1.571225513257,-0.381904444736131,0.961596647230658,-2.32657667190309,1.06444428248774,2.0793116507642,3.08777614206562,2.74058311362572,0.0738477611373194,0.108879366877536,0.114899718329359,1.49322957551559,-0.540207766488215,-1.44621368994858,-2.34808561752314,-0.0966956894442662,0.261833350564151,-0.442849373384586,1.22503816170536,0.583644783666782,-2.47912715321984,-2.42247747732783,-1.24777020617112,1.35211239348242,-0.208460661905034,-2.89323291818747,2.68870071282401,0.157091535651583,0.0219664863349544,0.672599408941,-1.4721401997127,-1.90175427905126,-1.25008637604871
-2.55602789484342,0.342758203719754,0.137189553408216,2.20168544653758,2.8576415138924,-0.163005658175299,-0.282311209527108,-0.333334327034002,-1.29451825223777,-0.816114456997434,1.7643446843871,-1.21775854680817,-0.274802651550516,0.452399705610511,-0.276744277018943,-0.486258579826944,-1.72390596093847,-0.95030828052888,1.26010096097908,-2.52763467165787,-1.17546191828774,0.525778625079009,-1.27014435799504,-1.79284829333475,-2.65798284319099,0.871902675430742,-1.01791268876196,3.44304677677536,0.397856626667699,-0.0413249804617895,0.501692293054488,-0.835802868343188,0.475532543267301,2.30355586353276,-2.13384881722285,1.49280321023846,0.741637223300593,2.05196922549297,1.66354121878331,-0.305491458214759,2.58752562213765,-1.39811906679938,-0.834357600637655,-0.720035118448581,-0.812302165653354,-1.40127189222502,-0.569508029564926,-0.514649754758865,1.26065268919762,-0.098794995200701
1.92334726993133,1.04311444464213,0.69663070887076,-2.76901704871842,-2.57294887230644,0.412783354755911,-0.345915925185854,-0.7054169687197,-0.479561275526404,-1.59142523925392,-0.045412370585539,-1.8182366207209,-0.914670038121514,-0.288417180647651,-0.8424509650607,-0.841717829618214,-1.27888888223115,-0.563349391131932,1.03598744997125,0.460735945362475,1.10148550271582,0.745043899230424,0.397444306207595,-0.394317112571924,1.04053463948695,0.00990984599366099,-0.925371747341058,-2.66135520766276,-0.387144096669355,-0.0395824699143657,-1.07242684406236,-0.302891821789812,1.14846458533933,-1.17846960677242,0.494647124060772,0.878997208161592,-0.284968404490108,-0.661903993687072,1.49520422095906,1.63933802696315,3.49321783571662,1.64380592885547,2.47647590077975,-0.965312633771974,0.785866180734384,0.940049493595704,-3.18381540920149,0.524305688791227,-0.638529331882393,-0.0746144648256746
-0.18180091772814,-1.49610122573618,-2.50321289133459,1.80674326868278,1.93670738124582,-1.29608162849612,-0.191476763330762,1.02934910466179,-0.957948025327533,-1.56324588060636,1.73891375089491,0.330787739067302,-1.09923488628507,-0.462740018001556,0.146390916556635,-1.54514959450208,-0.436779777845545,-1.10399712103138,-0.768842492087076,1.08800843034451,-0.803251846395535,-0.751733269793325,-0.0430298059012444,0.558540027250086,-0.454549634203711,-1.14857508287509,-1.29820708832089,-0.743035313210864,0.25017842363034,0.981865142117426,-0.0711410578518222,-1.46776823669973,0.961158900315002,0.861818719435493,-0.103740129467192,2.89119437076539,1.86970699867446,-1.78548862686649,-0.925185249829137,-0.915779989329196,-0.993754606650569,0.556818786857427,-2.36469100936698,-0.420447908373869,-0.471487435778971,0.0901680277007544,0.450620094821429,-0.0798055347811993,-1.12093887909419,-0.637678073582324
3.02461168849747,2.32692194013229,-0.291613591533487,0.952791870241237,-0.101182066726356,1.23978745450436,2.99870447573994,0.290483224324229,2.15209068871525,2.91364526018554,0.0648864903724493,1.72760608060143,0.767577139653964,0.80513234997931,-0.879645396557463,1.38240177820336,-0.245963067801772,-0.223819733920326,0.603318968154969,-0.215448049666909,0.229253246541438,-2.25970990824441,1.84907702077774,2.31415344539827,1.76376985637529,-0.238228207449639,1.29810768833583,-2.68159951776929,-1.05042488553345,0.146889968770995,0.214188529625145,-2.48492269326118,-0.16035211056314,-1.92864139272003,-0.161566916535576,1.79216370995396,1.20849602369395,1.52683251540013,-2.81834788566589,0.419755619467092,-2.97941103513507,0.345091440283745,-0.315167813600414,1.9442434758824,-3.01663587750098,0.393349570206187,0.891719306638313,0.0235119594391804,-0.607597572324973,-0.494814028035691
-1.49491169015323,-0.351052643312684,-0.346488206662218,2.71844596820273,1.21153914854255,-0.65529004026115,-0.613588545860872,-0.683278503556943,1.01855678793173,1.26153602245966,-1.95824949339067,1.15320507108691,-1.06263719369036,0.33044900955338,-1.05819655343427,-0.969893833278249,-0.740397590924371,1.21191667354147,-1.47247452357125,-0.984419481643824,-0.945086138853988,0.79085335718265,1.46397452653225,-0.516345537055671,2.01902704802391,2.22896153493598,0.454825507526481,1.94742443014762,0.133612053302952,-1.10889748866785,0.751616967395083,-1.97920188168468,-0.160750644022476,0.596575947565426,-0.555988992175215,-1.38397079054622,0.634091683557378,-1.12516116797814,-0.0713967461900304,0.289677954853265,-0.479305128867626,-2.75802363536244,-1.76165420363889,0.388208629852182,-0.883677379933362,-1.71533427240828,0.237284250195343,0.573884213579363,-2.7818477632117,1.72939704412453
0.880668575847813,0.530791005587485,-3.05642660804596,0.69195923471674,-1.48364233324072,-0.761365732203351,0.883644259649543,-0.30389148076698,2.77835169244402,0.621845403774657,-0.595912413566451,1.70609265426102,-0.333153278299879,2.79084319819301,1.1637338002275,1.08158733337051,0.913678966377699,0.926251408822808,1.10719011762825,2.13321603575211,1.49178624240684,-0.440735096263211,1.3191333813986,2.3755328102734,0.937915273051187,-1.03199246838903,0.182814199180693,-2.59284844928098,-0.0288055226027098,1.16897078394668,0.354534568445107,1.70655555810915,1.07605420002345,-2.80371864009035,0.586610780207408,1.97894723769514,0.0488064141957029,1.48057356387864,-1.44825344343902,-0.498935614102232,-1.39276639197225,-0.635631615865197,-0.80612812677498,-0.463136470275273,0.603048231706509,1.27662708264809,1.97211126090772,1.46491563745542,0.453915163198806,-1.56202485667452
-1.76115917224047,-0.0577337863104113,0.793674074341944,1.32530938910492,1.40094309006508,-0.664400125008246,0.181286455108542,-0.123080242560917,-0.724710273104936,-0.981978429614813,0.300290018683261,2.10696418492361,0.374090214397053,-0.522952505461511,0.212930127112806,-0.808382302742259,0.868040302523416,1.48447378655744,-0.165873157190025,0.325439764309969,-1.4071716048892,0.771802148099861,-0.767333220069544,0.0681012861322599,0.706324055374106,-0.0802990430311289,-0.762041097567852,3.20092342851723,0.195932160921024,1.09878814660327,0.0207778998270805,-3.2703697293625,1.41315125507477,2.11978621116989,-0.792057296995625,-0.838704021596024,1.91221969623759,0.265744054818229,1.47096847749759,-2.54736529788054,-0.737017228751015,-1.53897354084596,-2.44100087028231,2.64709717882932,1.51122272559566,-1.68933844575963,-1.16552299076926,-2.22216343856377,-1.63150376254,1.2920848393741
1.91075842255656,0.60946643138335,-0.0472856750175132,-0.652794271553748,-1.31542320552736,2.32963237141918,1.27805787394825,-1.10751841557031,1.73901903917229,-1.94139763548012,0.453278089116661,0.291517113550392,0.0300398434155855,-0.894876923005883,0.665289853389752,-0.562132270144451,0.126547421669833,0.0604675800855287,-2.68826810909232,2.77260317156413,0.595822680346017,0.17446888619285,-0.0472029772266901,0.720725512301294,0.2178300849027,-0.739299137532719,-0.714737034201386,-0.271871131339913,0.757164732742529,0.914243474786417,-1.15809359264581,1.24002125703604,-1.79115604932616,-2.57134586508863,-2.2455391003995,-1.30749419124389,1.17514387603612,-0.591347261740561,1.1181597916466,0.253346230565218,1.17807444778465,-0.376951351704839,0.655854726089491,-1.87941311099475,-0.339772460229622,1.59300497815338,-1.24636548888826,0.177989822185684,-1.77109673493453,0.000143776405214902
0.800934223460486,-1.303935115569,1.86587333802343,-1.5383912982291,-0.447550544284634,1.43826024220966,0.533771307609764,-0.264318342204316,-1.25960233138004,-0.151555718784349,0.0750372090138824,-1.94186273511102,-0.24660652340972,-1.83158477299399,-0.307144022597731,-0.288755717616802,-1.05459595308852,0.42310796864416,-0.700304466500128,0.07643753346964,1.26979828638887,-0.501845339422309,-0.416958730914412,-0.987859932541347,-1.03419576495548,1.72655879018928,-0.949009903563673,-0.471305026285566,-1.97069765497605,0.848481655167874,0.26507199396635,1.0336336211057,1.69703029953445,-0.603176064536401,1.19032531385935,-0.240534289541737,-2.67447403133059,0.652650169890679,1.26608818042953,-1.58826947261576,1.87168554577642,0.63973355530283,-0.0836797630746463,0.0657791440093815,-0.541799918823137,-2.63808694176006,-0.140940608220791,-0.739353961080068,0.991120369113138,0.956530621268625
-1.35116271708977,0.365788236230879,0.332478956286918,-1.26615287191202,-0.207962247554025,-0.696149443218402,1.48037264895307,0.417375945606885,-1.23248480198815,-1.33018903487258,-1.68570864218747,0.143532019365153,0.919146555469533,-0.0630972629564406,-0.207991481310911,-1.28831418481641,-2.32776787685644,-1.52302356713431,-0.73643194844711,-1.73194864713,1.4176361329833,-1.75018691732815,-1.10748823012322,-2.70628712933603,-1.8313473306777,1.00333884737636,-1.30096474325918,0.812851797786855,-0.838724639911492,0.547534310441126,-0.572552791199686,1.8977189123988,-1.15228200668919,1.48756097641001,0.928390074896482,0.881488936093785,-0.591167150333689,0.97258770099084,0.43595422919446,0.570720322832858,0.787258513755751,-2.9712655717928,1.34606725307299,1.16352398864682,-2.20574831776855,-0.131068454585876,-0.0609259083885115,-0.291353574029274,2.36131436309898,-0.0536514891524821
0.915347041941537,-0.3390557556965,-1.24239452274091,1.94453758959327,-0.771910813940207,-0.396551521714225,-0.569930819118897,1.39295709319295,3.04396541366122,-0.204107148985339,0.418773548013475,2.60623410935812,0.00804927363710087,2.03138109184567,-0.0831403058343606,-0.932532455789452,-0.0905052341536317,-0.215531532201538,1.43836897305174,-0.148461097231902,-0.381644701801945,-0.0865592406547429,2.33341234210083,1.66825025534567,2.42428747911275,0.500406465936312,-1.20937181995972,-1.2743169474079,0.410045854677091,-1.06349861435046,1.59665923656323,-1.2033247541045,0.526548728460622,0.003682632679774,-0.704719676834719,1.87980219293107,0.785519344481324,-1.91590954641689,-1.90290082112687,0.780185703965762,0.0559212218280472,-0.689350983373126,0.60919939494711,1.5555872205054,0.668532669709747,0.251169021100509,0.752515957111112,0.188982121348713,0.15773748621381,-0.549298381072355
0.014790716730495,-3.01375524350571,0.6006026312252,-0.690288189016187,0.00722996176599233,-0.30901730648041,-2.27054626139602,1.2373899738311,1.67978959267997,1.94837061397145,0.323016416290485,0.996599483617117,1.28088351960887,-1.57547454806044,0.143786342460512,-0.557721479981941,0.296119840455819,1.97814465907478,-0.141125665364886,0.132465750692478,-1.59659959566697,-1.11745947328697,2.31948859259188,0.786916804777714,3.49376909837386,0.439628729635818,-1.88160976946931,0.810136517841446,0.404341940842851,-0.139164124187488,0.0379535979955694,-2.15193599578407,-0.114168569606701,-0.47523911435164,1.11403499331356,0.289232014848677,0.282265326006025,-1.6456829347021,0.904933089332385,0.0304913272444851,0.722507230298392,-1.64712816718865,-1.67414533772044,0.692918660305972,-0.251400972009932,2.20363717639596,-0.762222460520024,0.601076872361217,-1.08476541403678,0.548541871239767
-2.02631498589891,-1.2376961164208,-1.64709585991145,2.7127449755908,1.04895182798599,0.0301881577227164,-0.641762013443589,1.00009003210021,0.829481766712897,-0.303643672466293,-0.703931517478948,1.40776745957826,1.35360824935445,0.588824187261047,-2.28193684198426,-0.19056992130882,0.749598616996969,1.07590442905178,0.520873091305846,1.08768049406148,0.12759840439682,3.79491760140096,1.86909040419305,1.27442334676784,2.1606917915364,0.269451783767119,-1.04371923650937,0.955135396312202,3.21117966823974,0.681995589979034,-0.7731979233853,-1.58348663253064,0.491728544314315,-0.175660731681549,-1.10077899867203,0.508003248463012,-1.02035472522876,-0.351178634631128,0.186625736224641,0.0263183352823178,0.099615743787239,0.12655963481953,-1.42680517085856,1.42984549080285,0.0279235400759567,-0.0494525282402373,1.68037684653054,0.551447114848126,-3.188765401113,0.20931940283717
0.350435220299235,0.489156266582712,-0.0925517846765025,1.01866134260265,-1.77848880107708,3.07806711580373,-0.724974765243751,-0.991592680327485,2.54255485048593,-0.56341890806291,0.738511651005141,-0.24261331523872,-1.58461353262545,0.765557883781064,0.869507260025033,-1.28284770219866,0.822025068086396,1.57705291723339,0.629723843192411,-0.447763679140134,-0.559543916555569,1.99076666280839,1.07400281095932,-0.570277348595177,1.48913262858875,-1.00890366063349,-0.807416806147972,2.58265010059177,1.5629066144956,-0.352775136577645,0.0779386471820381,-2.62590097113317,3.02749947404732,2.66054868898663,0.656857411043247,0.376176736185415,0.898659945026502,-0.441809725964865,2.26893658079937,0.144248593311365,0.733137697150586,-0.507101654423356,-3.17773193719573,-0.687550293698738,0.355442306901431,0.665790188207024,-0.163366969764035,-0.262018057071743,-1.60726710417597,0.966330801767781
0.678840210217607,1.39265997032539,0.617284719544363,-2.85738400221315,-4.24372155919468,0.72160654828891,-1.03570115979536,0.0782242943375886,-1.02791809085505,-0.982516171259364,1.31351854136143,-1.79896022581243,1.09589480207601,-0.697432545216748,1.56671291456371,-1.38674064800314,1.8325371827132,-0.56811772061183,-2.07927976500083,2.35971002104288,0.390639495159448,0.0850655864240327,-2.98252305418966,-0.922046173004925,-1.77422526928381,-2.01243107937142,1.11628891283607,-0.328759326091297,1.58338947976224,0.274622867728963,-0.440776333389065,0.542251681141435,-0.489182237455209,-0.74282331518069,-1.58976479446407,-3.63854869198458,0.852566896862658,-0.32686077720632,0.77814499293952,-0.335687927636811,-0.798583069462798,1.41424642185105,2.48554611976032,-1.9133977195655,-0.600315542195313,3.64615336460313,-1.09310239971134,0.00343123096782702,0.651539029657091,1.03759044129451
0.423410153816671,1.07126346248986,0.687507401443504,-2.06864659747528,-3.45482820804912,0.474004895233717,-1.55839198017301,-0.417861912635173,0.949046054073641,-0.464063773682603,-0.144419109850674,0.744779284649308,-1.32920169634161,0.297993371888906,-0.586703929407397,-1.11581739125599,-0.0154309198551702,-0.208198160067409,1.50452128827019,0.535409514684315,0.977746723781996,-0.161966493348902,-1.76096050119508,0.280298914082295,0.39731476245241,-2.98480739368784,-0.622038850415016,1.03708445150466,0.435439144157713,1.31082831237088,0.466316259033827,-1.60180420886337,1.09211981920382,0.0169707201789873,1.22950229893866,-0.162113007310592,-0.686637713704584,0.445803289756542,2.16551841693283,0.599630768762368,1.89679136676042,-0.40911873130738,-0.924465048689332,-1.89806202324929,0.220835886113721,-0.13935606468966,-0.572341070881686,2.06576139276214,-1.2858452129426,0.390732997377479
-0.756492220628706,0.364075375985192,-0.276170547010419,1.80521892967829,2.38821448484129,-1.86498542910704,-0.844903871237691,-0.410648024157602,0.237046892090956,-1.83286771310476,1.88876328007991,2.59739097987743,-0.856952122126332,-0.420315760598767,-0.431693211547663,0.312609354669161,0.27038167919289,2.7915503426284,0.100884368357539,0.382013435269391,-1.70796719047955,-1.5782233008037,1.19928488618333,0.401476002740238,2.29152345221805,-1.45202095061505,1.50532882209975,3.9797730758035,1.41982158321965,1.45649680604271,-1.15776423095026,-0.20602673872247,1.03239670636527,-0.478651199613041,-0.053404666336612,0.671858259333045,1.38650993506376,0.144774634894884,2.45387287247402,-1.1070683422836,0.0616990832433149,0.943599769779746,-1.44749032773651,0.299345769944115,-0.654973843968192,-0.531496653376651,0.39045505489951,0.685919685631074,-1.86614858393742,-1.54112340150196
-1.41831711694511,-1.16028232764864,-2.06794645442398,1.98691853255739,-1.37709063482936,0.259497195419988,-0.516540483570809,-0.85132493823194,1.09084324115497,1.15561924483107,0.0600178649828305,1.49362198357078,0.285969275188504,1.98615912220643,1.05042893132309,-0.375714913784151,0.36091338933712,0.772552145878632,-1.26073962049002,-0.592459614162481,-1.73872208647523,2.28529472279297,1.77431040612787,1.727876240189,2.09790427118603,0.427109756592747,-1.4446179626253,1.21431530529269,1.24837102777233,-0.857765667508729,0.275967006612432,-2.6879455788223,0.156784567382131,-1.22879310593872,0.86869758125197,-1.25847057610846,1.60474612127832,-1.74812891664656,0.680121521944922,-0.437621002636535,-0.981729641133661,-0.319697583388574,-1.27348871878535,0.0536803110920617,1.32775557771535,0.102155883872466,0.221398136926925,-1.63480148855281,-3.5671375234332,-1.72138128616049
1.63185311151889,-0.606018406622354,-0.232759101944799,-0.87489970413843,-1.39958905101708,1.00220915558476,-0.648995500696357,-1.86040069467824,0.15036825374231,-1.32006589451025,0.838025202106286,0.269555527149626,0.168299746409511,-0.406505704361576,0.337029275050128,-0.720906764807108,0.789752612726079,-1.30482655883126,1.56697011407305,-0.26517773116244,0.237792481719533,-0.0466666644932536,-0.486828213696245,-0.0672562337749144,-0.232822141509135,1.05832656705058,-0.767728751799,-0.632163259962142,-2.32146764570277,-0.697611172215172,-0.193401597759786,-0.203689960959143,0.666155713086661,-0.884173262881591,1.57044617376184,-1.18386493485135,-1.49270181290871,-0.541075950152764,1.84368078531204,-0.294160187794457,2.12929811501657,-0.779822543261352,1.13815261641419,-1.77035545507499,1.26801545855469,-0.696300576584554,-1.56844171922681,-0.275781007595511,1.99988113668493,-0.275904251926426
1.72167782495146,2.55311501974162,0.286143650078883,-2.67311948709169,-1.20501643136522,2.90493738647739,-0.500629091616633,-0.531903294360564,2.53422456727492,-0.227925372555466,-0.723358586814766,-0.779699585847864,1.26623662173495,0.675107536472435,-0.822368102377419,0.690142816013899,0.0488750108114867,0.409118170524077,-0.493401383779421,1.15782042482972,-0.510121263720398,0.381906817731473,0.134599095656252,0.416319846280832,-0.554335969619459,-1.0468143911037,1.95399968411146,1.00346654178326,0.574903675687125,0.08219561640509,-0.306139925054574,0.570105430374661,0.760744463931016,-0.792433307245999,1.97143571842185,1.80023179704861,-0.697937605180466,0.762622165372421,0.62857617116193,1.63881004305934,0.472671449954097,0.103433300363298,3.6303900249282,-0.571881261034622,1.14476376666203,-0.145402813191051,-3.67654612529638,2.26350322312062,0.711621951034369,1.70254975588368
-1.39775628391098,-0.518574002253961,1.27300035169093,-0.0595460313249753,1.02464118093238,-2.22055819143156,1.73535550433145,2.28684166155088,-2.28614012000201,-0.979978233261465,-1.31984296281757,0.0397881257031205,0.803903089830588,-0.4927198940839,0.646888896147636,1.98892863506651,-1.97230130122899,-2.05809637421547,0.767737404366494,-2.27229427200765,1.48648056966749,-0.783109363439611,-4.1410289611563,-2.27806460769307,1.05218112480059,1.01761497271662,0.778146745514167,4.63104274242766,-1.84096820441036,-0.736756298728231,0.551864285760821,1.79565606924846,0.187120155124171,1.50438388927733,1.78179744351989,1.55122172558017,0.582231045239049,1.95836548167971,-0.627143767855895,-2.16081677554457,2.16234313901688,-1.43978395582027,-0.431058354455609,0.593568687896676,1.4744057703846,-1.9878402374136,-1.91689715417684,1.3547413080222,-0.129866099576852,0.491136165280504
-1.14209081339694,-1.68601568202802,1.16149804705081,1.78859577714158,2.82215986171784,-2.1924784332593,0.258176288987093,-1.59975891534142,-2.17035103922267,-2.24959563075903,0.259419017890529,-0.872422879944977,0.539175006488095,0.650310410727214,0.674968568293706,0.77660717667384,0.842350359263692,1.26886289820028,-2.79413078011171,-2.80715378932164,-2.13766517738667,0.00582608009472659,-0.237706281012618,-2.65357038625525,0.237872965025168,0.052498553413048,0.793494603620849,2.34423146191908,1.48403205031614,0.658059826150276,-0.513445300878541,-0.688897317571358,2.78848625196432,2.7659174595843,-0.651149384372635,2.43381660117031,0.237574284021462,1.08299557269634,0.678553413421773,-0.231173721757766,0.113959567003426,-1.0451473844036,-0.119893596278396,0.819623957548047,0.0965521249517787,0.6048492857177,0.249151058005844,1.21178142650516,0.337078180245256,1.27701545102456
2.09358543184108,0.815527723803467,1.77410290535334,-0.545210853134162,-2.45521675031363,0.0148033451125774,-0.0935032445291134,-1.99696928994652,0.467444099240238,0.359893493852701,0.307376939467252,-2.62357049214637,0.0749115051603067,-1.64750994188406,-0.842159122085614,2.43980447762006,1.72757656681234,-1.43567500195157,1.3446403326062,1.0516533611837,1.92829212307059,-1.12196482560594,-0.811592937606485,-0.356524685928862,-1.49916130511187,0.613360520867849,-2.73975783535226,-1.21226147552645,-0.714838404504345,0.0258211395399634,0.546591688052166,-0.0559066898766408,1.63480710792908,1.10403709291711,-0.159617418216248,0.0655601244680763,-2.17018937783046,-2.49206384178787,-0.253520870770332,1.41908485687421,1.39448524399049,1.38527120814185,1.44610246106749,1.2175574709753,0.0167294997375496,-0.0451243523130641,-0.629400286838055,0.928628926539741,1.43894610990306,-0.559952688786834
1.06842632531207,-0.633372407017838,2.35972397523474,-0.922770895829164,-0.0782615469168231,-0.540470560885805,0.54752043152758,0.151094478562952,0.820140951589563,-0.819670884803266,0.541040562551259,-2.05276348045754,0.00512020530589916,-4.61479133436707,0.782736901025936,0.630681411197488,-0.877224270378466,-2.16962899230569,3.24117384707445,0.430112465602219,1.42129657992051,0.574017185029256,0.598948727578957,-0.424194240043527,-0.356652380937856,3.27358512146041,-1.10588045886499,-0.630224830496678,-1.53108135844784,-0.0818910066990982,1.46536559710124,0.93555399791406,2.42055284440336,0.140879080088903,2.59961181713319,1.08422389683649,-0.516698214250294,-1.04992169683491,1.71988984240766,2.0443206772866,1.9168699365822,-0.60567013280521,1.45100881659532,-0.797687840012041,1.31913670590356,-0.772721173718556,-0.252375134923192,1.1763158937854,0.594672381277224,0.323512565643307
-0.638491516941625,0.964558636224862,1.85949524279218,-2.1079082924131,-1.79578960355239,1.29584165386022,1.35941691479831,-1.12199232643587,1.49155540837438,-0.745812163411026,1.26601820466188,-0.878922040023274,-1.53611953463554,-0.0486574550433884,-0.235546830711425,0.517109047829064,-1.63498485769414,0.334039484808757,1.17063894758159,0.0187590668803223,0.77689549952832,0.741010376323508,-0.749601573778807,-2.48833952743719,1.04442010769254,1.99365109035153,-1.94690931720501,-1.19243703760628,-0.227052227404751,-0.41585689690221,-0.333466144017196,0.206161377757473,2.95119611309158,0.195323184444203,-0.18221798464327,1.24896219623523,-1.14920897173904,-0.856952233597933,2.03260319014883,1.32461732526197,0.014561252956888,-0.0309891240377152,2.26710581340163,-0.67018641130278,1.87169623294221,-0.455063946129222,0.16266645820578,2.49112356586035,0.887528551749959,-1.00420323403009
-0.983540008153582,2.87241207010469,-0.558333969277867,-1.00987457141191,3.10861695760694,-0.318253060642386,2.13661551856177,0.966529401195329,0.532998271455858,1.87213936344113,-0.945051895977853,0.466903136895924,0.0446445961069415,-0.186337231095286,2.20534261716435,-0.531546935253673,-0.89473131485483,0.800432215889446,1.37205490152552,2.41413835988698,1.31744869963903,-1.79096072408994,0.0744141640332017,0.648139922790554,-0.640892508200738,-0.210642204355975,0.243078342032198,-4.00426905242715,-2.63762162580251,2.65059833877715,-0.898253573268095,0.488258403995149,-1.35831301163604,-3.99713658968661,0.664241284326565,0.869382011163392,-0.949115156906334,1.38289151605045,-0.195406630814054,3.03954799112475,-0.952147888658299,2.66906937523108,0.0259409220152614,1.26193669496717,-0.0424148418959113,2.00889381782503,1.6763189300751,-1.71063757769401,1.59048730714405,-1.04663598355593
-1.90884469401396,-1.93604184119957,-1.27376685138475,-0.342310233570758,-1.53025241303348,-0.745892008342947,-1.59251348926384,-0.124196779954219,-2.09799061504861,0.83414164766671,1.00004935074554,-0.323712596217615,0.334205268544638,2.13390554188414,-0.416196585776808,-1.51632213857427,0.505511202720271,-1.48254540761942,-4.90271252548435,2.07241174876497,0.272349233902892,2.84738387075247,-2.13799773385091,-0.581813109191779,-0.937884745396395,-0.255198385189906,3.15374600860325,-1.44923301340028,1.12756256212603,-0.248187377007652,1.07582398973717,0.554507243635269,-0.474271382351729,0.540996014657271,-0.92510455410148,-3.58958363571653,-2.3410891840421,3.36894043217168,0.814996429383567,-1.24527396666785,0.701468367292715,1.68833521376139,3.91272832522465,-1.83810260001614,-1.95636417574972,0.554270024210878,1.31872900568836,0.127315333760243,0.352378716497246,0.484136318460591
-1.39860020672453,0.49785931928153,1.49566931545556,-2.61296492680373,2.15665874857151,2.13910691724606,1.09559221762265,-0.996173253349144,0.135552627120461,0.380970436250175,0.491920021287019,-1.93645117752685,0.773102857334097,0.0998377518869852,0.18106608054263,1.01041386964359,-0.468861344382647,-1.77136608256784,-0.29936199180805,-2.85227432491645,1.40156762540171,-1.08676705811582,-1.79827553160029,-0.576471777196171,-1.46354076804927,-0.818654399310208,0.423248135577501,0.276104545053983,2.21469862198518,0.320372333567084,-1.63837850571267,0.82716590331404,0.916554787053652,0.653681348520535,-1.00591497591956,1.31550922764586,-0.96370873402321,0.720602093556013,0.540311428160853,0.202938164861625,1.35525272811472,1.14090927431581,2.62995100390841,-0.966243489592353,-1.18825866510785,0.834714604919492,-0.378742710894983,1.47583470460775,3.39780860553229,1.32609328459148
-1.5363160302519,0.950117869004519,2.55261432184198,-0.692070175365323,0.786992528704955,-0.586765981357341,-1.08073699459936,1.04707188999247,-3.13174902980213,0.0373460690128929,1.28299884627062,-3.52952164997953,1.08282270145459,-2.11568104498188,-0.6517382612747,-0.866643252512488,-1.84810639632501,0.94590035955488,-0.307962154163358,-1.95769980721304,1.63144371681311,0.605168145761612,-2.02486969540737,-1.18422216774883,-0.0855379229643107,1.55118555236131,-2.14874627961851,1.04813429419418,0.359806756130309,0.394160771859104,-0.401143662136296,-0.119580674758312,-0.105979676703886,1.83873145388688,-0.450561715214266,0.23775529307798,-0.628377656817347,1.10723967149617,1.86470283677587,-1.68574454289287,-0.143880026942246,-0.846385217954682,2.03224701705547,0.493710603059042,-1.05246380423582,-1.5370255662867,-1.37053295208615,-0.598989396758624,2.60655268058553,-0.604353566261913
0.59065608732976,0.317434485003256,1.47429079675091,-1.32300454508347,0.0567595980463364,0.72173699237087,2.61140869730517,-1.08281932169128,-0.350978273480544,0.101208960693537,-0.655450576712473,-1.17007146101395,1.31440410628601,-0.768488974470075,0.26054125808743,0.814357378429553,-1.10222348794734,-1.54639137761419,1.0759165483394,-1.08476886935395,1.98943528855886,1.14777447989492,-0.508281405746878,0.535120371808042,-1.0046281758516,1.35155839288659,0.239201673478924,-1.80500907776449,-0.832613448630668,-1.27905728645929,-0.57629332934332,0.661112930961105,0.875485961293901,-0.345431510854564,2.0619256273533,1.6307986642193,-2.17724914925306,-0.47335115602452,1.76013437628598,-0.727276628704213,3.20863346390229,0.310858685831826,2.22763581150099,-0.755357993469169,-1.09937580299101,-0.825297261525315,-1.37236760389972,0.285132188191298,1.4405327334684,1.24067468007821
-2.3806061631338,-0.280289387214394,-1.78310553760967,0.956614093124781,1.35700363646844,0.191363944828955,-0.661997129915984,0.56128612376895,0.236235327480674,0.0637576916119061,0.288718525444861,1.59523082064307,-1.28078615067948,0.394333752990024,-0.00229002230983208,-0.674114024942882,-0.171230672314062,1.31527158678585,0.108357579237994,-0.660372657404734,-3.03163121415704,0.196896655758096,2.06550337436738,-1.55007982902383,1.41067231169231,0.0182068904846787,-0.201022372745069,1.92145162520657,3.08522934155275,1.24056730146108,-1.14756356337401,-0.936495907996216,2.60491060695416,0.0665021546735703,-1.9760597245592,-0.790657265887246,-1.39551144319168,-2.17515687459329,1.0143082286109,0.608772498224724,0.0753142804867253,-0.158010815366231,-2.06952115176427,-1.12745722376694,0.394357973438421,-0.603670820837444,0.530619305322934,-2.55119965702083,-2.24550892782025,-0.272845425293004
-1.96482208338488,1.20065475433472,2.84258934726129,-0.449503294576648,-0.165256791624351,-0.00145156071331888,-0.537217828931012,0.390131300464364,1.40839769241276,-2.00228066176968,0.233776231205023,-2.30028387291764,0.104160743877236,0.123021304041181,-2.12675672664048,0.711892188622261,-1.12294327211179,-1.18526214624421,1.36544645394943,-0.870930942543287,-1.05698069835322,0.185910160668005,-0.565572821268191,-0.813323053835463,-0.577092327644346,1.81686408513213,-0.976761968950705,-1.46657639880295,-0.29313707812774,0.0169791391403305,-0.444696510261896,0.239250700446299,0.22711896815918,-0.629536210264337,0.973502789638673,0.387979172287304,-0.935631404302008,-0.580153440761888,-0.26693211468098,0.318228650754626,0.716700284586799,2.06340458813635,0.0477445739227793,0.848041823855202,-1.33303879921006,-1.00466542232407,-0.947328371112844,0.475985547260117,0.347873388382211,1.4006296985813
-0.14055266408057,-0.604750696204523,3.02733750654067,-2.04280331438291,1.19586483719475,0.938475518725459,0.613218949971928,-0.488727925204093,0.176106107013331,-1.11491973046357,-1.5669161760323,0.748239345164802,0.337603449723224,-0.976046637803403,-1.0268348492828,-0.115155916749459,-0.755740337073327,-1.21888840454019,1.8947816729784,0.363168465847085,2.6285656590251,-0.318778115618617,0.402385888856325,0.475868074721557,-1.32188386138147,-1.11640671902417,-1.40251213337891,1.3653581079714,-0.51064443238228,-0.955005704537466,-0.00252611486554663,0.752722612785264,2.62483831041033,0.504565883540253,0.936439118178367,1.61476174498287,-3.4403086265869,1.29264903504506,1.53314902765925,0.960332016214416,0.0888781284046481,-0.376931691409864,0.321241905641728,-0.398588155310259,0.738355373026895,-2.70707158519528,0.469515307643517,1.39872348648103,2.75648248163683,-0.351663276806459
-1.10729185342179,-0.9587114941651,0.25805464808231,0.21128797049783,1.54381567276816,-0.0291863841500822,-0.0707775504534737,-0.648284539030401,-0.80643718218756,0.161995271287811,0.203716274821398,-1.19415622822304,-0.00560393250886795,-0.839786717343018,1.00191549991495,-0.725050766142341,-1.16466344888767,0.437661937914833,-0.510176144810377,-0.353938657575171,1.66759691785853,-1.62164417712509,-1.59066058523319,-1.3942996394888,-1.72322319966135,1.20311026383034,-1.79822275302409,0.0197564809125905,-1.05213168149555,0.0762416104641386,-1.0525191362764,0.660280217472043,-1.01202002065881,0.661621449384376,0.806183512078837,1.72437363368543,-3.32462896243795,0.527190352953513,2.35518610776537,-1.56338560121921,2.52098021241444,-2.08607749571611,1.19783090535702,-1.28060322215178,0.27557005130338,-1.8747300737458,-0.744795311850172,0.865069940620334,1.38753582135366,0.817677313917091
-0.762438720257855,0.0586402610211691,0.719388742020873,-0.184667965505037,-1.45457492307224,1.92939885314009,-0.957200781501749,-0.848870207750816,0.600614210322503,1.37842614272524,-0.352646859373029,-0.542985406528666,-0.7187892474634,2.46122557854202,-0.654344618128472,0.94964892697831,1.05407209948116,2.21650644602323,0.416504925454105,0.302202065262841,-1.63301595448852,0.234527305535836,1.86054259871227,1.76546473459016,2.22385099609052,-0.897265913297204,1.47758506533191,-0.478409689608978,0.413321821958389,-1.00033918842739,-0.0213647156750315,-0.875596813674829,2.55477092620714,-0.329500106907921,0.708392579733865,1.04167193193672,-0.0759343065901401,-1.84822989326175,1.10206992070992,-0.142064592703116,-0.651211789865473,-0.750484391830485,-1.21041995992077,0.20886119066548,-0.000132987331564846,-1.29407969214921,-0.0953105844936785,-1.93375549260953,-1.23231586131045,0.115074180848489
-2.27604235340375,-0.941029896429705,0.765944580889026,0.927753690315284,2.91807869341037,-1.39965765306323,1.44941854058288,0.450293117196108,-1.20839588545548,-1.35757209765313,0.465978247862529,0.483914339434989,1.54791081821752,0.452042956461057,0.0798414268479894,-0.534141768330362,-0.804841786390475,-0.726324059999974,-1.2673535770042,-0.949603619976647,-0.627574917563134,-1.1545238323294,-1.6793572039365,0.00981916028618132,-1.96530730472878,-2.86268564368893,-1.34462850606916,3.16583908403263,0.716622199353335,-1.66382313052477,1.59162188695669,1.38265013973588,2.58831040162866,1.38574558766337,-2.57239807284734,0.690363137291599,0.312237498733984,-0.834450011814263,-0.48693906387001,-0.971522756538315,-0.833336414835414,1.37632127461217,-1.25986044372399,0.160760799295435,-1.23225136284501,-1.12967692247461,-0.407114104211166,-1.34336253922625,-0.257322671297888,-0.0179522392668285
-0.271740880767968,-1.51283135906201,-0.994146713366793,1.67596744575347,1.58867436227477,0.00744081405639831,-1.64037799559173,0.0605596310426281,-0.419542207075194,-1.81799291879641,-0.942961715792498,0.0370019890548272,-1.29360603214341,0.323699088551258,0.207136276259553,0.423701642287261,0.913687383306467,0.728535525422832,0.730357799222533,-1.08783279999972,0.933497979684864,0.753107898478808,1.65445803357853,1.32928117633527,-0.0367899693625139,-0.74514310685693,-0.186041461385249,0.731020244515057,1.21182886241245,-0.0694465011267387,0.26116787385992,-2.7005622794578,-0.763099874780366,1.69381256618175,-1.00913594913717,0.745307446159818,0.722852094772321,0.972529765118613,-0.38209804119624,-2.46071315943325,-0.789164530048022,0.912391849580107,-3.50559385364017,1.08814843252609,0.473450897615074,-0.696565646500632,-0.947534658434626,-1.23933592620787,-3.28608909061261,-0.319839698727924
-2.62278122241952,0.576642012659525,3.17396774191311,1.36471802431776,3.35702807422301,-1.10966269220231,0.145208485494212,0.445909530081844,-3.29872758950073,-2.08416018288485,-0.251321895087472,-1.27973890925409,2.89741622877265,-2.71989268856415,0.019475832537422,0.437466804840338,-2.21662029221322,-1.04998318751965,-2.51208477412847,-2.53677566713383,0.957287541439657,0.55157753075708,-1.45439304642265,-1.51608064716174,-0.746812080878211,0.757186661699035,-0.398911693359807,2.81820126398285,-0.941720766812394,0.192713552874713,0.622162809362579,-0.370150904498617,1.68698200228509,2.64465396794656,-2.11588684306714,1.21250886045698,0.626738369159897,-1.83559924591456,0.0529427594647415,-1.28412645120995,-0.833000304207176,-1.98894354448977,0.40819596283661,0.282416602113227,-1.35681604581567,-1.41540968804108,0.135691443540935,-0.453472948569784,1.18546621403172,1.54237466198243
-0.0948671787907446,-0.491367121972819,0.387386552926354,0.323922036930684,1.61627137467233,-2.52365040144839,0.430686852403069,-0.224484463955349,-0.245966273010217,-0.576759546790934,0.403561004263636,-2.46953696638761,2.83066430685283,-2.14488924676862,-0.990242169660162,1.16259822431374,-0.123579882203479,-0.678859539014469,-0.621382435385176,-2.06074010068105,-1.42911215229555,-1.75049126224705,-1.80134634228819,-0.532753207142592,-0.445659957625205,-0.0652416415857898,0.519897448045349,0.21484776237256,-0.111453314954926,0.922180604219409,-0.19141781344474,-0.960367942070953,-0.481613945201917,1.64854728280977,0.402671274715164,1.32370899637713,1.82324806229435,0.345370258594389,0.730329216316136,-1.36628172674942,-1.95320475827671,-0.919844569745624,1.08021444014818,1.65882344306804,0.507891105722749,-1.46438608106961,-1.33766517226083,1.20750629624172,1.80924509319794,1.23622057366805
-0.179319806666637,-0.685695389782974,1.43058402070606,-0.335339527707957,1.60741097224158,0.939980779478241,-0.867250147452405,-0.625719525642922,-1.0477178546363,-1.62014996471681,-1.64515482481069,-1.59959490052612,-0.265747688485516,-2.22880054521778,-1.12744094586444,0.993363209565867,-1.65251419948904,-1.34145964600219,1.49055107822067,-2.41313779809026,0.940301399917755,-0.340439812369166,-1.2871752925436,-2.89650566378407,-1.93642204573623,0.7373991703168,1.43357062686228,-0.869729124127506,-1.27109980039775,0.936813006982755,-1.36543200673899,3.60330388654716,0.810166126099048,0.239383133534707,1.44569126364579,1.27363921590206,0.196815531395476,-0.469500670071136,0.818057333944104,-0.266714703967144,3.06108634919786,-1.88442827357059,1.7391981750655,-0.148905497161715,-2.63944802426695,-2.56537936948436,-0.0587024299189167,1.20983240657013,0.881229972469436,0.398964392335183
1.97047302162779,0.259432889301782,-1.04311735547173,-0.385579559995176,-2.97018575667649,1.69909544835007,-2.1904843454815,-1.54221721698847,-0.583649888163291,1.42476517187133,1.92985096436932,-1.02574632709329,-0.0510044041586525,0.556990351365896,0.293855380995615,0.0351813958212892,-0.133669779852067,-0.874159180635758,-0.792351715656546,-0.0103652849655294,-0.946280505092424,0.644029002538994,-2.04538949808626,2.04860813585241,1.11097744225515,0.15876005609687,1.94096737600738,-0.221606308899611,-0.363294870575848,0.338107203464406,0.526113042708741,-1.44961329361263,-0.586801409225867,1.77781028899609,-3.29851049052442,-2.35983646876835,-1.44731464960674,-0.616952187166863,1.41396208869152,-1.77859430393468,-0.802942809184001,1.31916914397571,-0.0138331839144082,-1.55646066610543,-0.330302652545609,2.25692031118495,-2.71111992336089,2.44402218769024,-1.53515452347609,1.08962672105365
-2.02863763351751,-0.547541890140312,0.516891413967138,-2.06884494370894,0.521324230939483,-0.768714733853519,3.17308402797441,-0.780154017819676,-1.91286045455929,-1.41766158865495,-0.720990176991766,-0.578112327864203,-1.29249248038941,1.65913331543679,0.52632641277366,0.629811780282171,2.50915201321697,-0.184426583949936,-0.790495718217638,-1.15556034022319,0.71765368799324,-0.720187699391033,-2.08874708515566,-1.14205809493173,-1.15654599468416,0.136467124412045,-1.42863597439741,-2.47978050001473,-1.66854657571496,3.35118585126573,0.245776548438055,2.51699854529827,-1.99319778345149,-0.50068925972302,1.56243308929472,-0.946944541227275,0.621976767874472,2.4930234877052,-0.98702783415041,1.75901400068489,-1.68937097362169,-1.23873812920429,-0.743930736576299,-1.72951213496693,1.8593691863388,3.0243559664592,1.88139038893642,-2.04248163041069,0.631100404197456,1.21834401550813
-0.155657204786135,-0.538146393968537,-0.115705006592966,0.451263505503888,1.02764693825726,0.954933188779744,-0.245178851646422,0.853413591408966,0.738880381867936,1.54917505294418,0.833929577296839,3.08430583030483,1.20363874944146,0.324022324654855,-0.760926835077222,-0.90317787300385,1.16651727928016,1.60878457183913,-1.19632859391775,0.424179872946616,0.13639375513288,0.676321010488451,1.07154670507547,3.01545918481123,1.19150064409176,-1.8153045445964,-0.617046518365893,0.660052971482646,1.63052377814562,-0.905494931430502,-1.27236785249301,0.0755441234801241,1.30720383738067,-1.62711534669041,-0.246772319733953,0.573776553238091,-0.797022850705101,-1.65148462749342,-1.39454439113238,-1.24743999702182,0.0436420564691809,-0.626876401344706,0.24546292975611,-0.232608002589545,1.19617546555176,0.102606775462286,-0.209604508523006,-1.30397461016809,-0.957197435883853,-1.86749825013055
-0.79873501759989,-0.978118998300373,1.98097821338063,-0.0257900820689068,0.964910743410641,-1.87564709419112,-1.97342964038189,-0.274271173527188,-2.88683802320944,0.425024553334646,-0.920332621850653,-1.28377307522403,0.274537313786708,-1.32252343492781,1.05766362636287,0.302208870778481,-1.51815354999412,-0.81331065095504,0.0574107366211654,-2.09816432807721,-0.920234011199716,-1.19380243458159,-0.0824988786204978,-2.05938748258404,-0.745696070724701,2.7828375624408,0.733336690751308,3.80365784334483,0.814422085287486,1.67764108864761,-0.640395235393372,0.297937568887962,-0.466378366743185,-0.449236063701357,-1.24411440090514,0.775823042996025,0.65726394244868,0.533760192663913,-0.748058832297887,-1.4366904900955,0.140431932173602,-0.983203013112368,-0.634289899831173,0.869516110478007,1.07255747532032,-2.36610028853985,-0.674858041990847,0.255048806085485,0.738453279082048,0.595721607072392
1.10334722207657,0.522030242211615,0.982940589821909,-1.16084430157416,0.114041768053331,1.51423411096062,0.747040970079945,-0.849489618451829,1.00126465812599,-0.857503397377731,1.26739342766693,1.27944437148052,-1.08490081078433,0.890644915180129,-0.519205747534504,1.747935736866,0.670352772979034,-0.556288882466268,-0.34615282347196,-0.32625875916778,1.28629362680969,-1.92494987314141,0.830599751173148,-1.79272436894879,-1.52352344631394,-0.710523854411136,1.21984309118307,-3.64931758511179,-2.04808337960237,3.84506010974197,0.543733727011799,0.877522418898413,-3.50546814883858,-2.32294825263195,-0.576455619974995,0.994007257536714,0.712262499584516,1.64348734211143,-1.14938693240093,1.26611359736135,-1.43627951819895,1.08694956192591,-0.0697793067271741,-1.30974653193158,0.41902662640057,1.59793339718859,0.495935276529344,0.542561083002081,0.871650697599957,0.277189144101445
-0.707844895439901,-0.108265377542782,-0.0924885598849588,0.121820044180548,-0.503135717382321,1.19814079735332,-0.984017198600352,-0.450010423516674,-0.378924340684205,0.147631475839733,-1.2301101644593,0.950999657370783,-0.24237007694818,-0.474856242247576,-0.0920721980616002,-0.70680708972055,-1.43139626276804,0.563053534377782,-1.70824998070275,-3.38895528226226,-1.34610413030685,1.43937961067717,-0.470255316343123,0.548199833427327,1.25841669258762,1.98638631098793,1.49705757197774,1.9321034679114,2.03346632385152,0.531675474575586,-1.75148863868251,-1.6322727831918,-0.30338848130669,-0.760547132687297,0.63487761180783,0.010643712721709,1.2096456923521,-1.32037792986743,0.421578436792861,0.89722525468012,-0.542632005852216,-0.308599658847382,-2.77373857677842,0.878112680980744,-0.449135052212265,-0.392799949082341,0.328991044002339,-0.867546834270464,-2.96392240202826,-0.55368667601679
0.829108047969742,-1.17950440555779,-0.948590156538303,-0.780245936193428,0.0318072546097903,-0.308630447244982,-0.482352934483064,1.05203451942104,0.314703938511118,0.753857290185498,0.526283527425743,3.42619216353794,-1.30080960668315,0.0199021059078395,-0.127415272771694,0.884174253063315,0.695250971322432,4.20113777296175,-0.530217718731332,1.59791907891601,-2.16698503084459,-0.0480202673644061,0.500668478311115,-0.0264173479580278,3.47270850761345,-1.01409499594442,1.68246182347132,0.942004263143686,0.970785882885467,-2.00622253793146,0.421408602360873,1.35062600361391,-0.0229536156487564,-0.816114309186866,1.60716253758202,-0.644856380930896,1.35900280496423,-1.11044125905169,0.866775650307439,0.841185690458084,0.0237013701731578,0.812045694129679,-2.67060588501852,-1.47972584508594,0.0366400128733867,-0.912945706563845,0.840363143696332,2.44272899912953,-2.88397053146822,-0.0644128883862305
2.00474851030626,0.538798491887138,-3.57817614524691,0.926659196554747,0.049152670892146,-0.903233791462813,0.337480516869573,0.504606792849173,0.965751525067731,0.536078181269852,-0.898861819042461,-0.0886748523240459,0.407349156344811,0.438180034777163,-1.64876610037043,0.403635240699158,-0.364400374347952,1.39793689749789,0.502262593652419,1.73698388903899,-0.214355893101402,1.16423638541623,2.53538383315179,1.60028795218249,1.76142069829616,-0.153688149877561,-0.631974459608733,0.618666460604701,0.126340779015277,-2.29532393821932,0.132300533574573,-0.517283701073751,0.905664693830704,2.31525699377572,1.84431240491034,2.26342069800852,2.59741848715892,-1.34105580520113,-0.0636967365760502,0.171872727862649,-2.41915526676057,-1.45656030928452,-2.7602806611013,0.896612686476365,0.897873063182796,-1.10180390942299,0.549755247414548,1.29932380484488,-2.27589251897087,-0.630242250829082
0.42594857885771,3.11190450466503,1.559409938636,-1.88198452861769,-0.359946065536895,0.0532596683982528,0.244688146419185,-0.436050583754748,0.203798434378881,-1.88467632659873,1.073516249646,-1.3680174650236,-0.86526511831776,-1.0980759673772,-0.232756420008467,-1.64122675893652,-0.245659412345527,-1.01737319238221,1.68987636936446,-0.985125780667028,4.03451329305578,0.739377064605089,-2.41070750639255,-0.540457466169004,-0.0816785811691474,1.44316656189588,-1.38575507837014,-0.754163909733403,-2.0847817174851,0.463562511689298,0.725383426151187,0.621078272928783,-0.488353202979692,-0.416683832753621,0.490269930161389,1.85156986687994,-0.955827279316899,0.900907966470373,0.617718865979114,0.57382459351432,1.31774814451184,-0.2962494825524,2.43698177666168,1.11446809768095,-0.789452655932495,-2.41696826985137,-1.65851668049783,-1.4691136775648,2.44979804581481,0.995726648510608
0.847571390926577,0.0951219904203811,2.28638741400369,-1.65017150806775,0.171222213067487,0.0237587429936149,0.200189464266641,-0.232674862727386,-2.87705342701361,1.32817806026243,0.117555292289034,-0.721859948998661,0.0793318652280452,-0.519770377190123,1.00125307221252,2.1809401263088,-1.4701394158437,-0.819744927937023,0.268110876089717,-2.70265548287443,0.352657519093577,-2.48116021370874,0.231232558770361,0.54927100111059,-2.62942209490983,0.695742685198762,0.249380792501373,-1.15033360375786,-1.97799103473401,0.55065447765047,0.511275452982392,-0.254216957167894,1.35475755560615,0.819717121268087,0.0853922060294114,1.69046645734176,-1.252244598144,1.21107620087453,1.2713019034648,0.713900378576388,3.10413429556,-0.530485715807984,0.592873602801294,0.475891146271458,1.98890393193206,-1.10034080422046,-0.347311085795043,1.77062333268954,1.63008982034727,-0.372276090617629
-1.50267923033017,1.30197910683539,2.916213609667,-1.43570988141555,0.500147834681825,-0.319704410138426,0.453125820285726,0.592352721139817,-1.63426557531027,-1.68801269663726,-1.55255542394387,-2.41791351861842,-0.283503716629062,-0.656308596396576,2.7884089040098,1.37253384627925,-0.683857823835788,0.333203013975554,-0.169638030468871,-1.18894746300559,0.904069156894497,0.020620950477655,-0.520621077138683,-1.75495750292856,0.351929354947349,2.98272005401474,0.187084302739238,0.896502987148683,-0.338641361231123,0.568467848107474,0.324985730366757,-0.0963175905312215,1.35977400222795,-0.383951464460184,2.00552751088998,0.49699883328135,-1.86187191119379,-1.6337502815562,1.23504294260855,-1.14139668439838,1.91990834160229,-0.562420283503971,0.99945275258982,-0.24003164651462,-0.0263038046460208,0.112573315418609,-0.557445884718566,2.28628181286577,1.43959287156886,-0.914650877220379
1.88834886607743,0.287592927457986,-0.0632286354514273,-0.83960996989875,-1.97327087101642,1.32548553695018,-0.546718433893729,-3.34818441850395,0.568109502491477,-0.265766925028929,2.64105596444459,0.215092909447657,-1.77084253709204,-0.371835091950919,1.38973182913923,-2.43558426814087,-0.365948475403602,-2.63877473287214,-2.02609253245172,0.0701558405186324,-1.69042315485326,-1.06044934885929,-2.93073457444238,0.625673489461818,0.768846632667699,-1.44795824109229,0.509073006165184,-0.351595059464837,0.679262809261774,1.24492483677997,-0.543940996157594,1.62655210717186,0.0399721749233265,-0.49948149885345,-2.41959557239975,-3.10885877348475,-1.26051634450578,-0.307004826438682,1.77232906634253,-0.521960335638623,-1.9283962691384,-0.603286768546566,2.67701344155246,-0.822150582015655,-0.392315357086911,1.57619468666363,-1.48685457936673,1.14219070200034,-0.979835320034972,1.360225703752
0.537956717402064,2.11705509461695,-1.47468625229328,-1.72812803443049,1.49767661809577,-0.220758667317383,4.35943724408281,0.865617115633763,-0.431093564177263,-0.4910361330181,-0.392236443576472,0.114339476907275,0.226973271428938,1.36087180155252,0.105098553316914,1.40293753898997,0.797272901610256,-0.911344449990994,0.322151928556234,-0.900577433843267,1.87421429226011,-1.54245444401697,1.09628694266607,0.391406210975791,-1.33089591844676,0.548732170245691,-0.0564861113088695,-3.95738616823373,-1.0668806580053,0.870107202211064,0.822226666957708,0.573125677495417,-2.48367596153061,-2.35200481389714,0.284858450091235,0.446803499332523,1.80079800722161,1.85022347546675,-2.08922634034464,0.0393895145670129,-0.171282618957868,0.58952871176293,-1.28296087843683,-0.049494674580778,-1.38668930818123,1.3834147890794,1.35290501267455,-1.49484414711207,2.15880607782172,0.854471820366908
-0.218036758017242,0.0608817150529232,-1.59705839685593,2.15751246473609,-0.641802575877948,-2.60562793745698,0.545915561888946,-0.913189090372806,3.55581979254981,2.14851463837663,-2.92453526261435,0.706393706773328,0.616125239181748,0.354043157359895,-1.81896257083976,0.848497709514451,0.922043988131761,0.135939349603725,3.04423730156646,1.47615838083046,-0.104256891258477,-0.319127730747321,3.23939684759524,-0.110459353696984,1.12276543757925,-0.433447929699204,0.515634680877378,-0.949219363524996,1.64531088183961,-0.885793547631548,0.401967726819874,0.0513484383409728,0.17026086411659,-1.44468951128837,-0.0809419824488992,0.957687349781504,-0.218576852104221,0.0678365279470204,-1.87953291652605,0.498701740748294,-2.55419555189071,0.474220717421035,-0.258092413963157,0.866450959451273,-1.57356114599845,0.82142942536261,-1.83544422697776,0.650238460824809,-0.866082293944297,-2.03688908281096
0.227450802854249,-0.362442534158327,-0.0783274668339601,-1.82551548776985,0.704874413018238,-1.01191840793602,2.45036350352208,-0.984710396012145,-1.44830244621021,-0.589319159592674,0.0292727710857985,-0.148284904146767,-0.671997465836627,0.0369908343774604,1.81984322677619,1.66022687504517,1.72937417578062,0.362290371000835,-0.0969904317556828,-0.541353921968034,1.96721898505742,-0.424619222494476,-0.99345118113489,-0.676681021999087,0.756284897613255,-1.05389234888979,0.599910612664463,-3.36437092386077,-2.17540627411677,2.48448191675588,1.16550919875953,2.68548025305448,-2.39169225934339,-2.51690462116199,1.3860093841908,0.538886113804278,0.565904518763103,-0.145539572788368,-1.34530133975645,0.795709172348961,-2.12924230699479,-0.927928483721546,-1.39363115281926,1.02856521928069,0.135222004045339,1.08831523435721,1.43955705403155,-2.31720834173375,2.09874330627018,0.668659493862923
4.12934116541378,1.90642248000955,1.11362561578017,-1.36590975831945,0.453218958333531,3.28792868082236,0.769624874323589,1.01188926967711,2.5994914163826,0.150068421789781,-1.31061147861294,-0.798305455495207,-1.03385468810988,-1.18928320701614,0.0346571079990564,-1.8295503748262,-1.30640197119416,0.680824777078756,0.887431061176881,0.105281365942299,-0.238108044773763,0.573965547685365,1.10504971045317,1.70095912968192,0.0494570233363507,0.273795225458219,-0.330441653765203,1.16087645397094,0.774498665894226,-0.289365842781463,0.89069775266258,-1.49680775605823,1.83962965441543,0.0981624490598909,0.327466325821584,1.37719438070296,-0.808521197381457,-1.06291087791605,2.48333507101311,0.725579009135397,0.183097987962356,2.17951965861005,-0.744270847728863,-1.91617366684439,-0.166467849032703,-0.545707652134729,-1.71110793411297,0.337199913115522,0.39231281330631,1.37432944746204
1.22775768514633,0.936225272196734,-1.57364072655154,-0.00574504600020078,-2.21786170416339,-0.942671177069294,1.32750250830837,1.85779229572967,0.808674182287845,1.4706686083817,0.128909391545292,4.67346261139062,0.0849179784264219,-0.251364560753722,0.197150408159795,-1.81499842773645,-1.14476067352556,1.5699453494482,1.36842138833677,2.88391160396049,1.03032821825204,-2.53809152566267,1.63982826661411,-0.0639210739769959,-1.4296739218289,0.432881681965817,0.176511522526647,-4.41682825880852,-0.895231419029049,0.432079751352907,1.86759034544973,-0.619505758233775,0.965598044046545,-4.02129458398475,-0.836885990625313,1.67374135863233,-0.00106098858909272,0.724598257790925,-2.05915964921576,1.17381236626215,0.209174524096697,-0.86901285411874,-0.835555229398582,1.12700493126995,0.652635556962487,0.239812892517686,-0.51444978148437,-1.52562933530892,1.72981318281314,-0.069713592119302
0.979648503972169,0.148553084335204,0.919982859338131,-0.925078886258502,-1.04703881665314,1.27750834259021,-1.44629782862789,-1.39687090153511,0.0463902172629398,-1.06202882435342,-1.48328458997011,-2.06109680281392,-0.22002397458123,-1.23076134604699,1.9286282323526,1.01239834734787,-0.921567779611222,-0.33140613420464,-0.295523653744436,0.0852235839780169,0.973337534079479,0.0049450237856838,-0.529226114510217,0.311606822235085,-0.321918597708018,-0.648366224092971,-0.156356301220283,-0.621821061428536,0.377887202086732,0.290263223815266,-0.871937992296439,2.04043376088042,1.82125473696761,-0.527130706854711,0.633057085225579,-0.973008227797222,-1.95521448323858,-2.29486406112548,1.41853666488596,-0.78696966133712,0.967507098848046,0.594267090148471,2.47365915946361,0.149405889758425,1.14705739077585,0.595107741835397,-0.128910643111282,0.16682205428428,0.430708645581388,0.802884216839642
0.920927162872516,-0.359871162519033,-2.99160156653026,3.36671348469236,-2.12433057896284,-1.66213288932684,-0.65571426378507,0.397720701748358,2.05476545226941,1.46635740769724,-0.850570475310649,0.742903296108402,-1.5242373453334,1.07851479394305,0.125935008478623,0.248567526611389,0.864668985001054,1.20035062629388,0.32382198728613,1.4498381968497,-3.45316313199549,-0.821475022249457,2.50782804797162,0.86058484299925,0.939119742355512,0.860263341383058,-0.0221182706625471,0.298847244666407,1.10153230539209,-1.65504305278,-0.233294775928567,-0.504531400541657,0.5997326415309,-0.529857214973624,1.59816734086747,-0.566981500715047,0.248548712197412,-0.669893916107393,-1.38906712492316,-0.69123142217198,-0.194325177345476,1.04068775367405,-0.970319836781302,1.32195058914498,0.778828818655491,-0.406139205847796,-0.0855778604614228,0.715696743114318,-2.14132360602067,-0.622508772147222
-0.531316071042337,0.0685110849191487,-0.292757115177947,-1.13887169746987,-0.011579955019959,-0.815618846666028,-1.34397927845511,2.67379004882138,-4.1976840440718,3.59538246414255,4.03601518125003,0.416697811238392,1.40855430398887,2.39125711513366,2.99678303416659,-4.19775769287029,0.791154731882698,-0.786301489041783,-4.71758062455765,2.41289981333729,0.0939061593769436,2.02106006436363,-2.44470023063503,-2.4496350884429,1.51358044962666,-0.777193061000356,3.60975441109735,-5.62698812504252,-0.47636082545551,0.146673990453343,-0.14636936353683,2.60400325579628,-3.73980831047883,1.3278034681076,-0.300646196062976,-4.20708267494652,-1.67234846797634,2.13706764240193,1.39547399772717,-1.45908595223436,2.03198250712742,1.8800924627061,3.43220700533856,-1.7021550190433,-1.87657674364167,0.582696836207788,1.12043686032293,1.02989556840995,-0.414383410843774,-0.23214350846289
0.301392929543061,-0.724129198114839,-2.83389969443344,1.1455917915955,-0.649169496474067,-1.78896342319401,-1.28371638312604,-0.338498700945404,3.07218871010333,1.83118634777305,-0.711366604410824,0.495679600512334,-2.21635374160402,0.713312387863749,-0.515248786558248,1.80795723824787,0.284709354794533,0.755710598138575,1.53901621798069,-0.0537228945646835,-0.560736667120982,-0.900608373599507,1.78902988941293,0.700038836366523,0.95802290893895,0.498719735650311,-1.12403587235397,-0.113729580902417,0.675826842650166,0.904111574955943,0.676912110712692,-1.01592634178749,-0.516031059910755,-1.27470816661002,-1.7224607236501,0.405419420941105,0.373754757256563,-0.524801344595707,0.379796611770858,0.807381308027629,-1.70580002322743,1.77472515822098,-0.770095999729597,-0.255483075575755,-0.82241982679107,-0.472206775202876,0.65198275233584,-0.695178784900017,-0.872597406020131,0.371237486108018
-0.743578053596089,-1.35655001140012,-0.743810461935489,0.60101392074026,-0.570473700375837,0.63070842803548,-0.252250199455735,-0.680141195667444,2.93672807360264,1.4036172428521,-0.672351584756829,3.28014952140943,-1.88272520269475,2.54925382178193,-1.49384501540894,-1.61559562370789,-0.118168353155255,2.323200815514,1.07305165830748,0.149114437506034,-2.51142622170766,-0.730055121121223,0.960085585697424,0.0155852641302693,0.890056810502811,-0.831351813879473,-0.414675669615777,0.098381821591694,-0.184489618128293,-0.965667939272551,1.14572690545981,-0.897874690207973,1.50573536986883,-0.454920421274726,-1.47463687694578,-1.78708436354518,0.13549664686491,-0.956862035565125,2.09195604497249,0.0507962318463454,-1.15714833129529,0.595198851793917,-0.630607148145211,0.711960081553136,1.87120333458838,-0.995679417465076,-0.65163239584473,0.557772451393044,-0.257965594539766,-2.92359205883759
-0.133819313793396,-1.5781057505918,2.47128898801479,-2.37936358550124,-1.71052562206237,0.0555608198526289,2.37161780220607,-2.9870560791923,-0.361350247102837,-0.451396004998235,-3.85586241127389,-3.24567604305185,-2.32771914582075,1.23810449429259,0.611582638331621,-0.660468662196762,4.38699024615991,-0.263041799322929,-0.699212143936374,-0.651676394236041,0.118536274883845,2.47572658362568,-2.47940319107036,-1.00139979227631,-0.513228757244941,-0.594892874050098,-2.46672521072566,-2.5084022854272,2.01850098361245,2.43547807738947,1.69150224132067,5.16639730137757,-0.492856528795171,0.346855114833374,1.79551985039734,0.0785942155451337,2.31156071621926,0.0263185166259011,-3.08609846835085,2.21545078279127,-2.23116578966199,0.564767487048238,-3.76718635634997,1.12801708124501,0.203048741600191,-1.93944843484291,2.22823308724834,0.304433710740323,3.14564610417156,1.09984343971381
2.93311071090295,-0.624164437361001,-1.7030123033666,0.765416722309025,-1.67654376501322,1.01293980242566,0.849747771784213,-1.33006490458065,-0.417020089135331,2.29842102125669,0.174254166085112,2.38283025248677,1.43406826456635,1.32030131765571,-1.29423092868553,0.43015655492324,-0.817362747873747,1.08774741549279,1.15090891515701,2.9226159736227,-0.963287119649822,0.603160326014734,1.45478554876445,3.49105138192334,1.66490049215834,-0.476709008134938,-2.1619224036136,-1.20958043950284,0.426394959794648,-0.086743747547139,0.989801942917699,-2.88714235159514,0.849755156002071,-0.749592464625761,0.372443049513261,1.80411467778451,-0.275146439677116,-0.794327834495168,-1.67567184046692,-0.0477556145741473,-1.50623867957748,0.132944924350903,0.0328386238154131,-2.02936632127777,-2.13514878498308,-0.146985318582773,-1.22518981860886,0.894864662934989,-0.34819480999061,-1.98783001593819
0.818421926708635,1.11201193044646,-2.68838607483418,1.71473117489883,-0.266069246363597,-3.20911731405081,0.868078222761684,1.84369845567864,0.657565539326402,1.22973440476804,-2.68617042717626,2.09304011330742,1.72107542278159,-1.28237729457117,-0.41532255989018,0.383749660935693,-0.985067699596061,-0.349655717132289,2.33783196141179,-0.271027394540378,1.10585961536557,-0.868370908931144,0.932136015132825,1.86127814979917,-0.690057496960148,0.0892007615602361,-0.588375063664866,-2.17396075857625,-1.507698322296,-2.05268015021642,1.18265849703771,0.559771510398018,-1.57516501058705,-2.6555372466986,-1.31584380939158,-0.208236861835747,-0.571104733807687,0.891669467170101,-3.03495915937414,0.501083112245495,-1.83738630751119,-0.970165360882404,-0.430585679410555,2.09693396628656,-0.281277165719223,1.226879505096,-0.617168349875495,-0.0352204269257023,-0.82632898821965,-0.326997625610842
1.35018340240931,2.11379376772574,0.77943973337381,-1.56109562134594,-1.22253286770677,2.30953717805011,0.61793456463613,-2.11303794781163,-0.184334055025068,-0.0150310596736398,0.697755431638548,1.0885202254978,0.766644203413213,-0.752631608226898,0.684157884051233,0.239480625938473,-0.863684078764829,-1.3128894709284,-0.617198722605672,2.19151546899756,-0.591354857551057,1.89965688059795,-2.14672985387709,1.5796200143883,1.13910146946452,-2.16458842704379,-1.5123315768375,-0.0107074215202121,0.706176911838925,1.3785448741915,0.117416241347177,1.73115211111288,-0.858320241136804,-0.124286519003172,-0.248313914093792,0.610446899328704,-0.791979756619284,-1.46467846111534,0.972663705389731,0.106669490077175,0.959525697912373,-1.63473237407873,2.96026299636302,-1.3072424657233,0.667412019456078,1.79885008117915,-2.83490058074146,2.0342275662398,0.821597533866136,0.0251493035946869
-2.3893110755998,-1.12161353122209,-0.97549657850909,-0.97030200357459,1.19528520078214,-2.03624439249411,0.381049046836047,1.03039893469682,-0.640233453426831,-3.07350656939025,-1.74883066574334,-0.0506089274900325,1.6830690535767,1.45189054067603,-0.927406304125141,1.16013385785314,-0.787244441877766,-0.261408746992582,-1.83563946886164,-3.56739156959967,-0.915321640923655,-1.5674278775369,1.0998618051385,-3.24615838915317,0.00344460979309341,-1.5195560079109,0.924916671419286,1.66696718991744,0.660857377494648,-0.957941230534045,-0.183094998694588,-0.675417055526587,-0.974357418015737,1.64150562520158,-0.308234454584484,-0.980535842918546,0.470676650030723,0.702101679229356,-0.00935634962769197,-2.27911248270595,-0.476437332353565,-1.74519346383904,0.814987051256513,1.05579499333787,0.8119780338845,-1.43574163569178,-0.554922798917884,0.729781207167309,-2.69425745340223,-0.0310774880229023
-0.681303104710963,-1.84012051201993,-2.20247220273087,1.61640474351855,0.0945937954388169,-1.27853026950861,-0.736295668677409,-1.91176928199999,2.0464471010339,-0.738203380480766,-0.662264275475293,0.987820612420973,-1.20701070366439,1.96538176057084,-1.25801669011439,0.666757163240665,0.00638001213316242,0.890267902045058,1.40500962603185,-0.59381252114883,-0.978061264527484,0.612491228059818,1.65188741507784,1.67786326747349,1.30765598571274,-1.92798442237714,-1.27941844834726,0.69854793263446,-0.877512212163234,-0.874226108681367,1.58817645077474,-2.91347869119491,0.552733231436359,-0.37158495271376,0.444752102707452,0.0585017598976496,0.0561020280559169,-2.76333844152145,0.411756956004578,-0.190293069625481,-1.4169752271754,-0.323775594201926,-0.300855953075224,-0.0860610840728303,-0.432663427441326,-0.294823893803634,0.311865066363712,-2.56372112236656,-1.26146066777118,-2.84538627222386
-1.29260897636085,-0.104493993208215,-2.91094138657811,0.759318237635294,-0.774785383681725,-0.851475453120339,-0.326611190195392,1.11904465818731,1.11454645679152,2.14546324553772,-0.899581939569197,1.46397977654895,1.893571757058,0.0331951773400129,0.261514413927427,0.242617964643569,0.456824964079807,2.02719774866379,2.33751418851075,2.21836650560393,0.132991227836815,-1.44413230285926,1.1988170279528,3.43704530715542,0.506622955379932,0.380096654079828,-1.82016996605389,-1.88095108612018,0.272809989085103,-1.28835013139019,-0.853463131209064,-0.900015339965948,1.56428910487794,-0.688886550827729,-0.220645834942318,0.206519841662082,1.14280455662822,-0.227780249389528,-4.15617472217336,0.767925562357553,-0.667772140847871,-1.03209885679669,-0.521454135041441,0.316505772632421,0.259639572135833,1.08574532811624,0.48440346613369,-1.5384832807536,-0.136038160860699,-0.499037101870365
0.0019510857899375,0.585978060697174,-0.486604008327765,-0.260036353594316,1.23821322260943,-0.687125334079202,1.87182185628421,1.74582853114371,-0.0217274442753613,0.159930944954648,-0.210976378687808,1.61005382871703,-1.64731473295862,-0.724546548930819,1.94907398383105,0.118697430046871,-0.739464921544099,0.922979697898995,1.04546839580589,0.980656286990659,1.082510452383,-2.19353273033948,0.842058969495338,-0.617143850930829,0.489387184488956,-0.91017509575384,0.150800799152071,-4.5922444675059,-0.487030699047329,-0.0159912384721198,0.0983259798499442,0.112894811837768,-0.811936944650874,-1.39789779733804,0.331996459060774,-0.0827075144692149,-0.145772892741722,0.0290561337339974,-1.53447007259382,1.10806265547282,-1.39923387993215,1.15527682714914,0.552572864425767,1.76886738007017,-0.306246807734795,3.02097442391614,0.537526407261141,0.323037956474245,1.78335047837708,-0.987281687432255
-1.31067373600077,-0.210232067751004,0.423138239436109,2.29918875241519,1.31980669854945,1.19527308301352,-2.8890045024892,0.0382472715818115,-2.09880357676714,-0.359544891833407,0.442468857479288,1.63945511796943,-0.769134452153897,0.0476068431807457,-1.21373458664968,-0.368530957906069,0.883561433381351,-0.195989170536363,-0.741104865110348,-0.883858143514435,-1.38381230392488,0.34050105193111,1.00499180686111,-0.164028624747574,0.781431486097236,-0.326815892391997,-0.344164981880611,1.59203445991056,2.82242704570984,1.3488428859451,-0.600510130917719,-0.601598857457159,2.37977472916167,0.00936441909282589,-0.578071948760448,-1.39504917847933,0.185630334686207,-0.465657835147223,1.3462865397519,-1.75531758755216,0.911466819549276,-0.391405121050202,-1.09027552940602,0.57404388953453,-1.87783105633183,-2.03146517296823,-0.810315470246031,-1.93751387207208,-1.82004398471192,-1.44473434295255
-0.783228731986532,0.364895580708888,-0.16776067701279,-0.395384774061973,-1.35513080073282,0.700356903155041,-0.970505908999779,-0.417017603819014,-0.206634149790461,0.825657827853643,-0.530427518099006,2.13182840476656,0.22703532230005,1.48674845751147,-1.37776337403634,-0.0100582511801178,1.8309602251953,0.288983898866577,-0.0343089777541372,-0.0992340000832026,-1.95172471609152,0.343615144999527,1.58927692443439,0.0537084508914246,3.16630701816478,0.65092111768039,-0.644977194182604,2.42078911721404,-0.342831323293804,1.46763865210586,-0.728335609352827,-1.77098639362494,0.496845559567612,0.631458751565211,0.374043999937809,0.184080339610174,1.24716182788593,-1.69718682209422,2.39445887131198,-1.19315738079355,0.531262805050881,-1.48003613294309,-2.31225605187147,1.67382543825813,1.13451494213876,-0.769679678398481,1.29732232930622,-2.51597682167919,-2.13897475071838,-1.30843798627618
-0.700605799684832,1.60748350256388,0.0907221573179776,-0.925972147669327,-0.922090433039632,0.403580088333151,1.41106955501088,1.43388416423852,0.0487578102196246,-1.44876358687255,0.0798253019889706,-1.35138993515865,1.29109529972882,0.0205707491581529,0.230896616411654,0.7445936382122,-1.14249879065126,-0.781210859939245,2.55746064019394,-1.43632995414758,0.844418323016107,-0.404148098308142,-0.116588827108762,1.11506099927012,-0.692491005741236,0.288219784645561,-0.284202954100654,1.89522971606351,0.101308465050104,-1.87163735630577,0.39807534359337,1.78470173333893,1.34835540805556,-1.09114950728835,1.03265197608903,0.933792454685156,-2.24531184478311,-1.68578139715757,3.02250517784853,-0.256603033988198,1.47945255013574,-0.380895889861879,2.25936517706237,-1.37380637823528,0.753645157399677,-0.280709111375051,-0.103544315959996,0.879640998477409,1.0219224631934,-0.474451141640178
0.478943212806886,-0.114969497765845,-0.676828933903459,-1.66451417771391,-1.57896496842484,0.748915204450869,2.0912248119508,0.244974921163105,0.918955010539185,-0.150138309787056,-1.73773642576512,-3.02515709643807,0.112601232765812,-0.299612158504871,0.933548412618912,2.83537023885347,-0.734650651522324,0.767022092753862,0.512194751415947,-0.509685461060443,1.15839418012753,-1.75080827562015,-0.386415414068867,-1.43319276442426,-1.17337726936743,-1.11081258267758,-1.0014328123545,0.345512114911938,-1.22877527439096,-0.863334475311511,-0.692623095121961,-0.376425577784862,1.17509858077757,-1.24683281279819,0.0967964914220646,0.708702843239899,-1.34803878475539,-0.0534439646856859,1.27561957893117,0.506139225103951,1.89490187701243,-0.349252869898405,-0.142497305909049,0.849934217023059,0.0949759898655661,-1.26070257546322,-1.11900446537071,1.26593217196406,1.63930962560747,-0.330871907042598
0.886994902385651,1.2870734760158,0.337235277279483,-0.304094861760721,-2.20848619641484,-1.21886168491891,-0.0722476221887383,-0.326403176775221,3.34519576593396,-0.993498996699625,-0.376068934181064,-2.39461575514248,0.614059465004695,0.0568842164547674,1.80978532065291,0.166114345408217,-0.745128036883501,-0.640915203940903,0.275510327026437,0.596472026625418,-1.92398519367123,-1.09993117710459,-0.515233881863346,-0.268509001398918,0.380507502237596,0.53314087510288,-1.47213220181048,-1.39425111897901,0.0816593910224934,-0.839310646735641,-1.33872307301684,1.01834017042164,0.99335012497533,-1.51006792051131,0.518412887186365,0.506036252862425,-0.983389831245456,0.300680505946316,2.10386209437554,1.37581393251699,1.94758577353657,1.31150327056266,2.22122708314782,0.21857419030086,3.05350679762027,-0.868199959635191,0.177458965538505,1.1935532246447,2.01626412592044,-0.160841359546164
-0.61370577144856,1.04828981702995,-1.93895553186443,0.220826861269428,-1.32875291129703,1.69837926280038,-2.45021360352778,1.01239559615322,-0.528421271759658,-0.034510443192857,1.35245089991301,-0.0355952088712595,1.62810600951624,0.810288432776064,1.31005060052083,-0.932025197272302,1.78467981193197,-0.598911717340049,-2.54162555537448,2.03127683477387,-0.366910133627462,0.0406289926703957,-0.934637323599727,1.47250657994263,-0.399116682040053,-0.222048268171247,2.42735937352102,-0.937744075805212,3.13518136397509,0.614634866073264,2.64797524755935,-0.608840047022556,-2.43640685990096,-2.27707470282982,-1.45385159446945,-5.55128294076643,-0.229676835669241,-0.462543273058953,1.62405375351239,-2.31288021258168,-1.2728662786047,2.14378207128135,2.38511288518823,-2.02430059613464,-1.45873581946907,1.77045792411143,-0.202207627874889,-0.903930641543544,-1.12841774641234,1.07876398441209
-0.406761268547834,-0.725986016419258,-0.554450626726297,0.285462896282354,1.10146501177464,-0.071916183108189,-1.24458150346212,-0.50277208967012,-0.952100323251688,-1.18616615667412,-0.437202097373201,-0.209738930241262,-2.124944235704,-0.299897993448961,-0.496081997326889,-0.0359886533405071,0.436275731996117,0.744490681994644,-0.880656042214209,-0.550518900593111,-0.997126131197691,0.392199683246873,0.729965613307422,-0.715508103185091,0.378455403939193,1.18359207080356,0.316778354791291,1.54575563521372,2.22157945429172,0.381071657254462,0.438298151397597,-0.735641656118318,-0.35899205109859,-0.19810908497735,-1.33152617502347,-1.47609993314607,3.11789277303219,0.144576786349801,-0.509572399136186,-0.779566090002054,-0.185887501813475,0.104530593901761,-2.40820599498748,0.892349853837784,1.34748913878358,0.648188657651577,-0.582463974622093,2.0289782978643,-0.755140542780502,-1.27149407398583
1.04168744101851,1.93481379979494,-1.0472309685665,0.874031970182731,-0.100986462112829,-0.0774076702954627,0.478559499057075,1.57804162067873,1.42225290455625,-0.263206854158009,-0.339434182709554,-0.485859208513919,1.58841922579757,1.99488496104876,-1.50001044168477,2.22164064875648,-1.52536353050849,1.05167173937235,-0.0922169351878167,1.10411077454995,2.54821042648598,-1.68678476878883,-0.135486306961979,2.38109789086076,0.161734261961851,-0.737743036220241,2.30473574385407,-3.08660364391483,-1.85153440819467,-0.230036796807134,1.06683109235188,-0.378148261257638,-2.37220476230834,-2.79357197260585,-1.22770465030645,1.36743039585577,-1.87813747030233,0.164142256582216,-1.67326621851847,1.78592176692926,-2.74375798325296,-0.35402156842305,0.0883117741236644,-1.86744159928407,-0.149553298247435,0.630714710872751,-1.2385613426494,0.36424750722074,0.607493575961731,0.233330869837154
-0.0535077562169867,-2.48816858530878,-2.61290606147804,-1.31004615580221,-0.447085345214066,0.328908133508886,-2.15555096839986,-1.76310063891957,-2.86020884183844,1.45659149574965,4.16722336189853,0.156488533706929,0.500580786381268,2.58537046992854,1.96890950864224,-3.22788059243513,1.28104008822417,-1.14362311848484,-1.89192496509351,4.01500226492387,0.98349032047255,2.68406845362793,-1.78588638790808,-1.79609594698811,-2.07540878213348,-0.415747011474083,2.09111028551142,-3.85783991432228,0.944228163371754,0.828537070633464,0.921614601152858,1.75872782647594,-1.47794188815659,2.84227506416756,-1.40926828351432,-5.89857589528467,-0.940697956285068,4.40252487570352,3.27991021070868,-1.43173021213653,3.10888189879141,0.314539305162367,3.63515844858357,-2.54120919660041,-2.04382749711024,1.07736496768385,0.345037633427206,0.546639364084988,-0.859189740705463,0.548100483184954
0.915313961346489,0.388672316932149,2.52522868807753,-0.0163422607367075,0.130515215596185,0.117967539330594,-0.715445475554678,0.888996448880594,-0.493598003034087,-0.852385080469928,-1.24164975175243,-3.12134107988887,1.07023156225105,-1.32997459684702,0.59949724085307,-0.282838795661623,0.765027983176598,-0.592001516514625,-1.90848241465379,1.56320479405259,1.99252266461142,0.630570027431388,-0.231533216984149,-2.80013485427939,-2.99997238877476,1.11520281158922,0.39587592822337,1.84315944087692,-1.98204331065373,0.00432947851655059,-0.967594842116154,2.31534808416237,0.706221869564605,-1.08156890666084,1.03270116806765,0.559604697425401,-0.847249760232215,0.72156966081744,0.771024264067248,-0.937417777325355,1.6341145011834,-1.33391255834707,2.49923537930348,1.42646457939537,0.602081446598529,-0.897689011734092,-1.04837503114174,0.76513064255904,0.829598916064837,1.72878393801679
-0.142794955650828,-1.01352618964507,-0.554038431403981,1.76888169631128,1.13085648409119,-1.91596479713245,-0.72945048316771,-0.345595619542863,0.964646638448431,0.53480657625952,0.392336969942799,0.870042819316756,0.120717178939838,0.638270836580238,-0.269195885649626,0.35593823799589,-1.19214724573006,1.1676559151633,-2.28729230878483,-0.211383368448206,0.282011955725985,0.847434187469493,-0.236674951106675,1.26734329625083,2.49664149354465,0.325067021376435,-2.92378229164333,0.473671637075411,-0.143700435136188,0.693478906033933,-0.855858724037557,-0.0979634395111525,2.06830561279466,0.687516686586229,-0.808497855371392,1.23809601648957,0.281148047984253,-0.631757900861645,0.354731252713769,-0.58548186222122,-0.530538498373605,-0.246809835795212,-3.50708433501835,-0.0570725330300629,0.375527674746817,1.33232673751169,-0.752426715278464,-1.05695244762589,-2.9715914271937,1.35708040657449
0.45536393920943,-0.189979931989297,-2.66016666664491,-1.56907736712388,-0.895771247634623,-0.682559826257513,-2.53045140164019,0.83489776440648,-1.69819629254697,-0.491504808145985,1.73504628055773,0.220977842707473,1.00553994847813,2.35728411159679,1.49666696093904,-1.63541351924923,0.387436372920867,-2.49649687487343,-2.90405352497651,3.01503464802612,-0.190569004829928,2.85966177652204,-1.21071374344311,-1.61974814027863,-0.0784869036974761,-0.328450067291365,2.01931728358239,-1.37482358002317,-0.172334638237664,-0.963749516193637,0.206768961836448,3.36024479567756,-0.745890908411079,2.31716734783843,-1.82216383373719,-4.30889699603693,-1.56358008574513,3.11871574965806,1.97669704790765,-1.28192800856117,1.85244822147989,2.43525275494525,3.11230178376586,0.794039994960668,-0.202971380696854,1.89083248194449,0.00923134537477946,0.15576167631213,-2.94370255624477,1.6758540462766
1.8291357952525,-0.738167010255751,-0.929989407721992,1.27427118673468,-1.75508608919955,-0.655536295628108,-0.767109597089254,-1.89542454098585,3.10051478591629,0.896947594053647,-2.77885273828507,1.42043372320871,-1.75601474403868,-1.09362596890383,-0.923678158500267,-0.349549589899147,-0.501938572554009,3.15943756443217,-0.1846322528412,3.56583619529812,-0.629354010870502,-0.570767755615699,3.05180041556044,2.41050562333433,2.60000529888139,-1.24418057011694,-1.98118749434281,1.12249787102784,-0.129505350856571,0.673543902747845,0.887329766645614,0.560945110240638,-0.873258836775196,0.269788039598535,0.690818266937471,1.33905441096582,1.1725275119469,-0.48010743342035,-0.74979023451571,-0.987082763417568,2.01470332286757,1.7967943625535,-1.63618184999679,0.566682807977097,1.23946937744476,0.344412449533252,-0.797622613769739,-0.216344238545108,-2.36692955101137,-0.697582376795664
-2.34059936918606,-0.880420331766677,0.372539559642497,0.30514937996177,-0.360168717273948,-0.543088450091027,-0.464078400706473,-0.860684636216189,0.394968555430305,-1.36957833960322,-0.633813482250067,-0.52222982993383,0.19577750757131,1.13895624500782,-0.890921119360548,-1.06431623688122,0.275866095310897,0.103963359569864,-0.361648100530219,-1.70064012117554,0.636463757114233,0.687760302822767,-0.428346402499073,-0.21976105488503,-0.0735040077453601,-2.24599460521379,-0.400539511668658,2.07775969129538,0.801721501263367,1.36899272874653,-1.03499543275546,-1.94759319682836,0.982568610748868,0.40263524328353,-1.94683326465509,-0.916695394763207,0.732787676269423,0.804483959758695,-0.498729625160553,-0.0507476678081419,-0.0860327699808412,-0.685960095589384,-1.54985101102067,1.81582982192419,0.519887421086826,-1.59860107013107,0.272955563935648,-0.974255430095898,-1.26803494279853,-1.0259915529786
-0.272106702663214,1.94470195258056,0.144671895951652,-1.82942098054854,-0.707002791378276,0.531318804485508,-1.0383850911652,-0.540288325202392,0.753964789301536,-0.725650584291684,0.814579907370942,-2.17741907812469,0.481043603617576,0.145912781622613,-0.261692605842602,-3.0766954758087,0.504123999169916,-1.43149424320043,-0.931483744096269,1.81801433481881,-0.045718862673472,0.00559695221852054,0.0624224027510046,1.65059460446883,-0.880326029761118,-1.20033008087402,1.65356410355943,-1.10149976118897,0.245747647850748,-1.29330063063654,0.848036633685863,-0.314344843857907,-0.967815098173669,0.518355634791147,-1.00049368952476,-2.40700391225547,1.03203115702422,0.262341939198329,1.33843203911951,1.64978034985467,0.509026948376116,1.90940051439938,1.3289922395357,-1.00267922337245,-0.822136455201393,2.32989446591127,0.00647359265066812,0.39123211493504,0.923032600904427,1.25204087715026
1.97065485165053,0.93287601517243,-1.51115473352607,1.95165575718551,-0.433661363551012,-0.5997122260624,0.12115762214361,0.496529816949516,-0.304848705231715,1.27401227626623,0.352419533045255,1.34895589071439,0.935814167264056,1.4649504434218,-1.59197666426633,0.856794991023733,0.279214784277284,0.676083996595737,-0.529481734537889,1.31086896745535,-1.7290210589282,0.245300679000893,2.31395095748859,3.19269482306191,0.346018809514535,0.963991246085946,-1.53002263575541,-1.42063554550593,0.408572176851392,-0.15534185487567,-0.40095642930381,-0.637975947357453,-0.320121340406491,-1.12710809592517,0.719446535164213,0.906504119066516,0.585446309259112,0.941718821499357,-2.27251219150092,1.30105625390642,-0.459763083087951,-1.32881985624524,-2.74844232664697,-0.115866882676924,1.28746750381517,1.2858717874226,-0.4565302317604,0.0414498609508469,-2.42608435114685,-2.11517642710694
0.335297744375015,1.78838741908299,-1.22898933278703,-2.80485896762421,0.821912731012449,-0.379333293668403,1.51984631238549,1.6525292724052,-3.18823908160609,-2.00406084314427,-0.662941032473463,1.81797561407908,-1.69195063947661,1.32366151744046,-0.167044993873905,0.0596832809594071,-0.00997985057129791,1.55123354868333,-0.522164726034359,1.74184606705724,0.207208703363486,-0.999719626897567,-0.425799945844023,0.745257095349844,-1.05992383231844,-1.09260438399393,0.0198066238103676,-2.72076981569959,-3.22545070481155,3.60549143633211,1.42078852506151,-0.473807868277294,-1.1513202962201,-1.39132902996244,0.772666966883577,1.86711684476857,1.43687955685042,0.896221482541894,-3.49504955294863,0.979283131417239,-0.609002559530739,-1.82812176387619,1.47969386393963,2.02582512073139,-1.20915730251034,2.79603559333765,2.23909987203423,-0.417603530691496,0.541240026206885,1.50393507432483
0.309519894217276,5.10783741253172,-0.159729708185806,0.0256947582046935,1.06074301681347,-0.749355789717429,0.934065035387125,1.67075225974008,1.11584510164789,3.01003175608094,-0.57480368208258,0.0494951205076215,0.503528434131047,0.0995918656178583,-0.0305635136295314,-0.0406389528643804,0.766390386835581,0.390267241646607,0.692768824052393,-0.0690817481120105,-0.833211649518321,-2.83349070253863,-0.223772913871997,1.07516606629684,0.0223973221332165,-1.79288287427259,2.52760509925804,-5.00229556173179,-2.98768040762305,0.745910988821138,0.962728675619501,-0.881131787411448,0.208053511802164,-3.21883538257106,1.11635240301118,0.73066775034925,0.715971015047468,0.728687585816131,-1.70579989605851,0.411134426083296,-1.08618631384878,-0.205224814713305,0.0384218800384107,0.207839877481879,0.234502918542146,1.42006845132763,0.921773362415512,-2.67470396207781,1.01904639344065,-0.598961164864827
0.239129098626253,0.736818463135002,-0.222317308467758,0.793716395209701,3.20548029526783,-0.976359912412412,1.13781704200526,-0.142324288497114,-1.30494534882313,-0.369070821713614,-0.953930781280038,-0.68015509546665,2.155649908598,0.0263388722406585,-1.46261340708719,0.415996340229747,-1.66028292750118,-1.80802475992771,0.543890067342724,-1.18079312562875,-1.22543128162986,0.233266552480773,-1.7827799283025,-1.25693632516831,-0.70493624899721,0.753467899734208,1.73438541053544,3.01567312411592,0.966489452093566,-1.39764913819039,-1.50004610036406,-0.69608845320838,-1.18701568677433,2.23196132247027,-1.11886619418006,0.676533798951721,0.411449228190289,-0.987755254826813,-0.437879799913672,0.261824223371222,-1.34701570501851,-2.05372000496952,-1.95324495760601,-0.736632954866076,-0.386434984745649,-2.12845543996686,-0.202905717156937,-0.0904312463593127,1.10092904828066,-0.344531768661292
-0.0529800813281019,0.43990678715345,-2.04465475306715,-0.204512616622248,-0.141548421336991,0.460448062886472,-1.01264790141886,1.1683237198749,-1.13243481236152,1.05279461006892,2.2739061839736,-1.88768759080061,1.06018735587009,0.186410054842091,1.72005585498909,-1.97535553649053,0.972349954205301,-1.69358284045373,-2.60477361636835,2.31017398757364,-1.48162777679512,-0.0878015240165365,-1.90943473684455,0.315856621843351,-1.45492180548584,-1.26375979480221,3.11253351469135,-1.62095863262655,1.54371775278332,1.65468224938916,2.47600089313373,-0.133547597767369,-1.09264584452519,1.02228384909341,-1.7152543178102,-3.10809636742281,0.333712834334099,1.37522903954724,0.922722819796661,-1.16833224869611,-0.515594479011268,1.95111277158196,2.27237967556799,-2.72509172577954,-0.175201909579424,2.47619202376519,0.387370617912846,-2.06955858093608,-0.367068739973205,1.21573526605266
-0.997362861578165,1.30369653691715,1.53751835546352,-1.61534367053614,2.46985919053864,-0.203294840843115,0.556501077557741,1.38003012945216,-0.203807744733982,-0.499773761990581,-0.542472141973308,-1.95521851430088,1.57651670268966,-0.950571008939244,0.721925002729946,0.393805300566161,-1.80657447117659,-1.90114339888056,-1.22956768620236,-2.8282675615065,2.2831584422473,-0.94128658242291,-0.000275782078501929,-3.47633076071238,-0.687723872829012,0.52447165904557,2.76191151795864,2.41621951499672,0.292365711337538,-1.02997744356522,-1.21601337997599,0.562119624860386,0.924778200558568,1.03828082277363,-0.949379690480398,0.592022898049057,-0.957408728312582,2.08573313914592,-0.0270718502340775,-0.12429359450067,2.41090828442751,-0.922781061697086,1.14372388866917,1.73884540996753,0.0433572515996265,-2.37880097236858,-1.09290234129848,-0.693005932376418,1.87089070571815,-0.678396078690181
-2.12398249848319,-1.73203036587614,-0.0944174231813496,1.11034635241113,-0.00470813153156704,-0.943341579225319,-1.05202859137605,-0.31193699860824,-0.0129682914313084,-0.07581740005001,0.322759342732613,1.48515391100899,-1.97860008184935,0.403274412173419,0.792108330476985,-1.31992961915781,0.0530615217615928,1.78456777918451,-1.64098316895395,-0.558045614537399,-0.798881735172541,2.44803942280965,0.476256197900421,1.3448671193106,2.0745285076898,1.47702265716919,0.468233563252643,1.84711713967099,2.18252277058368,1.61014368385764,-1.73491055628878,-0.00750344238277122,1.17362922932569,1.70531287994942,-0.724019624571141,0.0198804626250759,2.03235185736339,-0.0884137229732557,0.891054067425658,-1.94229867064006,-0.217935324965208,-0.824099134972976,-2.95142551323371,0.971507733689157,0.302576548328102,0.200231431374693,0.94682350262125,0.321338020674598,-1.29981893210526,-0.331611564283032
-1.64023596333637,-1.39428188098346,-0.1478566795111,-1.76534300928754,-0.75927275943591,-1.76465720016687,2.46834541647486,-2.05617852293281,-2.26900119610537,-0.39473236162276,-0.44110606835024,-1.34823738025426,-1.08693710105819,0.560192833168484,2.05868043771028,1.00194697488309,2.63010502376218,-0.165748496097841,-2.32355065172696,-1.46244620419053,-1.37006919528411,0.415591228393907,-1.33729591158884,-0.759485654175302,-1.89208004270014,-0.817418267632154,-1.19544071886338,-1.8684080498722,1.06675420099285,-0.0900849309854622,1.26630933329021,4.03677423904489,-5.09295468877474,2.96626474129581,0.634086789304651,-0.513720087716449,1.4269244276989,0.561420955539587,-3.52850637010113,1.4472061764193,-4.79474781446722,0.106673337682801,-1.81320803290109,-2.55800639425907,1.2849978483803,0.857836075692866,1.10840876139371,2.25841389329661,2.08287074773149,-0.504838086114151
-1.38153737454822,-2.04018536162884,1.79423232414174,0.61193512933936,2.09675249631904,-0.174092988301205,0.00400127890289162,-0.882180789063348,-1.32994998237019,-2.660219886109,-0.401133965020442,-1.65574459217608,0.787849636357186,-1.26939686381158,-0.461336289948011,0.0549030038107474,-0.871621908021313,-0.609052209421196,0.628412396990628,-4.18711350065144,-1.20481251457122,-0.874933370223776,-1.60086505260843,-2.46484268004705,-1.39729695064023,2.60390164386548,-0.107524063016115,1.9843850966759,0.848430536456259,-0.536428547100921,-0.912260807687669,0.913777970638431,0.681447044624551,1.16540596047421,0.300567291371036,1.53045271133152,2.30813671171799,-0.428839959832488,-0.60684544280206,0.417409743563835,0.570879649715621,-1.01191831225379,-0.141237066972814,0.553828307931961,0.559872102738975,-1.38346955351611,-1.13595526959918,1.1930780446719,1.11922723842477,0.16160401110398
0.693708617187921,-0.578826780927866,-1.73468404368694,0.240694692038838,-2.29062174099406,1.70395594281696,-0.378431159785214,0.310733371096862,0.74220880746319,0.726765081659562,-0.529836788777237,0.834509518275976,0.8207132981674,1.27118566640639,-1.09141839258667,0.486542363747944,-0.225993528922904,1.95070537949055,0.918685374390142,1.47481666615812,-1.57308023314285,1.58041313694703,2.96655095459398,3.31462068215539,1.55791453703589,1.31667061309254,0.564331457633561,-0.259574054697633,1.92110462123381,-0.580367218501722,-1.28183675321181,-0.954330089861123,0.597803848475346,-0.244406909555047,-0.573204149925448,-0.875641886727226,-0.959315610649031,0.208438874315573,0.00448355812971096,0.631661406871973,-2.07658139989554,0.49147219123153,-0.343045750899374,-0.276885343274166,-1.59355038634386,-1.36477672959717,1.09118796764393,-0.125123097149966,-3.06848157657313,-1.73423178152758
0.215508946870984,-0.257770909980332,-1.22243216704748,0.477723857581214,-0.906433208859069,-0.262195625801407,0.340642545698466,-1.03215960543566,2.68175441128712,3.02115445230703,-2.08036911788589,0.166086557755957,1.07335592806745,-0.526920354097546,-1.54257514179857,1.2316831180453,-0.327168002317584,-0.302241757483586,2.59158716073542,0.610606970857793,-0.931789410308875,1.43025883577201,-0.330649483196202,1.47397050045587,1.63162053555152,0.553951343018085,-0.811046826668938,0.43957360251482,0.176247017698462,-2.84102499032029,0.111990620551235,0.00628085789655686,0.570112083389304,-0.936584322606727,1.02873679371718,0.193357977758133,1.9037340929862,-0.620941394223162,-1.63475248389593,0.331176859607965,-0.351990928438981,0.389570530543008,-0.8282992382405,0.445728165888461,-0.50464536788843,0.436698194758757,-0.133889850452064,-0.231256610038777,-0.818619574267644,-1.13839276991725
0.238724732289806,-2.17618301018605,-0.907462186066991,-1.23240646108682,-1.64582436971217,-0.902356750670083,-3.73547867188628,1.16776897428212,-4.30008297345135,1.51861967954923,4.16540611823423,0.650935377442603,1.3359998977291,2.82724116212889,3.15497574815012,-2.51696510656778,1.79557914370403,-3.1319653339722,-3.18385868029113,3.43105528621371,-0.136647342077987,1.46706395242278,0.309669571925231,-3.39738102700961,-2.51418700758947,0.58723416971283,2.86934500341876,-3.09237019971655,-0.761388779990167,-0.972890039448092,1.46543605317148,2.65364470771037,-3.16482215766546,3.38334508826803,-3.52735731954509,-7.21863210884766,-2.96087902694747,4.20924406331636,-0.59669609474253,-1.97052525379761,2.87250326870688,2.54473165815299,3.42292523467155,-3.11892009700203,-1.30331862394357,0.725321269536039,-0.251806167081454,1.11139917388454,-1.85413714986846,-0.701904872319746
1.48801729706508,2.12526383294466,-0.118221022799889,1.07738397624134,-0.994969720430256,-0.193757330782219,3.33179776634879,-0.826274731977748,-1.77835800186541,3.41688718149545,0.153743202740232,1.8048906154843,0.300345117194418,-0.578298243546391,-0.795033791956545,0.241435359316067,-1.63322860454963,0.348289474182019,1.07042606894489,1.06861021691804,1.76511759581662,-0.943773224546056,0.978378730620582,1.40487664010926,0.598090329964799,-0.784484636253615,1.54352969783023,-2.83028152099859,-2.09730830343795,-1.73835344094927,0.179561922228098,-0.763776404380915,-0.469364372953886,-3.00704363448292,0.419916350756321,0.853235558947569,-0.962447856212639,-1.74793069515186,-2.06840451901047,0.623504898647721,-0.17979559414911,0.99189935228957,0.49269151150011,0.723510195202274,0.739596203513582,1.91162318901068,-2.19215030072195,-0.0902915271152293,1.62537698826326,1.38483995894801
