"V1","V2","V3","V4","V5","V6","V7","V8","V9","V10","V11","V12","V13","V14","V15","V16","V17","V18","V19","V20","V21","V22","V23","V24","V25","V26","V27","V28","V29","V30","V31","V32","V33","V34","V35","V36","V37","V38","V39","V40","V41","V42","V43","V44","V45","V46","V47","V48","V49","V50"
1.13268356220193,-0.0533820166115539,-2.46431773246399,1.02701885560931,1.61984540261958,1.47488680842752,-0.771204079135557,-0.00292124222676987,0.571514642051349,-0.8447622556401,2.33014545880915,-0.617694106627929,0.322420422645158,2.97494569829388,-0.321220175137889,-0.144430138799989,2.15571857440502,-1.53510142073928,0.491874146277878,-1.9012087302543,-0.498365404492749,-0.52804012387673,0.668051365013519,-1.07228890025084,1.56249300255136,0.0624231898092473,0.716534223297617,2.00490551554839,-0.970226263732244,-0.528463044109967,0.725320796111771,-1.68932551917025,-0.419539198324445,2.71594899232462,0.51073443567912,-0.679374555474975,0.492510006105123,-0.0411080393855428,0.479074073149632,0.814521363819414,0.00235523972118314,-0.568087147347858,0.631026045293185,1.42080036259813,0.00543951369614515,0.610027822644195,-2.20997426321985,1.05494252072518,-0.113821278271771,0.56452864760667
0.542871779989051,-0.664304610195697,0.118632531707983,-2.47859593493842,0.891233117492564,-1.16325101161853,-2.27708225386374,1.73285896135795,0.970066177804044,-2.40099434305432,-3.06302108089993,-0.670057083299182,-4.40321146982795,2.54493406982393,0.599410695280561,1.61403834815154,0.517525221920473,0.229629122802987,2.50009701439023,-1.65037617358613,-0.993229054261012,-0.986864203770674,0.00591471469608378,-1.1807633183048,-0.771135104104128,-1.87428089528232,1.70833072743429,0.310144780387141,-1.14958343827232,-1.71035463945068,-0.751864562113358,0.0778655391219026,-1.84899777824474,-1.36798887322859,-0.905086224766931,-0.20179464900538,-1.91191611413274,0.621370039447147,0.253969848394794,-1.10587688212255,-2.02159794839719,1.20678371027688,0.450469110775828,-1.90438291269235,1.18576682801293,-4.0777257517516,-0.282669673389028,1.38176497478409,1.35359110004451,0.761291263709582
2.21834008612364,1.08812235410436,-2.03802458644903,-0.721208677429602,-0.0126296692054144,1.19592244786695,0.0420846271014544,1.53463401661671,-0.293873685454191,0.587808062169379,-0.279792524886456,-2.91308723724584,0.0276370009688609,1.46863410292964,-1.64023064225555,-0.273019648532981,1.55288917584405,-3.24604806351537,0.533104757035828,-0.8154408301262,-1.0943374603125,-1.00013527813268,0.711024602462497,1.17355104184093,3.26352715215206,-0.487358637570892,-1.15052632049893,1.59561264655183,-1.4736622301,-1.46680093912233,-0.0875029306497514,-1.17361438221,-0.615000300281552,0.467567867225317,0.208943324198814,-2.56146124591126,2.0619968102979,0.0140651527273635,-0.871199192351425,1.23154707079705,1.10757966128453,-0.397694456557815,-0.613029801983443,0.85668375729908,-0.286210235726709,-0.144719465420166,-0.585001586200506,-0.180027566050027,1.47003737553538,-0.350031457023626
1.54782604380438,-2.10088800712515,0.210977548620143,-0.657739157432963,-3.71176069644784,0.668726940862062,-0.410420380079834,-0.525729336495792,0.338935464557312,-1.2174337096814,-1.59342307126107,-1.33593509549458,1.23815524683445,-0.132114352071722,0.989824417765158,0.310373821050909,1.8559482041977,0.0669648401361333,-0.720188502218412,2.17629350286775,-1.18085463460183,0.220973389091222,-2.22860469791577,2.77505756781878,0.896701336042028,-1.7987632513232,1.78835773305702,-1.92584683153077,-3.99801841414628,0.931552855850679,-3.40866227416622,-0.799980553271122,-2.20734046549426,-0.503343407143111,1.21153333004929,-0.117413231821011,0.657818344761017,-0.177523227951078,-0.0520440154927189,-0.790310660149567,-1.6140880332141,-1.38851114159454,-1.99474901470074,-2.01843156160901,0.639589921459098,1.09058266564389,-2.21825528360705,1.7213023390304,-0.151801797687798,-0.866648311559292
1.06143360034949,-2.41542888357905,-3.541767332674,0.0473349594410951,0.252538359049187,0.633509421588664,0.200611100697284,1.35457451724836,0.140116140709648,-0.676802179713184,1.8907926306194,-1.43043222392233,0.0171235698765656,-0.0241925807097345,0.622618385807274,-0.2815115287095,2.90942160084727,1.13227505212037,-1.50024516547769,0.0720196952122799,-1.24745919818687,1.64268775538952,-2.01102827987329,-0.746895256598159,0.38095158306768,-0.624866290586046,-0.701136509971503,0.0406928771697379,-1.04489667928689,0.880497104041862,-1.39835451135772,-1.35203619154359,0.814905093433927,0.597886983834641,-0.699950107622394,-2.03257035749757,1.30599052315341,1.31180506796087,-1.97951813229956,2.59701588828857,0.0168643564674717,-0.543190051424274,-1.04041468007617,-0.329894865676647,2.36249939953192,-0.396355886766902,-1.3415344630222,0.139286084309885,0.314427707879239,-0.0298785952688095
1.49521177296841,-0.386458593722774,-1.6946279337541,0.88122585839538,1.76240926018516,-0.28144470706806,-1.74137203437968,-2.30911067909472,1.45885691076219,2.25853426615207,0.526652129607527,0.449345811594093,-0.342687095714604,0.756567777444702,-0.00564856161258423,-0.283861821099865,0.181809135662806,-1.01468422282138,-1.15895461522484,-1.6377836515575,-0.32561968468502,-0.856471660026516,2.56698256450817,-1.80252480580731,0.479818899485649,2.2604607546472,-1.99706133021437,0.563170662856542,0.555435434341818,-0.532445138530602,2.94018081276195,-0.93135392708917,0.786509906350796,0.731162018334883,0.563070605195536,1.71673127405244,0.555343607660758,1.17569171729774,0.992690464450897,-1.26214832963513,-0.159644830334294,0.36553665819351,0.595143403950539,1.72230784822764,-0.836171543579978,1.28538057171889,-0.832310081766258,0.0998482646076977,2.34863769555961,-2.06159722157162
1.16990146677043,0.656076842926814,1.06591494186772,-1.42739096020194,-0.118905800140656,0.31163152765971,-0.608600131430441,2.40047950884401,-2.39719639505018,-3.63108276240156,-0.494727313574022,0.751551684610462,-0.930988848385758,0.744506775440394,0.49370382180548,0.80397946955935,0.660654015681687,-3.8693583118375,0.704432207823023,0.310001316915625,-2.45622649373849,-0.320387535584414,0.755779748923673,-1.86318901353351,-1.52091179580464,-1.61428975126948,-0.603540592323825,-0.821865265685726,-0.79995148133747,-2.31568542550331,-2.43610954308203,-1.00965924160194,-1.39431813974664,0.195206015656917,-1.31773343832578,2.43965110759509,-1.65373762929196,-2.10614566134425,-0.554165839473819,-0.44650969395427,-0.620731929258729,-0.793410602175688,-1.37720595931832,-1.27540192168032,0.931166623761976,-2.8054573155547,-2.01838114415991,1.48560127911732,-0.827688703130984,1.17182739674283
-2.0345284855981,0.354834251502879,1.73846363063513,-0.689178882481041,4.24437233472595,2.07708092025301,1.64550631292341,0.826589544827142,-2.18320231646694,0.0511575157815966,-1.59626493150439,0.347953778029751,0.925997398067207,-1.4377131219021,-1.2347608159268,1.2233009681709,0.515343536944713,3.47216520816337,-1.04323472319658,0.99749462140512,1.03162778676578,1.28922258307803,0.819852547551288,1.04530416655904,-0.730501007717734,-0.636256205664772,-0.503065563055325,1.53873582362492,2.23980421591107,0.996280064387795,1.86631092848912,0.527453075932405,0.461336366614698,-2.87285354594109,0.153009579841222,1.58833424413369,0.525299732021053,-2.1961898371527,0.22696837497851,-0.816061481422223,0.731693848779102,1.72776653663445,1.42690491414158,0.833918593397926,-2.61881615719599,1.65411049641915,0.932725901353122,-0.0857116967945047,0.813963391079902,0.965935760902149
0.420383040138354,0.413211568667257,2.13812218753003,0.987785007357771,-0.347547144715311,3.43116466200483,-0.167818223792832,2.75757056387634,1.63300232208234,0.589925951651798,0.553259240706714,-2.28543343629249,-0.87875502394463,-0.553825160675032,2.43142211596547,-1.00901518745944,0.204233858519176,-1.40180682579293,1.35083665279398,1.83483247919584,-0.225024507287728,-0.642624497521708,-1.49757446259167,1.48780142873161,1.75282070746083,-3.20827644950241,-0.682634684542879,-0.558578289119099,-2.69524753174978,-0.646961986646721,-1.74531120748422,-1.25660552965419,0.952184572984579,-2.15816802839975,-0.330185013082624,0.818497434217545,-1.61829859415907,-2.03952764280747,-1.63337409554868,-0.173179694797231,-0.619004121773622,-0.832497936771983,-1.27370355047379,-2.00108052565353,2.76900110387422,0.563796829228111,-1.22683289145685,-0.601574534533359,-0.151687728248505,0.774227129915333
1.34799212882793,-2.2703960347642,0.390408297479712,-1.412601779675,-2.26398960019702,0.204696184953101,-0.624217214914104,2.36957754068841,-0.45279109042423,-0.955388082718319,-0.716841233306559,-2.10091530548672,-1.55108992236086,0.0132567805162697,1.97795425844971,1.14799715772916,0.626276715749968,-1.83745014747861,-1.17906139294329,1.09829972131173,-0.126246190228832,0.645038079022316,-0.780609016615125,1.40685097773448,2.78138380248539,0.20834320346166,-0.795073800649556,-1.30754859183655,-2.29072041043592,0.0734206889957049,-1.86940566262533,0.711005627291746,-1.97279970324396,-0.0849757869584588,-0.151850463148475,-2.45584607116388,1.94185817540576,0.865265457864889,1.48281567297785,-0.24282198797456,-0.465241924126194,0.732424004120123,-0.790501125931509,-0.174937274565858,1.04202642172698,1.91743028010156,0.558054173534844,-0.134764763490953,0.785179744017333,0.346126853243601
2.15768413547416,2.38086390356166,0.775166137010036,-0.311400853434417,-0.734218287177691,0.811818722581036,-0.603208454147145,-1.63726356041021,-0.773716517964405,-2.086352748302,-0.674998717519402,-0.146675648686832,-1.81432448087676,-2.05777060983454,3.54117259867679,-1.97338579143794,-1.80618803031083,-2.47707071553208,-0.799398409877007,3.50531534534503,-0.957763876891495,-0.808824531165832,-0.495380076262175,3.67897643802649,1.70916227944713,0.599486400110237,0.644107020420542,-1.92749194560386,-1.08043734921838,0.458863230910042,-1.04461103490458,-0.586664999381474,0.552883355375156,-2.8207495750532,-0.103381784097416,2.9047004521996,-0.754956660860651,-0.48798433074618,-1.60311466368816,0.475761717134654,-0.970250054854442,-1.86656738377999,-2.21899481741504,-2.34907302499268,-0.0239944531183181,-1.72393672881919,1.52265194942612,-0.296683439586469,-1.00984984100232,-0.621079067938974
2.56764249536559,2.01935187275986,1.30806706563368,2.08432954158684,-1.63540168077171,1.66459753059769,-0.8999430950791,-1.66232545876026,-2.75127613971992,-1.00200977882203,-0.882239194342887,1.08046389588944,0.430485620447751,-3.4653009724125,1.96141456454259,-0.927392866139186,0.819746368689996,-1.8414965977498,-0.238104173130055,3.13690547179246,0.310386872471192,-2.45156996571206,0.329210958345969,-0.968009718616434,-1.15478725235985,-0.888155794385958,-1.29400618935278,-1.05981567543683,-3.86940895959167,0.730561611737832,-1.45629849776441,1.49311177955898,-1.37798757102285,-1.54802323977347,-0.187443101713302,-0.893110224613962,0.604057253341454,-1.06879824079381,-1.81308200353696,0.451270072830904,-1.78157512182402,-0.0833189077100535,-1.0060189929539,-0.217978937860684,1.95373732286304,-0.615754230224272,-1.45565093280749,-1.6452965455985,-0.13569584238056,-1.81102260426602
-4.1225620625245,-0.6705452040023,1.40848527773155,0.693568986122885,-0.120729223103138,1.79074249167621,-0.839976107844649,1.80510893748185,-2.28605185526575,0.57718324023404,0.806668618273393,1.11191374535756,-2.08609457318775,-3.19267105332008,2.4225006936576,3.52818889519113,-2.16330584987711,2.8168742388139,-0.240519925714714,1.94546368586434,0.747488290460063,2.91731586986046,-0.392592614582809,0.714161467999716,-1.29861379910619,-0.542157231864649,3.29398545430155,-0.00622116414293206,1.05573111051575,0.884150402812994,3.81422910656304,0.901432269732512,1.69496656928609,-1.85773055323169,0.636119428658803,-1.26186692624317,0.696088329225029,-1.30000023567244,-1.19855522864268,-0.286111908835727,-0.972580406880377,-2.12118609795462,1.31951067332602,0.217842593246445,0.712457512772035,1.20777759355549,0.937995046776796,2.65539852274228,0.758591775114751,0.840636833132501
0.144942844577651,1.685647817766,-1.48063113901119,-0.530567329993325,2.46667076817774,1.52128979486696,-0.0578767129406228,-0.843587817604627,0.0528312478702687,-1.24890841295447,-1.71400827608184,1.17255811317634,1.38852751496326,-0.655934949745067,0.381119153067988,-0.122653191834185,-0.388821043205138,2.00666137551662,-0.548860384336068,0.262339775168891,1.33109321743208,1.7831723983716,0.246427652026207,1.14207408245846,-1.77133748989374,0.754372472365018,-1.2710595488027,-0.757514911481463,2.63441452812834,1.83586815608984,-0.504870922916621,0.975050174800708,0.195096031560268,-1.01856236667272,-1.59688474186105,1.57650274695191,-1.00378329099826,-0.105633583941803,-0.672517338655553,-1.09842405464284,0.756026296894246,-0.179582048016798,2.06403209039941,0.387145210712018,-2.15229495479638,-0.115894272152411,2.50926135497332,1.45541847983257,-0.331599569842739,0.126954056775864
0.253101697535566,-0.19014994961475,0.0583512109199599,0.764171440078035,-1.53088602424181,1.04245469061079,0.027418459169207,2.82925633187487,1.68112317747488,1.66468228240836,0.176478091465609,-2.54719671965832,0.173354790827215,0.133037795282257,2.63295478634667,-0.91812275489295,0.568574705214748,-2.14082768541802,-0.574009913056327,-0.00427767668754037,-0.177342855483765,-0.2532174804448,-0.489932883338836,0.83124182290238,3.32752202045824,-0.587865624117227,0.166888788199819,-1.43259207147851,-2.52077886425736,2.67135019049822,-1.02088509512728,-1.42809877938411,-1.32276434249528,1.20068867454731,1.1332873211312,-1.01635524081696,2.29645169431057,-1.3594296957641,0.170733747839298,1.13466975562491,0.343096774719507,-1.55144256704719,-1.3338404181809,0.52823502689391,2.37255935274981,0.633686437657268,-1.16194216659552,-2.93650202021565,-0.317325334004756,0.155097042796906
-1.6940967508333,-2.86557555331792,-0.449704695526256,1.22225924594139,-0.377606105282709,-0.801130238595962,0.853567171027391,1.30483426200516,0.137294053886569,-0.794795883432287,2.28091167484353,-1.56642925607578,-1.97816639009082,-2.45296407355027,2.6410796276612,2.8862109355137,-2.27341662902158,2.9047808044472,0.371740873419432,3.42052285125173,-0.422787170054381,0.888327767226945,0.0675166129555363,1.86306135511656,3.58531862522509,-2.42245499506398,1.66966176295101,-0.81275758972397,1.40470871898168,1.11005688296405,2.03884402198949,2.40255220478837,0.862856565171034,0.199210349760842,1.6979560196161,2.14746265042542,0.848108831994247,1.17069571006893,-2.37516697659286,0.953249913462843,-2.53246763839312,-2.05120534928678,0.923504760520866,0.800990148531705,0.831092794847597,-0.343273767104148,-1.93852611203364,2.862076332584,-0.285281767327782,0.739839269397339
0.964554899296556,-0.291159307191159,-1.85620982689204,1.90358945950333,-2.08379056322395,-0.676430352682824,1.2926657963919,-0.23216240561243,1.75720762124551,3.07085765507552,0.456099279307399,1.65809523478754,-1.1826785369202,1.9284860833622,-1.97545901544776,-0.278026399450731,-0.00339063499937099,-0.271924330798035,-1.28554809684122,-0.870973689623053,1.44400997020461,-1.97502937371062,0.48278208471621,-1.87684594088774,-0.661482619788707,-0.621084635795994,-0.120306835243807,1.86095779119233,1.61311848464875,0.101201554421916,2.41035270076264,-0.891379146734451,-0.454477318589692,3.03372598162482,0.310525298293105,0.0450097684108869,-0.653477085347955,1.93510290760793,2.02454874122567,-0.50897873142552,0.266572857100744,0.246199955708423,2.33226589145453,2.32119240387753,-0.57079119670317,1.52747752822184,0.9199494328822,1.79765219701923,-0.988953735121518,-2.15743663796183
-0.901713429119121,0.364203043632381,1.35776482750958,0.740807614048789,1.70341986868995,-0.197797920943492,-0.480592478309948,0.915943234299256,-0.358546644760878,-0.268401693505057,-1.28916680095564,-1.68581684933665,0.95617486258545,-0.686296787442342,-1.25252741389543,-0.538486766455633,0.69007723073842,1.85917034234199,0.601376513536854,1.87937730632095,0.871096800940179,2.60244372598202,-0.458875177916277,0.737297567753106,-1.6991170407062,2.75374163040685,0.495733621285428,-0.300027199497493,2.84626390623071,0.145649056459682,1.27771019903755,1.26814785996349,1.08271671941225,1.92430275628231,0.203190047448942,-0.346292928534036,-2.96217882931105,-2.43273770509106,0.15557378474028,0.616760567738829,0.565214978957888,-1.77907244583049,1.97100143632582,-0.813571624958926,-0.790595258687,0.077769359738716,0.587028531151795,-1.56145337766557,-1.57101528927714,0.456217627855257
-0.578788139879119,-0.036952575894958,0.661094453524572,-0.0624449216386106,0.940941678087263,0.926689140576261,0.953204118979998,0.439155005672078,0.588770617153241,0.176024071205972,0.548836512189667,2.15352632086459,1.47336289483422,0.306099699604737,1.12515625405252,0.878399452018248,0.152426611046538,2.11492008109822,-0.475063999776872,2.1567023671987,0.776427192991622,2.3242145742092,0.838822802169074,1.27306740577715,-1.35549533838179,0.728089364947251,1.51636293427671,0.0344298691630526,0.741162684050295,-0.706352831824951,-1.37721243253318,0.281351884606791,0.593964672169047,1.0526245775528,-0.515911487232501,0.0745510726874168,-0.78824345406255,-1.99760675480858,2.47670036983961,-1.15262422639331,0.876450135940363,1.08587667239378,1.6920902541905,1.76332249791177,-0.945201508538123,-0.360241248140106,0.198363967185666,-0.263233582920351,-3.55102191455572,1.16544457357668
1.72387318329425,2.09519518351004,3.33900074940572,-0.164285587829413,-1.36515133203311,-1.08030962956861,-0.405928258681533,0.106390199257324,-1.58619158442268,-1.86906115129181,-0.724864654865363,1.87993647398404,0.15068262898902,-1.130878845841,1.32839346273248,0.354764794017615,-0.771728907652433,-2.06573972155855,2.50174870530549,2.37952154256604,-0.000112564001569199,-0.406843668053125,1.59977188231948,-0.480617914684822,-1.07826301090026,-0.160058447701991,-1.12988273589247,-0.660708557635531,-0.677143942261873,1.49928349449897,-2.34104484250694,-1.23723724658474,-0.36036720260092,-0.906611508310146,0.0138840572182806,0.952215001892397,1.58667232809327,-0.397996714296851,-1.10562040624895,0.836661180782711,-0.923416369298848,-1.44515893974384,-1.80261996097333,-0.53882865545332,1.33891242978578,-1.01982460473826,0.00938455244396813,-1.88320063893668,1.05209355308649,-0.600944598470708
0.163067321325896,-0.222160030871634,-2.08426965926026,-1.01136556024391,-0.147892765773524,0.597282471448171,1.08163942082092,-1.18410354197064,1.04328939756067,1.08164647032055,0.729286502892712,3.44549309526398,1.1690730581669,-0.654629487208558,-0.348850077100996,0.924491536325966,-0.242284711567661,3.130242543903,-0.445488784956639,0.681151898847633,1.13145017730071,0.0681881438506499,2.1354650575651,-0.526239562796109,-2.60954524483106,0.0343879801970174,0.192153398190208,0.570481679262216,1.47787386354777,1.1011559142249,1.07924322782591,1.43425764748452,2.73985396283551,-0.573564381426247,0.361644305128557,2.23834863763169,-2.2074166699225,-0.0997028137346222,0.278819300232437,-2.63416816142817,2.94309964612318,1.45723835773383,-0.736388361547431,0.0290112225024634,-2.13214939201339,1.72807129781691,0.296495163425013,1.47183680010284,-0.131915056057871,-2.68669535887217
1.89678202169919,-2.05424804688069,-0.906607479936248,-0.238153046182185,1.05172511451386,-0.785678018908226,-1.00023032380515,0.226080311085083,1.44736391528691,-0.972894994822992,-0.335366311049274,0.810333530531289,-0.337159933870189,1.05097600527731,-1.67020134095696,-1.92027713430287,-0.4085754866303,-1.76484635973503,0.865720938795057,-1.73708100851174,0.10693599039043,-1.05825352786434,0.0721958746897011,0.544834777706317,-1.34358441999168,-0.43742848328174,-0.122719962776,2.59728510749151,0.130023587117115,-1.95481712506601,0.964670047923063,0.60728429743409,-0.13250142643328,0.201796102106368,-0.445396009657718,-0.75977426621865,1.25720821751748,-0.868619373626701,-0.000491131964815761,0.286653729821613,0.329263089420818,0.0228674477951616,-0.857580986578983,2.47721117792481,0.112146918781834,0.58749334197369,-0.955595554661514,1.00612610378491,-0.563551575860885,1.02883159642436
-2.09602844295504,0.133193380826218,-0.00285888889443331,-1.05841952535218,1.07534538180759,-0.793064292165094,-0.825932822297776,-0.532739298202643,0.593231371448163,-1.64815671071696,1.10000762320651,1.95251524857724,-0.982771971769377,-2.8350171319344,-0.391193748462758,-0.151257179826821,-0.583682608146541,1.92010354860697,-0.322261871411744,0.524674451478614,-1.36506290213319,1.02570147669374,0.327497278642185,-0.182537960892376,-1.879479744057,1.47443265333016,-1.27544540765795,1.02616727789565,2.85664872364246,1.96450292208626,-1.12924352189396,2.03345455122834,-0.642560543987528,2.91732077043931,0.672435147899019,1.4666728043564,0.124481002135138,-1.17355068227389,2.51025861395687,-0.0080698617237628,1.62633507221113,1.16375762818892,1.71163850298535,-1.45977687987252,-1.90165034016197,0.356219404939389,0.141937453177998,-1.18862154878608,-1.07129182160213,-1.0722314683928
0.357467578087159,-0.871708095689335,-1.39009247993721,-1.84153330243116,-0.11234290010533,-2.94155767296492,1.33347058524607,0.43687522035581,1.49543530112032,0.241843520886219,-0.0526718399100659,1.54401629627364,-0.209450258950258,0.483556539073259,-2.64081198739808,0.604899335055263,1.14191440785499,-0.0275687548053212,-0.839683994093467,-1.38792271747101,-0.23075653106562,0.131744429348694,-0.105188577400681,-2.47053693880711,-0.517464697167142,3.32930153055252,-1.3842318338314,0.0379477066135574,0.683072221311741,-0.0744592169251704,0.895772235497392,0.0448373381720703,0.170360663158894,0.375176902685386,-0.521107894563774,0.825217537796571,0.543059275639697,1.8546896644829,0.654464583973306,-0.221533292911951,1.09416921751961,2.7684071900021,1.42401109266613,1.641252052388,-0.314703442310415,2.14442091769374,0.177938435637972,-0.356882212200222,1.66838611120994,-1.63422856061269
-1.07660970027225,0.00536459503262626,0.258018409569624,-2.6745280548716,0.500255410084965,-1.23574943178353,-0.663679840029883,-1.26776272512858,-0.669717626457856,-1.16541105462925,-2.59606831863793,0.167102626018736,-2.66654488856002,-0.216011782761363,-0.133153757132504,-0.362759459498563,-0.12590591396833,-0.6403547791806,1.38194322814326,-1.86563882884246,-1.30116202377162,0.336271116627285,0.267703370793065,-2.34437653246678,-1.9193254538531,-0.246949200427286,-0.984107784479327,-0.154305846662957,-1.66440520682673,-0.649572148038777,-1.15583107837062,0.672907171816671,-0.945808736248063,-0.717571655154036,-0.524685900818491,0.939593278509565,-1.01032338915065,-0.202313248007302,0.793818908247584,-1.81072481087527,-2.32909215380309,-0.234168737826545,0.161485889579133,-1.59592034640711,-2.77820949872983,-3.12335011102648,-0.960562771567438,0.839800873008797,0.401328727362752,1.7790240012533
-2.02875449025655,0.077351639589304,1.37631353428203,-1.04394442422862,2.11302190036728,-0.90379949928259,0.332948100431676,-0.0603905451707356,0.888729940607802,1.32697605359222,-3.12516732341986,-0.0422522591850377,-1.00571944346205,-1.19759971813437,0.943219690748102,2.20546869300376,-1.33163343788554,1.13712410126212,1.07895673515781,2.76664412986927,0.865201435878649,3.26606413780566,0.139943462052859,0.144819428880185,2.17754146488859,0.232708805812077,1.11166364257778,-0.806022388396243,0.489705850341651,-0.131646072257334,1.50266935464034,0.063361458870246,-1.55213790718574,-1.43807981867384,-0.520737571241839,0.491981976474109,-0.712376138995944,-2.67239457922809,1.73799227318653,-0.479384075882875,1.77754011867386,1.5868520977926,1.00696344015738,-1.17484331457723,0.443509428239155,0.159416167878364,-0.276996234666353,0.189324858469577,0.250360259067908,-0.0869867861457398
0.767231066050363,-2.25653559135559,-1.31776416056681,-0.278829559942105,1.05693264100563,1.28021859636869,0.596983096466061,2.26033744101663,1.002365177257,0.965294456268477,1.72792985158272,-4.17078592819079,0.107048617216839,0.647906458117501,-2.06203740451703,-0.581441441402049,2.44253216574466,0.65928621358628,0.439062535955164,-2.14284824575634,0.11678608683124,-2.11627303283872,-1.27065687422001,-0.0361794475068941,0.527080802649945,-0.427303095582809,-0.28902172161532,-1.27385971372467,-2.13616748327389,0.483094070132728,-1.561050135318,-2.20594910001416,-0.952553802715996,-1.10077786797129,-0.626337787728962,-1.14599499567809,1.79222131744845,0.893773134185861,-0.723402489011858,1.61854117582502,0.890737305420075,0.344864095526086,0.250146408511317,1.34900687283635,1.01346825994935,0.615839816937116,-1.65222840468468,-2.64878354553626,1.27132234126077,-0.242155673454587
-0.557316875953779,-0.130855459085011,-1.75905223448418,-0.147283087332278,1.05634485517949,-0.500005140124927,0.550402494372166,0.429123903869012,-0.354747815690608,2.84994008516968,0.470785099798361,-0.445670201853949,0.317609055172891,1.60438578007306,-0.131712708593617,1.15134547061833,-1.81831764202842,1.84420235069248,-0.952381169439262,-0.402928840214615,-0.540085275845337,0.841613568894816,0.96832781248061,-0.569949264926639,-1.39572363908824,1.02839657077788,-0.770148050284101,-1.0683700573228,2.34772759634105,-0.428552709114599,0.503431867064927,0.257428961811526,-0.698995393250389,2.16961240080683,-0.168250646103385,0.681154695118111,-0.203818758976921,-0.124315350402363,2.17580204026892,-0.17847917422682,-0.434293289790976,1.2911010536114,1.58474554218745,1.45383603326098,-3.91498018287192,0.965989049544809,0.0918724060821935,0.92457676442129,0.200790384371212,1.6240146950308
0.806959154591846,-0.961972082297424,-2.47080496890948,1.63766569316212,-2.33594107778355,-0.0516988095230221,0.116151221211319,1.76488299589805,1.15221395501081,-0.253534829581258,1.71120056512319,-3.3333438623392,0.963769531258663,2.44644918541871,-1.01169927843569,-0.641895316701254,0.331821216627932,-1.10480239218935,0.620648774381181,0.34167701047016,0.277882092524139,1.4486863982962,-1.8178959094195,0.530028176950706,1.19760720062684,0.343528227581619,-1.08509318434269,1.13949704634548,-2.32888954412618,0.873110845789219,0.170188338381509,-1.65969761430248,-0.0421274917435887,1.08429620243039,-0.886374706729797,-3.04693910697707,1.8240453523066,1.03274977927598,-0.863331258352641,0.16882997941072,0.711179998982523,-1.22238515403648,-0.781511448838345,-0.24777351826608,2.75500180279889,-0.535204939786565,-1.48029347611567,0.445888286932602,0.317130806001718,-0.0021713393478145
0.570863986843347,-1.55414126373935,-0.859875821988356,2.5933040107086,-2.5161773403852,1.43558234954397,-2.16542530983497,2.69818343035468,0.579545672064943,-0.812588622424877,-0.684618141715924,-3.10696784516845,-0.337103829825928,-0.0511247337879138,1.23594655907133,0.25158536752628,2.923648421649,-0.380935729686426,0.161048787960985,-1.11202987590716,-0.600816588467922,0.345934133767313,-0.617039248376831,2.43693557185637,1.15243091346937,-0.914358166888108,-2.62015305431119,0.762342950026504,-1.99901020475685,0.954721245789556,-1.19588840739012,-2.26591739368581,1.03423312810515,-2.05340485221749,0.619499825422908,1.19278787298083,1.20009354051552,0.945163987435758,-0.0979281305013752,0.600934200346037,0.36813717935017,-0.886398520088907,-0.281974549101749,0.0899362539736592,0.103114920332315,1.60602731337648,-0.477184253730853,-2.04740311441908,-1.77095604068025,0.0817222149614123
1.06194432072597,0.352502129748291,-1.81910774074095,0.298718037049792,1.78843514993887,-0.910807860685179,0.550282756757646,-1.4273597121556,0.186168844720976,0.970364840244634,0.277475303026089,2.18970386656262,0.604568583545703,-0.126081458862439,-2.44210983720176,0.37986507831275,-0.695778570815572,-0.0890976895495021,0.623745724872035,-1.53444364745215,0.0880499331871672,-0.399244204926429,-0.0347807628829946,-0.675623103974181,-2.48865385149974,1.8690830816221,0.147905752359327,1.52553460013889,-0.486416976894199,-1.77604803876491,1.03519397339289,1.57401005349067,1.01747440089667,2.38732977003787,-1.26943803027034,0.528929045000388,0.876428896559447,2.69078002457471,0.799543780112074,1.19067618389173,1.670880068673,-1.0360730385544,2.24193432546206,0.718932141206697,-2.24307785892245,2.2403969994295,-0.0716145960307414,2.4925032629747,1.32940321959237,-1.96795997037946
0.872789009540965,0.44635430163996,2.9019711940169,-1.70993158043325,-3.97627790006881,0.647892964905412,1.09687942834152,-1.33895019536819,-0.476833658995845,1.1423605639949,-0.138492174787092,0.636305542013574,0.12781508107723,-2.23644104383,1.99072496681604,-1.00396933871007,0.96177023120833,-1.37064193646287,-0.134025339179277,1.94857342592592,-1.22892576824355,-0.779006306780353,1.12182531040371,1.09343754275329,-0.00264383290383791,-1.0652294614795,-1.57073322504725,-1.89862488734122,-0.105738736415241,0.142946327310955,-2.45291879375089,-0.179052690553309,-1.46799874055128,-2.66319141040467,-0.889117688678872,0.787216654467919,-0.0755377210558801,-0.972633180842125,-1.71827826305575,-0.0845208830142157,-1.26719822811932,0.288266677764141,-0.518072245468057,-0.663816043366254,1.51365382145696,-1.13748359241323,-0.0293312485087005,-2.93643683548966,1.95994964907484,-1.55829423782408
1.81596356908545,-2.55704971465491,-0.79160693338239,0.649696956456271,-0.159812966168243,-0.11606459961406,-0.652836581196026,-2.08080968977864,0.400213339175327,0.897666997229122,0.764334637271806,1.03145416336123,-1.30342874056152,1.27913211822017,-1.15540893957998,-1.9485296916415,0.192605258486507,0.684853799288971,-1.00400389148147,-1.91128559485311,0.98013918214517,-1.04233883106789,-0.478153838870129,-0.543300397314366,-1.38111210452157,-0.84874584964666,0.256946658704202,1.27818369957689,1.39372206954387,-1.01945493412983,2.41131227726512,-0.404941953977155,1.03859847106318,1.12755098593354,-0.956558299884159,1.8960230038141,-0.985203157845699,1.65017663933502,0.13771431430722,-0.574953747402346,1.08299988515672,1.24598229150819,0.370518536047977,0.527586323555008,0.253100566771404,0.776690271453955,-0.0589141700896353,-0.594368105191358,-1.48934648809364,0.671241416030308
0.212099683575989,-0.894640647234346,1.42089476905045,-1.11554527146357,-4.0049536520116,-0.276144259004967,0.423963623696742,0.932002149372595,-0.677172647838377,-2.1250813290587,0.81954791878261,-2.316715693204,0.244860835329093,0.257856930368397,0.937619534941795,-0.807882721860893,1.36280208872919,-0.320078199414684,-0.994414901452012,1.07965751993485,-0.600666663367576,-0.902676719850587,-0.278486033407525,-0.065593146774423,-0.407885198645352,-0.594864363629352,1.24669559359126,-0.0587110692648887,-2.47100178670523,0.358644662395607,-3.76858275901011,-0.545570677747931,-3.03709651425297,-1.55952303241472,0.00142178730455808,-1.15444232669827,-0.022897902000216,-0.147821203816226,-0.610539624799741,1.42213384366041,-0.999611744995166,1.07159034325253,-1.80612281221445,-0.751231533152567,3.41826820373513,-1.23163216180539,0.185420626699936,-2.69419960231742,-0.71643130034771,-1.98595620734606
1.72254395395288,-0.238579654711611,-0.540432545834157,0.5807525766266,-2.21643778413426,-0.517325106162266,-0.0244280654167653,2.71368039445935,-1.60947073833813,-0.277249055682883,0.0350079999857231,-3.78463017469488,1.323426672582,-0.347674163591758,0.513237935323234,1.91499265414793,0.0283294549661585,-0.721829147281664,-1.23252477079642,-1.06277796457145,0.455984114043446,-0.285414933686249,-2.93188427685271,1.23962919918426,1.63615700960835,-1.13530054844914,-0.338799170022844,-0.743028319768212,-3.00642108683729,0.807579842094499,-2.01411908880483,-1.25754730005506,0.080747626418293,0.99116161800723,-1.55116782802061,-1.17299752740385,1.90610595982496,0.721616723239266,-0.269523357560431,2.22457793546743,-1.29324753598992,-0.314702283486942,-1.65471343180103,1.02594884007756,1.08966462225288,-0.191066285437606,-2.03195250173383,0.0556431306883562,-0.949697440650665,0.566973944668627
1.09225124440618,0.261732045761262,0.593971889710886,-0.479242020207275,-1.1889467036638,-0.97562234177852,0.00756097792096688,1.83981843388,-0.894577953442428,-2.9693786412528,-0.828688941586053,-1.41276970269666,-1.82075359024465,2.98956576477381,-0.0916150560491543,-1.17808878399844,0.124486420543943,-1.59013278915475,2.63625654843496,-0.46367563510925,-0.726949393096514,-0.445913193505124,0.499634889099558,-0.0265701722279298,-1.37093042774697,-0.916438660419497,0.516933971937996,-1.61459517765905,-1.00936731708085,-1.08949879255182,0.0431063705091126,0.810907813590988,-0.180927706471256,-0.558742403103916,-0.994828870158286,0.728494082796515,-0.237961474776064,1.35266730717095,1.21837058423938,-0.789006359410992,-1.27921376888953,-1.46363481238674,-1.86630928817722,0.337851799826986,-0.35483722371305,-1.49277372439762,1.63415751810212,0.00581985353901088,0.206353388911926,1.28765873886855
-0.542909837758299,-0.806558291448292,-1.20604311269449,-0.450087025502389,2.63079062787274,-1.17345414328258,1.05668092964188,-3.14812584721765,-0.153664724397106,1.73511015383842,-0.343068535250509,1.97924150216242,-0.85782322313409,2.49281750290065,-2.16468777767159,-0.281065530068641,-0.80732507278784,1.46292590077738,-0.514224591044966,-1.31223498458635,-1.00098848792375,-1.03725184364491,0.233764058974931,-0.702921548335557,0.035816119119415,1.4656093011423,-0.623366127853666,1.35303350457823,1.46483681766891,-0.736533323164123,1.59095093446958,1.31933290961813,-1.05485591224304,1.80781539373889,-1.09823739409262,-1.5154878223208,0.420485312626693,1.72926181489974,0.0491470863147321,-1.64327487217825,1.95982535534927,2.26271926113128,-1.33685126624617,3.18891738213551,-0.889584092883642,0.782297710127203,-0.613936909973858,-0.999727332335694,-0.275818576668787,-1.48111412728925
-1.92337283575782,-3.69381992587476,-0.211106901549149,-0.768439269984037,-0.646741767265592,-0.635715663039098,0.66682803796399,1.00915366785128,0.475196579801455,-1.14386427308318,2.68073083206261,-0.885069964147146,-3.54760034908463,-3.00876935072426,4.92947718328875,3.70713167628085,-3.89495057155348,3.04049836720826,0.95191597641652,2.02396534151532,1.05588059915019,-0.354230527886738,0.328781486422635,1.12788325914837,1.55895507572602,-4.78430803345447,2.84114510887296,-1.03454350611828,-0.369678613346612,-2.42288042874794,2.85979645254778,1.70773064527852,-1.5746185069465,-0.399011569447089,0.496978872654512,0.90892292099568,-0.562569139902308,-0.0799384661009692,-1.89818286870979,-0.0502933843187104,-2.71100295344503,-1.48879516464806,0.924094645177914,0.141534782152968,0.546034975811866,2.19633402759278,2.86445309554572,2.37786947473357,0.369628741421781,-0.823339896034064
-1.08795049420715,0.740285216711507,0.0164726036965579,1.41060876236185,0.863702662850911,-0.484132582601968,-0.635565207248996,1.19729691787406,-1.15885079012558,0.712254393692922,-0.774089960981523,0.875726450038188,1.66384247901901,-3.05365125039156,1.97010463869216,-0.242764914288954,0.539074298720005,4.8017769685774,0.412819792266101,2.60176952629696,1.72256670047784,2.19478468166215,-2.16201049437899,2.13766272267084,0.842469393979912,-0.570115807621952,0.826493784159042,-0.679160258544253,0.531920145875005,-2.10685236100981,3.23463772880599,0.0114185467897942,0.289634096663974,-2.38275190573965,1.25037050823562,0.893022418827012,0.707053122645984,-0.397975271006071,0.294982379894463,1.99843219710831,0.71684355453436,-0.954606169699454,2.32594095843079,-0.815156642238736,-0.0890353227059929,0.118278865154827,2.30557838248034,1.07470187690888,0.409493809884029,2.06610794251444
-0.620514533057924,1.98702078393225,0.63965980765971,-1.28438276261646,-0.887697643669623,0.386927701112635,0.58071395230275,-0.286434344296099,-0.70830898240691,-3.48016656397664,-2.31868816577269,-0.264705210206774,-3.2590080386488,2.32004431860053,-0.305819638868486,-0.625553425777668,-0.871406066446012,-1.59920480705626,2.28925500500389,-2.15138955019311,-3.79555176283854,-0.45260025211936,-0.793060498269359,-2.30571235657043,-2.01396352887728,-1.33344070463413,-0.295111779770024,-0.812499155601463,-1.12179838627335,-1.6365790883348,0.500347363577973,-0.0453995926524062,-0.293539823641076,-0.0414828877393086,-0.848880215685506,-2.08240894775369,-0.667823584598182,0.221167665174645,1.64325718632311,-3.44662347764845,-2.61877441556426,0.817922976201412,-1.91214230111592,-1.82154923903773,-0.725028924799817,-1.32813450494816,1.2886130740141,2.06707136931381,0.336572775516856,0.418288478332055
-1.90723349462154,1.0329410700024,0.966664146007715,0.664176079727258,0.771421499324831,-0.905926341961189,0.984724160074912,0.111992786511045,0.594547561015381,0.987618474246393,-0.815753458062886,2.99627369603762,1.48547230142299,-1.08459134236917,-0.391126957543017,-0.00897110115420851,0.444500724552093,1.102081647515,0.616743854740181,0.952865499002141,2.14584605963624,-0.261991131908178,1.50475982581314,2.7915113958663,-1.35235163599604,2.75202465595336,-0.650109905089421,-0.598143697186799,2.30406209344335,0.214531520977436,-0.596158597117361,-1.29288770083423,-1.49297810416822,2.16924093577073,0.296943421513619,2.41151840885079,-2.11272357556692,-1.60521014609714,0.880262492236237,0.00971372116608935,1.69571424309878,-0.0920008061619587,-0.108495477199407,0.383799388301123,-0.526851615797602,1.9198131107432,0.949246481784026,2.0001555263667,-1.97258851794268,1.84574368655596
2.14250652187215,-1.46684077271265,-0.200678951709776,-0.27669757399977,-2.56542585561442,0.529540853660098,0.625757331012841,0.689044417888294,-0.191304044278078,-0.847726889006071,1.33800104682248,-1.48091742293106,-0.173318862264629,-0.855852874538156,0.921904914773615,-1.85479063146999,0.190584175581307,-3.33557877448014,0.620247680899131,0.442777463432795,0.255797900239078,-1.83874911773712,-2.28662297661547,-0.0310527264879587,3.68033996033341,0.670577180325439,0.223288851420109,-1.34701298671065,-0.932156571614238,3.28028399184537,-1.37728273122295,-0.350250339369705,-0.628900664740596,-0.0754273394013142,0.186919775385204,-0.143144464555923,1.45657113175394,-0.353021208142595,-1.51364768635129,2.10911882724689,-1.07337344262344,0.905804266287213,-2.81293917904274,-1.65446129615309,1.40623969637712,-1.00804932444061,-0.768659816619498,-0.37978711505368,2.72824908956211,-1.00651123058283
1.28175203117664,1.80543643014341,1.98169429990378,0.953164406061125,-1.59351955603867,0.981419128580103,0.450047551715082,0.24167720766555,-2.42638124119203,-1.69693915343969,0.974323388724208,-0.484580828504042,0.680487575802227,-2.62226793390467,-0.496297930644025,1.47872920020684,-0.268301231421105,-1.92137641509068,0.0172751636760429,2.51416271411092,0.507232999710075,-0.894936409022525,0.179316947814517,1.07397882307459,1.99555150515175,1.90011624589688,-0.806025610103412,-2.17582705701204,-0.0305791644577168,0.442077652496831,-2.75996911624056,-0.0290879321473566,-1.60652202108178,-1.4346221731137,-2.08201304702961,0.158313415231685,-1.55995227710124,-0.598978688388135,0.239409223598446,0.156246538796107,-1.21246051535042,-0.800745612917212,-2.26375268718475,-1.86774697754966,-0.874236378883045,-0.703169456992907,1.58394045371499,-3.02749833759629,0.415889828520669,1.10313882973082
-0.382740365869413,0.417792815025325,0.809103062591946,-0.137117435045974,1.51292879885201,-0.98332875830204,-1.46367625826377,0.562140333856672,1.46846035032843,1.77500797497745,0.522639847028098,-0.101612576707977,1.09046521537966,1.19962988251432,-2.02519114633381,1.06198943629721,0.229660907576456,-0.544944619593515,0.165362928277693,-3.82006232162903,-1.85999545792869,-0.552280963321135,0.758541310261096,0.375486886710605,0.863597823286391,-0.39844420595753,-1.11762878904761,2.08219314504376,3.59958636471647e-05,-1.35469377430554,0.959133025762091,-0.178659329851604,-0.26186913421582,1.67956098150944,0.00998493099521969,-0.403448213821294,1.92702271499145,-0.217265959487101,-1.71223852657856,0.671466714549212,-1.33980181403731,0.771718190851402,1.2612628911842,2.13383486033168,-0.467510949295019,1.76931460252701,-0.310921054361373,-1.15962372820762,0.772736171289984,0.0699489881355705
-1.79099562073737,1.54438722974574,0.198880856493847,0.491256307090248,0.444026547222232,-1.19623707657969,2.23117963108843,-1.17082751721672,0.828432702154274,0.792097387289951,-0.441222936058704,0.592287467217198,0.899562591074491,-0.626288674714209,-1.45750295484079,-0.507951536903833,-2.66886626581418,2.47767901888271,-2.33925234028399,-2.66336487243594,-0.381517335146816,2.65469917058956,1.3216898361219,-0.0923946114747884,0.138249157523681,2.76039182183076,0.188767986657692,1.03951624564007,2.16713465483726,-0.911465855373245,1.08299447822191,0.430667184896067,0.577114064640873,2.08753443090804,0.936146340650435,0.810447114273089,-0.365598192459884,0.786852406659948,0.924867875170162,-0.384699451224926,0.0661388307354379,1.40121593776286,0.404581032797956,2.07024319458801,-1.71396663744529,0.516121970814729,1.58056472006598,0.360220514811009,-1.25541088889614,-1.88454006216718
0.115911269556881,0.986573128288422,-1.07219136262998,-0.903185272005848,-1.61419979519383,0.458921746290306,-0.25719470308784,-3.21959835296618,1.93206026712804,2.81784178863335,-0.0515034497596258,0.179365808432755,0.300729270988238,0.504850493035143,-3.36390603640403,-0.980788287284632,0.0426687844306825,1.03370509970856,-0.0588084707369162,-2.17535276993061,0.158284152684318,-2.00655935173772,1.37874693359167,-1.21925417493079,-1.0986970885451,-0.0984806624399416,-2.30845038852701,2.52026578957785,0.223469336599926,-3.05051340541662,1.86884629386111,0.86838540590323,0.272156262475007,2.61911630432098,-0.568129242610745,-0.758766634880819,-0.0316105349988695,1.87157272266841,2.32695704733061,0.137523399518702,0.417627412616907,2.73371209424701,1.05353760315437,0.731008455224375,-1.34238934089831,0.260162070236768,1.91510193951618,0.940308283805798,1.9824824843005,-0.643543061263582
0.979479972238297,0.174384917648308,2.52066614415213,0.295324300353609,-1.64655065659045,0.92885472071229,-1.88209749067967,0.181299888317418,-0.331762160418818,-1.80816184466453,0.583452760859293,1.56203907230513,-0.124323296222337,0.232272686445068,1.19314027825844,-1.37496283283586,-1.19310120771635,-2.7862868510368,1.30740397183081,1.84010432840523,-1.04599313850138,-1.07660702544359,1.50140055932257,0.608805068996066,-1.46026472485496,-0.922681857752465,1.05660135791733,1.17242899189157,-2.03599665966519,-1.54231913607613,-1.97015106402231,-0.315830311317001,-2.51922771530648,-0.270139076470265,-1.04930232514673,0.916808114236673,-1.45596411959315,-0.118134814982221,-0.842148649456436,-2.61104992813205,0.417641203674731,-1.23219000553671,-1.82150200636486,-2.45500652565054,-0.259332908287812,-2.84790472546641,-0.523801067262813,-1.7391087226214,0.00889489634626186,0.168547177425076
-1.88890087958003,1.30776547804946,2.03960778888284,-1.70721150628035,2.38660775477953,-2.03051620998671,1.62240618184919,-1.11625463147614,1.59094424462558,2.25839507264376,-0.42895752878543,0.627482905648879,0.53673561513402,-1.93720251736289,-0.551723151117558,-1.41003393241532,-1.60423408835658,2.31086345997172,-1.51691315318671,0.487925340507726,1.44859323432514,1.84760254153544,0.115144405389263,0.315256649668353,-0.797661076077744,0.713852922189646,-0.221366606121156,2.11209139518488,1.92988707752955,0.797247430208287,0.618817938702137,0.379659281290103,0.750202233633425,-0.425673217055457,1.01224824426528,1.0087757580137,-2.91576620300117,-0.137641631797398,1.73128054927538,-2.49513444358316,1.21432030067407,1.17327665821503,0.04147755446485,-0.341622051732801,-1.80699253561096,-0.529802206734899,0.568815554050829,-1.17655405067838,0.186063241237287,1.1977677251009
-1.16191072597652,0.784803082595927,-1.79506013050638,1.4588103328535,0.1553224419867,-2.63349873443237,1.6599246762359,-0.947816565550194,-0.442142772368727,1.31457758440665,0.751868551435353,0.0317267160097999,1.72855691033233,-0.0860527084925123,-1.8622790139902,0.160058946750589,-0.113370112244159,2.27992141030923,-0.034830408739125,-0.736168735107189,-0.38753727949944,-0.793211090538437,0.770566836743487,0.0841627870802636,-2.27159526760298,-0.0231675736395506,-1.47958023834317,0.527337003406583,1.86151913414205,0.317090685022293,-0.855989615196607,2.5897313133906,2.5044424634081,0.665308130635776,-1.83681391459856,-0.0623176114025429,-0.0430707339376668,0.509337340944484,0.459332948239644,-1.9225058492749,-0.262882433804626,-0.0414229178883408,2.88550818911474,1.35410592979144,-3.33539835022498,-1.60937930698641,2.26129339855643,0.392584493550203,-1.37814206723834,-1.20588899807969
1.82406293888299,-1.19999724899062,-0.737906227066193,-1.99176371473189,2.4259469628148,-0.772853373160637,0.412296896619808,0.910782495474484,-0.962219317844338,-4.16284244059648,-3.56249547910757,-1.31452203336032,-3.27632531023537,3.81786297626999,1.38164656659086,2.77038939360978,0.797309597424594,0.776291699429172,1.52992009085149,-4.0673338381113,-3.35114779829161,-2.26472944406817,0.0680660325084656,-1.42410307729525,-1.59885594630039,-2.32064543282954,0.0130070737783314,-0.0993535627573465,0.266158820901795,-0.936141938469085,1.35576337638542,0.562089388926698,0.605849857221646,-2.06028248752485,-3.47455013949097,-0.451738813431423,-0.24940309525864,2.91573614156372,0.180069274905314,0.363729439938615,-4.42214523252319,1.25115107736984,0.990303024765567,-3.53704484973979,1.55571890545421,-3.52894723450816,0.136087420711685,4.32520444430888,1.37568278355245,-0.351848236030466
2.81922169020396,-1.70876447263829,-0.53089850712793,0.960665883122685,-1.38879433906209,-0.00632209773540598,-1.37301997962963,2.76448795081468,0.698764114500159,1.76067036819565,-0.0354375764541801,-1.76599567171985,1.68171917106211,-0.315718545197549,0.544789559887656,-1.03476670414763,2.29533864259434,-2.11055626708653,-1.3206908064312,-2.50849345574772,1.17165454791417,1.3593536027814,-2.14328892742492,0.131531320199427,0.618156365963308,-0.785285982566253,1.34006598843336,-0.501697916010732,-2.79815546466715,0.847840960592429,-0.49935825996234,-0.729297662175528,0.152805679908893,-0.394640606102289,-2.23248400987045,-0.190503750581197,2.28731769670962,2.09384316053723,-0.325235344465988,-1.73752804378453,-0.571779112843846,-0.30345165951848,0.0798928665510959,-1.37591974939933,1.70115059104144,0.499975105963084,-1.63180138590031,0.0863077131974634,1.67424118987323,1.23351125424895
0.750003685406759,-1.62327194548057,-1.17953757328214,0.611827415428081,1.72625570327787,-0.389058440030123,1.50812171985612,-2.17687300987687,0.724375847426334,1.18544302368868,-0.555733290590433,-0.634422312184927,-1.27447822604668,1.24264855230076,-1.73909069949769,-1.57497923412266,1.19556141161246,0.0921316725128578,-0.803670865805259,-2.80342193281081,-1.34658198419416,0.0163352504898914,0.401590423610958,-0.861772880170982,0.853519335288203,0.00427211793295734,-1.19274168530037,1.57265405902094,2.80944405182905,-1.45216921883897,-1.85756146530266,-1.80793548973454,0.854328069751383,2.24654377564244,0.114783424153098,1.6755701897652,-1.92527742410876,2.09860301944381,1.79503714825906,-1.00002440787963,1.4977599477052,0.0769744945410037,3.45885589582996,2.16256599277238,-2.4209856578535,-1.32851796826603,-0.060301382580187,-0.543774999093281,1.80752623056149,-1.99798508733758
2.98268424708729,-2.9899591725792,-0.895341389176147,1.35487694858356,0.701664577144943,1.69561105715969,-0.211713555506821,-0.830227301641397,1.17541909606508,1.12043493847799,1.51216720828516,0.736301500025774,-0.435616283445859,3.27662910537215,-1.99785898614709,-2.12913470510747,-1.08460984221346,-0.765559027482283,-0.395654598846304,-1.87737415824941,-0.98232536125268,-2.81473510889791,0.463908956608169,-0.471508181289957,-0.456657163525609,-1.26883040078556,2.09432627589806,2.4401948592866,1.5855126276827,-1.81556160896459,2.22927899604899,0.0171832250600181,0.919348461204942,2.14009749193097,-0.697946908071423,-2.80623230920039,0.859295154549638,1.15808433694246,-1.96850958693177,-0.366871148995108,0.772639835340522,-2.24842216971903,-0.29697408876521,-0.677866951193723,0.334072518897065,-0.557319082350999,0.408052501425445,0.378141877068477,-0.726930899880547,0.257385083761534
0.102913595534881,1.89855060417492,-2.19814427614831,-3.13945065112361,0.1777855495036,-0.31700062199956,0.319455143626493,1.89964181968326,-0.0240891483344938,-3.50394183257459,-2.96681470730843,-2.09947633466615,-2.76004539786789,1.96661070330451,1.94162937104692,1.82737508531659,0.543730568207339,-1.68866088730715,1.47886735272539,-1.81790565574175,-1.2009289689693,-0.415479248929195,2.36189114866467,-2.88024673468285,-0.861180053539381,-1.19882844721428,-0.186703876224476,-0.614484950836152,-1.40378491575816,-0.132442442585377,0.601362854092636,-0.172976219553106,-1.51599520012502,-1.40338666459661,-1.1570269821346,-1.46087830015411,-0.822132481007401,3.82589945272514,2.06918342113612,-4.13279992516071,-2.42833507551657,0.146627769131937,-0.871675371728955,-0.733956552847809,0.873215767574917,-1.65219846451026,-1.52470988322457,1.8779278456737,-1.03812210301236,-0.523542468233347
2.42141287209014,-0.428388927947016,-0.67314305154982,-0.611773908840034,0.660777237294418,-1.22679803971067,1.16648993856848,-0.200130944962582,0.683526536601382,1.82078965950147,0.0290826742996016,0.872174504340258,0.349202368345519,0.363491996439198,-0.991517832561106,1.12177986104248,-0.759587747181067,1.50742509360915,-0.579549348058197,-0.938054243646254,-0.775976416230163,-1.27054841349782,2.29316691253319,-1.16020546362802,-0.127088147240208,2.98441297653108,-0.31344300306223,-0.179357696635588,3.40451579243117,-1.39019546072246,1.54007899728834,-0.00149858743677887,0.973566226405607,0.399089373989809,0.382224677113605,0.813622222090318,2.44527550253985,1.00403728771277,0.257094062723882,0.553061680004019,0.684461974538365,-1.30985383301685,2.14855053283151,3.0310331284534,1.17940331597973,1.09082131148081,0.682470627176355,0.395276816588207,1.60827254523002,-0.648026790094619
1.02291639380608,-0.028439158649062,-0.349250039755327,0.296985554734702,-4.87203582962935,-0.659269008990107,-1.73337301229643,2.042088866894,1.98922620226336,-0.941264182562259,1.17927940332423,-1.23229368302402,0.427239532607839,0.783814106520233,1.01250523337346,-0.826423504001914,2.2726886057573,-0.590004922328968,-1.30001674942373,0.583247198172062,-0.37864895083996,0.558368712722487,-0.389805197516287,2.51452644313483,1.13279468183861,-2.00547003511854,-0.614360798360851,0.631935882500865,-2.57225026008595,1.39810454056452,-1.65610053060294,-0.814832152203451,-2.75077330979551,-0.163400593698233,-0.449208563352544,-2.30959402336072,1.19888314623703,-0.312832824903686,-1.74615893353802,-0.338247910420704,-0.96437580148472,-2.02358548240009,-1.64653267898861,-0.44182829952057,1.2443975313877,0.311789181813402,-1.06231451043349,-1.45428321203535,0.729553150332054,0.461174948825217
-0.50284856874826,1.72810520437986,1.72374182092314,-0.797453453085702,1.02558879795191,1.08958179155313,-0.108317995581449,0.385598790337064,-1.30418504837017,1.5008904119183,-0.20918683965195,1.50144476144953,-0.83706258087194,-1.29215683774002,-1.02031533911122,-0.0940520757993937,0.523215578119051,1.8939865745308,-0.665106585613129,0.385219897848405,0.0893087773605863,2.53380714527257,-0.0134425546899876,0.323774968951848,-0.065741014428819,1.05092261904282,0.742608419150546,-1.37563489247211,2.68929752538526,1.81953104147312,-0.451454378997391,0.178500073760414,1.94457072593157,0.637180353750682,0.259215383576338,0.15812448632154,0.303583580234072,0.188058235200923,2.48128632292456,0.692832679373574,1.01991804242312,0.754293484635052,1.8663698038948,0.771610332669253,-1.49076986526757,2.24654552114616,1.33729141373145,-0.375384920837338,-0.539221147093404,2.43600862065093
1.3799624535885,-2.03567435072571,-2.38094061065015,-1.20201484412768,0.858820323504814,-2.6838578479407,0.386305129489869,-0.794873104957025,0.786102871631699,0.381372482557353,-0.565721083092248,2.23533539620622,2.04464235928768,4.28038950069532,-1.30679782370959,0.230503702976238,-1.0614526232629,1.32603569577474,-1.28075616959515,-1.57311904873209,-0.378271565795511,-1.6196593806315,0.0476044131159835,-2.31325854288716,-1.67308180695742,1.11902789183949,0.0961276779202475,2.42425534952822,0.97086718084742,-1.31131017296474,0.373979897996143,-0.387694296450538,-0.534128367143211,2.50306945679351,-0.81502077628061,-0.0599648733054362,-0.51911136457679,0.768583343044612,1.12995107929547,-1.88663368913379,1.54006363473693,-1.7268140558782,1.09775511569999,-0.364775454197758,0.0547098733903844,0.537815238083455,-1.25709207158521,-0.521272444194686,0.824433760589423,-0.172265924737379
1.16213001134361,-0.0254560651129114,0.22079460770074,-2.49878744145702,0.00524227264272331,-1.12891003050407,-1.32580447153323,0.0850265567428919,-2.56112900092562,-2.15541614533921,-0.107034129055264,-3.01892974132441,-3.11487169364177,4.10749939729617,0.633048374546042,1.75557265058679,-0.678424020926568,-0.641606588744497,3.2153217437178,-2.52903887593174,-1.25732339911061,-0.19527710223121,2.15842511210021,-3.43866582572005,-1.60203751937761,-1.54875320731753,0.302632286262569,0.70452739478591,-0.798971353166139,-1.03575018624767,0.917452530484436,1.92215074607552,0.0598865522114199,-0.482926282769235,-2.24415940782201,-0.752547861096033,-1.41322057315664,0.724385546579298,0.964972855690112,-3.18398738625564,-1.93271405170499,-0.380233836693644,-0.799807271155531,-2.4974786334993,-0.390104285706399,-3.89810152009636,-2.11593955409951,0.293205691453801,0.642420839423442,-0.539770556470815
-0.25354898415747,0.794181987674635,-2.17584817534077,0.325148705318248,-2.80241347197924,-1.88812924440637,0.481139427158621,0.933327325999221,-0.881432327818374,-0.0780620621163522,0.267550848649098,-3.48422871990988,0.30735041689324,0.934731155065264,0.520568450163708,-0.61041997871228,1.28564098263623,-2.41951680519961,-0.355090140778828,0.561992668796461,0.356681319493271,-1.14122459938088,-1.33511478881453,2.19338886967769,2.16049539823356,-1.62728701910959,1.16076137845561,0.992195496852579,-1.63178268581822,2.61000680490021,-1.76703258855264,-0.379210656489661,0.405552128951245,-0.139113855280238,0.249373229848831,-1.17510193981325,2.69121718614445,-0.134021274067449,-1.98273121024658,-0.79507249690535,-2.28997674953755,-0.163015996237048,0.0477575416370397,-1.20568619612017,1.68992943648448,0.402767902682514,-1.36270437854423,-1.95893000075821,-1.14911882107822,1.27297567577522
-1.48283808035323,-0.777276550636533,-0.596222126870885,0.085700246477782,1.13526921305587,-0.374505972216319,1.71671284742686,-1.0473885086242,-0.0495753115017378,1.76489567468799,0.107031397071407,2.06385246112048,0.563581032743058,-0.57530246788209,-2.23044296066639,-0.707308515605216,0.771760108594815,1.57761958893054,0.726685915680241,1.55791340000738,2.33218877538307,0.249702290683122,0.235010454754807,-2.01696330048812,-1.27362147678983,1.68091702310425,-1.66981820306406,1.07257028005216,2.42560354457026,-0.528058737524786,0.521957085787238,1.03040502964909,-0.158009169332834,1.55588709751432,0.636583811676736,0.630544241731235,1.10960958345583,-1.71520841051144,2.26152072178601,-1.49994061211461,-1.42415010171874,-0.366846470324824,-0.82621929280056,1.18114458436875,-1.46996295617921,-0.0536529485281335,2.78948263325071,0.180016576361059,0.533708730992786,-1.83823326416902
-0.377577342543374,1.2372937569859,-0.4848900881914,0.119502580916085,0.497680971246146,-0.828735840800402,-0.132785506208332,0.850719450510941,1.25656277905953,-0.447759413774699,-1.47818481482846,1.27592138826076,0.161577582628418,1.74179158679522,-1.52508501579155,2.76784119279757,0.0986936897099916,1.74283724620509,-0.552094808423318,-0.193994588514157,1.35255249743162,2.618533158184,0.520559827416833,-1.48962102762615,-1.03803605697493,1.31912186588036,-0.29295917253257,0.315013691838848,0.205177802557451,0.756959493606122,-1.78681745305791,-1.08844364687382,0.0224833875648812,2.07655805600546,1.38269189338967,0.830774934895393,-1.29720412133694,-0.37522873041319,0.849534592168955,-0.443910921935225,1.66948320978928,0.474367040053776,0.5706306335043,0.862330565210882,-1.24900963557525,2.28489105827583,1.83642486670882,2.28381581329478,0.612593222602952,-0.667684652345376
-0.902743218127131,1.66916165632098,0.105697513241801,0.797138999840012,1.81678376415909,-1.03064899203051,-0.626003782359942,-0.54226261050326,0.945090401558966,1.38047286288359,1.61478309985047,0.910248673809272,-0.660415795286399,-0.796133659606841,-2.17286917200686,-0.300773915780919,0.870094750277076,-0.648596546467616,-1.08368028199305,-0.884868989197373,-0.726995166838579,-2.09834528918713,0.0295110028355752,-1.67274475378604,-0.995512246398311,2.66739376803547,0.96319970903374,3.16562959961791,-0.145930792067616,-0.864409734461606,2.00253555464396,1.20687059906085,-1.27589322957767,2.47874360187582,0.751140070970249,-0.843902437034566,1.09206169292312,2.46484685147884,-0.957328471749392,-1.27810368233455,0.493957449349474,0.00122692557377385,1.20606399876989,2.65805208660858,-2.13913861950172,0.443017651799856,-0.647949411239675,-0.293405137414838,0.774988349655538,-1.18410484899084
-2.47851105988496,0.291006201671815,0.873197576322793,-0.242049539438183,0.506022125380992,0.848577950057738,0.399516270937801,1.22590228927206,-1.41518148610541,-0.46105011253964,0.823469593809061,0.0440034624775366,-0.0464063817450289,-2.3843230897569,0.74912144687357,0.929628275070596,0.754945933993919,3.20021179357428,-0.0154309386016731,1.13194916178519,1.301363920893,2.44818312760547,0.699000525112161,1.4054852195693,0.0177620960371297,-0.256514077650889,3.23582960240368,-0.750032373273347,0.94725811845912,0.362681530116707,1.5880705248381,-0.131407635954739,1.79345799368617,-2.88095556305767,0.912954278103838,0.684233934813006,0.27280741222951,-1.12466073784642,1.14347973285673,1.38127697740606,-0.316312030947512,-1.51925725037761,0.644642378350075,1.46785172227441,1.00330195803476,-0.568609950581738,1.01390796629168,-0.15237121146178,-2.04232935622488,1.12980238473569
-0.160559373452885,-1.59638232528334,-2.59601871821116,-0.758576403341866,3.30912994358592,-1.62509625412046,-1.36490212864876,-1.74097878197535,-1.24868391475402,1.1223234659897,0.331742881962379,-0.316210004850373,1.00544800676179,2.00142328547005,-1.69852374006177,-1.77177879942905,0.0532517046416694,-0.327127572831193,-0.0988199450224597,-4.45351103342266,-2.15989073741357,-2.0201614808566,0.029310569908179,0.0960166032794437,0.593940913158518,1.71802086514708,-1.23383242066815,1.88605937234297,0.0529456145368939,-0.746494240125835,2.85923778304953,-1.35739464868275,-0.7191466158591,1.6261562464751,-2.0785817274084,-0.131679570787697,1.9862793787655,2.71195573776754,-0.467867672010075,-0.561243188439965,0.488156148374817,-0.763779171983202,-2.09070166383957,1.34211057203295,1.3506334405647,0.375900618938537,-2.44555251422054,0.758554575747596,-0.902690533324565,-0.241168847608907
-1.59487357718423,-0.0324694993160112,2.52322582287059,-0.00462035653592814,2.05669028238452,-0.640117790425863,-1.4461148682813,-0.640383903824716,-2.08279407617229,0.433601922477034,-0.267556659979761,0.386336535208974,0.663394416308606,-2.92842222862887,0.782169343867228,0.32108692327712,-0.100171250313677,3.47162120799353,0.507139425146603,3.16684722135629,2.24257488364357,1.13655224204385,-1.45477168501193,-0.494489375494694,0.343108180614497,-1.0517134977364,1.20994866056487,1.12234544960673,1.38619473355631,-0.0309342339358042,0.680895248792941,0.955724358272145,0.0870463797596783,-0.932168468615513,0.982336092760102,1.1083336196362,-2.26076836369924,-2.34443209311646,0.19421994228695,0.807371671581706,0.112435913491648,0.552808479262676,-1.68875732942549,0.944995269911843,-0.593464900074109,1.77593352021093,0.389881179440496,-3.03685945816149,-0.104329479790546,2.0700901775364
-2.510889610103,0.584379998444529,-0.469188522975339,-0.42278596493512,1.89692889772201,0.917522545555941,-1.17933336778204,-0.308970727946345,-0.378975122441316,1.60113442843289,0.362942211356406,1.39929573646184,-1.00882114032728,-2.79160552590136,-0.53889742991683,1.40513728057172,-1.22556983757763,2.13369893875173,0.54743775557978,1.34719529821106,1.11577754575249,0.965651359047175,0.0224221521463032,2.79355487005754,-1.35202917435622,-0.475900094848998,1.30285090834493,-0.662163808274946,1.98610573480857,0.962202502653542,3.01578950399742,0.889116566855411,-0.239905594366396,0.0879966808028306,-0.0493440274471801,0.413810480730803,-1.40014356250857,-3.37805406599124,0.901898062730013,0.934749346541794,-0.321669418499304,1.34215913468021,2.10415312129416,0.0947325964246968,-1.76750112309704,0.866025812079548,0.492809730916585,0.38398124493495,-0.0307064239384325,-1.6603174923615
-0.319439774882364,0.512747494767479,0.0673734742122343,-0.187917252969803,0.670828000777528,-1.38295578528337,0.664045381190646,-1.77782797739414,-0.982861030342424,-0.798316156171024,0.158330874230047,1.19014598073293,0.667016063317617,-0.230754076256238,-1.62992990191525,0.378693984446293,-1.95929936369281,2.78719004227477,-1.22417722445196,1.32044623145885,1.01809764162451,2.42843053072789,1.6370645274169,-0.173399773023003,-0.789596802916247,2.64611629442239,-0.411939342574703,-0.844687620569555,1.18565765284226,0.333092028583429,-0.282630172028494,0.184243472936786,0.943816745264954,1.71583479243898,2.87195001370799,1.7782301078057,-1.67440824063507,0.658012171127322,0.9594803815183,0.377131329969254,0.750160188334894,0.409108463442727,-0.201806859447044,1.35083853326861,-1.94624689168641,1.00399590773454,0.69047400420357,0.415999376607495,1.11859839327087,-0.0444648329365662
-1.17494987205354,2.13348275767188,1.29091685729245,0.915251947977037,1.53903451630944,0.807104431365602,0.828220351133714,-0.184529229715287,0.612716130161071,-0.00435176518351925,-1.14867552736849,0.0579265244974529,-0.105388887053649,-0.0778673825055045,-1.03975415611269,0.0301882737554209,0.789702978568586,1.7816835869354,0.0212347961795919,0.494134782440665,0.459543806743513,1.77280909213788,-0.799617377568461,-0.715752053213847,-2.30488716921519,-0.0999582362746653,-2.25594145155334,0.364356294902722,2.29774599767726,1.15272680272013,0.333663123401997,-0.583379607071955,2.33303833650628,1.66124012646258,1.85995776935115,-0.639954055126219,-2.08011487286734,-1.72749968055802,1.34952669323468,0.739277851251089,0.00432513724036844,1.6661166847615,2.69592548991814,0.41614155424121,-1.09544232797403,2.59905366601406,1.38083125360783,-1.72273015727653,-0.714972833273176,-0.088283177089229
2.55434270113952,1.15833571023162,-0.663444198129434,1.64545390576538,0.0155114274060476,-1.48526523661188,0.670116947026127,1.19081781242558,-0.895698224151223,1.96812906132556,0.183629364253519,2.07358565959914,0.191646618023978,0.255488593966285,-0.524384909649504,0.316089357741949,0.548562014147448,-0.0363710343838136,-0.512848473244349,-1.60745291274115,0.814002870235105,-1.6812452505455,0.898098005265887,-0.946569423427076,-0.489320387997875,1.29831095612171,-1.38713030126053,1.02856259478962,1.50936848040547,-0.312369023343394,-0.46370588550947,1.03313341942283,-0.0152516677410483,1.8059589827015,0.728665083148851,-0.127084490566792,-0.538924670954302,2.96843910636806,1.59893641817045,0.284924844543582,0.92093545049034,-0.00288942493886163,-0.58050442450165,1.15964312921131,-0.603491934326414,1.32386677403552,0.427611421105641,-1.24601738948864,1.62577508656718,-2.10860691865265
1.01149013359434,-0.952723460860661,-0.417357203304966,2.05911485362836,-0.597264558839637,1.40000100779355,-0.221150106739083,2.0307459615132,0.934823716503577,0.772858495787628,-1.60889815696544,-2.72726569740406,0.891407290069901,-0.969827894443578,0.231966120621642,-0.65442260773624,-0.16909850778133,-1.56240950166816,-1.18756071477901,0.726560141315798,0.893690118208942,-0.72972782886844,-2.47983023773893,1.2094600700451,2.6252227161154,-1.3740182613631,-1.40303853567509,-3.53675928652427,-1.30236267884424,1.68088457343567,-1.58656147117846,0.590123509140589,0.365013415736756,-1.2220333017231,0.413188024655685,-1.45092728920664,0.155918210823288,-1.28986868554891,0.825712130056305,1.93085909336298,0.829794587325109,-0.698446089159193,0.164910261099029,-1.09919447768679,2.45894899393266,0.140206510425904,-1.0736846690065,-0.504106934452579,0.317363342852188,-0.477734057118795
-0.303169768050611,-1.40787612380166,0.662754350560363,0.115026528551142,-0.690346115433474,-2.62487405019691,-0.21579055181932,1.21320514538476,-0.0777544384083542,0.864625627833061,1.58176869095036,-3.39917330191592,0.456508927493751,0.137437859683521,-0.337609799201268,0.433454810278987,2.39589557154171,-1.09590067136795,-1.93926494747707,-0.326167048300636,-0.00128637609941924,-0.502018715980967,-1.25684219387806,0.179273779765315,0.217284914572764,-0.192318217950944,1.14045206734515,-0.473875891040476,-0.351668964478665,1.93115292100516,-2.61245182033292,-0.222320318168166,0.9249531576922,-0.346690806272022,0.773874391130187,-1.6544888042635,2.18478109391802,0.018911061634651,-0.565545125486222,1.00478590304788,0.867294391652572,-0.920012078945765,-2.7452955175042,-0.568915835689874,1.73166576515445,0.0124509911199378,-1.98886145683563,-1.91041351127541,-0.0208881210700768,-0.414326477870822
0.727121379164634,-0.862026445407027,-0.648368404103984,0.160890400258959,1.89231580113024,0.527109386437722,0.760622059833375,-1.93441801768124,-0.326490195460837,1.05646559791764,-0.333856641279189,1.8569137589531,0.315776010926846,1.69934822903681,-0.34995302020854,-1.37991181549888,0.897828289161189,2.18224931298563,-0.563047546533771,-2.55610435783251,0.292896714482667,-1.01750525590522,1.17096824647608,-1.94586021410968,0.269170540848926,1.00340113883991,0.150420993605193,0.388902610713308,1.14085181563367,-0.88793138999264,2.02650099035073,0.790273317252652,-0.261880226688569,1.85756605354238,2.54911484086579,1.16789803635723,0.130717258044642,1.07263404891239,0.963291527040434,-0.870183573217991,2.25806168015124,1.0802881885825,0.251115246564377,-0.0507145210201973,-1.1037181627204,0.498865652375512,-0.766969443375076,-0.140908707375465,1.13569053168534,-1.94256034679974
1.74055449258639,-0.76498963438596,-1.2347718241733,0.00761085667024052,-1.11770845977117,0.384740540551433,0.428115514915396,0.64899405632916,1.27433164768444,-0.666610609029996,2.35879109309081,-2.90331152071746,0.312989434556024,0.479459626474086,-0.340830648909739,-0.647398212777197,2.27464578866936,-0.91308836532419,-1.57127788266647,0.763617369127385,-0.716467068791124,-0.346543858199903,-3.70248177565032,-0.482212212382418,1.18660168148313,-1.179816099996,-0.0417492736702793,-0.206045918999563,-3.28297153491059,-0.806549618300655,-1.940212457903,0.6535092803748,1.3812276748115,-1.28440416504104,-0.638610385596873,-0.316898008259208,3.77125579588065,-1.03057345506842,-2.48105508211704,0.368761301395442,0.692517696918903,-0.536607802574874,-4.08606222000667,0.630215852325312,3.01701765832089,-0.556309127821404,-2.95424826469049,-0.568828070275157,0.723832003306344,-0.0460074034860641
-1.10150387574828,-0.561153688400525,0.244159106630768,0.593953317917783,0.480498803004861,-0.00523068740648985,0.274677856169126,-0.960623128970521,0.233551377134077,0.144504518845324,1.12174472270917,0.92753485355906,-0.320751339931741,-2.89957017345462,3.09006709949667,3.42242453050145,-1.60715096560411,2.62242194991252,0.590433814608534,2.07159856471114,0.494378669032076,1.33336435567929,-0.667614424646683,-0.0493139945286645,0.0271749663639231,-1.11526158023678,0.863048650074756,-1.16582954877332,1.81846594277619,-1.741279184297,1.75841580717394,1.42823021705523,0.893584692528636,-2.28451078022939,1.10744133812086,-0.388652572305369,-0.247104454991864,-3.00695655112366,-2.19617812735525,2.02422736321235,1.37283933904486,-3.16635599322111,0.369118963310495,0.314754774451087,0.0563413891445774,1.83534163158666,0.418658487565397,1.50245187407009,-1.02947580968965,1.49921626541711
0.707806809848402,0.548428187736605,-2.11853644288658,0.113040137811278,-0.281817552446947,-0.563312185228501,0.850795293309783,1.96512193726048,-1.10893739588908,0.113904339881848,2.98027267133497,-0.672484947886565,0.126749118924727,1.11614417520785,0.489669744060628,-1.12123199628634,3.02217868187955,-2.81312992611649,0.231145794570534,-2.96511681830814,-0.429602716596758,1.04748376681074,-1.96091907336969,1.73910289268974,1.31681779581908,0.194792762288661,2.05211889582559,-0.140494948471496,-1.48565892091077,1.21789894902438,-0.837599650275547,-1.43673765594951,-0.970859863338013,0.0503006959584406,-0.405404868442195,-1.91079092692609,1.95313525158427,1.14722516487009,-0.62556329722752,1.87023161893148,1.02748252756457,-0.111010400261949,-0.317437277550885,0.722440673601622,2.88307969141457,0.729817743833565,-0.80403354415837,-1.55181906196979,0.486241735145249,-1.00202788535344
0.25034257344131,-0.914163250334953,-1.76468037027082,-0.274199526955244,0.471415163623657,1.25442013003593,0.444053739922334,-2.3398117855945,1.46823029777581,1.09115284996617,1.76461717001308,1.70250357524091,1.35197724924357,2.61467778601697,-2.40503704812606,-1.03378659788076,0.746254072438141,1.39267876748738,-0.649659840516228,-3.26612359306975,-1.51331829793413,-1.54121581115021,0.880203172959871,-0.193308223929156,-0.482634740469139,1.00930420739087,0.148658666780161,0.787057960797385,-0.860641406399077,-2.79850331332474,2.5883837806055,0.1058108993889,0.835865237924557,0.386148341986569,0.816664667078984,2.13014439653664,1.40949665331341,1.5658483760462,-1.21902199121637,0.62785748122522,1.51037844603662,-0.0337897923817524,2.70014648975056,2.35755113444615,0.581476379231065,-0.217138334075949,0.507885075068731,0.311127155721532,0.732259184755763,-1.46620649446986
-1.95862793444392,0.373437403607821,0.769028456148093,1.59958039032157,0.816988075933846,-0.836860462916725,-0.378309424333861,-1.48550593289492,-2.20538041928819,0.863297497225417,-0.490890100493968,2.15638956542755,0.909160197798054,-0.869132914473364,1.06298317281573,-0.155975740663822,-0.92186171650446,4.71853393137575,-0.489182314749007,1.39875331685203,2.25032762340279,1.16246415629176,0.673274078073106,0.659629921326763,-1.23423823218842,-0.15878061483216,0.421723358505278,-0.785462431232018,1.68668322822806,-0.999557286498626,4.08253373471039,-0.352913120863022,0.995647005000249,-1.43158715059701,-0.38513369601657,-0.655635133045971,0.415772710108151,-1.26266488561847,1.66947942090129,-0.312581076430498,-0.100641364612796,-0.299892007547555,-0.95008648132305,1.42781701863653,-0.825397504736164,0.56248421672973,-0.297580784065043,1.33680382551752,-0.301740548441032,1.79385273165885
0.0127961741574087,-1.03500531958524,-0.64617734020283,0.245973691134506,-0.541412263527936,-0.226707814686074,-2.49105359895124,-0.368054569956347,0.0143535100818135,0.948682624565388,0.370454148690177,-2.15564963736729,-0.794922811931379,2.51162710163451,-0.48519856120145,-0.113972157591314,2.00046981729213,-1.07430780990831,-2.39899911666708,-2.22674028529165,-0.914429064238402,-1.38451973795895,0.391792638521649,0.678044571337624,2.08833879540515,-0.611018587297996,0.782818044477542,1.13300706450753,-2.37773228623415,-0.147133470690051,1.86420236800722,-0.918402969853573,-1.66274781784653,1.75738919534424,-0.891805354411184,-3.5939584092854,2.04511205761412,0.621671627231805,-0.72976344968684,-0.81206621492211,0.580142601198816,-1.61304086714504,0.432981598561583,0.530565199736381,0.38042283918747,-0.125671556967429,-0.0964456118091042,0.691934463743271,0.467959364599013,-0.700077031660104
0.264076527932144,-1.62010072976571,-0.922175709630599,-0.11876326165968,0.318698652364777,-0.218261890835244,-1.0538372301117,1.10141566055849,0.502619666107606,1.26396626312593,1.1537391901095,-2.46148888785796,1.05004853822506,0.653055164335619,0.382474513332582,-1.5022508591784,1.90452285199075,-2.10167170070463,0.267138397924434,-1.06507637149073,-2.98094617670825,-0.200645496211604,-0.970893735830369,-0.509301076977961,2.27623844140828,0.159221036281153,-1.4443803553993,0.00381846373700345,-1.31692238198684,-0.52803102397197,-1.55760203729723,-0.298221415216239,-0.511492215596134,-0.341696312707837,0.618012616615352,-1.02461615810587,1.31283741455837,-1.55302164362847,-0.437220483745925,0.417712222754494,0.105133524359435,-1.86362630607891,1.17368043836843,1.51459224474169,1.73688912384942,-0.466913234890935,-2.6675421759858,1.98214907430509,0.69803190158062,-1.35136211505843
-0.236819248245467,-3.86215471264303,-0.192335717409834,0.160534490653092,-2.23027904067251,1.78221001570594,1.46181953679693,0.571634131039703,-0.506252042070634,-0.108554177972067,-0.357447125479392,-1.00400598419728,-0.871439207879687,-1.12320566572136,3.08109067977344,2.028270327134,-2.64619791728983,3.71534765520862,1.74838328033686,1.97870815866802,-0.122500521644249,0.703219117859273,-1.41041317508738,0.370163822688969,2.55808826844538,-2.39230214404642,2.37667858866,-3.00699256328085,1.91039512850823,-0.474287424999447,3.21709085533145,1.48352131679649,0.957555559369885,0.520208411260844,0.175685675587674,1.1635223423415,-0.454276293733555,-1.61024107989518,-2.1191933623263,0.320719401205725,-0.576153090500506,-1.35239544201425,1.18884612585317,0.277147760640025,1.20165453275331,1.08377621111466,1.28146596496692,2.36787467513829,0.974182152362049,-0.0158630238746644
-2.69935852540363,1.86346282660645,2.64275775064266,1.7054482120455,-1.40819211862492,0.587988823300491,-0.984189183852523,-0.910206869310372,-0.983423116424655,-1.75463589892255,-1.09956174778939,1.2097126750938,-0.985862390834513,0.247619443424825,0.314554106856637,0.82621557609432,-0.869415177489042,-2.24880425235981,2.18499335268988,0.392773730656216,-2.07038088576706,0.300684871227831,0.930233685308689,-0.54994658864661,0.498267525485651,0.369178256423822,-1.45471799682009,-1.5192198215503,-1.16914172188077,-2.53385514764721,-1.82461262772058,1.49057682146501,0.734835260558068,-1.05836357431313,-2.07096292963274,0.894456375334624,-1.09315722256784,-1.50013767283393,0.758329253005213,0.0508506724686962,-1.41794522089493,0.468679820208288,-3.05964642897802,-2.03616563706093,-1.08180286335333,-1.99513554215771,0.564498044128513,-0.836549250962327,-1.17241858302126,-0.447498742285989
-1.08906471027035,1.04411802892749,0.476144999749771,-0.224118825011777,1.63939010472376,2.60967682089831,-2.04800091179337,0.622299439782224,-2.02269445256229,-1.1819171356696,-0.158404622859787,0.37291240913636,-0.159820184737203,-0.0782077753203987,0.326300561383856,0.473921665940928,-2.07792681820869,1.76829736172577,-0.358099315524019,-1.50945956123968,1.34538735853098,0.156871178419138,1.15458459176702,1.02311275823699,0.00604437590487894,-0.250178163530831,0.61661512102467,0.475105435549186,2.22112375114863,-0.722603501375882,1.22978038101432,-0.248392260398667,1.63191676742137,-0.932886539071524,-0.341638954246434,-0.727359376656317,-0.833977570288911,-3.31074153424265,0.185363474811337,-0.940421153321934,-0.0580389612523794,-2.63185542684602,1.06798091086786,1.14424192865885,0.514509216330313,-0.929266688842281,0.42342981399613,0.825093412033947,-0.975999903624965,1.65817414006068
-2.73882904318019,0.260404433950825,1.2499118807333,-0.384008171763086,2.73657188732702,-0.73908028241036,1.48094208203944,-2.44852079479838,0.544303890523678,0.594202244663861,-2.07729196975572,1.59752775179972,-0.753866049338416,-1.5587549043098,-1.19560937924617,0.555396425412188,-0.700793013423722,0.964709631262677,-0.767366744760027,0.601960198792028,1.3523859516896,0.440679447041328,0.970111497064992,-1.17973558095594,-0.435383396059132,1.33609382126721,-1.29309361234797,-0.0760075243504792,0.692421853033389,1.66213581909481,-0.956685318818979,0.0359964930507458,0.991888579944401,-0.290189009421764,1.92075759751336,0.623215020564401,-2.5652703060033,0.362381337996639,0.719673873654485,-0.24897311067231,-0.538961165817097,-0.879618054789966,1.45509463640287,-2.27748015614532,-0.66558661397037,-0.327935506276611,-1.34693681980011,0.208376337516208,-1.00713531354964,1.199993334067
-0.166636371201053,1.50756071391938,-0.0541427100851269,-0.253837921865962,1.07234089434181,0.485174986914383,2.47505013835947,-2.53392135396581,1.97298274742251,-1.12500622280714,-0.470463901645698,0.395776063269369,-0.324649961335713,0.200149580463891,-1.18879541612608,-1.00114110485793,-1.46827573933224,0.908555944418226,-0.351455524280675,-2.72812362686745,1.49999756645389,0.0714652644333773,0.363453082196334,-1.08940376026324,-2.40920052903251,0.675664355714276,-1.9680379220462,-0.918856559707882,0.0417588442075048,-2.36064698590142,2.48190607605054,0.97028380996147,0.46374368402736,1.29902283888478,0.495700762030838,-0.224037286442774,1.06203807835124,-0.879857271028579,1.21600654838679,-0.221933564197542,-0.122874417877547,0.0978085440672984,0.950697128528031,1.50739865014951,-2.95987532716571,0.815880020694356,0.024109486715151,-0.711135125580651,0.816667778251665,-1.24443423672788
-2.42407537197004,-0.613929841767237,0.531052827420447,-1.4682509160079,2.56961332952246,0.876815187796777,-1.67865300075343,1.16335410669162,-0.684148177178055,-1.51990071365417,-0.55656588021288,0.137925932801696,-0.162708540652404,-1.91775697459648,1.50568001136452,1.21648630085958,-1.69957317444705,2.5992765831633,0.635608780102124,2.31940781047796,1.82311644436352,1.35240387446634,-0.380764476112802,2.48570686499426,-1.67474184309614,-2.3469236935513,-0.140858012813227,0.528578307392986,2.10322169120864,-0.947178497095687,2.38880600133327,0.341236188771088,-0.0426171939717738,-1.17679291005631,1.35377410409021,-0.487943491322994,-0.0895642396577508,-0.796052828832335,-2.54521547257546,0.0954226928280476,-0.437683354505322,-1.08619112224309,1.63332839675166,1.05460283641518,1.10901310885473,-1.18517636887517,2.80424153134796,1.88339685384365,-0.350297790532702,1.22010467692724
-0.501569030245044,-0.90891644727413,1.26732851922787,1.58075281217924,-3.83275110282021,1.04479328854236,1.71187417534908,-0.0785851224558757,-0.673325994907261,-0.12320170458077,0.0012586290426598,0.877426506348851,1.00236946666831,-0.745748610559142,-0.222848617488435,1.11429766356202,0.675457088978445,-2.01048692328531,-0.104506798645478,0.961240551776029,0.0683176618131425,1.18537560004067,-3.08627279158379,1.99260937109577,1.71999819072648,0.78150493965378,-0.0945314742623313,-0.228548113939057,-2.92192320680946,3.48353427788734,-0.193439354137819,0.416820237356338,-1.79279262085466,-1.14563985998538,-0.206609772446788,-0.594513760750168,-2.0307692447762,0.0547107790717464,-0.733414662170657,0.829519365792241,0.971245598054912,-0.767970304665923,-0.0004993739671133,-1.9908329962927,-0.0244073702662495,-1.18937546476571,-0.0932517839463555,-0.316173756123395,0.0741619608882413,-0.293394371416118
2.4526216659815,0.934562796179042,-0.297218547775161,0.728171070727069,-1.58243607860559,0.707847563611171,-0.210549340396478,0.0475149395946265,0.0893301196114764,-1.9037646938195,-1.46264754604138,-1.70551446972398,2.62687044125645,1.43396664441315,0.782754285542773,0.899346793884729,0.936710944121952,-2.78540040681849,-2.73275046383728,1.99907930979822,1.72365605552652,-1.15821592688684,0.950514096050971,0.997448431707413,1.63221168785979,-1.53286644681328,0.827583765235886,-1.45501886902186,-0.568167391081309,1.85990279458562,-1.54022222645989,0.103236124313158,-0.476343331810444,-0.859178953603054,0.437999461730613,-0.707160450494948,-1.41698307549603,0.276695613352478,-0.823811504688621,-0.291556938528251,0.781566083835194,-0.268577560968885,-2.27348417968968,-0.327838795970804,0.0670632720007451,-0.521761777082317,1.05467967348524,-3.08402207198609,0.653160510740803,-0.46926980409954
-2.86459721780789,0.37191083141908,1.53360767798478,-0.740974197969673,2.97333233362473,1.31995555427942,0.0506542243844584,-0.297702228856144,-0.820193400306005,0.922522846408172,-2.87974262525625,1.3569250240765,2.40447316475953,-1.28695105129411,1.56169718175642,1.06079511827448,0.214500874498339,3.22654298724454,0.834969593179945,1.93411377634324,0.928641474041171,1.82861279665159,1.05835902788704,0.481213220151603,-0.242161738091108,1.28620814198012,2.50595882067675,-0.53247225509362,0.61658152492351,-0.465336010073809,2.71126007746924,-0.971524067769399,0.657202411774421,0.29442671193148,-0.505039020948539,-0.277632934914364,-0.444734993900906,-1.02109167491828,-0.228794606140558,0.0343229072153659,1.54747455475442,-0.414491001048037,2.35820496850256,-2.07644891113067,-0.381364219596054,-0.699411127176691,-0.917429777414598,-1.54067377534071,-0.903050050558171,1.58138734127729
2.3047890914654,-0.753610962596442,-1.15154424833987,1.24301148481324,1.99404964481451,-1.0344912770848,-0.37941380577736,-0.9732896871645,1.26671249992536,1.36376685091316,-0.199520355940158,2.02990973187573,-0.731449727312673,0.801647796410166,-0.819472371927497,0.73781046385756,-0.992555462742582,0.324588700411937,-2.61815696773343,-1.45400124100281,-1.04942201531009,-0.965182422833459,0.851530512062033,-2.12950544535031,-1.0142283809317,0.624164653181824,-0.522557884095346,1.02171133114322,-1.66775000570746,1.13955082000102,2.05451140276497,1.35561781516564,0.241954759858418,1.29525819073684,0.732922346290956,1.39526465212821,0.512173434019505,3.92419997510581,0.288414534893142,1.07719666695592,-0.906256219525283,0.253993797171058,0.371338574106384,1.0569081220993,0.371303120188346,1.38037326219451,-0.11449618444327,0.646553767110531,1.2724242449861,-2.55820520256599
0.245533806088035,0.460388153852433,1.72315825760995,-1.61735536999526,1.50730795884426,-2.21748529292546,-2.0087885015977,2.16416124498961,-2.71765001255057,-2.85877012782091,-1.75813459626818,-1.39646733180328,-0.248834819553812,1.55038681399017,2.4082306950107,0.268878851379636,-0.457869656453364,-2.97046163879441,0.910084055757865,-0.974920351127109,-1.80612867019614,-1.17650040096729,1.09743873871029,-2.41106236931619,-0.651973907988905,0.918333157809916,-0.99854368197514,-0.26077737789348,-0.442325134933965,-2.13775759351251,-0.565427769488971,0.825921893781152,-1.90918932656463,-1.65288317674779,-1.0685087598056,-0.00515807321178047,-2.15250047797777,-0.250926863612316,1.76266529557098,0.20793459076723,-0.574371562257651,0.626488307732038,1.04183159363144,-1.18268122136102,-0.632977774013749,-3.14423080770924,-0.156299633755612,1.94353817696859,-1.38597194044236,1.59250754644973
0.102493432864264,-0.202963378134383,-1.11138120612385,0.58721925478092,1.71976476394862,-1.27506643466651,2.21613145118955,0.456897825431732,0.9420795060859,-0.67608530477106,-0.15270819936644,-0.282840823292941,0.503321431739333,-1.06934370193787,-1.18352642315553,-1.56995892262572,-0.353993720801019,1.90055060717663,-1.31102367699603,-1.7475802294521,-0.287035915790492,0.728229261435119,-1.0192987759222,-0.28133675883787,-0.864334325036842,3.01510507925045,-1.48534527708627,0.0044783140262239,0.638237971750869,-1.1828980076843,-0.662394751595488,0.0839672069230149,1.29026468762966,2.66228451265872,0.149205048621267,0.225430456716297,-0.844050617995991,-0.347373554198982,2.3404827516117,-0.398863893391381,0.875025590069653,2.70341170460078,2.42888269688122,-0.537528910490749,-0.455241505900673,2.6373887186761,0.42509593235891,0.624872988423766,0.701425321807212,-0.935840209049875
-2.40825149966462,-0.0444328417743102,-0.812094188428962,-0.704976754002145,0.51337576434524,0.705709930959089,-0.824725746771069,-0.17227127375279,0.30249302011273,-0.0764630862342897,-0.530250966241182,1.06745207612639,3.08010417559645,-0.84548094667634,-0.113939674546698,1.16211274276806,-0.040924083886959,2.4409932744587,1.13247669005491,1.15245376043162,1.89893983583091,0.224834655109256,-0.426724884788948,0.222787745090111,0.023447704271541,1.0369079523536,0.311119615039601,-0.412796266127783,0.294943976924508,2.18760583716852,-0.439244241251678,-2.18470223682153,0.39974209367207,-1.19524084716847,0.0478149313925936,0.189673737390885,-1.41240039508615,1.51454572975732,1.84630766384461,1.28708103084081,0.459772284478543,-0.102499610743951,0.103515068814431,2.22185001501946,-0.968695798672691,1.08146663045315,-0.675128738839684,0.0113172796646185,-1.944582698015,1.46592707375989
-0.770409471928196,-0.919774863185274,-2.23113329797938,-0.430076718860698,0.64007648504687,-0.714960336147586,-0.406621326722166,1.11456358377217,0.475202096430356,0.410385935866972,-0.358940872547649,-1.57798613522252,-0.380037024246845,2.27587575953451,-2.30022902394294,-1.58884301107186,0.764781992433738,-1.90132598107124,-0.806142538805616,-3.63494294303291,-0.47070343334406,-1.90193809698302,0.265358603037665,-3.18851167843332,1.96262064915613,-1.28594717363545,-0.205366824666642,0.609949740264716,-1.30794912747323,0.145412563391383,0.368852324116273,-0.419589982823072,-1.74689882688738,0.803397451243538,-2.21711791674216,-3.21322769308478,2.01769942534273,-0.397323638239894,-0.546402571279365,2.81001669760777,0.385515624797891,-1.55888290772874,-0.0770727333851165,0.758246684647084,1.3620468750274,0.135065133142897,-2.7003450509186,-0.222999971125871,-0.508594322027457,-0.420820249817343
-0.53998404147908,-1.87874807052529,0.425354325482139,0.00784312149001508,-0.916814764548324,-0.401880802539562,0.597148689923086,0.0922995213352334,0.610802908765376,-0.62669297936852,1.39360651864461,-2.55371227379914,0.76012125861645,-0.313789271244315,0.0128601225927506,0.592207687549295,1.25253939641708,-0.641723715529632,-1.88484394660682,0.565697215238338,1.91219454604898,0.095670287692282,-0.437925984072839,0.00792721706725269,3.50505768106837,-2.0071741018216,0.437605753453546,-0.150492828882147,-2.09016673602698,1.11875753867698,-3.39314625405411,-0.035238712660742,0.771717611341221,-0.164121972272565,0.403122221024996,-2.43138036066509,1.2873223592259,-0.325154927282461,-0.60879999676093,3.60819309237263,-0.617602666737261,-0.169990292937089,0.482106840017168,-1.41257307922218,0.389524021353656,0.57830209709395,-1.24815722774718,-1.60410528253425,0.241805841275818,1.14050991208229
-0.263355979066848,0.865925594451511,-0.307329463610151,0.525450814864588,-0.217187389330393,0.629589471844091,0.621140645645376,0.8990465378596,0.781212076228201,-0.527266127685685,1.18884342086512,1.64759709705257,1.21985410538895,-1.09720579027986,-0.803491699395718,1.29442544829366,-1.01686128111576,0.992258870555905,-1.10024859600982,-0.0522042850976299,-1.28653768041002,0.258517634754665,-0.26957178624468,0.130718693750965,-0.740643608058523,1.6383381672786,-1.0527749173856,-0.665874522918899,1.78547549332164,2.43807204680646,-0.295841617117629,0.566114395395471,0.796292492846484,0.0204726692851963,2.53037031530371,2.65319470305076,-1.43554235550758,-0.43636546874104,1.48542043464775,0.370549207788466,1.50233648607253,0.132754649974836,0.362473310442166,0.975731674631441,0.14382892846106,2.26558116040432,1.99567089940392,0.544483997353252,1.05310693017944,-1.24012348538901
0.967754290953637,-0.574113928246601,-1.20357774296338,1.65273596421141,-2.62305445334297,-0.181196295458811,1.09997530617328,-1.62438398985527,-1.93744743717679,0.527270357155694,-1.09502766661458,-1.48890142011176,-1.48901278787806,-2.31267003637568,0.173237923149365,-2.31389079702604,1.92463250899334,-1.93469771475706,-0.728804509782457,2.31609956849399,-0.365308892762714,-0.806730799592359,-0.90679991501261,-0.136807634795211,2.7672341351442,-2.11400660308261,-0.651213723595659,-0.844914068555421,0.615704268574281,1.82760320900455,-2.37687285362702,-0.353751849378267,-1.08343359739927,-0.440237805761828,0.3157575408265,-0.637736738858937,0.715445846153074,-1.26799107812659,-1.73933206219466,-0.602417352553701,-1.02915671132194,-1.62286327713528,-2.70853840569875,-1.37203655429652,1.30291022696616,-0.00493234912277427,0.244946157557291,-3.21117691501838,1.57916898823118,-0.894313948884675
1.45699892078536,0.215167966354264,-2.2084241183367,-0.345727771428856,1.1586054245372,-1.6994198108924,-0.735053145898028,1.18633257649095,1.56573111104255,0.619061993020683,1.87483523736173,1.14948759850226,-0.413803031399222,0.670529160613756,-1.8151696589874,0.053810864922209,-0.35247452300947,-0.499658803750631,-0.257656977387607,-2.85810427357364,-0.55232822898803,-1.64739055540749,1.25608322861805,-0.256731634589974,1.11894877406921,-0.416950634756231,0.333360136308354,2.98440302039124,0.870200214736962,-2.76613857891191,1.85869848655805,0.783107228963184,-1.84968739514745,1.13493222754157,0.512085496057201,-1.76724725569612,1.91689726718426,2.66123468475123,-0.531106009189499,-0.991690905106375,1.55694901480448,-0.410357711774182,1.31293142331308,1.42340399402316,-0.491653926530405,-0.682308517721423,-1.11799947636377,-1.43165274558655,-0.394702300138062,-0.761215810425477
0.290525304769704,-1.81166755643428,0.267089749503868,1.5814167194528,0.897179684095137,-2.52059262858502,0.765328351213383,-0.983714735691673,2.08847282897624,0.789998179170496,0.501956612685698,-1.07421758473449,-1.67905024603477,0.735680811889204,1.00148568923446,-0.489164785622387,0.589651962566701,-0.631470596667614,-0.249517605430052,-2.82048598888414,0.170710766251249,-1.24250670902465,-0.496433758561481,0.294190924206584,1.3758591498195,-0.864390230578201,0.750852834772982,1.04170538292473,-1.65820222075854,-1.47699617971268,0.289231641189176,0.00104815990257759,-1.14791330309309,0.960167085478615,-0.308896244765267,-3.12504582296801,3.19401868482175,1.39235873344033,1.32350449102349,0.748475996967355,-0.189709984654665,-0.260774523927151,-0.21778985980634,1.90713726623931,-0.110060921945073,-0.717306433099505,-2.82263516228316,1.267875698557,0.233263802435176,-1.29969321470467
0.927243723084331,-1.36834284931816,-1.48062276733945,0.366286794437254,-1.79902394481908,0.301106227878615,0.631903706667386,-0.245566414427045,1.42407094348154,-0.0686768172013565,2.01583169955324,-2.79964920638754,0.843162484031822,1.38899592690913,0.256515084968351,-0.683769536821131,2.07799979701346,-2.83433951015487,0.829630408268718,0.175619114163831,1.33983947080894,1.43284994697811,-2.11546911212731,0.256633614136187,0.922605141585189,-0.6198841206544,1.44808793056072,0.116552241103189,-3.69685235205612,0.765199451410221,-1.14976437169335,0.575390974867946,-0.420512279707368,0.151474925758621,1.90848902232396,-0.571797520830434,-0.0342576703587715,-0.95346572668069,-0.711263803350864,1.31025054004269,0.577756445885877,-0.56590558047556,-1.73402505575084,2.18182127534837,0.577213792011007,0.2990224291322,-1.65869506497707,0.340176896022409,-0.873082839898518,0.138702338051059
-1.15302047215942,-0.0919166969003133,1.84813482694192,0.854769285919192,0.133995474234327,1.35586408108135,1.20275839685917,-0.905640393574768,-0.742292526777809,0.744978660194819,0.00655214999868718,2.79860522370976,-0.152221721119727,-2.05216060990609,0.985039564464107,1.41368081907202,-0.483977559588479,0.412844834216441,0.46509957506177,2.40707335716484,-0.471227301337861,0.651555886393951,-0.401491230630946,0.689308598727532,-0.50469487176887,-1.1471213166847,2.50370677967596,-0.835997091005455,1.36400594417193,-0.97179877402695,1.16781124406811,1.13352332395542,-0.374141969013465,-0.0360023980917749,-1.14922498636135,0.130517870487744,-0.40376773207728,-1.70955348750578,1.34177308755583,1.79216429754515,0.308383086268863,0.60905709874529,0.789928955506215,1.57836349310862,0.728813469050827,2.15342454837657,-0.519638608827288,-1.45331846116245,-0.516688257551952,2.48668488896952
1.84162313697633,0.0339200958988162,-2.68732382326686,-0.510258312089693,0.217191675284461,0.261071367557491,0.829678052269986,-0.772426643825535,0.384490787881329,1.20839499204,0.661767513322311,1.4984556541421,-0.123180941032711,0.294893505177845,-0.722077073449623,-0.380227241374576,-0.316006546031924,0.341379986119571,1.31654979910713,-1.14522749964877,-1.37865271139222,-0.824056612305343,0.470256243115875,-1.29184483556385,-0.854296990772627,1.65395699249247,0.579429273266991,1.44566396913152,-1.56811182518329,0.221778364824287,0.555261046842531,0.568386542137299,1.06704812301148,2.04590029316572,0.0908907658205097,1.03160672620404,-0.223163828164857,2.16581937936498,1.44146385932592,-0.0552436569003994,1.01474819399714,1.95290842082661,1.48061461033104,1.39505926954291,-1.42777861154951,1.85909152980082,1.33466749491531,0.802534447236281,0.891456682569897,0.14398077209194
3.42228154058995,0.179073684319686,-0.257819741992984,-2.09146077558605,0.351962015178033,-2.03533156946352,-0.0883668956522038,-0.91221724748737,2.76397911044709,-2.99608711400994,-2.86371433544858,-2.00283750262614,-3.98516323584408,3.79913291437263,0.524707232285458,2.82918672191194,1.07128356095856,-0.194657682684638,0.46094248407566,-0.509219219272964,-2.90204188293819,-2.23250204961893,0.457702966805867,-1.69958265181031,-0.720034258297304,-0.17382149325866,-0.239281078284598,-1.16270519640746,-0.719809041107862,-0.701701360742038,2.69728069161549,0.748549213447661,1.17560598674286,-1.37747794196355,-2.41132521556318,-2.15350514952562,-1.29086439104702,3.01194281173819,3.37657535993224,-0.753234376334531,-3.93963104028073,1.65555326456852,1.57327849325181,-2.94216551128948,0.78135738362491,-2.91222586260093,-1.65784458801479,3.00461458785108,-0.334706886365183,0.29699764171
0.704452136929314,-1.294438284187,-1.25872727708041,1.93207384203488,-3.30565495920484,0.196699268820052,-0.949907722728079,0.957586251884574,1.26963512394023,-0.48047086262334,-1.5140588065631,-3.00061654825975,1.16191052681446,-0.850092619709162,-0.40926318630019,-0.332974596754097,1.46699316623354,1.40117289462406,-0.52750989444737,-0.264860072678348,-2.27060160678402,-0.186328163821198,-1.39334942471914,1.03446352310791,3.45958000686101,0.157882767013896,-0.504207321868343,-1.41268474696872,-0.951753700268635,1.76249325012139,-1.10215838781415,-0.0275880298892828,1.91202490257459,-1.02102716130679,-0.816989197340997,-3.40030893960968,2.03152850156445,-0.231566995066337,0.281863745363003,1.05383719377612,-1.89119379772292,-0.244368112389784,-1.01804790179902,1.75240673185292,1.67369227135172,-2.30872986697884,-1.85910104562035,-0.491795593315961,-0.180625448145349,3.63728067858367
-1.47706224952271,-0.122368351251523,-1.81944504370418,-1.44289153371493,-0.240540595005466,-1.63313112227265,0.158446243558001,-1.53122846038554,1.12885555284915,0.605932741496153,0.142304105458005,0.719736243775123,0.70678079297338,-0.885269934809523,-1.41090430124686,0.311407607050484,-0.843563133223305,1.76178955118032,-0.192334451701078,-0.678605586393143,3.11302345969713,-0.455077839475477,1.46797065864538,-0.661217255848547,-0.930639784733784,2.5684773234485,-1.62165327208301,-0.422651733043118,1.71131550084992,-0.673281310828384,1.0910831571985,0.787774562225588,2.34213036925205,0.459761700280878,-0.801408095079002,0.131297940681451,-0.222324891034063,1.74331052012946,0.834745369281449,-0.804514743850751,-1.35824383030845,1.99084768408023,0.86876543463313,-0.635304487073166,-1.1425762296953,-1.39823679930963,0.676222820053838,1.07054361206731,-1.30426918201539,-1.83843908951723
-0.360966375582327,-1.85679953446521,-1.13387812916764,2.44150921878159,-1.46842466843904,0.177902854783572,1.45925646490782,1.4310326531815,0.255352001232565,-0.963467655122542,0.224402618277904,0.06537591676781,0.277064529700109,1.85129658251201,-0.173206829955815,-1.21694391416632,1.57422846095377,-0.90914235731305,1.26120587091238,-0.307993558438503,1.46091400804118,0.861455442833375,-0.415257329026585,-0.123572517318097,2.42704354283446,-0.0303397452338618,0.445784886269983,1.2629848458575,0.208424871966408,-0.754752298020124,-0.225241155976122,-1.27265274403288,-0.30203521350103,0.0394126475016532,-0.345867240508711,-2.0564147252115,2.9159525787865,0.886845247303998,-1.52633710779474,2.49786353684187,-0.510891702173676,-0.923238180709861,-0.00730558920835078,2.02334656200862,1.56578741575213,0.649368069694977,-1.29297905699639,-0.440791549621675,1.1569596719359,0.716545464888623
-1.40906064533144,-3.17960470094334,0.930671901284699,1.10488932740636,-0.862723134579903,1.34356754233268,1.11914377464128,1.29226225755591,-1.90383664981259,-0.0585927806589263,0.666254176429539,0.861832889716093,-2.13726926318523,-3.74254799673354,2.84666628889617,2.21109165354075,-2.04640871941161,2.96997842759558,-0.120312175139699,1.28416717379402,-0.165946227052574,1.58306847997109,0.818012573715103,0.943021463785555,0.58282156921374,-2.79656448607762,2.50363197103216,-1.81296380997153,2.07241817342824,-1.19711179319589,3.23416796163812,-0.772510058865639,1.18992207286316,-1.66588880105936,0.427460061023236,-0.0115597825408504,-0.681107698798781,-0.900473385995521,-1.64362150129963,2.736195080224,-0.758090475908509,-0.00500725903960647,1.25499422837318,0.0782166945753886,2.7139223026065,1.45653223697836,2.66086380293087,-0.570165119874996,-0.594899937335772,1.10840309130316
-0.639083446174343,0.866887554037896,1.5912795505223,-0.804942749252663,1.06766945609791,-0.871454647796731,0.19879687916599,0.293831854651969,0.693651408899835,0.532620204474356,-0.186707144400455,1.00246288659415,-0.0707634383240671,-3.15945586204213,-1.38374582659241,-0.830159228282965,1.27483535798394,2.70878629670101,0.465129675013386,-0.479904485986619,1.2706751538058,-0.0724880946075436,1.00578118494724,0.59591247180617,-0.307270249828253,-0.0215750051148528,-0.0016916881963797,-0.278796903451831,2.77108031395419,2.31971036333868,0.878380775067347,-1.01561136484689,0.901086579087889,1.05106750692886,1.30491312574652,2.47883846808207,0.465082735559494,-2.3943245101158,1.90718153210951,-1.09417729788465,1.30858520094798,0.867961703845648,0.555210857427871,1.44086565178688,-0.467687729569537,1.32806568961813,1.78639261624718,-0.121735459327624,-0.850233040967517,0.450921117483696
-1.30835114444505,-0.190885960135739,1.24592123291552,-1.51019922964366,0.44817595439456,0.834776277364455,0.968537517877812,-1.05107352676519,-0.188708451336584,-0.866837061424973,-2.48174326775992,1.17545560840893,-0.43142648199703,-1.94288701858947,3.78143189082252,0.791476163251904,-0.727120984760914,1.71166965226421,2.38099353207218,2.82442493571805,0.412664119803378,0.587278602516252,-0.565038453692909,0.188842727927601,2.04457374234653,-2.75461312573234,0.78981657112278,-0.627220687791718,0.109078720792756,-1.54539815790316,1.02633632319281,-0.0943278365198057,0.364666333915482,-2.56513420887615,-0.308801450347923,1.07437557542835,-0.0998817166383011,-2.39105485809459,-1.47982398540865,0.955799098368456,1.56307959844717,1.3491878148024,0.787094854375349,-0.387490191876564,0.885081776384582,0.496845737164109,0.167302717727823,0.550638786015742,0.85614830893444,1.32300060821954
0.791487921139933,-1.78930323895515,0.660111710542523,1.15760464615835,0.00885628015340295,-0.102989763359021,-0.867143749301189,0.818698663877941,0.0946622181411658,1.12353373568068,0.317985961406789,-2.53717384633203,0.585202496321201,3.32213319124535,-0.100819321389423,-1.5590369702411,2.00140925002601,-2.17266544139686,-0.151858543554058,-0.72627507717853,1.59051688250418,1.88541411641181,-0.767056231552893,0.0733280799966628,1.48883875499385,0.925771829667879,0.42236390747899,0.424263886688913,-1.57184805144619,1.4350711961115,-0.234455756295175,-0.0545019283392704,-0.835661851851194,0.250928435008661,-0.934513098307742,-3.00169193988095,3.9893604777984,1.88649678451739,-0.522554226599596,0.1134936519858,-0.278534793272875,0.995540851905353,-1.49039370123319,-2.18213293209746,1.65576082599733,1.64816943034356,-1.47490722115498,0.370016880625914,-0.159787538137877,-1.02536941288576
1.10512174079699,-0.710289649617956,0.520053914596858,1.40096519881677,-2.25102306588311,0.881028689126147,0.103488351502372,0.908314331499478,-0.477269037365467,-0.276115137816248,-1.86422881005096,-2.5395025510237,-0.331192185114733,-1.17112479266538,0.944789279659473,-1.29638830613939,-0.850859791494373,-1.33086217472719,0.123931898571884,0.551337004356407,-0.103931328151189,1.50318888879485,-1.10435508770049,0.549181736257159,1.8908251042089,-0.610321805164447,0.229276001845008,-1.54210268359237,-2.26304256305344,1.82394843624577,-3.50369119870576,-1.58048244520354,0.478050666923725,-2.60944583281845,-0.791051801617637,-1.06498884682835,0.469972977234411,0.105654238341894,-0.110687588370576,1.15761763289864,-0.20138356096556,-1.55025704963708,-3.40715083711117,-1.73590155994456,0.603876989317442,-0.0390054321655038,-0.632070964460768,-1.1428373879162,-0.326427376194392,1.01273806657183
2.1035053274556,-1.88294375255958,-2.76427938812647,0.0635340495693278,1.95356138866358,-1.30830987696106,1.69038206872583,0.76271320485638,1.40794515626754,1.30588368573054,-0.707632855511005,1.68085289069161,0.0175624874462647,1.13187099316867,-2.41832329250773,-1.31473878833466,-2.10904595484799,1.36909322345197,-1.22761952335293,-1.63598752972517,-0.111795684325138,-0.92707781178571,-0.345523841727218,-0.706300298874721,0.126773885989611,-0.349579565122992,1.03410634427631,0.290010006022838,1.8160683100219,-0.453122164715163,3.20836587680963,1.093414025822,-1.42589974868961,0.363406156684064,-0.225237597857693,-0.89395055945946,0.302644890633837,1.41784184160775,-1.95849522272755,-0.493866729616948,0.0100853997110717,0.0840517886819773,1.79855372192489,-0.0274760373815408,0.436344785512358,-0.908545585533286,-0.852502073440819,0.554430906384549,1.24640432847391,0.742490293820388
-0.357923972318702,-1.32548592292185,0.419697875729008,-0.829816136401105,1.05915538332046,-0.365440561000002,-0.244004362589202,-0.00502290993972543,1.49449762711221,1.81175464510744,-0.033609312429691,-0.268517855367619,-0.00677172777135292,2.29604752343863,0.517697981214292,0.793999228587015,-0.1678315831987,-1.68423942648594,0.665859992147909,-1.73641219228365,-0.242002731531917,0.104247526673258,0.667935894094788,0.0853020499961555,0.54597193315918,-1.33576249800416,0.124883272452638,1.78496104800705,1.03924681675235,-2.45316682476127,2.10848686114602,1.11761828273861,0.754708872702993,-0.221214882022195,-1.35948411033841,-0.852483698264801,1.09962185281673,3.08825527538811,-1.16593433756952,-2.00497289612662,1.38879945448865,-0.0957138115925381,-0.742588068585919,-0.394359996886574,-0.180705159934294,-0.344321479390993,0.831404141123559,0.725599988665282,1.79320405949341,-1.4255703432136
-2.1530832074907,2.67963554638148,1.9387763113688,0.658993378620818,1.0440210994714,0.863301833061442,0.602584117546653,-0.816499664525339,1.11461621655779,0.842597996995894,-1.1120440142684,2.11362758145357,-0.236968742491206,-1.1938639856461,0.217249098766288,0.673376889552284,-1.30312328105623,3.39088445417069,1.27908058558574,0.625256305214607,1.11030015804518,0.549138307601681,0.0282502429563584,-0.737502791029282,-0.711834022266074,0.62247226460589,1.13882519590887,0.171139349641915,0.73508778856937,0.519635057934255,-0.509054667183309,1.09929308047302,0.258837789006176,-2.16151665171681,0.655572516750866,-0.406987345726229,-0.596861421670628,-2.19920470617233,1.76675929124547,2.65287167162613,2.12901260998275,0.620935579569186,-0.587941889591161,0.595667327201731,-0.42708639832107,-0.805389492218378,2.28710837463107,-1.42237874585675,-0.855272513651329,0.464632168155127
0.129301992651716,1.82815437618312,1.64492739572074,0.506583271753018,-1.1774508985738,1.49198259590441,2.95933902674954,0.311403926113817,-0.930746642727428,-0.394993093949487,1.7658878795651,0.955866572430839,-0.39737490538092,-0.854559350065872,0.501305798930069,-0.338736539718395,-0.416232350621046,-2.98507972945148,-0.797821866717879,2.1777879453942,0.983709255944494,-2.42696832776644,-0.384147917772817,1.2171561913544,-0.723770146731655,-1.62963614289266,-1.05212448139289,-0.748747234448483,-1.43705246849727,1.83979351750066,-0.586234675396094,-1.84040777642552,-0.901827733946076,-2.46782363575777,0.375527175172842,1.64976644709873,-1.89872926076281,1.11758786351467,0.0283042915394469,-0.178033195364664,-0.153606202489893,-0.704619163520781,-3.0863814384711,-2.41783471727148,-0.00291693446652724,-0.718873031148864,-1.51860876272427,-0.153960299095368,0.806070671046154,0.971027835912999
0.769522404942301,-0.79260583407688,1.47247096067982,-0.580644505928089,-1.47293372496523,-0.505148797001653,-1.15924614377807,0.679155235953972,-2.70656781630862,1.24557854727127,0.410311292157113,0.409675155820779,0.967436339959523,-2.45221905076881,1.12425636340442,0.0203020963877671,1.90156767110661,-0.569264100756564,-0.559380338118877,4.27999597361138,-0.0978746360848208,-1.07447940973934,0.289564121877025,1.37800717006786,1.30014043886209,0.985370459543301,1.0344117745516,-0.706068135241374,-0.646410595696626,0.388643152545292,-0.421815410257669,-0.860102674624115,0.272964983649312,-2.56128519381453,0.33404745043767,0.428007124997165,-0.293642380574349,0.940028347363445,-0.540925701306187,1.67277424387257,-1.50289752095097,-0.117896860139736,-0.0129824861912875,-0.872447704339187,2.31187733532354,-1.51898888785011,1.50588476096144,-2.2021622549652,-1.58382030793592,0.362237448549963
1.39183020008313,1.66689769507878,0.311240039825771,2.86904810298711,-1.26361336976293,0.253702190718385,-0.210464016688426,0.730596236095949,-0.938916910893762,-0.193772117786572,0.365173604499539,-1.1640046252914,0.391948249066898,-0.0711933909941087,0.295075897142188,0.293454188208321,1.98366831869616,-1.53591672578271,-1.54603297189035,0.999664059088694,1.15340894057015,0.279785394132641,-0.0195322571781515,1.03622715805487,1.15248830584882,-0.676702306015802,0.0997022903595675,0.129507184517431,-1.03743907170429,2.40638022859115,-1.63681027232803,-0.802367723758589,-0.857048363757528,0.698123023403288,1.85575387847862,1.10720058757512,2.39285917973398,-0.608840636504313,-0.404057368187138,1.31341067244112,0.357402085289946,-2.52296728650293,-1.32382120153266,-2.3778113997538,-0.734250103723758,-1.56403712793677,0.453865947479552,-1.33545982910199,1.21173074609271,-0.653395097380759
-1.35943972141293,-1.25044526283813,-0.454773955438012,-0.367014176518029,2.03121529167374,-2.15897121603138,0.643699111021855,2.7433322607488,-1.01326188542087,1.5994998114188,1.32528964264498,1.35946498960394,0.671700196231933,0.477292612394926,-1.06073786338128,0.51779667883321,-0.901434428310356,-0.442084582473387,-1.19510879697568,-1.25249439397844,-0.658950481800202,-0.947460202380519,-0.4361817409763,-1.06798447249756,-2.24637533787774,0.871872252429776,0.750868004375208,1.55003119965655,3.74597560818908,0.222633034208663,2.26968807392643,-0.598678895613745,1.34326520943354,1.22213156393132,-0.94777756713965,-0.827413368193207,-1.03921929153877,2.75806200340058,-0.393069286755338,0.288413699397146,1.58644083579444,1.5555676381458,0.866925420460679,-0.138289258037074,-0.548953111617703,1.631595704979,0.161794736850692,0.881363353670249,1.28589433662939,-1.3538441590846
-1.27784588656821,1.18342090638854,4.0374733934825,-0.286162834498873,-1.11655180559709,0.747882527685003,-1.09827190287329,0.641176662546655,-3.02585494262432,-1.69098137893359,-1.28324745901329,0.242876229242822,0.775790813808635,2.29643618592656,-1.42881165821024,1.64644240420619,-0.20281873319231,-1.57613364783725,0.0541388814925502,0.468967940678229,0.736433601523568,-0.441523483611876,0.407095162890393,-0.689703220197511,-0.290949825040956,0.336140347530928,-1.94162220550474,-0.0511378184743725,0.643781045835366,0.000969329715119985,-2.11074080309527,-0.435195587585114,-2.65684247558732,-2.1154310583904,-0.328211600821846,1.78141521322037,-1.71001395863504,0.544328128136014,-1.65001940086456,-1.48929878837275,0.60096195784914,-1.29646696338669,0.333469336483262,0.127845367995766,-1.64310265950791,-1.87092399460371,1.01607917784402,-0.521563720081426,-0.711705323657131,-2.2314211160894
0.548996649016678,-0.685737320207033,-2.47783138615248,1.0884761275112,-0.26428459502381,-0.421410128325503,-1.90385519760886,0.0966251934915637,-0.552535778882833,2.03230825155776,-0.0209456588616852,-0.423898561450981,1.06105505947481,2.60183647564358,-2.15518251277234,-0.0110318986012086,0.685136058003116,-2.08791950755602,-2.79056031614491,-0.596632218030536,-0.706768426640272,-0.502524436670458,-0.936510113539361,-0.555524503283983,2.51181697560064,-1.93360609306356,-0.814801593964973,2.5044466236387,-2.2273026043504,-0.626326516059756,-0.891576592062984,2.07655939031055,-1.23235489729447,1.48623257004377,1.48406030799883,-1.39911472482344,2.93915297706884,1.28003992688212,-0.447151606383798,-0.544025514831304,-0.210086245416566,-0.41153211774516,-0.0736988760513964,0.28210390155921,0.564366596378461,0.319009170044979,-0.849197915780127,-0.472130790041515,-0.559356402957329,-1.32279561418532
0.361130035261863,-0.179293387741249,-1.74012825459558,-0.856646181157999,-0.549038864525965,-0.4531364174626,2.10893041355604,0.868312648559249,1.51946300253744,2.67007808819629,-0.679069611905463,0.174005486725364,0.142341452366256,0.871599782369275,0.0292098695643238,-0.101089955238156,1.31611367139025,-0.223040359528607,-0.478472014331258,-3.02715696803023,-1.91929752501484,-1.58735580012108,-0.413031778480906,-0.694883047701509,0.611280621918397,-0.210975696097503,1.77739824335633,1.71761144300627,-1.42808756708978,-1.50406440415295,1.82975452244225,-0.576938989208881,0.731307435004097,1.51294607661736,-1.02317859748652,-0.888624735142913,1.81656243274145,1.45186678336004,-0.737126026716914,0.613622957749514,1.05439620901677,-1.51573097676193,-0.0936835596183346,0.402481591289313,0.674574690675692,1.43516878440542,-2.30824998886458,0.949981653296769,1.19195248091605,-0.496653751085844
0.695106327663698,-1.66754633660355,-1.55431973138361,-0.42777799464309,0.14177176926891,0.536824351454966,1.2182586349334,1.07939067760472,-0.0982419640540838,0.697863912277303,1.67801488690703,-1.86121253418314,-0.209022186096235,1.02124165694532,1.19373076484192,-0.249047870737988,1.28425291866566,-1.62578243215622,-1.06698315927188,-0.334337111723623,-0.44272749194854,-2.4223706136532,-0.357183988926622,1.07709061090598,3.05363603393351,1.00309563647914,-1.0759783662151,1.58800166502523,-0.798434669023661,0.908559539165013,0.256373532807152,-1.62006784034805,1.89206600647635,-0.0238548793256398,-0.104486194695334,0.120717123279161,2.93074291977024,1.62085591752958,-0.204276204804548,0.938070657618637,1.55746114667532,-1.14818651177406,1.37458034935362,0.727435456211061,0.672866271017407,0.409158260133909,-0.787442818100734,0.012571374386177,-1.69716765989124,-0.105828922040504
-1.14116366669081,1.63439897137019,1.15446111849618,-0.251107420560589,-0.380389943138712,-0.656121097615892,0.948891533797324,-4.08446645361895,0.0545259457736643,2.1135314547329,1.23957637373263,1.7234670599706,-0.523984839175349,-2.28223871352851,-0.741280844298773,-0.471727092875492,-0.715084526062093,2.25280361598194,-0.389204175312998,0.251465409637659,0.757306101256198,1.98198596994631,1.260575806876,-0.516894980378042,-0.829927565272903,2.53405780770821,-1.45420139733053,-0.696751456106541,2.11073487414113,1.23592750509835,0.443783243545959,0.300045387906862,0.659907525834218,2.09241130292799,1.06599807611268,0.50470296511741,-0.630398192057106,1.56768284151209,1.84411536837293,0.894784808954983,2.124315246969,1.35009504227672,1.13908611467819,1.47579022029291,-1.715960348615,-1.00792874657533,-0.638420156575951,-0.483085192613424,0.127916231240436,-1.82988396897637
0.586399678527146,-0.594675288569592,-0.835382892847761,0.677445748516806,-1.08307608779321,0.690389847346997,0.204823663631806,-0.407395388414444,-0.32344521494831,-0.567864994562842,-0.44420786697878,-2.61531945872354,0.539540629549023,-1.88756668318751,-0.339389258748457,-2.58394387354534,-1.1689381313497,-0.14062309613202,-1.17119042043581,0.455723585564622,-1.52373365470703,-1.52933798997084,1.73454310367771,3.63742824298369,-0.0398840761693476,-2.27581239346119,-0.687311417184163,-0.0882462859748674,-2.3865869034928,2.0131034020948,-1.82937740203516,1.32675772494652,0.365571360155679,-1.33123255895703,0.174151398455246,-0.250002457378021,0.322945227031128,-0.0282983350990263,-2.23361520667606,0.541147690095559,-0.588281513032933,0.555733847676811,-3.94183105981149,-1.18665933383355,0.853633587808058,1.10664329261579,0.362662025178891,-1.46163510552855,1.03078501634188,0.678743843088666
0.291056356121709,1.20074777635082,0.387286911705582,0.206972477738276,-3.44909646824016,1.54415618836088,-1.07163842486001,2.11592201022998,-0.450288261279701,0.0716420465484569,1.03744854221921,-3.09059965713671,1.01512604462151,-0.2340754097028,1.26317322303861,-1.27021259542269,0.0294417950299847,-0.403609014477414,-0.132149431705161,1.86886445880457,1.88361405171307,1.20714671881614,-1.77533219588017,1.75215510321685,3.27860594759388,-2.11146441281953,0.347233942850145,0.0575659077980164,-4.1464744737957,2.35174118689436,-1.44703847284465,0.0576207068423006,0.484068855725077,0.0425226603546516,-0.33681689020691,-0.759751698099799,-0.120831684311799,1.0785385420565,-1.65435710424322,1.11686559426169,-2.00556091212044,-0.353365546056913,-1.41440337320728,-1.59864824922616,1.72564269850679,1.48005933461943,-1.54255498897713,-0.436034794641617,-1.74518711600103,0.707142674774262
1.71304524300343,0.150339568281643,-0.560084027197193,-0.0535478229196129,-1.34816329615674,0.246625513223585,-0.63356806499805,-0.334543399782545,1.08224190664293,1.813965927536,1.63659544533112,-2.48031144123249,1.98127964117882,1.44296097756073,0.557902987384115,0.412692686345839,0.842653566354287,-1.18381738871237,0.443453619222238,0.582961339282046,1.05590121307744,-1.19892367554553,-0.486596283823089,1.40615949895195,2.95309043183939,-0.0653075090233143,0.656944573323236,0.303134261922264,-3.64403052284529,0.164794648469043,-1.20457830034935,0.293511781592049,0.843582139945017,-0.240342756199112,-1.11310759771014,-0.629865865429477,2.24891354007701,1.91495468011592,-2.75769523594325,1.07531210077622,-1.24310729591946,-0.800527925191543,0.798090045037202,0.624895314537916,2.69262392404861,-0.671539788727205,-2.3790998812968,0.709790847542861,0.635653155928233,2.46332460306782
-0.92755192596275,-1.46285757151586,-2.07323827460539,1.6159870164845,-1.43614869662128,-0.126239014304052,-1.36677846161678,0.72732472964014,0.844632493375651,1.70878616166576,1.47877996879827,-1.95694166292918,0.395115499160478,-0.190624380221648,0.671161693464026,-1.2332246728628,0.869658391858207,-1.69708892753855,-1.0960045489487,-0.98449037771169,-1.3273493212344,0.94828895919674,-1.78965500722368,-0.387907270965171,2.56034449122034,0.389134689864016,0.361601924200127,0.352023701194411,-0.173642430011137,-0.106358367520187,0.358659993727958,-0.587221907093379,-1.13214348791168,0.218806942870372,0.529019520606278,-2.44135277073857,3.68857074452495,-0.953507868348003,0.0524597487561654,2.38898247354511,-1.87656541917718,-0.00734366333768494,0.486644330461777,0.0707045420761502,2.09623081656581,-0.211829077280989,-1.99465984003903,-1.14696846158663,0.771641918688159,0.464023507665858
1.53907397868618,-2.18821224464524,-0.320304554770145,1.02006921962376,-0.645488105819949,-0.736422822363537,-0.54861061647455,-0.42558150707051,3.1610689955949,-1.3524990814705,2.16731309030698,-1.33934028137695,-0.570580674950786,0.245331688906903,-1.02629170583144,-0.797968784512567,2.25831254655183,-0.809609744616937,0.0396201607327231,0.39971642082154,-1.48795579710332,1.03268010189999,-0.214362947119398,-0.278221499666179,1.07948492935469,-0.444405602099744,-0.0888001970071509,0.238470963619801,-0.518555467410401,2.02803109202411,0.0753153534266606,-1.23886223917653,-0.629073439194771,1.62990207177941,-0.871436228530212,-1.67185842598295,1.06947178551961,1.15408285276277,-1.94107123553783,0.671893756128621,1.00284972673147,0.211281774998501,-0.41071877481247,0.0213963731803912,2.5356214609106,-0.0506221686721823,-0.985115067997161,-1.36709960387061,0.0395428741556078,0.00161070356113598
-1.9195173280762,-0.285600563105369,0.0898419252414011,0.0729949595054168,1.39661723996208,0.666553137467717,-0.406085376099982,0.143203899837471,-1.37529770787746,0.510153903812932,-0.0650981298622118,-0.819847843767131,0.481967579790177,-1.37928709279782,0.944439397446332,1.27476472806841,-0.54960193030212,2.83507482714172,0.0261196869141495,2.06767117096234,2.58028235544274,1.37604099271196,-1.4677613975285,1.55977951317116,-0.925230224331023,0.0883952057323747,1.6244053401971,-0.344458856848609,1.80165271863234,0.614006545271343,-0.291760871203421,0.161445920542352,1.87250471098889,-0.436321550354455,0.912275712982547,-1.39414594880951,1.2848675134589,-1.81202725336022,0.614397208275521,-1.20709713673991,1.90801254665243,-0.537899383671528,0.967354420546817,0.326519653098609,1.72305623301182,3.25812877366484,3.20590752174977,-0.168869230090855,-3.21451127850641,1.74818235677341
0.120545476872974,-0.746050790033139,-0.653535304691479,-1.58054324644379,-0.103651179238369,0.49229172056468,0.214023980765796,-1.55443925902969,1.1074205911039,-0.194604547115523,1.41037241823051,2.79595947026178,0.207482940302135,2.21848193511001,-1.63463946392181,-0.234996337420684,1.01521045787345,1.98568270341625,-0.471425564701214,-0.978630833605828,0.67560031137087,-1.08898554057913,0.302578182488254,-0.541218765504972,-0.754863682977394,1.27826962214013,0.735081769118742,1.38184582635392,2.59077261091953,-0.935186802673139,0.297060884338113,2.23747696332336,-0.41263682366596,1.48714173395908,-1.13550925502436,-0.384849824646767,0.918302043153164,1.00102729968706,0.492912722690991,-1.28647783976357,-0.999744835298843,-0.010373991221738,0.751921133433095,1.41501048222131,-0.299543518406233,0.0867048578825507,1.14509694661986,0.46750005022976,2.45657709677276,-0.689259674394484
-1.01087162828896,-1.06610268582383,2.11874521757134,-1.36486611256298,-2.55547814723329,0.371807186941701,0.194208068942824,1.45456442425279,0.482357223144082,-1.25772817948133,1.90298193914271,0.332597061655584,0.0508523596865414,-1.14487693573607,2.16570504616514,0.552038551676236,-0.45581295069237,3.12693547285925,2.50571631889138,1.51936146168148,1.9516636688766,2.38567857950757,0.0542425611218434,0.677526028501949,0.728400065074467,-1.59820468432209,2.22192363317236,-2.18703302767855,-0.052348150935448,-0.236380697402191,2.11410163036399,-0.496627716557355,0.995248892172653,0.0387949454228557,-0.578214648786769,1.42478918825319,-0.0898427055423802,-0.293967569775613,-1.14768976624125,-0.224353784115727,0.560400643710205,-0.801120594623636,-0.706898747754735,-0.152273865481253,2.00971219678381,1.06426280694848,1.04921682714288,0.831286636087426,0.462786456868913,-0.779628437339453
-0.42517039793534,0.484874340169328,0.679719668918551,1.32105247958384,-0.667648950222447,0.359808665912281,1.30613001336379,-2.80718814026058,-3.50556111318148,-0.524679746760289,1.65805188288359,-0.273519848103739,1.60754860441477,-0.400055212708459,3.93888658140537,-1.2968777733208,0.207489284308772,-0.781290936346029,-2.03300351606175,1.52488508450753,0.150210532834354,-0.911306455775353,0.999429589161642,0.461620879856378,0.932879523439127,-0.722447299375448,0.659468271950079,-1.09397088375243,-0.167010610829722,1.959748216216,-1.18919950200317,-0.467538882160496,-1.44884769049293,-2.4808154038962,-0.544715780326418,-1.20169989888576,-0.0124869743271193,-1.18981569216689,-1.86990734829279,-1.22060068085308,-1.15477482918768,-2.35387383815486,-1.45062475485558,-2.65594744650458,-0.230951724323384,0.356765804479495,-2.40221353280282,1.01040221108273,-0.913371601810721,-0.258368120257472
-0.746924477325784,2.08045983591024,-0.539563606523506,0.291132381710577,0.689944650677756,1.17993409294182,1.03424620226401,-1.5552673123324,0.959596738121793,0.479524621388255,0.517288595784763,0.438505154264887,-1.03155679909229,0.517265526180323,-0.50072691237255,0.31967665296777,-0.946023912469117,3.3614345304611,-1.22228030593897,0.339150142449382,0.773500812254434,-2.02376442999592,-0.10310979073501,-1.02229458287151,-3.00060791383787,2.40105527925887,-1.01003947902794,-1.3538692449549,4.53735317543742,1.05611874184962,-1.30335516238539,0.272967249476563,-0.832747351782099,0.991135587739672,1.96128689172608,0.728306785010271,-0.539869691525281,0.362301325876302,1.37063342955059,-0.396526884394991,-0.265513193806867,1.47711692444904,0.81064482034475,0.0810876186636274,-1.6802375889272,2.08629690565495,1.3122489922044,-1.33134296966367,1.19605395992842,-1.70150508560135
0.433712880936055,-0.251605680647372,0.126351003221807,-1.90035370885494,0.462251848064006,0.0427545885251162,0.149824877902304,-0.215613338588093,1.73957739187494,-0.415367271970701,-0.609781353519607,0.00447477355194154,0.0924963339958118,-0.429001312105062,-2.65104803063516,-0.0499352386699137,-2.03787537032278,2.44525619327047,0.90872009340223,-1.67633541791538,1.77840796279481,2.35156639374298,0.970632984828356,-1.263108385554,-1.98377041379431,0.272950137046759,-0.898772066659898,-0.309870386544631,1.66273361756701,0.0687543771689993,0.793453958526207,2.05287820927427,0.597070241178586,0.997943163685563,0.149076932500311,0.662138070867966,0.456964796232775,1.18922863770265,2.72769298781276,-0.0994080233708913,0.794600737216976,2.18037718846475,1.93504819744948,-1.07042279940105,-2.37432322235301,0.157046140377898,2.04767564882994,1.00457829390498,0.220999325698129,-1.77635793236038
0.523976650627893,1.69252045926334,1.10047816433599,1.59158169377589,0.0170387228198037,0.826855767250479,0.343713156391701,-1.38374284438014,-1.35892065277075,-3.2962961854046,-1.10367020137665,0.980426369588941,-0.278327265935434,0.488901327352238,1.01376725306052,0.721799553328895,-1.81012246568263,-2.42564871592467,-0.490419097211075,0.490959980566691,-0.0309898826402401,1.40939056538083,-0.0962605718241197,1.51866983527539,-1.93303111349555,0.836630677770781,-0.859339549821417,-1.19871254423678,-2.05069645048021,-0.706955460494603,-2.29008005673834,0.292873642320432,-1.35677021962192,0.562527928139835,-1.05827218906077,0.713454490675024,-1.61661368010118,-2.14610439843974,-3.11966342396235,-0.866587459587404,0.843258844051352,-0.517749235570825,0.17146937273237,-1.54329304693097,-1.33150718744302,-0.812895144426617,-0.904290705925776,-0.338011347857471,-0.863104269440825,-0.17318593205312
2.21849025474892,-0.620469849234186,1.92814649059276,-2.32303184710532,0.297420111427603,-0.242763092156987,-0.393346244402798,0.21699301728574,-0.760165737372806,-1.34952587234533,-2.83626817760615,0.812967285497963,-3.36148979956932,1.25726327226556,0.00178234406954134,-0.0854322044586895,0.829324712806398,-2.91898583936195,3.64339867452803,0.0893845874293262,-1.43333221114348,-1.53685945158031,1.60116653898119,-2.61397355302963,-1.4122689407635,0.945482049069341,-1.13775637169968,-1.16529632360838,-0.00481294916201258,-1.32233978386073,-0.591936493335229,-0.384559797834897,-0.841345519400597,-1.25213696330909,0.823009550596093,1.55658028059681,-0.142099207916891,0.392508561731719,0.881690984939521,-1.57524943667471,0.62335310026695,-0.242691425644378,-0.504621717009887,-3.26135282556374,1.40972250277262,-3.24596603074051,-2.16992174511847,2.16239073102953,-1.06866070184943,-0.655134349681655
-1.86816890608175,-2.13578208893528,0.999843937722196,-0.809931907774546,2.33128887729641,-0.206883091447087,0.66787860432631,-1.71199853523463,1.03896776623116,0.450067028289891,0.318064261129367,1.96974880611211,1.0396741826675,-2.91329012740972,0.30636190018888,2.19995442274632,-2.32627366556808,2.45575767374298,0.958275503927508,1.67745862501265,0.860379977738647,1.57724069380287,-1.35705779027998,0.372907025374111,-0.33491026391771,1.33883137906344,-1.32564925905523,0.422920411703811,1.60829569255947,-0.356001456819834,-0.666202960423544,0.608091106961819,0.36209803345328,1.09035682584707,0.299212415178843,0.335575226849062,-1.57648498808482,-0.431197404577938,2.71632238807145,-2.07898889018371,0.812182951114752,3.62910688821517,0.89863540450391,0.814803948558286,-1.00014337650284,-0.599541091418901,0.28834251774083,1.06721901263459,-1.85445582482845,-0.377694504709914
-1.5825257645316,0.122053618363127,0.838657713102606,-1.17933100432059,-1.64135683541358,-0.628901774588793,-3.31074562296617,-0.42447483594998,-1.46446212193411,-2.45436970612273,-1.05971548835597,1.8572361127727,-1.17789662978037,2.51800247771374,0.197615437475158,0.53980282190942,-0.664644522488201,-5.02857867650199,1.1595120846159,0.884399134760813,-1.35142237892577,-0.126030073312911,-0.501144197602763,1.4191371810786,-0.950967941595313,-0.00635545373961932,-0.920602667273797,0.817582810209823,-0.66214086897775,-0.226191374170575,-1.59524015432097,0.346684490268275,-0.593842512303062,-0.111947197240941,0.289465583139014,0.965555216489454,-3.47098379655825,2.77570300983146,-0.546917715897182,-1.85474248217866,-1.38674523493828,0.0625321007066822,-0.00488020548880396,1.04516247607721,-2.09307004450559,-1.02447864542714,-0.639290205182107,0.531289580335098,-0.498872797926863,0.0901450625615548
-0.925948725175148,1.47284107274435,2.74495246683222,-1.65566594634919,-1.12662543619156,-0.330593896373866,-1.15068310590112,1.78573286840487,-2.97490662440967,-2.82078374045758,0.419702518623014,0.869126678602408,-0.695802436733639,-0.491898032484882,2.76059747118942,-0.284030357589204,0.767476799901971,-1.89701144278358,0.349715067874729,-1.47589869162346,-0.573612620254092,0.590567561956152,0.506395686552975,-0.919003405861346,-0.920006981053191,0.206326001202819,0.00484971563113969,-1.05032592786221,-2.42841486380443,-4.03510983202547,-1.41015519719086,-1.11900257478826,-0.31184103158174,-2.70005969338489,1.01051416683986,3.92089386153073,-2.13960173699907,0.869003375028625,-0.898025608075717,-2.74480356771943,-0.43886780746331,-1.69756285481003,-1.13335618479084,-2.91479962338071,-1.11787643987024,-1.67603058379024,-0.288600358963706,0.533171001088985,-0.773683492215356,0.750266529561916
1.11452791859591,-1.07542986784722,-0.757675354516176,-0.480311599568775,-2.23252879838013,0.970731164883441,-2.48789846138902,0.873563817881165,0.978474937032472,0.486806104840825,1.03457115119732,-0.743977232354057,1.26683305267889,-0.227079327566833,0.992221740239203,-0.954462421647287,3.63969985661524,-1.60466054310805,0.345453225126597,0.334197211773343,-0.370401792658892,-1.49534638411648,-0.486659829040452,1.18075422605592,0.625233625097496,-2.20411259229496,0.857587008855945,-1.82716648135641,-1.25478191922101,1.68677516718873,-1.16892756950129,-1.66320015334964,-1.17006530019033,-0.869018849491977,-1.35090818192707,0.384890629616398,0.227872048024701,1.19217306242854,-1.15434774776984,2.34084521838143,0.308918382500965,-0.927327714074069,-3.18209964947554,-1.70694736424995,1.57667667784673,0.568417046394978,0.758545676816634,0.383827157220216,0.119634040811163,1.12585380899273
-0.789151542783456,0.899139962373322,1.4708840043874,0.340561400765451,2.96790717448293,-0.528869544118619,0.804920224421773,0.433946951089322,0.286593381460423,-1.20655675423165,0.374125344854777,0.491801759929547,1.12667517687316,-0.591561752174498,-1.17303366302459,-0.999309987825131,-1.32537962913017,2.94858963767711,-0.175698743564013,0.482928041971702,-1.10209971650361,1.67196453282874,1.82619956898232,0.621706118301427,-3.15902709001932,0.344229725946366,-0.303539442885607,-0.580925910665695,2.24444172806783,2.24396290328319,-0.699934080447708,-0.45344435607092,0.976052789815203,2.5426681664027,-0.0187487508053579,2.03744700355641,-0.872541441873477,-1.32014761206089,1.18576704908418,-1.42092015674284,1.94695300149295,1.75342841683011,-0.254909641873259,-0.532388224587587,-2.70549176938121,1.77970665989327,-0.37690747314734,0.761303814687075,-0.345455619813387,0.834379522897341
-0.620693797148676,1.51457786773819,0.843322171792602,0.197396916362621,-1.28652620688671,0.554097271701633,0.89943085648309,-2.64731572696738,-1.6693768565407,-1.79366868238824,-0.513015981197271,-0.316390231673084,-0.713321646692769,-1.90906069979951,-0.276277459306667,-1.93800003736965,-0.0893391732003275,-2.10751990656914,1.35035022147919,3.37042609328273,0.124630766148737,-0.598496219376296,-0.304203701240315,2.65675550994802,1.47977230726045,-1.48883868040579,-0.433667221276917,-1.79363905903126,-1.33592919837214,-0.481141402155092,-1.13563424108205,0.170398602912212,-0.770193168078452,-1.11041767502388,-0.108058753134309,1.94715097268888,0.566957142686312,-2.00958592407931,-2.39604771267616,0.761671570767859,-2.01250884538916,-0.106596763393548,-2.21899802723637,-1.34762391916094,-0.475557332646171,-1.04103076008032,-0.212675918231869,-2.14193316256535,0.832122471187413,0.277756563255061
-2.73284557243137,0.915822281033724,0.509051272943785,-1.27031010726377,0.159312411048537,0.0154245282043496,-0.129106186959277,0.111976231246168,0.591428722337417,1.72026964490159,0.720146250349524,1.50277107387782,-0.938537145265688,0.245673921339911,-1.91760407586687,0.00680607842912767,0.343119137693142,1.8817930804466,1.33495439323598,2.60344271456799,2.31185725992867,1.65083331516462,1.56545445640717,0.00875485083533478,-1.49697790055682,2.64947807177057,-0.47447639562784,0.16326476303929,1.5275768672099,-0.470642381463251,0.277553721762114,0.316745338605888,0.814624836290474,1.23107599375722,0.888670918796431,-0.0295488058958988,-0.593543610956906,0.426773289715388,1.30416169448328,-0.447476201719338,1.57738831501411,-1.13139371448294,0.0308606649565135,1.76989261618114,0.703461535163078,0.0200665357399314,2.10615060994341,-1.7800617671603,0.245944783251678,1.09217469142885
0.801681030534088,-0.333697094635415,-2.25933350095179,1.68154398952578,1.39218977341554,-0.544727834744775,-1.87166248251925,0.654295118442181,2.23144338839587,1.72880136492487,0.348975749584439,1.10163835538123,-0.113469491420354,0.0679219449351482,-1.17498693451353,-1.94187727539381,0.72972047103969,-1.43816890667048,1.16292276609589,-2.09961231416374,-1.81198231146363,-2.27833797418678,-0.344613070260803,-1.34417200751465,0.977725699355069,-0.726591604025211,1.75042744301109,0.0501249384952358,-0.494175868361748,-2.12065816903922,0.878960170385042,0.187001319071676,-0.588437472016784,2.95095761307474,0.966817758381772,-0.870547144342242,1.07705772567288,1.28437879752505,0.935683808263099,-0.33556537311028,-0.605102738632921,-1.28402755027404,1.27527403794329,0.978874585821941,1.40025547308921,1.37408593056667,0.317527574570628,0.964628734447024,-0.57490286877362,0.399692234750456
0.112106981547929,0.44249789667646,0.952472526737336,0.056670564580665,0.536487312495974,-1.35798128673565,0.627970650159983,-1.5728495815094,0.0848857490716911,0.969307152298604,1.40291788312659,1.11659087261664,0.0613839504340519,-0.020331027485749,-2.27696283885708,0.43096535091941,-0.054332706016473,1.48647443111914,-0.277755624678429,0.462707681274509,-0.678230430492795,-0.205405527390791,-0.260083587719679,-1.42560989043947,-1.19187804285057,2.75264590439058,-0.351275133176856,1.86891300760979,0.450131956739309,-1.25283261326388,1.12024247234948,-0.873984926357118,2.20555122886103,1.10836434604724,-0.267131995529677,1.11704138646523,-1.68401037424916,0.854092661680175,1.08343336914165,0.375690381906881,-0.918941365869118,2.05200118213154,1.0709877568227,0.941899688020913,-2.18753912800785,0.976261184728941,0.903700222244215,1.94670169785082,0.665275307277197,-1.79564591218469
-3.86686661175285,0.787289371591698,0.172509450064679,0.457593262227065,0.0708231066417445,0.628354013065881,0.304272187941722,2.05171792522874,-2.22011810468115,1.0476927155034,-1.42792902923532,1.25620534405204,-0.541587188288007,-1.91220855013539,0.84844076110843,1.4555361340432,-0.780636173741508,1.87190007254239,0.51812273649921,1.75604163921823,-0.227761596332892,1.67809781638377,0.430789597501791,1.49945884273747,0.837806881801866,-0.716139305960935,2.07226803321703,-1.48155201026708,0.46426801233127,-0.505778862807242,2.19110691614573,2.2737155524407,-0.0554288031433472,-0.915524130388389,0.346233627787332,1.06631736101095,-1.10369638237415,-2.20978495896496,0.691016555013571,-0.418941410461649,0.555691203875069,1.31304376199596,1.29307795071964,-0.906548510821834,0.637625888092124,0.712318097952286,-0.641054171814793,-0.717024435709966,1.14232078115058,-0.000159505785919787
0.0260376129397859,2.32983605502355,0.232351928724352,1.60886216242604,-1.3246905674839,0.130719223906218,-0.217848083864091,-1.77390813651535,-0.724418638293447,-1.07570492959859,0.915280681396625,-0.169629870363003,1.38446892029053,-0.921773277886004,1.95100143970874,-1.11069738768837,0.0058818978730117,-1.44692796055303,0.226354618839231,0.639840569062459,0.123041793312805,-1.74061038107241,0.781366365986608,3.12165850216065,-0.846562164430274,-2.3514231161589,-0.0745043370272813,-1.59992571625223,-1.80872439886661,-0.0364187500964716,-0.558203691435887,0.385700445830682,-0.37703273028862,-1.15673993795748,-0.0675953577697701,-0.844082615338475,1.59074942293685,0.213623025565699,-1.79052954834949,3.28648383118941,-0.380708540449932,-1.14450864327782,-2.50788255443161,-3.02900397813576,1.56863257155374,-0.184548930231176,-0.0254665774949946,-0.598469080066785,-1.06990605080839,1.06495430440602
-0.279058558435131,-1.69536547267597,-2.92424447633672,0.273877742659604,-2.37867011810875,1.88283825168904,-2.79578575892163,1.29055554442233,2.52474988462146,-1.48746796336611,3.53978753087784,-2.0633938633869,0.57593852937462,0.972087223949901,-0.727679287436956,-1.42754328019846,2.0318338366452,-2.11416542496488,0.636135644029031,-2.03780835145646,-1.02239309390081,-0.862818693066061,-0.444104705146418,0.502480069109832,1.81766706059257,-1.02609647553627,-0.043225210868136,-0.803279970546285,-3.78429333279011,0.717639979400767,-1.90444473446817,-0.803750996617615,-0.596689922699591,-1.27482776091462,0.653644198107975,-1.60356962031635,1.96779794578297,-0.684133696667081,-0.645240832776577,2.51655385964329,0.430363061533418,-0.415780559774078,-1.64605065462155,-1.4068407154393,1.55177658794971,1.79222396414123,-0.342214778707693,-1.3392804718207,-2.06426177597215,0.498177873836034
-0.400625318613249,0.651246212572133,3.23700410610121,0.898239685676772,-1.53339851052234,1.08905973452907,1.505311340867,-0.855007944137173,-0.476327081791093,-2.9044921448337,-1.38289133961819,-0.217079989627672,-0.285390144605034,-1.97833267646907,-0.00392894408561198,-0.860568984402546,-1.97672271526518,-1.6868941811886,1.10875042823767,0.772933322712947,0.289901548689604,0.243054550327856,-1.02837533964938,0.346854236867703,-0.126530441012626,-0.0646483445135687,0.383444172129319,-2.19223238550795,-1.05122833778079,-2.21644534540488,-1.99115356763868,-1.51517940072906,-1.29949916238991,-3.15083286668964,0.467755557517468,1.74695232829922,-3.12306010642457,-1.95633957834131,-1.15559042716011,-0.28750617508011,0.283856802504051,0.843455115731654,-1.95163713141105,-0.727295338803879,0.488312218402043,-2.09708018198928,-1.50980606586868,1.16304217431557,0.165021474242422,1.79670082303944
-0.956602250889475,-1.32953506916458,-0.663983701295515,-0.662740862420154,-0.940393069708539,2.36528453481914,-0.0499807018574323,2.13072966841431,-0.651142156660509,-0.0318316961257387,1.95272423203798,-2.37836252134435,-0.683095956933724,0.719647512020789,1.52255545667089,-1.5531276127625,2.73073017786178,0.403206479853066,1.20200818325824,-0.13833913596818,0.840761754320705,-1.40545134491091,-0.481660182145179,1.54988908532164,1.19534405066289,-1.28776036546136,0.759165617593679,0.48347702185219,-0.705299224949201,1.28259152948741,-1.45322595026094,-0.0609969776486798,-0.117077245548662,1.60131747673283,0.0846868761149402,-2.5167521870762,4.45971742881617,-1.351320774393,-2.4957990638122,0.492994206709757,1.00264131489233,0.0577891999541323,-0.554096677743324,2.50854958137227,0.389741259162205,-0.670175200663947,-0.794593681935445,-2.23670347249795,-0.340017708950921,0.927640738993911
0.238210746828013,-1.74367128521473,-0.0527648673271386,0.633732234213151,0.999371752957986,-0.577651240520742,1.04752443942201,-0.916025618422082,1.26363519556785,2.00828479735976,0.545631151287772,2.26434150145626,1.16139368608553,0.60460492606134,-0.430333568739905,0.569353696701088,-1.44878176089378,-0.261077197698169,-0.630186044266001,-1.52753091078704,-0.391141786538379,-0.342160204366459,-0.24487963456391,-3.93892573987569,-0.562581710511199,1.47059922449994,-1.8902608694894,2.15563967452808,1.5864075003201,-1.24260684751773,2.66834779409273,-0.447080701328046,0.200662654582724,2.61543605066792,-0.836869748185964,0.691548513596134,-0.395086258907892,1.03828141745892,2.37225848764686,-2.06729022504739,-0.175314335100012,-0.198039866741673,-1.56536823755985,1.21334306073952,-0.598636418908009,1.06387665415828,1.50827933320817,1.23730597838623,-0.261868770083132,2.55472553660718
-1.53795563341139,0.937499872732048,-0.797762490368568,1.28544128935297,2.2649711942665,-0.282591847338603,1.37607482810988,-1.31867825878966,1.08409919188219,1.41930442537412,-0.139826107158548,0.726431570458538,1.09912301123091,0.7040474588524,0.24122309282506,-0.134773704455535,-0.490762249663574,-0.791454554135007,0.646859697793105,-4.15056752550033,-2.08784713743287,-0.130480850139949,0.231645668191208,-0.782702540368442,-0.59523402260303,0.766494851304771,1.55232267677659,2.82976616927403,0.729550177070507,-1.41028405850338,2.03418481620477,-1.36155029038149,-0.583215921507184,0.897118814145165,-2.03137589043498,-1.37130062990198,0.420376729483727,-0.301022421429004,-0.0690201932905957,-2.66388362257847,2.121966958463,0.0524799204719257,0.56985768950581,1.40781389500857,1.23880691024549,0.184398684913399,-2.26369422017472,1.07058156705555,-0.271020597444326,0.664677104350392
1.3116391762896,0.585522596071807,-0.41875421321305,1.04531412990688,0.756398192057149,0.787868840015132,0.13139469856442,-2.80040172388946,1.48758435060373,-0.16417831900286,0.145151231797819,2.0662837116715,-0.96961996543423,-0.319348388538949,-0.7140474443016,0.318217527138763,-2.78939349834139,1.51476924955795,-1.01706140940488,-1.76065871146667,0.318409679391855,-0.463372139480627,1.0951603277452,-1.08114370064446,-0.742046195803354,2.0684415061721,-0.68538495702452,2.78004533961909,3.78563586206814,-0.352565269215926,1.85041749716845,1.36784310550044,2.56611902750153,1.08649142393151,0.413424655261763,0.36989417278772,-0.880796630724513,1.35079332868854,-0.168252310764101,-0.523008107694847,1.64815874735741,-0.347418611755453,1.45316546676434,1.99027559546376,-0.616715390821639,-0.346631756745132,-1.56941005545813,1.60605351805185,1.68507080852947,-1.30454237579361
-1.32695173693093,-1.07817782766139,-3.25148101563993,-1.56978753455686,-0.542797413695684,1.01160452982046,-0.0772213292100387,0.882881395696864,1.02737345164861,0.672625001415136,0.815119394569634,1.23506815719097,0.671418991706621,1.33239591152373,-1.95031330312774,-1.70713176488655,-0.874717859163969,1.13453451634054,-1.03535139871991,-1.30701673489955,-0.484856037414323,1.44303229170693,2.65881801460139,-0.681058069980564,-2.68309625250463,1.49057918115716,-0.492789100250805,-0.312609774452662,1.42896444497936,-0.302978451370351,-1.15815000888773,-0.995302580497222,2.15141921733746,1.26999686862694,1.09152732106401,1.75689312700288,0.0605714994709897,0.135759646258928,1.3603425927024,0.139783686475354,0.746378751621432,1.97568554216326,0.969581570435034,0.869271351308736,-1.45049602680481,0.695012441024272,0.000216731043740481,0.449393118357243,0.92412634878555,0.705570513306992
-1.23308453542897,1.36133980159609,2.20838307026825,-1.85236663450861,0.928284398064225,0.944829613754947,0.652989849566304,-1.49165266100106,0.265920889145774,-0.345774086394508,1.52508466134652,0.568217675861119,1.91515076455419,-2.2196448117273,0.912933391652324,1.03772198757156,-0.847154885193983,2.53803118409483,0.73341421096631,-0.0872089942570463,1.79681907404297,0.743636406709234,-0.986132079831293,-0.718542272113141,0.660234097068052,2.26199747757778,-0.709618351284002,-0.0241834764137245,2.43999284736033,0.626511536605418,1.81274875373007,0.903481759146282,0.814113269815263,1.02424576963807,1.74302061837243,-0.0473188491936017,0.441634197954976,-1.36999364929409,1.19442067602492,-0.380507637565087,0.887894076385366,2.38062193038747,2.50419284181159,0.92105193849163,-1.3869648483976,0.967709084920922,1.00065204981981,-0.390524928187853,-0.727697406461506,0.891210833726664
-0.794856835609337,0.36899826220739,-0.385640563055807,-1.19995874653035,-0.0462418685206332,-1.41411284503153,-0.53577053554431,2.11509748920203,-0.949386856105551,-3.91140531514568,-0.865455019631185,-0.70226855440147,-2.9948299181791,1.4644321706045,0.543930666153619,1.25007514336293,0.479128725209711,-1.65380921275069,0.965865340442797,-2.88804585619266,-0.481081184940031,-0.296600729987619,-0.807190815667987,-2.22856879795783,-1.19458157877921,0.814456889181186,-0.374813496402831,-0.410554254193185,-0.891175181866248,0.523993023550647,-0.993778417828825,0.746246128027785,-0.841415227071466,0.0967136898509696,-0.0203136940525688,-0.742535584898918,-1.38814318061127,0.661749573169961,1.26921920955928,-0.962158799725548,0.145721130661275,1.80355203858963,0.107856938230567,-0.886162369328713,0.263082220612786,-3.6296324083034,-1.23478535236441,1.37789940185678,0.210357099209213,-0.925105982540523
0.409739135251703,0.917268120328469,0.0129786861017296,-1.4364369488841,1.50541509273296,-1.64395976645233,0.479184978272215,-0.801594138924172,1.20828887581966,1.64391935927959,0.427697013495507,1.97555231445218,0.640383913741411,0.227483456690478,-2.91865042650596,0.171257918235329,-0.24392142113798,-0.45035938456504,0.419473034922802,-2.90411536474209,-1.36745186263387,-1.13626952762294,0.465510019446485,-0.322502663964028,-1.29642760529702,-0.331529128443313,-1.59179858814366,1.70408210018897,0.425486694457786,0.704620593979752,0.64832162191957,1.98588162002622,1.88808710094829,2.10360030492269,-0.624887586231096,-0.779240088133852,-0.208766183179796,2.34355180536004,0.441427809902819,0.294044985644047,1.16266429065822,0.576936419172465,1.11563909331459,2.13602609225474,-0.759425426349147,1.05221242272117,-1.21657109970723,0.144962873411673,0.859172237008907,-1.15667703624954
-0.497919198713459,0.486882949139783,0.838716283286447,-2.18055973698435,1.41191890842109,1.17204364132235,-0.365853647235119,0.853285423016957,-1.85814357738833,0.990225293615269,1.04047574101365,-0.584914242151452,1.07564354935688,-0.29115204526188,1.69731153011048,0.989972814249647,-1.22610082370446,2.93989469096037,-0.615120977195356,2.01788009058242,0.343072384528364,3.36820763633332,-0.359496306211055,3.33139674941772,-2.2752730750494,-2.38101916024181,2.94183473981066,-2.13910734325455,-0.0163490211825661,-0.809739022351668,2.51059241524792,1.54858572134055,1.61133296296888,-0.993187973334002,0.47493493087457,0.0730829470012065,0.816381623550551,-2.03443661046553,0.19767591696252,1.36714490626989,-0.629439713048109,0.402720898911448,-0.0890369689335708,-0.717201842465977,-0.561371159426894,1.12153941727292,1.06784799828626,-0.228671079209839,0.246152277375034,2.00933831526271
-0.49409153291045,0.957642220168687,0.593659781690642,1.75109984818595,-3.08867945972738,0.931538285057362,0.700357829006847,-3.08791930230822,-1.79120049423437,-2.49954936050543,0.0411754374930617,0.733112442634265,0.0281699257999853,-1.30825256686985,0.313473985385358,-1.09652922032097,-2.0014743996712,-2.30934254549767,0.619490864722054,3.32059967357057,-0.404917917050519,-0.0526697235165584,-0.0569101590599784,0.18685248026509,-0.209839194462924,0.0109842672830303,2.13732970374186,-0.979975953450226,-1.27068009019954,0.483814035536913,-1.98060976106802,0.588441118043031,-0.793072155122838,-3.47240473796872,-0.750970492941607,2.77832936649766,-0.297069993293779,-2.68787886546679,-2.20853800433703,-0.307193154806467,-2.41120633155734,1.80335198964512,-0.688923197268796,-1.08950919426925,0.661020723552662,-1.06960712966618,0.659384178646593,-2.24649591653015,-0.309817982094681,1.37384484101599
-2.00036244647518,2.16768780441602,1.451075814438,0.801276025817278,3.35576921771183,-2.80767883572655,0.419024716196887,-1.14247399043093,-1.2695283810659,3.46296319730012,-0.510536037053565,1.72157353779761,1.48927332146972,-1.93924945898329,-0.546950298135293,0.432253028074401,-0.422965438991149,2.29856712652838,0.295549436918521,0.846924863588839,1.69478042130438,0.892686296333959,1.20438882947502,1.07820376689477,-0.523487103960029,-0.252416136625983,0.650388230289474,0.0434080265217369,1.79332516361789,1.60436782867359,0.920774812964133,-0.24231362762687,-0.215058070676504,0.961512390491573,-0.126907847530789,2.34081477074734,-1.96961853571986,-1.62881209823067,0.445439450396727,-0.669741609308839,0.328217804180773,0.37822532118942,0.475742114079688,0.510689629144839,-3.17969311449725,2.60517004850126,1.42134789427905,-0.537294728967186,-1.82878304616801,-0.660238300254267
0.530838312701013,3.0745120066043,-0.654315874293325,-0.821637870565592,-0.303278522222963,0.143463646776578,2.96815472565254,-2.39646453021258,0.997387857100939,-1.02720139028556,-0.260787900902749,1.16353363082819,0.00211718132593439,-1.11392256968821,0.35952650374785,-0.79474083310355,0.344778285987892,-1.18296184017818,0.193999979591752,2.05715226471678,-1.86654703430808,1.42641044616553,-0.99928355181613,1.6338102558246,-0.508905103704327,-0.0902829237439671,0.785650525166061,-3.24782832898477,-0.44835715101108,1.70170642435442,-2.7432085115938,-1.29835243718279,-0.839063369309445,-1.67848611999516,0.569505414508213,1.72680487299212,-0.457651744284078,1.15458690472198,-1.07465841510439,-1.27720900645522,-1.04546913752709,-2.10098107535396,-0.901872192987192,-0.325799509904279,-0.494392142282111,-1.17698994264234,0.702258958235123,0.559711451117276,0.00631311441112178,0.0882849335654172
1.81637655614252,-2.35662151208912,-2.98030850158792,0.89735640155014,-0.254325183981097,-1.82143788882196,-0.644420359213052,-0.379161328034793,1.08888099452343,2.13337711987165,0.454360909231588,-1.42402500442758,2.02968677256251,0.945848151177835,-0.321937171433842,-0.452403147284811,-0.421052862789673,-1.67799433064427,1.46567317553691,-0.133372972655701,-1.197849196247,-1.90263475310119,-0.618350591948081,1.27456467465312,-0.78244031594614,-1.53547692115731,-1.75645076845855,0.407614688999741,-1.57091407769197,1.4739490433507,1.97595883894334,-1.24235065754787,-0.530651047010584,-0.468961748827742,-0.0225231884929909,-2.13420971722186,2.15437207816927,-0.108920628095296,-0.731403067732131,1.67547621791856,0.671410704051565,-0.741829946679351,-0.193086941856703,0.604665128631566,0.692236153345051,2.3325899261616,-1.53385080055944,-0.145270146073113,-1.55142092512241,-0.199040060832628
0.116338294528788,1.27171287818981,2.26792844842878,-1.03733552513074,1.09904627726823,1.16152957279451,-0.698684522540667,1.51345295347973,0.393690299853928,-0.681438272927489,1.10904846156836,1.54875554322846,0.412332736453243,-1.90420689899455,0.264024370220898,0.697654895936265,-1.20024243435818,2.01104557984666,0.0723926146775039,1.49502584951735,2.46499628602928,0.858263622088758,-0.913493400305293,0.2563384390508,-0.824520347900304,-0.941947505741182,2.18764135488966,0.195603114560167,2.52020010297666,-0.0322892709165176,1.13620018716999,0.107856315058964,-0.216359932205486,-1.40686960293654,-1.1399056108421,0.177233279577665,0.493588697958158,-1.87940839367569,0.207022553820505,0.837731155309606,-0.434133544653986,-1.41582299056324,-0.326990799833436,0.844257837025113,-1.66193050992619,2.87587117734823,0.594237599004096,1.11347577158276,-0.339475478223083,2.28255362296228
0.24035644677671,-1.03956874977393,0.491382055505948,0.371357448024675,-0.851193002271557,-0.46682784369072,-0.596530024048326,0.853909614430478,1.32861310130407,1.57119979776378,-0.962374977089854,-3.10505005280861,0.337543128278374,0.107906837215471,-0.243348895389048,0.291459376515365,1.96569332166457,-0.925250044378704,1.49008034317781,-0.671604920866664,-0.31250056088716,1.49339467863977,-0.922237815185277,2.50679231059664,1.63821582875933,-1.32177990624387,-1.46210082056101,0.402794674695476,-2.23034378507128,-1.12862094864935,0.484222944612042,0.1082335780508,-0.323806909282136,1.50284157759815,-0.199943103659705,-1.52245196630584,1.81353170615827,0.376595824227528,-0.965954248638494,1.63742932338431,2.88515919014404,0.821121257093782,0.0618783453936614,0.475079276037216,1.07978890156703,0.232788431289394,-2.39589269493883,-1.26109209450389,-0.870699015895963,0.793961317308982
1.36491737291788,-0.63625729997023,-1.48225102103739,0.634612002634982,-0.0066256688702459,-2.04809004257875,-0.458111971145565,-2.24744542083269,0.243508174810191,0.684688748419255,-0.316186525437609,1.29632408839244,1.19477390316549,2.55109119100775,-0.966635146591207,-1.27606179324097,-0.12353992558154,0.482548843028813,0.046640140689301,-1.39028017675683,0.741083368555689,-0.407592219307959,3.25067675686965,-2.66981534696405,-0.491054184366567,1.88192556772887,0.485545634630529,3.06732889598705,0.46615026327064,-2.1318054116229,0.298330070403616,-1.35999172297286,2.60049267303314,1.08739858848185,0.101046768745686,-0.212462424584337,-1.09682741425919,1.90343112967865,0.570551992944085,-0.810787416195938,0.0270934073076394,-0.201117845810174,2.57550681965077,2.25664282457556,-0.940415466610962,-0.986795104143936,0.614525117762054,0.0993245672950752,0.924196064898787,-0.893219540531536
-0.0254773023642324,0.648627331525174,-0.253071264157549,0.00141011287351066,1.13941491899887,-0.643210823198163,-1.30783610204739,0.928767049492193,-0.72604005066546,-2.3306100109836,-1.92220933811068,1.66477822829268,-3.35314999677751,0.512430284121187,0.252438429476818,0.822644202146008,-0.237015407119145,-1.45217149193467,-0.593381423779189,0.725256814285762,-1.01465552805114,-0.551222856112494,0.836034734886163,-1.71697355179599,-1.50031838849897,1.579023947011,0.0737019799760095,-0.7477751254077,-1.4205372101688,-1.70259203506713,-1.83345237590183,0.676301594300375,-0.497193374919986,-1.97123959775438,-0.747720427681843,0.949958979738645,-0.594374006630098,0.480961600102634,0.844160527958765,-1.98276352134914,-0.961035197171715,-0.94895565639936,0.220898967281648,-1.64045073157822,-0.607347043331115,-2.52134952157875,1.67905604113846,-1.97154184042617,-0.0601804637352124,1.67456381774973
-0.984515611807763,1.96718990370694,1.13165332134339,1.78523700848898,-1.91263573731221,0.76349959736188,-1.34236358285373,0.921644294253252,-1.54752411594295,-1.59571994196788,-1.30825395622633,2.19114670518714,-0.722348971494853,-0.958124845182327,-0.280253336431938,-1.37833469615738,-2.04753276035264,-3.4910322945372,-1.1219038567586,0.914767009594994,0.660871978969719,0.845270376669084,2.3984802911452,2.07973792924479,1.57108286455291,0.367310406809928,1.15541729126278,-0.73829603197615,-2.00273648098821,-2.10267091108862,-1.49021652341758,-2.61079272669482,-3.08896551399456,-1.42636172400301,0.342580540131136,2.5582853106498,-5.14905174137167,-0.711629466902264,-1.30187062498591,-0.144420883004001,-0.23309265639023,-1.19412885856616,0.136103220536017,-2.73843623087111,-2.12289534624418,-1.88732542651848,-1.6775086691106,-1.86212279074614,-1.1154901965648,1.17902059933003
-0.109691831159612,0.176006232389161,-2.15814684561966,-0.996036328490303,0.915671562043258,0.329367085869708,-0.770277118497912,-1.30183151107493,0.679284603364438,0.716813759001375,0.709247800760195,-1.05664754050494,0.573169593619359,0.150076566507163,-1.22611173950829,1.01797520350177,-0.998790164980167,2.09615726680797,-0.525345989373405,-3.6384159759567,0.041438624820264,-3.41197918369436,0.518021618870948,-1.00499264364508,-0.806325240673978,1.70300179319937,0.0677258187374315,2.32719513866003,1.71774356213175,-2.4357737004664,0.332689715748969,-0.916709167991374,0.559371696152561,0.689063736528851,-0.576509491269899,0.922338474856757,-0.0772794533415175,-0.603661040423761,0.378894238862973,-1.00115506685288,-0.394683461375058,0.620917686375008,0.610930309742185,2.18121154193141,-0.787387231290635,0.388843690199934,0.0316687459463006,0.817237901479484,1.37890842015975,-1.14507463987876
1.27611462829796,-0.376819933857193,0.788324332637804,-0.86263778842765,-2.47247661201945,1.22701449613958,-0.0818282325728837,0.248216766031131,0.0480092282990093,-0.765433897097099,-0.523857134857639,0.037529568729965,0.997065889444032,-1.12954998040679,0.248327531282161,-1.88280407208056,-1.38669276237863,-4.34733122235619,-0.396171567072715,2.62933413842239,0.288476952150897,-1.88956276834748,0.560753208679383,0.292085181914757,-0.133599094469052,-1.91787438381874,-0.477225009898729,0.291750734818807,-0.608089340162897,0.782102816513377,-2.13783864361808,-0.362143850975556,-0.26745050559456,-1.23422263777245,0.553057101276068,-0.0645689136771629,-2.05444181586475,-0.654819574205524,-1.88704979331032,-0.485154388417705,-0.419365151790598,-2.17451345711682,-2.4722933320507,-1.19401870581505,0.0951341645867764,1.05461395318348,0.833885650524245,-0.653655859375204,0.835169078389971,0.533644109141703
-0.388848381933857,1.42118250469419,-1.97140402591758,0.743220570110796,1.11766571504011,-0.281360075273733,-0.772051075357095,-0.155851184268515,1.2227043060026,0.391518435817569,0.960931444033795,-0.338189736622632,-0.189511628101525,2.18112073746939,-1.73760333159232,1.16869835812101,-0.532709276367914,0.301645652169611,-0.798011371765475,0.857246852358427,0.546114669243747,-1.64374090066777,-0.181245963240782,-2.11479573866025,0.161294495913003,0.76500575573241,-0.0206763858030127,1.6437484289657,0.551815139677278,-1.29549533823109,1.26704172172417,-0.531755013511683,-0.0434695690480668,2.6973554764332,-0.167313491313112,-1.20649221670728,0.310246551046967,0.840832741939973,2.28267874524045,-0.747820257403731,-0.0515144710797215,-0.0226246650230543,2.7474688942662,0.0727090107861222,-0.579815972318631,-1.12576520845698,1.53820157178237,2.58202288933316,-0.652494653356466,-1.00939268204063
0.424634930965436,2.03109878895488,1.08184872070268,-1.07043276659422,-1.47033738745216,0.265725037787227,-0.67465271491478,0.263477587771914,-2.36935962432288,-1.66618215396473,0.204244060931828,0.00458925435162377,0.357337493624186,0.0108234839013231,-0.979906689786886,-0.471067198151001,-1.40129409546683,-2.64038102402065,2.41705102916978,-0.138469415370035,1.651576154568,-0.449023306240574,-0.635313120000462,-0.841114598672239,-0.165348766346932,-0.329116061699828,-0.552491893184307,-0.97225216005295,-0.925115035656087,1.14470304912428,-2.48831835446652,-1.18191230162301,-1.53761584714435,-1.14132811065645,0.496297511189297,1.23693629214177,-0.879044391619557,0.42193351385879,-0.919219822907299,-1.09722727831146,-0.888318598644214,0.526320040776424,0.452532855266047,-2.43861912805864,0.142259491367097,-1.63708164050266,0.917310201491084,0.964987998609889,0.592627405046601,-0.318436828102477
0.94364995021388,0.526618967233593,-1.86112319568667,-0.474234219890226,0.477923181664908,-0.702669825096882,0.284522026102658,-0.308591713787835,0.422392317413133,1.07192659222661,0.928779652188765,1.37610912404039,0.0218461971791952,0.1100675293365,-1.30232107825771,-0.465734035449913,-1.19733811492168,1.6636515233814,-0.312151187624718,-1.44709901132203,0.0810128483933092,-0.567887821095953,-0.887440596452565,0.0333543511461371,-2.03649120616089,1.76553194602163,0.233293400710748,-1.45182428542208,1.07096377388016,0.865092579168022,-0.756943562866818,0.12956607794941,0.648027955437149,-0.934925478259148,0.761502637590246,1.42451063450001,1.16965705461062,1.48595000869034,1.18715553214101,1.90496180727186,1.4868990944613,3.19972644969508,0.4036594764224,0.549060597797131,-0.881316032812862,0.204785083308918,2.07786997298962,2.13794869635681,1.41223635315843,0.689708784968955
0.602634293004856,0.788345721794859,1.95091738892934,1.56009006758827,-1.49594350750781,0.279521039389103,-0.237567301211134,-0.930252418870079,-1.62441284367075,-1.39227225800774,-0.970188699538514,1.01095467960317,-1.21146165938733,-0.347158476731475,1.38886879099001,0.463984638993721,-0.562175386947837,-2.6155003629946,1.09364496578009,2.39796576105613,-0.223560918818967,-0.7803762214554,0.211064726254961,-1.06986734519312,-0.988982447246239,-0.986585738647459,-0.817545792088697,-0.91788047660453,-0.989168642511536,0.202286638779841,-1.71557819295772,-0.536142108812897,0.797608080563672,-3.25547823596719,-0.162555809146865,3.13551913754384,-1.36308915415929,-2.84210387315224,-1.41019611007738,-0.140516469852259,-1.36757983294205,-0.164093110952085,-1.37138513372035,-1.67111833143365,-1.62497785992563,-2.92340725022063,1.10614859702817,0.176498016222599,-2.31866191664958,-1.46881636964684
0.419558699964293,1.34232463880583,-0.935481502057703,-2.43546061002486,2.90790326557691,-0.173004916424405,-1.21802756212158,-0.0862940946781702,-1.32415242273919,-1.56555806850427,-3.75216312885185,-2.07418094192119,-6.129879628755,3.43895804472491,1.45602569714896,1.98676261672732,0.497438558644233,0.77958498488899,0.957313352088368,-5.29687802980199,-1.98678821158072,-2.4608336452284,-0.266089863258538,-2.86439974092799,-0.0841626165065997,-0.77631821175927,0.689058036131204,-2.048692983174,-2.71916799721101,-0.201685267496163,1.81815712153299,1.02896331105265,0.479214340536258,-1.87671301916252,-2.08211365081753,-2.56765462251462,0.128665068262719,2.15423509785901,1.70193108659209,-0.119223956945143,-4.81595484136794,0.414576886430611,0.866073154070122,-1.24429350996995,1.82322736998494,-2.71412750822873,0.0646216293500988,1.57758006823338,0.798580120937244,-1.08349153479635
-0.178287026915484,1.97202446851777,1.12643257992085,0.116776019200138,-1.88792340184414,0.0262221338708746,0.817939361788271,-1.19854045168782,0.86423510426467,-0.258621951275237,-2.13070223873723,-0.372639843113819,3.29773964436106,-0.65655399568265,1.52532406626097,-1.68335173833171,-0.967789070951846,-1.1202545740737,0.793239645815518,0.848514809278879,0.920931935899076,-0.782936380950915,-0.0173789509419649,-0.0604081296087005,-2.30729024507057,-0.440321727270628,-1.82429878106317,-1.16604910290065,0.368168248292518,-0.38054446582587,-2.38175455986049,-0.764698627111131,-0.22831291501467,-0.057962971701084,0.132946914708984,2.30432977592249,-1.38586836153359,-0.838471540802145,-1.47720880466833,-0.591031464702842,-0.0496477765431557,-1.11514017782775,-1.59973695343135,-0.641661172634369,-1.42254261403158,-1.68684704898595,-0.461661766977587,-0.97990674372688,-0.846745544104109,-1.69941913115044
-0.980434347044533,1.1055741691628,-0.0798878840614242,-0.0941036449586106,0.816030582831889,0.896201998936367,0.421552859365645,0.474104466027542,-0.699204391651039,1.61271884038234,0.966486073380263,0.489068376083787,1.05797098580088,-0.927957918403034,-0.826797836979146,-1.64756212841487,-0.582671958921927,1.90186486115369,-1.67057929915323,1.63018256945263,-0.0845406164204929,1.0217629929746,-1.65187300672564,-0.473432336034266,-1.9925569248998,1.58062428653276,-0.934897255260075,-0.317593998201134,3.64571506373371,0.747765319303246,-0.414127994814578,0.684377421631802,1.35307051116788,-0.228143685298531,1.39887297805225,-0.141660907599925,-0.236356118186746,1.41132308585723,1.75141391642871,0.156534071971255,0.742363688117845,-0.220201950359972,1.06163358903338,-0.384885469477926,-1.94945275116549,0.0161086136400423,2.35878680286348,-0.231794015170012,-1.01749508785694,-0.806570048556176
1.85219453692328,-0.539856394099909,0.7895284351077,0.830504829147,-2.45864738430323,-0.47612786986,1.12968692405822,-1.1743123102187,-2.69812713498485,-1.88386925786934,-1.46324972980308,-0.612508606384392,1.94771550156209,-1.0364588763191,1.93737904470812,-1.28761919443927,0.160111756178732,-2.98905581006761,0.383398049802654,2.27348787869549,-1.87274620429854,-2.56263323936832,0.776083130599563,2.91000300861888,0.214022985148265,-0.162389047233228,0.73770984118127,-2.29266363127827,-1.05433526278766,0.945950481097647,-0.745524436172093,-0.0230209035773746,0.225503920913578,-0.345861755659648,0.943721644866682,0.739926434490999,-1.33475347432727,-1.06563294432784,0.509410369313935,-0.452308157701612,-1.51597065333628,-1.23586223760752,-3.68180655127362,-1.69769699952803,0.61813279367809,-1.22363236689992,0.358595698128506,-1.96796892668275,-0.862454614032017,0.166431318211826
1.66615852526756,-0.473789511362416,-1.85000278881209,-1.30820094660368,0.108105054860991,0.907466091674005,-0.175777146404281,0.406338978365051,0.373114138757348,2.15307393745207,-1.00002349538293,0.831731141615554,0.670283458873766,1.53649254133564,-2.25107376897156,0.0243935804615894,1.77753880134451,-0.953396184546107,0.18374977107003,-3.75218954180532,0.189468383163986,-0.907097049770782,0.821017229158384,-0.580501795038819,1.35177797010988,-0.335822775425803,0.537402783624978,2.76350335174774,0.718970825794806,-1.04765675332017,2.05383247661734,0.306849452027157,-0.59789995938053,0.836077007256497,0.171313999030083,-0.966678961326804,0.304260706940882,2.72197782647337,-1.99709588662803,-0.310596509710293,0.966957281741417,0.472024185664646,0.259988634177555,2.19737254872781,1.05388332371691,0.503916374030101,-0.647149454396868,1.97007376822803,-0.489460976709726,-1.48748339288985
-2.62148790626374,1.68166215870573,2.34895862463454,-0.810999985456749,-0.101760923446141,0.293177867918371,-1.95752342889021,1.48063860084005,-1.41865237529829,-1.91392637931725,-1.2921295544467,0.550113717725759,0.242668096504813,-0.982246728584011,0.740784257413065,-0.0130788540066859,-1.71283938339147,-5.04575228962426,1.92315777865681,1.82122159414628,-2.8623068145256,1.26388314448134,2.10841365688534,0.0498809113850163,-1.62914286451461,-2.533755739604,0.315135830885933,-2.70368625977402,-0.829091498649645,-0.561132118907601,-2.02950817876048,-0.926457185053755,-1.72459032574155,-1.41929353825282,1.48874565905726,2.31895069713923,-2.00016701398579,-1.21248378158647,-0.954317803277237,-1.90790041311393,-0.328819461531794,-1.96767805025785,-0.771147980957386,-1.45497040816477,-1.32478407688229,-2.9238096174868,-0.661175948898933,0.103222562096252,-2.56342207770013,-0.417869592493644
0.385449866103688,1.94204727876686,1.33702314921626,-0.181495009927147,-1.73015542580664,0.174877255114012,0.101693728535855,-1.20913631817012,-1.27428794626348,-1.06375770833069,-1.15815117879139,0.0847984370261269,-1.34558825996521,-0.293725820479228,0.694849536802967,0.760587104425208,1.68978038397757,-1.89413919021501,0.663257533635585,0.171483366656983,0.951363907671562,-1.84647001937053,-1.32617529421757,1.95839787369588,1.8105631772122,-1.46093558257078,1.31418985557193,-0.62175753887448,-2.37415925056865,2.50926967107408,-2.69829691901219,-0.131771005388788,0.397901358039789,-1.51721240800918,1.20774302954232,-0.447312107590333,-0.264729757816974,-1.26575918492396,-2.00642391497481,-0.0746969927626581,-3.99915110885538,-0.68475232538851,-2.69459157770234,-4.17196534529697,0.847878215378627,-0.811102926913553,-0.435573123637119,-0.485141617721946,1.17118280571745,1.59839163036465
0.0527228960437064,2.18655870886225,0.519568540084979,0.285186935557334,-0.0276961743908568,-1.40287272155503,-0.353678254652987,0.505980827694723,0.00770814428223555,-3.90952612584712,0.61078554807868,0.615805448629716,-1.10408414379538,0.848670677688596,1.41894821428679,0.103216257281543,0.997414548105852,-2.09485215163357,2.23433718067976,1.87550678421019,0.202920666946227,-0.0450802569787679,0.930601351040836,-1.24012321503758,-0.210119590054336,0.701920825923079,0.770153146888935,0.146884857636094,-0.440176831875651,-1.83296587836,-2.67331848248023,-1.80024887857394,-2.89773076008038,-0.493245847713812,-0.549117951626394,1.75610597683255,-2.12694262334375,-0.64137249261074,-0.25184727743335,-1.76890789977622,0.650596194920867,-1.17790344074092,-2.08881727570732,-1.75110869202977,-1.72357296495777,-2.52600829297924,-0.273464698323423,-0.297063833440513,0.911482976190433,0.451760800635161
-0.607857491030833,1.72286633959121,2.42929709874105,-1.62361201393434,-2.7800116377515,0.120298678560527,0.560348100536518,0.600966107794043,-0.513585874710555,-0.830177612975105,0.0736529340956706,0.252971689950141,-0.60936951528218,-1.1540108934067,0.781697510850794,-2.06290050805545,-1.05917059213242,-3.20371358496658,-0.0390374653231334,1.47747786213067,0.262960840642108,-0.36831919668072,-0.00374536673813464,-1.86180371046348,-1.10123911595617,1.37885908946953,-1.38022469627428,0.374895211870473,-0.0510643388831291,-0.820157206040957,-0.92682430115603,0.0122128920090818,-2.00502893737671,-1.50520098941166,1.11294336068351,1.72752952801819,-1.31924100469748,-1.43651634372617,-0.832983158630891,-1.72823357305618,-0.70275187033581,-0.494017398054861,-0.0727789074660508,0.101722269904587,0.445318849231946,-1.54386042451328,-1.39573044879151,0.943203629762193,-0.867371873785659,1.1162016201493
-1.93577800531386,1.05344114541835,0.142855314941139,1.45938751939167,1.26313333176682,4.41048502281969,0.260244301230619,-1.55449974225221,-0.623129930172511,-0.173419028512481,-1.09011720438713,-1.33252651903356,0.578788089926425,-0.0824582422907048,0.784885923742499,1.01858583825627,0.11118353215833,2.57134610920229,0.386838519989259,0.596811313565871,1.54255087456219,1.44553737830458,-1.08453814951079,0.744178378250958,0.527622533198667,0.598712927820579,0.275884988933433,-0.232615251458686,1.13192464426491,1.02533443946646,1.20153769787569,-0.234980430268938,0.492036977886469,-1.08376652777479,-0.0823409637061518,0.0273099510604221,0.745661081440566,-4.59053675719454,1.14758940492658,1.02415948396601,-0.0494908827233342,-0.0658494984816196,0.19700295520491,0.795752755966745,-0.188477295112248,1.32626598728883,0.920769007225292,-0.793787418933075,-1.2278690873975,0.162636349052012
-0.0284346722130896,0.396124484737741,0.477776223436033,-0.823891557591603,-0.145642342310242,-1.87518257849537,-1.14287893451967,-1.24903693435281,2.25974976523014,2.49527772350227,0.576315911400986,0.272718097003863,-1.79367209069088,-0.103617539246618,-1.24207104517327,0.324674332369724,-0.111674709838159,0.898229071632896,-3.10255766780789,2.53157858611876,0.926082267840803,0.0212604095689652,-0.859798211397494,-1.46161358065556,-0.430556066320693,0.808183628832838,-0.222321592515634,0.0998438276815142,2.12979404623418,0.559287843522394,0.265488504045717,-0.346972053418673,1.41736743458786,1.03845478590502,-0.0475053490300621,0.356068332363071,-0.348944484115637,1.57923097235203,1.85933114125091,-0.313634508976806,-0.0939018292436763,1.47630963411178,2.36577468220706,-0.384665252734862,0.269494041508379,0.863234323426452,2.67135079661311,0.0453185067717395,1.20471682657825,-1.45691034882169
0.0394374397236803,0.253640536859366,0.154993572111478,0.667139948109865,0.583380045143074,1.33214123855563,0.58343673502348,-0.201944427267781,2.80113205666914,0.869232278584896,-0.489807627483963,1.81887936644368,0.535769009367457,0.720850821248609,-2.00922831381258,0.0242959234536264,-1.92774122706463,0.148727701226975,1.60388829747833,-2.65907775488046,0.358752619721638,-0.0756393306167927,1.73522084039373,-0.437412663613803,-2.33410197743701,3.13287825032261,-1.68022601496718,0.526035986763319,1.09525598106825,-1.12181852179821,-0.273337589586631,1.40159745247164,2.79861064095316,2.99274151195479,1.00785297724118,0.425727445245485,-1.85274385048558,0.555906697608575,0.458788590437645,-0.203646307029183,-0.108616271063195,0.742567222437213,0.878510436263665,0.0493515816282981,-0.923638871914843,0.0216917621448463,1.39745567946017,0.247980220515513,1.06055989466212,-1.35710906224092
2.07050749324522,-0.043727357013281,-0.585041247362788,1.96266889038875,0.144588610675188,0.598851951430348,0.0974412852597036,0.648520466889634,1.1943974535506,0.116910515731986,-0.544541399767988,-0.403441307101803,1.89257063216096,1.68914467651079,-1.78863031478702,-0.732076796662368,1.06573113175269,-1.42480516967589,-0.221974505328884,-3.66662169971144,-0.100790769064795,-2.34788549852258,-1.58524169300077,-2.28974941999333,1.3115054401279,-0.355666641160458,1.12386167748884,1.5850675051326,-0.273718658229316,-0.476146936730576,0.277848742551975,1.00143288708085,-1.65165005092778,-1.19780214725591,0.257094441732433,-1.84755223165678,0.916418965645884,-0.450507833225448,-0.35703996694168,1.50151920100435,0.0476740434635548,-0.37585859192854,0.254052235384328,3.56505424029153,0.821294697326873,0.0795672464411851,0.493622781718199,-0.682132494461113,0.466055738164487,-1.20032873898479
2.44774160178107,-0.146536851616294,-1.93819860887418,0.179138860411691,1.44729888200561,0.566975645343955,-0.503994019330916,0.676062703096328,2.573463872748,2.00654079290069,1.31049239175763,1.4527962052915,0.629237660045975,1.92230294892881,-2.22457346685652,-0.999373142298239,-1.03119912449341,0.723514682265886,-1.72090468297632,-1.67092916771735,0.881496773702415,-0.307978925048372,1.80990923405443,-1.60829302805182,0.435809300957639,1.88014122410902,-1.25745091306619,2.48145511190254,1.4365703269113,-1.00234952648624,2.82676527610797,-0.766472502209634,0.756404232634298,1.23509070807666,-2.01665119130046,-3.46590137316687,-0.419116732228342,1.44352564714275,-0.341178771707764,0.204059623750573,2.09707473626287,-0.0276531079369504,0.625837807634478,1.98172316807987,-1.60517914101119,0.0561722147198117,0.457681331669805,0.0354156219223338,0.445990602605249,-0.562222201246088
0.285919609063817,-2.66004403030974,-0.628868822949822,0.809550339084439,-2.22876683743936,0.430884198754692,-0.496066282855142,1.95023114956259,-0.539269819065823,0.941049682794494,1.26024290482306,-3.10053586244189,0.257792996344946,1.47045451838419,-0.790303251155456,-1.31575191535639,1.17366120975059,-2.28792812481054,-1.59033016106356,-0.0972862565340248,-1.30716911178019,-0.683601340413714,0.0235524024129468,-1.32488026087503,-1.09034856895733,-0.0282238342803556,0.188044417616202,-0.223903243298449,-2.52523520209564,1.99513322816455,-1.46706003027127,-1.63910137626642,-1.12210816346995,0.682033473894136,-0.645566149871257,-1.60337891584709,1.79882736996881,0.140436040877896,-1.70622161595474,0.584888174028563,-1.39663187590444,2.32101044285162,-0.828455003789529,-1.35128702753681,2.09088004877701,-0.391733484191385,-1.33175380549632,0.438862461213695,2.00964815376769,-2.08779117847059
1.12918580336927,0.0422782693016278,1.9630503063665,0.951745703992014,-0.219074859794575,-0.428249388821111,2.67436036965372,-2.02549252014963,-0.505881165046742,-0.333500226629977,-0.678193494847407,1.08701517257672,-0.394529721968301,-1.16017700557406,1.36374024588489,0.808213061057983,-0.359707716813475,-3.29402029353112,-0.126739793274939,3.66685419775333,0.00333777447366919,-0.881146565955138,-0.994861096248227,2.70994011725597,-1.74267529656853,1.3964475647403,-0.765290631391507,1.37763844242483,-1.22506878289658,0.91745699126493,-2.99020123586781,-1.636070541018,-0.315281844251903,-0.278281861224375,1.86300860171617,1.12105456408326,-0.918839214742999,-1.46417231952697,-1.67803130799436,0.486043638761006,-0.411353511536241,1.29998314326491,-0.765646486475246,-2.04265034839921,0.990479684609175,-0.809802363812399,0.495277674989454,0.391892158366355,-1.5604913090636,-0.72463590506093
-2.10525145495976,2.06556680771923,1.18291707824406,-0.962493345782533,0.918178543167809,1.1407319654467,-1.39308597784982,-0.271974565472493,-0.523507240339004,0.390977527041124,-0.578884136650941,1.77218810390505,0.905355905766703,-1.06483293855598,0.856471157006379,1.39437825199379,-0.0815169561228609,2.27036577222003,-0.62878067003219,2.24147877577482,0.622801856815121,1.78778930636044,1.0142682688855,0.255948121529518,-0.391195123084055,0.732100497205881,-1.39895664604011,-0.40279144784913,1.29729464497133,-0.219618366606955,1.03206031632941,-0.189123734351405,1.44732358335911,-2.10906303564445,-0.440553088851893,0.796869451636709,-3.29686584277256,-3.16205211252275,1.56747736411191,-1.53558482365329,0.0195670083018277,2.40632051236733,1.71207217472301,1.74889761709095,1.11082007987617,0.827604597721389,1.16227701397145,1.09575261961352,-0.79352549619245,2.14643592946729
-0.340344920614748,1.61774734983223,1.21333935674646,-0.587827163281998,3.17292524647541,-0.920261622497962,-0.265915432706649,-1.05949801006857,0.5076355803747,2.05691928480462,0.564394964572324,1.04867257325057,1.21446142189942,-0.567866504848714,-1.45576876510924,-0.323659682673673,0.0749616663254267,2.57599089778823,-0.898139877458323,1.36937583853915,0.433384555682578,3.0237802617221,0.726850540798929,-0.440056019641066,0.467038065136637,1.26051886685223,0.331686537244184,-0.848973594775078,1.81278962927762,-0.0161078637570143,1.91059278230963,-0.322428293124064,0.366426042676355,0.398736025566054,1.2103766954432,0.277154812349243,-1.75787752064086,-2.16429401993699,0.319357682784882,0.877554860096823,-0.118091833951714,0.879838553154247,-0.471971728671578,0.124647811471349,-0.757265552897005,1.18283619229265,2.66403533759681,0.264599144096527,-0.24363874511542,0.911923147468632
-0.81662515333395,-0.212937797083072,-0.0421362039330864,-1.13928859743877,1.59351493727914,0.773855653453014,1.47122932816421,1.85559851539457,1.02262643540792,1.60135189957863,-0.489370874275882,0.752512397494053,-0.0274276743217159,-1.61692809078639,0.409774432958974,-0.844156295417641,-3.14007482875422,2.70989154104825,-0.41632347347727,1.05856374450144,-0.101947857687505,2.98035757394214,-0.191394621113105,-1.30298209151056,-2.28560798075481,0.252660234481893,-0.792268957945586,-0.166335841062733,2.30818226245221,1.22899553214114,-0.771482448787297,2.31650991789474,0.612106657631394,1.34636984572004,0.184541824878116,-0.292254835924063,-1.9616778547251,1.09979719540561,1.46182106223182,-0.648865008219561,-0.579103170535551,3.05569675879194,1.27665132168349,-0.106137754722082,-2.01829881618931,-0.151970151364679,2.85504626761457,-1.3713974207338,-0.421215802808035,2.47811960905148
-0.654060171782309,2.95169300833119,2.23978844205348,0.277642080949135,3.8018253079812,-1.6945658752892,-0.215325856483351,0.276060134807716,0.64968527794876,1.95311383316537,-0.767325663716132,-0.322845106148858,0.400637357674761,-1.09225223945557,1.05770593930637,-0.455728953289293,0.699516009932264,2.86295190031664,0.242784547988276,2.66072537072364,-0.00551645372165051,1.64238987192644,-0.325386319191177,1.03896733968025,-1.00140437287007,0.462647457026966,-0.393727245101754,0.574992331140201,2.07340744821768,-0.339378319204123,0.903916813633482,-0.381852415194617,1.74641316961718,-1.52974332469345,-0.387808358839888,-1.20584959819877,-0.862887307670418,-2.9577057986019,0.722157004353633,0.833560009261154,2.58410777040552,1.32162428338374,0.147090416121814,-1.40142405030292,-0.900367622731635,1.87423200798159,1.24567795067978,-1.21702092791549,-0.705179373869885,1.01053123492629
-1.31672464656596,-0.50001946466592,-0.699325556422184,0.084716587379925,1.39412490157779,1.28866182530072,1.07310375866871,-1.67675422579942,0.160457720456715,-0.0194938662472622,0.739746041240778,1.35744140584732,0.288683615470341,-0.320828599485777,-2.50699518588644,-0.472604845434877,0.118809508082726,2.04416559471397,-1.19371288036954,0.283072646612047,0.876400948945479,2.3563202437877,-1.11202827196427,-0.748307781023402,-1.31324834100547,-0.275468727896801,-0.676113622199867,-0.854716137060365,1.66523034769038,1.58998501869126,-1.63258443424116,1.19795781628251,2.11332341420069,1.83950871039394,-0.194524866838552,-0.361671444539446,-1.51250961432556,-0.596473651598021,0.598879005738547,-0.48225364460584,1.85501055891147,0.700233319045009,0.802349180615662,0.561549447498054,-0.977538141209469,1.92980884465701,0.649814749174674,-0.946507900423759,-0.0117981898129667,0.113165248283871
-0.222479278265642,-2.56479501189016,-0.962787534349203,-0.0523775376888535,0.696364450610387,-0.293715654814376,-1.54130553775489,1.50973824130882,-0.528842195056045,1.32810838046567,-0.525529150143844,0.894505333672029,-0.582221151741629,1.0286331672032,0.426687547946446,1.00253619947204,2.32945756076352,-0.20426637925401,-0.862239936410187,-1.1499192877554,-0.370617485439756,-0.896033398505356,0.767327251174806,-0.638892068292711,1.37439190612009,-1.1905304602561,-1.8169800673786,2.41943415213129,-0.3061795923532,-0.734334595757358,1.63296737513785,2.18304080032623,-2.72242819033775,-0.304679183419803,-1.99271241238531,-0.956530088320677,2.13596009504074,-0.329399782239716,-1.20865138555857,1.32669866699062,0.969695293317896,-1.74278486298805,0.981842558960757,1.01110264375958,1.00951364908713,1.04740598091432,-1.32571821935393,1.75326620695728,0.0960085469759273,0.166562507858778
1.7894155854348,-1.69037578016479,-1.9940555839837,-0.380211291644378,1.00852776220826,-0.465444545564658,-0.278982246202462,-0.355778358280433,1.2013238778721,1.16242080152595,0.824752153324421,0.665513373450773,0.968676381287113,1.56498734203766,-0.723827794833225,-0.727648054150586,-0.0850563351648416,0.0549785991313244,-1.3691485153508,-3.30291996018474,-0.0161303477977753,0.121691615324974,1.45500890249172,-4.13098700061033,-0.519651489469606,1.43517681045716,-1.30405856143136,2.71081591501403,1.80988834487898,0.481067674803085,2.09540596906178,-0.763822157973228,-0.275720567449607,2.21412648686685,0.915407415542728,0.470520178074744,-0.748399724521987,-0.0340513800804259,1.0228491970424,-0.106759053873225,0.807953098909337,0.254230674731498,1.2260462270848,2.10980581628262,0.919564228762184,2.39951967807495,1.01369267771918,-0.0107081455627629,-0.758694121846429,-0.76806457923648
0.384570155173894,-0.653853050732534,1.39712802421714,0.329265968121912,-3.15233471264989,1.25862761223972,-0.412832010587165,0.460832749794739,-0.236881285693611,-0.0411269685061083,0.858595014179554,-3.1156306131857,-0.304841166494534,-0.0861603446088595,0.936406280691986,0.80367881280855,1.29488042899948,-1.64852734161411,1.393695381226,0.962362803581706,0.645836339948359,0.928991088744824,-3.06395980336189,3.55751924636305,2.18462903631734,-0.107543364485369,2.36310002746296,-1.897535779641,-1.94610965624665,2.34824271159827,-0.829685826540647,-1.00998056865358,-0.246550359160742,0.857020179392111,-0.427152962555698,-1.01664258174536,0.290926679911521,0.696778666077894,-0.864847943953144,1.85997529252249,-0.214009717190387,0.979146677598109,-1.75927725171027,-1.1734426614014,0.909755915291842,-0.667650856751565,-0.611315481632348,-0.0103881431582284,0.184684748187203,0.29651888881714
-0.526125228629472,0.643536025057208,2.9686081876102,1.52955941623281,2.62861727919209,0.626212132806408,-0.891786180589526,-1.90180541679499,-0.558865944497017,1.70330211028781,1.30866755679198,1.46534942370384,2.09593800726753,-2.24553613597404,0.98663644522084,0.605397540175866,0.956144175729275,1.91318802394357,-0.264639568395024,0.312036546441658,-0.407445781365628,2.10719335269249,-0.738419320739508,1.00219185611204,0.896197849178725,-1.20401744821215,-0.51637282686808,-2.34936417725592,0.541255132307994,1.32277639709035,0.420754412596722,0.375398585362377,1.31874099128844,-2.34161546034171,2.8812345819717,0.610234455967659,0.065317611014065,-1.55476406522697,0.405716043487813,0.222795891226528,-0.0850176050719939,1.39326437662493,0.172892817263639,1.95217462678198,-0.168082741911485,0.220777864800311,2.19447059791735,0.0521685728898802,-0.726055729014505,0.104417024244136
1.54564134666646,0.486337186434001,-0.73968873441201,0.976461450783104,-0.544996732286298,1.00250086086743,-0.125194020432507,1.45602784560391,-0.366599399741084,-0.68493990572637,0.858758285892281,-2.09669902532563,-0.555173451836526,-1.8818783586527,2.33278449148859,0.970319876538761,-1.77024542066123,-2.89465834219721,0.445627191488867,-0.122432908668013,-0.0875632471878132,0.350061570211428,-3.11337166220489,0.671686864748928,2.40969401632319,-0.838768977105139,-0.617052454346802,-1.19097729312059,-2.80806018726232,2.79799496668985,-2.2422277894684,0.647257344962875,-0.806231943129625,0.558993276843259,1.30416203717994,-0.773428543683898,-0.922933948800152,-0.846289454363163,-0.277472616980072,0.479880956640441,-2.52100252546953,0.361963294768179,-2.21355018713524,-2.05492777316811,0.317644087832817,-1.43724798528271,0.238250262678803,-0.351355900074376,-0.381916586821509,0.673853282464174
-0.139693578615409,1.14302341401031,2.93721722828215,-0.750766223107596,-0.306821672072543,-1.2623760680104,-2.03811426449264,-0.136725876210432,-1.53547210055001,-4.23127344030741,-1.05230797167206,0.335851484277656,0.0711949576122411,1.85254634223263,0.188880412596979,-0.168863369925027,-0.610656371382006,-3.07310935115572,2.97304758663036,0.124100110090509,-0.167716607329276,0.84598012548611,1.63882043920696,-0.131486007667462,-1.3588567234704,-2.36464743004383,-0.79132090636378,-0.554214988893152,-0.512038210327271,-3.6958449045037,-2.28437307776054,-0.0288012001419692,-0.488397809826262,-1.03064005631236,-0.501840973090983,2.00596776438227,0.772249058310505,-1.75298816701251,-0.119478533929191,-0.979618402913663,-0.586543491321505,0.498541808182958,-0.693131282343499,-1.71241877734881,-0.940008320235432,-2.89664146025871,1.00303290228587,-0.886650037216747,0.7381164977722,0.445890903437573
