"V1","V2","V3","V4","V5","V6","V7","V8","V9","V10","V11","V12","V13","V14","V15","V16","V17","V18","V19","V20","V21","V22","V23","V24","V25","V26","V27","V28","V29","V30","V31","V32","V33","V34","V35","V36","V37","V38","V39","V40","V41","V42","V43","V44","V45","V46","V47","V48","V49","V50"
0.942880991406743,2.0343862531072,-1.4023406180368,-0.715809804662623,0.398973299409916,-1.13257097268052,-2.2697844918564,-0.498879484928887,-3.3098513680307,-0.0482462758825013,-1.0599071253768,-0.908525847559756,0.0594875444266666,0.479412057666979,-1.32227593075632,-0.359054806038556,-0.7884340262998,-0.191513731102108,0.806053740824319,-0.135942038763324,1.18551078165025,0.727255824708585,0.941345672522769,-0.116161456766523,1.5815268675571,2.03895399434396,1.44954012848949,1.05345445044002,2.4206486116209,-1.25515990179805,-0.349833628878965,0.739744419207876,-1.24089611494594,0.732266509040893,-2.31276669160379,0.572438162290089,-0.697516733477837,-0.579494284912977,3.16029743084134,0.457012226871651,0.967649373260217,0.594564149131526,2.13526264306656,0.613286156105042,0.405608391248815,-1.85081692618425,-0.556439703586478,0.900573473373165,-1.5726870183041,-0.483773340542718
-0.86286564134466,0.461221138030733,2.12217210108131,-0.543093680592087,-0.78862374195034,0.745183371614302,-1.38412031494532,-0.836185578970472,0.249202093022697,1.3300589754559,1.34399836978215,-0.873966453868337,-0.229874471916406,-0.108207738463484,-0.683265172694788,2.0411616673353,1.61559341356557,1.79326066954161,-1.59702061688073,-1.58051693217669,-1.85495914022058,2.36115556647176,-0.492648103032761,0.00498607002825621,0.143797815211013,-1.03585546211264,0.0578411373950545,0.393060800359752,-0.15126630252549,-1.38463499899875,0.347941314664726,0.531262709533573,-2.38059757720878,-0.334110903208294,-1.44024498024789,-1.89594163369929,0.124097830086541,0.547115170929475,0.77839127364164,0.52006376134984,1.64551895092738,1.95008462799123,0.762947251169037,-1.98375673108698,-0.0519536120094993,0.0024060657295007,1.85091553463419,2.57222541222509,1.50113429437436,0.293837764352576
1.65343013486422,0.213989859740923,-0.584351939216162,-0.332895176984051,-0.794702319616292,0.151646808254062,-0.0962856885775885,-0.77695062085103,-1.92373172712854,0.884765099403475,-0.834838594476425,-0.322621151975087,-0.178288844369443,1.40738849811813,-0.295933812397925,0.699636508942486,0.251721662800294,-1.59793320044252,1.98991234026621,0.150633498151547,1.18695264344059,0.0670891682253141,0.735313625684413,-1.41889632434476,-1.16660436761324,0.470549889706221,-0.645432758419748,0.825617402486583,2.30321863995763,-1.59137942716831,-0.324869932449875,-0.519888104383374,1.22037461477349,0.869829770336247,-2.61626311728083,-0.691635062897314,2.65040992884687,-0.668888185127879,2.23376395051321,0.233277384555671,3.00895588250643,-0.646490273321372,-1.5721554986127,2.36285489261676,0.652189818603067,-0.123487779922114,0.211779267884886,1.5502934883017,-2.69536981726042,-0.713457234455802
-1.10550896085914,-1.65768607548632,1.37354799819926,0.310678475670145,0.561094532883842,2.2278977105536,-0.896787143123948,1.92436276597156,0.0386127113279537,-0.493194855542465,1.41344305153316,-1.46249047699836,0.034839599282963,0.724250191175195,2.28234650053987,-0.140640327892172,0.385552947249496,2.86144190649431,-1.72730152675116,-0.468326726570502,0.666358376903286,1.31659337875499,0.610163803641972,2.25674263307402,-0.499693771341552,0.0964319980650561,1.70020907569743,0.230854352906293,-1.90798576769537,-3.21982707865299,0.699754381529042,0.340690776296137,-0.430090675908969,0.707564311015769,0.632027961027604,-2.12213917147497,-1.03005516402667,0.415296023271579,0.560143571700044,-0.905374541238408,1.40325661622104,1.18617410726007,-0.498901876995678,-2.32703971787878,0.779206806764994,2.63504338406441,-0.524623694083258,-0.365842154880918,1.68857142550892,1.36799628994007
-0.212909508666575,-2.87515239012084,-0.1110693896998,-0.207602827629112,-2.41594249170099,-0.80975435353513,3.13490667912881,-1.68412753341564,2.30445414122056,0.833613046593913,-1.20717084249427,1.46033899436227,1.59981921724645,0.950440301365717,0.949806619870094,-0.560974352384026,-1.33283785106231,-1.01733189471129,-2.61133469045572,1.04707112660088,0.912818429527884,-0.147143935472112,-3.05209956127439,1.92123483896322,-1.3349448637515,1.2175746216944,-1.11692604829546,-0.830596288936174,-0.624629576588241,2.92023950269162,-1.09522204550034,-1.03314077610399,-0.62156698433258,0.313536406172641,-0.142672866309688,-0.337767203462542,0.297440100921042,1.23427360866352,-3.73348537993219,1.12358652938746,-1.37674722338804,-2.56499157177175,-1.16416277157614,0.665986758346979,-0.678277547950465,-0.872896513238206,1.51220411136849,-0.652144366118308,0.149911751921512,-0.15761165755718
0.0599181024255324,-3.45730227912584,0.894404542221894,-1.27303660792356,-0.152287505448491,1.32788365591271,-0.293927022845456,-1.09434873597872,-0.0742998113473932,1.61963052517945,0.940755946099505,1.15895570724779,-2.88317629579561,-0.634421289709698,1.37396371586346,0.987047155896771,0.848936727350981,1.06202020435761,-2.1947796708699,-0.758057966810269,-1.0841351541023,-0.918381448380224,0.140323158582656,-0.0343526979980955,2.70100101337766,0.0542105931025999,0.0762622248983562,-0.377248661450517,-1.97752258880229,-1.733891779661,1.54617490650059,0.242751218062053,-0.421685619200685,-1.07174378015582,1.47837915964879,-0.95847148359139,-0.980435608871556,-1.54849278421274,1.65134497752157,-2.39341054840801,0.956460543152608,-0.492928365425543,0.226773666773094,-0.541041959104673,1.02553498836181,0.762783086215444,0.51688017694043,-0.964334167759931,-1.52512454322219,0.659482027580998
-0.294608477257572,-1.0166039503467,-2.26997167809257,-0.976757359146505,-1.81576742491619,1.57185665770129,1.5267748283395,-0.36584417773391,0.0532378444803294,-1.17775283099009,2.01246046129657,0.171200029729358,1.74145032833925,-0.324804879857516,1.10472950466334,-2.15655533316391,-1.63521039616215,-0.927932309757041,1.91565318562731,-0.773096892358441,0.364547605304557,-2.31875668582584,-2.25878277843967,1.72782963029709,-0.544717729669987,0.613793535276202,-1.93376460003736,0.201406216475591,-1.49918243402407,2.31125528617097,-1.29042321030141,-0.195654078590946,-0.253646633952807,-2.44305565213337,0.910042745214471,1.74119091186285,0.525931713272106,0.0423242697848908,-0.655810609334688,1.34557370118278,-0.874269730193464,-0.861826677781649,-0.154795947779326,0.500621207266229,1.32759102380528,-1.05119526800755,0.805331254371197,2.30510466040234,1.80244646662381,0.700573721961268
1.0756450579645,0.204475552519351,0.329596038010567,0.0291132809514567,-0.295721606424552,2.22078216025556,1.33057213075774,-1.52089708510844,1.20841547727914,-0.934900238746061,0.19608005019859,1.29944895609234,-2.54907817445374,0.668174755458331,0.0247994495620966,-0.325751083903755,0.193176389954436,0.928781838069809,-0.367350366692555,0.0611071291839117,-0.332925617527666,-1.53818186175102,-3.00647356900038,-1.08310409815434,-1.18124832198348,1.68078065247788,-1.21038791525369,-2.69275141475884,-2.81887821934568,-1.18369776743396,-1.5996623756695,-0.319622802150961,-2.54009445420779,-0.184875731249041,1.06973699056996,-0.27830927092851,-0.89941615550632,-2.07758612663558,0.275949853599581,-0.763395473966802,-1.28998258948033,-1.30242873192278,0.690400444150921,-0.658503038143874,-0.394241411458264,1.44376889130652,2.48846084079204,-2.96286588170498,-1.05423451943319,1.61433734811989
-0.932267187731406,1.68926086019977,0.633101897715707,-2.07921055457901,2.35555930457107,-0.496344509085776,0.819212674358777,-0.17271544601793,-0.0706021463077714,-0.271831502118665,-1.46853951851369,0.00238635691022134,0.315323248539032,-0.176698809216109,-2.04411633462133,3.60796022443652,-1.0665828446641,0.0420753364677621,-0.124767671806149,-0.0483007323266239,0.000714150479617079,3.0617079557789,-0.72866400547036,0.569881972667623,-0.0942448861323432,1.23651949200279,2.23521847718063,-0.480140928976185,0.767920862260198,-0.918518224411439,0.328479505157092,2.1128698834735,0.785211122487212,-0.120153312574944,-1.31956526879215,1.53452056588667,-0.458122177683472,-0.849043700115278,0.987839221245408,-0.458813075662826,-0.834286305549868,1.67147367181977,-1.60001605768065,0.462698179183233,1.73851812613725,-0.635405707079212,-0.165561459884821,0.187426860949906,-1.07266806441851,-1.35882501697571
-1.11553298557871,-0.445519314439573,-0.576069805150454,-0.214580934878052,-1.02044010241399,-1.49171435455669,1.21167510064472,-0.524927539596955,2.14670281554939,-0.536009341577454,-0.0582263907015588,1.17547609570639,2.9584093043312,0.329358418296584,-0.0772889163450021,-1.95798131942195,-1.02409030901974,-1.18397985678794,-0.47371164057831,-2.04529664583558,0.182709465546996,0.27917813414959,-2.55916872385423,1.67247879722072,-0.698208159336864,-0.374212726754011,-0.783161239690473,-1.87388458231591,-0.112361547215829,2.13460453619177,0.148518235396218,0.426549977980356,-0.210143921051367,-2.84097429762511,0.577327073866892,0.399911568544855,1.51222650883915,-0.621451412415135,-1.15307867736439,2.57785598636666,-0.467758919817942,-1.33860106072991,-0.149374217987226,-0.294401599850881,0.668195432679065,-1.30390167261333,0.839263380959949,-1.24502794284043,1.46642050661209,0.0701186840142218
-0.728705545143599,0.117761680933355,-1.67454651638009,2.41681000965097,0.947081550781664,-1.93792833647563,-2.22580129353537,0.229972052217689,-0.651277678841391,-0.176007564801902,0.547978519885789,-2.38401636575428,0.657761988507429,-1.17043247330759,-0.530189368063203,0.562740586123348,0.752182404799789,-0.327109941260834,0.495781983831257,1.21866999531985,-0.542899603177159,0.605407363526534,0.942416614472685,-3.25252437205453,-3.65256634207801,-0.177132615932789,-1.36045557337979,0.674940526784218,-0.786507480827763,-0.0727684763689603,0.711748514090249,-2.24604601142881,2.13253303781279,0.784186950841034,-0.95156888368624,1.67359030233551,2.53145573262798,0.586709199505305,0.228269810582989,-1.98546112200286,1.13727018439608,-0.0986796946846146,-1.03231069621833,1.59584205480505,-1.19407084640743,-3.54548398311717,-1.12854916246727,0.277577199238216,0.68706593097802,-1.303962596079
-0.271560588145301,3.27562726904983,-0.79793256350228,-0.395419714745842,1.55243932445428,-0.0528850016735203,-0.889529182399332,0.750938431507046,1.23684738840976,-0.576207420567854,-2.69533668678529,-1.49195665591782,0.403724139489749,-1.22095121998686,-1.15610925674239,-0.153237771666675,-0.877044455840266,0.95221883515583,0.146069742745162,-0.179368550300497,2.08218425345751,1.18512317334105,1.26611776370091,-1.25148551897098,-0.62526157218419,0.818934634653197,0.395840459622542,0.369392419013194,3.1530990310781,-0.113160515885768,-0.31191283099362,1.04361604399839,0.953763151045064,-2.46383420219615,-2.6816248527804,0.675694197714167,1.38709929976404,-0.631118570651163,2.39154731821282,-0.595070651706787,-0.0616339540710467,-1.25172835177729,-0.31752531210099,-0.820029609322869,-0.297014902313977,-1.05325994496348,-1.05691332966156,1.37435144865066,-2.57390603942809,-1.25175278638378
-1.54552303729761,2.10837959016078,-2.27935137594929,-0.451995316326809,0.609869293972358,-0.909849886778307,-1.42533661886335,-0.767179773858566,-0.761253738277043,-0.252477766082403,-3.03912517879657,-0.962493160537248,-0.55221536405416,1.20945163254604,-1.06353146729479,-0.218463010314483,-0.756189654289393,0.486604343386969,0.525221755901978,-2.42182847774034,1.11661228128566,-1.53016843952413,-1.0200048476248,-1.98257080106239,0.189006689064448,0.0933202730468988,0.489173967066963,1.07439806835004,2.07369159861476,-1.81564744333284,-0.527182026958548,0.615600024929283,1.27421580756422,0.657404282023112,-2.05429502541323,0.152766374030044,0.480324065980898,-0.568752723362609,2.82470564402516,-0.810269535917536,1.63519868044032,1.32456376119229,-0.206619473053531,1.76137936294217,0.77371374392719,-0.831852030753101,0.376772926461484,0.017334609555032,-1.51566125677774,-0.766683563773076
0.861737415264644,0.404242226227621,-0.988690418155315,-0.549623010900134,0.905545678563195,-0.180287174062997,-1.48164733481253,-0.699292656537562,-1.82056400583809,0.222879459256901,-0.231874736359986,-0.189541661684693,2.30587595698646,1.93229612466991,-1.21845025965793,-0.438966280292843,-0.227253484229488,-1.07610201486506,1.52056146599867,-0.794163814936407,1.65235210335441,0.654647913813965,-0.184298055036704,0.79534972430371,-1.23870822639817,2.6946678689012,1.04346939573407,2.54122337420182,0.0350804668846935,-1.4671921569925,1.41034043912373,0.751400746367151,-2.44632571150938,1.9083395144396,-0.134031607721938,-0.35334107615851,-0.479884527718732,-0.487289174670412,0.625660646399889,0.31332372560978,-1.23221199596176,1.15145305596147,0.780286133099732,0.299624368509476,1.32238820763002,2.02665168494015,-1.29619246355968,3.05440706627655,0.528182231053522,0.257180331556895
1.90128215056529,-1.86600515753044,-0.716282717087623,-0.17020129214119,2.2719862548393,0.406685837432598,1.05226822579522,-0.349544351935976,-1.37826947153856,-0.0352396359987786,-0.697096139222168,1.00176128573053,0.126162236334704,-0.501928029225891,0.14527149489657,0.0448286244745326,0.89280989944115,0.254295510991061,1.20728869264534,0.485686164099075,1.04849945628449,1.73012096300886,2.50722128484599,1.71756125702014,1.10794653888557,0.520169158337108,2.11243184635847,0.467398357535139,0.151286936194944,-1.58914779498997,0.267230934061403,1.3774273571309,-1.25872727599834,-0.921873189404541,-0.164247900145479,0.601253797352406,-1.15345483884502,-1.18340977252966,0.0124421446143099,1.00851318731609,-0.908378441969256,2.77514641970156,-1.55234453040038,1.31157709638768,-1.76228558002644,-0.759079121237094,-0.390778239852227,0.821295116532474,-1.05719910202907,-0.314310295496875
-1.62321954313645,2.86385271401419,-0.618383533998005,-0.184225720891954,1.04622982641942,-0.14244782138691,-1.36017189332651,1.15163526784546,1.2976824988321,-3.04983291274541,-0.0967516423525502,-0.429019467318754,2.47031705376347,-0.0460734352335513,-1.62678241285982,0.729920157312853,1.15050768054972,0.40112148702649,-1.83607890349419,-1.81487033783893,-1.53629892803904,-1.48895278840703,1.95362535669382,0.176015947123499,0.590890169625882,-1.05352416434443,-0.505049232034502,0.226537761599462,-0.96010830582354,5.7497108240842,1.7389080541205,3.0429837310226,0.512320134268615,-0.055968536421541,3.69421055286787,1.58387786746938,0.168404094454787,0.319943792780103,-2.33964964763774,2.21562811878678,0.709556938495428,-3.00014483337497,1.0548964483006,2.42894723931465,1.71800380013574,0.372999928769825,-4.49071611397563,2.37824261487166,4.33050662712908,0.996311292043735
-1.65609305687718,2.52503660725703,1.60902039705396,0.502002872857482,1.31843416922815,-0.577596958351905,-2.47329201100207,1.07500272546942,0.421094927380366,-2.00825751302318,1.53553755896106,1.52724120852485,2.97632038430067,0.946256371214947,0.200781795055763,1.9890808135345,-0.17380138952772,2.6431143523765,-1.88631612162891,1.56115933327922,-3.38154220628835,0.395067245602152,-0.599644712990982,0.593093718249313,1.21317289097983,-1.72073254941612,2.19667200419858,1.12090730072425,-0.414187406815293,5.95289147243625,0.512947690777604,4.46639310532024,1.2669608940166,1.94173595505572,3.36882764078791,3.40663150382783,1.65799751620535,-0.73651391738585,-2.4395208462925,2.60087207439724,0.879096218579114,-0.316086536637878,0.199741628174633,3.5996715365797,0.313426099359853,0.933233590038046,-2.98738878510183,1.57442944556091,4.23461349085059,1.02714020633671
-2.20002250080145,-2.06662069449957,1.38789384584206,1.04498597642855,2.09125110533496,1.24877235232625,0.952284516993214,-0.0677363395550889,1.74803192728901,-0.882331690045144,-0.0177294423822758,1.66219219316247,-2.67123420044942,0.7337914967261,1.89559587258527,-1.64725542871098,1.10138592451071,1.50172273977132,-0.311079390141792,-0.196770652428501,-2.25150692241233,-0.0520756292969782,-0.648838182006446,-1.3159542866793,0.658040730515666,-0.659714003870986,-1.78344665086992,-1.66303371781266,-0.995968026313738,-2.00529420237314,0.651194396289751,0.618629549649618,-1.99206204896202,-0.864159899482371,1.42981860300477,-1.35426847969425,-0.344106537930712,-2.90577666978725,1.08496834690526,-0.307264631965308,-0.0332721927495426,-0.95656420352534,0.0878625765827335,-1.45913552135121,0.472874029123843,0.79217764450521,2.20722250729029,-4.30027953314913,-0.310156697968156,1.12358641925725
-0.0419605867779314,0.389847100192776,-1.78652014433949,1.28476581622979,-1.396708424056,-0.454637380118838,1.14695445533295,0.730272740964416,0.912331836861801,-0.585382396000979,-2.00616766465776,2.64617685607938,0.786338455519481,0.252759145668238,0.521903273451051,-1.45443705215881,-3.51161086730054,-1.22450741997971,0.621325809816849,-1.27699187999923,-2.24354013250526,-1.13893328075377,-2.94846900439031,0.285454502507099,-0.953825632203904,2.29512822426224,-3.35395143784865,0.188894766813338,-0.24749997054597,2.77989950100808,1.52162506727304,-1.31101818042313,-2.0463903076173,-1.45188409741005,-1.10284915739437,0.360649264273624,-1.70334881619851,1.51846667211279,-0.87943132381117,1.90374756482765,-1.8764528524983,0.0940982857948189,0.770777720359428,0.860702180235386,1.04436273239176,-2.18663475282157,2.43195328656668,0.391538487891326,0.449627686864466,-0.85350394176659
0.0709616516093515,0.612902424262825,0.556743871745881,0.0412504270199813,0.463929421786484,-0.517050100271862,0.234041076382106,0.131206154090785,0.188515131784567,1.12767361059518,-0.58622688406585,-1.17396068983032,-1.20233968736138,-0.596241219448045,-2.41378479473824,1.20932521521735,0.180288816177335,-0.468032336357014,0.235743176756688,-0.0763319246064176,0.888041756845689,0.857588430715859,0.921749998927968,-2.15232392267599,1.47128236342202,0.913372316036002,3.6260780354568,0.0827891073123768,2.45801709195049,-2.64479760187995,0.00579819271347107,2.26312333441873,2.50261940292497,1.73228952472927,-2.18635997008071,0.130632907778366,-1.14148557854856,0.827550107612909,0.500364267377568,0.15063466519873,0.419594898928365,0.872784868304909,-0.839856272500801,1.20261399589935,-0.56069157391318,-0.680714402998464,0.736362771787242,2.58840016499826,-1.21841857714397,0.175112185687375
-0.927864508524368,-2.64294764231262,-0.558809245447822,-1.25283812524099,2.49000363064087,-0.0647828799796394,-0.0349612207221557,1.08701506468527,-1.24792605590231,-0.503053578097826,1.91701830858623,-0.122755391675747,-1.59185970150902,-3.03557277803472,0.409345118054652,1.95162136871908,0.142470258764481,2.17881374220986,-2.46838579517414,-0.817687084112784,0.42763896611584,1.00665539496455,2.45044059615112,0.726856136806004,1.69398775732966,-0.829136449565227,0.705211486537462,1.02659457213039,-0.900008803199751,-1.77024970095919,0.441697242555982,-0.829255460520934,-3.84734211769241,-0.29842281121819,0.771276047548624,-0.353124661925152,-0.598634928506291,0.084636341843359,-0.641585221323582,-0.462662179023455,1.01930117021132,2.7176847816397,0.439792471983371,-2.78724044384616,-1.58027459476413,1.70597040792629,-0.537340847626441,-0.403839868427601,0.799181262375959,0.200144745987749
0.0589217258242445,-4.82106499555848,0.652519945800478,1.23904231480469,-1.37010249291661,0.261051287135237,-0.193992873782793,1.6188954915376,-0.303037622681447,2.14889420623846,0.29640550903348,0.792728250079103,-1.3123883035,0.42646434096523,0.527690430417224,0.0638077975935522,0.722844934772648,0.659494946599331,-1.6537487980224,1.15023182389362,-0.955015811336133,-1.43820304800408,0.290517746198811,-0.166240363860372,1.94398390490212,-0.652489856353477,-1.41845650992153,-0.72980719708647,-0.730756217448347,0.994409303495079,-0.0792459041445982,1.71582133315949,-0.139604793698896,0.425828679578136,0.866114205449426,-1.36611839729967,-1.39016946636334,-0.431837980738992,-1.41625041792553,-1.85886380911664,2.12897564173865,-1.42244940989685,1.67422287038149,-2.72474258967418,0.643342854641913,2.10943690160003,-1.2369416053777,-1.98894112092985,-0.994841666998541,0.287223386498711
1.08418676687414,0.318083180786533,1.8956781461281,1.97840100176482,2.41844562310034,0.573548664287582,-1.62787112232289,2.09417065179401,-1.59792996335421,-1.26008005119298,-0.12019659056123,0.31738543516505,-0.962319172170821,-1.58516857805765,1.28184901461719,2.14716788516879,1.06194423362804,0.317266949623203,-2.04517425174678,-1.25200121131979,-0.435185203048098,2.04045097884064,0.360486350898345,-1.40859422886381,1.78176640902348,-0.0589922256093312,1.57321189197526,1.24160848361147,-0.00493795617763998,-2.88746957116847,0.000322405754263913,0.242153004087344,-0.451988328457741,0.443446644892024,0.549843598927373,-1.87828708668435,-1.22323627376051,0.851046284395346,0.333744862883757,-0.985676799881103,-0.620946608095251,-0.0414051972802554,1.00185452509134,-0.983784382904798,-0.764399324414042,0.348113360377408,2.07384401113346,-1.65483868324167,-0.484139856976219,0.290119817426366
1.32206065801781,-2.5974090698016,-2.03466024889865,2.71867782616978,-0.742821724036331,-1.9355988599352,2.93056802065394,-1.22573640063384,0.895704854016022,-0.916843992218455,-0.504447121573415,0.181206889331917,0.373518156224592,-0.256038861609569,-0.348176871364906,-3.02013407722294,0.145445460654866,-1.56753800374168,0.244237636490077,0.0614577944802957,0.246792054464819,-1.80303747650743,-1.91961567200744,0.0973477705383377,0.718773837949215,1.54990981570611,-1.9126400178177,1.53883859422228,0.488550349618428,2.05740942307583,0.608136085151305,-1.2038430275729,-0.977037227909341,-1.62832565733018,0.357004204336227,-1.19161348629361,-0.797888346819968,1.45675847247824,0.80259176868608,0.143223111715782,-0.456373744533407,-2.0235956423837,0.533963104246929,2.10103498578219,-1.44874644002628,1.51102292139602,2.76146318204058,-0.879425869999442,0.111665557404605,-3.41676122353332
-0.83280438895031,-1.31321004521866,1.00618412747723,0.467225586863917,0.82017181517354,0.514152405322187,-1.94350273496608,2.26654788126933,1.0514608115652,-0.445419991992337,-0.369540806474241,-0.84505557788053,0.324672868342549,0.53119736716043,1.02403449929704,1.63115881462767,1.89881369002773,1.50772278801952,-2.41840552594472,0.210794111158032,-1.26550700690759,1.23204437978872,1.37168675361797,-0.394211954965456,-0.187052679821335,-1.07027175846841,0.280549255193893,-1.25228959031305,-0.423337180637598,-2.19071157581371,1.25416523646729,-2.50963911987575,-1.17732256517343,1.36727525279364,0.666094480919317,-1.54812943420903,-0.898938069708514,0.93137930395614,-0.649201634700351,-0.930306237078462,0.0102928501089805,0.0671740790790579,1.77424438029249,-1.25433273363616,-1.96140057971964,0.313714757773965,2.26185184834765,-1.10150121752832,-0.97817881666705,0.124442269590841
0.37120544959484,1.62317365047975,-0.389580764897005,0.609484739426925,0.0325325800237664,0.582094398911258,-2.89033856554606,-0.679434535970787,-1.33662338937894,1.35724915468542,-1.30808291035664,-0.765864156080413,-0.625258457676,-2.57039699844639,-1.09717956676954,1.16637548125709,-0.329641881501817,0.0109042618955792,2.18201302916949,1.38850993998271,0.179909499842018,1.97176581927493,0.0979673857545485,-2.59634882915429,1.43767524303107,-1.25360826930274,1.0149933003801,0.19278195236062,3.62064569417232,-1.15823443030134,-1.17025384269393,-0.500148985910832,1.09189794836248,-3.12091405577324,-0.721328930448699,1.37364457631585,3.31200116447935,-0.397069699298137,0.308465624036267,-0.295280004960473,0.0697835960811473,-2.21472805405139,0.602828659904758,-0.742197844205055,2.10469003621508,-1.09577114193137,-0.0837251580414083,1.57239118992068,-3.09238906089423,-1.75314544936455
0.769981852819258,0.490917485832749,-0.51158003869062,-0.415812278031094,-3.13541895472642,0.481351767866606,1.82381594940162,-2.00845501667097,2.8332272605305,-0.164969222775088,0.50530354996071,0.139895155812124,-0.246876883540116,2.39578307782383,-1.3422696807449,-0.17133674224213,-1.3273957339637,1.19631829866019,-0.506559158970847,0.230115089084175,-2.69536991942899,-1.03410525921036,-1.50222494021576,0.926764391130812,-1.11114895780715,-0.142046784946979,-1.35652877511316,-1.92104172122614,-0.634301950918553,1.09913977818755,0.00255875946230087,0.0677603135680772,-0.876906321279372,-1.12727214513975,1.4253139928135,-1.82440195336841,-0.143657678172715,-1.31185263541696,-2.9701111510736,1.14244232388574,0.178327753807234,-1.42297315817475,-0.640809660853516,0.878752563297782,-0.732967955080588,-1.33894768555384,0.861065746755981,-0.146195753318968,-0.22710925337829,0.478425128231667
-1.17097481273468,-1.45986257846729,0.559324188194831,0.705243223007766,-0.530260257782021,-0.208103310037692,1.42067587934054,0.953497171193131,0.582954794305635,0.531423107741246,0.12122611594144,0.445371214412633,-0.739426092167618,-0.224771498951605,0.592582553573613,-0.915298697929631,0.0513592233918128,1.37292493000818,-1.50164656724281,-0.0162205132904866,-1.53297936791377,-2.23191594315732,0.0225582486088449,1.50845913236811,-2.18486767176923,-1.31446044672827,-1.10368202430949,-1.10823080560501,0.112473125617819,-0.695632815678143,1.43008459900487,-1.10221285124137,-0.0657537549049193,1.15006663219656,0.801863419540294,-0.112245807589553,0.341162428040258,-0.106789626338721,-0.665080593215086,-1.39895898434538,0.160026925846515,-0.619273133912249,1.3955818314647,-1.0248685512956,0.297324572504813,1.61104598845587,1.90039644607728,-1.34948204836095,-0.517735620503466,-0.480005079552214
-0.760168133684501,1.06062608067453,-1.08865918304363,0.542456169351965,-1.23297263589775,-2.06832641179652,-2.74185042032477,-0.217624509111992,-1.71299719456107,-1.12138425232555,-0.518617050958094,-2.30205519910119,2.42817912862918,0.338153837410973,-1.50805381267214,-1.01181782970263,-0.364068216316398,-1.75299045235656,1.60540009717289,0.0602847022737624,0.0610075357215358,1.20509190853986,0.0935197849390438,-3.7606869173817,-1.49686999604342,-0.511577886456646,-0.898338791398486,2.88908246441665,1.04112114978535,-1.21870737540239,-0.682674463182836,-0.176978345601872,1.64892363857992,-0.404960883758528,-1.41714276644659,0.114486453524106,3.85384774237162,0.429206303244196,1.38108891877108,-1.08310769713203,1.78652686740457,-0.492381927673469,-0.125635314142587,1.18059767714348,0.0069198171771892,-1.69082809392727,-1.78641470209274,-0.547399852277569,0.17282827697984,-0.645705562258047
-0.983893540734667,-0.366364672489456,-1.18328354975362,-1.70779572820113,-0.895169861202882,0.12340132959633,2.54732485038311,-0.0227743080002869,0.872322483067421,-0.335633206367589,2.01582573109326,0.458017724134089,3.91722317219384,1.10691846266947,-0.466747059799752,-0.798527631927038,-1.07977535077897,-0.862871206330433,1.00098731047589,0.414838578437006,-0.792805251193975,-0.592189118798683,-1.41309529812692,0.778885513268271,-1.16533175748269,-0.659264512067298,-0.944476891643743,-0.3369535301372,-0.891053368894179,3.4779364871744,-1.00593700704531,-0.290238279333705,-0.383797484716425,-3.11527431011961,-0.374430676067604,1.26912873852469,-0.991165064246851,1.89961507934335,-1.33247164707122,1.95964802121943,0.840853655621737,-0.229529277344901,0.95969958529366,-0.00547395330477945,0.32326901867429,-0.78397899079068,0.31195467283228,-0.254117049788669,1.95429603252245,0.572034932603687
-0.27249603834038,-2.22077960542098,2.25038306782034,1.38294916406813,0.96769200666733,2.89067015794381,-0.0717148030997347,2.27389578833939,-1.13490442982815,0.981617748776227,0.484089237343025,0.17148002581203,-2.83017617460849,0.0999557372562247,1.80245237734317,1.40882622994884,0.954567771803705,-0.110306584567128,-1.58909496386413,-1.34643359513622,0.63615087687133,1.73670799949885,0.277745628396956,0.568380796950135,1.49984498148652,-0.259390498345978,0.317022640007142,0.00504428514346841,-2.25979919479542,-2.92937650674784,1.6213019814428,1.3576742922311,1.39983521396182,1.315260515011,1.56981439807075,0.0504945135509165,-1.42172080559986,-1.95972161837605,0.181941094799977,-1.33516933568813,2.04952888393176,-1.32915447127457,-1.04793672678757,-1.57569273408187,-0.82377145039406,2.98711942978891,1.14223075804521,-3.21287285354857,-0.978020497436584,1.39275703512939
-0.0652906392109296,-2.5271796438936,2.11148475755197,-1.08557258559919,0.00749074224977592,0.25906189901774,-0.222874577479962,0.485772342894008,2.80234250039898,1.52237126093317,-0.0962901133415663,-1.35281383262896,-0.472608609033676,0.0827484786280832,1.15474413353644,1.41756283989543,1.81992097882319,1.76346282862359,-1.48493530167874,-0.611969986921397,-0.0683692173456408,-0.0597725592499593,0.117078805372194,-0.290613184561655,-1.92279638484341,0.92821265602989,0.52793610424819,0.265915159287013,-1.71358002290042,-0.0845324349241242,0.313977679713245,0.143307621159272,-1.18433000595436,0.788413822536131,0.356014720770556,-1.39033854447745,-2.37212379063692,-1.10887797366657,1.92382072297137,-0.115799699574732,1.266580145964,-0.746717157237111,1.91027073146206,-1.79066496734211,-0.392145165753258,2.77613599551229,0.732618802640377,-2.09872778373096,0.385553883702094,0.900500567917484
-0.0438900358271634,-1.77318255946683,0.572388762424445,0.377745275724847,1.99413099889318,1.41471143810041,1.43971122616759,1.30494400559537,1.69053852293251,0.175670043227844,-0.0576556622254591,0.611656258245223,-1.45888404497337,-0.719150223978258,0.8305212595261,-0.490443846319459,0.918557311284274,0.375997799832435,-2.29019152593773,-1.54072852246627,-0.524310234387032,0.378789648745075,0.583499675580546,-0.395700909682991,1.77147892575172,-1.41861001314054,-0.54127050351537,-1.94281638441469,-2.10491344050598,-2.49638095532963,1.3572008241975,-0.285890213318324,-1.17523223721402,0.0768662265110076,1.38353328122183,-2.80294402283992,-2.11279342043881,0.618757921807335,-0.409967891830168,-1.00845656724862,-0.643269552376788,-1.21936075027364,1.34764896705074,-0.314309638452522,1.44126276667921,2.66858961955111,0.871518523345419,-2.19825201759375,-1.0303898893471,-0.0619562525216871
0.65573636515493,2.35983011285775,1.72657709913979,-0.696765761094764,1.52011091750587,-0.106042356541455,0.802498653383351,-1.69572637885042,-0.448756704245398,1.17878910363645,-2.20708689176886,-0.954313652092987,0.96123927817027,0.542569470173472,-0.575659887677163,2.04860907083665,-3.05233764612809,-0.755985825978939,2.24270826412693,1.27945690784681,0.228731744369587,1.10939947730324,1.00592230218308,-2.09466088821218,0.600719668000959,-0.733506549222301,-1.80119561161671,-1.09018928175501,1.03898256493495,0.945889283800064,0.364720910354395,0.476802990662567,2.24423709588463,-1.62463218718008,-1.59184082262304,0.451007426109159,0.880919625328665,-0.678689602625083,0.7335909792252,-2.33385201681873,-1.01660312167685,-2.08479086440005,-2.84092467423876,-1.0544218818366,1.84815847074309,-1.33057604473883,-0.613193492472493,1.543061797575,-1.11222155782322,-2.95993895058902
-0.00525119543052716,1.05454071668117,-0.146593660405142,1.32549003278328,2.80643882970584,0.170854056959143,0.0429265113976983,-0.756660731504355,0.450013658648028,-0.238830033899807,-4.06862253634885,-0.784010974528612,0.327771567742238,-0.208031527040398,-0.0709667217483805,3.5601793898938,-2.67220758266894,-0.414721235622653,-0.00888932495909673,0.432544218884219,-0.127219180272677,-0.898252996987618,0.417863026986286,-1.71603871245281,2.15932130881482,0.619238540480355,1.73602157137802,1.79751899328034,2.65984084300413,-2.79909877766584,-0.705835458796249,0.432518790912312,0.338884191455034,-0.769676086682203,-2.14578239185668,0.223676537514976,-0.273599162096324,0.222140835484167,0.647250024555744,1.39326947077958,-0.881267351919279,-0.369352953345081,0.699612698646239,0.566036456046908,-0.351234551874341,0.769974625557257,1.77477161309954,0.310487821446969,-0.811239849368777,-0.672268111282952
0.298805170229856,-0.376694450565932,-2.21011839311377,-1.38632808472357,0.631389047103274,0.792877632260322,0.223222259000498,0.84641447415141,-0.105282535025874,-0.662433966723228,1.32673119712575,2.27160203414288,3.53383656498522,0.232402007841469,1.21021101376236,-0.441175808290384,0.246126203232225,-0.264628180501143,-1.32713981238248,0.171087876763046,-1.76238869264019,-0.759243317455963,-3.36802358710671,1.70909195580632,-0.227905844083227,-0.212965702372067,0.665047387152309,-0.0895344462490425,-1.03136651524441,4.04329926137315,1.24026693288053,3.19520645816519,0.323035445088001,-2.33891071526844,4.44317425510896,1.35898534216995,0.0326565447451905,2.29705739259993,-0.0801917590106475,2.08573612142209,0.675502295352323,-0.338625769757375,1.59467430775649,1.84715652309118,0.411339535654184,-1.71476302553248,-3.55402000287995,1.70477900963695,3.08670865015497,1.76502854931563
-0.971800250096682,-1.1024821182349,-0.0556415001133485,1.60154671165047,0.354325411837399,-1.57263467285072,2.99827428877665,-0.47728926559868,1.11631737268424,-1.51210189259092,-1.80578762444824,0.376288089090884,2.90988251085896,-1.53735397608753,0.42642929460053,-1.41484471619932,-2.36625257584095,0.690801539891731,-0.287221164417486,0.783215380784852,-0.268639908973198,-1.70565524488589,-3.5389506108601,1.62979141862052,-0.156623784185688,-0.105527925291502,-2.05296679337504,-0.439630861895372,-1.04172167213506,2.20209076737265,0.594042283582371,-0.87235962076132,-0.214066695873884,-2.99162773765615,-0.206029674234322,-0.607700751771963,-1.88159209899846,1.97060574839058,-0.878519760139334,0.597607202028267,-3.89192870092139,-1.88067138966166,-0.859072021529889,1.40094587584226,2.17196046209276,-2.97623954718525,1.33657567303352,-1.06596480142934,1.17835196946034,0.279952490650156
0.705843198515036,1.10046062667102,2.04548148841279,1.54678533478958,0.742630654496315,-0.381922495362602,0.664167445256885,0.212337503012668,-1.3866354333693,1.39650688923168,0.518531632150882,-1.38988855524007,-0.245223661766719,1.29243758772613,-0.961509106014,0.719684555244694,-1.465880063635,-0.0313212252408131,1.08153376515536,-1.14731665928539,1.53118133284288,0.114426164246939,2.19091093469191,0.755321494283488,1.68343462467057,0.30042369079784,0.791864631537483,2.23869275285196,1.49820291770699,-0.410363846750026,0.147337042361479,-0.1074391581524,0.65238612821004,0.285840931296539,-2.2237675270415,-0.643189498102091,-1.09711539109411,-0.251580875540216,1.99310870091555,0.527425513606708,-0.122136245861648,0.82457562067219,-1.58190916519128,2.53049020701322,0.0395627781007447,1.01433212716623,-0.742265196655286,0.482939782471291,-2.11927730191831,-1.28783733177928
-1.65363919273394,0.879599783440483,-0.390715860772817,-0.182284009834304,-0.81044012660363,-1.27463069118322,-2.63087247703926,1.86507277051839,-0.152894527768902,-0.0324572555075755,1.92497576205346,-0.423609219092634,1.5612877403391,-0.607376149275721,0.765921967859592,-0.578358280669831,1.34276407404562,-1.53039573698093,1.12592071606227,0.995384643113192,-0.347480679615698,-0.530774671862838,-0.767288465990391,-3.00402340242964,0.453521219838029,1.86433561999461,-0.584778129543101,-0.857790012461106,1.25649171822941,1.32391157690301,-1.41630294580493,-3.40705623858667,1.2879688275558,0.12374881173015,1.27922984742942,1.24617426856566,2.30957041985701,-1.09185917179761,-0.399516811708519,-2.68819151827625,2.68344406764968,-1.04540518316232,-2.81260606551782,0.148051387254474,0.130681800744006,-1.05137367801459,-3.42728831028735,-0.53120092914851,-0.987570677089601,-1.32651703845683
-1.75406031518499,-1.73853408253494,1.42574736711578,0.110950233189699,2.5152080616635,1.25026106050586,-0.370128903981731,-2.55136055184532,0.180944805393268,-0.30272950135939,-2.18584436502054,0.507674656817585,-1.27616017465755,-0.480688501467386,-1.35322033113331,0.401586002936333,0.977201351515138,0.364872519067102,-1.04845254440624,-0.964103686342158,-0.890759495796865,-0.175214270340898,1.73048820272405,1.64492461053959,-0.115993350623918,-1.61224275680426,2.88395063399537,0.497302332580085,0.28779192514119,-2.19669448959402,0.544932979155782,0.898782943254564,-1.92358693060809,-0.100472057768854,1.14878407873865,-2.37529412811908,-1.46079829184547,0.238321970308279,-1.26627269988266,0.536337242297208,-2.7046331162135,3.86910797474204,0.913849979287147,-1.83184576911011,-0.541268657019231,0.207353293570806,0.391213233387912,0.760198816237316,-0.336645201448482,-0.445424981669781
-0.578439698552093,2.24404516267015,-0.571325750528661,0.165169970957007,-0.241321917945647,-1.40024425680133,0.577026213145875,1.45489076701019,-0.939669731454179,0.101943589676329,0.703663530948302,-1.1358103759873,2.55969113863496,0.0387937040524203,0.381922338224727,-1.5665257890827,-0.705863533237204,2.12519759350182,2.13095408454799,1.32392562503798,-1.23986152910718,-0.478433940594811,-2.07061820789349,2.50876019605828,-0.52256136551294,-0.533107950523989,0.245749666794257,-0.694329719223039,-0.603051926359381,5.94514928364807,0.72769275587767,2.17984141567277,3.16457127078175,-1.48076406410613,2.0300579888486,1.14353067970728,-0.925579171857875,2.58662646583095,-0.450055966870057,2.87501711156902,0.803789229076785,-0.993487074850611,0.34883247658083,3.07297890676454,-0.1178070111097,-0.208191029670351,-1.34230999858008,0.822349110989731,4.32111551329834,1.1965211301288
0.570205050215722,1.31759230364274,-0.219445239325335,1.37806258008543,-0.204660102968404,-2.90067726221532,-2.47875376100339,0.946814856109548,-0.840045679690801,-0.830128154847025,2.1999290155978,-1.23293115523074,-0.305241994839507,-1.64552914526813,1.19307624519872,0.99586340414722,0.939937249931044,-1.09807426045718,4.04573917395922,-0.258377885777231,0.203486937729052,1.42615082378911,-0.321349707080386,-2.02522257036452,-0.137781367080957,1.87027479307713,-0.933403681439075,0.591090502861396,1.87854987977831,0.0481978070499135,-0.215781054626937,-0.296843081391707,0.550317726835644,1.68002826062272,2.81116677158034,2.2239941611771,0.754884730209426,0.726947106997154,-0.608894780490827,-1.52710165991183,0.737977988075528,-1.36269566508579,-1.09887556990921,0.0646049209485376,-0.32897526427063,-0.412717567168477,-2.61300169976335,0.00060221673142935,0.537359583054266,-0.171755130277033
-0.578979454747511,2.55495896169459,-1.04091704710794,0.551642871588698,0.721041198349218,-0.536807803752838,2.93715490231705,-0.0152388148979591,0.463397650259603,1.64469707828081,-0.673564312095748,-0.131710459998727,1.21963038556184,0.244097565028734,-1.89280938433143,0.536185567669644,-0.893512073557434,-1.86046833874096,2.91041925835045,-0.678705180128774,2.03768168570451,1.34171436210827,0.291560641154755,0.234794823668004,-0.673249398793427,0.0846378791285596,0.596808079779678,-1.24878135817318,2.51252743867691,-1.87621817794965,-0.49107848515568,1.23947518228355,2.49562149157879,-0.44638255321568,-2.1659134795044,-0.265065864963775,0.0859179241472097,-1.23034529007522,3.84944417047328,0.178847756139807,1.94496412098693,-0.581562911532077,-0.322675118641161,3.31826303468468,-0.211318098444177,-1.11267708441572,2.58121783082658,3.11771357226277,-0.196001429953055,-2.1123312273228
0.379572508965814,1.31738954895245,0.445507424145229,-1.59283729559465,0.142420339059158,-0.516151757015589,2.14862398281835,-0.154213285767574,-0.199023200295169,0.118475489229591,-1.89367365008743,-0.789251909839567,-0.0851902810739673,-0.475136604027065,-1.7619662420209,-0.228173844597932,-0.140389117781181,-0.424826248191304,-1.54825267637244,0.0948899083189089,2.29605428339182,0.430548276577486,0.426999855418173,1.16225882540364,0.12498082283676,1.38359477613003,1.77457493782461,2.05847816189065,2.20953495495018,-2.28753164170086,0.785178326809203,-2.1148564253742,-1.51181631138793,2.20820331282031,-1.52747374099658,-0.0327346715879139,-0.646755394222221,-0.285996386730945,-0.461966690706066,-0.8465568736417,-1.61170827601941,-0.131419827930879,-1.58948406598788,0.843726325186164,0.436959701211299,-0.113702747877941,0.0822974631246525,2.1740166191893,-0.0910466759972413,-3.57700453555096
1.34728373714662,0.599475545249885,-1.62059687268574,-2.14933535556949,-1.66494949043134,1.61821497833572,1.88111755398089,1.06169264229141,0.120345113955096,-0.568480554375257,0.161694883853936,0.81445126254065,2.07045439310244,-0.378377411910773,1.00759504056084,0.291044722854947,0.0526918087759062,0.0365220009557918,-1.48945226090303,0.349567703173172,-1.45295654084283,-0.204225500878209,-4.03108781589879,1.95169168297672,0.0915724700822632,0.460763948127147,0.580143482679176,-0.363950007650833,-1.14254820701478,5.23777483748945,-0.145014198200323,-0.893670366488713,1.80576164933842,-0.427177339193639,0.569027079411847,1.96137038448814,-1.10712192699522,0.715207568250703,1.18904242928385,1.38075471696147,0.302695027854506,-3.01143100567743,-1.47615610683518,0.713801421769449,-0.895528361443748,0.156486299647571,-1.97235934958242,1.92220284317603,3.49684372812116,-1.2937562882223
-0.313468211815254,1.6834902393018,-1.89015192057085,1.65114719357089,1.52173738666367,0.557524025048783,0.650201397971756,-1.16321039091663,-0.75660665341173,1.1508101236389,-1.18737373818627,-1.54741322141434,1.00679009214319,-1.26706773375206,-1.78260502959577,1.81966043715676,-1.77226233746529,0.0945070988225671,0.544043163940028,0.484814375242505,-1.37645615389526,-0.586424782618836,1.19395995423975,0.341320409059407,0.711061985781607,0.706798737591303,2.39261549801134,1.40587030601767,0.53231189912809,-1.36121839187047,-1.60011526587074,-0.0933309785704588,0.038523155827357,0.7900645730799,-2.57011699890296,0.608342751911961,-0.310610182958461,-0.277364224226816,-0.0506689716196064,-1.2220388758272,0.360484082342228,1.25589366309931,0.865173834096321,0.245895438151149,0.0944071699001217,-0.856033773238245,-0.122922525343106,1.42188673708051,-0.600222373740715,-2.31132513338628
-1.27167211441985,-2.80562428313328,0.00517098696077618,-0.73300686590632,1.38427757912823,0.642593996628456,-1.27748525182094,1.22811812392329,-1.70036412251099,-0.283779460860385,1.04767236519479,1.33911661225594,-1.48722156697281,1.15928040389212,3.35033546366849,0.841053000094952,-0.290720395349215,0.290216950221267,-2.93507086367988,-0.0761519466525319,-2.31548865366816,0.139971716970456,0.373382442888777,0.355417466879606,1.26170987268823,-0.100388355198389,1.9561204638121,0.00649930002173546,-1.99463072700037,0.694600839713561,0.0324085142911694,0.117106086845799,-1.07054739664467,-0.611704225828214,3.09949227997868,-0.493065685454634,-0.770922719528695,-2.068155950957,-0.854503052201647,-1.21839707031981,1.00020034235114,0.527305186736521,1.7363832290974,-0.219022771586956,0.265528176226942,2.3008669036961,0.697783153210875,-3.47526806188739,1.12972906805977,2.57123497684597
-1.13444041660361,-1.18032467827266,1.89999715587582,0.980928295193684,1.15193023924727,0.907112570777165,-0.232902004160301,-0.0957027730351988,-2.00112242705323,-0.59500351179667,0.0713698229093862,0.155465970678723,-0.719879777021533,2.00523946507613,1.22858020975823,0.402979080587029,-0.356529866773896,2.63568994124007,-2.4360398287371,-1.18726728223166,0.153120524539754,1.52335845895569,3.0925181369651,1.15537331781258,-0.512090618737151,-0.44120142212223,-0.197909903907399,1.16629778106327,-0.0875770615352976,-1.34847382597542,0.819836146491013,-1.23130581769487,-0.42583426233196,0.00157736629854277,-0.5099658294836,-0.0238474979259506,-1.72447566797552,0.328228766135166,0.084365350298605,0.891911183085431,-1.20229407221768,1.85767671850985,0.500739968083459,-1.33630758484283,-0.285893194709139,2.01795996496681,1.0605068858548,-1.93761986105681,1.3523503561697,1.14685866509546
0.152274778884009,3.21705654567778,-1.44381756603171,0.846773769900128,-1.30854413910281,0.560444754851799,-2.6342463424863,-0.195895244923626,-1.09675854809884,-0.633563682498151,0.665495718544183,-3.56082585446245,0.348803386421835,2.06657605383407,0.129353619792232,0.394063290278346,-0.56031594367029,-2.47891744521598,4.38429304081132,-0.858089675073492,0.479337234893143,0.0508916934155256,2.45336181312823,-2.22436379311776,-1.48262548702615,-1.30054855996157,-0.0908310631011988,1.65948606008164,2.57183411151877,-1.80328868242397,-0.827553177351052,-1.52031270810672,2.92412811748259,-0.640844537881913,-2.40601807246386,0.432084251171627,-0.209413197916554,-0.448762108956039,1.46912920561694,-0.408432138970981,2.14772495601305,-2.70036082084757,-0.333945055887782,-0.204828920288873,-0.0143072007870303,-1.50911747315311,-0.439025993624961,0.490302727983869,-0.271402646144651,-2.61774424205538
0.900988845435428,-1.01106499707626,-1.11090629683707,-1.76664633096832,-2.10377954848405,1.12384189317367,2.92844724618185,0.871064241001288,1.02853549129325,-1.36942491235564,1.03282249112787,1.5414535850331,2.48198976860272,-0.0274082422989975,0.849679774519001,-1.80856146371285,-1.80664207630113,-0.108493513187449,0.625883124499193,-0.758910618531778,1.18242015119219,-4.3769067993988,-3.50710190040295,-0.146057810233669,-0.791480745681316,1.58163134535164,-1.97928143851859,-3.20709189940637,-1.83280248513788,4.06498479310448,-1.11171599193147,-0.669763948615618,1.60854152241025,-1.20662359177641,-1.4048369554753,1.16709563056298,-1.76810214550819,-0.322328317983384,-0.444477743163143,2.21054379204182,0.201592889348144,-1.48659172622667,0.145488778241246,0.66680600267992,-0.701606683018987,-1.02476227794166,1.17343768200093,0.85257375441713,0.763192540369876,1.32187970965594
1.64379900805997,0.511746782776149,3.22188795348401,-0.994857294962095,1.08958669539132,-0.173782617343481,-1.73602316538998,-0.619557448598056,-0.932074628243838,-0.442820012416635,-1.00894577338556,0.478753214976706,0.149795389228935,-1.12421074903017,-0.337664167765794,2.27794199723071,-1.15683923078884,-0.489374649634161,1.0865018850027,0.668276824645523,1.00176427814792,-0.205896939541875,0.911889279322894,0.828042911780071,2.08337094466754,0.673405713842779,1.16914341758128,1.10581805794457,2.12258453776427,-3.60700997106825,-1.77067137705355,-1.50541426446325,-1.12301079866749,-0.523279710947831,-0.599105816617089,-0.711041719321792,-0.150532373817185,0.176545872033154,0.557088961712948,0.349393720038854,-2.39519050397444,-0.638533540135622,0.739578498294475,-0.00490846672403555,0.886364232204818,0.150409568331118,-0.879679076344088,0.5531027728662,-0.602247774618403,-2.15946244587754
0.150595151435291,-0.853965409168732,0.0653101480940039,0.8911497441602,-1.35158060106956,-0.808227512920237,0.916536436379152,-1.17632171035487,3.66214236566654,-0.960496132414505,-1.35035824312492,1.83352105329588,-3.06980121453114,-1.41025308965581,-0.41404024293896,-1.63735317792922,-0.325019446120837,-1.2094605145373,-0.666294064271627,0.325944646630322,1.34430974656714,-1.28092894508192,-1.23303883276267,0.616604492928072,-1.7947990158809,-0.701767584903123,-0.462323214711879,-1.21330485143672,-1.79354204593271,0.890424969929369,-0.856305937064719,0.627076818647445,-1.90172772449208,2.08037812922535,-0.330273166501164,-3.63242283311922,0.0207020530717191,1.44743667363793,-1.31564582912183,-0.449735937332823,-0.310485932406543,-1.6085988789564,-0.448303848379856,0.438291425358049,1.699776340842,1.1757688344043,2.47980453873218,-1.98347991741439,-3.20551768702682,1.79646388998873
-1.64748333822714,-2.38419104228489,0.922314210535877,-0.975845610505753,1.71191265113966,0.0806707676802954,1.19919028356057,0.888723048393866,1.05854597702508,-0.391217658829022,-0.701136006267248,0.999683809570429,-1.51699735423084,0.144270865697555,1.51450389239938,0.62620299019708,-0.487274886342673,-0.906873395382488,-1.19188244860822,1.00422411274815,-1.68554244763405,-1.47000375919251,-0.156101848381703,0.76230527712539,-0.650863854784858,-0.535773094158336,0.906943802216838,-1.5956710752607,-1.81407802964973,-1.27773634009325,1.8970856535347,1.03281862320604,-2.20559576630419,0.056090243832687,1.69981055857941,-0.438704319471075,-0.783100771017045,-1.40301117945678,0.108193863094561,0.172649762017312,-1.16009401495439,0.458788778131266,-0.969596389487129,-1.1531942133798,0.565148909783277,2.43212475383184,2.24085847230461,-3.77392412482126,-1.40553308768404,-1.20429612151025
-0.796142215645171,-1.62939009680538,0.747677470989202,-1.18275368770785,-2.35169318913431,0.264355970345234,2.69447594627865,-0.159654835622265,-0.026373730204091,-1.5193598759043,-1.60511201762411,0.320920927694327,-2.21768173402698,0.749037493701969,0.154266410750371,-1.94258599985825,-1.49339881426987,0.590455882371991,-0.436826660925188,0.563529901495932,-1.64686446270664,-2.22956683466858,-0.265451039987347,-0.533317525351749,-1.0590354283801,-0.046342563475125,-2.11273685993955,-0.681099064180962,1.25450671558929,0.00607573347561105,-0.186858028353038,0.211265982715104,-0.740133914770102,0.553156535316928,-0.117356136735485,-0.949227363491195,0.182272554964434,-1.79101323494943,-0.290950017846213,-0.653374859372444,0.0946369588680434,-0.18549710124419,-0.857319702052507,-0.0484836584630147,0.593292413875816,3.19349878585452,1.92392389950367,-2.42688124405218,0.763731880392322,3.09042602183457
1.49655404548319,1.42877173151267,-1.28488998769659,1.10527835935345,-0.590200585704914,1.13357042112987,1.02364646782536,-1.65263053298739,-1.38511222977012,0.368140761479402,-1.61929787004017,-1.48344239743658,0.764028221784304,0.87469663410475,0.0382709445823061,-0.0663833726268338,1.1109576010575,-2.32227802142144,2.2371950954998,2.63611778449071,0.885104491017809,1.54366249927175,-0.616546936747617,-0.479874997372303,-0.235087008755988,1.13340053045801,-2.05719970184048,0.869884246728901,3.23903780534025,-0.72215322180941,-1.72751019344801,-2.0435731930322,3.09640924235089,-1.73956146219188,0.695617111479317,0.359451406536322,0.647732678266022,-0.0342674551522535,0.369051597020312,-0.305515275279595,-1.12405776011346,-0.713378885136049,-0.920544528939407,2.99755154535889,0.919004897646642,-1.88692121446291,1.59148904577229,1.00018780586473,-1.85358561506087,0.254254661982898
-0.599574313556787,-0.79557063307066,-0.292185823742229,-0.619341076210328,0.585174859568661,-0.965727905218274,-2.23545354356043,0.848753524674742,-1.66002957734054,-0.206025502986449,0.388092578330909,-1.28209339124055,0.844958161488856,1.17819838171275,-0.310394761205609,1.44946799264218,0.390871878957755,-0.450230820137135,-2.26872878096333,0.0973763010564348,-0.333841171764763,2.1296789006749,0.824668474449494,1.61316130114575,0.648303350751989,-1.29993947993477,1.10826527506677,0.914217391673065,-0.911681820512872,-1.81971038196388,1.49109734015142,-0.981381751039543,-1.4716813991757,1.50252756230213,1.12919701004444,-1.22112019995677,-1.75457012256242,-0.926933845642768,1.83273996995332,0.897557983633109,-0.699790445362863,1.8015244516298,0.465867342070832,-1.0236140870764,-0.206332764504612,2.07789605728276,0.315314250918202,-0.509680663581021,-1.65449514778766,0.604501069077846
-0.574659224484571,0.321734962553908,0.612568075975401,-0.423109946430412,0.618662716367985,0.440954712268825,0.207070498205887,-2.63157992976249,-0.624099720087765,0.254354490291791,-1.62795547622154,2.24967043921363,-0.755794080127395,0.966519748569589,0.0270330563168817,-1.37356336857458,-0.766281907868898,2.60895357162409,-0.552315320974931,-1.03560765530148,1.39564165172162,1.83864034971111,0.390226655255905,2.94881915349455,-0.742151156985259,-0.587096916958668,1.77756368730881,0.262555008001069,0.504401250000619,-2.138672489889,0.327482093357441,0.0780113885568612,0.565467885125023,1.23793186782983,1.16241316738547,-0.661367780742824,-0.722762150604301,1.45925203837986,-0.33777692405518,-0.39820253307079,-0.553049796152531,3.39053082686555,0.487244502973808,-2.25711542062386,0.301317668958433,0.597327973872547,0.0548398836489986,0.236088131118098,-0.526942312026646,0.403323851336422
-0.0421833227467291,-2.74768066238147,-1.22261721011318,-0.670161809735704,-0.932932484555857,1.92965380017122,-0.295155710467419,0.997920632462126,-0.153469366079695,1.02657918867328,1.20440120597351,1.98291154353009,-2.30903151100176,0.351821163265977,0.970379167520756,-2.41339011988895,0.428346142661221,0.205171969035437,-1.07698131792447,2.26384519394033,-1.4921884152302,-1.20731787521367,1.09419716612735,0.937320777621607,-0.615587795666806,-0.277892255219846,-0.198524094286213,-1.12939070399684,-2.03083369525907,-1.36180950616463,0.641183232382404,2.02444457656257,-0.763160415857148,0.640677860634929,1.91179623117522,-0.808849795629863,-0.023238269466855,-1.18091984338462,-0.132985915870546,0.131070667494023,2.08382182639411,-1.99480539742762,0.728153821093354,-0.686074029660994,0.106265432002679,0.920243492462178,2.67501126476707,-3.47675752870208,2.31393702242133,2.82345388635231
0.0580953568494192,1.15114222900826,-1.83519011753001,0.409714572642347,0.734600579060887,-0.459017077844496,-1.31410364058339,0.750468622426322,-1.75532059188608,0.0419378456347583,0.0392670500263016,-1.52659203332005,1.84170898973082,-0.738781654432408,-1.31647165138656,1.72380094589836,1.0651846483165,0.461658539317035,0.0418942319954095,0.0775010824254995,1.8283908958882,0.309620770782263,-0.0300229045369146,-2.92854810487184,-2.55811988809288,0.680694325912549,0.406795498889406,0.682499177129828,2.8090684872395,0.247776912932533,0.742970840970847,-0.544826675300022,2.95637216319004,0.959710617550253,-2.43655537055871,-0.4199148128622,1.57293724130276,-1.16271125196656,1.31222884385932,-1.05561650565256,0.952876658482987,-1.21977092497413,-0.0750305747599533,-1.85081051075693,-0.569886501878946,-0.834739754589088,-0.802372157130473,1.56869757865484,-0.62988003156943,-0.254995443485108
-0.882184987630923,-1.86007663430682,0.167004231313096,-0.474813191727751,-0.857885213833779,-0.0942280484129858,1.197301996587,1.19380088749283,0.459749023592626,0.147933832306343,-1.22777778771935,0.47515228526525,2.67502735145906,-1.64211280555219,-0.00595592159573031,-1.93930772781523,-1.7275703519817,0.346500735258294,0.483688905574601,-1.63678445363628,-0.351617601526418,0.618791821418693,-1.76752690067863,3.30678918785106,-0.63454819581699,-0.222733585557347,-1.00045928991042,0.656746895751307,-2.07961550692599,2.51547379079436,-0.589993507509584,0.367810692792194,2.16773685500323,-1.6682931438447,0.545998394204626,1.70668666388275,0.633290870717413,0.769042886983703,-0.39931942344741,1.85267566513806,-0.781990584366731,-0.453336431872847,0.990440468050604,-0.416695120822789,-0.100635057025612,0.218953947088381,-1.22221392647138,1.73911985242351,3.40937464384408,1.98772261981305
0.300922450555075,2.35494999344644,-1.32131028056634,-1.82762190782073,-0.151490729931881,1.88004496136284,0.643239758128356,1.0537525278925,-1.18405025177438,-0.163805094628687,-0.906410815727677,0.3936295713457,0.17114779592515,2.06688877050919,-1.57239558383729,-0.478152332099766,-1.39890672047027,-1.41587967612789,2.35919925432895,0.364084671098084,-0.384400702432903,-0.895160634713864,-0.697989930789616,-1.51078853719893,-2.15872742610946,0.0843440959039592,0.0290974421615156,-1.6840566991358,2.03462732357109,-1.6137498353778,1.02584041571098,0.974329477202621,0.963566919441114,0.00375663557670358,-0.756665093495315,0.640401042595175,-1.70593565401737,-0.397568685714929,0.310814665913568,-0.856335483426684,0.65480108598278,0.113123766777983,0.339120175648647,1.9917189039435,1.38457833411266,0.0892692286821067,1.88943145856015,1.57352058393996,-0.629197931472657,-0.706160910463619
0.756190485785564,-0.0490788302068,-1.93094849060408,-0.899771124429991,-0.343718078558716,-0.260482892908293,0.340329126864628,1.17293138436643,-1.0960536909466,-1.43674558145421,-1.677855842435,1.16815435301979,0.879063181218272,-1.24684090924652,0.74270416869861,-0.866930635030522,1.41037898871299,-0.0528864066434096,1.65315082078774,-0.434611230356554,-1.26524648260417,-1.10226906980921,-3.00048596871879,2.18779467872114,-2.16647771881615,1.60173765455278,-0.128661183841918,-0.100557075430531,-1.54806908053813,3.94689416765043,0.177316591595018,1.06889402745268,0.535636891767687,-2.11110796666296,0.952987072029089,0.715014152402127,-1.42204656502469,2.30784434482876,-2.97690888197707,2.47318254993567,-2.46525947270536,0.290640837189196,-0.130910530056639,2.41906038016213,0.120030409530381,-1.48905810857219,-1.36944936767559,0.1345265240041,2.4540688676367,1.35869540518178
-0.338711814109811,-1.65114706803441,-0.24828565769822,-0.209659334719405,1.20142434201071,1.61858887360905,-1.06386642557247,0.325113381362697,-1.25714692924347,0.283606710964819,-0.617784403306908,0.0201121649411418,-2.14903658980236,-0.719917932887165,2.80543232251549,0.68931215478925,-0.0358842213754274,-0.485411283673763,-0.217847772986588,-0.216600883327321,-0.284274216163635,-0.930701273086361,0.104696104190159,2.04961183234698,2.11056064275526,0.420555926426546,3.06634834914968,-0.4600577642663,-0.916029592674336,-0.474660334223002,-0.899504924637664,1.51318495328708,-1.83258616961079,2.61876913026607,0.100345526200908,0.245219781936615,0.183418360093898,0.234256094501398,0.517511629975991,1.98497195829297,0.545546083720758,1.95382219944153,-0.27049966763398,-2.59990520905283,-0.582740337928162,2.57558105139399,-1.16944935770767,0.406787721835956,0.0319841070479954,0.950946212892782
1.03515345703816,-0.136307450381878,0.209820028239643,-2.25710263412678,-0.503641019753655,-0.464301667484368,-2.50280030050134,-1.72059922472752,-0.227539692232131,0.465075284011947,-0.908736194724634,2.26270977080774,-1.58685367314956,0.124354781847942,-1.45419185052932,2.80724636760245,2.51977637898935,0.298352697074614,0.573927781849375,-0.391711139813811,-0.254593854308279,1.20730954134059,2.08054331843457,1.1596786586769,1.7630844867411,0.683529129409684,0.999198966794193,0.323777759642326,1.3275514367941,-1.38002838197839,1.5710660563198,1.61376016266018,-0.869294077426233,-0.21098327637234,-0.756393559457619,-1.32396659872725,-2.95815743666802,1.65526803532833,-0.807517670335443,1.22981125368523,0.687912102163848,1.81931521781603,0.626673934923223,-0.251801160809014,-1.34887456328318,0.609562490588072,-1.49740670876297,-0.372410800978384,-1.60749873924987,-0.557960216488044
-0.244303338765245,-3.05239516366564,2.15822786588637,-1.04518853619395,1.21508986109063,1.1335036094537,1.12912462091874,0.674881326769101,1.04385187748733,0.798751927492796,2.53029757787267,0.275758265498793,-2.94946033778232,-0.0153552074729779,3.62450201423646,0.401779012902152,-0.25315236449908,0.989029906443769,-0.210285513128309,0.57692213676557,-0.712486610983804,1.10843747739089,1.15591206862048,1.57235717511179,0.628851750498663,0.549321459260926,1.24919849117901,-0.884401907288035,-2.53876509420192,-2.39732801087979,-1.98946901402898,-0.741119291616431,-0.732315449970944,1.15528024939428,3.16293362592793,-1.72206474316298,-1.05359748849193,-0.630594471753429,-0.0453358809326708,-2.02333308123609,0.150410884115529,1.2416843828554,2.63993488171864,-1.95709017631394,0.803655550823559,1.21257416851314,1.42703282958801,-2.11527688365962,0.0594997722577593,0.306847445878894
0.377634307948476,-0.0472424275457934,-1.24452633137118,0.291770421559408,-1.9536780490673,-0.860424013591494,0.687864610675167,-0.264772747385311,1.19766401590931,-1.295870161489,-0.411210237754633,2.33553907487168,1.55472736363616,-1.66682415981881,-0.0456310935346634,-2.22764701647372,-1.27728273844791,0.602517841653264,0.725156374000025,-1.35799271010421,-1.66535178481148,-2.48453338557663,-2.38275129410305,-1.42705369877769,0.984554401009289,1.79314537264085,-2.82551252723723,-1.1993737572929,0.607339679321732,3.88354875196395,0.351128020635692,0.942799035604059,-0.821366906819526,-1.25162766243936,-0.604296133009641,1.06582519306096,0.200442011574429,0.849382618834078,1.24762156654116,2.2340827181751,-2.53674046622871,-2.19947824334788,1.10641768033269,1.3066958298764,-0.0628851474321126,-0.434442689488035,0.918468940734464,0.960435810283437,0.719030551802335,1.05680233190479
1.08529538612909,-2.48339060435864,1.21599659660863,-1.02495228192318,-1.84858007749558,1.86174810615993,0.235995671947763,0.637395587700946,-1.81456883704436,-0.728832146946755,0.542336821667708,1.11020214190925,-3.09543083839032,0.518743222741418,-0.533267178081668,0.310737904971504,1.75491394020047,0.6136129809177,-0.187453256789882,0.0441735992628108,-0.517994679890212,-3.41579634423196,1.38950649613374,-1.1597475225328,-0.127542211502568,-0.226425668881785,0.676200937065957,-0.26774701902071,-4.46336406334298,-1.37316425764791,0.138360092338348,0.415611771098258,-1.52953342464001,-1.01641183570662,1.82407105291941,-1.34347427745217,-1.35895662484508,-0.910142955860855,-0.887076877251351,-0.815860943836114,0.464930445739307,-1.12188691754815,1.8922261437854,-2.47879691178928,-0.156124632079203,1.08008640788295,2.79748272371365,-2.46920299459621,-0.715420894978795,1.35341561510059
0.708853602940751,1.11545353811913,0.413023553331057,2.00927637212481,-0.632362400880567,-0.29711844485528,-0.077762385256559,0.513949236048017,-0.687243535149497,-0.0306833382008785,0.952176271255097,-0.297436084815567,1.03440812082823,-0.823998691431802,1.09473763701183,-1.92438878512083,0.747712210552348,-2.16168342233659,1.36691327524639,0.408731098709546,0.352816882351802,-0.252650252808673,2.22875158157682,-3.42760773787884,0.769291800559006,-1.49709835816367,-3.12115337851166,0.171599939132673,2.10718424129234,0.906403721247169,0.238529344067331,-2.32822374344199,2.89143596427865,0.856762401196473,-0.81413781052243,2.85570774289228,2.37794959425454,-0.342944160872089,-1.70557349981022,0.129411855821583,1.52080555738768,1.51513469013056,-1.12615187247762,-0.363452371368178,0.776464449382893,-2.2091784547123,-2.11633530737436,-1.30133308254795,-0.43793729057088,-0.0614319653039477
-0.912888591815183,-0.478110097947838,-1.65179763424078,0.662671330033072,-1.1431333730222,1.45907381991161,3.42388913945974,-0.0222435619355833,0.731802225030024,1.12715139656695,-0.965167242113709,-0.190376827662537,0.294433926523224,-2.0031371288444,0.188873357226692,-0.673098756153944,0.760737000919469,-0.734169330690913,-1.63616016982742,0.877578326870189,-0.348106320794019,-1.16459670082993,-2.78227637632511,2.20207276299747,0.0791928916861043,-0.773836206935725,-2.1980447430783,-2.02518394414412,-1.7329363388528,4.69564087611635,-0.869201080997094,0.751871610108498,-2.59163883947463,-1.48360579371345,0.77188043945188,-0.118435348036673,-0.488498581566965,0.940205423592916,-1.16961637688812,1.67610773499083,-1.52765752110768,-1.91133697684528,-0.222063668445474,-0.619603006546858,0.819615963155406,-0.918539980747963,1.66772913121794,0.608726860717639,-2.29196582728184,-0.0532821411597578
-0.519872428968824,-0.108548034438479,-0.22333406661974,2.02805726588385,0.0790553098094823,0.699808075472746,-0.572475683040155,0.586529596900717,-1.05002978643098,-0.0105018867928149,0.248636993828859,-0.258779736730884,-0.491789479825022,0.323854453433155,-1.6095646241582,0.00672747604807205,1.82483229661684,-0.725784077159568,-0.493214829701789,-2.13495202209101,1.41296646605371,0.344964535569429,1.84674480331869,3.07182923460122,-0.927340808233109,0.798196176619664,2.19390184808499,0.666475453801405,-0.139975925629124,-1.63471618100032,-1.89602437737231,0.338440368835731,-1.83594124750539,-0.678224769117157,0.419981428773619,-1.43395699267729,-1.87403983587154,0.127343326819774,1.0523347024974,-1.58720369197602,0.773263010643973,3.28212592301175,0.690823456743978,-0.812770968019971,-1.35164335291729,-0.301119717669533,-2.03632862510245,0.17857660180434,0.697941253090112,-0.178686912069734
0.77370613780048,-0.184561801339413,-1.39708577046385,1.03078746918487,0.36142929516193,0.492265065139239,1.26398586552022,-0.457016970165705,1.48672377251757,-0.883070512700833,-0.263601861369425,-1.15005633852239,3.17179378056144,-0.32102939198735,1.85110488196156,-2.02913341854707,-2.13118875487945,-0.275596696866377,-0.313869213135912,-0.0710704915734217,1.21743147170822,-0.893310526769782,-1.94964980891974,0.756423569836278,-3.83734509869225,0.845754058677301,-2.37758426836692,-0.448291825089853,-0.749108418264656,2.64558093475459,0.690826888393445,-0.944167134585196,-0.579001322722459,-2.51161714698945,-0.545531866956736,3.47580220333206,-0.265044530380101,1.44805771536026,-1.77870890353429,1.16544355304161,-0.320538706137104,-0.646182215425008,-0.736579306439611,2.19535278312882,-1.51574700618328,0.628962415231307,0.524335544869394,-0.355565790678388,0.353390419375879,0.291900505642644
-0.351521903510614,1.63746375122608,0.192744030700456,-0.442490582902609,1.84532021184113,-0.395145098476567,-0.703379476316632,0.0556571667671093,0.920006981439296,2.06196506285141,-1.51423069340838,0.0650540403952877,-0.604592391015894,0.342272101550104,-0.816340578243014,2.23382152413565,-1.21621470916483,0.21487213958671,1.67497116374055,1.40472424745888,-0.184982824863845,1.42730326626071,-0.000825303326838153,-1.17373045319984,1.03465044282836,0.865588379926261,0.100762325140503,0.281644145844709,2.70895377401781,0.408349695657341,-2.26918443406414,-0.422866301024912,-0.845218511385813,-0.831343704035928,-1.41523864762591,0.301298687006643,0.203455962468141,-0.58944059504233,2.46199373590374,1.05234062354621,0.476954527889336,1.2585081319593,-0.552754692926049,2.02842078939835,0.709487322373907,-0.398883453960404,1.30803431026593,1.58138180847988,0.670087506822412,-0.467267237046503
-1.62821321303428,2.25546134475782,0.0718769783346227,-1.84984220493166,0.992050084761559,-1.36107772077308,0.244120827732751,-0.25285386446204,-1.33658187840193,-0.372088089825598,-1.07248004382535,-0.402694188988477,0.778898519128831,0.423081137822149,-0.182874249346884,0.515068795836451,0.515097924971878,-0.662247033473234,-2.15094532463621,-0.492682654859561,0.195854809957409,-0.34221016344393,1.43684217340882,0.117555323333658,2.037172837168,2.19275035446724,0.218416761418643,0.253213468304166,3.82243160191829,-1.72948776486459,1.29529715091611,-0.444823942813507,-1.04955079371108,-0.0968367839002687,-1.79568523516791,-0.856322023935532,-1.16440810259284,1.38214426861603,2.87020281055275,2.34783945430647,-1.6152517892955,-0.321648949617252,-1.88788650119662,0.34060672601408,0.550737625482439,-0.447825671639769,1.04595368368906,0.794773989269901,-1.30684619087855,-2.09140205523456
-1.42094700747208,2.41563174440565,-0.514304750216396,0.523842500107925,1.54681940463081,-2.15289228301542,-2.55360172635319,3.04291873532863,0.136282415932667,-0.250068689526061,1.46888222043846,2.14620813164834,2.99030505060596,-1.85694435542372,1.7692744444819,0.627676144838522,-0.110638829286595,1.14263947817391,-0.704741650618945,-0.769220898441857,-2.12595329429374,-0.0323906114925377,-0.299414837828778,1.12027688197585,0.337019812058467,-2.9119383830228,0.309174523773559,-0.794179127269263,0.156925017574514,2.56600244296496,1.8960865057083,4.75881648422212,0.202506077499248,-0.0575753368902667,0.602221069302161,3.23517676039863,2.04431953678137,1.46823196683155,-0.574605437800136,2.40374924475002,-0.166595690416011,-1.38192514890388,-0.487059723851943,2.54494641760572,0.598003703202294,1.58077754362059,-2.38660380327598,2.14484829259986,4.83575404035053,0.943767701289198
1.42563714215869,0.254195110376456,-0.493138988310927,0.449937956807506,-0.502113847738836,0.148721214148969,1.3969141975237,-0.238731627189746,2.37043809557784,-1.38460682054063,0.40854664875429,1.74279107742749,-3.61993456910102,-0.153958225910071,-0.00655419382494114,0.847858749910094,-2.32673474837815,1.45691160729339,0.498811414181562,-1.01566784510972,-0.781823161854832,-0.783821628498091,1.44948156882052,0.0848198003532314,0.433651899955789,-0.364989299804595,-0.61870988744904,0.308008948507026,-2.12963695337258,1.00647984260944,0.724196693967086,-0.101171768729697,0.111979119913592,-0.184405946309457,1.90590772414812,-0.784810061844775,-1.59568938721085,-1.88812476694354,-0.556061547434619,-0.558149697187317,-0.703471348089856,-0.18720249945185,1.82567076838546,-1.32127964649426,0.870445820113247,1.80638767146198,0.683550021406771,-1.58234006576294,-0.388647802578282,1.56071301670141
0.767057017957167,1.92204165296864,0.176145193004387,-1.7057224515817,1.6983861817389,-1.14674769095734,1.42518989588866,-0.915931935706636,-0.397250584542033,1.55788427794866,-1.39177220102847,-1.39994663845266,-0.946411389306399,0.696834904265598,-1.08408924233554,1.44529308197342,-2.20502179700318,1.1669377256638,-0.349818534781531,-0.337449963377334,-0.76221511645456,0.811319195269534,0.33496555604635,-0.58118155315321,0.52801151199913,-0.492243087199834,1.75503642924,0.173639967796636,2.67095387718555,-2.63193117700496,2.17997495315355,2.33309097834854,-1.60501325635127,1.39861388070053,-2.21983725955842,0.76603993820496,0.296040606811308,0.39799199110118,1.47134566670977,1.42036746410615,-1.11381073587785,0.158808004282408,-0.373542717868757,1.16636815738101,0.0144867991188302,-1.64534674853366,0.463334023232389,1.09988357966012,-0.430599188131927,-0.0211782354823586
0.719630595427956,2.2089892027936,0.666001271547949,-1.4971797011319,0.346791258438434,1.44631107120322,1.16060204411424,0.805225500785469,-2.97119084578852,1.5670018912762,-1.48741099054899,-1.15091089101199,-1.04940237878359,1.51967550993747,0.00241626657603352,0.106626096503189,-0.950165960202876,-0.781066854798164,1.36611740376172,1.42783041033609,-0.379780900245957,-0.354801052693108,0.0941532321892307,-0.385998760355381,-0.382957517972595,-1.26677070451118,1.0619400990256,0.200120626945256,2.77132765374532,-0.749601774475964,-2.00662351164678,-0.741423898933089,1.70204164562649,-1.73730368027322,-3.41627426201893,2.24854958892424,1.88274486554326,0.713208459751596,0.358560611069112,0.792225941123942,2.29194237691561,-0.418190309840569,0.00815603360799964,2.93152790598046,1.26129712145525,-0.553856737204342,2.04743519148931,1.03944546409156,-0.592914058565787,-0.280232243265445
1.17845693387002,-1.58343202099906,0.0621886501999805,0.178284194883656,-2.35237759208714,2.04566515684493,0.388426230259151,0.444994127080649,2.31640379071536,0.655571889645744,-0.587618447790556,-0.231097061690665,-1.96800143147203,0.698615522656281,1.07096265185631,-0.73929990870743,-0.446852697405128,1.45452093178787,-1.58197725051885,-0.667337351347102,-0.983703432319488,-2.45551839220026,-0.164382420742564,0.425369243819925,1.1430539085559,0.104270038478216,-1.47832270359498,-1.35259865197364,-1.43110578983711,-0.0898679632574284,1.14684088062718,0.702513738644385,-0.0612393098704219,0.576777837119129,2.03622552626531,0.426333662541169,0.442354005521469,-0.56631462529328,-0.534816823171586,-1.02230324042347,-0.852581007044411,-1.65473817152846,0.33139909683483,-1.69533969375215,-0.644105846507782,3.25199476419786,1.40883448222815,-2.30124246687968,-0.25233313404449,1.30723242099857
-0.328671749879872,0.0685518631827151,0.39337644041591,-1.00771304437881,-0.337984266771044,-0.998460428673221,0.987687004642425,0.872412325516864,1.80931931887139,-0.820284177385226,1.38857103564917,-0.247773581799579,3.20869392085116,-0.606114492883248,-1.71545449522733,-0.561619651618968,-1.40986323635473,-1.58841862952578,-0.71829145721815,-1.05033330795029,-2.82492245906411,-0.649489128267438,-1.95897493260029,0.345163020032367,-0.318320162539747,1.85724705865376,0.54130754242311,0.0109057338040533,-1.11617868326099,5.22011639827598,0.386858638933851,2.84933718111481,0.812687834674292,2.7127969320806e-05,2.01123489930413,1.32942374323624,0.178728581115453,1.28099701747502,-4.52344832813031,1.82850267080823,0.0365387791716087,-0.65408672244695,-1.48497853279627,1.0064772391367,-1.73481318471813,-1.64389737845444,-0.713027465921359,0.369492151757469,2.97430098845799,0.665855458148161
-0.221863435270398,0.634834320456118,1.81273207643223,0.286291815583742,-1.56302394436192,1.05749845395642,-0.0909634238157155,0.135143525926735,0.161384244678575,-0.872191044348826,1.42689906571833,0.183485529794749,-0.732630596438115,-0.419712604662754,0.359813381324916,-0.754131290496855,0.420527619440416,0.717067202210464,-0.455830391408585,-0.657314637147356,1.02629492315346,-1.73465862576599,1.46003565272376,0.832717133093544,-1.0984205623605,-2.07623423920061,-0.26379190233012,1.9497307181351,-2.236495063287,-0.260323667185743,-1.28011112276493,-0.0760793144637021,-2.84441659860454,-1.12787338307955,-0.297284921333388,-2.52692105594793,-0.0949085866144515,-2.12259940988985,0.955629332334636,-0.633380968082852,-0.0162705046992963,-1.71164004598057,0.421825144031432,-2.05535155907785,0.445057185635168,1.69597862986071,1.01735199590156,-1.8588764251459,-1.23249133311663,2.41345627420112
1.42952717946347,3.64968769062817,-1.95891841511413,0.958461929794935,0.991775099439668,-0.888474058894721,-0.139767319041142,-0.170277143242018,-2.05096824070148,2.31941007072406,-0.830478290708961,-0.467754927800425,-0.91179028980929,0.525416142259935,-1.2861344351787,-0.649291008488877,-0.641264471371779,-0.694291782288805,0.30388948657459,1.27194383527236,-0.0269028195756417,-0.0133854489431834,0.0209743888139628,-2.63217493064749,-0.959903290360888,0.0579870244900902,-1.57321323007779,0.546232411388856,1.92965860714527,-2.64733288654922,-1.80685113380513,1.17631554450497,0.982056665046211,-0.778570599511639,0.00618736967913884,0.846198101536904,2.61047494209834,-0.168749181789668,0.71134379973743,0.857772000484937,2.33146393140097,0.574994828819704,-0.125602581173508,-0.502578946591086,1.60708114972877,-2.06320715912712,0.372111608500438,3.01087973455664,-2.08846608459511,0.639859542763147
0.619647242441956,-1.26689150617605,-2.66747831070057,2.13632346457524,-2.24008015820696,2.21830981474328,1.52586306895068,-2.3621472886927,0.986161100281912,0.0799656074975731,0.51012950951165,0.760156850476923,-1.3158963851147,1.12403154019028,2.29475074471397,-1.78168740464037,-0.658579056910883,-0.198021079658057,-0.928804602632955,-1.27273276235816,-0.615701714173825,-1.59199727381931,3.88129662303983,0.915344612655638,0.158613944519606,-1.63600326429671,-0.82519102250057,-1.08992079398025,0.671154936757569,1.29487476274073,1.06108979213847,-1.73646595893138,-1.34572254984789,0.770500599179838,0.84224876822617,-1.07830857996229,-0.0331328506749857,-1.29210729513241,-0.742409664494019,-0.80538629614767,-0.775382591263739,-1.4841135172019,0.916571353297777,-1.47154845151647,-1.14596091246157,0.208462104438953,2.61943867949636,-0.0561819936227774,-3.23921365244458,0.410290765300051
-0.00141341475642681,0.107785346291939,-1.24804015115152,1.63104478187593,-0.0563001846177636,-0.307858054682325,-0.128278519998443,-1.25761458175353,-1.62864802039216,-1.38003666767775,1.35109292097476,-2.31021270730317,-0.734522512055904,1.42747078386678,1.47632357279756,-0.88944805837302,0.466888591274596,-2.34597783986952,3.40018584590875,2.87945892450952,0.903498273143952,1.70934520974673,1.00127602017407,-3.02630205518268,-0.0681715621340063,-0.533224798320187,-2.87934959666976,-0.346934688268859,1.2655124617109,-0.747805580889238,-0.551670879508966,0.159254328182491,3.72164567820979,-2.59682664687899,-0.511515776958561,1.54544638348782,1.48205916681032,-0.930234882791431,-0.259419757912924,-0.211159648392563,-0.158640810666776,-0.0909830662672061,1.14349347249685,0.61987112796546,-1.00241917123882,-0.731066573950694,-1.72174078829094,1.96574849985332,-2.0900172720359,0.0514446439169819
-0.967397810578486,-1.55005574205196,-3.25292717707789,2.9651846433489,1.0583339866342,-1.85938296478714,-0.830675378067899,0.323195196159706,-0.220404700809832,-0.378198540623388,3.04341645479474,-0.928431111522579,1.3669511619783,-0.600439270233772,-0.114292555301102,-0.744635626623827,2.76539160033139,-3.25570798055291,1.23628614911585,1.57499822173316,1.25232901868207,1.68940319675954,-0.705046097927439,-1.8287907114386,-1.6210170650885,-0.118082158765275,-0.533379466433665,-0.114742753824782,0.349476340256056,2.30712069743354,-0.182976464439106,-0.737427813707303,2.00417882384053,1.73346054249838,1.43616375646946,2.36585025764031,2.85344673479071,0.547007006722482,-1.43177977552139,-1.97829275335575,3.15378200703794,0.858992470722998,-2.1130156554515,1.29009861029357,-1.89443816796718,-0.536368906040311,-4.30854714313475,1.75712128115787,-0.174029061423264,-3.01763751740796
-1.64386072403318,0.513152035883582,-2.05243648132942,1.04392517211683,0.673464782281036,-0.0813490178206965,-1.99537542393186,1.88440064788454,-0.74522885892775,-1.71201532352747,1.11763306613278,-0.629603640417922,2.05105350751771,-0.73262526086749,0.463648959694184,2.59137759394779,4.18840313708326,-0.668945305366517,3.89050337053195,0.108761805289225,0.367246472862732,0.357091615132264,-0.295126122012951,-3.71905128293506,-0.241291578710658,0.814170758201693,0.38233762163885,-1.22680282327134,-1.01668979376673,-0.360855730740254,-1.49857182860263,-1.51867476256048,3.33127787849703,0.204538682970253,1.62666239351023,1.72295033807776,2.39575865976584,0.888332858456465,-1.1873809734058,-1.91836059446664,1.7800768835918,0.131472646610978,-1.87580629385533,0.419303839660489,-0.614293581661941,-1.85747816952999,-3.53078252035571,-0.596010633552214,-0.659486365424187,-2.53165447032923
-1.96673772037796,-2.23297790572743,0.367686768868305,-0.942533235757908,1.50740946592711,0.701941136191051,0.694241410166038,0.825552873618892,0.44542080576808,-0.775494215499926,0.688797659470375,0.446450588158246,-1.2727534234549,-1.28374773289173,1.09936495059501,-0.175311713317822,1.43212874513352,1.40203173598183,-0.433019144388539,-1.56172890688933,-0.396199209542052,-0.025161428287878,2.2575145188579,1.24680298495781,2.09639766097268,-0.366224027289632,0.815433782596812,1.03006022785174,-2.53434044013817,-1.63933657181817,2.86300262494344,1.08141092483704,-0.961538212025295,0.270938933999469,0.475845150026267,0.0289133140339362,-2.0021638384797,1.31512779968231,0.859071285878333,0.369768371076973,-0.963892467776093,0.56331876498074,0.803387471512527,-1.74764223110122,0.093036909172754,0.301164856724556,0.295890561818535,-1.12479168345349,-0.335846336440658,0.500123825223601
-1.72265787106318,-2.2583111754726,0.300534070937076,1.2762901448162,-0.7676541417059,1.06164717907508,2.07363749716385,0.100266245117111,0.740286882553488,-1.7508726139739,-0.834918348819294,1.24600852444334,-1.49203252536768,0.679184174307187,1.20977686808388,0.350853009728373,0.0910207516103713,0.676806898430345,-2.37930552405847,-1.29949970732927,0.0681428636701092,-1.33080768806755,-0.022867331934951,0.230175756892772,0.341288844802766,1.41856684352628,-0.501762063604203,-0.164609819356594,-0.105342415846472,0.00469019733713055,0.598984919380314,-1.73578871051343,-0.925025426961389,-0.629976911414892,0.876708536762435,-1.10358505455846,0.667211961453284,-2.53061563727081,0.348042405205758,-0.60866664933342,1.26381003447216,-1.88387787483212,0.515468069146106,-1.01129202435449,-0.0104556378049673,1.30537953422223,1.39781816204248,-1.95539866943957,0.618630973983778,0.771348553316424
0.598542524568998,-0.848247409024601,0.6285421724413,-0.786404474895494,1.41836763930293,-1.52195526175492,-0.173049896135837,0.259310847058488,-1.13139516460773,-1.48398656267146,0.058936613425045,-0.431893431357148,0.796236393612315,-0.530788230128528,-1.62357795168077,-0.0992824248115425,-0.227367167059884,-1.05417627284838,-1.01454144016201,0.563895304488192,0.288198031201118,0.448039206230318,1.5686305016634,1.99997718844902,-0.693130171542655,-1.30816704593005,0.368314847579123,0.616445858824708,0.863719793906025,-0.513302496478172,0.63473052333791,0.276158499352496,-2.64633767965845,2.20933713608839,-1.33267732212907,-0.921546668910506,-0.84371096261088,1.07982516087594,-0.502113549504626,1.65888858743595,0.600034939837335,3.54125263662127,-1.86225455166834,-1.53205255543745,-0.716544326288633,-0.0845622306368473,-1.61423582679142,1.56333776043057,-0.6929299205657,-3.39900188655861
0.778804059523,-2.31507756408022,-1.16997461786962,-0.756654552548615,-3.02274350045067,-0.221596871271289,3.00752533338801,1.99851701640921,1.46392476053617,1.27302853999279,-0.591571836053066,2.25403457122513,-0.0888242706883858,-0.543717818891589,0.159355051707322,-0.978515833365218,-1.31959836696201,0.845225811586857,-1.33003791289915,-0.0818681040686969,1.10945319770708,-0.952925650992811,-2.58736254517804,1.35622620402676,0.280601394601207,2.62706070081467,-2.1484154929155,-0.202541176982157,-0.565306128226401,3.60434397681573,-0.708475210550422,1.56564976460993,1.06628740764429,-0.962207435545495,-0.151068872097117,-0.468425062069115,-0.336157795017939,-0.853140095356317,-0.99270966216338,2.00619539849805,-2.00356721471463,-0.847076938310066,-0.114128330744796,0.371866988924782,0.99318269003411,-0.531069705401233,1.32078416986136,-0.965564555479535,0.468380780206739,0.0637934098914637
-1.60721027400027,3.08963877353779,-0.675874805429897,3.83963518005434,-0.026718816325862,-2.05250941515046,-1.17735152326652,0.470421923611541,0.439602337992836,-0.863106668763718,1.02893147714204,-1.43763579853051,1.61861904130644,-0.619759787927348,-0.16465263191185,-0.298727286200705,0.763283526491085,-0.112473166869362,3.00553014241417,1.83158048989278,-0.775498753667673,-0.0287379520930322,0.815760447882988,-1.7343553915986,-1.61267867452577,-2.34611236604039,-3.33357515986608,1.19704431311662,-0.596634551130687,-0.0509299150030984,-0.774310686686569,-1.82853235843266,2.95979859424964,-0.0878223336080964,-2.95301564698894,1.35214262679803,1.39781018539758,-1.01724592772513,0.0947227625250135,-1.9339292900257,1.69621018002914,1.32824507246505,-1.40814519006475,0.744464631234085,-0.156762574744819,-0.6963275819378,-3.06931924178323,1.07558666702234,0.297253420240305,-0.949733633866945
-1.68987997298534,0.37692058719623,-0.936522069964713,-0.146586173657461,1.71904634330313,-3.39049937871414,-1.00439201833605,5.28491512589469,1.92948877418749,-0.701168955161386,4.67597776887618,-0.842594387270019,1.68150365240331,-0.938527982418872,0.102469279878317,3.02401610683658,2.59622767546494,-1.15863315844491,0.295462333700674,-0.656494535154056,-0.293577482132406,3.20795588420635,-1.17524441198869,-3.27033343442772,0.615807619934255,0.79920318787591,-0.543247944817912,-1.92831483100901,-0.454346473224525,3.50945762648677,-0.729642237694593,-1.70978394061142,2.44888603211158,1.31228537197481,1.13210043511384,1.15350131790462,2.6513435224494,0.203858369046891,0.671340689962275,-3.12067261137439,2.33888622899136,3.39561214310573,-3.28089021497677,0.221507470730684,0.768053572980148,0.875210263418771,-4.91820337335513,-0.108968267395461,-1.20224615706508,-2.26935214453047
2.83001238790388,0.771642565437309,-0.692448791402518,0.397083793308492,0.0227745405476116,0.536481317447955,-0.67015210027765,-1.42725663471539,-2.17687780376139,-0.0420642612546457,1.03674803811245,-0.102438853998589,-0.499713951174486,-0.991753027776047,0.305382922947543,1.34291591269801,2.81591468353442,-2.5518215981183,1.66799139964721,2.26597870821991,0.0622696637496859,-0.388895919952175,1.11510782040789,-0.491229114283506,-0.773097806984042,-1.08496282846789,-1.64406931451873,0.866210147791908,1.09217085052304,-2.37849077569471,-1.26881679049816,-1.9120722145211,3.2810127701492,-0.525377205030543,-0.57286656310251,1.09712604294241,2.15779014533631,-0.292050546480084,-0.257280367290786,-2.86765064175449,1.23324095568252,-1.74289728859715,-1.17928520914777,0.85535728036662,0.296842799595213,0.00319409239434438,-2.49304438502763,-0.125992647579212,1.33014262290252,-1.67103555929092
-1.32878983907438,-1.8707239844462,2.81662450442927,-1.8895985018331,-0.248063125530159,1.75927989748723,-0.0532731268565378,0.593488193074963,1.20815169026648,-0.0879157337906177,1.398984415207,-2.35432224593435,-0.0579873246037451,-0.937685019584633,-1.2094988370604,0.837420913907359,1.73144884449638,1.11484247509347,-0.556583365008677,-1.97168636208061,-1.06110134398977,1.0132164279272,0.111152858601067,-0.340492746166327,0.715844469616074,0.271484277487305,1.60680299417315,-0.504745183735691,-0.32839315060557,-0.0556085777614677,-0.0466385463977632,0.485913598656083,-1.77272981729362,-0.933936395298794,0.262657380937459,-0.163396165620849,-0.127466223488928,1.22610675253848,-0.687272339896741,0.752527212469813,-0.562641740625054,2.26293433217562,2.33803269225482,-0.0272416485160365,-1.25375864818922,0.123892597701533,0.317190505851627,0.268223931244299,1.92781794625389,0.619788803060575
0.612879895418893,2.35104348736816,-0.0465762785208441,-0.0276426031832298,1.61654631123868,-0.576821790966313,1.43968032207667,-0.879234492261349,-1.39452953489958,0.746653021285338,-0.896586501027469,-1.04473299774532,1.43118091827308,-0.681161002633537,-1.04372257585472,-0.172955909595396,-1.01219180773307,-0.0704604824131816,-0.147124779779717,0.897098183482761,0.0404399311399506,-0.23515024905139,1.91784851191753,0.265772251560807,-0.671256696546595,1.39136761119195,0.663652648185297,-1.59291224299198,3.61152612030474,-2.76467379567805,-1.22107636570412,0.863667749059147,-0.243110301249018,1.28879133475273,-2.57045451472878,1.48994988497521,0.605559337968406,-2.21458919747002,0.146363362434623,0.595551406927888,1.80596135065329,-1.15674726352003,-1.08843081974163,2.12229502586823,3.22843822023503,-0.947106088478231,-0.175622032736784,0.27326617961159,-0.788841345313208,-1.63243995032874
1.05986511666955,0.910249821685447,-0.520570122073199,-0.353764789548427,-0.594418746758231,-0.395266287496943,0.2903550355497,0.805122342300572,-0.525682825151997,0.826262518455195,-0.751881797409107,-0.273523512182824,0.158410303226991,-0.106407732803044,-1.15691486371387,0.337327000377499,-2.24010963474978,-0.158181393774885,0.271134895948691,1.57662222492431,1.59077433688958,1.16940498270801,0.191537138294014,-2.24774695239559,1.64033227388597,-0.635834898998163,2.34326231820077,1.00252898473678,2.61099193105852,-1.07272298535979,-0.335742133717865,1.81104168021888,1.06982540145049,-0.315697202985819,-0.846534863891794,-0.607741993960368,1.40210308106693,-0.668317772616163,-0.279863755278719,-0.184799185838573,0.924255216368297,-1.51048275968529,0.349987355717967,0.45923631809007,-0.94415043345013,-2.12476349656947,0.904809850112541,0.836628820783599,-0.867433016768358,-3.12244038029735
1.68940098757045,-0.223442952107118,0.364166305411653,0.683077174593431,-0.227126852952671,0.849100302987302,0.46897186554902,0.875311755850735,1.3040810139978,1.26854310024627,0.0575507264906732,1.30341121012999,-0.71856002786459,1.36520197427899,0.360789340308511,-0.593433360002566,-0.495060914405162,0.726446225633265,-0.397705712150528,0.880917050515078,-0.69123643020342,-0.981713266834417,-0.0703859502717362,2.64828567250762,0.444145840760761,-0.749450848134293,-0.988603417980416,-1.36160366136208,-0.490719550517701,-0.902456868945145,0.0762708161013405,-0.466461760680551,0.0981728363517193,1.80795900290729,1.52110989834942,-2.61154682283361,0.138537255366556,-0.776853351392558,-1.30875521593398,-2.29733835304157,-1.51288068637145,0.430979222378971,0.256122850851762,-0.975936312429677,0.24753161967132,-0.0226277603252649,0.17084629569818,0.333553762234359,-1.1845467013499,0.368980026908329
0.295587888216756,1.15387724025978,-1.32873093138628,-1.01295740000882,2.4237485512333,-3.10835738740952,1.17139189946668,1.2439626687889,-0.208005699607708,0.561775051802675,-3.54179610605222,-0.78849200439709,0.509496439477634,1.78523564478426,-0.455003466286827,0.119593609606441,-2.64655171707369,-1.20310927085209,0.121017279328641,0.127809804198318,0.325878313748407,-0.116734368674514,-0.289453770798085,-0.061419686497025,0.0840578715754343,2.36829219458767,2.6571318709299,0.581027243032028,1.34754373916711,0.335202126772594,-2.28049955366123,0.227456341490369,-0.00857396874648454,-0.729957841666838,-2.88999028841191,-0.440991987064948,-0.358206909289578,0.432593765891893,1.97246469585089,0.451951781917128,-3.02150629260022,0.959162596325483,-0.975153305309583,0.84699166016384,-0.638313647955971,-0.438484934370609,-0.0391287687426849,2.29827655423788,-1.69643679166438,-1.76145280939748
-0.0651151543240067,-1.69835360366768,2.32584995760538,0.620977808769703,0.976828556428758,1.87059090173999,-0.804570441261998,-0.154055184045331,-1.09699897682139,1.26190821797369,0.832295055535743,-0.0968046522565938,-2.60193671748199,0.0140185702957881,0.632696848796131,-0.756424456057386,0.652987790032732,1.1272364389149,-0.0941056343637569,-1.57362061775253,-0.104761071964182,2.04719311767366,-0.442925255535904,1.40067417966416,0.0606391495793203,-0.410129702060457,1.08996102999224,-1.13893696900894,-3.84173085994286,-2.43532098851725,0.189993317575342,0.465843536897071,-3.07765470721051,1.50966361185698,1.77424921984219,-2.71850748247694,-2.72467747760067,-1.86301150569124,-2.34949145319833,-1.58487562230319,-0.27360710552682,0.110043068062611,2.07260153522943,-1.68449216441215,-0.780313745437705,1.72985678730354,0.459673858993872,-1.85577919787393,1.14422850242576,1.16561081946545
-0.527560796180282,1.2858534318498,-0.0518234086544542,1.12721574616214,1.10672801324405,-0.882875423081338,0.0594277900798076,-2.02202919028189,-0.850567087542689,0.0487838625585855,-2.33042756101428,0.143088873324994,-0.526204104844958,0.452083906869536,1.18420430297271,-0.648181405797934,-2.38676859296876,-2.84575963675488,1.27984020753377,1.96798037411056,0.16544493001071,-0.401464719106598,1.22835339270296,0.419947337152412,-0.030615577368973,0.100233332917414,0.321808600219121,-0.958307679832948,1.22608008886056,-1.15248370213832,0.681315392537226,1.18965413306481,0.00502890424203927,-1.58618577399736,-2.15426160142785,-0.896634413954449,-0.671670272630442,0.124398464049019,-0.782737455194954,-0.611703376705619,-0.38496677175335,0.321660401152528,0.237123417171105,0.749980278756394,-0.176585729209969,-2.12249956848231,-0.100451844722668,0.231113681615147,-0.92370272233945,-2.06710218466933
0.339785500359304,-1.97468358669951,0.546077444710658,-0.314865853698012,1.4910826810149,2.87338467637725,-1.06072530762373,0.703854943461345,0.334834651393641,0.386832267868913,0.719088948866415,1.84654752461262,-2.1637972197923,1.13958591219123,2.43763552358685,2.20659674546052,1.05701577693841,-0.883051879019503,-2.22257412272946,-0.369352361803924,0.307239768873738,0.539865110923674,2.24400951887647,0.462211093072944,1.16524127855634,-0.797510182199764,0.608570245435616,-0.552404750238831,-1.74357533910231,-2.80336011508709,1.00639157872722,-1.02957014703002,-0.885387303942641,-0.562178459231117,1.18420429589027,-0.291600824032366,0.0282901459414561,-0.952216480941812,-2.74076152620866,-1.17257455849912,-2.72693979703327,1.66430585597374,1.05915677309039,-0.966890612612463,-0.768430706708836,2.45646896936739,2.46540659733992,1.15347991178209,1.3781407595485,1.16029124579682
1.30338670468987,-0.423857568474226,1.60571821458518,-0.398022660451923,-0.692011712834834,-0.105051418664069,0.215275991793677,-1.78156707759895,0.681997183516333,0.507504621922862,-1.1100063601391,-0.88572609207165,0.730639702362264,-0.393917165074034,-2.94380953280856,1.35456338117635,-0.797023477742412,1.23592301313913,0.877199967548647,-0.234067697706488,-0.618862193759625,0.614417983904312,1.71567542832624,-0.958184954219593,2.54176953736741,0.50760598222717,1.70962432768243,0.94278403414081,0.884712082966358,-1.14571763254587,-0.29196132583905,0.1667950438605,-0.246465426881834,-0.349001328306356,-1.40033769942062,0.183078706868409,-1.37492271833234,3.24913274250535,1.55359775439579,-1.13236687291898,-1.42117196710288,2.16394469996586,-1.03419708443732,1.5811936562028,0.749321140265686,-1.47279804497394,0.283737966001215,1.89402674385844,-0.324740438710557,-0.656492956316252
0.806900669525272,1.0614014687419,-0.155106709907986,0.0743412144477289,-1.57060152110563,-0.495777093388658,0.633754109235004,-0.890642056805453,0.311058028044257,0.265527368128111,-0.888800740816083,0.907104402195989,-0.705431344736573,1.13815221267317,-3.10469415541457,1.18161322034259,-2.1334494112445,0.699337990639211,1.34113870141962,-0.0369607613248819,-0.332637368687965,1.21767408974959,0.0153122650314147,1.62126410291751,2.07665644682986,-0.846564373561738,1.0484933461244,-0.311230688642421,1.65477379212858,-2.22699525104412,-0.69806714151066,1.36435964598517,0.11500262867905,-0.713834836040679,-0.548014876550051,0.0438137789537567,-1.22562908476776,-0.171955598046841,1.83127466437735,-1.61754874308624,-0.129004913344169,1.61048338333474,-0.0269530056854325,-0.156700064136398,0.109673379150118,-0.693137114381122,0.628892303998625,0.502635508286964,0.460239125110645,-1.92453131413652
1.28914342946035,-0.0972883717645215,2.44389807574863,-0.940275496220926,1.85107201578974,-0.712441267641618,-1.37424819383762,-1.24405638492848,1.42167517331105,-2.08280495463183,-0.201604772268996,0.0813112256147655,-0.332501777242525,0.763700353251913,-1.24604041432191,-0.329105235652453,-0.375195989711349,-0.0295579311055371,-0.276723546862461,-0.261670157093431,0.427452357805674,0.416199859243189,0.67833809989592,1.1789732964392,0.345816994252357,-0.984700603088051,1.40333004835709,0.0951283631041298,1.79652986113446,-1.87400020064787,0.941107991281582,-0.0681959411624918,-2.41466807478053,1.15102976109511,-0.18847192572936,-1.66304906648192,-0.657972485653266,0.325894953784922,-0.132380889924264,0.693521917552442,-0.0424540124222355,1.07495121024403,0.456632013028701,-0.590934645403688,0.607868953626875,0.144362452120314,-0.0646813676244955,0.0944071930258185,1.69812966110618,-0.661453015868198
0.978756972709267,-2.69870698042466,0.739369455244615,-0.139863844391313,0.0276919903680437,1.07628582689627,-2.42653938840927,-1.34104637951195,0.871571538676084,-0.0696660556541251,-0.531757876429255,-0.481579965422424,-0.77002279432311,0.0965465254506844,2.63110887051884,-0.57470835146613,0.440731393529,-0.254799569098958,-0.56472101064124,-0.2766777648607,-0.474422062052292,1.21507128685709,2.31839309334194,1.57622068256734,-0.914894159753414,-1.5722288818192,0.980314561983621,-0.239572704025053,-0.861396203989064,-1.33248034685993,1.61225700520178,1.48060274190698,-2.66232021239467,0.915351840482539,0.646675984784293,-0.878631981639026,-1.03127113961194,-2.00895647929367,0.119901364817423,0.559765017294081,2.13305576497448,0.652584816633196,-0.0675344643752457,-1.85701817871139,-1.37543349438103,3.83198059656878,0.644539699009555,-1.71243097070853,-1.1983180024749,1.89458835832633
0.750144188802648,-0.344771726012827,-2.54596451294215,1.25517196435576,0.964782738388227,-1.57781367137815,0.167311425891934,4.06954408658821,0.791155735566904,-1.11925919990749,2.74691771999164,-0.896547136220541,0.972308466877389,0.356998337180979,-1.28060164573896,0.383951969487733,2.0022356875427,-1.71908011807206,1.80400885455547,-0.948344017434774,2.16923048990995,0.79703075184019,0.286437882435898,-2.55295196930868,-0.657697615905115,0.388497061435549,-1.2896527238819,-1.12421065989669,1.01723815866764,1.66127807322317,-2.07386404291943,-2.70619379526023,2.77333503501528,-0.090455837064811,0.517714011992426,2.56022816808412,2.37050714911518,-0.503770987871082,-1.02913307729071,-2.31985934921145,4.4606149080227,0.462217683006569,-2.1627589524962,0.15398454205853,0.0362292414202232,1.03273651500901,-2.56339955415116,-0.557196802296303,-0.801901118111576,-2.23329891718727
0.354089075674734,-2.18777711925056,0.957567630464153,-0.134180085068597,-1.77727488145197,0.0626256435684308,-0.0264375458575923,-0.974868238758307,0.953082825599454,-0.359316640630517,0.0526332611659161,1.73459386218867,-0.265951584874623,-1.42029817802361,-0.604759995099705,-3.07742196406449,-0.673855981406731,0.0630013317724673,0.594257994719264,-0.550833351230593,-1.55663226563335,-1.67525820125855,-0.939493932122227,-0.0871577885795666,-1.81856717612691,2.60951527094892,-1.93542924320062,-0.0366264554286707,-1.53364691658797,2.5067761729505,-0.444775282994765,-1.12202975646854,-3.20285179780289,0.262170148268141,-1.06835269389769,0.146588111046838,-0.913174955593379,0.915468972354709,-1.99574889048312,0.238863550144598,-1.44171030309175,-2.57349877238031,0.26831846990302,0.518861706164615,-1.30489261144455,-0.230330743793334,-1.28322405309,0.85833019232027,-0.906441896074106,0.602923716035942
-1.14916503613415,-0.0147091065978655,0.076602804089266,-0.352263983849334,1.39041940920384,1.65133679705931,-1.04439938938138,0.0712611311988324,0.0394388419292234,0.60110313073177,1.67580738576392,0.739026988469095,-1.46791800975193,0.0513829348429935,-0.148339169664777,0.335418755267085,1.98621525079564,0.157325087168672,-1.36330476263449,-0.812438624958618,-0.947670625438391,1.68679378451793,1.49028869109342,0.552595088775256,-0.595505154793618,-2.16346707853515,0.643459382960577,-0.907146650168265,-1.92931696949279,-1.06428856802732,1.25033404645938,0.396896170450822,-0.735717675333345,0.540637299837592,1.2995909039748,-0.197887785216909,0.393680353087653,0.598380283816309,1.68321795661282,-0.937646982525242,0.1959523809926,3.44325035085646,1.90736318462798,-0.560104800980562,0.393654157023811,1.24066507000549,0.364973375591908,-2.65893312850256,0.919353633011454,3.14986383186699
0.0545021140890077,-0.491749459080431,0.441653708495877,0.348133601927625,-1.98729863489573,0.330171541394973,3.30847832909308,-0.792949650510591,2.23875149664787,3.04843556311066,1.00125368215052,1.83983186897299,-0.317326558591692,0.22022546134156,0.279738381964049,-2.14060674706779,0.667357897848357,-0.251748874793396,-0.377636446595493,-0.145431363783704,-0.517415750803939,-2.18407909592435,-1.66790966596444,0.497873896449965,-1.52208277615183,-0.413350435341353,-0.892078331051868,1.26559253712676,0.885638152906983,1.46390627724732,1.27104466423985,0.0585616086969632,-1.77032355076987,0.130179641835555,-0.487930197133903,-3.85804845594298,1.25433072709002,-0.566722330401662,-1.1669731871637,-0.0958174738063161,-2.14179119679732,-1.60108330816245,-0.0249454290410636,-0.241789700251254,0.3473958051616,0.0840659961404153,2.51006434179384,-2.85650776185826,-1.43727219598944,0.708186230915922
0.238124284256072,0.398392567406492,-2.10629667574648,0.19722714983546,-0.650909034159078,-2.79796657270651,-2.58760745824655,2.18716618547693,1.71694600040327,0.922575949553852,2.72336509879615,0.381668502905409,1.56568264433013,-0.77599663120696,0.588708499024374,0.695914695394688,1.35820717800955,-2.75948817862245,-0.61010623593756,0.908754280517834,-0.100282371891029,0.496993448270735,-0.381307455687863,-2.91144310663646,-0.0209947917002011,1.24585538880856,-3.33656077143328,0.301577898487445,-0.632495307316258,3.222816387715,-1.97934136564398,-2.33135351297688,1.92628891174344,2.34730071588544,1.40919655758243,2.24905552008734,1.36796641104719,3.64178734808964,-0.28852122939841,-3.57366405627081,3.53165940416934,2.52886799757943,-2.65451338570767,-0.295468892306592,0.638943854852637,-1.22838271545558,-3.15533632014142,0.912191712653762,-0.830245740275398,-0.995578909884629
0.966119678804142,-0.229992703747144,-1.57946260247272,-0.075566406645676,0.39453616471486,1.05041905967811,0.341109629023693,0.384959149682492,2.38314919313374,0.745752214806953,0.535177089101646,-0.427901504794218,2.50228740169502,-2.2025212371823,0.122703678614832,-0.789256570852437,-1.3318591368899,0.733259803632293,-0.343016057454108,-2.40751521148723,1.51732767271887,-2.45857057303931,-2.20241107650058,2.14761519858499,-0.943982090679854,0.238544067107125,-3.53340703802232,-1.07959679854003,-2.54584718460929,1.45381972687799,0.314263916356233,-2.91929252356842,-0.894844543369988,-0.255947911263516,-0.833298184550883,0.518241154435412,-0.0476681900021775,0.211657021831694,-1.07540301929033,2.07825354215206,-0.00217573180491682,-0.757059653584031,0.971210901157374,0.0771999098733094,3.25180650441734,-0.963670675768116,0.636508340820321,-1.06681425888005,0.254773424384628,0.96737048271446
-0.251142350999727,-0.793981108542066,-1.68974289018456,-0.584641356544517,0.79634380318634,0.188569893335144,0.765569994826933,1.69101184349444,1.04084690427415,-0.163185941623902,1.35588733915301,-1.45954870368407,2.08922520604987,-2.59005995642239,1.04852870887899,-2.25264885874568,-1.61015938863586,-1.61648430937481,-0.973609324555326,-0.858623303751108,-0.47628194115937,-0.975813985488693,-2.39072105632986,1.02845688259297,1.71768116635194,1.11690732379978,-1.25203541785498,0.0850512601651252,-2.0401178238168,2.8278105759448,-1.39648344498044,-0.885001672853855,1.08466573107711,-1.42521395745829,1.36156017374128,1.04259322557389,0.0221739937560098,0.941779804353521,-1.43969021066482,2.94155863374954,-1.8421395739253,-0.856833649990855,0.85220496199461,0.362584368956764,-0.870652781651918,-1.94714651880994,-3.01179042129171,1.63761474813129,3.36839685219911,0.498012752664407
-0.894268197763503,1.90333128060674,-0.941822307378041,0.832493211930702,1.48729276196404,-0.16217168655807,-1.79758921428497,1.70608969365783,-0.426090370853226,-1.62439783031732,2.43693227141373,-0.278085652173073,1.29590944538943,-0.348632209179698,-0.419876530532475,-0.406106581888065,-0.796056247787699,2.48289708546366,-0.515548374661412,0.821596430559034,-3.27871386768429,-1.33069383271447,1.09969987406101,1.04265569148396,0.318351414908261,-3.89687074676459,0.87196002384262,1.45342491921586,-1.17991393301358,5.48199443221113,1.29960810047004,2.14030647600801,0.881397815139974,-0.0231449674338938,4.22532865578959,1.71500865222493,1.36000237043439,0.532656651428824,0.166089643206289,2.15208156236312,-0.869804347463893,-1.57291130964342,-0.0926168483179042,2.56240928365857,0.579737752843517,1.50453943029421,-4.37128376950007,1.0604557624502,4.66616993106352,0.352009087076556
-1.66511747888474,-1.70575353731401,1.01170417279071,0.514955556893547,-1.68020372405184,2.79435631287615,0.881015259830799,0.428045945558083,0.547824763491495,-0.615953306279916,1.02203549749175,-0.205001328117983,-0.968239494227166,-0.891054986570108,2.25170527176088,-0.419090260812308,-0.784893700811664,-1.05738363790108,0.670849714059166,-0.0864327679912466,1.52594652494865,-2.55014176006679,-2.07934511776746,0.569346589459556,1.15704527398903,-0.499682901532864,-0.984792900866474,0.0166836845624656,-1.03980394216731,0.292546577423431,1.08010100212126,0.845583819732509,-1.77581016480196,2.38371368135576,1.74592067826191,-0.711075426855032,-1.99721847716874,-2.14252699018326,0.0716348209902693,-0.188943235624201,-1.25453830096213,-2.81145312359113,1.55024486655367,-1.02312405204129,1.01958321463647,1.26492847749839,3.4771143967714,-2.64986418147629,-1.26550457109856,1.29269358073695
1.5110471636379,-1.10274929291802,-1.83381696191134,0.850266201687904,-1.6626335137097,-0.30266782374081,0.265568494795077,-0.280117848028063,1.9454932565856,0.978582023827485,0.871531913920839,0.66200767179743,-0.979410597868343,0.66629439739513,-0.775153049151235,-1.16348622506287,-1.44136151067047,-0.311036018179539,0.905059344381464,1.18952609044119,-0.12237666403744,-1.78495167792713,-1.43411363850541,1.47995637388353,-1.10926744203382,-0.204283844736916,-1.43160952531007,-0.393892587425367,-1.52191022094906,2.72545913476374,0.223965182253826,-1.98465165592476,0.891923194667296,-0.78000286007931,0.959120562763524,2.01568194848286,0.181609160329657,1.12017770041,-0.941903738834572,-0.2097008063797,-0.62037002690847,-0.714452363771263,-0.325219013630493,1.15643969775743,1.85190849252447,0.512780894889922,0.0749420816537733,-1.38370136697345,0.545073617876867,-0.0180382075785308
-1.40687647895602,0.302984850905954,2.68914925495126,-0.520033851005815,-0.483060889938091,0.895544360198025,1.14631858052566,1.97119615506487,0.00245062939963596,0.545615069357881,0.19371153886753,0.522464922380208,-3.44610783698649,1.14695814981931,2.22637655263232,0.732316111596896,0.726529185734868,1.14197366300677,-2.53239102391515,-0.526730707148827,-0.518661324684332,0.866272014290828,-0.00197319616160101,-1.01333070731349,0.819958830763159,-2.86770641857015,-0.351481231367126,-1.00870139419443,-4.21484578876586,0.613276973237712,1.21408435483276,0.691710672757206,-0.895099209649763,1.06517876700599,0.927599792909823,-2.02766630133242,0.976853012877108,-2.15693073581638,-0.793677589934673,-1.27543991344501,-0.311528825056776,-0.516051404411992,1.24126232559508,-1.01440703610987,0.390982178422873,0.91128131754361,1.37538851821837,-0.705197089996317,-0.0459075902417029,1.20071575642609
0.960032336173579,0.0611128653245476,1.33255987069428,-0.293238524852951,-0.471001269579823,-0.360757564645244,-3.03791485550425,-1.62694260979736,-0.229449567953945,-1.06238523508352,0.628485761505063,0.790816368158431,0.762872059693511,0.0268158312898132,-0.837448406683044,1.64643964620991,0.372670427584069,1.21893026694231,-0.412490233809591,0.0113406325684057,-0.437496055139254,0.362525356583365,2.18746767008261,3.05778939056409,0.895907542132599,0.219497543432544,1.41822232696726,-0.319870462639459,1.32364839402054,-2.74288577541778,1.5726222157144,-1.50839219703867,-1.67358775537373,-1.15517049495866,-0.210995959323055,-2.95408595299425,-0.63216323236822,1.52622447934411,1.87843111077753,0.540057720617986,-0.176502771640493,1.7369791979369,-0.702335398182424,1.18916563904321,1.1852178527939,1.02041178803888,0.775452878932943,0.840383382558708,-0.703175649595911,-0.914504276857158
1.83763477254342,-1.08883751038016,-1.54071723606231,0.204973397327857,-0.24733554801212,0.138173827620389,0.545762691231536,0.467170066225278,1.07208710674866,-0.222313627426617,0.348867920639713,0.822466088470568,2.28010758938179,-0.733264683296029,0.908482540968094,-1.24545922547495,-1.7978820680901,0.141775440843986,1.8985712916737,-0.441561029683121,-1.19895014952157,-1.73663027204977,-2.4978134992073,2.86555900760392,-0.304449784313803,1.33461623992181,-1.90750814579409,-0.688814527327405,0.7734673007412,2.91557987901231,2.38401837590793,1.2105545066181,-1.13106631597914,-0.0623802339538938,0.960338240717421,1.36310153620243,-2.39513048374971,0.447704385498318,-0.387587062483556,4.02132274063017,-1.18982781487251,-0.777464968675017,0.767662346422088,0.459666778099154,1.06039871795147,-0.35986218215762,-0.380355046774615,0.557531805262496,-0.146468512801624,-0.0173663738169128
-2.38572544336649,-0.722892074757899,0.427804057811759,-0.227207383813761,1.37595332188335,0.501125674128803,-0.455104059141435,0.128159026685623,0.461482518208529,-1.40313410839849,-0.181387318067392,-1.45069535901854,0.212782068846316,0.675207522782609,-0.220273484426938,0.236069940274133,0.189910869861753,-0.620232928453677,-0.130247658093435,-1.06926093276157,0.25810724732785,-0.749680966819741,0.169891058105165,1.7904729878292,0.682445898516519,-1.24653978571311,2.1783481895258,-0.219582478132859,0.313341185281082,-1.33214211774379,2.04724224894452,-0.470935382987454,-1.899602155085,0.924057549504763,-2.18912680376309,0.483918007166514,-0.764472790750038,1.26150445630642,-0.836587793683063,1.63121046891893,-3.00417957706901,2.77526996917805,-0.388998996367988,1.99529186146351,-2.18439606664995,1.15708840942183,-1.15593702676418,1.39191272217291,-0.100772512985075,-0.264420038710189
-0.757466077551732,-0.752000053914628,1.60662056024147,-2.58735413793019,2.58611892445039,0.810897581663365,-1.80643216498575,-1.42966325855533,-0.453598578629539,0.645168727021719,-0.409964712223425,-0.0870218554851603,0.0699836098069286,-0.0628642845018371,0.336777860683916,0.428742210155001,2.8844015358594,0.931305691979287,-0.673994836184369,-0.151595809193651,0.269801743473999,0.600913512886424,0.547511859418157,1.71250100887791,0.0270250017897668,0.059262231787181,0.600310044504458,-0.183768000566228,-2.55260348136674,-1.86437850549981,-0.247763764436016,0.688020651425168,-1.51905955630369,-0.0143971963170636,1.80612129946947,0.0881229324071504,-2.08210309106006,0.131920609483212,0.268788772104158,1.34277221685634,-1.12176740598286,0.834441544006318,-1.22708052311742,-1.09935029756902,0.191870131001301,1.90247590341005,0.962369799402958,-1.01086063942672,1.23143179617795,0.466387326385399
-1.22473512980852,-2.3188720531568,0.416740690929169,-2.63393592682703,0.410335151395194,1.87292058589928,-2.38628477298148,-1.26515538863743,-0.309613961459493,0.239128701678914,-1.64431927139589,-0.736968707014628,-1.98833256375879,-0.522671242849892,1.64478734732831,1.14481038482608,0.639381719872793,1.08917451367101,-0.967012556944603,-0.56642249439591,-0.149930550213526,1.23217597787194,1.61259364095273,0.321050706964416,0.0222696493579277,-1.96342679506939,2.83519949981212,-0.631403171388739,-0.399358266134456,-1.2529226496952,-0.362773129497896,0.126421185011333,-2.47961276025901,0.48776910378011,-0.581589550410585,-0.808308920222748,-0.144284492969665,0.437990393606052,0.63413989546276,-1.54418362694966,0.794810110440635,1.34910871772178,1.73832457147894,-1.23649949866924,-0.165492011596577,2.92566821308538,-0.00288256316469584,-0.969198085267581,-0.11145927726846,1.75985266783948
-0.33212985943925,-0.868230633460146,-1.62142789936931,-0.0810580016668811,0.277148445114249,0.925530672420985,1.24124475743331,0.0559436718240269,3.06904427890683,0.177166601117637,0.0326363524657353,-1.16167540026613,0.00532928333693994,-0.41595851192379,1.17787309776415,-0.151360720291544,0.991508573678605,-0.0449924707390304,0.164665436695349,-0.926234409881327,-1.84848470320065,-3.42410288007507,0.657306601508673,1.16741840290295,0.351786951797869,0.493957070169149,-1.83013975488275,-0.641245405231131,-0.194729262579212,1.05299877069848,-1.06769241304356,-0.870097158999945,0.208952321123735,-0.322253931452787,0.613717604623929,-0.628682245415537,-0.228429509648887,-1.92186226539329,-0.450829954520349,0.557620902383597,-2.16555959568254,-1.7590242752387,0.557513954840488,-0.866082903851372,1.77713285392829,-0.831671665974032,0.378409059053971,-1.15031318208867,-1.83479506066741,-0.124483103110205
-3.15557124278791,-1.69563525229658,1.60399920277182,-2.12018923543075,0.0855541606170778,1.09994921465392,-1.26713803601557,-1.10531665258003,0.714641061529097,0.266889401676027,2.10374783895801,1.55065726694101,-1.99944137100048,0.612114703142576,1.45530837073317,-0.379962810034704,0.286204550506296,0.116006572216477,-0.670306600620133,-0.192103037960782,0.664134120693668,-0.598441402982493,-1.46791576537864,-0.60389304257661,-0.184397208913643,-1.73122691098201,1.06607005495565,-1.60257367992159,-1.66402828720599,-1.51101092469152,-0.823814794743018,-0.927606861011986,0.198566513164777,3.70391845804918,0.297643728675701,-1.70567013534097,-1.25445386235375,-3.05520812128131,0.324735264346812,0.846143502880895,-0.229833720319032,-0.966401949126395,2.10954738312506,-2.86710140537532,-0.531318753286954,1.63684493080901,1.91162021420894,-1.2699363632262,0.0417077891035518,2.80365561122125
0.745144527461885,-1.28625078832662,3.84583020396279,0.0919636918730859,1.51409359966555,-0.429836078040158,-0.96256347867757,-1.13140415934525,-0.488445913676764,1.36000953741844,0.52089808011837,1.0486840352013,-0.600988735832756,-0.717511959873846,0.246464199429783,1.2566501494622,1.1621470482922,0.790643050352171,-2.2430815716237,-1.41003177733249,0.848846800056099,-1.57997955538466,2.48000154191651,1.67430480933676,2.07848450091558,-0.262636542823473,0.807708806848194,1.45141495520772,0.701490335467911,-1.13669734236827,1.70390678904545,0.625233294924407,-1.20073590783334,1.23365379872085,0.0923599913740534,-1.35659789434472,-0.837664042746327,0.405612559392078,0.374108488687537,-0.584515465864691,0.357605363410903,2.71109858943774,0.581323294817259,-1.00612382592104,-3.45684014162699,-0.398913317952877,-1.03812188972031,-1.84940584611674,1.43387295030984,-1.6061168050718
0.111193972637994,-1.07821308591211,-0.75651805636505,0.0344844867190956,-2.08336234445095,-0.29417512163444,1.60797970909697,0.403950982782345,3.26414546347896,0.612950013370695,-0.840024201221891,-0.0906173549031498,-2.08256204826976,0.471735227122155,-0.392621589149269,-1.02990665404828,0.428822212286802,-0.674345021427273,-0.823888115811065,-1.01337413234657,-0.289214630472218,-2.3523769847586,-0.231537410571488,0.829638188523548,-2.33821767781066,-0.235806681838865,0.221589324160964,-1.47546420706008,-1.34731997110479,0.28392088055466,-0.120609028222529,-0.0354115785674649,-1.65352235393618,0.354400320645651,0.551637896139212,-2.77527482459057,-0.0357243207384412,0.395917159166039,0.483222534222442,-1.04527011626435,-2.33098480584052,-0.877799879765678,0.128316856250706,-0.189052298944508,3.43897338470454,1.95300404034273,1.34282222808282,-2.26123470641275,0.240424152047478,0.941087677588408
1.51897930879819,3.62071808690832,0.980702850596057,0.231406112624267,1.35839635650097,-0.134129895780885,-0.270972570089626,-2.10981204495512,-0.440216743268405,2.27998738655166,0.3518849659448,-0.590839546380139,2.67335286606965,1.0180568761539,-0.970004346204853,0.387319785858244,-0.618775845967388,1.53742905785754,1.64330746640807,0.199382717415032,-0.562701428826026,1.02072739176862,0.136564296519615,1.11051187954016,0.646038868912649,0.0905585249192968,-0.726448720834804,-0.780132186416089,1.74316023870501,-1.48712678777562,-1.02356977578813,-1.30357201907848,1.2298918112014,1.03142921436402,-3.79764333881978,2.05407196449851,1.64413299323591,-0.328524858087192,1.71726628496053,-1.18561848257118,1.03152987529932,-1.73357347571069,-1.45897128317429,1.65324220612199,0.760940434636305,-0.836846132015331,-0.0928814212465824,1.44439626604972,-0.902136901325076,0.331401828648769
-2.18425687285426,-1.46195600809385,2.83592244419303,0.191812135408266,2.52096190412306,1.14246347760841,-0.357666195976488,-0.816315867846108,-0.597343543755372,0.913665372933349,-0.112491885385646,-0.760376267913327,-1.83202469145917,-0.73406541144954,0.849816488063966,0.153263597091835,1.54108915716513,1.37565452933583,-3.65908896547228,1.24477831264478,-1.17026747775025,1.64813699438829,0.755654132551754,-0.257718181348664,2.53046992789849,-0.713215528239924,-0.223613702519973,-0.628050815932432,-2.58470792748639,-1.90362991673553,-0.628712380239329,-0.496557361608915,-0.085382782484972,2.01801691985899,1.86192901230105,-0.707299241765644,-0.959590377439701,0.13933082398078,-0.0946470441594207,-0.933491272788549,1.09125155498047,-1.10384018833146,0.171653347705638,-1.43024193744525,-1.58992212771801,0.375142330327212,1.90843988595749,-1.34444404408077,2.32180728291927,0.128267787400802
1.44846896434636,-2.16621415914928,0.94506959603342,-0.357759880027936,2.14748125549568,-0.693517479198343,0.122673015410081,-0.191418720149624,-1.93537551099227,0.640478722960164,-1.33296661276449,-1.84771152819496,-0.431527908620622,-1.86221820785393,-1.71367821671664,-1.08536737650274,-1.01040610509805,0.942362627507492,0.366301686006667,-2.00620379876784,2.03547187449171,0.854742405549398,1.95009396999407,2.05702945587145,2.24539604631776,1.8591308516131,0.415951465953653,0.926125691418032,-0.887768177169324,0.185734731350846,-0.651281413656469,-0.189601038318654,0.481937259377948,-0.351761604077077,-2.04113234669594,-0.856604617454364,1.00592231505046,0.980862217675467,-1.0159449832894,1.56788831622238,-2.5018978217549,1.67190746527787,1.80092649323373,0.290754941902674,1.11732222086098,-1.96952741746136,-0.237075943308942,0.925044193764178,0.467330724802275,0.078804802885073
-0.370911274079386,-1.73600244295821,-0.0506936286567369,-0.14159751943768,0.213100232091234,1.70412747631382,3.17710691711228,-0.562261996593089,0.708048257300292,1.71143142295106,-0.152758648415098,0.720855030813373,-0.0360585779313016,1.49554082513673,1.22240909080232,-0.700036102003928,0.902351042329953,-2.31484363616045,-0.612642239484885,-0.461735115116113,-1.07481441694427,-2.31828927073495,-2.58266960345887,2.15982940783714,-1.61784705197726,-0.652333446886792,-2.33383595947488,-0.821911344521423,-1.61305207606593,2.32667224147477,-0.477810473852452,-0.215703514502947,-0.40954766947945,2.26937346766992,0.339555801801984,-0.376989170715608,1.48716688762276,0.0597974806494006,1.18983942795575,0.785095747493637,-0.594452843300898,-2.16637987806476,1.22634845766795,-0.395358739793825,0.660470688960394,-0.828622972627807,2.07170041050384,-2.39992116334285,-1.07210620936121,0.228124618491535
-1.60601408731642,-0.283290875007134,-3.27692421668304,0.510490525847054,-1.97742465289687,-2.89462589967074,-1.15978235381606,2.9812894829043,-0.830238660129416,-2.2547034035848,2.10001763867322,-0.630902248375849,1.36844897781469,-1.68393020772212,0.190321581936365,-1.15059278770329,0.429149581803992,-1.87983556633319,1.59582953372721,-0.470842342444924,1.84831258879116,0.861513296942547,1.25233468445196,-1.7176344431286,-2.9525977602748,0.265751537276446,-3.32890604931486,1.84594517709551,-1.11038219328744,0.750590898687285,-1.19469907891035,-3.30584531082767,1.59035445386322,-1.43129708447,1.77380768353061,0.294505117113503,1.26993605020676,0.234672438941799,-0.699365724549553,-2.26995968358246,0.984031826801159,1.40458097147291,-2.55207271379128,-0.196026568390389,-0.623086019409375,-0.492535137348344,-2.7667554625633,0.0182185771788122,-0.138697167490054,-0.669110610713153
2.33791546513756,1.52189157342348,-0.85816354131972,-0.160023831723894,-0.468835524003846,-1.44545934435847,0.675783722047759,-1.60097529257882,-2.28740397176305,2.1858100080419,-0.825138980155957,-0.522337976133537,0.0795105542924573,-0.227464516065618,-0.338690473093215,1.15521439649642,-0.467212284446993,-0.747613111505318,3.8336781707813,0.836443237314879,1.50756525446677,0.791307202534255,0.107867036540758,-1.0802680379049,0.0924735788902294,1.37450319879738,0.144105126642583,-1.04189561744592,3.5178462859322,-1.54375576261262,0.484645014206635,0.107180696393666,-0.497264162311384,0.402629157462012,-3.44521808188708,1.31941688739077,1.53966540565149,-0.898816917969022,1.85078470916054,1.2487331932685,-2.19987768228863,-1.99471756164872,0.93187791909909,-0.829103320197962,0.531479671609665,-2.50844483438968,-0.170554046271396,2.04428213336987,-2.77573071801405,-0.82659046098984
-0.051990876340867,-0.42684227786116,1.75031733480341,1.19471513844327,1.56576628495282,1.28174223152369,-1.52791756696429,-0.152543095900041,0.25221543722634,-1.37542016790609,-0.219250727786029,1.16366753769893,-2.04272130449001,2.63829691233482,0.619084537603014,0.147269667108955,0.393097449567328,0.00918612825896564,-1.37319453416849,0.392033925533471,-1.24752858806401,0.667001399748057,1.48646178858348,0.350613454597357,-0.574439141173866,-1.67101486720873,2.50237811044797,2.4092261159632,-0.430153192338231,-0.830852703359192,0.410945914420278,1.08198669880445,-0.75700256783526,-0.767334312448116,3.43716413398617,-1.24974791183619,-2.16561031582869,2.01890938325497,-1.97225300851359,-0.261602784928607,-0.979384550397577,2.4698762945626,0.681884120459317,-2.30717922026407,-0.404717632639477,-0.952119179503632,-1.08139109577506,-1.84738082847573,1.85134028604978,1.60445579848154
0.878869162762429,-0.245236099589106,-1.58420802611825,-0.182010853733833,-1.21473495209822,1.22698683781366,0.931806999325935,0.26250050369146,0.448899822677666,1.07493772840166,-0.526431002612184,2.3272811615876,1.29045277672315,-1.45836156302329,-0.555504407255733,-2.92739007920231,-0.156043779834559,-0.504353911128375,-1.07088098971471,0.702975272777523,0.644233915957551,-1.65692273726323,-3.14223001419225,0.443796826714371,1.25574911567559,-0.0339237057139076,-2.23139829593958,0.0460632567612575,0.124763156782506,0.712477605306267,-0.666364849858454,1.53537445912608,0.293395998510966,-4.37758192755833,1.11305567079555,0.471318986913022,-1.86266210107797,2.42972533551838,-1.25552492479237,3.29133963435899,-1.04602383536538,-0.0701359456357358,-0.247106089537292,1.69372550114707,0.13717598376475,-2.04037572027796,0.445122050023579,-0.56133819457162,0.728512604816985,2.39306568001988
-2.33504229635257,-0.148947724512557,-0.106930121662199,-0.451307528617196,-1.38718258092905,-0.0729411742020083,0.447694070209507,-2.5597887947878,1.71528430344298,-1.42536889394441,-0.830611971330966,-0.0112551589754802,-3.15925405102809,0.5380830146723,0.146747896648652,-1.04195587841802,-1.59535907349799,0.323652663970619,0.828765535424489,0.143107429216128,-2.07992141365659,-3.8285070046972,1.06984938989439,-0.434469058184117,-2.08725290048685,0.675251455662671,-3.9643711252199,-0.779288912793422,-0.436629900380228,0.730040691485933,-1.37204644795733,1.24651646732388,-1.05113911910567,-0.474216206078293,-0.100430186487533,-0.847445433065701,-1.04536637306111,-0.977598618539847,-0.589028245127245,-0.636606679983664,-1.44968684037468,-1.22500242862036,2.55178112832923,-0.839702411297819,1.85994471941027,0.825683352890478,0.323523496050609,-2.42870004236346,-1.94643058900729,0.104921775105241
-0.706163473148762,-0.606078357296118,2.69331530523998,-0.61714993530839,-0.422614899803585,0.0466489039833334,0.826935877623842,-3.27178452358957,-0.600820845230216,-1.60262389082448,-0.963787893452232,-0.645713006472991,-1.19575944949832,-0.852109872363888,0.787295302573941,2.87972210115417,2.71614806223711,0.597656611749771,-0.76684627431935,-0.676846763185492,0.271652719691811,0.627122808905737,1.5604419721168,3.09011251736156,2.59463484430856,-0.567792517318543,1.17148093228145,-0.117208931531287,-0.782231128445837,-0.908725863378255,0.462771674187256,-0.782936735992677,-0.499346358633141,1.01591461625418,-2.92486105238878,-1.37551891025256,-0.778340355871324,0.65181743614152,-1.25731553525566,-0.131593749881203,0.636634994401679,3.21459261255284,1.85268761926471,-1.56769172602223,-0.296563970320646,2.6316790615815,0.890842120750575,0.637020424493586,2.10409351954793,-0.0252466303139033
0.71359011714977,2.10440484146618,-0.104327147098251,0.890411322501481,2.06831270994628,0.141080863874847,0.330397041257025,-1.52489348506229,-1.6794001503668,0.566203919691321,-0.312577961444015,-0.507121915445447,0.824255784947236,-0.645176947005899,-0.258463276048233,0.30303907772255,-1.3039909301116,-1.03802229374117,2.18510252908849,0.787065407998016,1.4465382668837,0.577281974499119,-0.720607425845691,-2.12140236565927,0.671781098693427,-0.0732136563763961,0.31145716013281,1.24922934426113,3.1341017602841,-2.06091852321856,2.04113923651522,-0.905508480032772,3.37102756399154,-0.706705905396039,-1.35087145444157,1.49837900280553,3.8115719615785,-2.11606435644747,2.27882365483106,-0.362901842889303,1.85536367397284,-1.46556501743715,-0.935086766565131,0.196187977806905,-0.389511871882629,-2.35876351470849,-0.469676660864387,1.8331073608789,-1.34514293755289,-1.95286480851503
1.39194553889974,3.21041556813942,0.964783635938414,2.07983328428652,-1.55152799557351,-1.66992310605912,-1.63359536661763,-0.280509150760087,-0.840154426563564,-0.552092041769472,1.02237033311163,-0.434647266291863,-0.766230351302128,2.59410397949786,0.745199975362224,-0.749352371220819,-0.123148145982865,-0.981494424263281,1.66642968467232,1.75284265027923,-0.0456956312204317,0.101783323620293,1.35677018992851,-1.73124041945628,0.12301318529119,-2.08155305667803,-1.05628825292471,-0.685208497232507,0.632608659029565,-0.993402075258048,-0.833012872458171,-1.32232902652342,3.35309740214174,0.275928173787649,0.278157336462825,-0.257065370115389,1.5839285404953,-0.0703548005944175,-0.427876252431141,-1.2912719760551,0.857289906795388,-0.750055363383903,-0.662126077233095,1.36233354528436,0.153411145221098,0.0661313365345588,-2.23391841310473,1.07321805845108,-0.109921966038851,0.33074448214611
-1.09466028934048,0.715419412644782,-1.65159535849083,1.40090105558107,1.14374664365225,-1.62932235903509,-2.09895654148419,-2.02017715136355,-2.75652126675228,0.824519571432343,-0.00641095947929214,-1.30451227046297,2.00995778411136,0.814536478495249,0.191265463606639,-0.667443581330189,0.818898623833382,-1.35891107880156,3.81488314039067,1.49766660893367,-0.0648123806522947,0.817835070555725,0.434303094452394,-2.8442999167934,0.503489642376158,-1.57777163994898,-0.170812908169233,0.0770017068109314,1.46985020293503,-1.81292571431421,-2.21846262701879,-1.1065093817873,3.60526744549198,-1.15991833258324,-2.4219463412552,2.08920263766121,1.80110355753498,-0.683788905751964,1.20246067596475,-0.820819081012456,0.495682561940576,-0.642679110975694,-0.61504581901523,0.504383352707743,-1.37186536842127,-0.0179455597701654,-0.0876043287835973,-0.813495699401442,-1.62482241202051,-0.572848809706119
-1.19308303999132,-0.0253180804671164,-0.091735982585805,-0.199105453872792,-0.351788007544874,1.06057226306266,-1.52453404164503,-1.47074241607187,-1.11004652130136,-0.721227042715147,0.674504626097585,-0.897082095796375,-0.338130597848171,1.25984377309706,-0.344463248685072,1.20896158940813,0.595214715348684,-0.914791545087242,-0.0214814895707304,1.79781628145734,0.876454302264307,1.34130878225938,1.01208986316654,1.83793880811399,1.73446076617216,-0.279608466168022,1.36841954880507,-0.0520808280181854,-0.510832300209927,-1.0303811524353,1.40647359844905,0.810207667377158,-2.33133437379115,1.0018455697827,0.0448041275866389,-1.39411616012862,-1.32217510546224,1.77712651719826,0.412552115093198,1.61387277409793,-0.382366978907286,2.4649290270486,-1.5197681792345,1.07726882379285,-0.230404233463089,-1.05555499214845,0.471258179353296,3.490354166085,-0.187070014047795,-0.707941205620622
-1.39569426446627,-2.72879771569925,0.737912043912339,-1.20614223644437,-0.446353866642119,1.59806619314719,0.104889575652739,0.0291622990348906,2.513137223187,0.594356351160897,-0.605439475290008,0.461457369607322,-3.25855210713835,-0.245110197729208,1.64385384390877,-1.44545750361148,0.939340588156231,-1.01711845207626,-1.86114057798217,0.00649900362013686,1.34857602308087,-0.988086688771959,-0.537184993179676,-0.195099715867167,-2.70168781619367,-0.68856001015998,0.837052567560276,-0.524646618724961,-2.28309132363406,-0.148588656670949,1.21997705492794,-0.461414365078097,-1.49289848773153,0.036930071841028,1.48713647906778,-2.05868515408423,-0.876617641407503,-1.87317670761084,-0.063558081428772,-0.282438947472697,0.361087645798063,-1.88273972484806,0.612471912607093,-1.26910928846339,2.09107451670594,0.385820071615377,2.02122478221203,-0.0153925108628594,0.945680720755636,0.147117285896727
1.11513830087436,0.945178639495174,0.206008632709386,0.196588966998946,0.8147150694363,-0.510928650876661,0.34059855332099,0.993403470836284,0.248366077308821,2.53627235613348,-0.500239902054035,1.82842610942921,-1.35013405333399,0.261330018037867,-1.41373531894118,-0.374738687912265,-0.511561048358646,-0.756333335433723,0.0564762922831595,-0.88286869671196,1.20044592652048,0.429253247281313,0.615503682488963,1.25935467754155,0.998055699254073,-0.398893410771116,3.73111671538694,1.42878256231346,0.74383509000362,-1.69487129512013,0.433819541005334,1.58286475775734,-2.79295483810363,0.0615826856897431,-1.45918442524982,0.0671800427736303,-0.57658510217665,-0.406835987008996,1.30730437466516,2.7390190404763,-0.712580056506216,1.46186369869501,0.252995193217283,1.10978288737952,-0.402906493965941,-1.45135812938304,0.914881113145581,2.97400787961271,-1.37538311469433,0.0107199736012323
-0.445173187726992,-0.280486460316507,1.0210654077465,0.502102286612906,0.827567254336698,-0.499449804937638,-0.581066851319198,-1.6818718823775,-0.999779482919517,0.306077560563359,-0.823177901177531,0.636910901216066,0.518089408724042,-0.286445353760536,-1.13504761113566,2.78694216125355,1.06662409577116,-0.729370638270081,-0.387473982049935,0.799846561675955,2.72446576549941,1.91029740882934,1.61584794612687,0.884541858899246,0.503113212509122,-1.74205655984656,0.285506089435806,-0.512656878303456,-2.76902422750133,-2.32867465538305,1.65227441132481,2.04210944004936,2.23987433292058,1.80047382830319,0.61497658748121,-0.867395546474763,-0.168531617261659,-0.576468855460108,-0.224023875610594,1.56942462530061,0.434980758469705,2.61096290876015,-0.205947420915132,0.216382499252639,-1.40684765115476,0.186191141562154,-1.36092388078483,0.276884322160202,0.771742832919414,1.04673012021749
0.549127936503181,-3.23716517368507,1.43642020678825,-0.775899683178639,-1.46534852259953,-0.0495214748540546,-2.61402626685322,0.0817404251198386,-1.01623678042466,-0.311045337273885,0.68881742062777,0.0858186990121895,-1.61171747244474,1.06570155687316,-0.463085598654395,-0.975477135593896,2.48360544798894,1.94600418022428,-1.83064427056806,-1.15949199787344,-1.58552483947363,2.04736801107971,1.69669644351535,2.01449396373059,-0.437858339118523,-0.910695380459612,1.09923634176133,-0.985677098380106,-3.02731431328291,-1.58241533803219,2.28023047100328,0.135871945448927,-1.26439096159888,0.783961808548259,0.215875586864209,-2.30966870496562,0.224275826563288,-0.00838785208000394,1.56733935601669,-1.14296605070163,0.470093143394075,0.413053064768963,0.478734349956756,-1.72836078245369,-0.325377649769203,2.51698251395157,0.682633993396607,-2.54413298498773,1.47465522032348,1.72187621242416
-1.0942588659381,0.415164661248847,0.374189061659968,-1.36384043761584,-0.316360637793589,0.959513724516394,0.0878069673572464,0.385018687309145,1.67446399143176,0.540608709020619,-0.795156157532347,1.35205256657824,-2.31520731380576,-1.14138155764563,-1.13540333426461,0.0650265505258781,0.0248405258482138,0.100329803388104,0.613126225189752,1.64956453868853,-0.926887813592725,-1.23440470212466,-0.3040948324594,0.804964171230903,1.84694219708064,-2.20981667946024,0.545884940818519,-0.523532272946814,-2.50555943416332,0.494263262328658,1.12704538065574,-0.37181220994134,-2.32190150865363,1.6014876359051,0.468627424172725,0.409748180019515,1.13973281788107,-3.06273958414229,-0.325443891110184,-0.400937213743862,0.739007184523284,-0.214285156583113,1.23042614968827,-2.19980395005524,1.04001816496975,2.42873859029832,3.51003051415399,-3.36261912581209,1.45247176040574,-0.113536767994666
-0.377980169145503,1.24684754041635,0.731174476926851,0.458885683626732,-1.74182231091033,-2.94718302847204,-0.249890765368233,2.38376998850295,-1.97002145017907,-0.647457638659924,2.4243691398253,-1.67244641984208,1.85125900739583,1.82630580528226,0.367623272097672,1.09621948396541,1.34335201122818,-1.58355930524544,1.7552291700716,1.35397277003551,0.77947516918458,2.56030318514676,1.67452918798826,-4.98488732226191,-0.640542960272524,0.176280290730449,-1.64741083510627,1.83703480711701,0.0128734004861252,0.510132615956162,-0.714667508943997,-1.89787162714235,4.08614633125199,0.899503348047379,0.890843779743167,1.65292322577579,3.52860192479243,0.560679190280944,-1.42935948119937,-2.35634608422007,1.76862094807416,0.943479939665298,-0.270018574469201,-0.705402649544756,-0.750271122834465,-0.425460416665808,-3.23609059215946,0.619475504375792,-0.699913033859843,-3.2078959849107
0.843643764853441,-2.15820759193603,-2.25506085907215,1.45319809798321,-3.20645802504189,2.24030006875637,1.80292395552406,-0.26314358432216,-0.0945050364716333,-0.969523607330672,0.0896934788457922,0.710983573280008,-0.36521548826489,-0.0726319700694969,0.0422282168329098,-2.13338269802203,-0.101949648586845,-0.605010536399393,-0.869161741606212,1.25790972919396,-0.0858000156063575,-2.40038023916635,-3.13557208657161,-0.668082074186032,-0.660162173254651,-1.42537652497415,-0.112434850414282,0.333523552647437,0.237348003300684,5.35740034021807,0.0899974176009021,-0.212093271986864,-0.236515285295835,-1.5242774869641,2.43841236263926,0.349203606472765,-0.789403341545874,2.70818878990676,0.887442911631561,1.71108704072776,0.34110498770459,-2.76350003956272,0.48292355829877,-0.712007912135077,1.28419851371978,-1.54284724770011,-0.744991333478265,-2.70116281535769,1.49609601748075,0.514647748981116
2.07279832325686,-0.509088514220144,0.310618277814179,1.19700911279695,-0.822426213470239,0.761075873196115,1.02653175149946,-0.665206987129906,1.71051334172542,0.927479246096535,-1.54890382404381,0.242121060782214,-2.46235732679019,1.06336914888104,0.493546532581074,-0.117773309195748,-1.1329336860004,0.500575849445402,-1.24458968785404,-0.890710498963949,-2.14647117509207,-1.23259272374451,-0.762986655852747,0.34808055330234,-0.377725464683558,1.17205871307468,-0.250266511318694,-1.4753770846493,-1.64587678665224,-0.284951160721603,1.45516787794029,1.1132474536758,-1.83581996254555,-0.553088875018,2.23569026377724,-1.97148956397523,-0.816564364877749,-2.28188238080298,1.2346142802045,0.45700001299273,0.0806117031148021,-0.688072133116674,0.14232684724561,-0.417468554328339,-0.431035188853439,0.391362506307302,0.596291111639015,-2.36296585895495,-1.28453131612208,1.19885011398562
1.01649410555629,3.42446727693252,-0.67203855645257,0.0596497514491896,0.176105770727562,-1.41797165362076,0.440046470551949,1.69147054701667,0.174737405435656,1.08918398562505,-1.08082177679598,-0.90211595644692,-0.709149654711623,0.10689579195816,-2.38283801456567,1.37426474339406,-0.971055470329829,-1.52738048648518,0.564641450614448,0.752687252482305,-0.00954213781078529,-0.197534145162308,-1.48388320775426,-0.720188557486861,-0.674827539550833,1.20711969540498,1.37219744402441,0.693348267936429,2.25941317294082,-1.2565152724122,1.03582640366053,-1.10539669272649,1.81029429930129,0.506347369210901,-0.0564244448006097,0.368105993367423,0.0990592202557731,-0.604625214848808,0.906114000428696,1.02474147371019,0.469402628302901,-1.6188161283747,-0.191500500280944,0.137856345646769,-1.09238708737237,-1.62948665320776,-0.455017180319644,2.37624392069896,-1.01024117642557,-1.13889853392433
-1.33569415187975,-0.768994215345103,2.60887698767642,0.358481069203982,1.02737158928357,1.03440570996529,-1.09698405561527,-1.02133489187361,0.0635174775793646,-0.440138277783334,0.500585409883091,0.111922721496645,-0.0256051828996772,-0.13696807284368,-1.17964918788133,0.038023753392788,1.0560613555491,-0.229751942236354,-0.988483299015757,0.42907927286426,0.275452896297754,1.15449596339576,0.555104160321922,1.70378034684175,-0.756283858764965,0.343091700636501,1.91471341892672,1.86185258343043,-3.92727348759935,-0.142727494917774,1.95934693492109,0.260211766257057,-0.17941924159304,1.06144760513774,2.52586767867449,0.823836299236175,-2.13207970275851,0.0440946478030178,1.67380048901696,0.423928097603202,1.15007479790272,0.832181842658392,1.87916268637253,-2.53830845891443,-0.525288184328516,0.0530288344178518,0.476595228857319,0.709686465709456,-0.273717674721645,0.23626751899742
-2.5936764437435,0.519542640106359,-0.493703814795453,-0.000973476538907225,-1.16028881585168,-1.3761927088034,-0.292039178537042,1.83750907136158,-0.993456537175845,-1.78454429989568,2.13882511912776,-0.06544162255843,2.44539137433108,1.92723460693937,0.154503173471679,0.442616368604011,0.445451803014646,-1.12560903086114,3.15352765489884,-1.2002520569426,1.03758723032615,1.56718917232865,0.25001952102662,-2.76369173545665,-0.650989675047215,-0.983052462137968,-1.02768459488399,-0.782764897244148,-0.86465104202772,3.07319024119079,1.00802968882804,-1.35405494200522,3.24497891277008,0.703400062475672,0.0945177116602222,3.55320131883479,0.974936536235254,0.385626617449816,-1.54393494853472,-1.46172831640692,2.3539991159018,-1.07765079689505,-2.2918350418278,-0.54732628260335,0.203690014062543,-0.47131499663703,-4.65603559654857,-0.588886040798229,-1.3553073652041,-0.621140947506025
-0.283509269548365,-1.45946344546465,2.44882977767415,0.0847501355767949,0.287061131694326,1.15335092728746,0.90296406415308,0.51477643716812,0.437763283464625,1.7690616579287,-0.17307118966382,1.40993949733482,-1.92175820338517,-0.51147248959044,-0.413577728718694,0.972014803284777,-0.492615184032601,1.51578148846692,-1.24882218414969,-0.205707596775744,-0.397854041110854,0.426076937034198,-0.86883581505531,0.254214129681416,1.04658630206475,-0.483014315530406,1.99468269729371,-0.83750819463824,-2.43977482579477,-0.591308943467703,-0.208825905511409,1.80831443176107,-1.06430222737165,0.314866599145639,0.130390012920987,-1.41449780475899,0.771623075462681,0.162157100803249,-0.0177871652933807,-1.18238124980053,0.706970939525095,0.714979011202957,1.03287732509845,-2.27599827313401,-0.682564392911052,1.38579276379023,1.40311903572848,-0.719327659406177,0.380042283158966,2.36507083208822
0.335659824859332,-0.37071776855043,1.65806444097973,-0.224448610599959,-0.384356734192598,-0.181740589816849,-1.31099172623584,-1.90017257527711,0.293834924860682,0.907194155418256,2.57086391334246,-0.379272409742893,-2.61031394447756,0.213868962315012,-0.817562447004086,1.70639999353396,1.58677005568912,-0.149375499223969,-0.914052062312901,0.462673172546506,2.41102226757996,1.27412862077156,0.678706778355082,1.44611245075872,0.939384864179766,-0.884614362107304,2.34040685166344,0.136788003503187,0.523031695564869,-0.976313936977932,1.48586803084401,1.63309320143339,-1.90005243550836,1.61944640086687,-1.50849085944736,0.287281622222835,-0.091760998861378,0.557981329821272,-0.438038778285588,-0.521342420860927,-1.92098662971626,1.70659428118313,-0.50754651631672,-2.69581274454524,-0.47587512286543,-0.106761976741682,-1.47067886863759,0.366221602417127,1.43649922909484,-0.694516351518148
1.69124457929563,2.14145019176479,0.742179900870808,0.617833806493191,-1.27507475868664,-2.20823180282818,-0.684011632336509,-1.35391806032922,0.289983742381233,-1.83818220687452,-0.627278609430495,0.29447357717141,0.886711709700519,0.236168701972014,-1.22150094948743,1.0091717719878,-0.714305993667418,0.949575406177743,-0.192180596711211,0.458361238630545,1.11521631300826,1.18283159690349,-1.21533108664683,1.40501299590288,1.66351499775029,1.24483620126956,0.0607215404157015,2.17164838642044,2.9600673899856,-0.869239118472955,0.159538448644529,0.193212161428884,-1.23261393585505,-1.0817360708192,1.05551857522054,-0.103027045830559,-2.29702310943619,-1.04180379076787,0.744119788486441,1.20430329621636,-1.30836539545728,-0.4839074920353,-0.925148980904221,-0.77114332886189,-0.0340514253656773,-0.489298956626338,1.33451586121984,1.49626405233812,0.1026264799313,-0.594685438669959
0.7346326775697,-0.756907855477801,1.1376780366371,2.05918130509088,-1.53876841636865,-0.271612196202615,-0.082322730422111,-1.38162504331741,0.298780068156214,-1.69211458281428,0.138654048277713,1.27518353910533,-1.16031274665654,-0.761432762618228,0.462386536192934,-2.00412133040203,-0.0168398784159797,2.25859235462257,-1.21019936422123,-0.326715866225278,-1.42218729154534,-0.49234530150088,0.0492424044232986,-0.860042180673329,-0.492669536166015,2.77279216004894,-2.58669528549705,-0.179350559707926,-0.515428794689182,0.618273755201894,0.382769029474255,-0.269087303794451,-0.468739679519452,0.0578801720328598,0.841051312435563,-1.13626478381507,-0.613716770946285,1.0286392542224,-0.744097641129773,-1.14748904167353,-0.62573762534697,-1.04701719492008,-0.632951579648394,0.92011933860449,-0.312974320014765,-0.0175867145808279,0.897402997484122,-2.39808142415563,-1.51514143091805,-0.406017454368838
2.0235691611584,2.27638883365125,-0.6556875522929,-0.402043763216243,0.331070756327664,-2.32083973259092,-1.66845825906381,0.00473004289523658,-1.61798205240949,1.12133595933769,0.930583591210674,-3.16717245698897,2.67115969804996,-0.250403851138071,0.551819325517637,-0.365316603458185,0.523159880147546,-1.06828614696849,-0.280805708750558,1.63612399575719,1.69352571270086,1.87579694646415,-0.414536350220776,-1.94116882133374,-0.991461730476703,-0.0604629569367044,-0.154184658142859,1.35132642503467,3.08737234965748,-0.882488976543302,-0.677649848465199,-0.761609015255383,1.40724736372515,2.0746948130449,-2.71553603539123,2.05132974087767,2.13458430670446,-1.02707804262414,0.543393053879464,0.451303040916258,0.796327789617277,-2.03920809196818,0.191459412266495,1.77257095837665,-1.85786413664507,0.260083272819515,-1.51432568206608,0.179779516860907,-1.07697752623292,-0.0603321521624378
1.55158740494908,2.00412441346723,0.256628857991515,0.171525577073338,0.0381966705660375,0.760514272901519,0.597593493260424,-0.200595482896167,-0.00876991163349984,0.13714909416154,-1.86865462729085,-0.518161372776895,-0.341254461405045,-0.533324036650524,-1.1026431586564,0.906095275912124,-1.42890475897831,-1.10352455749659,1.01150567964295,-0.498219063347051,-1.81849616401162,0.691679143778094,-0.748867978022959,-0.650712519026446,2.11136943591502,-0.857721996014206,1.93811430399885,-0.203070922649771,1.33053616767673,-1.89487472138324,-0.764683704415472,-1.38055399271016,0.61878376488924,0.522714955221502,-2.75378882959925,1.71162853239593,-0.809521657101659,-0.12266555134957,-0.00318163815180053,1.08336108569454,-1.68261238246474,0.980740750895379,0.592859121004719,-0.135028786720897,-0.582315138204292,-2.99748991808453,0.12830079376553,0.369617669167124,-0.723080671970997,-0.590457362443497
-0.281696658255954,-1.96664307865178,0.971494982312586,-0.29503833515123,-1.30834702165516,0.587145891536257,-0.52877380071641,0.720454158936599,1.5324489618769,-1.34396624294196,0.427394738824253,-1.77164275672509,-2.16792315873947,-0.778835901267479,1.03940998644386,0.09814301885509,-0.0143530266837402,1.09197435555471,-2.9179831809189,-0.519920497701063,1.19105238477471,-1.27095854052832,1.49931212172738,0.107379419467359,0.602601003706063,0.364993956090693,0.678876123907389,1.19218454301474,-1.50200162748762,-1.58997207507864,0.546929056785207,-1.39536813411822,-0.670299131612402,2.1149391296206,-0.541456346425794,0.0535751713826658,-0.315058018839575,-0.799503877842938,0.298941743538024,-1.34425066945775,1.12920147128039,-1.32697406922331,0.457862533059489,-2.14811129968887,0.506090130910312,1.35891282021539,1.75608534036524,-1.9510468437297,-0.472189379744737,0.423013885364175
0.192176204798592,-0.198208800931854,0.304448728854284,0.0308793801480984,0.906306517765386,-1.23191882093578,-0.112914984592564,-2.11438803744452,-1.44115592356442,0.478584739186479,-0.37036895136816,1.66178557212835,-0.271013866887638,0.057941652423091,-0.139640809575565,0.902540624312998,0.163199225804455,1.37351055345727,-2.04994080666737,0.452440154739583,1.89330399504271,0.844910006825385,0.422888258515023,1.35884324981531,0.728047296278873,0.0267336367588504,1.86358615172124,-1.51541750549063,0.522210661237309,-0.75168371036545,-1.4652705073378,-0.273501830102552,-2.72929703491233,-0.672045116642756,-2.7036330224949,-1.73910355504416,-3.36264989069525,2.44081618594097,0.063347555732492,-0.335425493491779,0.241161467452283,2.83803636653955,-0.159313983199805,-0.531736638351487,0.440553235701567,-2.26547067640576,-0.425573107436936,-0.536555475420296,0.710112076563086,-1.91761317543213
-1.25695362944599,2.51427840399835,2.71599772644949,-1.47817213016682,1.91684511750438,-0.741115400712986,-1.23587426545703,-1.39149889380361,-0.0962314353751791,-0.992910890361534,-0.758986073058255,-0.702299015047887,1.39052099538584,0.454434199320463,0.137410899428944,0.526757155683998,-0.963363145769211,1.23331825592652,-3.22414530515156,-1.27311734961301,0.48202657102332,-0.0128956906158076,1.05405521006106,1.62897395346975,0.346252426420356,-0.429386224806963,1.2153768560857,1.66727239574242,-0.783507407244443,-2.82347784914818,0.948786879965774,-0.959992246565966,-1.9620453028444,0.639725709514063,-2.6209681100566,0.212881668713063,-1.99309139681461,2.3298870985376,0.987403880122587,1.84620301300673,-1.39690414698806,4.12791619533842,-1.02157500752466,-0.633237633584197,-1.91811730534628,-0.688068521162441,-1.24531770425656,1.05962723888893,-0.636235032860748,-2.73670798765641
0.476756577043123,-1.51805874255252,-0.250093887207794,0.855536656838772,-0.398107587881448,-0.134922349080328,-1.71679919336915,0.708683633674239,0.536226670696454,1.29986458908864,1.95839739030674,0.169865434804024,-2.16590468564059,1.36503096603586,0.104148022694552,1.43234147245865,0.929695132997267,0.95329706560748,-1.65851393758471,0.27741050539661,0.19435714398716,-0.648608641268756,-0.431117323500653,-0.217328597240924,0.0912472453859661,-1.32878520094646,0.314557433830366,-1.46650370571885,-1.49415790780304,-1.69545061391802,-0.737242957748156,-0.395424222259585,0.221841723741975,1.76274919696845,2.86811228574241,-0.21961536634993,0.0961055605117756,-1.0771357905725,-0.88517009394202,-0.0123101218050815,2.09763980221253,0.0432689666629926,0.960730360593726,-2.31532367128308,-1.02438961662809,1.59118267782082,1.93463626555278,-1.77271672935661,0.0647641880550685,-0.397646735883958
0.307947353051512,-0.741299182858531,-0.212056360960358,-0.600047372652475,0.833599355490966,1.08184468905433,1.09358986917077,0.934226787463453,0.657066520036292,0.302969190130883,0.576066737254505,-1.13716135338497,1.05239224547036,0.451236897616392,-1.01980110609175,-1.49761996114401,-0.937997985622862,1.65792415598216,-0.437590726246508,-1.04799188835879,-0.921765425664446,-2.16833186184713,-1.71206489398093,0.837120416630831,0.897640330728015,1.29141454215047,-1.32409343995006,-1.50293259278421,-0.967999404479773,4.35944801956301,-1.6130683725833,-0.194131030264748,-0.824382763090725,-1.71882325622829,0.0168625314068099,1.04736426471195,-1.62518536020299,0.123154137090745,-1.77703083303051,1.09498466701894,-1.93071725973333,-0.798226742159268,0.389629643694838,3.28346702809531,-1.030989081642,-2.6619181738963,-2.5251227370569,-0.16730799142064,4.67982409874582,0.764828245725019
-0.657187321733736,0.0470327192194934,-1.31280970294441,-0.566362660460909,-0.614789714227218,0.353125790612621,-0.132536562145302,0.559017636439669,-2.69236287474978,0.104571806324999,0.397335072545066,-0.152972916477599,0.0990792658884877,1.01032297300517,0.0136744633634728,-0.743886136612536,1.58491817527579,-1.40192238538843,2.22775891572931,1.58576145649643,1.95753003232372,-1.09028173283354,0.284549121818092,-1.9333456141718,0.320371663922266,-1.42259551081457,-2.4057017737271,2.99968579661496,3.66249241664543,2.80412528797601,-1.43112144509183,-1.08466408822369,2.90231838044816,1.03161000334476,0.725087538403286,-0.285157237672196,1.14062006158441,-0.0700426738337203,0.607045347123823,-2.5956320562612,1.6526883681933,0.700773304475438,-2.80402327993894,0.941450966761658,-0.0997751480349005,1.27852860566535,-3.98417191620141,-0.121785969160844,-0.935155887490573,-0.0968425968672708
-0.516928181149184,2.49315326613863,0.603317500166905,0.193129066562131,1.30512538833978,-2.11701648573417,1.02151092352705,0.771610241187327,-1.78604324607634,2.84534239707603,-0.461732711666825,-1.92429402745264,1.53593169971837,-1.79937799665479,-0.724165224506531,0.393393423693057,-2.45821149090058,-1.18590921207511,2.34398537657888,1.0323215142611,-0.426411455547622,2.92996014009511,-0.436516107063451,-2.98477212326995,-0.503327632108753,1.64984698136849,0.771270536737087,-1.0067807039099,2.25924751071594,-0.755010480382102,-1.41268182148199,0.272600400899234,2.84400581854002,1.0647964438965,-1.92481209491728,2.99352693743335,0.195657230646017,1.49899741968457,1.36610099015902,0.23377560135058,-0.399272411579567,-1.61976521014075,0.468854996351238,1.54226986306138,0.253102442278438,-1.71051734579022,1.46667593202709,0.297258500382812,-0.502895287629345,-0.509036207422488
0.59508727447666,0.203126745735526,0.903825968860043,0.127401401210481,1.0655631573038,0.079578084759942,-0.556574105095188,-1.69817050034808,-0.378896050951121,-1.0614018583363,-0.603455064197829,-1.86519843705403,0.475800708128741,-1.23208153832284,0.541631097054935,-0.301868309256422,-2.04563552468023,0.529294678654831,-0.792456470967893,-1.65342771211239,0.834266142447255,1.17861916917013,0.993910952905251,0.335958118547443,-0.671555325175196,1.41317162315366,1.84772547613164,-0.603595062473193,0.39259194745713,-1.60199017150629,-0.206171127879943,-0.854246769266014,-1.36373196281405,-0.376722748288706,-0.606220413346097,0.403438415505904,-0.307658395654148,-1.55444371660686,0.67465945928694,-0.290199231790041,-2.65434864810493,4.04766937111257,-1.71674260643555,-0.632465942223165,-1.1864904312179,-1.61396137383414,-0.89404437710283,0.280865495736909,-0.774486969839542,0.227676728678318
0.343306160790853,0.777598215441257,-1.54065997859072,1.86837733086195,-0.326393250861927,-0.786856933994335,-2.47479414921758,-1.60090184354538,-1.1644008294244,-0.488548004423386,1.42183592602219,-0.982316261581264,1.54273796882203,1.77167310843332,1.0809477444679,-0.427216551125523,1.78723423034599,-2.53413242846631,0.199823395345611,1.17252135736225,-1.30251962462199,1.89549900498479,0.47466951151679,-3.28344575301955,-0.596795853532534,1.46496161914476,-1.85663991706579,1.42129978455233,1.44885319971079,-0.890854038827735,-2.19402026303861,-2.49655188784234,2.84878482725163,1.75681743879109,-0.0324243406792371,-0.654551166446078,4.22763515400748,0.883095086781667,-0.796683414539997,-3.26001959103432,2.4937605413262,-0.899732304364742,-2.2664545937491,-0.221067698822166,-0.693209130372869,-0.160255650515366,-0.0904177877997083,0.961720556571347,0.19540413970449,-0.468481128163419
-0.922807869829623,0.595417549863544,-0.0362928884059017,-0.584277065219566,-2.39217346294752,1.74836553824917,0.916282636165625,-0.129208149716616,0.212829844678653,-0.837872012937687,1.08402478676562,1.94161069927862,-1.22569166812422,-0.562920290410902,-0.0401684157677166,-1.3273091145597,-0.731942160101394,0.815783870195354,-0.853068757226338,-1.68732084510232,0.376683186098473,-1.09192250326066,-1.37968304629224,-0.246011549807428,-0.109916330147983,0.708635898065592,0.269318132650273,0.91286795022367,-2.02572885756666,-0.0898982661886114,-1.03622313790911,-0.349206341291201,-2.11920212662303,0.0225313126388514,2.13421675246044,-2.21135224787929,-0.370905345714732,-1.20950440579507,-1.2747284501358,0.198732320275586,-0.682257023470182,-0.888411373613122,0.491929732514438,-0.642671809940957,0.379429583190463,1.46812461372939,0.3302273856636,-1.18520156299349,-0.950663986675768,-0.72045918580088
1.78502093568933,1.45053798734616,-1.08666137303797,-1.53699408993467,0.262014205935928,-0.685599256663454,1.76905521567031,0.22264372252071,-2.31153879136173,0.571146521301879,-2.20502401115598,-0.492345050450656,0.952381401913078,0.484405272198863,-0.163420285574581,0.268036137297033,-0.0663596065178301,0.741216057084925,0.0621764833146459,1.49624340041532,1.10119072106271,1.8235956253892,0.493923122195877,-2.05592351894595,1.43820170462326,-0.7358976913101,1.26672029206298,-1.93516470368566,1.31360678952347,-1.96589194921584,-1.46927096282754,0.111799765074606,-0.0602194508136295,-1.25051440036095,-2.27236809691507,-0.451147241977908,0.462615330087707,1.28354585742471,2.20898522625578,-0.513521744856032,-0.75465928423948,1.3465208093583,-0.816596602506683,1.0147079183057,-0.969614473882872,-0.695652787688991,1.55797810456011,1.51104242098844,-1.77566042887624,1.19854641869573
-0.217044428381008,0.242599513837776,-0.507405220831647,-0.671896095405005,-0.0964984015102979,0.795283090696747,0.749239229200535,0.752190598630726,1.43719451618646,-2.79937904246474,0.134059386117025,0.930463134222592,3.13192524969625,-2.35999259728806,-2.69311052861903,-1.83141631407267,-0.0452324558231566,0.233559328819726,-0.22443439606684,1.67239016561491,1.36419356915762,-0.624776117560101,-2.67223796921156,0.739320517210624,0.120952066965016,-0.0317238572800121,-1.67377068983572,-1.05482984030346,-0.909056280831763,3.69921107156679,0.381831366804929,-0.769669591084064,0.742733601058367,-0.509451411395116,0.0627621345133195,1.91810648431662,-0.263594764614322,0.935337395331813,-1.02215692050535,2.34663444054049,-0.773035444229284,-1.07868657882716,0.275360135744465,1.38365938543477,-0.828396825462269,-2.04857843560952,-0.0776869801742124,1.44251110747874,3.77175672061086,1.78384894758258
-0.00108519821409214,0.449780529727795,0.25355507217151,-0.24347125534891,1.64077179739867,-0.903640555061098,-0.15081797461541,-1.20195706288261,-1.07456468705994,-0.561851498865382,-1.42965870090701,-2.99347033737222,1.83243682963818,-0.11498601465974,-1.76904036137924,1.93002249152157,-0.280267259791163,0.53030468174471,0.461788725324146,-0.150616801098085,0.642374207586435,0.553450234357638,0.724137711965174,0.515344051808473,-1.07331408174206,1.16610461136586,0.941927354564114,0.335470351047943,1.55729769202295,-0.894477122277048,-0.00397429643500107,0.407523515663823,-0.996523046958385,-0.733043292275375,-0.102274753945239,-0.601172018996697,-0.842678023097727,1.06989307163093,1.19702206219519,-0.85793954654812,-1.70520444457589,1.97762569868553,-2.1230612679305,1.74162023773685,0.193186827680223,-1.92554814522902,-1.03521655136908,-0.204496087500853,0.574519468918027,-1.25998215481349
1.92422983932823,3.38911070147176,-1.36329222116493,-0.167581252245651,0.650534797112429,-1.10676936541415,-2.61187713158924,-1.59067488531965,-1.53611122918783,0.455373500464087,0.2998978760249,-1.15525272163764,2.1154095254462,0.0616150963804298,0.081310231160376,0.137652737391996,-1.45784480655915,-0.227558687349785,1.61138444278113,1.65202870747898,1.59082825766609,0.43288614418614,1.4447178770898,-1.43640028686624,0.948084808394299,0.703889997683991,0.895875383194305,0.478303300386295,1.43563711294611,-1.72759963494164,-1.78724145348346,-0.614363224576439,1.83079705763315,-2.04805484890193,-2.83425099902977,0.646079004451907,0.961500753905658,-1.12928346020177,2.73733771483356,-2.19681446833895,0.170009585791868,1.78526850953254,0.141475315518475,1.903593959869,0.234691126188544,-2.02346912462795,0.513167240885085,1.6812970426907,-0.400408293059896,1.55383710953799
0.573019948846125,1.96527228002756,-0.644550802648581,0.618305937412191,-0.721820374562502,-1.76024370116266,-1.59130016673337,0.436064617953068,-2.64481445822468,-0.339263899365796,0.0739490973693985,-0.477352998672555,1.66811106875067,0.33918615152343,-1.24964957517594,0.205010738216288,2.49519171968233,-1.57930141068973,1.25928566710818,1.06617082480887,1.23841933417225,0.765786491868064,1.78089475835579,-1.35978446458746,-1.32496485295999,0.277369508127295,-2.04880173404098,2.78978752441041,-0.554438366495513,-0.593065185799059,-1.85587583501459,-0.325006538490871,2.15383470329698,0.75183815673289,-0.138764767248404,1.16236628301754,2.56999432991284,0.822062262472487,-2.63543054081703,-0.985286873541724,1.31025272799275,-1.35944296549146,-1.82379626844095,0.54680562061837,-0.387942816825845,-1.36205733829269,-0.864872661300552,-1.222531544675,-0.0685252121593413,-1.29622731386037
1.3860133758052,2.47994885800473,-0.568604103220888,0.902632155525609,0.277988222623541,-1.58327110755438,0.358046300900425,-0.267132103695688,-3.65916716357788,0.97367542835363,-1.33849600416129,-2.13687353505102,0.425065747067495,0.331719936813451,-0.631895718246903,0.711488308046044,1.8070711971282,0.405546038842421,3.29771205823235,-0.578426141869088,1.86236908900742,1.77591186282751,1.11002654715801,-2.6991648750576,-2.12593423256659,-0.583297265352715,-1.58984344721558,0.664712525334139,2.32611887123278,-1.27543350683759,-2.01768044950492,-0.580068258138368,1.94023259943044,0.891135407632044,-1.0368284359141,1.75570397215426,0.197225240050612,0.968168124842664,1.74221532236303,0.91709352877358,1.2472823946061,-0.490902344010284,-2.04745834649377,1.05814000289282,-1.26513775514954,-1.72290217190416,1.28136751596746,0.00557345909697171,-1.50823555088597,-0.775700580086322
0.563839034099025,0.103586213420262,-0.685960487143847,1.32708827553471,-0.671693490652232,0.0258474833752026,0.451314235987207,0.564827350823633,-1.12726851501861,0.0889711729700694,0.024875057408418,1.42134369658247,-1.85158788052607,1.5216969947822,-2.21617632676774,-0.736837548065093,3.42570841728304,-0.854959689647331,3.17023385676449,-0.502517606705688,1.31300233767425,0.450520247103833,0.653298304879852,-2.52733698432968,-2.38202594920981,-1.70186862832995,-1.56928528939082,1.46822737636807,1.95288098306891,0.60858387361067,-0.855683965608345,-1.08340103051746,3.91115683780697,1.58211414726124,0.278227713122246,1.43587124202686,2.44905536575663,-0.204093056695357,0.0897586380002812,-1.63698958594616,2.53312960588559,-0.193105991743084,-0.0813701939724358,1.98845220616678,-0.0445374256705131,-0.0920269689069482,-2.36345165750338,0.230027347058887,1.04694047049792,-0.547955925636235
0.138052100758838,-0.749671414997826,-0.339088550071579,1.55076407755553,-2.28861931901879,-0.616798524950877,2.09793797243763,0.690724213913421,1.20906900151411,0.88053029284739,1.65035919954371,1.62679654927351,-1.45713686210347,0.345651561037133,0.569072041467738,-1.87068948848849,-1.08626629873273,-0.645215823645399,0.384503948307995,-2.20871438778481,-2.06499722773531,-3.30261348845931,-1.69912142338561,0.270404026080287,-2.44635467017492,-0.25892256074149,-1.3423248067752,-1.56728291474619,0.0708449966719408,0.579941278359852,-0.684820890139496,-1.80834781643636,-2.05227167031676,-1.15045217698423,-1.32067798694067,-0.326653292544505,1.42739013784822,-0.772543485980378,-1.22153791540336,-1.7610775403127,0.48599069325581,-1.4722560474679,1.55354108930605,0.901111451512993,3.32010677448915,2.08969822232322,-0.846815557636419,0.212976481130891,-0.640417507641493,-0.844082061015776
0.460508599297493,-0.426524622365989,-1.85876651612348,-0.96371969202436,-2.28370477322288,-1.54768461349555,2.92997880254148,-1.29776128971366,-0.575414577493644,-1.1016438937003,2.14266507532832,0.88815181991529,3.40870714611734,0.608810232793683,1.32846088301376,-1.07069830866379,0.311969098305945,0.79793350769051,0.165372858289687,-1.15603866291067,-1.38832356854902,0.67373334143671,-2.94420056633079,1.34861559157698,-0.374437199904159,2.6371695705505,-1.41084132293759,-0.38032008023491,-0.315513262858373,2.34353570878543,-1.10050729982874,2.19326926340807,-0.458348773790913,-1.94365383193256,0.307365423214496,-0.140493073758726,0.731342483496167,0.490780400607669,-0.704265681735895,1.41802095538382,-0.728432281402879,0.363247459389484,0.164001550479408,-0.508138134214493,-2.39891769706738,-1.85977561987488,0.328359502844549,-0.920560503740304,2.06513981412683,1.67914554425486
0.811593531257075,-1.65601120832028,-1.59639956262195,-0.462279927511654,-3.24064668589364,0.178228773219345,1.49183739884584,-0.507871985587119,1.22787788904052,-0.692395909268833,0.876170445791245,0.0164137076924048,-1.79477903134911,-0.027761952878145,-0.441277040347705,-2.74311583368995,-1.33216157265613,-0.0194230534240128,-1.26018222607495,-0.16680359999071,-0.110355695105173,-0.29335313280877,0.459197118699383,1.93315951981872,-0.774948360047073,1.37370353729895,-0.0380570421370112,-0.826430717580071,-1.10425465921627,1.38566744520845,-1.31617559748429,-0.328821480898962,-1.38652835950049,0.598438416689025,-0.7473739695868,1.07080123606264,-1.71499544370266,0.899837052360632,1.32247158688861,0.220822430699377,-2.33693757977229,-0.245136029960386,1.1641051626333,-0.340275836255654,0.669546343839353,0.135526763287886,2.51712894795694,-2.57158754838982,-0.223868083302783,-0.276602839892617
1.72210186430715,-3.81632865696799,0.121564846733861,0.638972765556851,-1.0717273582877,2.00109626436608,2.85375385367178,-2.8504153381498,1.56463203055338,-1.09912743820608,-1.47593517214761,1.65209252572401,0.279447765611237,-0.706834355782417,-1.21833925327202,-3.15407814387274,-0.759397594045006,-0.0507100208435826,1.54821810193459,0.58142754427287,-0.952736148278575,-2.77440460458006,-1.77201484777771,-0.159287250681644,-0.90964616345819,0.702571508499563,-2.39708223371531,-0.323097394959345,-1.52574738700622,2.09084701933077,-0.199085298947511,-1.37023433828735,-1.43199596128903,-2.03997854487531,1.17336137477703,-0.795763174707197,0.0988089328014976,-0.625363288831255,-2.05073574254966,3.4903190590458,-1.39849471626165,-1.05361187630505,-0.492776876233749,0.818879916249327,1.8138338950203,0.721004225550261,3.73342978023358,-1.55404638850007,0.00702664151983661,-1.21660759761943
0.947483022386109,-1.22894653419916,2.41392741742197,0.35218199645385,-0.904566073652231,1.25347536411505,0.499795804384686,-0.731891368404787,1.40601066480092,1.23872058037432,2.38804908129642,1.14922258040461,-1.45469890697491,-0.131663743145843,1.6842615388444,0.467152997650767,0.402379162227288,2.07056004498385,-1.11541647550331,-0.0406621716347364,0.11064049123517,-0.53901104372805,1.99283493896715,0.771374983532269,-1.38464857670631,-0.310247122286748,0.800665364778973,1.95784387028635,0.903662901686844,-1.97098153895703,1.2048068642274,0.104356299098602,-0.989775030926687,0.420490992847649,-0.904171885729296,0.0386773032822421,-0.328102260596114,-0.850046827284422,0.309528354311334,-0.77782497453481,-0.279772361870653,1.47681836885671,0.391154071567979,-3.37122679008173,-2.75263060763739,1.67365379378472,1.73822613949182,-1.07666718189733,1.60339569527747,4.08010478151009
1.55283142622385,-0.351541326217193,0.180703553602343,0.321508799058864,-3.17835109183427,1.05134826879107,3.48950175888259,0.700620196107584,1.0766018387129,0.52807945980315,-1.33777432140963,0.110650557596561,1.97134715769479,0.75904630507868,0.0671883628353634,-1.51140895063543,-2.2251916925638,-1.45551778343416,0.721708233823277,-0.304124471961607,-0.199397498830775,0.604197690352184,-2.78533476659058,-0.573973332106957,0.120764704440921,-0.0150823837277493,-2.60283073816174,1.00888832848455,-1.54524307518849,3.8478805017655,0.311110388443591,-0.790286073834237,-1.14788067507546,-1.45512766584861,-0.351590748962757,0.0592251661654124,-0.830880978899147,2.67795954014121,-2.58527099720807,1.32775483518463,-0.30812058920618,0.149709500059106,-1.1521876622927,-0.0271435562134895,0.543874274233199,-1.79441774410584,0.97586262389851,0.605973838099895,1.05888372009768,2.48996507714567
-0.593972319867137,1.23694134498015,1.63741070400519,-0.933300446507701,0.463745732782086,-0.939749927642216,-0.442706291388725,0.900873856535606,-0.160987587545916,1.27782024395591,-1.85698615907691,-0.473193164590058,0.770389415992837,0.187059814653903,-1.13624828271003,1.14733786769097,-1.57553926663124,1.0049377788335,-0.51028871884841,1.06150367034294,-0.611342683381363,0.653925600922319,1.89723613332493,-0.90542581153637,1.50577873799126,2.77341926118189,1.4013038059967,-0.93625335148526,-0.242676579094009,-1.07980138461938,1.40884558236164,-0.515758281509607,0.6841167570855,0.00466022217837582,-2.3933214655554,-0.0710885968503636,-0.931437056435773,-0.16034886364549,3.44210075379629,-0.232339849099063,-2.17223301623412,2.03918157523654,-2.01958648198719,0.0399967957054987,-2.70185450436185,-0.761554458776588,0.622256278968108,0.670329419286382,-0.982519217944244,-0.836943812893001
-1.71877404794249,-2.30691161054464,1.1401755646417,0.0516710952616466,0.906971604277133,2.39750608954044,-2.17248210827064,-0.912555518404634,-0.000689550397648661,0.19478092976255,-0.68705826561351,-0.126476932368043,-1.98766172087536,2.25882034125155,3.22755311857432,2.25940726317951,1.16352882151002,1.80219776362268,-1.60388776159971,0.573331084484042,-0.1272344655594,0.964728587637766,0.398763640269663,-0.783570179227456,0.766795510354329,0.4366428996222,3.10512957229597,-1.01283433707892,-1.0666353075351,-1.0872901302705,1.60386277956654,0.488051231657584,-2.16150661424006,0.370070561337435,1.06181404897533,-1.53662556318359,-1.4762486920007,1.04693858878911,0.328023848945341,-1.14923306537683,1.19549101188479,1.8356200110833,2.54717451474431,-2.39268877693814,-0.634550067593467,0.653790638031666,0.929326631108558,-0.17280985870022,0.230838975037148,2.98604462415607
0.104151666949879,0.484862805435794,1.29121135226685,-0.228474638269992,-0.673126442378617,-1.51816014864268,-0.707885118182793,1.81012634768389,-1.02244140200823,-1.77045531024795,0.0633151099547127,-1.95355457098954,1.77222331380345,0.32390332362053,0.23660138032115,-0.0516518596642243,2.23328720696602,-1.39333787928003,0.171512066828376,-1.24791660415312,1.34021352968816,0.864220149655706,0.451976498088744,-1.80037731493127,-1.01629196995548,0.824689983731882,0.0725805598185389,0.634921947074852,1.08836528033113,1.02712294807168,-0.0710866591224584,0.237255443168565,3.98819232339792,0.736864233450958,-0.980423279716168,2.08192422034718,0.977748221970847,0.747339946930285,0.10325679776612,0.697309048399418,0.872592376179597,-0.167650541066778,-0.711642081896067,1.33673644265397,-1.15994416286511,-1.4397004006967,-1.66631624953661,0.902432462119665,-1.66757039529504,0.988160762931269
0.552120934008607,4.15825892918173,-0.42742244358273,-0.159689434258542,1.06072132715706,-2.58869109694962,-2.22601426526177,0.393199831463733,-0.0208659675116545,1.57057573403363,-0.284116451951025,-0.0146896073743383,-0.390720077596876,0.756921536124119,-1.66254376609807,1.07706956507712,-1.80972797598472,0.0420066688699197,0.880855481894137,1.89045388888572,0.996325246509587,0.448899872536397,0.870357459642913,-0.373363784968877,-0.74163587174361,2.08712134627091,1.62500368894974,1.07183938916433,4.72357221389314,-2.29359120955282,0.452353731068463,1.60506696071821,1.98207829967774,0.346690573728561,-2.70974290719039,-1.76732399163761,1.596484971077,0.092853891910293,-0.369854935621698,-0.814077261763353,-0.666270249283268,-1.16649571820483,0.565767281953869,1.75689235684302,-0.418963490062935,-1.30203704767224,-0.733882986463861,3.55382216423604,-2.59790642936441,-2.31035047396365
0.836151916688825,1.25920524383773,0.249425644033517,-0.943265681077612,-0.0428718794013117,1.48690234963714,-0.328727211008489,-0.648866172030653,-1.15378443192099,0.808309033549403,-0.497806783171822,-0.0432782050991842,-0.0823385912173994,1.53207909288085,-0.774630925396589,1.95855432825972,0.204139454221571,1.95102531454589,1.05407998817499,-0.397274754274571,0.380759631862361,0.986991436282438,1.2941431664615,-0.607858717972146,0.875542781360916,-0.542448745431347,1.45530627534878,0.632595762689374,1.91930677643584,-0.655501347554839,0.371467605321445,-0.247049535288865,-0.490884940061479,1.04711264459204,-1.95003629588046,-1.67159444833692,-1.68195854155462,1.40194753294783,1.1846328535875e-05,2.00851020430562,-0.0569080071738208,2.36551468192644,1.28862759671925,1.37072525983922,-0.148413756280345,-0.562603879029475,-0.277490638656661,2.81481623981585,0.0189125867009192,-0.354887165956925
-0.308028977051916,-2.29410713249978,1.07349809887938,0.624737254380958,-0.677917149479531,3.10760410536615,-0.42159491664522,1.90675599461331,1.11046226724442,2.99815689119825,1.24786326173673,0.817943926776397,-2.41236312421693,0.22516126461677,1.76799995434319,-0.506702245434602,0.53342883690192,1.34446444767749,-2.5179431801155,-1.31262431458155,-0.646526619312312,-0.767747230342417,-0.700358495501256,-0.26490325554535,0.621956712727112,-0.326092218799014,0.405350151684888,-0.772297835660824,-1.7141375802872,-0.674023487730097,-0.952201211206708,0.973380285338481,0.022221121899283,1.37007266051333,0.296547200592192,-0.666230419537302,-0.0484250116179774,-3.41910670542792,-0.152367579566657,-0.999808346607896,-1.41577759298472,-2.43157465183425,1.03235169260622,-2.03030746342843,0.955896443964446,1.9386672224356,2.06303566919288,-0.566169503225652,-0.457935193938228,2.98672097892609
1.67233738941729,3.16906270864266,0.456124646936283,-1.2798443126054,0.918199254300523,-1.13866886249764,0.202768288784485,1.33893337738728,0.0264921772978493,-0.182086760208444,-2.60410368281938,-1.21416635185692,2.4876420785498,0.171161297497259,-1.35002877973947,-0.517866490762296,-2.33132508824977,0.594739210767127,0.316926240306225,0.37048904555728,2.1366598082088,2.05939526227101,-1.15216071935901,-0.352310467984651,0.534179930160179,2.30952985793406,1.44213383371211,-0.128311471274526,2.96495502362849,-1.04004956310729,-0.927925964820391,1.66588782881554,0.666376581741941,-0.895153260469015,-2.09633020544099,-0.019450852336643,-0.048305444740241,0.571278526146007,2.14651330954438,-1.14209425686919,0.518942932627845,-0.442675081803207,-2.12335134406688,0.32343091466211,-0.104606204976805,-1.12402695003126,2.06136371759368,2.60284126728852,-1.1376642615485,-1.54576376762838
-0.640877962720674,0.34174285936619,-0.615639163134711,-0.653821135540266,-0.763210377628275,-0.550074355856314,2.76857252864856,-1.07328924997203,1.67623752918791,0.86758963073111,0.689698070342647,0.85204787561325,2.44403802305593,-0.67047754288381,1.08262579545603,-1.13281267850989,-0.317356384568983,-0.924009777720647,1.64170750848352,0.106452269425716,1.89333997062271,-0.0718678651476325,-1.03599644433441,1.43203006121365,-2.70630451402552,0.0968074680902396,-2.1990219755713,-1.86804554690657,-1.20730001740544,2.81114408038375,-0.837797531723194,-1.89476862344223,0.611531785962179,0.561360849322489,0.658174497676485,0.935212715754007,0.0397526827696618,-0.0978501694813485,-3.40789039603599,0.5299443473846,-0.800849499168789,-2.1310424458324,2.04446682207578,-0.975552985638641,-1.42590819735968,-0.64931817387082,-1.51402426803844,1.30096890259961,0.648025950554487,-0.714294898834321
-0.204922652109848,3.03425088445601,-0.571764573578267,-0.66977919459051,-1.14409565168112,0.592633289599109,-1.64091491156924,1.19566576530071,-0.791247776436523,-1.03646529705353,2.45026309093347,1.61662665555291,2.85452484229354,0.671209097078478,0.227941228887038,-0.896315599761935,0.701310578418162,0.848255285281183,0.470916372977825,1.97958043873914,0.784390046736286,0.661916194146679,-1.03510561391299,1.18577597579446,0.522697148327157,-1.91042897726242,1.5220857943563,0.492200101915036,-1.17557908818262,4.57125013022725,1.48065545664452,2.3513439197826,1.76933322387894,-1.23312272267013,2.66822317564775,1.48469819113595,0.942048700832386,0.648143392272187,0.372913618322015,2.66122713697527,0.174792007316608,-2.03336227436158,-1.37656237574118,2.77214004305622,1.13112030512842,-1.19970600425039,-3.8840478637027,0.952958490068369,4.45160680929383,1.2880012467098
-0.155543400423953,2.90947496663895,-0.824744811505881,-0.192456665663635,0.728725977041671,-1.20176334428414,-1.48842507305185,-1.96338118432074,-1.22206823156806,0.679611170969826,-1.4159777780441,-0.785014256789146,0.774221937974511,-0.0338269021211739,-1.4262620452953,-0.554925656026041,1.31348425576406,-0.693330399777491,1.197269853783,0.560489947820796,-0.600942177096691,0.416768842412362,0.803468911367474,-0.419914692042466,0.108324395337746,0.754673176518928,0.587746553088396,-2.1476571667941,3.02918470276124,-3.07577771435951,-1.1167016890894,0.812535398663732,1.59422629976246,-1.86283596857251,-2.67811097626199,1.5202032123467,1.54253550355371,-1.02573348958095,-0.198479093157385,-2.60863299273326,1.36882735468893,-0.0656951501101187,0.361481347263748,0.592196257166513,-2.00447627077884,0.492353925807531,-0.664096293670671,-0.268224909672639,-0.19978101809122,-0.27936735620261
0.653832745220365,-1.16125763217542,-0.585114416933776,0.598301048641794,0.00609725305114794,0.735626131291254,-0.78099492691494,2.65369664995914,0.427606092943347,0.984925688563357,1.61159195496122,1.40912545120573,-1.55890003586273,-0.860798538235706,2.21543491988089,0.459060188115395,0.732241095551332,0.939119728646932,-2.62098626991675,0.103475214714869,-1.48265208936644,0.963379411288691,-0.626069391494192,-1.04056962037356,0.797713641239534,-1.26690579800694,0.817193240714866,-0.502322347093572,-0.399170263727006,0.921768312036332,-0.248277393899985,-0.568474077326235,-0.115326518412029,-1.22494310890585,1.63356170569169,0.213804377113288,0.569322746624058,-1.29354318330097,-0.712545227058938,-2.29279122670471,0.159915165274071,-0.233085502993593,1.77531927589103,-1.028887145083,-1.38501338845321,1.63534751844985,3.08344531832342,-0.454006561237366,-0.808696170674926,3.09768991726835
-0.709575755983634,-2.11668605992259,0.465698518738921,-0.340962232552007,-0.257564724375571,2.31028427102072,2.50599224645536,-0.460943494056539,0.370960443440534,-0.000510974576819798,-1.21473433202958,1.21511973099569,-2.61716791602685,-1.08319164511354,-0.0289951390207804,0.38966975054493,0.604472931750716,3.02703459959833,0.181620268007112,1.07472962898396,-1.29044174916059,-1.52168463747006,-0.778980667347059,0.65377986416577,0.330859577127101,-0.770008602617808,-0.689831761403475,-1.79731309195551,-2.96399165576505,1.60087667706344,1.05567240628551,-0.67162715712242,-1.88124381564838,1.857659522644,1.30975162076753,-1.40826129872633,0.663693552008595,1.12479614816929,-1.71284139945972,-0.599251290182214,0.194361008644762,-1.32758229172084,1.21884193920477,-1.29733383486531,1.72936438343015,0.207192028442244,0.353215622105452,0.811714826058738,-1.65445072817079,0.4283226536966
2.45857960107018,0.659264333038635,-1.34577081869293,-1.04793537380454,0.0270519347476743,-2.23756924517335,1.48976282836844,0.194838225564811,-2.02257321998678,1.55450024409751,-0.777146610571326,0.878133748440201,-1.77140905060854,-1.07352211310838,-1.80617606253211,1.59583755065737,-1.28253844725243,1.86229317983253,1.55674565790378,-0.133125021124898,1.28307949566007,0.0668069868580145,-0.233934596209264,-1.78921804452637,0.303965678867795,1.65127397474637,1.74114315936304,0.20160089629869,0.858700515957383,-0.717784062701942,-0.601605151591253,1.7422260243692,2.45448799637408,-0.592378533373061,-1.30502079701927,1.30730240371593,1.39632285310039,-0.49049381404701,3.49061000473924,-1.00784052468622,-1.21693095274605,0.359864541374816,-1.15435656948429,1.09217627067854,1.47946831529515,-0.858130772290398,0.604881542873618,1.9771376387204,-2.76804924783012,-1.66889758467756
-0.256723889961621,0.398555628400904,-0.384822367341623,1.18671615656515,-0.755982004496397,-2.07625158768071,-2.43025055256776,1.96690681314108,-0.694281664349723,-0.781757751809591,2.58852672979931,-0.266165487333519,1.29739534611531,0.338000475716163,-0.130684762446637,1.00782710034983,0.971660130648462,-1.90091241684323,1.8769559659262,0.627383422198948,1.67353558414376,3.09501385345678,2.08707920964537,-1.71687379726809,-0.070896550072799,-0.614177570844877,-2.40868709118163,0.961460587834601,-1.22753457085856,4.12308051393284,-1.73635563496685,-0.937676706540843,2.74364603939544,1.98519345243491,2.12430652817931,1.35517692625602,0.830020737830401,-1.39688484736958,-1.57663864072569,-2.76355270453714,3.27236186542586,1.61406348064995,-1.550462329759,-0.144438129176982,-0.0660436196793271,-0.592386435285017,-1.99735129983336,-0.581509179046726,-0.546763663050383,-1.91028479089206
-1.55270310407603,-1.01215375733146,1.97175683634702,-1.11543379217774,-1.92215848118419,1.07913224870417,0.843739448410435,1.48711280346157,1.67544785027189,-0.996663739342983,-0.711330350511357,0.655385344898734,-0.740749150437209,-1.079701864697,3.13269371214521,1.68929065894809,1.22482487296374,1.49731753071797,-1.57139009084962,-0.639721159395102,-0.119144238133079,-1.80113804908924,-0.387850896631861,-0.811640874377277,2.2032500351989,-1.86970263020848,0.665485792037996,0.0840084122989884,-0.0194105516034607,-1.98866832601661,0.297899269927102,0.416318480571249,-0.439258954964805,-0.879614415121553,1.14469571584848,-2.58322159871287,-2.14285251984497,-0.70745506585229,-0.392099357683333,-0.369485081243241,2.12174819855204,1.11969520623752,1.0796879263228,-2.46774763541506,-0.266781413455872,2.05639392204328,-1.17305560957239,-1.91455513462285,2.10758805334128,2.42619675331794
0.730802022496956,-1.18579022961464,0.658610182266957,-0.332538012128618,0.985347278721261,0.513667618815854,-0.63763674383614,0.136393398594869,0.311860987889687,-1.16203526743267,-0.150577391714011,0.649414579612828,-1.50552549306547,1.17535678324569,0.113250367097444,0.632481994278872,0.962522053097997,-1.62509966100787,-1.13385787143352,-1.34910381785591,-0.0972471934321509,1.63689833053991,1.6625919954431,1.77066434994362,0.892183687461783,-1.44530804319057,0.527349637976408,2.00957369622198,-1.04153032319496,-1.75025587755234,0.528918313517224,0.612017812795838,-0.401028715750422,-0.163716996211341,1.91490037045964,-1.96296830003866,-1.5058983164333,-1.32680698316486,-0.124023043615157,1.53627112675904,-0.262893901512293,2.09554101367586,-0.969252646587951,-1.18871954947853,-0.464262690455993,0.702328772741977,-0.133614422111262,0.419446949759822,0.251814162117358,-0.94704464298977
-0.854937095274196,1.48845136005335,-2.60896359470063,-0.532866274235065,1.72778360222559,-1.00982984935696,-0.240167251637088,0.149749263593262,1.91555364416559,-3.47097722640363,0.688380348160878,-1.01627900676339,1.31792449825683,-2.09284842336176,-1.16708386149838,0.191824951823088,-1.55466162972605,0.823552258192139,-0.160795048531855,1.81085500918878,0.146344890115666,0.815182532486668,-1.20660010597081,2.09652567233531,0.178857515946305,-0.673631465784491,0.251060306883833,0.0769729264110763,-1.48880107227209,1.91886549138803,-0.0919576075541241,1.81688602849686,0.78030424778072,-0.803119835125265,2.81460414585203,0.206750284609575,-0.512294678025896,1.29101871383762,-2.44106515692997,2.63787515856705,-0.321044807956836,-1.66278060160844,1.15800332380067,1.30050715365822,0.011181914811269,0.449226176229492,-2.86433461198317,1.26324819960335,2.58673611793711,1.22191397292446
-0.412549044839031,-1.23274660359263,0.125937078251325,-0.437841990507805,-2.21741319457292,1.10650918073703,0.916879597592015,-0.0891247183310889,1.50144367270388,-0.368475931315585,-0.9980322447873,1.07953960289039,-0.69730676512631,-0.0958738237075267,0.784925197067091,-2.51962431193119,0.0727785590003471,1.47403554209975,-1.21123091754582,-0.597279569673947,-2.07807028344861,-2.33861856675332,-0.90245668912163,-0.469465976643226,-2.86232693527227,0.999043810529499,-1.88358929726663,-0.094092206901851,0.0333454821140071,1.47681164769538,-1.55118436177939,0.260240547141537,-2.94972037770764,0.654015403099506,1.06744054475043,-2.42225365581135,0.666803857958619,-0.216027313664328,-2.22431771599843,-0.21867279969201,-2.28187200310364,-1.85301357555684,-0.707031126070616,-0.0150570330720894,0.762121673633823,1.19638057714533,1.31727191355155,0.466414135552701,-1.30771379296644,-0.171571947941619
-1.02716664389845,1.87744856557931,0.227720663726262,0.95437621413481,-1.04906900925278,-2.3404659365511,-1.4064971752405,-1.21330511498653,-0.997087299895179,-0.258803395428033,-0.262437066750051,-0.402532347421236,-0.176774235550438,-0.129418216459398,-2.23421021531032,0.230813221961983,1.18859776634471,-2.04476026198097,0.888235755012275,0.558987858043459,0.025383280324154,1.0699505027809,0.0607240817952518,-1.44654719574689,-1.15203412138438,-2.33546925001558,-0.790092296069276,2.15657196158747,1.99242302451455,-0.0433962486602385,0.0815809431665576,-0.762596438370443,1.53165238700612,-0.158759158267792,-1.24309277892928,0.586366315940759,3.51355517154231,-0.890405627574001,1.12079081526314,-2.1604308788629,0.0903454734211856,-1.13214374729677,-1.29564132021066,1.52416411440683,-1.27557386978873,0.551040353027957,-1.3888678973389,2.75756794801981,-1.57793615168271,-0.295147683452257
-0.554908339732771,2.7545819161492,-0.852269796299283,-2.18660188486288,0.642438623830295,-1.02965944595561,-1.09348086608525,-1.44508130707498,1.21973963376338,0.233912314697011,-2.30635146989553,-0.776446180706124,0.123241502227436,-0.633074238475451,-1.3193098655039,-1.1317454263327,-0.0302760907436236,-1.19791846348225,0.520433974423144,-0.0739840213720414,0.588108430244076,-1.12571864773002,-1.20418178409385,0.158964572668739,1.44472343114915,1.0910461130435,0.776928423082578,-0.598903643080983,3.48620452660656,-0.284378990608407,-0.852460854619709,-0.204162429693429,0.163189885292042,1.89759740027019,-1.81533013018096,-0.890806212267606,-0.837050973264509,1.32590446481227,1.16874270001783,0.313159109477407,0.674048885264943,0.543762513593962,0.302487874592995,0.776004126151333,0.609187833728299,-1.13023334960115,-1.96573159023323,1.79675916339831,0.585350229547266,-1.75931279509064
-0.372401457670629,-0.562021795700936,1.85137910194053,0.845459654658225,0.758271436878011,-0.482067551852119,0.38240912802571,-1.57009784420088,1.16176663364632,-0.734746500949748,1.52586887419703,0.56548841872448,-1.53766728477273,-0.285338425215641,0.381492931755032,-0.350630580987678,3.03676293635997,0.482033821539697,-1.09205925400774,-1.43701806440312,0.306128438394401,0.358540512797302,-0.690553381018137,0.751475095891219,0.643129640961828,0.061577553878987,2.34924339559988,1.15029181532208,-2.43411778985184,-0.973639567594577,1.46196764546165,0.642374544328906,-3.11399183989395,-1.33636752022732,1.89972162048568,-0.515738071509346,0.377876652709919,0.781937021874478,-0.130791413854348,0.31555217030583,0.666441745014588,3.09075773641114,1.07364898901128,-1.55419450203791,-1.156741709557,3.52209235915472,1.22013059181079,-1.35647930209599,0.80392142218113,3.46841409873137
0.614465342025494,1.83253660111668,-1.29271177000218,-1.26884262776419,-0.984035587327592,0.103000073351022,-1.70135143302947,-0.204811959213764,-0.916077308264106,0.729353551270044,-1.72292293562352,-0.53387953616018,0.534775412472057,-1.43179659789683,-0.99699182591868,-2.43922044943049,-1.39361088912364,1.15155238869073,1.16872488253077,-0.128064477868747,1.4604612493468,-0.242820849833371,1.38160382605424,-2.69342473418077,-1.74938323635408,0.7638960788923,-0.168419883318752,1.00273289262438,1.65489733862464,-3.11488818570411,-0.347607456352439,-0.576927991273923,1.86114101084003,-1.38642184696781,-0.929548960261779,3.25622298093978,0.813412809277386,1.59834645761988,2.2500612867637,-0.343063836400144,-0.686770946491742,0.820845684211873,0.230436421807008,0.167290500013934,0.335135649849658,-0.522777542395131,-1.17451756750875,0.351340966294263,-1.58019596030615,-1.65321182273734
