"V1","V2","V3","V4","V5","V6","V7","V8","V9","V10","V11","V12","V13","V14","V15","V16","V17","V18","V19","V20","V21","V22","V23","V24","V25","V26","V27","V28","V29","V30","V31","V32","V33","V34","V35","V36","V37","V38","V39","V40","V41","V42","V43","V44","V45","V46","V47","V48","V49","V50"
-2.41822445349903,-0.801950006323114,-0.0075250084115724,-2.47656608240431,1.26074397607084,-0.241231995472005,0.172947475392818,0.894463528928737,0.73495242105367,-0.337413681193381,0.0826348571928719,-1.55272379816809,0.850113407897428,-1.33779432669881,0.526322714757162,-1.03163348391711,-0.667549310024722,-2.44283577864649,-0.759107910516949,0.884140957626678,2.75698825777829,-0.385268972173805,-0.067882788623513,-1.12847936830261,-2.01646732802212,2.66027469529692,-2.68378966196264,-1.55748451417469,1.1078446423052,1.81229151927077,-0.240696773488012,-1.10997276745024,0.536919079968367,-2.96157095002257,-0.701538390615836,2.19963398226475,-0.341966479195736,0.233616631044248,0.293082615648869,-2.71271186650022,1.07678005950402,-0.768391159444573,-0.615928208210423,-3.45260728451552,-0.674437489031194,-0.14398630799067,-0.866938622781354,-2.68288733789199,-0.410426103228082,0.807117076913298
-0.300008803556642,0.321044310797109,1.10871676279455,1.77649894722095,-0.389924855614348,0.232892897601006,0.454486417819897,1.19823038695009,-2.43373610442148,0.617431453414299,1.99440544056924,0.763347846344918,0.264525391301569,0.592010247145626,-2.4889072688955,-0.860986334606385,2.20914707963001,-0.833222289813936,1.14766959648634,-1.11846417652674,-2.53772775473992,0.243961927781049,-0.358865320787383,1.30283430618908,-0.147359588335232,2.46651759324371,0.204823193391575,-1.12465617643721,-0.945287136328047,1.2239486809078,-0.15427180878753,-0.711404358961564,1.55193306168657,2.18804479447166,1.75939406194203,-1.4853580585,-1.09563863905295,-1.38701593769992,-0.19663123125463,-0.839737336131642,0.181005409537377,0.959988329095444,-0.534840028637945,-0.347936591576927,-0.287810523182526,0.529995915589209,-0.237849684770935,1.77462397679128,0.668151901674485,-0.104762799730104
1.26423645178738,-1.07121769919211,-0.360537607830857,1.26041583570613,0.743977874445856,0.24021806655157,1.82500439806329,0.462821872350725,-0.790233459028642,1.70401251246819,1.83010115534188,0.992939116791688,1.36368529571495,0.546885907039049,0.544458337745401,-0.644105015235296,0.720489269614776,0.636082817753165,-0.282375105423942,0.178130725709017,0.163751432188417,0.238043492314116,1.92326366693421,-1.54027092641743,-2.36542542101492,3.00967584098602,0.181649228760357,0.718659822085025,1.65371847096623,0.404445591768992,0.650084140589186,-0.468091708483222,-1.4785468164517,0.902883917136857,0.534317036582215,0.0681307635710372,1.21470274643362,-0.585823635088409,1.00352872758954,-1.32168118538098,-1.41997899635167,-2.22748419272165,2.40336796392529,-1.09551215341953,-2.69981102232337,-2.33317237653067,1.06896074308405,-1.11665004975749,-2.28542549735359,-1.4945339861489
-0.657756153395795,1.44120396951269,0.809114512670391,-3.93388055240723,0.308907399967336,3.26710184730093,0.813920775831307,-2.62021826068394,-0.437872453772042,0.760780740658998,-0.393989798617691,1.06093287632948,0.500574584462901,-0.635142968230237,1.5412361392262,-0.198830410113812,2.10250987367061,-2.31235809564845,1.41638211666544,-0.655983519148031,1.59010569806375,0.389728874851429,-0.0994309576847675,-2.62408360823813,-1.78783569000533,2.44853858013439,-1.64456028607936,-0.38316585667228,1.03449823259389,0.0379514452627903,0.0149798575208753,0.647018942676665,0.825045815939639,-2.29739031414181,1.16144709081281,0.466246261025327,1.38742659465646,0.329870685877315,-1.97152534865337,-0.93362704369678,-1.2470090784472,-1.94577597149761,-0.926998620993885,-0.217850434169885,-2.71253298959059,-2.31807475365165,0.10286969767934,-0.623906549855892,-2.58821055523765,-0.216439175720909
-0.229856840394466,0.147048240033901,-0.748280140515356,-0.406764316664085,0.304425342724954,0.102701758333087,-3.73075237651874,-0.68604697338814,-2.13792371427671,0.237029925356168,-1.33078363183351,0.346911718010177,-0.0836135491659162,-0.750420790430367,-1.03419051947433,1.83558845729142,0.0930568440296651,0.440059901827269,-3.11385450587854,-1.07520198555832,2.5540269876628,2.10265813458648,-0.758332457632293,1.23363037949248,-0.289540845332239,-1.30070827028095,-0.937767826289593,0.614792926462763,-0.629133153381519,0.711542926946909,-0.378713335247528,-0.449798641475675,1.03472293303334,-3.13344645977769,1.0861981350925,0.56113266866161,0.940876376393428,-0.751495618665334,1.33614957782816,-1.55672885669042,-2.29231628750729,-1.20537864787982,1.55672676532928,1.45202274688008,3.74082034302061,1.03633415713017,1.04725671409629,-1.55021845312648,2.53206909922924,-1.48543850315404
-0.404515948531604,-1.67468812317014,0.0949328354848666,-3.2225975563872,-0.597568615134782,0.437987089187468,0.60600280546766,-0.0994400686988888,4.39376845301496,-0.536597797883281,-0.469649818401084,0.754378318017145,0.161595914382631,-0.721076863615575,1.41796435587484,-1.01478297974269,0.220804671493894,-0.791849821242667,-1.05090297112563,0.632991300106457,2.56416763023412,0.230713344042346,0.626418795733427,-1.08312587332459,-2.50913632704926,0.456428384860451,0.422425071024135,0.0749620497223834,1.47384468954806,-1.7424348172184,1.12114589344726,1.11647487516648,-1.92611999062657,-1.73366319363755,0.134416647835228,-0.6212667530295,1.17790064598023,1.94732671441678,-2.68448712314569,-1.637838604305,-1.28787592033625,-0.0898867685237443,0.470804614174078,-1.58526834849968,-0.0348242956770897,0.0396103399061398,-1.576512392592,-2.25513806702276,-0.850757038613513,-0.143217167469546
0.90191148876237,0.301155159156743,-1.16179845363909,3.0170704932667,0.810742525175545,-0.538013788851752,1.63458174434699,-1.83443567629155,-1.28247793302831,1.10339854350452,1.82063670844509,0.4794158971696,-0.803840752298482,0.880501102801188,1.79981524614311,0.0972829932092294,1.69497822605316,1.55076405472169,1.19228763694737,2.02101348437769,-1.81985288521745,-0.654999722071506,0.947041894617713,2.09288425565221,1.31924936323794,0.438019716277512,-0.0348876427226764,-1.78460303971938,1.19475904376757,-2.17696428076709,0.491256966476028,-2.53522096475825,0.509884221153649,0.641985881571977,-1.60168162291195,0.42002212942902,-0.927520146247199,-0.764919924474982,2.42467898610748,2.52045242897542,2.06076985563931,1.59178663864917,-0.125619643164044,3.01377488039663,0.634145316860605,-2.49588387436857,-0.656392762166525,1.85460676249796,1.10939078731051,-0.321049123475334
2.36229657684906,-0.680337761389071,2.72393425710604,1.57531664682716,-0.614914835738789,0.382551810583531,3.36109061909093,-1.9317169946061,-1.0706035832608,-1.30469972314091,2.28270648154651,-0.639334355808718,-0.108139521946637,-0.40227925476736,-1.41291707542102,-1.57028207374591,0.427608332637242,0.900207665531988,0.237917475748616,-0.567951640030854,-2.2290763952937,1.11410806696463,-0.617050770336266,-0.881652196390959,-0.559327678046296,0.772680462868916,1.63208600199507,0.145479866452111,1.91661639861796,1.29852019291682,0.681521264114178,-0.874484043968742,1.2452659276938,1.33973205351897,-0.587749075877648,-2.05666877951783,-1.28919122726603,-0.317976183053311,-0.52356789842399,2.05015260600339,0.688705698876499,1.38609200636853,-0.855368887627821,-0.827233208012331,-0.765853071423138,-1.35704266058372,-2.66205508064706,0.933450041827092,-0.450104576718376,-2.51424457633081
-0.992400977182109,0.0510010774391157,-0.0377118305383041,0.522105727146365,0.725291292433913,0.956747072087222,1.97868512676222,1.58966731169278,-1.2255186166825,-0.322543746228419,2.88946772474042,-0.0892917228708231,2.55037962669742,2.77937781973171,-0.540882820814432,-1.57366066678819,-0.359023378463685,0.212984025845236,1.13879164674057,-0.937091345357736,-1.54310784093422,-0.77781288711478,2.60392575596496,-2.91682645916977,-3.14824870757093,1.58117236825631,1.65054409003087,-0.974663915834176,2.35465203669676,-0.394182282844813,1.11670236014741,2.52619972701249,-0.0746603298447865,1.96889344728759,0.289937519020362,0.746343123915418,-1.4901078032615,-1.56658749365779,-0.425753715742187,-1.97629744755455,-1.55879497496051,0.753106089013645,-0.808481081349286,0.835568594834784,-1.79874364555064,-1.62760622055546,-0.955576894348116,0.954347127760156,-2.45755796481626,-0.463553923029217
1.43637247519197,0.601439579614057,0.531326543678617,0.0457156086657877,-0.467343232897663,-1.10554870352397,-3.59608425388696,-1.09262207172617,2.13531088155491,-0.408747961097839,-3.19517436595692,-2.42514609016193,-1.96332947234823,0.0961958962116375,0.775300184476166,-0.422150775295133,-2.78553638630404,1.00462277091231,1.20988618290549,-0.791474964992086,0.788991922031906,-0.952659843368736,-1.7178474095168,-0.608577556140603,1.79923790895872,-3.69853675933689,1.74944394353624,2.34424332919369,-0.757710898778395,1.05455881611129,0.277497258968098,0.207844055444887,-1.87930405758737,-0.710682949947214,-0.832446182350151,1.9371115859964,0.569446442282124,1.30537432241494,1.5223461052271,1.90905225003145,0.213002151192646,2.09363721540911,0.176086622833759,1.80226261504296,1.66086767025187,3.01755851218578,-0.970163691894835,0.887794210537626,1.77110339146703,0.278145285267631
0.956803221283542,0.277718789732396,1.45241524866843,0.0320722049385762,-1.04782225446925,0.156942837074162,-2.30367887984331,1.38565773778246,1.95574451560111,-2.18418223769979,-2.24397235052663,0.896677467733659,-2.37891428937996,0.137799325578432,-0.558789448317042,0.393459536699078,-0.424748157916931,-0.526651302978776,-0.721873271455105,0.928296504686033,1.67211321964612,0.176135654995598,-3.31812370637843,0.639444249901016,1.061589231117,-0.465345817110925,-0.891220514753467,0.804561978456891,-2.08633394915527,-1.26805319554212,1.62090155685937,1.35102507611109,-1.01566250265667,0.59326819965403,-1.19470365710944,0.0106224254051738,1.59042526582577,-1.04425625475114,-0.081792102505317,-0.141015147357154,-0.00729207075574535,1.86868170102619,0.605453632767177,0.29743977899281,0.642987551001773,2.19228553706255,1.76191299085465,-1.4440135718023,-0.374329968272189,2.36002317923366
0.143235900022072,-0.511798661720103,0.474817811938865,0.521174736697465,0.202724855221183,0.901366454326989,0.0220761831525016,-0.349141032621564,-1.73375272601208,0.833109167844525,2.0186675152561,0.992906248591997,1.48738315404323,1.57619697620653,0.551858631302932,-1.66320061624515,1.06462804659434,-0.67929973091875,1.00544581461941,0.50860756215034,0.612981227966714,0.342407798594488,0.136958942829216,-2.08524401306298,1.45266910218213,1.50581782620881,0.200611081076028,-1.7400756879416,2.63622361873072,1.33936961882026,-0.491762772622031,-1.82293377099385,0.84720239770111,1.40227360135182,-1.14153453069902,-0.862549371412115,-2.17513220301862,-0.756209388387001,0.239931723848146,-2.29401994019888,0.151377750943098,-1.55374126173613,-2.14769899081653,1.62698012177721,-0.730144040052178,-1.08098903830687,0.248625376757992,0.954583086085801,-1.22809706721969,-0.439147363429451
-0.489584693907162,-0.627869872541052,-1.99875043870651,-3.08417481489228,-1.13663387214746,0.400756453288409,-1.17572654689218,-0.052634114850935,3.28539545820118,0.644457678243707,-2.18806193456824,0.948219492029194,0.486393005093178,-0.916899335183536,2.69939134147129,0.921789614550034,-0.0943875379574254,0.776912343411242,2.00772039984681,0.558120304447905,0.670910495071743,1.1291401115137,2.22709403079342,0.0386577157678454,-1.12698713879021,0.666352484482195,0.401217246290237,-1.04317648898304,0.642529585079867,0.698102404045643,-0.190683181120045,1.35363495751705,-0.510757873875388,0.00608626007786356,1.77537733521814,0.352637520782865,-2.28931900835814,1.82750226504976,-2.52847753124323,-2.06807957055912,-1.00903680249524,-0.280937241749803,0.750185987475081,-0.767107888390344,0.581014801828651,0.230370548761151,-1.1376269615035,-1.10018432120205,0.302599087191918,0.350654272440078
0.786259333523668,-1.86227895036894,-1.61942656991029,1.42114384950746,-0.267145541857507,-0.717354189853434,0.03093193983109,-0.897646260711196,-1.67926028691332,0.250451428297038,0.974505461120272,-0.322251085381842,-2.08797620287408,2.22359460452471,0.0147170452200493,-1.65129701197948,0.381045714361608,-1.09185777368382,0.247818278525354,-2.06494182059196,-1.23622642923481,1.04394987141197,-0.231821334707433,-0.432280737769651,0.442862543698081,0.560525221103971,-0.336219226404896,1.02335397829852,0.282640721707334,-1.39250964811099,0.365382886371737,-2.56051895562377,-0.218417312607619,0.900497656476117,-0.471133872374239,-0.406474008859077,-0.864866926658476,0.634270463953143,-0.947859589163909,2.85867700458387,1.89000369781223,-0.40999237673167,0.50211034220393,1.83071305065222,1.08590709038,-1.85398804727953,-0.951690885471468,1.67323388657665,2.8959913217196,-0.393612694505878
3.00934148896243,-0.0155142571600791,0.611336533930939,-0.30399072763396,2.93591640653016,-1.57995806286315,-0.645332535604736,0.917516175550198,0.486631543963824,-0.849807655815498,-1.21595791848529,-1.23245285557379,-2.35724918015862,-0.621492732428569,-1.36839808748142,-1.493484208548,-0.442222842807291,-0.0971005772190628,1.10110829244336,-1.33917425989171,2.5262434115937,-0.798246357019487,-1.87446903811416,1.33585498518941,2.25405169920041,-1.19982763837494,0.366847122844474,0.719789154624281,-0.215187403518738,-1.65226150516576,-0.959707807040049,1.0424687134661,-1.27898664531631,0.410301841434964,-1.16850566106983,0.246913814834612,0.449388642192881,0.267964267825749,-1.41779842280181,-0.736087404519368,1.69319399639853,0.181373895914889,0.816895319004701,1.35545492980457,3.18245848203971,1.19165801279561,-0.364063679429899,1.43581160297715,1.08647461306232,2.03823005868369
-0.831394456091547,0.285210770560452,0.900256225066261,0.160432463869748,-1.11217412485,-2.20233790718095,1.36999225497068,1.14433963372804,-0.352610052785434,-0.543586665301693,-2.64099287422773,1.07658016026898,-2.5404803550005,-0.689684953376296,0.534311779748231,1.3205587884361,0.753507985339143,0.0420764153504254,0.213285550917063,-1.00360548807949,0.732853886639847,1.42082626102051,-0.592220347039798,0.715557119692919,3.86660911933314,0.802646942422889,-1.08061503498242,-0.966783369429717,0.71696581461631,-0.549087320249781,-1.04489805928026,-1.13504587892063,0.294894807311196,0.592996575484701,-0.847832682995981,-0.947859009886181,-0.8490658264691,1.4034244792425,-0.781342736815626,0.630502230185709,3.06769016159452,0.61884920570929,-0.998001700875712,0.615732182096508,-0.236274771444134,0.209985736788609,-1.55291809187004,0.933044266235561,-0.420281097431931,-0.174507274032246
0.933666271526225,1.31086209536214,1.08850652295703,-0.321190356218277,1.24603215151839,1.47518631114294,-1.87282017466927,0.48942547367245,1.03248745030041,-0.832182421801557,-2.82003685739854,-0.689914241841221,-1.6845943843253,-1.58352901918409,-1.12844014907237,1.21251655164727,-2.81333724696713,1.18324748740874,1.40966483250645,-1.12389225207057,-0.157514920229915,0.708659304013247,-2.57421109685054,-0.237263953538286,2.11437179527814,1.06367889574705,-1.16500590433446,1.69770631267294,-1.94095777215757,-2.68321210796302,3.22198961935751,1.92415125577605,-1.59227668468936,1.44197060007042,-0.13272733693718,-0.641339168256887,0.967415742452663,-0.914492587563652,-0.33168509146586,0.357892603713091,-0.179743251667039,3.16191297596148,-0.737219875000307,0.229529540926264,1.13558043576998,0.648946880706229,0.829226424914802,0.550362384197148,1.06151513433438,-0.476211731580169
1.04156249501162,1.99744753601139,0.496598814731873,-0.113214476611556,-1.05332623556605,1.36166919788913,-1.83428999329928,-0.247603610960552,1.85229976086811,0.678464999164662,-1.81833476891919,-1.22057673482235,-0.841287162201367,1.8315596715067,-2.25924412112156,-0.505633339607655,-1.39161991648479,1.92484239110573,0.543375058971582,-0.86262874885903,-0.142837827113507,2.27157861251635,-3.37416395662789,-0.841717905085259,2.68228332311629,-2.10485974600445,0.157232241070621,2.13077976370013,-0.437493757520915,-1.6934270582816,1.18358541630621,2.01891249833458,-1.8874251598181,0.489047264656971,-0.132931732366354,3.00365618665577,1.37522185431281,-0.602818014923926,-1.85081917996304,3.25977762449852,-0.931990763767318,0.172115474049009,-2.01168135755877,-0.413411363659686,-0.571081447512558,-0.0893397911877699,0.170464544222011,-0.657156901337409,-1.06702056660486,0.854912195813721
2.28036400906529,-0.0196579046642943,2.01148738481935,1.20520413779513,-1.60621985691965,0.0929181708932526,-0.23592065631136,-1.59028831456269,0.417990614293848,-0.482413540437821,-0.419215555133555,0.275888299670445,-3.05110879712842,0.586068550051937,0.916148761940813,-0.560830442050828,0.504304301124115,1.58505945824044,0.229561882463616,-0.246223512583092,-0.790878505694695,0.579963351529145,1.45360442656049,0.276217040950501,0.812598846058557,-1.31357959440769,0.962475230853439,0.897436391910206,1.64508675441623,0.444185915589092,0.782352464020339,-0.914464617504127,-0.675027750283067,-0.535862843581311,-1.75997803945373,-1.05642103136101,-0.285907076442151,-0.860768373633254,2.11746871066506,1.41499788128721,1.36249663650187,1.76216632335432,0.76260350243738,0.820470303132805,0.553771913927972,-0.246101928547104,-0.807225502972285,1.54644111856963,2.01683298281267,-0.717600090209951
-0.456955881067292,-2.58802301421812,0.158702496129719,1.28032351908183,1.09880591623703,0.807691260282799,2.48243980531732,-0.0904290089682031,-2.03489435496999,0.214360054795671,3.66046584523707,-2.32698355116922,-0.526426758243309,2.77389173063144,0.0564647834494929,-0.542564248608763,0.488641230665449,-0.224170838254671,0.758411633009327,-0.024304707790258,-0.790990094830359,-1.095465083039,0.71471604078817,-0.535066690124685,-0.811532319641888,1.21372858053453,-0.13241912013842,0.7180675485593,1.0522017626984,-2.07510650828504,0.102330277713173,-1.32667912583645,0.48219583908101,1.67995056282826,0.838674728455303,-1.11446266629595,-2.92082864529986,-0.50862915928296,0.644929983220658,1.24801874696576,1.71318208759938,-1.68890678026531,-2.15003294508236,0.0701081052818322,-3.54404592526015,-0.920393188835711,1.05173295113919,-0.312186468935745,-0.344954587632904,-1.73576213982727
-0.0163451742925466,0.156481658278643,-1.07586427880664,-1.17846963096537,0.23091776535007,0.0616192195809019,-1.53698795551069,0.413939190512703,1.85501443695046,-1.43185539852518,-1.15983170420321,-1.69655897383905,-1.48173919297233,0.98589332674324,-1.53988549687346,0.349798050154468,-0.493006939986616,0.0902410820618362,0.686884855636522,-1.26959719754014,0.882443918255418,0.127539624544448,-3.20847362109361,1.67756051845805,1.91048796554644,-1.26350458211544,-1.65140631135156,1.87645210855956,-2.72903839805014,-2.05307390358419,0.0470953242572934,1.46250408638995,-0.712874561515268,-0.890571461979219,-1.11062577979332,2.42145718571278,1.97497899235046,-0.56747978377501,-0.768614285091983,0.34161738014668,0.397845293203632,2.18737770756076,0.108515233641958,-0.310990119688894,1.11912702631756,0.566898604912618,1.09182904298784,0.107450022391482,-0.981815425026001,1.11601024985674
0.44107821757873,-0.379786705409997,0.455304248296334,0.0311198781118985,0.966010202159729,1.12707239360691,2.0660301344197,0.0742346780715428,0.757223956417029,-0.694705584061664,2.99030830243017,-1.22222318317981,1.88509401779636,2.14071796704298,0.83306313070215,-1.97615018174454,0.200326356322436,-0.793817789842468,0.848025978833275,3.07017363322323,0.204546049530669,0.408186488418048,1.68319713608637,-2.28908872355395,0.149269026275082,-1.35445365501411,1.20150159255867,-1.03561061540971,3.27929144006093,-1.28674620033245,-0.105014474496004,-0.412748935351169,1.61539645563441,1.20496808094547,-0.574831126035557,-1.72875641408324,-1.17116399191723,-0.810692908001998,0.323129812121503,0.777264612381403,0.81974411004365,-1.27443878994962,-0.851099895992043,-0.0717270621468812,-1.83865873645925,-2.87121722246789,-0.898438396501912,0.649280295667469,-0.099561061968008,0.810792990669263
-0.512655625627884,0.742093211984112,0.31538909413138,2.92215277501319,-0.4004828811866,-0.801442871403321,2.37237270661401,0.276104494362656,-1.12916238483504,0.497842281890213,0.662972824743062,0.743849269473152,-1.55841497948481,0.571346856417455,-0.690525686783925,0.213940790520661,1.3119525848391,0.0747163676776724,-0.311599027017816,0.573120003827076,-2.51046506300615,1.52640953087418,2.38016853875881,0.279531591981347,1.54141553398751,0.553314361114742,1.0052164132656,1.72879468736647,1.38204939134511,0.0402639775939893,0.285509452909333,-1.45613349126075,2.05947877762535,1.50007772177408,-0.472034766456315,0.223882577762135,-0.831183771909599,-0.82738743771287,-0.29418171571515,2.32122767486992,1.84920500366128,-2.01250070006269,-0.144720386139313,1.44540451820717,-0.317359764119643,0.130474848302785,0.864359229490164,0.875744946396154,0.809969212342018,-0.286601599949768
0.470110695093085,-0.100769558614493,-0.309390154681551,0.31482748014252,0.837050448643922,-0.0373255542497689,-2.33927458145558,-1.33551868183858,2.71128762305629,0.338306096415642,-1.38909623075295,-1.22209990850703,-2.29499500545724,-0.757503279714152,-1.15969926262931,-0.356802988440951,-1.9581303803312,0.0284708361106837,-0.180348085003012,-1.93350611081219,-1.31799154452629,-0.798283449666113,-2.32471534092907,0.307126031867003,2.9229149566508,0.90004546555993,-0.709371051622545,2.92239739703182,-3.67779323042317,-0.173491898550232,-0.904493997417978,2.34099676801938,0.288265335027964,1.77960371690036,-1.71976180163156,-0.895837897974346,1.31067857390079,1.76920241789417,-1.50775269534624,0.332381907157472,2.52917192826216,4.12978430890484,-0.924397387581669,-1.7094612267915,1.69807385065798,2.6094662057514,1.31326006715111,1.16860749853058,-0.31538846927204,1.96927960678354
-1.29439361006709,1.64058948745663,0.738598891218331,0.211144377602398,1.57006884492318,0.369641736260537,0.583500740612886,-0.16040542889055,1.73195938832023,1.36900139752731,-0.774093118891418,0.395812245257285,1.38466780301368,-0.0650795812306226,0.675907858018202,1.35593787744585,0.159241622440361,0.464015148594854,-1.02772427682841,-0.131007928116487,1.97053942579535,-0.879524356331103,2.72366885022693,-1.6321058955092,-2.71501606982616,0.859247715133887,1.24935309801231,-0.0851492256610794,1.08784576672822,-0.23426659686542,0.18518774759065,-1.57115647021018,1.10044483276289,-1.96821812992274,0.167188605300019,0.0744761157565162,1.30988922424767,-0.465065142943629,-0.722408072497145,-0.696635484514484,1.59726048244179,-2.39997536964479,-0.857424875608426,-0.547075059433051,-1.17890139367711,-0.904543781395957,-1.1226627925112,-1.79822117040902,-0.358624429114487,0.193802907313551
-0.84226645009904,-0.274701585127548,-1.81398427235848,-1.67797697199464,0.14088226937471,0.0681720357539567,0.202885338213736,1.47565331152068,1.86523479747522,0.336106746603222,-0.664343753537678,-0.0218568666761022,1.61312035367997,-0.90024219482072,1.96968419727569,2.14340925848116,-0.43255618680553,0.0398206719567963,-0.577843112431771,-0.516664908847242,2.0049386423169,-0.575798999598913,1.20310646960049,-1.11972691929804,-3.18160854079112,0.875869065357008,0.19484157823552,-1.12552556920884,-0.432864110036272,0.0293089777499139,-2.85953665472925,-0.193589383450702,-1.14378317363774,-0.725198009906774,2.42493849993384,0.720638569852335,0.364329343222581,0.622307231385761,-2.25204717141845,-2.51944516743804,-1.33893379398999,-1.76260136361929,2.89849424844244,-2.19927018804211,-1.83520325515185,-0.246013030035138,-2.61814989909575,-1.45256391458709,-0.910489183582582,-0.551318262949354
0.402426248855473,0.6761747575954,0.713036293412537,0.90075695505049,1.05901615342955,-1.11498430877274,-2.10596015607021,-1.55677746350526,-1.44419491550681,-0.649836973166537,-3.50794488657178,-0.936544198478691,-2.47302969875128,-2.00679321248718,-1.74514662177576,-0.413562999249019,-0.705147565434704,3.49501449087573,0.971076430854584,-1.54846198697701,-0.782529694725932,-2.16546197000368,-3.21304046847537,0.357559986074682,0.569435532017972,-0.769342115157109,-1.51183097714229,2.79565710770659,-1.14204023302307,-0.937421312840254,0.48890029291115,3.17243569578956,-1.61905049217869,0.199442646723856,-0.849618920520685,0.210817151510898,1.96002780783745,-1.19610239983829,0.48168212699413,2.9793789554968,0.392545843283356,2.29670265064958,-0.552767274244735,-0.393774456043688,1.27968305578986,0.869044012078061,1.89845487790439,0.36427843695559,-0.334314731683543,0.592368760404381
-0.562308534113379,-3.37526742944722,-1.16204344979627,-2.53861790707819,1.01841340635836,0.865082860455386,1.17526832182721,-0.998130884726761,0.974073705931728,1.12986937824495,0.650190317243623,-0.905603758041059,2.61273052480329,-0.275248706193375,-0.457947132929844,0.658480403142007,0.0788172448481928,-0.427841892006169,-0.588544043993354,-1.51272314527818,3.14094784686838,0.0269004604820016,2.30522827654879,-1.68902894018137,-1.28575464492783,0.598193735084227,0.0773691513523867,-1.07234272797741,2.72815191715995,-0.197547662507141,0.448600106239489,-1.0371646153226,-0.913222000089776,-0.508242657924828,-0.0893776523638021,-0.461284983747104,0.325856683342329,1.33123103841683,0.84004101384507,-2.57942574478486,-1.15534256727121,0.115241346328495,1.32947345959602,-1.17805057876889,-0.535627494289251,-1.26215015055221,-1.43714407052756,-1.84757627974438,-0.0395760197363442,-0.594180941486879
-1.11521878869992,0.290731127293648,-1.73033459274952,-2.58651338426332,-1.21763960148234,-0.370430303730553,0.811375784239865,-0.443898779037854,3.28591489438374,-0.826601338146094,-0.753979472445806,0.71780978503475,3.2153858245052,-0.733187752309463,-1.08871281420901,1.44269856259421,-0.439148082055965,0.747886075145908,-0.556227197920559,0.66580128789829,0.62506690257906,-2.40273833794217,-0.689845911919283,-0.726738072781697,-3.10960407201995,0.221817253412652,0.583722624281985,-0.790540968435063,-1.37018107707129,-0.551750267562407,0.102291057431886,-1.01970478190825,0.708304820705314,-3.16851672534246,0.881680246318545,-1.34071386886646,1.19585236779593,0.616720397550114,-0.806561763950223,-1.09958842136001,-1.10131081997244,-0.0909899061539062,-0.578160309715773,-2.35011264215053,0.591960196948423,0.700722801110632,-0.485071803336922,-2.51346414271981,0.552589995598147,1.37499445960966
0.160242502147463,-0.358309621927813,-1.84847960065758,-2.72771526096219,1.41158477976672,0.395536784935578,0.211115973292081,0.936522651858615,0.13649235622722,0.509159260504269,-0.552570760610206,1.35203170133565,0.23376543911523,0.108386446290223,2.43275234044795,0.301624597364206,0.655061253840253,-0.665677304326866,0.294335050325385,-1.05372533223248,2.39083950388556,-1.36227802783211,1.68228559984502,-2.40326947622363,-2.52311781185013,-0.420228329676861,-0.654708220951658,-3.27652680303717,1.44362862155143,-0.752226495626239,0.337402905425523,-0.403968364341549,0.441941273165415,-0.175566351282899,0.247617335250584,-0.60861432382713,-0.806959090543962,0.593391432442497,0.639922960978109,-2.52956382927495,-1.38127384109958,1.09939118041013,0.96490609450477,-0.738437257968741,-2.73643322866522,0.706513919414926,0.807363067038014,-0.231738936796296,-0.60784460218721,2.0199150325723
0.835052736631983,-0.179604780496387,0.0273192617514187,1.94140233324319,0.763404744535491,-0.0884791487257763,-0.325385850946998,0.858918903808095,-1.32494605433266,-1.14079511823591,2.84785437902439,1.143913454701,1.9444230948785,1.5838982491876,-0.978443305715106,-1.94832869885973,0.890979327578689,-0.514176720076808,-0.289121102784636,1.76774386080378,-2.67767696317175,-1.54799046474989,1.40106487628581,-1.47837226640578,-0.170932712368071,-0.0487012224116976,2.63026796882636,0.0712009646725527,2.29089540034576,1.17504307278207,-0.0717631135019155,-1.77099301387571,-0.969665902736998,-0.973227425818499,-0.498081663398076,0.171664183130216,-1.08685185584483,-1.5605994969691,0.99759464671189,-0.569672010394164,-0.811658604478268,-0.961134916359026,-0.317570541615588,0.445758859280392,-0.033302645805758,-1.04269152610973,-0.867947841283061,0.392366640137453,1.10308717989778,0.862166743852187
-1.53666895516594,0.392432160399675,-0.822942438148668,-2.27557817730991,-0.911808797710798,-0.0521691000437372,-1.11479890277227,0.946400561208144,1.97574802663244,-0.403857543383895,-1.13213515465568,0.929462212329141,0.515447578314477,-1.65099788645552,0.202940272347666,2.59174568226325,-1.12538656726375,0.572755644485669,-1.20647894133219,-0.073477032817792,2.4705180984838,0.100793989980558,-0.0557222411409966,-0.398681986938705,0.0135103878669445,2.74019562901977,-1.09153601454326,-1.40240643915354,-0.382146424596646,0.521994818109702,-0.754323639880937,1.26071893514488,-0.854098433422357,-2.41099800662399,-0.535974313339734,-1.33078223512255,-1.64947390407436,1.2387434285786,-1.23150393436009,-1.60367292594497,0.855856527708627,-0.49535256961813,0.860883508029157,-1.7521980360536,0.818221832961641,1.29326696328765,-1.48549398305834,0.804697811601606,0.863583504327739,-1.56134466343595
-1.17676802320625,-1.7659503006215,-0.023462647932441,-1.73126619958712,2.73023496119384,1.21444946289715,1.03870193203041,0.00157565570607067,1.0994719597827,0.44771796545965,-0.328924321421629,-0.600005136256003,2.90681341426332,0.628540057725937,2.11052950130639,-0.175340479140581,0.988445473918032,-1.98756286178858,2.07272749262874,0.65975879359556,2.76794750203772,-0.585008358327642,-0.576533230821359,-0.828853496697156,-1.65644663232485,2.31704236270785,0.631173690363446,-1.30215567540797,-0.668807393604919,1.63930481378538,1.58956310829482,-0.23222551248626,-1.39704424743253,0.700132676873389,0.303528156587405,1.22603399918558,0.577237254557282,1.19042335369392,-1.37384538582751,0.409034684719272,0.729983413744023,-0.227343307956601,-0.217223359533707,-0.443161114275566,-0.418852560246373,-2.27870059837554,0.536074407619643,-1.49763172705124,0.0221628957191313,-0.184560855864074
-2.11965882244104,-0.587718004961224,-0.769313522832504,-0.937518388255845,-0.246636919742788,-0.26282410273952,1.11199776525693,0.720661959891558,4.47948610661655,0.20341247182539,-1.05796949537896,1.20029216824278,-0.479672411345875,-3.22485938170629,1.9053006524973,2.50543856213958,0.128172923175266,-0.719171386326839,-0.811556024971604,-0.0375826621788382,1.61975847206368,-2.06813829023119,-0.992689705556254,-0.388799782855364,0.223892381632441,-0.618892463554965,1.04347282565449,0.312341963580527,-1.38280819334033,-0.874134552117478,0.484222899326353,1.05524949774856,-0.508964475596267,-0.380321496959866,-0.0828991450825992,-1.16824219251178,0.328456969858567,0.880750977305008,-2.45529377264933,-3.49983863069453,-0.0892004448466683,0.574516107329332,0.335985754824322,-1.8183894123296,-0.46067529579698,2.49744203659057,-0.804009557750541,-1.78603537433318,0.415507556575474,-0.167592385764714
0.514264384482534,-1.51976872721234,-2.14607628613002,-0.761255762138418,0.451300780141285,3.07440262612066,2.6727187393024,1.29955293069195,0.469193829686509,0.730719090048874,1.81964498283463,-0.25019903287544,1.23638581158125,-0.293707278253179,1.29115176302541,-0.127739052672034,-0.379638756329974,-0.0361901395247852,1.2179052765841,-1.26249943372904,1.72686991926262,-3.32086937873998,2.15429083493391,-1.06336232258332,-1.21813577132356,1.94475848240117,1.65032084769249,-1.20071935134856,0.974479932209925,-1.74022043647539,0.764558502939149,0.348684816911005,-0.821077224333314,-0.130221416693715,-0.0492272082361297,0.274144296778145,0.165193553978881,-0.172345532347326,1.06618566191371,-2.35252768141922,-0.946007094583612,-0.21614855767894,0.464769351344588,1.44328269275673,-1.85571641318496,-1.55656541979616,-1.83342768827311,-0.915894850966095,-1.27542191758359,-0.202204110679875
0.275533352437308,1.52520268497253,-0.331302338166172,-1.79415931002564,-0.989520393224461,-0.399700826582252,-0.393868125534586,1.78611840323059,1.15805391415234,-2.45870602888019,-0.674624077249747,1.59626424955083,2.15074014547444,-1.75757170716127,-0.550332032782651,0.836112842923919,-2.08526782145693,1.04447062333936,-0.845236862047028,-0.789162272285831,1.32999053198052,1.72323688318716,1.13657789756433,-0.497199694933305,-0.124196161364654,0.627735156348249,-0.99401617915114,0.0648703143905114,-2.56174463376311,1.92943120697938,-1.27752918267087,-0.340977622613084,-1.45871234687083,-0.435620447840178,2.85924374105347,-1.52427099295894,-2.66783545419589,0.796613862399807,-0.81178137420295,-1.49844524096022,-0.536995224348729,0.805571178914817,1.09173809071018,-0.946397178449334,2.0087155735339,1.36044089933437,2.19758221619387,-3.11349381165544,-0.0446170295851077,-0.474385663412686
-1.45269071509943,1.65333901727017,-1.74368052623179,-0.972889646402809,-0.958999850791168,-0.106246675523383,-3.24966064593376,0.92746697000642,-1.2352442705749,-0.548216662319566,1.14519148818048,-1.24238721963966,0.849163347456924,-1.56003335001832,-0.859764344290143,0.6601371471052,1.91848190005466,1.37559083495561,-1.35276842342894,2.78086510194149,0.620952957281991,1.46192644835649,0.612955157940044,0.84844144462137,-1.37070133374138,-2.11095619358163,0.553211998942828,-0.427215757181517,-1.13085887274087,1.43654963143437,-0.193171529148316,0.993012378983096,0.88555192125916,-3.32108857222672,2.63172851128467,0.245066310245269,-1.27374439438589,-0.262115365109173,0.824612578589973,0.167463760887447,-1.25361252530233,0.0342212624016385,3.19899346099052,0.862701202674037,2.39446051047569,0.111778823114695,-0.304444297451363,-0.194904633512927,0.296832374215038,0.960849272109791
1.03625507206882,0.798365163417981,0.356746387317192,1.05009696978962,1.0886127201549,-0.328229451007642,0.770884141598974,-1.13012777974675,-2.22836097277594,1.5527954146091,1.75546825281639,1.09706394469807,0.333681089642117,1.10239390991257,-0.564730141696767,-0.576652365075249,-0.611237234402038,0.130875158861849,-0.475452093045478,-0.0827062604880783,-3.3716248891506,0.592984491006785,1.18562042730999,1.39037482078497,-0.355741643346295,-0.242842764864486,-0.411892814725505,-0.967972316507701,-0.488947360637476,1.13351348373816,-2.30079648580252,-0.747220032596347,-1.99170348461828,-0.832884153356862,-2.87475420634096,-0.0353721387166047,-0.325899190746491,0.947170081856906,2.02485877338272,-0.152987873824201,2.7198419113158,-0.508599171378344,-1.35013634493791,0.290299883049654,1.50283792657879,-1.56124639473319,0.129455288565012,1.81441651543079,1.30410204946851,-1.01651316808135
0.00459127947166656,-2.69805851222029,0.878243559659586,-0.576748588363788,1.82323574755951,1.35599830256976,-0.586814306142834,-1.2903414289051,0.0783202330744978,1.22664707749826,0.831818012176302,-1.26666442198641,-0.365068932978151,0.223868426709847,1.48436922790239,-2.44441607324674,1.04449020721222,-1.10305084417168,1.35123800313024,-0.550527165282081,1.34912260055511,-1.04446811733615,0.696029200910766,-1.63927371202823,-2.18699921813029,1.05668614415499,0.47080294888152,-2.45752730290052,1.06735156417237,-0.087900506672362,-0.872618253119397,1.82545491429835,1.95008003315553,-0.210048219549661,-1.87642514600369,1.08802272257607,-1.15299053553038,-0.339927061629934,-1.11528327967611,-2.04253205518719,-0.415654575516142,-1.69952755201978,0.215922677810489,0.976419894509397,-1.17487572277796,-0.831092063558249,0.239801551018095,-0.0998751340627637,-1.57099985589798,-0.756083993039867
1.18736465603602,1.37033860298998,-0.735328646721797,-0.826183851596736,-0.27821067885527,-0.89691526006645,-2.23241423461104,-1.51141943670019,1.8941307984041,-0.768046195552257,-2.36709051642215,0.684527963872601,-3.43392974092061,-1.15746438923398,-2.80369239221533,-0.572666828043161,-1.39889190522701,1.95579604778896,1.24740610749241,1.24663808646734,-0.437204105149421,-1.24858430664272,-2.604413313356,-1.22822524822371,-0.048804951278309,0.464475382228595,-2.28468494123707,2.91958553754911,-2.21133988217852,-1.05824814558095,-0.405299053615427,1.41463570198769,-0.67633550699178,-1.52902414277281,-0.8568866295425,1.80783209777805,1.31959507944184,0.471670050226582,-1.27856557586404,0.890587792657081,-1.17301042085432,1.04387292743341,-0.49966739941106,0.806579597656646,0.76478116955849,3.45888428195981,1.14173475106982,-0.113090777599131,-2.75236938667023,1.11106342322629
0.623129045751305,-0.296700751344049,1.13248467728982,0.490508069466162,-0.850376095790852,-2.0011548000416,1.50389662180315,-1.56779548764682,-1.140018958669,-0.510414006860952,-0.569141639316373,-0.202911432573323,-1.69463528980511,-1.71017521963855,1.65792970978764,-1.24839663905543,-0.134999757634001,-0.394498604542133,-1.33226558791206,-1.11712664051488,1.88188731304507,-1.78185311774859,-0.0058405069662347,0.416557797534074,1.19777960998537,-2.51003604553842,0.880373528130827,-0.75189796701192,2.24517137890142,-0.595700739897591,0.141898785885014,0.110138109887467,-1.37107207780045,0.0166772757706775,-0.835547351500638,1.30817675061397,0.325135517559126,-2.90792530392372,-1.7424552141323,2.10122530951098,0.432224058799857,0.882927952880939,1.68629187010181,-0.376952785676492,1.13001284815573,0.772656926260019,-0.0444025736322213,0.940092359215835,0.442231788822639,-0.415912668366253
-2.61695837709168,1.84676456601707,-0.384203866464366,-0.384221576295466,-3.05950211053418,-3.16641314525551,-1.58118821966402,0.485107611581421,-1.06591772456805,3.74989838484374,-2.04883184347391,-0.191367585712584,-1.80525180220498,0.228577962369069,0.986512288321947,1.12944445542836,-0.182872797903677,0.673178908814265,-1.55620363775279,2.1281227674982,0.330103616218828,0.655646229526143,1.4467337578105,0.730207878910073,-0.36267801920008,-4.03667278675249,-1.64760462032417,-0.25304536539207,-1.32925760392632,1.95473130023939,-0.622891967116172,0.172167256808434,2.05972864385163,-1.4552076377129,0.939382335927764,0.734470470837386,1.55024437521077,0.0120160145337429,5.41423415219881,-2.57240498420619,-2.03464555983465,0.661577118257569,1.90348184532546,0.0550809886912206,4.49745025406102,2.01763083438974,-0.306381292381145,-0.650192521723376,3.054125274955,-0.122428934547392
0.260228012927637,-0.0901383632838181,-1.25423150732869,-0.0988000358916951,-2.09996095598792,-1.81773919389722,2.18124225102449,-0.524030992502991,1.63634635656724,-2.9684750034536,-1.21041610163798,1.14039721689327,1.88449323331207,-2.1921568307576,0.0161525391455711,1.45649141622086,-1.51473430610276,0.189346446200836,-0.0747987421651596,0.551035692402579,1.24443750874225,0.44663180609921,-0.529078668167418,-0.0548195264634985,0.0441893544167152,-1.73799537871295,-2.12195667425359,-1.74966977354357,0.522885494947558,0.957226494310721,-2.82995481831096,0.601261688135889,0.206698669742537,-2.44686045805995,1.95030596545863,-1.10000708103443,-0.114769882652783,1.11348995995004,-0.149716195323453,0.197347426815387,1.30026696229124,-2.57787049289329,-0.635051480803854,-0.839074819484083,-0.441503321731625,1.3788901359099,0.24241408628264,-1.24814216723912,-1.13190262233368,1.78439926904276
1.65709235642423,0.979822985316328,1.43339973014803,0.969684148194043,0.0124367060960396,-0.867672830567419,-1.38102832028459,-0.995375895951048,-0.763223889133885,1.02599787932053,-2.66331356883596,-0.798218644616286,-1.52676529844407,-1.55301298933881,0.52043270524612,-1.28989435764857,-0.980231445441017,-1.15807417920785,-0.355746174006832,-1.58503485263824,1.4672151225943,-0.799827122119348,-1.28165225920992,0.819391254080959,2.99046755028604,-0.574519546711592,-0.135355392200354,1.54596819238705,-0.632667325063061,-0.129580653603302,0.533635032250719,-0.978008141115849,-1.18561474136253,0.592985456601802,0.299479387987875,2.24888014248108,0.60157510028431,2.50343317860522,-2.39447269407934,1.89040583463729,-1.05396143807457,0.580963262289679,0.773327761543746,0.960319027013823,-0.532694669508456,0.30760853281783,1.71709026728744,2.3464778205221,0.23566741360914,-1.10147540278786
-0.637460876696771,0.93850652156682,1.35144119501537,-1.65549584246187,0.828186404947421,0.0871541309133391,-0.178690439630112,0.111885323481109,2.92238847342656,-0.647594465845411,1.18408925210075,0.950322987081585,0.336368497447902,-3.62507906524716,0.753447255338835,-0.551853110665946,0.122647559545433,0.152618345684299,0.147787602258687,1.42705818299476,3.24987825859719,1.4867912515742,0.130006773288043,-2.21185743760717,-1.51565570543361,1.59138543412357,-0.32663609666118,-1.21168834470581,-0.082640438696761,0.0787837664759747,-1.13466735809487,-1.63440168740615,-0.113729665873105,-2.41684439366979,2.60140138427589,-1.71720304064118,-2.30677477522334,1.20792657832859,-1.74234226076948,0.0865881777868527,0.160280430570799,0.263191138459416,-0.815760603995491,-2.12531993763286,1.42618695462077,0.429962221222005,-2.09972583724321,-3.00141774498837,-0.397208256670217,1.67517378983786
0.893429173249595,-0.622168158730926,0.645794023148348,1.99559039910623,-1.79865657421414,-0.701947526569924,0.370672170781623,2.23452817321693,-0.547162964612093,-0.200356538148384,1.19301531553331,-0.145060361844345,-0.622556831923197,1.72934713093673,0.360077111032834,1.0543497973999,-0.209162552786155,0.0128282504409997,-1.36948825909272,1.12177200064115,-2.87043874579349,-0.456831297976632,0.216573668074281,-0.271376872893908,2.36022231151345,0.790000214988565,2.9662852756558,-0.0882574982166266,1.60211570492913,-0.024243905313578,-0.903877255301372,-2.14164668378281,0.116974549637814,0.441324906875793,-2.88983703684537,-1.59691944702791,-1.02759861981861,-2.46791540642271,-0.436087734187179,1.00202882490248,0.637991469921556,1.62658904368704,0.164949835738202,1.74724265533295,0.488614661889395,-2.01420688987571,1.93703561859813,0.850982331512002,1.92000689509934,-1.13721592630781
-2.19361004484834,1.70869357971058,-2.68284360716074,0.558169999130534,-2.55500943591602,-1.50113703727532,-1.63163173564125,-0.354631106876282,-2.60081742571923,2.70504081374674,-1.44583722885231,0.956269068507437,-0.98214318274954,-1.00025627018866,0.414689186442057,1.73261744821723,-0.344682055613106,1.52755577065976,-1.80584492243087,1.25606622329342,1.1290258780414,3.19541605163609,-0.129367974822791,0.666350519809948,0.764286234241866,-2.14557886325993,-0.999746045702222,0.90900770079406,-1.01212306461423,0.774342565093715,-1.03862678363141,1.57467544773157,1.60249426534145,-3.94170600224101,0.743828994500797,-0.264955917571654,0.548096832343304,-1.77375145697706,1.02095838737687,-2.38785071400257,-2.3946548687322,1.50532186933923,1.99095677887149,0.39861629255276,2.83762195586935,2.32479132001313,-0.653637717663492,-1.07221526881303,-0.327764211311046,-1.32544445179531
-0.927638439412199,-0.170799237031881,-1.11237072443165,1.42465548639529,0.100770550082243,-1.03282512501914,-1.80592741181828,0.245184474160831,-0.436497805686777,-1.16639615245839,-1.22960702148407,-0.914348830785185,-1.20758914283613,-1.55686702454306,-0.867489223265687,1.30268632719381,0.679433143229558,1.94640626389412,-3.01371467510627,2.70905178657809,1.20184089096195,-0.17435804036372,-0.117867732506777,0.914057294222816,0.644286070983297,-2.17620188380085,-3.11173678888171,1.58212259926008,-1.21823732008515,1.46914496494827,-1.92526277381603,1.89977971237813,0.139477414057732,-0.618392212185688,1.26267242114533,0.962724368733832,-0.648524892022294,-0.132239765602818,0.154505843834497,-0.184791890455788,-0.65191552693275,-1.824667461629,2.17072960971887,-0.255307078122865,2.89704406939933,0.526532213658714,1.66610191783585,-0.113025523109123,0.165007221474202,0.226101428177518
1.53738042173463,0.235786143540267,-1.2046306607685,2.37601829141989,0.84635478318983,-1.68572264287423,2.05552808956201,0.216366742515398,-1.21346182120147,-0.160305606538309,1.24807971594686,1.05852188463821,1.2793358475653,0.21707090554564,-2.01181330400151,0.41264752194699,2.3559077290802,0.521527969903605,0.224518685917424,0.248508118469854,-2.84481010035956,0.133757462072485,1.07786488902785,0.444000010179281,-0.976288973663269,-0.503973595713301,0.870618743647599,-1.11202776321113,-0.054820966197953,2.27642380189985,-1.32093035909282,-1.68947473206516,-0.201404509470891,0.634934158179358,0.955937667803766,-1.07555591144404,0.682864609344961,-0.839361640071378,-0.808066371638059,0.861801190349243,-0.932831324311043,0.429631823230968,-0.640508284750095,-0.838098470430038,1.08413504444643,0.560676941533866,0.735552283158671,2.00895555280466,0.457454154350407,-2.6037373142486
0.902703715790167,-0.200998214803419,0.381129761944365,-3.21106150023375,0.757501472606097,0.142150366034065,1.81278782543595,0.707360090584768,-1.67755193084649,-0.937345945562608,-0.71071439108941,-0.415969645111207,-0.603891038062593,0.994469741742767,0.101759302208945,0.439758191478671,-0.0402035874460063,0.142260819796309,1.20911397699286,0.51771811722765,-2.82687008879284,-1.66287736388105,3.31720450670741,0.621040500326628,-0.101900608876084,0.510995883616738,2.04467556603404,-0.316262404828932,1.63248099470292,0.504027454028534,-0.192018696064756,1.0239634308989,0.834683608461151,0.517917331020102,1.79149969945772,0.711507556283671,-1.64253769287231,-0.836635568262394,3.40584972804424,-0.591691933185561,-0.571980049234442,-0.9097289425546,-1.96675623128537,2.71937765024454,-2.39921090482366,-0.64529148692293,0.621966290073735,-0.74402569612889,-1.68541804131633,-0.6184053741957
0.813333041155261,1.35437256524261,1.6394554815483,0.183419400096557,-0.818234509448951,-1.23514043142048,-0.104303721962191,0.299120293702211,-0.564973450007609,-0.489664428010074,-2.24292248463311,-1.42521650631441,-1.00613642286423,-2.29178510757257,-0.17718411384781,-0.07264600566201,-4.38301790839348,0.62981426849094,0.579519863586971,-0.5823545820395,1.52917809354696,0.0656434084231028,-1.9473550029876,-0.62234329948268,4.01746635040808,-1.6125240331352,1.31845479008835,1.44455191576413,-2.78149539319312,-1.78201366214105,-1.10428306932587,2.73197032358192,-0.61229427303635,0.215257660410259,0.807645009574522,2.10582664196202,2.09605726767971,-0.114666063938135,-2.152448859222,1.67450506727348,0.434474000802388,2.94383362969904,0.181814251442962,0.0395823906458787,2.17868511249045,1.6861988813231,2.88485923456846,-0.607718916082338,-0.893192632122039,1.83559620124242
-0.265556943229315,0.193070000209006,1.3038048967038,3.45358882253086,-0.336328523162171,-0.422348249310906,-0.0429796400438319,-0.905475778769843,0.546105698132178,-0.280722166465034,1.50945457838857,0.538782761498945,1.023612603401,0.872077674064817,-0.423598073224091,-0.913393262834752,1.92854009066222,-2.26571161064788,-0.1262174349772,-1.39659548432142,-2.37835597012887,0.767178446668969,-0.612174758209867,0.692624718658085,0.371985461974544,0.450756424214123,2.1589636755481,-0.784858103908336,0.872159255612046,1.50001792245577,0.0790572265566818,-2.16980480643466,-0.742176623079322,0.818541231946534,-0.0754366382370111,-0.989370621805795,-1.14655736012969,0.643919552163201,-0.283071731022721,0.664929187468727,0.850391658913668,0.794557304347035,0.538739266031892,2.46074787655816,0.594701039667519,0.739675542098932,0.529624850566685,1.31991612151424,-0.343313051750791,-1.51719060977587
0.402636890353501,0.846725031154823,0.611529758208722,-1.13927908758894,1.54936723670569,-1.30442317186837,2.54640641430945,-0.20551743929483,-1.39389952056846,1.64273416863144,2.16943994117231,0.207439897999159,-0.00256321263719604,1.67410866413122,2.50992436889203,0.0140794905269999,1.46037710489129,-0.863483686903021,1.34709722429357,0.305992659245949,-0.265194582997522,1.70291878803216,1.730988890636,-0.856543580833467,-1.00621347029371,-0.429336199795666,1.81574611753538,0.580492108343142,2.47369785942931,0.135972533992971,-1.1866618972525,-0.425273686413122,1.12366871235823,1.52336515931408,0.192262704051861,-0.0400264808771032,0.412589386445945,1.16547937118121,1.59283981001542,-0.586903552153459,1.43369562339859,-1.03239724462225,-2.80750176740739,2.59727394474879,-1.71143516663655,-1.36465483059008,1.32400489290236,-1.1897086932339,-2.66232421400902,-1.81157398566619
1.6144285744027,1.37184834614934,-0.600076612135137,2.77298950293361,-1.9996262114488,-0.227958800125904,0.688814608174842,0.770832056970887,-1.47682764719766,0.618329797195293,1.95097248990793,0.0515711870896544,2.63193568965602,1.38357319770823,-0.754304181738404,-1.13815438368488,-0.173388761377022,-2.45832586144485,0.478490431873862,-0.720961455475324,-4.76758119871072,1.53760590417349,0.992740214783149,-0.113271458697908,-0.0598408009326315,1.03105156623619,0.0722728389268852,-0.0218470998942279,2.02937606876465,-0.0195320354181029,0.433061959956655,-1.34694848436049,-0.767598164904433,1.9269250484214,0.900724716439811,-1.78020255237033,-0.156543375770388,-0.360838365054127,-0.0993872212429551,-0.082484454222381,-1.02998355942758,-0.448522620414164,-0.195435714425277,-0.366620517638195,0.364266643497694,-1.65309560754891,0.945179863162539,1.38598645360241,-0.405858567154116,-2.07848752802314
-2.170948612624,-0.360427393375727,0.911158205709127,-2.38290943375666,-2.32108878484288,-0.386442010881787,1.05159031583752,-1.1075076412477,3.55878087812807,0.770336656906577,-0.791524072241626,-0.794302957781949,-0.167354515951969,-0.899606233820982,-0.576130762462241,2.34928343832536,0.157077091206814,1.07748877716636,-1.04370621743738,-0.260675118325525,0.544675072658042,-1.3017400331738,-0.759818855597448,-1.63639710984736,-2.05736462172838,0.953701359831753,-0.829628591546314,-0.768094025928091,-2.44027243785476,0.43639651853372,-0.44072595135139,-0.516756803977584,0.182780117455489,-3.49515484995172,0.274940479125844,-1.18207090531138,0.262391731615908,2.0647491732827,-0.390242332783851,-2.95120826823114,-0.531111936298893,-1.0903131558849,-0.688144680193102,-0.479256686178878,0.020294460909587,0.167964577020513,-1.15867017019838,0.405839070015655,0.304337319582567,0.903645663252726
-2.66027988536669,1.06805463220956,0.406191063442454,-0.44433044479455,-1.7393188828706,-0.387272822178596,-1.84948822234579,0.896582029536422,-1.4421367410072,0.0754690962866028,-2.07955441130658,0.626519608250288,0.405482440772438,0.497548149429475,-0.558421785949173,0.798570223929228,2.08750926275199,0.303149435193462,-1.33392899975946,2.24979345468727,-0.293691125624141,1.50399199754895,-0.149452305432458,1.85759975811737,1.61672698717256,-0.429606728405172,-0.546923960366768,-0.283671861268293,-2.77541190135105,1.36336960880102,-1.3218061712216,0.165677534455768,1.67265325740085,-0.945909532893831,0.102109312647711,0.196999755948775,-0.530004604560468,-1.87945979633715,1.95394239648597,-0.537676197061654,-0.84629325543931,1.6690109366278,1.45028250162157,1.42910083761854,2.38815172301381,1.13536998636993,-1.7088736173097,-2.27173511444206,0.219519559289866,0.74964702932601
-1.33910874446742,0.0507105105825578,-1.01070019293182,2.21566180640364,-0.749168093503978,0.764525988355208,3.18363939827107,0.845161963269621,-1.3295230562524,2.70799366931896,1.92632497251902,0.921189063675172,2.18071162003731,3.24630622250484,-1.13696455202265,-1.79997814611437,1.23601147031698,-0.879090392697564,-1.34197750537347,1.11721194322176,-0.837425664141452,-1.51005660810614,1.13381958034675,0.0471577053670973,-3.68887656179872,1.75791566995551,0.52918817324598,0.284421649791575,2.80088824155317,1.6168849283822,0.506997228944219,-0.042483133180106,1.29525653586928,1.32745206581151,0.264966373648273,-0.10019342666282,-0.97456537565458,-1.13980604379034,0.804931056551354,1.6692931055323,-1.07131976376507,1.57460714351091,0.0339327480691489,0.0381337411032245,-0.491985490510271,-1.81250815341036,-0.177084870802105,0.761229310167514,-4.40474825657449,-1.42372899991291
1.35679919355819,0.395598133752242,0.435329747516841,0.445268814743322,-0.446164019818544,-2.04839883890758,2.27792050003694,0.274459671137322,-0.88887355305394,0.490375496755124,-1.29887117896579,0.575982955567401,-1.05961691446164,1.31470224791572,1.88571606419883,-0.746260855463011,0.230814281565029,0.915261631795117,0.755609617826809,-0.381699262060444,-0.221251671354772,-1.18477586069929,2.31618905799072,0.498460016035233,0.840351908734714,-2.01227955405805,-0.741740657066536,-1.97132797346438,-0.514053158029296,1.13386289727495,2.00732648700928,0.109887630598204,-0.506132607021216,-0.792502477252899,-2.24624660430841,1.42547635979043,-1.03947842211572,-0.650880698842398,0.990507543697231,0.958414351778681,-0.171513887378619,-0.104185184009898,-1.00176562639758,0.309421753734743,0.71337323983185,0.799111704129062,0.813637780629447,1.28034348452249,1.87775844655108,0.716505949246629
1.35940883716833,0.611400448779177,1.96942402773214,1.07785981005862,-0.550845757601349,-1.67232819784181,0.146816136472089,-2.09699170805728,-2.39750618460075,1.05698295813224,-1.2313475057161,2.16531320326619,-0.344526282592294,0.0197889935047169,1.03722589190182,0.195050519478737,-0.265960800120775,0.98122244335628,-1.06888970172958,0.461073709433814,0.561280901547226,0.282801546898108,-1.32442494332768,1.90853509207262,0.599036080371924,0.338750817594026,-0.839103298974106,-0.230385463762754,-0.285191625063294,0.905578290074211,-1.46214318159781,-0.698511472287523,-0.261728951609371,2.0000252298127,-1.54994310484197,1.51467057448117,-1.42890376664252,0.913483687377618,2.390249946152,0.546811566924129,-0.125783736876378,-0.499694158205283,-0.292647140300118,-0.793424702304549,2.35659777420591,0.3836326171786,0.00819453355888954,2.31929499241549,2.2779454511659,0.832642177378717
0.290438124449429,-0.515016145339086,1.02422145151851,-0.544792769700943,-0.618627990485722,-0.481195766148154,-1.45005687230698,0.0888244196205146,0.294215115574109,1.17206108744004,-0.258432698290984,-0.265768745313315,-1.55453400429406,2.5330686083791,2.03234092892445,0.537024672078025,1.28203119320086,0.429947767684802,-0.363107680447432,-0.19273450798462,2.52037143285356,0.997566145961277,0.115003603340785,1.84504121357304,1.10518539681279,0.0171971708841247,-0.341767057137876,-1.11412493180774,0.595443130452925,-1.00978266509028,0.834800238668886,-0.910053189909855,-1.10566354454334,0.238049109679935,-1.22001182035754,0.509786877933785,-1.50720470789199,-0.898738403055125,-1.80371128490686,3.70260938898201,1.58900346838999,-0.520194629014502,-0.442906456277579,0.598704233588488,2.21485705846487,0.534418020399616,-0.77759233611167,1.45849864069924,-0.183857388771622,-1.10739657410262
-0.0347926623835109,-0.224600287303041,0.878327821187416,-1.6980663665882,-1.34026539759145,0.968715959276664,-0.224630842566536,-2.73489674923404,1.23874511977191,0.917481435173234,-0.771748740314835,-2.12581835232647,1.69319588651438,2.67012682793232,3.87202626148749,1.36937376620576,-0.267566816300732,-2.10663429740933,-0.659598078354118,-1.36551404155757,0.465581806575767,-1.21343081135764,1.16654947400156,-0.941298192371758,-0.685530526009544,1.46707737043952,-0.618902379252887,0.862188331080553,1.70361123206323,0.965014327112449,0.21019755203811,-0.535233315069648,0.0572892301491842,1.44261783079507,-0.00425349047079665,-0.686356727395262,-1.67577245466112,-0.0767837151630965,0.976249583337438,0.026908045020517,0.00500082349293197,-3.04730090878592,0.128171413754907,-0.228859486588957,-1.45218622418533,-1.21311675351378,0.578712820005547,-0.544566035348878,-1.80195507632145,0.999755538913847
1.11012315325551,2.15265955578529,0.413589683021714,1.88797919599718,0.729198448974271,0.926153218462331,0.52356490820471,-0.0519726535932451,-1.64433633888534,0.370419181785829,2.51813704537092,-0.534716220985679,2.22536336187248,0.525517669722651,-0.998130352890436,-1.50938713083228,2.55699584240296,-0.208209265576572,-0.158024608657626,-0.737723794172402,-1.2704618725395,1.18927588889031,1.00060549520555,-0.319324256737853,-0.184874540028908,0.0257703206325192,-0.122172264268349,-1.0367596467609,2.5064127003623,-0.520509406547678,-0.12532275799473,-1.79436122841294,0.548725172155753,2.66641052015004,0.252505134679088,1.22057931121263,-0.541674905948739,2.64773988070802,-0.401246060333996,0.238306893962695,-0.307097032347184,-0.933034386164454,0.252649095230176,1.24219245634613,-2.80564284734995,-0.715414676456248,2.8409950007261,0.915224409625211,0.742606990610112,0.365590369850393
1.59090485420728,0.50105627415892,0.693332326690893,0.617365210739962,-0.889370060573014,-0.773384805039653,0.0698919126221161,-1.25188207732492,-1.27316257570834,1.05315323038033,2.33491402175507,0.189758350926937,0.980597865801175,1.82541882070902,-2.38742099332935,-0.407249867691114,-0.456914351873785,0.0752931220821204,-0.260326880276791,0.14395235088727,-2.78873150973039,-0.187417366332461,0.627356761208173,-0.308099491130573,-0.599638695597402,1.35959630870195,-0.886004890594883,0.675359345031444,0.429704001949386,0.256840343932542,1.35219312171875,-0.0969518764205786,0.289173402679024,2.81750577031854,-0.830805601516929,-1.67267776199695,0.779677387520379,-0.460285590570825,-0.203018686699605,-0.9796651914931,0.126202181283363,0.740126268966356,1.06995290035348,-0.854601239435317,-1.69050490557106,-1.06333095475291,-0.789508039751491,0.641436010584244,1.63491843255232,0.851524833024306
-0.795762487811064,-1.43476420423842,-1.66178434810861,1.20023088552108,-0.889753281318208,0.0972480275787355,-0.37575861646167,1.94542221998998,-0.0846819563460191,1.08603282053483,1.89810918974303,0.720053797479782,0.742651198713256,2.40927763160736,-0.83778156426607,-1.79752112835684,1.98356251996133,-0.616966443725202,-2.98585764027727,0.697970433280732,-1.0124964243304,0.960655615466394,0.260944477429677,-1.09069344837066,-0.83735897474078,2.83099803580926,-0.766423167837285,-0.757423443316218,1.09513970324572,0.655780579173234,-0.599047611145004,-0.720947502284646,1.35916508806362,2.09209896948868,-1.44944162516299,-0.238747415154385,-1.63247998329295,-0.869244012494029,1.63059982409986,-0.228045868276854,-1.02034340071907,-0.558935829253722,0.287023767665779,-1.55561976991521,-1.05286912476632,-1.95473498211908,1.0593199174768,-0.286831571733538,-1.60205620071545,-1.18414977635545
1.15473062200754,-0.574732011582817,0.223503449059774,1.53922957027514,-1.45260883158986,-0.953591408516748,0.457347216507827,0.181291189251335,-1.31742927234949,-0.631694945350186,3.92504789982658,0.138157390549041,0.0895738211437786,2.05278525876483,-3.270439575462,0.127865405185943,0.616087976420193,-0.698550886158015,-0.0670790367255089,0.262499188270024,-2.40202843257936,2.12445176400674,2.15469199046929,0.986610401071498,0.826084330908066,-0.71143210875083,-0.424661461242228,1.06049011717457,0.286339631568727,2.11041509014279,0.845283163675602,-1.1734652717638,0.892020648350298,2.43542687686376,0.0683440923634328,-1.25566581656801,-1.03887770242919,-2.07257130677864,0.147190404207388,0.510427394908805,0.0865164562473659,0.0729603983577898,-0.158343381229864,-0.482711289620138,0.329563406037432,-0.599063469585877,0.747566730338949,0.959870333432766,0.400169899934099,-0.979590411370777
-0.601570827837229,-2.03978353663491,1.80836184573665,0.571796661974077,2.24670234172099,0.671312624564767,1.25987034091877,-0.358069992283812,0.645722475340912,0.221670622537988,0.828654410014428,0.995196452782155,1.82587637766221,1.80519269514354,0.944087099075757,0.988325986478347,1.53375335158159,-0.550788018928767,-0.460993123225181,-0.504967740429831,-0.461094348513659,-0.637781445482895,1.8054012919786,-1.04296057447635,-2.04363105918261,-0.122637068989,2.41088118115292,-0.0367161864850563,3.01201432002537,-0.0361807478522494,1.22164336413379,-1.81102676529329,0.806613120077987,1.42904576362907,0.343307112459392,-0.0774169091247787,-0.792552287067017,-0.0240693590109777,1.62421343327673,-1.8785356798666,0.0348301448507443,0.835724333617054,-0.30623421000673,-2.11604322303011,-1.8323428714696,-0.973298515070712,1.11414917027763,0.459007436162286,0.934468276647797,-1.2279970639334
1.03389828360396,-0.942357181285549,0.0420205494919915,2.61382263584344,2.06087961576287,-1.13920382432672,2.59950889883194,1.43628578756143,-2.30010592804661,-0.234658017475795,1.52073122721171,-1.33841312198064,1.30382724590636,1.26577801174918,-0.595781908680767,-0.222914832165511,0.620074632414316,-3.12236090905328,-0.527601497714799,0.453302792170408,-1.68712210390955,2.61447469106993,0.293131892822015,1.26071126540693,1.81762044638704,2.61442908908778,0.737212019598241,1.0911571480804,1.2568809487734,-0.0370428919945823,-0.439691659931892,-1.17071420010498,0.965289348405851,1.88998183189125,-0.8255437189462,-3.02078367603264,0.708208175718269,1.69634035181827,-0.0205697547584851,0.227860719635239,1.69418615183603,0.304509315108352,-0.616541662948219,0.619368110515369,0.193536163885542,-3.74116361416855,0.58341921181365,1.66535480183488,0.588120277413284,-1.46406691831239
-1.79130201962696,-0.129279494606809,-3.13812051132487,-0.942278076920467,-0.700002825996883,-1.70799593273087,-1.85699774105653,-0.145293091029767,-1.98496375842012,0.570399347608151,-0.685257585547886,0.647955752564479,0.324799042605778,-2.23645131791649,-0.830187637018077,2.13324062561626,0.951152793678803,1.12160962215256,-1.36692643073533,3.41974502008849,0.326826043161697,1.33687555533153,-1.62944935794773,1.39035649551051,0.0616128089912822,-0.962883132572952,-0.280475282843258,1.15206056403415,-0.628931203337739,0.621943770837848,-0.630185480434796,-0.144529413951755,0.40797600123338,-2.47077250081067,2.07988653566396,-0.136763615700545,-1.29000711996901,0.316920080107049,0.800218869099732,-1.05115242061534,0.444965719835042,0.883448170492935,2.71198769447747,1.19652616930792,3.95009532471261,0.736016164734295,-2.07922501080236,-0.777332027906569,0.894702221371519,0.879773405311857
1.09799140716815,-1.06060327702364,2.0791059970223,1.30939207713675,0.207982794200358,-0.759268824919032,1.38813495415536,-1.65022683741231,0.288884438539491,-0.572664059980259,-1.11324460734151,0.053281848719521,-1.9748714691247,-2.22671069757673,2.26643326564863,1.78983506597315,0.791492016924775,2.19596663307593,1.01765160031414,-0.600471032688761,1.43959068499994,1.85080594936863,-0.78837105718638,3.29402731289833,1.98387742269989,-2.89113634970998,-0.514793683109891,-0.575918540442334,-1.93601530229795,1.20244325670491,0.804593245039198,-1.30943782321561,2.17881261775387,2.26233110063856,0.516828939379205,-0.0906879539168033,2.26865470685616,0.490014961574725,-0.00719530729240653,2.07544603083851,2.58532001809239,0.365137365121036,-2.03803207547322,1.07152912307687,1.69392469858615,0.212329628169316,0.0522789655968772,0.459554245363716,-0.158649390184145,-0.19651636638571
-0.529483305187562,-2.94123255171949,-0.79097498363064,0.145589204790795,0.617450667167739,1.69148201284422,-0.715055792815753,0.271500766418707,2.23138968241073,0.879816032268304,0.263968790731134,0.40633953519529,1.14436006280172,1.39568085319818,3.62219702143477,-0.465738623623662,0.182512598018188,-2.63136190726776,-1.51918845126322,-0.758275880471415,2.7871813361491,1.06906357376075,0.696677298090936,-0.952800772776725,-1.09173373137602,2.12709317215821,-0.69275493878849,-0.947577279926446,0.234040482379298,1.5734805054354,-1.64620119267415,-0.906538549006477,0.107349514332898,0.02208292084292,0.86569994078825,-1.99843243841207,-0.370001566336954,-1.58341598777177,-1.10364587202692,-2.28810079168147,0.167927179711936,-2.34953758387006,0.0996613492052341,-1.37119013666225,-1.34387981251694,1.20047406576028,1.74337127240287,-2.27815303776574,-0.443405983853166,-0.528252413713279
-3.61527471109958,-2.44707247083681,-1.63640788665302,-1.15329650473228,-1.80996262839923,0.0618222458756918,-1.46034897293707,1.46412977580044,2.46603271023442,-0.953793965977858,-1.09777950767524,0.283953519608144,0.202423652267367,-1.59228648674483,0.402188972824071,0.436906456016349,-1.51278153180959,-0.137558609625754,-1.60373347023078,-0.603755694002968,1.53853728200796,-0.648277110742508,0.977428165863579,0.17083150353876,-1.07196641969025,-0.81934899948346,-0.893686947682404,-1.02036244684557,-0.415119803943063,2.14360582986397,-2.71460375768743,-0.178963918252469,-0.219429426999281,-0.335572217008631,1.03681944596253,-1.40690699983931,-2.89795644009002,-0.982647596206393,0.298528896968834,-1.97952871628502,-1.37123978045269,-1.07910791295868,0.687595812089736,-1.51907591879587,1.33519735034152,-0.0381538832647909,-2.59485343911596,-2.86059443605727,0.0500330213713814,0.334128171074791
0.470890128487198,1.10074523552721,-0.20804092934259,0.44501866067934,0.400030722061933,-0.951479537734455,1.32165401931117,-0.315766262093538,-0.622284440310443,-2.47930117759081,-0.738004535973403,-1.17795926003627,-1.57662970563336,-0.252798252627964,1.8742723394192,-0.10469706674397,0.81324438450524,-0.0497180069096621,0.447973795063574,-0.289502505321283,0.391788296224565,-0.568117350187011,0.124366264749248,0.669144899986903,1.57526901647415,-2.99785248209912,0.381962666172643,1.04917942914817,0.433723174665341,-1.23113289371055,0.674865334418998,0.0883257270455425,1.25530770341809,0.128625858303089,-0.115445677190416,-1.01914609322155,-1.40724612272772,-0.843542437307192,0.410750981187626,1.73028410549274,1.5874421095714,-1.74179574517838,0.0856304469635799,0.158928963310447,0.659107949344935,-0.96161189615543,-0.216942581485583,2.20899475314036,1.18861833130567,-0.20311803708298
-2.87348860085385,-0.469197778067985,-0.840976195252741,-2.40380530964468,-0.403011202514055,-0.114106323149692,2.5451771515909,1.49649267577229,4.35054024664468,0.29412087525355,-1.61717847942883,0.348219808499441,1.79973577819674,-0.566399457946717,0.665996113180556,0.309696306896928,-0.785707520363216,-0.962652160023781,-0.427264689376562,-0.537275623305976,0.519722290128357,3.10577697302772,1.00823231978603,0.660132591778944,-1.14814757453111,1.66309682938376,0.000271452824913629,-2.39076946928697,-0.0555514183815722,-1.67298842701045,-1.25334706012153,-0.0790055471077266,-0.664842344603721,-3.02822068418552,0.864917547277896,-0.208945371767415,0.0648680559338288,1.43474057809556,-0.803830784334065,-2.37529185072557,-0.507445301795056,-1.59096902119905,-0.439281463672424,-2.1128714542744,1.89240569033063,1.17393240593829,-0.0198184264834096,-1.23584892068931,0.0123423734374621,0.341301382859689
0.168504424162057,0.628145262196934,-0.411384088531397,-0.824340785839517,0.169461500054749,-1.18460620189889,0.211980264894056,-0.11366269412624,2.54052894497902,-2.10653318017392,-1.20847055763227,0.389382620455517,2.56247941007421,-0.308615666470274,-0.0155346488726688,-0.296601583794168,-1.22220613362544,0.649349238322729,-1.98928184293478,-1.25273972904352,1.97256578595109,-2.59548887919842,1.5040537036732,-0.215048045741959,-2.58942658854398,0.061313837287373,0.355767929903933,-0.993810382382698,-1.16260961373901,-2.24295721379146,-0.815485928985719,-0.618554528473329,0.545714041784879,-1.13959912277105,2.94753373579499,0.236595010840661,-0.663628235949332,0.509777043522016,-0.717516515611403,-0.336684859172202,0.129812120116563,-1.83993314712516,1.68524498499003,-1.46243419575792,-3.42544129103527,0.330758724259635,-0.385196850428642,-1.87432518459991,-1.75417156268969,-0.421839398065651
1.12163345432113,0.0692357378371356,-1.25235048694566,1.21259941981559,-0.357941963320217,0.453363202296113,1.31523115000641,-0.585032905798254,-1.80601266378759,-0.645475312745019,0.391557144621005,-0.379360187288695,2.69110609987053,0.59266693866101,-0.727966008495398,-2.09986976730148,-0.264421642370225,0.374598738213392,-0.178194745283299,-1.01232653046652,-2.54649315815103,0.31632359107351,0.570470173402088,1.37886798610573,-0.706273913591557,0.567237180154562,-1.08566963149407,1.2492041504197,1.06112172039747,0.213370441663897,-0.74176211455005,-1.55040635823352,-1.04602340078838,1.68259993999544,-0.590608993646684,-2.00832171613813,-0.0761955867577458,-2.4042358445369,-0.819958110889661,2.5879517678835,1.28967247768641,-0.555634259652148,-1.56017312261091,1.17530931048746,-0.0197464287627719,-0.942896686318332,-1.52548945312458,-0.199319384451109,-0.129933487045659,-0.83839740430369
-0.711296296691607,0.198527301295395,0.50620093832961,0.227667790935109,2.05170001471776,-1.08896729643252,-1.39181871936442,-1.45372595247508,0.317720291758166,0.361134621583638,-2.58878138684456,-1.09262763548897,-2.41926503418454,0.100541532163095,0.495941654566702,-1.18009219846459,-1.71016753963741,1.34253570622677,-0.24440275525811,-0.912237986197595,-0.11097118318968,-0.772328388164509,-1.72849327068131,-0.293449773770847,0.790263416191715,-0.0678262229190322,-0.629624462645714,-0.0704076625872453,-1.02392289782069,-0.587472062630855,-1.15447135918674,-0.914625269693167,1.21257377536528,0.829826591057927,-0.912305579948692,-0.49200858914899,-0.300286961317317,0.79678354089614,0.620206422344148,0.856808037061267,0.951908117297125,1.53541479219471,-2.15468774100749,0.164601357644985,2.0072575264602,1.79516127646378,0.73507492042676,-0.73313116177632,0.532602587133511,0.886704393698173
0.665148775720665,-1.44124664854323,1.32886496475011,2.28330912937244,-0.154211815199564,-0.857326053012256,2.34422093432761,-1.38927840341912,-0.351519844923381,-1.51159057637157,1.4055268655744,0.58435764022627,-0.541916311635116,1.7088866895801,0.54935806415202,-0.693528627072752,1.17917094670456,-1.80475084784218,0.508549504170128,1.8017089767729,-1.70730603219615,0.0910315907847169,0.375568259263908,-1.16880269864637,-0.827147970572122,1.63259010042598,0.530068636400668,0.324992778485065,1.21709616110396,-0.0217321775549807,-0.279155820629303,-2.21831431834684,-0.555578229914037,1.79035438250495,0.620062094063822,-1.83921623039251,-2.58680284661008,-1.96824959085652,0.840702453207182,-0.995108744046934,0.697082086511572,-1.34704038833004,-0.158048610856352,-1.74734202551891,-0.952203116486931,-0.12205063299169,1.36677717825654,1.06828959784146,-0.14005204439236,-1.24721190759374
0.810953926600483,-1.02766396391293,-0.688423886413033,1.50998420242232,0.2517780089698,0.889594533093675,3.25204490832148,-0.603314324155013,-4.07893463506955,-0.0726127440215737,2.50216737738486,-0.677588417465946,0.561167853773031,1.65039295816252,0.893363010801064,-2.31070691536653,0.366384562882937,-2.70710930419992,0.152344231762946,1.7931864140997,-1.30893792426889,-0.605378220843286,0.958356312502288,-0.694496857026626,-1.53840233308353,-0.307859411705859,2.40998673121801,-1.17206552860456,2.20961758411812,-1.25431561476586,0.856941513675808,-2.16622684287167,-1.0735110150852,0.695151330462408,0.352281182305731,-1.55446608076288,0.331309016514777,0.137248711426896,1.81559778317153,0.809939721525509,1.23281461786872,0.147518225272571,-1.45950027776421,-0.604985956709544,-0.552559089340431,-2.76054090993366,-1.99620866319384,-0.0344038024729382,0.612903625914906,-2.43561431312132
1.57982150725885,0.802529733667293,0.481751914173441,-0.371452401862085,-1.04681841115471,0.520285322624297,0.376782068421307,0.480076116520059,-0.276551781701364,-2.78823283676239,-0.596632487248055,0.280742970465624,-1.78796794914292,0.625527144578468,-0.4892264566598,0.859397878639597,1.71696443015174,1.14467557264779,-0.69153299004129,-1.09653652307464,-1.18036473156609,-0.781718083045903,0.352734825821903,1.03018832186067,0.580943590472407,-0.171729692510528,-2.86409905593516,-0.0741265660122544,0.0349117147574352,0.624799986388952,2.11119378144403,-3.26594645262955,-1.36342576242799,-0.762933036292317,-0.974770431373482,-0.770185611888712,0.0967823676384465,-0.512229509626208,0.510008544057015,0.500248704986286,2.58716009814195,1.12961150335069,1.13184875878978,-0.0446139082458072,-0.0589480826045221,2.34095141156814,-0.623018613231991,0.835758653062501,1.09868483490112,-0.124194341704404
-1.27603462615649,0.238310264139384,0.601293970548895,-0.225703905642875,2.19407983943869,1.98227126135936,2.20001649214723,-2.30953369579121,1.69886478490561,1.38171370718393,0.0233976193766849,-0.413221710407758,0.198197340729169,1.12652010992841,0.899878586487578,0.52422087925302,1.7588841588079,-0.616702317578194,0.16815564013288,0.803852713397635,1.24597513642221,-2.67931305678317,3.62420511738579,1.08650322725764,-1.85132187659105,3.11459315767523,-1.13653689199401,-0.894493274497883,3.00195361761477,-1.77923811383811,0.743268877454386,-0.327171422525802,0.22637739273374,0.688199894577637,1.65741895770597,-0.0627421684840951,-0.541873907950304,3.43985121410268,1.21131286270712,-0.544229751651784,-0.137392140616229,-0.955408676627827,-0.327998036970129,-1.25226612060634,-2.68646581757853,0.751668158344355,-1.11160049390195,-0.45363376528157,-2.21984563487832,0.286699428379364
0.362430506820495,1.12433019666338,0.929177305288928,0.254236833721771,0.483862531845192,-0.610649096159947,-1.83726409260488,-0.198055814444684,2.08503384920489,-1.72030449812922,-1.39198879647021,-1.58383926220104,-1.20597942958464,-0.569485135220598,-0.87923911810507,-0.250519011460436,-1.80585370559521,2.89142863594724,1.56692659775115,1.05003158050201,-0.175876860549311,0.342624756311307,-3.21820192968532,-1.05347617932268,2.48321462615694,0.981665521412037,0.970475469369753,1.19675193450958,-2.38831146550397,-0.135938620916841,1.06086313226397,3.90794737338007,-0.980635411242433,0.49906961409886,-1.02528343596668,1.09691971900275,2.80201666666159,1.43216077187227,-1.14969120984378,2.52486738458501,-0.379274665196124,2.26652805293995,0.572322231677968,0.48171715729411,1.43700098216088,1.98142918453694,1.97717987850948,1.09822589733091,-0.461558131872166,2.41242648503148
-1.9575213093871,-2.33502817739496,-0.434568215781761,-1.75357786495732,-1.07675684879869,0.00570067677377914,0.329726680281938,-0.483155955033347,1.23456967423636,-1.87985796202831,-0.65531074778672,0.256574735548103,0.450523429153106,0.107257483020395,1.85267064846279,-0.275811629313169,-1.08730541728032,-1.71464020348882,1.43402947940552,-0.269361416067169,1.63011707860938,-0.487341121638859,-0.396772599836295,-1.07629109707028,-3.01676825913812,2.42394042587306,-0.011966463539042,-0.381965470988589,1.72455028009088,1.11426316436054,0.0783770825387623,0.167906510501059,1.03606522778505,-0.6854958733609,0.518354052971569,0.939023439471758,0.052549987054102,-0.23818300311131,1.8920077470184,-2.93609004456272,0.0818675732612257,-1.26964599165215,-1.57571855202439,1.01421060084937,-3.07401831660706,-1.7807061870482,-1.73397780728106,-1.14958446463427,-0.0293543438513261,-2.42269367872744
0.168167681986868,0.518847999935565,0.861759915988711,-1.2349367611471,-0.23078546501534,-0.975959027759258,-1.25691652726064,0.0359463422575016,-0.521506853645394,0.335097004665747,-0.123496472533075,-0.0688774726824669,-0.838041508799244,-0.181405858514858,0.323848073707847,0.316466797347518,-1.39000570039491,0.266066521429857,0.510255808792159,-0.410147802571587,-1.47124370086501,-0.637466714893352,0.531682114415709,0.380271703816994,1.52490296026859,-0.591577492983941,0.566074112710293,-1.04538482799478,-2.11169936746427,-0.84416686334046,0.188477376993976,-2.71219088359652,0.728265010857062,1.87521558277072,-0.809207787472447,0.658011381528873,1.47057922177789,0.0691956091085059,-0.644088046119317,2.97221713503646,1.59060589562142,0.118733020586,0.669527797718653,-0.562095340643175,0.764010294060472,1.62866122311055,-1.35529969477355,0.749594301141554,0.232485986180491,1.98450316524447
1.87243070163298,1.7656403830405,0.995724028122675,-1.11679913683116,-0.188585972980431,-0.100153338982505,-3.17871822262697,-2.36288989300352,1.30443684578618,-0.00792080019941241,-2.74566228785397,-1.36251042106764,-1.96456634298693,-0.109732444718176,-0.907495234430489,0.721487682817248,-2.19487052548405,1.65784773974473,2.63923012659735,-0.406927927125118,-0.175026326802488,0.423910104064416,-1.04493328657119,0.0500924347202344,2.20445690481731,-0.349551567375274,1.80148557255043,1.64868586460366,-3.36623960074521,-1.37135593871553,0.430690084716662,3.44273271839902,-1.52639870385002,-1.73581845533472,-1.72242978687963,0.130593039206993,2.65373482238382,-0.132430960596157,-1.139172756595,2.05226278837486,-1.47567485380163,2.12252978392902,1.18891630184253,-0.364065702633525,2.04061862443462,2.91722165293726,0.0774731826493104,-0.683636143011408,-1.65736080840777,1.42482903370632
0.745838672792221,0.596906323995862,-2.65262760895568,1.50481247424164,0.70130856500138,-0.184289692136537,0.98949417645824,1.28362764924221,-1.54531302876605,-0.693147559805558,1.5204515679524,-0.391494201785038,0.559048806289437,0.651065873985498,0.407662147106613,-2.12378773916157,1.47755706788665,-0.619277560958568,0.922000154327488,-0.582878418631989,-0.380525242469499,0.194124638844548,-0.812423456422021,-0.18087242348379,-1.42978925381093,1.0504271191281,1.08850461201512,-0.681434907778738,1.84328652724156,0.993462157482623,-0.722851877639313,-0.548147933739486,0.225585449799309,2.77133999870368,-0.459672312163254,-1.3175155477154,2.47518906348808,0.74755067387914,1.26915703679429,-1.46327055080787,0.190985152972316,-1.57100307910311,-1.72653519241858,2.1021276068044,-2.07204066232056,-2.62386204515015,0.998952936994292,1.3497171682386,-1.27656071446166,-2.11887117056017
0.286210612755206,-0.541398761603228,-2.74401227490812,-2.17903268897644,0.723764959514276,2.73904019197812,-2.55453093687022,-0.406321958641204,1.78900071301956,-1.05493346767647,-2.29393038430694,1.09794008645408,-3.19938623440214,0.328531737322938,-3.50106361650943,-0.901724275203672,0.66722767465557,2.37704414197085,1.46658429264113,-1.04067271488263,-4.51298978878036,2.1291281311764,-3.12435215127831,0.714603279742898,0.843890065846214,1.01792992389035,-2.34561367716799,1.75656611916455,-1.1821199740236,-1.52789816522686,0.680415777177072,2.54803307268501,-0.807371552205381,-1.99851792638602,0.539185678160416,1.83137302905089,3.00437917922591,1.34974506419875,0.814934220950195,1.81201393145599,-1.73967565785514,1.50802866082869,0.553232059925161,-1.0111248502234,-0.892548518647833,0.0895825946379533,1.53084527726411,0.554857590408306,-0.249511120967702,2.40998759538109
-0.796229372715667,-0.112787023324779,1.43599527169668,1.40034895764822,-0.175701366728305,-0.0094610919873768,-0.631137715676394,1.38565132702727,2.15833878628075,0.899859254728465,-0.0732730272204684,0.00751171089729806,-2.82643268128315,-1.68249027433405,-1.24133933514512,0.620301786745274,-3.6347951682452,0.643231795610379,1.591202849462,-0.933547270186839,1.99516965876423,-0.319025357793153,-2.95539054706834,0.933851122429824,1.22476837106846,-0.652948985598037,1.01840852207113,0.62817624677789,-2.71405730686432,0.309953683092459,-0.21113988481952,0.111510222079909,-1.58400528672305,0.598795383568955,-1.30459914166095,0.531320426308949,1.51820244990282,2.54110860055806,0.515628789647244,1.66623356062541,0.412102779525767,1.39935985319282,-0.981929843090443,-0.79326636862607,1.27875078848785,0.464009423547407,1.6041834289868,0.612715298394771,-0.528993050520039,0.959536837463415
0.273633626586871,-1.84464324203552,-0.146628695496349,-1.28218112665448,1.23975930300444,2.02141546137952,0.645989423287076,-0.61449699649011,1.3173341323806,0.969566524701686,-1.54545822288056,0.541151167740101,2.02218273123386,1.66343258516123,2.18049006136472,0.369366249486365,0.75979905578575,-0.456378606973507,0.330828262099473,0.253223468122414,1.46272718385414,0.14481474365004,1.64726239361751,-0.0698446729371516,-0.551687736925434,2.54070422582587,0.820371086366708,-1.84131556824033,0.913828171574936,0.93489867712989,-0.259275867171764,1.21043889126459,0.0849419066838188,-2.37344925782307,0.627025896421659,-0.10717414192781,-0.425630101334672,0.967861375017093,1.18522252317835,-0.764781728074627,0.574788554930694,-0.201059643523117,-1.4966191825953,-1.95449289708208,-0.128845733259451,-0.419437386627496,-0.225828739540222,-1.75969068156501,-0.790019224165775,0.934241811476842
-0.340083554552755,-2.89497237764065,-0.951191075927196,-1.47881322884344,1.05213838674124,-0.458233195025605,-1.45495135907299,1.70627898923205,1.96562452478377,-0.33294721175181,1.00713742985806,0.317117852985963,1.74660995775539,-2.13504365776572,0.889782257614611,1.12250537767125,-0.452968944986442,-1.78860250132949,-0.0778176710978734,0.654389761714303,2.16328065579419,1.66518783877841,1.04878634570968,-0.0735811949201493,-1.31628749628311,-0.233423730106573,0.0949831313419413,0.273742991978848,-1.6119992554119,0.356418870311263,-1.21439559420484,-0.573642899252143,-2.14929466804515,-3.20908226008583,-1.16444528229667,-1.29442291796476,-0.875424742511889,1.69767083211069,-0.819855794512539,-1.37521876212598,-0.73617643978958,-1.55564186816152,1.84460000793813,-1.90723814546045,0.0235641967078429,-0.95136683160436,-0.318243326072964,-2.32353537883765,0.257661776345366,-0.298714024441126
0.421651605209803,-0.396449798170523,0.290444653436221,0.107673450770729,-0.948709082338139,0.164072280070055,-2.57251916331232,1.17841582551316,-1.21115878475485,-1.97635620588416,0.560361404481692,-0.124551813282452,2.098594925073,-1.0296049920603,-1.15213023907988,1.55758951415847,0.57386818084966,-1.32657694360388,-1.5018366638167,0.958650511665624,0.903969511850299,0.438260969954084,-0.854332128243953,-0.162589861494993,-0.0629299565193622,-0.969497998800265,-0.825842199268541,0.125592661329877,-1.69318250574823,2.41640468781852,-1.46198243577406,0.580564728868658,0.178208769632515,-1.59060571793409,0.739197361164163,0.312913041728411,0.0612530442403268,1.48644893790724,-0.486131538359355,-2.65876824961427,1.69282399496313,-1.27675832463525,0.0771756545568827,0.0810494737160774,2.10692826427839,-0.326649815083238,0.608355819542904,0.652647118926975,0.607237508579472,-0.664492237055334
-0.0796320677877416,0.0564793358690279,-1.19332348233243,-1.2407229234204,-0.375784395260752,-2.21147404784018,-2.43735014647866,1.46078726497603,-1.12432592404465,-0.72008458406117,0.825788940049052,-1.00134289208623,-0.618980459778981,-0.818153536975054,0.0139497098988493,2.38078075065385,-0.755779028852111,1.2761215277924,-1.8546277532764,0.623687094044625,1.6939493337237,2.36711490954665,-1.60565021126235,0.951529485506517,0.993901790811519,-1.39797168143462,-0.523147150260385,-0.980639575713304,-1.32758797624843,1.1087793771619,0.214234072565444,1.40920481264318,0.0251619990859144,-2.75277175870901,2.56626383670555,0.494106220593881,-0.778633272815659,0.209208139304523,0.573461745038999,-0.0537529132317205,-0.388471796699117,-0.987450697078562,-0.607309521973052,0.875436894118039,1.9944555714978,0.597402637023086,0.782739459632968,0.376317538752151,0.505031595902989,0.439556152781413
1.47705079404524,-0.402178131607103,-0.778068012407429,-1.68067974988666,1.54353408694564,0.0562782391001974,0.472607095423672,0.836374595300355,-3.04063595183835,0.451180048187968,2.66345202369229,0.0434523449426992,-0.229236380649717,1.66767845633732,0.876870104806651,0.381138902437059,1.26429466124535,-0.113543683627348,0.816504921847036,0.828941623284577,-0.588636906215304,-1.90087593573044,0.896806988476353,0.724824426189471,-3.12007036645239,2.01437742875941,-0.731464754996667,-1.73720133056949,1.69627263447992,-0.378782891456111,0.428891493741798,0.265662986975436,-1.53811853126485,1.13239709397443,0.0309883039334295,0.856655306741798,-0.640567964958608,-0.26180849456542,0.951149379169526,0.755955822736389,0.957940442405706,-2.2784155207368,-1.93194614439659,-2.18089911291113,-1.45454521852957,-2.91895879327519,0.172446656459517,-0.794670190675016,-1.22090507837028,-0.0608536121722071
-2.80375061949089,0.00905783046581442,-1.06724997590914,-0.428159337509138,-1.26004899808108,3.08446902669038,-0.966092341137943,1.1739590735555,2.96556348672993,-0.701211907037447,-0.622226999619798,1.50944512178461,1.05180264985164,-0.584861536762306,1.9209251121537,1.52587644094196,-0.181463559479303,-0.672317013038399,0.442328093011008,0.974229860840976,1.51646616200824,-0.634225583055125,0.0615126906647631,-0.82952676491959,-3.12125967635875,1.43063257423027,0.537755843406453,0.353094656214306,-0.645387047573278,0.782320225226073,0.211026051995878,1.07152751895268,1.10550409136078,-1.13486194127518,0.979441325615814,-0.331659661978684,-2.43234211488668,1.65468131615534,0.982791107526025,-2.17318455645448,0.029745003756015,-1.93752170325169,-1.52944901413316,-0.545519446135676,-0.612224013418628,0.967208421279749,-2.87934222136501,-2.19013809884973,-2.10118198768959,-0.491615822756083
1.52763727680631,-0.753935455765534,-2.90849960173547,3.13462665197146,1.94589714780346,2.16985380075788,-0.111587419687459,-0.0562330476824032,-2.33530416148276,2.71207352579741,1.43218925776401,-1.62148448191278,3.04861311205579,1.75260851552475,-1.11425199744831,-3.96548505606578,0.683219361409002,-0.847939063218245,1.6815850866072,0.740457155649634,-2.52504736998207,2.38697798695381,1.71775789038279,-1.13242754890842,-2.05066206661687,-2.08008736550156,2.56117010673978,-0.654424644593913,0.205763860553666,-0.846845386809946,-0.0916156581577274,-1.85849308274051,-0.0931747973287989,-0.652337903359327,-1.13836521775902,-2.91320070495442,-0.187818039769098,0.525105016874347,-0.0966866047056303,0.388966655818997,-1.35913798165477,-2.14466596295231,-1.05737958878159,0.447657956385506,-1.49253139161497,-1.47486936802158,-0.0130806952445046,2.57216146965499,-0.0643118025878061,-1.47383176287206
2.27437594362569,-0.0664654352004482,0.308852305107747,0.400044241086831,1.15652377082953,0.806409772762933,2.20263524828935,0.989614224594247,-1.03843381158127,0.0350948203565488,1.58812501926402,1.82707901826194,0.209393049165218,2.41249072125723,-0.212281020591609,-1.52549927395006,0.379691134246673,-1.29402912367618,-0.755189582153728,-0.726851034493902,-1.6398412948173,1.19691742908609,-0.788224375473534,0.46304387449109,0.297425363744136,0.794709193529898,0.254329178779897,-1.1754937377365,1.05385980300794,0.44854125037555,-0.233735741320416,-2.08137511921965,-0.806314445798517,1.77469320839962,0.594545582203968,-1.293529965167,-0.539874282156678,-1.2334828532667,0.158132121394248,1.22640055528307,1.57838842681822,0.166827812705189,-0.682456202004807,1.79131415129533,1.41259720111697,-1.38145447846801,-0.691140346062113,0.900722146205726,1.97099772857754,-0.712227078104443
0.554593230209838,1.332325496457,-0.958256617740213,1.7220248294948,0.608784859003186,-2.30138166885943,-1.45653104902241,-0.759785709335321,-2.76454214581984,-0.692078334378518,-0.319149063566099,-0.46457285774528,-1.78798003743856,2.23232487887355,-1.06806469504677,-2.06672492670788,-1.19279107214572,-0.997434267879511,-0.164676882037186,0.727790599316866,-0.328435057879943,-0.376108973334426,0.78309595234729,-0.097352571194279,0.873767338468402,-1.59323830363064,1.68521655950369,0.155064253565116,-0.609465396768013,-1.47266739870453,0.180493735115633,-2.18658699739326,0.327197262249891,1.3804027635347,-0.690827070069613,2.06320210842622,-0.854402663309325,-2.02150395095036,0.967696310318258,3.2607189112795,1.91461283871163,1.32976410631417,0.502171245399729,1.25446825084557,0.594977472229942,1.1043033778861,-0.734932600999604,1.09763932276748,1.36966206091647,0.920949574579044
0.133561408002214,0.173252238350602,-0.0738484788003096,-1.27278807259365,-2.36009292817602,-3.78176263993773,-0.211278379368765,0.116657865870279,0.247358369470473,0.0305177907524618,-1.67595856470543,0.14831667880375,-1.77860711906057,0.696469415695391,1.13502186067852,-1.29610319948649,-1.1923485127134,-1.17565390136599,0.795536809390788,-2.60491966540303,0.708417213564637,0.523551497236783,0.401688383746485,1.53703344146546,2.06173565781678,-0.715806994633506,-1.84018674427912,0.345145225650951,1.61873105194214,0.863189142567201,0.840076912295964,-2.27722267218213,1.14174734279622,1.74668392355668,-3.25078872537152,-0.763480044431758,-0.390292802098,-0.875333029928109,2.46980954127618,3.35559878587483,0.248052195260259,0.869444728260218,-0.470908780465216,1.44277623929039,0.839551676038383,0.258190182842432,0.522733616954336,1.82772471389158,1.58029804670547,-1.11952574809576
1.19446931792553,-0.165174084231237,0.0925525457682431,4.14548251388515,0.87030480163362,0.131835132088083,3.18012736148889,-0.0289433648455579,-1.17865609878592,-1.06646749302027,2.67500583122637,-0.389618833409909,-0.0838183837537761,2.6664011407092,-1.72205223886366,-1.63776239062975,1.87995038543871,-1.07733971715197,0.817836080556481,0.87721942083373,-3.12807805828306,-0.235492923256695,0.826936551125668,-0.0346946722219781,-0.0876963876649004,0.0459461594765891,1.87947779277864,0.882244470624859,0.653663431012408,-0.322655425216339,0.0661572418523837,-2.59211142942094,-1.67587543884717,1.36664858500753,0.289648852890982,-0.622321718910017,0.164724583407359,-0.84609138131641,0.195880695603676,-1.80486072852631,-0.0989118528485359,0.936151600451803,-0.418266426541783,1.36921500536276,-0.349679824126063,-1.3869453281274,0.895866950482331,0.132451879613232,0.139688373846227,-3.61580237475668
-0.829806481943134,0.707425908828459,1.80653797970609,-1.84226476394367,0.267076980537661,-2.16529895636848,-0.93931792514423,1.88699789611433,2.54270907308097,0.430218386650756,-2.16469908777318,-0.781031759134533,0.12515233561884,-0.109314720587845,0.39879147732097,0.143146790392296,-2.51962375680882,-0.588348250677981,0.201481577414258,-0.635102475470364,0.0596355478460698,-0.792787063400258,-3.34148598581456,-0.885731281377863,2.08103108164383,-1.53454075404474,-0.846395229997242,2.1929678342568,-3.39363311553737,-0.274381645791763,0.71511532971682,2.50986330867145,-0.180184895305788,0.818692511694996,0.0728118986439361,2.20035348156031,2.83004681786289,2.34709804520364,-2.11542049531927,1.70002583260073,-0.348674083578258,1.23395465604719,-1.66498285946558,0.861912491009874,0.835558671076879,1.57131758996947,1.28914708072849,-0.345540464781558,1.13046502068015,1.57986472790559
-1.03789902438823,-0.0796118739255635,0.204460842270885,1.03779810366263,0.61642945065144,2.83683454556733,0.979952084435241,-0.607283457686132,-1.55264892153408,2.61029631119098,2.00020194462114,-0.624921452067973,2.98916875796425,1.80562463451946,-1.27474584543429,-1.43652169151865,0.580504533214925,-2.10858807231261,-0.67414669526712,2.21952110738356,0.243887297694439,0.898703483969546,2.41634629759575,-0.909033081221835,-1.97941599132081,0.840341354891707,2.23965051452823,-0.648277505405745,2.03289221054666,-0.169813492695653,-0.176310587552461,-1.11306557280116,0.633770571082418,-0.15734086826719,-0.227559654285729,-0.726073605265419,0.928222732015507,-2.52247811052559,-0.994583301940798,-0.318854189367211,-1.45601708677091,-3.79908588958329,-2.04563149133083,0.792332983854114,-3.62420783296645,-1.27079271154228,0.61546811157799,-0.209756151371927,-1.17135969440324,0.488387581377025
1.43718656936222,0.108187422411916,0.758015638455392,-2.00026565787774,0.787597927471875,2.41865146758393,2.44724138921684,0.267401813689777,-1.25851441144127,-1.38032248346079,3.06573227976499,-1.33822068510112,1.97719205481609,0.777122336148839,0.729580068863848,-1.08268383155318,-1.01712359422685,-0.536198586218918,-0.686169127878901,-1.26524712402705,1.20829718551723,-1.59784599629799,0.775853818441598,0.0665128557569416,-2.4822993275553,2.6494124611698,1.78416535040534,-1.76682899497085,0.86381705993511,-2.11607513922342,-0.134836311757701,1.52398830309885,1.33670135116278,1.37478185801209,0.108777492631153,0.259221959155376,-2.26122600929186,-0.422161527704779,2.50074358791409,0.0179805755106619,-1.4124894413291,-0.0930495927657494,-0.708776797010615,0.38152708266024,-2.52480750612837,-1.2840413256483,1.04333964615681,-0.164440563609152,-1.43459434425431,-1.69020159463465
2.8918464989441,1.23842572098188,0.857416625808939,-0.186438794871251,0.604182202607759,-0.411655083653984,1.29526485671035,0.902402239226002,-0.724844737107902,-0.438986771147064,-1.94641266836084,-1.26564904204446,-1.12983940115019,-1.52966403461514,-0.671188387430077,-0.444094754765687,-1.28878798497577,0.438872600228022,0.61529676991005,-3.11736994317118,1.57837714869496,-0.261870337365635,-2.43918591707191,2.38271951846855,2.69911375325058,-2.50271632649239,0.553362651306573,0.533697480450871,-2.0273589445399,-1.3423118136255,1.09927932995361,1.80489312929146,-1.1435615834091,1.70633369496789,-2.40686204580169,-0.577801950974192,-0.746993162191943,-0.928630244564786,-1.36114125612911,1.92010138419213,2.04626274938705,1.58994442060164,1.18295694644815,0.779231565023368,1.22412284813856,0.111284785805647,0.778540610361084,1.00254421397788,0.704252066060186,2.44034202391542
-2.305525753055,1.17820761654549,-0.428487920688275,-0.848104565147498,1.11152761470408,0.0970460658551635,2.2473993322874,0.0404819595091008,3.43203736454769,1.12029665628824,0.30030677867447,0.227960110330658,1.9455838646872,-0.714215622774206,1.64203932885694,-0.0728758048915902,-0.934422746015501,1.21285193185642,-1.16891634169916,-1.59022929959369,0.248907627541617,-2.38088899039144,-0.118480410879334,-0.920687427707197,-2.7203927940195,-0.262016807202626,-1.56666107359628,-1.4334046276825,0.865583838410168,0.19268001676996,1.46390389320478,0.112823078264408,-0.298230482872327,-0.000100519697667945,-0.761572744467549,-0.863929084157272,-0.268811283692736,0.44479159278483,-0.624012060309729,-2.12467708659779,0.558788926020465,-0.345108563020884,0.357885575395985,0.251895525150087,-3.01782574556104,-1.18421369542665,-2.7607873171142,-0.960325654527523,-1.53602786016458,-0.929307595930635
2.8733028638756,0.0152535945135591,-0.781415016638052,3.41945963052618,0.238747105893093,0.522871650514097,1.75232588207657,-0.614707063296864,-0.841065369923586,0.87376972908832,2.26513666302588,-0.399121103975706,1.00160423035885,1.63622078511367,-0.958845828117046,0.148234670876177,1.41096094900008,-1.02271022907471,-0.818843743938237,-0.77597775100628,-1.82170269276466,0.580200823562478,-0.142570876496213,0.24285931110987,0.287297922312568,-1.5136548979992,0.78221979019129,0.401157464783621,-0.689858588983523,0.812265396769765,-0.753795424794986,-2.43843283385303,-0.021862520446159,1.88912622188095,-0.343899750956013,-0.952609233857729,-0.8735028258202,-0.778758908257772,-0.892257729707821,1.63123132595832,1.17218599468368,1.02730862235287,0.103447078713495,0.5769166687633,1.38281224459302,-0.75503752496126,1.76680725011303,0.494247811568074,1.28684987688292,-0.799825294690414
-0.566199309072015,-0.18552831909247,0.901866182206536,-1.29827948819969,0.319715320153014,1.04131162672513,1.48986973755996,1.06496631171656,0.196454272128995,0.205977296676088,2.169641001087,-0.531533797700809,2.02497273203933,-0.687988854114243,-0.39475904986275,-2.43630122196895,-0.145951055870543,-1.39114301984013,0.254993932584661,-0.140376222664855,0.204172271670267,-1.15238027793195,-0.498450918739496,-1.91046439359097,-1.78580081534897,0.944989728873042,1.4264684006041,-2.29267392961877,1.35579556293848,0.584519325487546,0.717477721457255,-0.80836719614629,2.46767870506146,1.19032708098166,0.604703611556919,-0.290990647830634,-0.170087289963818,-0.395276411593566,1.94023008436543,-2.52472451773927,-1.2795396495528,-1.97496201590611,-0.953254989775358,-0.0644058850650024,-3.49658269043351,-2.01069782635205,0.0886271098503345,-1.49664229648011,-0.29005848741063,-1.9548383372589
-0.261574677708006,0.239867618698327,0.439023917076569,-0.571486784328291,0.800797046889506,-1.14925941602,-2.19411229844634,-0.114392531886613,1.42587782224737,-1.51977498012553,-1.07287695937082,1.16563807817247,-1.69180901555923,-4.65402889188477,-0.357712342653266,-0.0264445227198378,-1.26984026923893,2.39712773934545,-1.60909089267151,0.912026880743526,-0.75581864780643,-2.1144131531561,-2.76536189334822,0.593131307687689,2.39334517625506,-0.881850569224697,-0.627527090096814,2.15857540575909,-2.47330410338976,-2.65826279764639,-1.11801515015356,3.01893857519572,-1.28018187492938,1.13181128994152,-0.509923222022896,1.10941749265184,2.16679867518648,1.8733227532271,-1.70121687188923,0.96552395537266,0.111956691659542,1.73182358313848,0.745983491161024,0.167009047934227,-0.40499359243595,1.32438525408768,2.14040076817595,0.0665620827847131,0.594410067482665,0.140606779524036
-1.08320807185036,-1.17592170672406,1.93944474956076,-2.55819366900948,1.18528248727061,0.947164337845053,1.16501668880684,-1.47158909147636,2.15578994756498,-0.325039416797076,-2.6438218727553,-1.54681288069358,1.2466063246271,0.321156739868699,2.19016692022487,1.2386805001404,-0.560160267901446,-0.854245796249882,-0.580331149772317,-0.506877125390915,1.42215318210395,-2.71944274269657,2.10663967047221,0.162398420644762,-1.36400732551873,2.45666406616965,0.455037618947271,-0.702806902590526,-1.00285929368369,-1.24140548700769,1.41227129118697,-0.406505905306571,-0.482449046215382,-0.401861631974881,0.607371001387757,-1.27068722075826,-0.8953204244206,-0.769808133929341,-0.483437755517375,-0.338364232165996,-2.30545118526935,-1.04482849157463,-0.743444554402852,0.897733069139894,-2.87362770623233,2.2833830781397,-1.38828274460361,-2.37748055416022,-1.09933768203796,-0.265382172905747
-3.195880120169,0.153713960286308,-0.0626292256281361,-2.54689653555758,-0.196583622645856,-0.615935251099004,-0.281106248830052,0.154685458903826,0.968046629232259,0.947785044411081,-0.571802064648296,0.337298577648455,2.37751780443283,-1.30993381444715,0.988825759692803,0.939144566935969,-2.05214583052061,-0.20156496948559,1.08370570160169,-0.828378177383452,1.00175348632762,-1.39955223301676,-0.697508688989822,-1.4457252402193,-0.422905092187682,-0.130166548037912,-0.654095832219661,-2.48942297022788,-0.834985018279335,0.641737913734905,-1.42887839252172,-0.335436477296144,-2.68858988820038,-1.00629443450879,1.75330690742743,-0.292722149080638,-0.339108165022686,1.44862502613581,-1.79940700209728,-1.29349005558141,1.18256629604709,-0.545940066153911,-0.300601698047863,-0.739208408304943,-0.184993639477569,0.716489431060324,-1.46714504316607,-0.909229205551943,-0.28608401694106,-0.800853913896034
0.594416536761076,2.16354226686556,0.562300768695531,-1.60185979046462,0.166391079685088,-0.570234279176806,-2.97099345643471,0.69926899131262,2.29099442010545,-0.879540807991636,-3.57715591414563,-2.79536037980542,-1.00251537724089,-0.463263154731713,-1.10835222570156,-1.32476883985909,-2.24320947719833,0.522260879093733,1.67621752157981,0.702002559862839,1.82681834054766,-1.59084372849723,-2.49467437653217,-0.136282841069965,2.81050206492103,-1.62449876750642,0.306374723026485,2.38659783942584,-0.779627283750449,-1.12355221717095,-0.349617857187795,1.38899509528554,-1.48033799156755,1.81727785347012,0.0492656184899775,0.792143881693246,2.79628993262184,-0.958551760706722,-0.832323654473851,1.63984395469832,0.575635686503668,1.32888999122634,1.20992828514582,0.378123081638613,0.492804554965166,0.0859747221048487,1.04894380347258,1.62268623798775,0.118689884504409,2.4677174419058
-0.23371129138126,-1.82338860123283,-0.302273675070798,0.95855053979976,-0.645699718585232,1.66274208482634,0.430319706760889,-0.280180699113124,-0.352886798581445,0.916148708706778,1.52742987847369,-0.126254376981471,0.126196843913427,-0.399965354267397,2.58861676371325,-0.7816125621353,-0.193163798424796,-1.69980878003041,-0.812245325353891,-0.371992649566843,-0.220403781783011,-0.166577340978296,0.476074294039041,-0.337686081915406,-1.18485453116799,0.0124869187608177,1.03434902191098,-0.96911669241991,1.70278734240581,-1.06507862409436,-0.429864580208729,0.769052412811618,1.35446391584063,2.159688582326,0.491356345791961,-0.886352861823389,-1.35748520153153,-0.729859372110303,1.02571681066908,-2.37189708137375,-0.58006684477258,-1.77903993912573,0.339012034892626,0.426932474990916,-3.00349686033617,-2.207493878429,-1.59552720099968,-2.34591547138374,-1.8380166631516,-1.06839977738631
0.845407066998104,0.0563182776144807,1.14697050610097,-2.62208517716544,-0.327764624435639,1.20798103359068,-1.64715740269665,1.13365633485562,0.6933787373892,1.12471046325919,-2.22360779795458,-1.44372262348581,-1.85787340338319,-1.78585274009735,-3.37995099283372,0.147666823853135,-2.33746304769703,2.44690610667801,-0.0123589632407562,1.28547619020159,-0.820711320841581,-1.53934659520643,-2.12668018663552,0.320345900882235,2.68377857424619,-1.19414452438842,-0.0643824092469836,1.06107047957536,-1.85974631046757,-1.20064159225392,0.199709094355435,1.34225229531969,0.579318925417113,-1.82529840434902,0.452553332453137,0.242741494055185,1.35360578058241,-0.521375627925264,-0.403287090635572,3.05555550166872,0.983515175699539,-0.0311562454455018,0.109524789875032,-0.273836703264861,0.562374105159434,0.303055041789671,1.14308572448988,-0.0563730176055602,0.541989709403962,2.25468443364249
-1.36294619317867,0.840292467847296,-0.714024882218164,1.4890541984795,0.244065923469952,0.302943564280964,0.654920928220482,0.684411206883865,-1.46214117463365,2.57563711173472,2.62926196940152,-2.06609713874276,-0.0595902018988804,1.70847833995941,-0.117977147937797,-0.204311902096227,1.87546495522629,0.0653140753274099,-0.848492618574717,0.0803162836552087,-2.41040569484094,0.799809027834568,0.535987661764447,-1.17861559677592,-0.302349163237384,1.20942570920329,1.22164195424503,-0.352222566650259,3.1189283171066,0.402664871262806,-1.13050592188536,-0.87622088943915,-0.279416135968052,1.24504283892583,-1.43804712671116,-0.786389029356946,0.670944505049005,-2.10326887794169,0.473967952305977,-0.0263437328303386,-0.0641290237146732,-1.64130465798663,-1.0337060947264,0.780799299913434,-1.69180864042759,-0.14008771657289,0.0142295974154739,0.0816931076399046,1.25458055209129,-1.03857954683242
-0.635420544472166,-2.19538749799544,1.05871352070679,0.870846147905368,-0.738043704665783,1.69278402525652,2.27961640965462,0.358991736977656,-1.59209995957998,0.14464919329971,2.37915023642527,-0.571382402530127,2.51900919974667,2.11133272289883,0.0417008783446007,-1.20306428041899,1.56074166204727,-1.7757001175063,0.99747324967451,0.035098439996661,-0.993370671960122,-0.605857982228257,-0.177934757428105,-0.442294966412262,0.66919927115562,1.23829834902414,0.995119205285429,2.40359408358394,0.633146158443896,1.24631443292615,1.20076465204895,-1.35273290929318,-0.599797553843967,0.899879110982595,1.61425971270611,-1.5371387245504,0.603920239396956,0.635977102734169,-0.399919452105162,0.0113506836475871,-0.286263087825914,1.56506875534733,-1.03401564403323,1.26080530580263,-1.0895149370889,-1.06544719827142,-0.674653430803127,-0.125896396103941,0.261436522129824,0.28206334605635
-0.443201770264096,1.08911873647314,-0.44542957727654,1.92007766804406,-0.0609410123175945,-0.37099464512064,0.282655460569363,-0.528566239632349,-1.79246346201223,1.2990300276669,0.429626071313507,-1.09197584969971,-0.977313133759767,0.511746979916627,-0.407441376846068,-1.62237727602881,-0.0766419722915821,0.902388503684605,0.519736317124758,0.238435821977385,-4.35138323637187,0.565785509230725,-0.699295847787033,0.945729726632774,0.221319565173046,-0.166381569183813,1.61013421600216,-1.47329617657406,0.0281495396553808,-1.38251790918244,0.00621431034133368,-3.2124050619986,1.82040110453584,0.36748964267079,0.740944100762576,-1.70883439374948,-1.05577058031147,0.253349283769229,-2.49823334938485,1.04239695493603,0.609841262859289,0.982830612824123,0.524978857875469,0.341881076401559,-1.47427092224545,-0.381396769640195,0.732922289401026,0.928859134480733,0.175827042055128,-0.162570796714407
1.0876572621981,0.871071748914444,0.290376429978093,1.7209071901944,-1.51172391267751,0.36117898708079,1.44930652743065,-0.318546860888188,-0.901798238918516,-0.41949160339632,1.26931941467726,1.68092972372891,-0.0787058549510527,-0.10325857274539,-0.686107540807205,-0.229844944410312,1.03054247605677,-1.47226629347894,1.55235725315538,1.15240562117371,-0.565941782843969,-1.47415339119211,0.409021545242419,0.171846467757456,-1.08403043286625,-0.582210651756964,0.235098786383044,-0.855232528241504,1.15145841304963,0.196497776935167,0.663207171377986,-0.859814122922788,0.132620512329461,1.59653213428383,-0.150959958159389,-2.30472285865386,-2.14316100411049,-0.965832558994287,-0.850762366840151,1.68444743019438,0.106576071515201,-0.589517654982712,-0.539279962385276,-0.00670930291201255,0.776246838109425,-2.79613821634637,0.0463792812658862,1.22806543791623,-0.409170681371846,-0.494824732700539
0.678913410449256,0.786616867835651,-0.511347282199321,-2.12993441859333,-0.659510910574896,2.11953431813596,-3.85029757954628,-0.468650258847658,2.06621824955403,-2.78450422726173,-1.66290105672327,0.0579570726105981,-0.288531816348868,-0.225133766993319,-4.87914969062439,1.2267700994738,0.21006655312082,4.17383423238916,4.34971949408658,-1.44428313962433,-2.6199488049792,1.54775836679305,-3.19785842744368,0.335714048528524,-1.30768363660811,1.06584209321381,-1.12598959414026,2.15302482456589,-0.906415434407998,2.05566739478271,2.50009692693624,3.03235341590838,0.360956225000203,-3.99848174137348,-1.90861168524433,-1.22163496753596,5.46093458072359,1.15182551674095,-0.104058691054853,-0.299997844782151,-1.20452004937776,2.14716577898432,1.54363145941086,-0.536924632753907,-1.70971047999458,0.0604292952800492,1.67034274543136,3.64330404517448,-0.961768692111336,2.37102638582569
0.112188412101365,-0.837926201401099,1.45342387690547,-0.091738120821701,0.578251722073617,2.44222658182941,-1.36810825710489,-1.16207959195534,-1.77564722892051,-0.0392476878705107,2.75068170202746,-1.31806437221903,3.6588361609227,1.86309343401458,0.507880451100751,-1.1856318733239,2.51804912592546,-0.678487162893147,-1.27948021752278,-0.0826777104186301,-1.72744260498514,-0.442405419373292,0.463672407082373,-2.54805484689292,-1.36787633415575,0.432082671616727,0.422521148543783,0.191172720418098,3.81431798823176,-0.743406768971867,0.29620862992747,0.305777530357346,1.22891818868693,1.8892944986485,1.25510965735583,0.445761915624473,0.0374331825638229,1.03652024073445,0.107719769188209,-1.05450724492721,0.546662236157054,-1.17882526258895,-1.25918334917632,-0.0988884461967918,-2.97391949528331,-1.77485962898377,2.26668139630188,0.536247326276021,-1.49030523811103,-2.13265631537156
1.56275310225895,0.16234108634931,1.13726693606304,2.18496410648907,-0.530371444166146,-2.04084570834227,1.51319974821323,-0.0629037069793806,0.235025003662142,-0.0130070175142128,-1.53975537842958,0.448289469037256,-1.48615179950246,0.278167642923517,1.54450828280412,0.642595886110403,-0.513668438933059,0.0807548716087124,-1.97378663206615,-1.12461736193183,0.375417409339212,-1.1948577257909,-0.794966568590748,1.46122645656444,0.841512506987029,-1.60099621654531,0.423385974872544,0.0735771095982748,-0.421381932569341,0.129702441558588,-0.520397505493064,-0.0104515923278923,-0.538651153916244,1.37277310343139,-1.22717543126768,1.46972775354634,-0.626300334217239,-1.17067228136465,-0.339065228503931,0.453897208184951,-0.790250424117264,0.890105031151488,1.22781408445256,1.56973594811991,2.04750529347936,0.655337451812968,0.959243491338799,1.05541463330671,0.61072116010797,0.57704116676759
1.75561230557305,-0.171230585256132,-0.96182931210396,1.39347401695852,-0.702532785203501,-1.07952102512577,-0.839499256780317,-2.46657761595863,-2.59920776521947,0.813235892898063,-0.749493008313381,-0.0859359723398969,0.828934458763857,2.28536019398774,-0.235616243482461,-1.77028942968835,0.970458691734293,1.00509827130816,0.0378360461346818,-0.616186248275018,-0.0856493216939993,1.6731316220627,0.327828916799207,0.887841342996478,0.135097838333185,-2.88817081186875,-1.24319557773174,-0.326268879000836,0.571491890432222,-0.738326665883117,0.218177231790607,-0.674466017517247,0.549217936565879,1.76715098413081,0.36342224881703,0.457217914113958,0.420748381185897,0.456196610583478,-0.271318045278036,1.33185674002615,1.15722412309555,-0.630435323539777,1.14723552383296,0.383461014850687,2.78153301092433,-1.74747442071829,0.252306081589789,1.91717165626445,2.37992272905721,0.186565499617563
-0.731729042445427,-0.437116700787663,-1.80095523668259,2.48690809112011,-1.71184111956422,-1.49539149689178,0.0675064903194558,0.482487321888537,-3.07259051290657,0.507936339441938,0.830307863360132,-0.786770387860596,-1.11294037194064,1.24668697797814,0.560765438512154,-1.21960103071458,0.281097415140943,0.503425380650015,1.1886453065135,1.37723715206258,-2.98374204884418,0.330065862631824,2.31067342936338,1.66527180120558,1.34973446740855,-1.23984243823717,-2.07437608238918,0.133252370458293,0.359304758193927,2.36754648528542,0.688979526893386,-0.999552671618399,2.27932301412074,1.21100980307337,-0.186584584058423,-1.57179822793891,-0.300479361281101,0.459655300079261,-0.602919819729134,1.93155364067281,1.27958781484685,1.6935084608407,-1.41960994527448,0.06581326724475,0.850397440423902,-0.839704574395433,-0.847866192662418,0.658181742103302,0.951267924318705,-0.226976295135513
-1.53627470916049,0.200481514710371,0.146917377135351,-0.0635166647491251,-2.75077992988752,0.194393608057145,-0.947794435021553,2.31751782817998,-1.36675559573357,-0.762873170552082,0.838414895344033,2.83342228944357,0.119843158609034,-2.17597577824665,-1.18766715422633,2.90715548346979,0.417268363471026,-0.598640154167366,-1.72830740937894,0.222709724220251,-0.835707430117025,1.4234525068225,-0.272134763451222,1.25720906260047,1.89885509472795,-3.84359243333355,-3.51298253245633,-0.233204375937338,-0.988823956571994,0.98455857110105,-0.107007272628367,0.562462527491583,1.69824808475317,-1.76191563301601,0.505230010399424,0.366070056427831,0.177366689694224,0.116830988118657,0.697884865658245,-1.99264238885948,-3.81935576924248,-1.02612992280906,2.29244368573799,-1.44056466445248,2.39023406955643,2.43435081354151,0.456362982917605,1.3806226855729,0.316129197276937,1.90671890777064
0.492497588510373,0.984816870299411,0.403491386822143,-0.90502812616784,-0.622720700658445,0.511122254525705,-2.10226803302664,0.478092842719544,1.55715721040849,-0.917351966606034,-2.7657128396715,-1.51052132741372,-0.073764306840577,-0.0213913598443902,-2.88454479892171,-0.382982957632845,-1.17049501090993,2.42112223903332,0.957906513045091,-0.45412589591328,-1.15002933847604,-0.544884232024089,-2.94130102466077,-1.35072089954479,1.18015434636132,-0.689174746804621,-0.357050304183819,2.26536348927418,-0.755923170160015,0.0746698835546791,-0.181519510114923,2.53092670093911,-2.11971423940229,-0.81661194354281,-1.90165936242936,0.510254079481472,3.30153013108005,2.96342164161251,1.66195999045514,2.44931299205859,-1.44090100022893,2.56190637572197,0.728475632256437,-0.166517269572516,-0.640096344561638,0.405390036234618,1.51782113030527,0.239256866874479,0.187874910658078,0.664085803303233
-0.584963275657943,0.210382688496575,-2.06106005802554,-0.899011579930386,-2.09238860134524,-0.595560330596575,-1.50801259245261,1.1933862298787,-3.50361065266586,-0.319226463819337,-1.9576779131646,0.862493961042268,-0.938552267448365,-1.10421700960301,-1.49841518141084,1.11121178052715,0.550764471721127,0.909387218124977,-3.35205256049706,0.364473956274914,2.07159732728792,2.10661657577055,0.474021365468052,2.75144942438467,0.512814282794582,-2.44388819342462,-1.79354072109074,1.35331275707029,-1.16320794480955,1.93679243554839,-0.866824930102187,1.09354466984818,1.6804997168217,-1.84899802152055,0.605632483458773,-0.58798841795348,-0.490763056797476,-0.623956128705654,2.41165391432874,-1.30702817238223,-1.92596471127766,0.822904700184203,1.56971313293683,0.273612690691558,2.12177078338534,0.540762510396555,-1.6501864425166,-0.66640004781255,1.05140153858596,-1.02128291017787
-1.6490423840497,-1.70008926663744,-0.886327422685813,-0.375271820924607,2.15601217893466,1.17657162101238,0.978717869723603,0.273332942368529,0.989533655216541,0.0368821133389355,0.111369521091793,0.883993832172103,0.836419317416642,0.639546689936037,1.54336782440056,-1.24503740262763,-1.38361739453783,-0.312271643244386,-0.18311119394695,0.615473893493783,0.628518757953588,-0.116069074961043,0.192800023091605,-1.65281720724632,-2.11389675664026,-1.09252257124809,1.15514732255541,-1.19080446248411,-0.346596406318259,-0.523579726519503,-1.29102238702297,0.465223578989405,1.11599824993698,-0.335474132616851,0.295968916065365,-1.20243880395529,-0.0203360260024421,-0.593914155810611,0.928155275483095,-1.15913678057838,1.08363915682728,-1.46610308029762,0.352597629913422,-1.57860791061226,-1.46571267289276,-0.948158496086622,-2.2621561311046,-2.07140658587365,-1.03861929903339,0.0700556137200884
1.8852737822136,-0.34526539136911,0.456507595149157,1.4892565523936,0.566716359573879,-1.8258339460555,2.02339284046602,-0.0319730421791876,-1.45676592033613,-0.813243061297121,0.495823822753545,1.55882144581949,-0.620988636584903,1.27316097255735,0.577991498744337,0.883537752126039,1.31029247829297,-1.86194229911402,0.664461302357994,1.05003157701421,-0.875619921819113,2.66515598134231,1.35837904413488,-0.312357211579085,2.19421255208436,-0.383152644704076,0.888570807032379,1.05725844539096,0.592543695098616,-0.839256116574131,1.46345001861465,-0.367174919323482,0.681317174030552,0.712328048519,-3.30781048281777,0.860565862162638,1.0533734734754,-1.76828233355304,0.572509849113024,1.67776482495448,0.836177553274024,1.07537876260516,-0.948826298763938,0.85289576397119,0.543325573041902,-1.5581170299645,-0.27170601136851,-0.740740302739632,1.98328631230892,0.733832305064052
0.39558524326668,-0.075032908215217,1.60241805312969,0.482790213326774,2.69127422401023,0.79712145828189,-0.913349378966334,-1.45093830367421,2.02495451875372,0.471386512440678,-2.3961592688025,0.144113813578711,-1.11820427953798,-0.514941363458407,-0.0995076006577894,1.50898725029002,0.157708545209091,1.65094140732832,0.264095574810287,-1.8182475627868,0.628534953218046,0.774044510013268,-0.987649904246123,1.0565949394094,1.13326338262159,-0.671826820857585,0.232547985712849,3.3852385051815,-3.57541916614669,-1.19667634245392,-0.875725655347694,2.68372058319835,-0.507185522513995,0.861726928788308,-3.02989576107236,1.78915733514829,1.60739341165101,-0.572391185291661,-1.74950311730655,1.09997336373126,-0.414738425434663,0.598329333331969,0.25586756797231,-0.210438791149763,1.64555881698029,2.49635904869728,0.435397108020473,-0.615637046109459,-1.92110135669102,2.08055970290771
-2.50306448493281,-1.59376265378045,-1.42352294588702,-2.73501431237729,-0.725092344178796,-0.0344301144707932,0.38092497160851,0.180400884846806,3.9661320506427,0.623558463389195,-0.748849613356498,1.0329169471644,-0.116869444615019,-1.2251879842757,1.73376766433313,2.35928926632774,-0.703137880511705,0.734174365591994,0.143401010386772,-0.923423144088967,1.68261470867488,-0.0928061713271644,1.53595855562976,-0.465190643357531,-0.723004539575222,0.111975216738321,-1.28642988382335,0.813292497854939,0.329789135213474,-0.801296676541887,0.391001421523055,0.446228148743035,1.65526986864494,0.257788062282878,2.06329433974582,-0.920063348891218,-1.63356833385459,1.19758012666204,0.435185327139715,-2.32259862538079,1.71250770063956,-3.10202000830313,0.116533709685722,-1.35532781712851,1.52372437615774,-0.400842707839781,-0.2784289692003,-2.49982440707471,1.69411927970042,0.454288419539439
-1.3094793049441,-0.101787981029565,-1.45693074467782,1.08473866471797,0.906263453784933,0.398376772488526,0.769399241982169,0.167493033798023,-1.38222782155349,0.618977816980753,3.60818596556314,-0.528890989606646,-0.564389716436544,1.13406195108747,-0.18743579357029,-0.508986761512324,1.57205279753094,-1.06138056611682,-0.436354678682144,-0.851611613014722,0.103778463625353,-1.12917541662412,0.745041423467958,0.400024351419177,-0.306609572407762,2.28666566811325,0.0411943778875454,-0.787169713845495,2.76597399305855,1.4392887800733,1.04551629630067,-1.21479024999772,0.82897257656978,1.84187968126879,-1.72183805421203,1.0758547272253,1.61688451593942,0.609041933874605,-0.487847575036231,0.135383719932266,-0.837711745068214,0.427763455733051,0.272483694938629,1.98425356480373,-1.9913844550668,-1.29896958914468,-0.475142620379631,-0.820468034545291,0.240948881315315,-1.36845020151985
-1.59714576365308,-1.7017507515733,-0.0139675406522359,-0.998517229575298,-1.7082579114837,0.665548543240836,-1.97367098056625,0.165895666613831,0.356887680512647,-2.09931941246568,1.76192412597018,0.175005363012841,1.79655352180463,-2.4136726506858,0.4595954639799,2.490577019981,-1.53064675174107,-0.590577403535676,-0.675821597182341,1.67134789948994,2.06274127201998,2.3110034416735,-0.126321285017502,0.286349122704357,0.79647989267001,0.0649346940478507,-0.63504649179623,-0.75497948856825,-2.54779095051142,-0.457584607876052,-0.498138478977028,0.53779293682455,0.0970411969711682,-3.13409922317409,0.275240505919824,0.395665152398903,-0.974443417370247,-0.203041161959744,0.667478789999378,-1.78414406673414,-2.01378431259587,0.244843439889664,1.75476165926373,0.178958908361074,2.42302670634075,1.01610100197931,0.478531688305768,-2.21916824473846,-2.23378409879098,-0.501945014292608
-1.03316132992057,1.32932793175665,-0.552199416636363,-0.502390273569024,-0.852548579574094,0.176018084658566,-2.24741517426727,2.29714468289804,1.76746068726109,-1.00125258209811,-1.07267858950522,-1.48266645156292,-1.17175342468188,-3.40810192089737,0.0310632180532537,1.5357285343451,-2.43223559579013,0.581625642720918,-0.20289576701929,1.64348981197961,2.70552451386126,2.58511450827087,-0.290175921040339,0.502194942490665,1.34457076405169,-0.495663825604913,-0.356582172335123,-1.16498053314803,-2.64494369651115,-0.168579793097929,-2.27929161294364,-0.875872512655891,-0.891607934717767,-3.2714161375561,1.28076642119387,1.44473272971803,-2.0928752845784,1.31075819147405,-1.40711312404135,-2.61856766320204,0.139348686816565,-2.39655554834481,1.49997396526443,-0.684502064400037,1.68157222927266,1.33783222231545,-0.0808261532523494,-1.49715052361982,0.295380842565648,1.10308850055458
-1.27776287332792,0.39913835017146,-1.21449630935129,-1.06653054126943,-0.752601567476049,2.38741995528733,2.16201479020471,0.0586768982656331,-0.720731044584336,0.584034886599015,2.63522402742551,0.751973941172321,1.692940082004,-0.455844104258762,2.50204652626339,-0.790668718471813,1.63990352106117,-0.0930179921331007,0.178584849239051,-0.54290267551714,1.13108847712696,-1.49721436308818,1.08004416874561,-2.05768835446519,-2.37751590276945,-1.19728384313411,1.98955042855384,-1.66171730930645,3.27784280168907,0.626104639637274,3.80046397183323,1.30677005166795,-0.440870492172822,-0.114808466150055,1.3782396882254,-0.254955577402869,-0.903414049442631,0.0680728682189961,-0.614730738975004,-1.06228503687538,0.781067258607407,0.762946730701808,-0.774148112568888,-0.0311748565107362,-2.56840856187391,-0.698363785961653,0.479905173467572,-0.20599279842431,-0.714324380796184,0.04269429935441
0.957781145692031,0.475456038450355,0.263986092680756,1.1820337567694,-1.54667778051545,-0.965350527603756,2.28238112716993,-0.726498368894179,-1.61862181728796,1.32692748103256,0.535474831145866,-0.218256792703388,-1.41176328914384,-0.535048589424962,0.720936067733793,0.293012422243632,-0.824528569117545,-0.817656436874236,0.0214552510922205,-1.16043362872324,-1.14134316598869,0.717389811006095,-2.07394450045787,-1.81699758989468,-0.301432737680771,-0.740657683679551,-1.45124957958786,-1.73804387109981,0.332657405808262,-1.11233995906704,0.287184398623518,-0.658896008118527,-1.35300987649656,0.980547189798412,-2.2103870664041,-0.865185926414435,0.307513644482431,0.119003291368529,-0.547706235243099,2.35672768714734,0.898908193870861,-1.8310289556705,0.208483010340777,-1.48057503217449,0.295989485624492,0.764588136767805,0.449558785326652,1.69472028682203,0.309416035939056,-0.843668898612528
-2.6449719277535,2.56222738176255,-0.814590658290956,0.107138159317193,-0.819600566234374,-0.406137574827773,-1.68097439110898,0.00126496238101494,-2.59954093291388,-1.07744461989231,-0.0836831183877715,0.234916754266678,0.0837029960464672,-1.44304523176696,-0.877701501664363,2.13294541844961,1.14838634545658,-0.871372967949982,-0.90757237381685,2.88867458651517,0.356054014845996,1.58595728418693,-0.398941892733665,-0.749800344049398,1.17683960008962,-2.07084480969759,-2.44629393084037,-1.45670329860648,-1.28651306961197,1.91116041773199,0.649424978041819,2.00382237028037,1.51629073878821,-2.39080644576764,0.789640051450338,1.20766093945175,-0.303103706727073,0.142782926373024,1.11741852062342,-1.83608705294117,-0.885866198144339,1.81461817025802,0.352601860384082,-1.50074947052298,4.08798232802794,3.75490925987908,-0.0357014882382158,-0.847589787469438,0.389699498170644,-0.760319603450811
2.28377185015546,0.307207082122275,-0.959547183804054,2.43244784048369,-2.1946741125146,-0.167179610108191,1.53601785397167,-0.506834170656288,-1.55686487925025,-0.000316958146406476,0.7713729257309,-0.596905314104747,-0.407344630195997,0.366273168530434,1.22828601100342,-1.89381179063894,3.52056811982726,1.79078946352157,0.0368225388122835,0.384344259959455,-1.47855295145352,1.06264296010603,0.701478255797342,1.8088172675203,0.68459257860465,0.792053318528466,0.884553923701955,0.642532867508108,0.754118729271168,0.31874844630124,0.11459853823188,-0.416646570709146,0.02311095502129,1.77390849222169,0.322726367251734,0.450578626864211,0.285396453063571,-0.604735872535239,0.736412454074544,1.42723287159307,0.435554071225973,0.485270751462028,-0.219016960737594,0.548936033025256,1.66059475756151,-0.836187838749264,0.784092094540028,2.11275457318794,2.14033772639646,1.64471421940353
-4.3816002397192,1.95183031703339,0.167510286330961,-1.02651792902972,-3.22747875760458,-2.98075177903778,-2.11240547261062,1.11852857731532,-1.27808140172574,2.10443820055203,-2.9529801910207,2.00553574710232,1.29815878519428,0.473776661147805,-0.684945618662301,1.30531911554615,-0.126989902528179,-0.884262090126028,-1.34773495206476,2.117902352087,1.35075638191189,-0.131592735132109,0.321405188268379,-0.1804758453397,-1.02898587683866,-2.63548006786718,-2.19953678831762,2.74795560069654,-0.0490638480406191,2.0680786446384,-1.27830187233162,1.69038332351911,2.36488979331623,-2.48503493002372,2.08716115645139,2.97067296731294,1.64313298507315,-1.42328573853899,3.93318125839315,-1.31882366003374,-3.07913168209419,-0.250431936550576,2.13204885915095,0.107619241209392,1.71275721443626,2.18176065641694,0.264807811336353,0.856723885961693,1.81159385871672,-0.0701675102194713
-0.501854270506699,-0.0568115574429437,-2.70145810315123,0.100452173779934,0.333498275777026,-1.90520628857103,-0.796845222106064,1.02957033959084,-0.688818270089986,-0.405030000870321,0.528750656894021,1.99238342123129,-0.0660957101847593,-3.05841098879382,0.149509143514323,0.129113940881022,1.80290257382295,0.431113934302279,-1.93438305102421,2.00768888497131,0.59561138789997,-0.222647503549368,0.119268673536244,2.55545492245301,-0.128611671985733,-2.05134761908269,-0.623382674447048,-0.271213490544205,-2.20119160606374,0.830859003000217,-0.626628941721886,2.22984103054733,1.28715996751537,-3.10221353345908,0.78265696525862,0.769731885429467,-0.512437890658121,0.108756915258384,1.3264453144607,-1.36240260102782,-1.84248656107152,-0.0691630427489288,-0.00855159954246338,0.505221514212407,1.46760419407428,1.34112063766371,0.135232498189668,-1.12555283409429,1.24174387856056,-0.215524014164805
-0.650243851541875,-0.0731499943588985,2.44509577751276,0.524657361116795,0.132723257775246,1.53800827705713,0.923748791343162,0.965976045312864,3.49815833499676,0.800368879086036,-0.42595308514674,-1.41092530706374,2.12659795894729,-0.47258483821637,0.635991919889815,0.211617347041998,-0.636309214492067,-2.08827109330321,0.254394675097091,0.141409234297131,2.7667918398094,-1.49998465068095,0.480553052091246,-0.385345231635565,-1.28585547293185,0.0442916781540586,1.0348575580715,-1.61630571468545,0.248817683967226,-0.727565388185615,0.307090896078962,0.939486075229918,-0.0414794454739699,-0.482211937514236,0.203314982648286,-0.468794548803603,-2.28756428859639,0.898566980143807,-1.10884012207068,-0.591313766160956,-0.887127825231799,-1.60880383975286,0.548283358416903,0.132626890873092,-1.95880233511612,-1.18030011398517,-2.82306160620892,-1.38165431312617,-0.964875566512574,-1.09915596836857
2.17386083452056,2.05127858071789,2.34562725404302,-1.49692960188855,1.7419719716808,1.1811849044886,-1.0790252235142,0.711025550144158,0.463106297213989,-0.678240532676141,0.287679836246061,-1.7263986756164,-1.72377015440272,-0.747179336162316,-0.203088765770182,0.440352218641546,-0.972541337259376,0.864497308382199,1.34720175418783,-0.929206820994145,0.178074865732323,-0.702116811750826,-0.406624332468501,0.77810628904558,1.46649377071101,-1.61263896228575,-0.0162722343427217,1.8159858607085,-2.2833638210149,-1.42076399766444,-0.242679186710106,2.73493225286396,-1.08494839078825,1.03130421411242,-0.815181231636639,1.08465238770883,1.61930618640432,1.62946196670954,-1.12508495220516,1.60381221316016,0.986126703412193,1.10615733774831,-0.683136021304811,-1.04802797379674,0.183312551498031,-1.27440773170097,1.70890422894618,0.841421523151255,0.477104252922631,1.96338745384166
-2.51621506153895,-1.75901492682179,2.40364765138934,0.410613116488792,0.852729753731714,3.44986082810457,0.131078035471408,1.38433725846597,1.5509114663629,1.22435893669037,-0.035967671186074,0.129260558774357,0.80749284500798,0.34816619438544,1.95320702108143,0.36458341966499,0.611202652092675,-1.45576165531413,0.53881606202819,-0.196500270779327,2.00462065995314,-0.935737812519849,1.56914919746242,-1.65622556475821,-4.31953855520954,0.629504608819592,1.3519119227612,0.240994446818854,-0.845085717861337,0.781594891012766,0.981840997720051,1.69806892713207,0.868583688295032,0.76813604390067,0.174738390851714,-0.0649934951023126,-1.57438839503377,0.695314078515246,1.67690999125029,-0.324230873487293,-1.13296373443917,0.708302121329849,0.268887910789698,-0.641480620005824,-2.52090215498925,-1.62164111331661,0.280595745415487,-2.80111176332459,-1.48512315389923,-0.351534879535701
1.48629959890416,0.181135838585434,-1.83334868356822,-1.56179707731583,0.381981399468706,1.76389388508455,-1.62993115079487,-2.25037759758028,2.82299579871062,-2.38058466476908,0.429727521893183,0.481243927797415,-2.12306414372034,-1.08096587253506,-3.48524242701095,1.9437520550498,-0.120830925584768,2.48705134974768,3.38433936929288,3.02260724372676,-1.16724846882453,-0.0512124080612054,0.0246696027157333,1.26324470594418,-1.72868610535941,0.503288773448559,-1.99978821337792,3.02250260474585,-0.235680946859395,-0.0385780707175556,3.14350833250004,1.79797754233717,-2.23149966986522,-4.04061005675006,-0.800766013131137,1.60600656612064,2.73958308778207,0.520939802904541,0.930659824730996,0.365295540601239,-0.723859359456245,2.14300168129394,1.41263085696723,0.675940732795316,-0.795058126484603,-0.42344489556826,0.386488872278384,0.874868328545053,-2.02514245365455,3.79293152088494
2.63326594416693,-0.804970101542124,-0.118565611154829,-1.98907562396114,-0.448785758923883,0.0280086486177521,-2.84213101515861,-0.708757131934843,1.06723255404778,-2.34939482025096,-1.67581078165582,0.907732600532496,-2.40910364859825,-0.0629757376176843,-1.68886505561761,-0.534742351835304,-2.41304586917148,1.71497001931295,2.30772117813291,0.939781077458931,-2.1056952879569,1.36112959320522,-2.28954839341352,0.591655895514206,-0.791297457662935,-0.851830556505662,-1.07668523776955,1.97998034914219,-2.06697904109508,-0.711479638584458,-0.157579105316977,-0.233020082339192,-1.58240887021278,-1.3355858309522,-0.432417794792315,1.72525901143114,3.26209613477695,1.56879195088428,0.788463446703733,2.44142089003773,-1.69799216693741,0.154253820713894,-1.19484366311388,-0.308605838365025,-1.0655749646253,1.69132352723047,2.43072939184897,0.826824038843387,-1.37658691343557,-0.592753369199888
0.98037421973808,-0.0477206061323433,0.534291949522065,-0.590533129001807,1.73830094257903,-0.364480600833388,1.69598029379449,-0.923050989532828,-0.12405008964554,0.137676119924345,1.8722620033087,-0.145549912040106,-0.0188539501780506,0.804559479480947,2.2389263999836,-0.133387519199854,-1.15072165507534,0.306806974395991,-0.969126675139719,1.13992338403662,0.122397337935592,-2.3789156953094,0.293009028922653,-1.93370532428712,-0.609073926336171,1.07723963092143,0.958223771455695,0.285498365980361,0.428351347086574,0.309951744058018,0.013531308315587,-0.235217883348299,2.35340740414848,0.644539382161703,-0.236229043427137,0.60687894410213,-2.98161449085256,-0.795347207019842,0.659869542517427,-0.710035697669201,-2.93979467744778,-0.594917752011635,-0.0897047332669424,1.62295893938295,-2.00340212854601,-1.58225662080027,0.264654335241193,0.369122461283834,-2.91924433936033,-1.23398064474284
-1.58265350646416,-0.120937568293713,-1.05048191837056,-0.868086977893603,0.224896374724503,0.453330396435097,-1.77784817615625,0.514938582142652,1.89451412008132,-1.08241914515591,-3.08858504296344,0.930534988059018,1.08988151504036,-1.51214181236482,-0.120715602997078,-0.507622361923123,0.791450215595318,-0.157204768309358,-0.813997983425748,0.892894306868429,4.15643096332301,1.29585736291608,-0.751196355236446,2.98643839664775,0.401671730872753,1.43952995316269,-0.667259808622793,-2.48927907882247,-0.938757299782549,-1.5944811117756,-1.17944497041495,1.05098050865678,-1.02212814063868,-2.38128519838553,0.129511376502029,-2.70917430665682,-0.59884081872853,-0.483192333957224,-1.88400067245823,-2.87106716324559,0.68117001533509,-0.654436972247505,0.95716374696567,-2.1698026913352,1.79006974594221,0.728771474782283,-0.314403645172124,-1.72979727784469,-0.864891100824881,0.958987332425278
0.275439981320973,1.83334154944003,-0.845528132302271,-0.725711965940576,0.991902875962618,1.45589222962033,-0.483502239501412,1.63742500361334,-2.07362620326364,1.05170210245072,2.2586143843233,-1.66205697961987,1.51927974695256,-1.00534839948763,-0.828771813992984,-0.212177957245954,0.067712064450821,-1.46347546686813,-0.48947738424521,0.395423352886297,-2.23366947220797,0.0275685045236388,0.0325798512076979,-0.553035595754493,-1.70318665714885,1.55235026881348,0.500155928578008,-0.610022897686663,2.67014179604992,-0.366242080612239,0.506953508653257,-1.22246898583505,-1.05032673835828,0.650188601894784,0.241704405305441,0.861909830634767,0.765873004462387,-1.49875347665182,-1.27389660905316,0.352366601203712,-0.362456135112595,0.313759012277599,-0.731087974941883,0.0848739861014886,-2.37870194066275,-1.36045321580714,1.09753597873836,-0.398395194056585,0.341547669054424,-0.659913918621255
-1.77248203440571,-0.737939034429755,0.167131548162451,-1.24254722333326,1.97602904108369,1.28460468833873,1.80321984918727,-1.62222186354939,2.1144409405681,0.225829520739196,0.734573916093157,1.07090407109357,0.564479971361307,1.68424095193862,1.79454450699666,0.193659896330453,-0.122664475955985,-0.421559389925042,1.9888768249353,0.599197904385909,1.75581203923855,-0.503682038936906,0.0973395064573512,-0.192660831987552,-1.10824720368319,1.63646927246439,0.729481473225715,-2.39316258812524,1.33134189387897,-1.06841382992737,-0.28362723949403,-0.37381234559529,-0.203567519989209,-0.488250891050252,-0.378780455400121,-0.0258457763403111,-0.412388622321841,-0.0693903854660693,-1.28448333989126,-1.75788547561567,-0.836819274426852,1.55870822815493,-0.231546783035563,0.62996039714903,-3.28045582950304,1.0344277001741,0.526865624806585,-3.83451938340676,-0.86983665768487,0.556868785474643
-1.81752314112207,1.19386273108798,-0.347688361982553,-1.19065235942758,-4.3267990381012,-0.917480251108065,-0.881652108665483,2.52012117908892,-2.46261045910521,-0.3472390365134,0.977919970925082,0.543630163415669,-0.68330813883639,-0.931238108083338,-2.14995297067855,0.372107371451241,-0.496710525304023,-0.0659996298678312,-1.59903160051175,-1.22811453382401,0.425049041572162,1.11947248930602,-1.06146694053477,1.83371838648264,2.53625872558232,-0.505054380958706,-1.77443519463233,1.47244476324596,0.552542029444065,1.54915824588544,-0.0366876241160774,1.25088059176481,3.38671138539228,-0.51120430874308,0.471285890512808,1.53740217349169,-1.01442615526351,0.823577925377703,1.32888237273982,0.188164716911626,-1.96350971713188,0.747577281601392,1.23925178688868,0.00107864579295575,2.60293020779085,3.42225972799466,1.38315668328346,-0.281886709987884,0.989114969497991,0.462966690069865
0.872031338212495,1.58701009560356,-0.376278348265271,-1.49216167772042,-0.296101200732133,-1.24661087459872,-0.271815252747219,-1.3775072859358,-1.81988462881034,0.849159302728618,-1.28268199940866,1.76871429572297,-2.81873969575105,-0.209295001152696,0.648123938433701,-0.402976398718127,-0.676874746617496,0.731987429716421,0.70070433940718,0.0484956259233969,1.81685462432433,-0.989026230116427,-1.68060039839427,1.94511873846556,0.37779461742608,-1.8663960020962,-0.176916522248528,-0.185241303131305,-1.54068482317122,-1.2743876735648,1.2567533219704,1.25990615985315,-0.899323519441284,0.851571205071968,-0.711175832114772,-0.197434981496482,0.241796381047056,-0.154568435331858,1.05870982728732,2.91626868560923,0.553642340705455,0.279373798696001,-0.0832125838873142,0.609917415348348,1.13622574938373,1.11864338817072,-0.519886734905596,3.13483394364205,0.51225125852528,3.43672275896907
2.61054539811723,0.775528824365866,-0.189828056138731,2.34964587466881,-1.11510996013039,-0.488603445932981,-0.741517813565146,0.339532346753262,-0.380772967454036,0.505736457386907,-0.0526049068378721,1.46908222649887,-1.12858991941133,0.90919122569597,-0.868711326390558,0.983947143759104,1.37751802840969,2.28799103249614,1.4908241699417,-0.486836339663238,-1.77953392076748,-0.70247681329066,-0.655943993047739,-0.285152030025017,-0.469719818122076,-1.25034676730941,0.0344008774898637,-0.0100853999581019,3.18950347799387,-0.198037995265083,-0.723499648077538,-1.66073632734436,-0.592271269869068,3.57908301607548,-0.819872351535255,-0.773760003482463,-1.17340311182281,-1.53587392619788,-2.06391591332786,0.781672565342356,0.166701002704511,-1.72151918472937,1.03531718298625,-0.614381770570015,-0.366719459199112,-2.06678631683271,0.556806709705661,0.997957607319318,0.803105972218349,-2.87864284326377
0.654746456625807,-2.41645500372119,0.0792930322531189,-0.137654050111038,0.776641875382798,0.649898132418531,-0.106427022215865,1.04913390708832,-2.39837465573168,1.03354975293396,2.21995483514349,-1.16345596819358,1.34410262462111,0.354261987912374,0.702927350085915,-1.95522612791887,1.9580214873539,-1.01526067364477,2.52920486281298,-0.507542744393605,1.17982968098756,-1.90431473100468,1.56764664340085,0.654776080451227,-0.183655698377721,0.948431187942441,-0.718091352118545,0.42237467658653,2.3931402310288,1.40855438218009,1.69286262900998,0.0545032219800438,0.970868051751196,0.76867239970886,2.77103713465839,0.0693640795679187,1.12851061849315,-0.0228485361026567,1.48832238979614,-3.07059211963934,1.68296233268932,0.200798626106064,-0.720286206208723,-0.628729338333675,-0.175798736768226,-2.47301502400703,-1.05937750929801,-2.24519094272654,-0.325566344186086,-2.00003739164633
-0.766146920222743,-0.87050300965155,-0.619519288423047,0.229219086110015,0.00881455924649585,1.13938810284294,0.882219725259057,0.10862117050672,-3.39021480437641,-0.234459558586378,3.33701309164442,0.173973457082105,-0.756250235038439,1.95399309711242,-0.961263700305481,-0.271843022955214,1.87510169008747,0.789742930797896,-0.226578353146538,0.971472652578422,-0.6243670615642,-0.347905239423019,0.223680647442734,-2.62209029493146,0.315477168782906,0.557200010950858,1.17328579170767,0.316936838430339,3.24404446656988,-2.09818619853019,0.767734272791658,0.3680163779551,2.67776006314143,0.179565583879287,-1.03616162349514,0.532264766671332,-1.71116473716519,0.126886357271337,1.39085435986699,-0.696705486418752,0.582968703990844,-0.00936444568279061,0.636692041556591,0.75450091944832,-1.62261739498507,-2.61335237207722,0.0829584261268956,1.23490325980418,-1.00551335935095,0.0234177620883617
-1.17804966728012,-1.38033242052827,-0.468170153692081,-1.2743125454768,0.287638282952745,0.670391619237718,0.0318663988810508,-0.120781444905869,-0.124148356362433,1.99787302088798,0.170376921386415,1.1773567966763,0.865813368201642,1.34405517926423,1.83336212020786,-0.476843933124241,1.01011050383054,0.363687994456243,1.21056358222187,1.24898555186884,2.13563504364638,-2.21684933361185,1.13034047383318,-0.83971414519144,-0.505114556615625,1.79049658889566,-0.0511618699920858,-0.527929148809714,0.577186712663873,1.48133189425396,0.0284744024369049,-2.39478601072779,0.0329586112173258,0.359198195843268,2.03760567590832,-1.07657520030026,-0.36396949494239,-1.15302568103703,2.06023683832643,-0.554003557800308,-1.3197155305668,-1.03526456692588,-0.285269925839403,0.0363429666739568,-2.4917200740852,-1.10694939081149,-0.356063576794404,-1.63311158227255,0.310544389051227,-1.84680107494238
0.176003215882401,0.167467699611528,-0.328438284430448,1.06334912357761,-0.751434689803017,1.73585379949901,1.57292074169088,2.11232093285974,-2.70263316582297,1.60234408837562,2.67942957404132,-0.819571895195099,1.99497868396974,1.58380066108321,-1.6570299137164,-0.497832867132747,-0.861033301687395,-1.21894683788844,-1.00145767629862,2.13728302001028,-0.986249266302909,-0.880144710897442,-1.51796987580833,1.58933816469963,-0.385172083912946,0.616514417767103,1.05294568595333,0.645162155492811,1.3427262922444,-0.399897844278715,-0.159271767924361,-1.01539884252439,0.926422952815371,0.928630617518354,1.69352923314356,-0.740736022301552,-0.589547589958393,-1.06111089073981,1.41397398234791,-1.24253708197183,1.88473024629927,0.371265118092098,-1.70408226740816,0.831696923872233,0.404900488843155,-1.18053501039301,0.152403118823167,-0.743014196262779,-1.36019837812851,-0.236343553844847
-1.6705214580168,-4.39539595495578,1.3196005814442,-0.0125530228212169,-0.0357777986612857,2.61631379252726,0.406324683789622,-0.850083135847165,1.9108454522041,-0.0749842125518378,0.074797622550553,1.07586234062727,1.97150091740094,0.570327887071442,0.31525996897239,-1.50998006638702,0.405414846790452,1.13598685369132,-0.0603926058865107,-1.53005744041866,0.900768961510715,-1.78410964892644,1.42560357934668,-1.12700555260301,-0.786606876996164,2.34387479720573,-1.45908455510368,-0.910531459763707,1.18835170780218,-0.21074068291432,-0.322366109528899,0.434326778534093,0.474664442300087,1.16445759079906,2.16152509809311,2.10564311019863,-1.0075381628892,-0.149451685242309,0.154957273862988,-2.33189455638283,0.10354764487304,-1.11381676758302,0.488648847243313,1.78228481931882,-1.79973976622777,-1.10914262226094,-1.21291782304651,-1.1855885977469,-1.85319793107862,-0.501600493426679
-1.01479175392579,-0.681798611102045,-0.506579216054648,1.420647767242,-0.706621007860551,-1.65340898340672,-1.74692820687327,2.14399659496737,-1.1304497880299,-1.99460985610165,-0.346916358566185,-0.0311498195550755,0.938215756468758,-0.680844869316501,0.453056541363222,2.94903228683163,-0.916162949055586,-0.348945911237433,-1.2738158516843,1.36144488089332,2.21785287238766,1.64647578311527,-0.743338432465958,0.0223205760240684,0.773325719568093,-1.46744739137533,-1.95624999918134,1.24395637355344,-1.67687807808587,0.760355915676451,0.854483654884002,1.02111982802473,0.667225951642707,-1.47850808235167,1.27289025849394,-0.736848157442857,0.45362671340424,-0.0692378272730685,0.307902662051043,-0.643430670364668,-1.83744519262576,-0.419924792536892,1.06313044625742,-0.0399648706185322,1.17073907582271,1.24989309374836,1.22479803057564,-2.13127022697362,0.627911617330217,1.4210632301566
0.716741778076743,0.608294616778616,0.695367005530567,-0.560759381853957,-0.596382128852176,-2.17426850406485,0.383490997056437,-0.376010302612857,-0.34027058377477,2.22987870173281,-1.91684472497289,1.01860049413277,-1.87338094136551,-1.02708469485163,-0.658244526751589,0.449784810562704,-1.24509815746476,1.28691000430276,-0.95115221515744,-0.422037577044936,0.351124754288181,-0.632957536052885,-0.544033721546938,-0.386165263884202,2.97981610176979,-1.00031647201207,-1.1461423133549,0.689225025897857,0.921106778813495,0.0423176494094674,0.197866964316932,0.694176425714902,-0.775081984896705,0.748244459165983,-1.31650808535144,1.53703906239011,1.47721703502861,1.06062323821633,-1.40393787876461,-0.0978961936655609,-1.16062390782417,-0.795918940722945,0.621680675241915,1.00193453927725,0.276197242050914,-0.528507194052435,-0.628202116890174,0.667582899830651,-0.52845028790872,1.87187186449778
1.54747754239926,-0.293698132857209,0.850323260406602,-0.362711666006456,1.28575178190591,-2.46677776807972,3.38290726071158,-0.193641753380586,-0.959252863607534,-1.04887183412783,-2.47385742062249,-2.50977109106026,-2.4859772597575,-0.289735963141461,0.259355315506508,-0.0754023079338419,0.99047645859298,-0.306320292776693,0.0133279192367537,-1.37998297295126,2.35447400422399,0.327888793192426,-0.0466700243481416,-0.665175415989884,1.41358478417643,-1.41765174597576,0.162465347067772,-0.10387556417896,-1.61365301723516,1.0808565395193,2.46397666095825,0.560427211665388,1.47524772652423,2.37443888551203,0.145829382278742,0.456652834920952,0.324494035808833,0.204418974538559,0.430492502655369,1.06094992374009,-0.137392115821427,0.428122007025803,0.168085056468779,1.68764219774087,0.789993721527715,2.59144148926536,-0.720224073955203,1.44651448597409,0.426254510909682,0.93117519073971
-0.301283807035249,-0.0922876313736601,0.523907697107025,3.48234680606705,0.414579868944232,-1.48291929571914,1.27612357582626,0.542230585125936,-0.931403129413348,0.339043823924964,0.00360086356331813,-1.63474615018455,0.656613525442763,1.29385023095481,0.25074134585992,-0.658871126541296,0.812273755540375,-3.25260062775397,0.791633999913169,-0.589311971218403,-1.91088767256853,1.10916699094193,0.175795724647289,0.877707344155545,-0.295300973868253,1.3864637578784,2.18952506946779,0.965494406408995,0.916091800612933,0.935712113230331,-0.123667768394348,-1.52314742224247,0.462774475174605,0.351174775282543,-1.07415579991103,-2.07284004145303,-1.06091213761159,-0.149501968548277,0.430153387403596,-0.538712560071689,-0.664353389126162,0.424622654067263,-1.05031106665482,0.165063512648937,1.49487362854629,0.54958889997377,-0.0137201569902853,1.36957831667678,1.06055470268069,-2.13741593883408
1.04805367527984,1.26916590195026,1.30279236988617,-0.423279718741267,0.192780385080387,-1.19009745609291,-1.53547823446351,-1.68191511121967,1.18500354045985,-0.142957898181648,-2.48386693936359,-0.0768318600793999,-2.29038533321192,-2.25331968765003,-0.916112082698334,0.798598854745273,-1.72952632485829,1.4292680411341,-0.186126692389725,-1.33606409323076,0.266659637608716,-1.15109622929521,-2.61172147657366,1.81348845348502,2.76833539975377,-1.84201765489151,2.35016845851106,2.15265150217544,-0.945796706549692,-1.83025564891343,-0.715497559232514,0.414554710422055,-2.82517327807014,0.69115019088874,-1.07046991970591,1.39846626479552,2.18879642787391,1.11314319659564,-0.114604445327817,1.52201502310945,0.300239337484691,1.78135980239949,-0.135125653661441,0.946480115506562,2.30151864697979,-0.76342622889202,-0.372090278498392,0.862170882859407,-1.81127340904757,1.17223159972875
0.819047876430011,1.56958709485457,1.74046826124382,2.07449121973886,1.17919114151394,-1.90568516166089,-0.796457821519244,-0.452363622860932,-0.568433677462436,-2.20398419171243,-0.442494548526198,-0.841879075178149,-1.68716220990213,1.77292658542689,1.02789513515495,-1.28641877175546,1.49420717281732,0.000406783503654015,0.17784274251313,-0.336844303976218,0.519351422220015,0.849318288884819,1.01199641851621,-0.271219740687406,1.60808518008397,-1.16272569503629,-0.283645026572488,2.09581967258779,-0.808250516744395,0.539232218317855,1.17010702062292,-1.79839030983915,-1.24731535560076,0.446424693242342,0.257679395571409,-0.796560449976954,-0.275005692993978,0.323422460812206,-1.16533564915039,2.66248321534783,2.33761080345964,-1.87123559559608,-0.359707826696101,1.26954802757903,1.44644822204073,1.63440719908266,-0.883873258947379,1.14729787050427,1.21326854721962,1.08817374026079
-0.283711781038146,0.22484881652126,-1.32773319750342,1.16847012194189,1.55532619056711,-1.36012934797746,-3.62119425066099,0.108003155522706,0.390068442293117,0.613113273023221,0.000138830065629845,-0.505296984709761,2.48345662949633,-3.36357765298119,-0.0621992854232528,1.92294027043479,0.210167485391899,-1.2705044564724,-2.59813889864682,0.651401237701037,1.82779218253777,2.49879081307832,-0.804733738401545,-0.925509470346664,-0.0896476313840056,-0.166439487788929,-1.11187654710111,-0.0636624980374901,-2.58844187887373,0.760824759840397,-0.851320370649245,0.924187696393438,0.312336689183502,-2.51158025530298,2.10024908481438,-0.209387713187588,1.08664240274786,0.13080461813395,-1.052293811472,-2.14132331990686,-0.00135107543041101,-0.881375635564053,1.5640952191523,0.413114891511399,1.98913160614647,0.0424851536848374,-0.00436435185395536,-0.500689830456464,-0.332376484524001,0.119722396353
1.11222202681108,-0.539660842765755,1.12560576197414,2.21622613082537,0.42983977816843,0.49557287274359,0.892724701354755,0.26427301095849,0.254411153588378,-0.384590657582381,2.24319063587779,-0.66964591196866,0.398843549339479,1.70180648874942,-0.775683702636335,-0.129840851865786,2.4337193811544,-1.15191873712448,0.838202923441681,0.118460986829751,-2.35719293704713,-0.465945190511322,0.531269719003979,-0.807189643508407,0.0694197575292119,0.696168672514984,1.58872863245468,0.256286684033855,2.15982062071927,1.38300263499237,-0.193471266902647,-1.42043003037382,0.147190052147576,2.84480129368303,0.484316675692802,-0.971753435181215,-1.75147252362377,1.06021242464593,-0.149714627103603,-0.170218903110145,1.60366470779456,0.34631883184192,-0.835562000461562,0.424269657306743,-0.628571812633627,-0.711764157530172,0.564667204857151,0.686401125821481,-0.558222189717939,-0.852674646238878
2.04890392237693,0.814917207473794,0.82922376837682,-2.11366605703471,-0.289632100387254,-0.2487541822695,-1.0424175910213,-1.6789478500515,1.3728954620504,-1.84533913622551,-1.34830967702711,-1.6809609657628,-1.44430026312303,-0.388158266126423,-2.65238476679355,-0.647401486670855,-0.626932071607645,0.533306060639462,-0.542832853279754,-1.60821923093311,-1.05115060544031,0.785886080705891,-2.29122688186124,-0.920313284504499,1.91068325723067,-0.811254602999959,-0.383654565710321,1.20950242487198,-2.66482194774723,-2.32453236173834,0.518901998094242,3.77053754305616,-1.98532654770873,-0.234558499782757,-1.96283954640467,1.55043916480187,2.29091646596746,0.96917912079224,-2.61025510197601,3.20931177522732,-0.174230779654941,0.824079597421709,-0.177840965670138,-0.424160718957977,1.38263140903445,1.51775652743756,0.623061383204325,0.243640727531875,0.633052864517601,3.74130201206293
0.118102897964232,2.71888625109526,0.61292787513868,-0.691971347451017,0.608514875047618,-1.33920066764716,-1.35737019279104,-1.00757958469287,0.918861261856858,-1.03971246427526,-0.67064689196759,-0.444912019932429,-2.23826576990727,0.254696748432487,-0.461660827344251,0.252761229674304,-1.80080352239991,1.98765137258935,1.56366627977127,0.990173082744916,-1.32891377234045,-1.50018050552642,-2.4285500261673,-0.407081085877276,1.87040626445061,-1.15551148973057,-0.392206496520397,1.37206446918003,-1.70210110157886,-0.683934878956722,0.809809258984062,1.58981930365461,-0.581892224512431,-0.624956977569637,-0.339239453938035,2.24573654514065,1.46316498577302,-2.26031203603866,-0.974298571101599,0.533562328895528,-0.172402973970925,0.416743679092327,-0.338060506204306,1.3448062169509,-0.577655850696707,0.687315906019446,1.10685085443804,1.83964385341283,0.730105493061469,1.68302478967284
-0.552052505602896,-1.65029606344109,1.23078648968578,-1.60283606386989,2.01433490172114,0.735702678401274,1.28039488327897,-0.836848473275808,0.69927870818844,-1.37256510488027,0.861678051674243,0.118059136645567,1.89551221173422,0.965482386422373,2.02605227934275,0.691686607871143,0.341022980918809,0.0140911988952779,-0.64801770726964,-0.957951065053466,1.315043124463,-0.780766437097155,0.569836810833331,-2.3697113607306,-0.319750427717851,-0.280791554856093,-0.0314825441678085,-1.75398355253313,0.897532220365245,-0.83682292722664,-1.75458367137854,-0.954488459711513,-1.68953085439607,-0.47240161244731,2.1736638170907,0.842924600474718,-0.654181418286609,1.09863638753716,0.159014329840949,-2.13693663581228,-0.98472001183544,0.296587660191701,-0.79278391591732,-1.69391970669092,-1.07470590160947,0.775828437611099,-2.41833125266046,-2.18127882987647,0.442505105431755,-0.574320247070711
0.811397891846713,0.758124509150591,2.45667220684093,1.1116418411554,-0.00734448078321079,-1.49912807596496,1.85171319880282,0.466527592929133,-2.28796216740557,1.4077460462011,0.177381851163005,1.60881372080813,-0.321213995771101,0.716728826959984,-0.340319152118732,-1.01577389577126,0.796965301137735,-0.413442415198311,0.732505539386355,-1.08453856280648,0.270367225001146,1.31336326951261,0.513295938296121,0.312864806523369,-0.339461811093504,-0.566202578887285,0.252733930266049,-1.10216798003224,0.244255467958875,-0.271393673128783,0.104282433928696,-1.6516291470407,1.79597424867235,2.33794323070159,0.273745313284681,0.37686433536377,-1.74144884781481,-2.42081640881329,0.667675080011205,1.83272277344102,1.08626297005672,-0.109267976683566,-0.607199215664373,-0.586502877089634,1.10395032533433,0.828720168883457,-1.00615089044854,2.92727436308447,1.69142670018049,0.386583476163395
0.232524594172692,0.732644961674479,0.361195999250756,2.09125062928536,-0.625479947474443,0.0449108729555101,2.19805903453509,-0.671505837950478,0.608897017966728,1.21926573193675,2.17357405414016,0.00546631475661104,1.67710204603261,0.587036548835666,-0.354831295988836,-3.81110449197992,-0.579328055739872,-1.70821301388071,0.059348846156767,-1.27227421029712,-1.60817820367594,0.854643988369466,0.668370043102184,0.789818828307596,-0.170385271043217,2.58791317554828,-0.674131943719887,-1.20339716884243,1.33118948993591,0.67098581583224,0.0927747471774997,-1.73494896043913,-0.881260721841954,0.268289163564498,-1.77390672899768,-0.0373559106318544,-1.87993243957163,-1.61307809545859,-0.61373050637243,1.02757661994441,0.969218207181429,-1.73120380968052,-0.895792193656167,0.758925999464104,-0.652060957095907,-2.64718499425588,-0.477276075814378,-0.685441622566664,-0.664735616708158,-1.79931884750686
-2.78102915419048,-1.02616814015182,0.670588633848118,-1.49977277096008,1.38440497890979,2.37297319710523,2.34363734834524,-1.04904601994259,0.268495196643642,-0.516005686537149,-1.14302296267418,-0.556045825759877,1.40076327384859,-1.45341166859756,1.43959177813902,-2.20712537749705,-0.211617013863841,-2.55221494936331,1.15273638996144,-1.82616378926048,1.76998783633234,-1.99217793879848,2.39132917776168,-1.35786162339462,-0.286883963812876,1.39242505117697,0.827574600128294,-2.02129210143776,-1.6471207850609,-0.203458478394589,-0.614585530169659,-0.845489461057865,-1.25528383976692,-0.279182908118503,1.33012843454824,-0.560236526028715,-1.45400003741472,1.46671378243628,0.51438799516978,0.865591534250465,0.154846546600748,-2.04181547652833,-0.593359075122033,-0.757478537788436,-0.858190198745039,-1.11840769945737,-0.628574821076731,-1.33000895834595,-1.3098085745835,-1.79109893821131
-1.56374541520911,-0.648300210503249,-0.499302508294043,-1.51344258384376,1.63321755556819,-1.01140121856202,-0.683151012851836,-1.18522136915004,2.32701588244723,-0.243033208666214,-1.39741472511356,0.0297336867460726,1.02724965356417,-2.03916747229885,1.33827946151212,1.78018596004172,-1.25667737562281,-1.77027305636622,-3.85533626173636,1.6012636244263,1.16410762304216,0.557930658450833,0.508947207607159,0.325473937876586,-2.09956126217343,1.74836494888575,-1.13552434811011,-0.741136399550285,0.428023618851312,0.1682491148215,-0.345051736866347,-0.921993155468343,-1.99943449201025,-2.32150892178808,-0.629453415274485,0.231373025211024,-0.655257558789678,-0.621640496095653,-1.86923503309305,-2.48462431764343,-2.55025316191451,-1.69442997478184,1.27573373846409,-1.79891945506057,1.17207391033797,1.68470398947326,-2.78658600181647,-0.453653735885086,0.627480915672925,2.32650014237901
-1.26559289571398,2.85180671677926,0.241997023626671,-1.4328118973441,-0.948594712201867,-0.472035839464058,-0.869119761560767,0.819987321679535,-0.933341132087537,-1.7095775105105,1.27072238029156,0.528738754849961,1.61663552550787,-2.6663418511753,-1.46167383430673,2.17961492835585,0.903088619376906,-0.0428245460021193,-2.59518268177177,0.164055797694521,0.354010596961576,-0.427858372766833,-1.11594886666744,2.05357348274857,0.43037511549069,-0.610239158968374,-1.96797903791318,0.373503005302984,-1.53419572832642,0.677622951752542,-1.71720243908272,2.2946860101478,1.25095152495369,-0.720921553313186,1.20560178608463,-0.909024369398374,0.977430536406979,0.232723296373557,0.441462558116366,-0.22358609790107,-0.807449136610704,-0.612637215649742,1.79074709265084,1.35247719949823,2.64054603055778,2.12506273269047,-0.911487235174014,-0.385605089509868,-1.24365450075876,-0.525425518860601
1.2696737589634,0.675930856907522,-0.207487955194118,-1.62119399515152,-0.269600878017218,1.69859924308156,-4.11831133973554,-0.44571179171745,0.710776862216071,-2.95243865356153,-1.92332157935357,-1.14724442422109,-0.497807228429699,-1.08678173459975,-3.98170356736989,2.15673138010771,-0.0278333251666235,0.551907439618921,2.60875436004065,0.170626570302936,-2.02344850306339,-1.03874285078649,-2.48368437067282,-1.56399505144732,1.33744883852697,0.936743407740092,-0.0654247077580639,1.38351594204633,-1.98549079992887,-2.49746938054721,1.07653135521403,3.46897896072214,-0.632481297390937,-1.01975518765841,0.481722100770782,2.37602568004434,3.381467499944,0.462981415271575,-1.69324771669042,1.49981209785741,2.0525242305995,1.83107176238781,-0.413496453262485,0.703430750220565,-1.32663927732127,0.216894573683259,0.298020425046304,1.58766773191524,-0.449768094667012,1.73271555225205
0.933121913425785,0.507167593745838,1.82211387024191,1.05769629214264,-1.50472598636087,-1.31023928097325,-2.28559072450932,-0.217238032995612,-0.497451075966056,-1.07182239186363,-3.13860585773013,-0.394610133667182,-2.03558377263256,-2.50862512124774,-1.16961864893756,0.0435501935742181,-1.90712453013699,-0.218645685216687,0.991919890801483,-1.1740226710354,1.39726352468486,0.224640376557573,0.00239255659898052,1.28112728623857,1.68608668083756,-0.301386423311243,-0.365604672866712,0.477614036056196,-1.63568257341987,-1.43181669718503,-0.574889632850431,1.07310106786085,0.366284781580654,2.22599266472753,0.127962645506452,2.91952109019794,1.7119990047093,-0.662894230720606,-1.83999284817564,1.07109021606231,0.798468985555778,1.28594529407693,-0.248534899006463,-1.18576120462041,0.323157290970235,1.81183232924786,0.973077015344804,1.68736155250832,0.898433222942743,0.0340470394914373
1.26326859713089,1.8822625360852,-1.18867391344822,-1.35517317200468,-0.543584095819148,1.57177608012251,-3.8569268759572,-1.02816919656985,0.0256610186706409,-3.47453837664575,-1.71799648352997,-0.814314088628628,-2.41085199919347,-0.947588111953488,-3.06039083359347,1.74640685726555,-0.637235902218499,3.78361383559283,2.75380277534983,-0.0784893051468074,-2.97999034380942,-0.435668204756151,-2.40893144444079,-0.0577107649888595,0.0193206805933526,0.508740638027345,-1.62525424207442,1.79029552421363,-2.63091289668867,0.633944861058888,0.820805515550012,3.72636862428977,-1.23520847122765,-1.63113757656132,-1.97065921069449,0.19641195034263,2.54190016997099,1.08354239401943,0.00357447840951131,1.09699319107851,-0.969410139156317,2.00173462118784,0.474508914374075,0.950060733414611,-3.30376340023207,1.99588873797112,2.56852542751388,2.67178409244272,-1.83533685309783,2.64685627872013
2.16723148669777,-1.3319950986056,0.601982146231348,2.03746202994635,1.26975368968005,1.50669622599513,1.92232931124322,-1.79357733650041,-1.88614053105946,-0.32718267358092,1.56809941516033,-1.45166718458812,1.08532111893768,-1.86880898565728,0.0813268923941036,-0.492235133160232,-0.357226267643857,0.10785798753134,1.20902262730214,0.291993584048363,0.043903289725175,-0.392236129202301,0.370852881840437,-0.156084713712693,-0.407642163569551,-1.13101888840586,-0.0493065126463027,-0.114102729094508,0.673385025059321,-0.601420937119977,-1.9604557223456,-1.35064118881021,0.32307845298741,-0.100518578178371,1.97342962981078,0.304394329446364,0.910980695354346,0.202135100769967,0.573193718119795,-0.147261483279546,2.24959783400629,-1.29100785238848,-2.39639035294729,0.89283901561838,-1.30291460888237,-1.66891910714202,0.0172398690511465,-0.557314157849294,-0.605596946089639,-0.633963184847647
0.992275213725966,0.809461900128401,-1.53002569579502,2.21773603002522,1.22119282279746,-0.0297301928530937,-0.517053341108846,1.65461914491603,-0.192767984034098,1.70332910909657,1.20245803589525,0.569194388711717,-2.09376108548707,1.83552722637084,-2.56794277434495,-0.235266765893919,0.0563291735603249,-1.90258737989036,0.689350565595575,-0.478777013680723,-2.68689325656953,0.353514301578014,0.38855769188199,-1.03483093432864,1.99811794776542,-1.2765946935029,0.144761959680742,0.0454553245024888,1.48614187461663,-0.220774235823391,0.429398232404694,-1.55241638672426,0.155519510279086,1.19206348660682,-1.52353668553605,-2.296039120745,0.120756621495392,-0.130853002003272,0.660493038459701,0.790597008116461,-0.415857465845456,-0.668452268063688,-0.486058489794528,1.8953077336398,0.268301623524577,-1.23148616853927,0.054143878088691,2.77203802182133,1.64410472650125,-0.936703075997231
1.93603505245421,1.68948710495163,-0.572587841664157,0.632762091750238,-1.26866350226842,-0.33899602939183,1.36456314060256,0.914888960392653,0.724419563947572,0.0649047281790852,0.530908221230073,0.848953435973584,-1.58460860433016,0.469628949956887,-0.498249265679114,1.86475423391377,-0.837264191560929,1.25818875559022,0.318168327442136,-2.07254756052767,-1.87736089282991,-0.282049797562686,1.47168924254626,2.00087589891947,0.329377621229353,-0.240356427787518,0.787240692923282,-0.239836162849823,1.46780408975426,1.93858085511021,-0.1582336632663,-2.13918185391044,1.6501559013003,1.29146611271634,0.730271852134987,0.707523194815009,-0.179185405923079,-0.471273549931942,0.50221739030991,1.08442782403255,1.4899964687526,2.42116806912347,0.117788587379153,0.500265739053729,2.39502392751291,0.522490987176189,-0.103611654375073,0.203120532039921,-0.295847984468695,-0.268158060195148
0.0047488281148937,0.440633385922028,-1.83774230854385,0.391809006126236,-0.360827948644163,1.76050423290227,0.0882736365804689,-0.328485170371589,1.74718692058331,-0.76091380332095,0.416157001097785,0.0294850641386093,2.53729022931812,-1.82809719890858,-0.882528892007208,0.452810464667006,-1.38050350383782,0.963971249342076,-2.47434290205316,1.90344347945682,0.0352540520946732,2.66786392347463,0.63541281073233,0.313526717365899,-2.17088270514956,-0.839093510332911,-0.617272684741994,-1.22328834700357,-2.29130891308211,0.6696987447649,-1.98555873995532,0.728086998125403,0.774948065453557,-2.15444372388999,2.30635056605302,-0.982873977086013,-1.1317299857106,-0.9448229431771,-1.3690337586161,-2.29433469274394,-0.267644363626529,-2.43246867975381,0.849383245553659,-0.408589488200494,-0.717257368648327,2.08520857064418,-1.13514693118523,-1.53931489486112,0.322613826965525,1.54630613991332
0.0679111510040145,-1.33135769823434,-0.180102788958655,-1.36822717232163,0.817715028983142,-0.888785155380966,-4.43216273545234,-0.76723767355413,1.2344317914954,-2.01028092726071,-0.388450166831213,0.698715724871894,-0.775437884833577,-0.279462991535129,-1.36384980104114,0.358389420153986,-1.54979240410354,2.24461873001431,1.59410284283257,0.618773345194384,-3.81097139012287,0.17831814518542,-0.0107357965767777,1.8138627091627,0.104398808465762,0.788468521722764,-0.907479614106772,1.36641810935354,-1.34130240780454,0.438045119266663,1.07975716900723,2.78060214575561,-2.09701115764081,-2.6637330527078,-1.33607097991185,0.645527404144315,1.90574740471672,1.65769073274752,1.11575335093403,-0.070519399882175,-0.681589342633693,2.46492631367116,1.07240405772057,-0.462493837722392,-0.745116452316207,2.45591931661793,-1.01675524630655,1.58823858840328,-0.357733081602385,1.33555182886898
0.00449115495193227,-0.968816481123148,-1.52976676184348,-1.4691242302299,-0.993497512229052,1.51905758483362,0.754121515654945,-0.0485055610824233,2.77743910940564,0.826731051498955,0.027982831232637,2.62289489501252,1.00974109183084,-1.97679270906499,2.05060956454492,2.52870341033606,0.473547397714829,-0.680614131568846,-0.0465268886239802,-2.13613730305265,1.08166438190776,0.458985951570399,0.145779435185458,-0.744436231743863,0.221328268684232,-0.0419956586633402,-0.0898771315594064,-0.990435498690453,-1.46911293729254,-0.874695378653479,-2.69743054742237,-0.937908226873286,-1.99021168512351,-2.80119515358584,0.336956350616005,-0.930137667490994,-0.962378454307093,0.734589520276643,-1.91156882826197,-1.13093926381165,1.57732253485764,-0.615869823786591,0.102551255004081,-2.0849212724306,-0.147140938484345,0.947488010860942,-2.82796634120349,-2.41106478295165,-0.496795273129307,1.34596895145191
-0.378243125155386,0.445323438589873,0.470900683309998,1.13210270111204,0.290184105823321,-0.335777964384862,0.652418154936954,0.128710958523625,-2.030687464442,0.529797051158107,0.700574532185356,0.595668711683416,-1.4727214269322,0.0279147424892807,1.64459654871199,-0.755023209181692,-2.59472887907513,-0.856059162164128,0.78088483701009,1.50790224360386,-2.26247858700209,0.270493204215273,0.517034819368223,-0.700839508100934,0.669043256938778,-1.03312471104821,-0.729273729419073,0.557168836204834,-0.496767886949454,0.435860613590515,0.972804045101569,-1.33267527208928,-0.414363972130211,1.80721798038572,-1.70679556480012,-0.41505941360355,-1.32771586191311,1.24234979425685,-0.564890976778616,1.44802667689996,-0.723516277182165,0.793774149892588,0.0381655393899449,1.10176249565637,1.973540372462,-1.18803284426949,-1.32663061066612,1.13413098660672,1.32779115307264,-0.328998014952169
-2.83323423842459,-2.28089777905416,-0.610780062437921,-1.49487627951563,2.19915464430708,0.991611179127404,-0.816539913756794,0.891801767541051,2.2488149239385,0.221304264715129,-0.0716557483647697,0.0925044125035958,1.53186619807537,0.181130905398808,0.758911948933212,0.53560157199445,0.594154524430414,-0.448862498635395,0.0201737511774052,0.218371627004284,0.302820648522076,0.138317456622393,1.24238651186346,0.943624244918764,0.156723970659483,2.4844164472258,-0.854565085713344,-1.83870687458099,-1.49706056849342,-0.513140731359454,-0.274614417632676,-0.554034107994998,-1.15714391653225,-1.75728989723325,1.80723851367426,-1.25917690669015,-0.167260389790309,0.901162931786786,-0.763326349539234,-2.262732837355,-2.52330189642017,-0.593342409878236,-2.50649278670609,-1.50540306803898,-1.19524952963539,0.440725825090468,-1.99946068616826,-1.91226981443468,1.03632677222703,0.98822919594857
-0.204515559325763,-0.695488040257441,0.516306858670391,-1.16171222636031,-1.42736414857047,0.098012674082858,-0.671670215847017,-1.48058194914984,0.425797234813231,-0.596151068063978,-3.35861235571521,0.548623389452541,-1.38741450073959,-1.66116096233039,0.356270908948019,-0.174999304054507,-0.68918402996667,1.73842205619314,-0.140725713142964,-2.11407924001302,3.72413637602797,-0.413896062014392,0.494628082973813,1.57109558846744,1.60352610002972,-2.41890097802264,-0.666581722047465,1.92778343303868,-1.83698694381499,-0.728033058694957,0.0810224815613766,-0.159902616018765,-0.905595373289092,0.458605436885006,0.51589606874139,1.62181859316867,0.35023966837807,-2.33807201165966,-0.665075886932185,3.09971466894192,2.3910448719346,-0.130277679595041,0.281848446093164,-0.277313940145267,1.26282344170746,1.83325867085593,-0.658255126245646,-0.729886860552368,-0.154274878672046,1.19034291067924
-0.274725303738254,-0.710850241755795,2.38680641221995,-0.00232225493305691,1.99189056859783,1.45681646241933,-0.403547433703096,-0.295009079268861,-0.227095018460112,0.589761342475704,-0.110435629947002,-2.0285218403135,1.19778093474978,1.31899584417654,1.25375468888878,-0.296203852359506,0.491462226539684,-0.0902820949817903,-0.346107769776037,-0.461733483027012,1.77286236840574,-0.149108043556302,1.37262156100701,-0.624279243508129,-0.0448520727951187,0.801748333626492,2.46976985187498,-2.51782175396085,2.42180304374482,-0.336449985533156,0.353348635492498,-1.44871837944636,-0.25604977485535,-0.829720101270484,0.327196095853326,2.02152038271368,0.426931356965185,-0.714462772491458,-2.06399269060908,-1.13469597098174,0.376287176940714,-2.715064985822,-0.631635198800716,-1.78182151835815,-0.501781129508832,0.107214508075277,0.117245212249813,-0.653048019664602,-2.95205212393406,-1.1038735025048
-1.06544339615451,-0.110432276829547,1.11238761669447,3.67134500645053,0.53193208498488,0.81254623596423,0.735783623242538,2.6869074357031,-3.01362161628164,1.92397825006937,2.65939050923085,2.04741546227398,2.66159886313501,-1.16014943925624,0.941514183726073,-1.95834608040633,2.35881392541878,-0.265798735881323,0.415005217546164,-0.604349414310461,-0.212218303232409,0.0595052467041735,1.58007137788065,0.576818239417884,-0.459451696231471,0.462683380429094,1.72241506658012,0.380677080254763,2.80077204899997,1.58880976351739,0.442130487021098,0.657966648102113,0.742052061944229,1.45655398918471,-0.192387060375298,-0.315303608280288,-0.0908519180627673,-0.688688968838187,-0.0225814601271148,0.0349137005326583,0.191144846629148,-0.434428574335124,0.373241053841228,-0.288386606687403,-3.41313975197678,-1.34398408462902,0.128284831710144,-1.48443735845579,-0.0271872471203347,-0.372721663837686
0.191889254999828,0.957431987696242,-0.436641752310034,0.720279210573692,-1.671223608115,-2.41304999122821,-0.417543363957149,-0.607776040792763,1.21024563248964,-0.583495946588888,-1.43765039318204,-0.661744354252236,-2.82912237426051,0.364572017598014,-1.91676240049495,0.929159312303928,-0.899715077016453,-0.584193975345421,0.096072196104996,-1.98460920152791,1.1519240229286,-0.753298499310922,-2.80575865394339,0.432169414928645,2.1214932492494,0.878693646850512,0.242836658133158,1.53777715723806,-0.664075548709601,-1.30555232556272,1.3093218222973,0.529045608514015,0.142750238788181,-1.32407564703683,0.495988969218003,-0.618505675711038,1.82630663096328,-1.06585939306994,-1.28165713430144,1.54735016634268,-0.0299702789127978,1.49263693649901,-1.17830233874928,0.660288791137694,0.112247385420615,-0.753498307498479,0.81426584412727,0.336210698044391,1.04614410568909,1.15651017311741
1.64711264667696,1.25695980156464,0.733212242025291,2.50491143445273,-0.954906804489534,-0.98052308438571,0.971878362124041,0.948033797483845,-2.35279747913992,0.316063298341645,-1.56005935267854,1.51963443584679,-0.692600058730142,0.535317832331589,1.27279341088512,0.507316082903027,1.73613985752653,0.432161261539991,-0.0395253342788412,-0.62936280957517,-1.11320079384205,-0.450236840885498,0.16881221233236,0.0953083578790525,0.978878284205965,0.287090580625767,0.616447228206625,-1.15149453170025,-0.0335715002341308,1.79319987503215,-0.131286865195772,-1.04417977646161,-0.31690454387384,0.822176588181084,-0.168696916648683,1.83626996265175,-0.87459923577155,-1.41095286588785,0.808850662077642,1.36178048210616,0.71592598295663,1.01205767956966,0.357085118281348,0.391105239922142,1.09095320790874,1.23876458184871,-1.27547608342059,2.60352806218706,3.32221552202444,0.132942186895428
0.782080919134381,-1.29341152005564,-1.04876615392317,0.371131307361125,0.491546784090237,0.502066472970728,-0.589082370582978,-0.199046366884698,-1.39895358576008,0.957345068285057,2.34509748472263,1.12712805510238,0.233451782768581,1.29057823511527,0.789080150570749,-0.494998486697624,1.79809322475706,-0.792983719229296,0.0327975702660353,-1.27784767760616,0.56626780445024,1.81049934092433,-0.385919973155434,-0.67993881904732,-1.81798223407556,0.791638032380336,0.458646882363103,-1.61241106338056,2.47378043146428,-0.445145819975614,-1.01702880095286,-0.435764652669042,-0.657670257566261,2.08684654261953,-1.04156482119831,0.234952196431262,0.871511490359596,-0.0211178504782182,0.836269350899091,-0.53283808913565,-1.63789679872218,0.318794510613371,-0.974603131229447,1.66186458534099,-1.12227629392803,-0.431635171476918,0.319447540552175,0.963883916098847,-0.306694606957524,-1.17489374058031
0.708837393491993,-0.816091787885179,-1.16726670907794,0.210895448207093,-0.801254416772902,1.76521826443934,1.92711575168625,0.376625857985371,-2.6978079918122,0.868511338958992,1.39852030343733,0.454056057703724,1.8492503670555,2.37298660888902,1.42206985051249,-0.65586783082412,0.427674852705982,-1.41416531273834,-1.33915217557882,-0.137793324115415,-0.55413399898037,-0.899053894403628,1.74632996875794,-0.935712760160973,1.13458039004654,-0.467073871594593,2.28911836687347,-2.75083003656288,1.26251818440676,0.96928610664276,1.01306311555492,-0.178533903797782,0.27149904628867,2.30547898457361,1.64641463778513,0.0471218586676433,-0.973758080236069,-0.205194119564026,0.425293225669544,-1.43778350435608,1.88623508893044,0.0421299272556014,-3.07438199707691,0.0815051390378809,-4.26781076909499,-0.24991151484272,0.835285884709328,-1.37197216841131,0.229940800579022,-1.27128041919178
-1.31218053742756,-0.179205328166956,-0.606475630338145,-0.476900652627336,0.955092448011548,-0.599358433662663,-0.489741780712101,1.94111342260132,2.64594146933281,0.133452155744383,-1.06558704974043,-0.257850189040681,2.40420375554011,-1.34443088530131,1.14746401458601,-0.536436356139349,-1.83885060121249,0.0406402009759958,-1.79790974447682,1.10262548403572,1.7879210003382,-1.55997595022345,0.074130977529951,-1.77517484420572,-1.43094732159213,0.347415089261221,0.202387399696861,-0.263916542197447,-1.70467293951791,-1.46600344933037,-1.42850142074534,0.615684367912544,-0.581148181522598,-3.35549866105109,1.65471529888099,-2.17177294631693,-1.17914340767671,0.68926414727305,0.797641327614938,-1.52593938095676,0.251741131150119,0.0886965481264433,0.0275239331274228,-2.46608261495636,-0.686577032801174,1.33654238910485,0.0103397501911209,-1.04267734547026,1.07893536447759,-2.36217408849813
0.317473028397908,0.522606750865632,-0.217016389409454,0.601620535128979,-1.45232710516819,-1.83014619374649,-0.167552410949045,-0.635803688336235,-0.754438809203185,0.744075895239026,0.00686248156533431,-1.38349885135216,-2.20281364274309,-0.284154727481894,-0.657471626621456,0.67347202885517,-0.117389151879111,-0.65856741907729,0.916432675976532,-1.20291258760424,0.25433137210432,1.12576013793649,-0.0748813442911503,1.36049835068424,1.87208805517212,-0.724203712137765,1.15963342879663,1.50166517589475,-0.0319883358133171,0.370312259718214,0.34307924169707,-0.243801287058499,0.6032917651286,0.572904267060746,-3.02714348076104,1.53811607436391,0.830723260006259,-0.653919633902108,0.293080362731535,1.77591140668356,-0.38329603282859,-0.718184545922982,0.14107215407278,-2.29741010054944,1.55127094230263,0.789398507504645,1.47411321034045,2.47978817638667,1.87399832042654,1.85460934774597
3.29475837126094,0.208499793503913,1.93835789939149,1.53340564410011,0.367135632295066,0.487718967606265,2.99494917185024,-0.461986753880061,-1.55382566798269,2.26720224910101,1.09782515854758,2.95127281546844,-0.66770513006505,0.636827758621494,-0.891170693212368,-0.589374313951529,0.124601357061327,0.166930975048502,0.380152518604228,-0.244163962900891,-2.13303880118333,-0.721853843860181,0.247093763808222,3.17260396647238,0.317411860005035,0.276714273323529,-0.00562790761814248,-2.7030110316995,-1.08983456750383,-0.0626580413868654,-1.74404614506962,-0.490538743258896,-0.00243179947133114,0.417965997076092,-0.325682174096749,0.271389673932413,-2.16632457603436,-0.920940341966143,-0.11754562032722,1.2296017390763,-0.0479998201959267,-0.0189873922776759,-1.08312567397406,-0.597258186005778,0.352494798451777,-1.08194931331022,-0.183667058121676,0.583283506138402,-0.41845046228075,-0.360744834138929
-2.87052071165523,0.761509300017508,0.151861762428999,-2.89386075440511,1.78513256204032,0.453165233271507,0.788384550371567,0.749090093669988,2.34985104066999,1.97283728908068,-0.18337374279333,1.26929738849582,-0.380477440794642,-1.34746028451143,-0.712548129424668,0.952977796849762,-0.896929935058398,0.491320885945421,-0.454025569836739,-0.49661126942828,-0.344433510804561,-2.05234944882535,1.12934440477223,0.335022243496692,-0.256583710816518,-0.677420496250531,0.184662753755316,-2.75190800169821,0.084947753061469,0.562505159318547,0.985823285918625,-1.18680040337988,1.0321536156617,-1.11581707728245,2.34568865006433,0.641561806518686,0.00658476531571232,-0.877509459040172,-0.197393768964165,-1.23557510006635,-1.14107801237072,1.03854293237915,1.33414811404462,0.0741141311187862,-1.3328477361375,0.0759075085054952,0.343581101887193,-2.19958241992115,0.586217379853875,0.628166592277913
1.66723315493558,0.258493224365558,0.881105325565619,-2.09292311709555,-0.52856531832753,1.86725568379473,-3.38235370865396,-2.10972285925128,2.09892257879811,-2.34325588266032,0.287432063258469,0.708611983622074,-1.91254708900006,0.0478435047756245,-1.98087924929988,2.092341830134,-0.888793909148696,3.93668728755977,-0.283188123807628,0.215242544422291,-3.25473388139325,1.27979130634473,-0.797496977658121,-0.337770978147875,1.63495924990876,0.333175261361443,-1.19448168763389,3.04806239183489,-1.29070732311367,-0.91725778191393,0.978115015492957,3.41693664610068,-0.446123251226759,-3.65930663472652,-2.08742847545828,2.21292549766839,2.60958823717735,1.8297475417592,-0.743294412645816,1.85191283673768,0.198674109345073,1.01544918652189,1.04588717450266,0.822175619537047,-0.063377228248193,0.0174580261467931,2.1600665355881,2.60816925557407,-0.218492734494878,3.44185301974032
1.86984706346344,-0.242691129019432,-0.838723598150398,1.54590714916821,1.09821195898134,-2.74372068435834,-0.197232716628782,-0.316056459417164,-1.02727330748114,-0.176374701290729,0.381401458868437,-1.22549154136763,0.59360129098129,0.293910698954942,-0.659854858117597,0.84424580978031,0.0450557310706366,0.588129862716691,2.21094451992223,-0.0111056280864165,-1.99899374662356,-0.300142681492189,-0.408758182882392,1.53347221035134,0.643838976162287,-0.372118025022638,0.513521240322408,-0.214234977951448,-0.197321690962771,-0.782032012187025,-0.518150497780464,-0.354192933466926,-0.441407459481523,1.11372837485604,0.615805237880495,-0.325224648747016,-0.0777934887361485,-0.609552295584652,-1.15255428694017,2.51467799217758,1.95845740368764,-1.53852671262769,-0.132823762788217,1.80154431959413,1.88251938454431,-1.25588304035159,1.04288665564655,2.01317729682127,1.57846538994969,-2.41919972419551
2.90242051848202,-0.312764812065895,-1.65636461772948,1.9842983013955,-0.11047225900883,-0.474791585698318,1.36428874133901,-0.491633187940909,-2.5911848333118,1.15344458233537,0.821364978878669,-0.0166096338560251,-0.108241452354454,2.07103651750074,-0.913145118324629,-2.482306197545,0.8365632962337,-2.16399115089203,0.132029143471943,0.833150992282127,-4.98701710228498,0.158823670632666,1.76360948128135,-0.179779040425957,-0.0667688686040603,0.722752582756278,0.993613727521403,0.456869011082089,1.8582025593569,0.748578309388298,1.94537595522825,-1.97090862499519,0.567607615412114,2.40717501615427,-0.815097805829155,-0.416977265118262,-0.510662983736886,-3.20155780577074,0.31827068606409,0.979915532535609,0.571126372757403,1.63497340540149,-0.652159733356322,-0.756930844526203,-2.15891927016448,-0.973474626404191,0.0402881737073007,1.75842418196161,0.670915466254106,-2.24625035707698
1.23559390631477,-1.40205559536307,-0.467315565225953,1.6603460761242,0.431009896380667,0.360445311517219,1.43426490394719,-1.30518052520946,-0.995558844724228,0.761184237807101,3.56329958947334,-0.105216570724485,-1.61075532830159,1.90769613202612,-0.290355441591796,-2.40514986793525,0.767919655137224,-1.53268960154681,-0.625565432936157,-0.477687628227508,-2.53466713432833,1.17243568961456,1.46464637645799,-2.03620718418692,-1.63923354545719,0.898902558967341,1.06477043040077,-0.741878935086295,2.42700996341723,-0.285267075266715,0.0383989025050609,-0.818614320815355,1.31415847157871,3.5100511757561,-0.857122128310059,-1.34958539419328,2.44777893278685,-0.103603823064192,-0.290272891560048,-0.739992493989645,0.966830006976796,0.533330555353839,-0.204848017253928,-0.908785466152321,-2.02609809888988,-1.28055355162775,-1.18043320104166,0.353721473486494,1.37379441986792,-2.06212073036073
-2.17147786744387,-1.71253618309653,0.6792311490474,0.649474969952246,0.497619158954672,2.41983023572896,0.0201136499850711,-0.0627683555247668,2.15363389503671,1.08704487481912,0.384419068277713,-1.1580975602909,1.60837400902888,2.24688201602432,1.27283743373659,-1.06365816083786,-0.341925104527552,-0.99550955778218,1.2164304629653,-0.617366164654712,1.90810393707233,-0.487805167300553,0.260954373166174,-0.861822693777035,-4.01664990841038,1.5108148232911,0.13051415665653,0.27663317745596,0.876400735368567,-0.692127696212202,-0.158836899403458,0.244714281772954,-1.23766594289418,-1.42510952757758,-1.64774973512412,-0.426728539832365,-0.471346652623476,2.35484084135522,0.0226720523340315,-3.22232503229902,-1.9953197849925,-0.383234975991504,-1.38152448050647,-1.65561576956019,-2.89717703240542,0.0239075600285846,-1.50003967081033,-2.11257019858409,-1.50268215677178,-1.84019601272387
-3.55111710711353,2.30789585650666,0.424362695140558,-2.73931498175402,-2.60452146840089,-1.08965197729459,-1.49543622153818,-0.861533615845782,-1.66229344337659,2.16564550836434,-0.807540057355727,1.13992386104421,-0.994399640579985,-2.65525888739047,0.730446555840195,0.999609417242313,1.37799179718583,0.52522004008975,-3.59742899945696,2.97523532810277,-0.846242902713484,0.308602343807035,-0.243115851648672,1.48603644615803,-0.950141728092621,-0.549896325991023,-2.05890478115536,0.695771257750415,-2.75967078444371,2.56402137003855,-0.191886775894956,1.54015918003699,4.08015345596337,-0.872976958698668,1.11452650712921,0.827753955114638,-0.22738420744014,0.413640714850145,3.5823917761162,-0.466876035850072,-4.42829294020412,-0.546111825316126,2.00563775657687,0.141652783374207,0.102354807279387,0.787102870065405,0.911959407205389,-0.315844154180942,2.34788880788458,-0.780657165061975
0.563893578122611,0.873577703806225,0.366266589364776,-1.2148846180101,1.47594424367705,-0.77004510696321,0.904363129168003,-0.28063119240675,0.477990079465361,-2.09298342349919,-1.9308077454219,1.25167905357257,-3.05198131465722,-0.503112331882428,1.65811744887345,0.451319650628791,0.285097958804517,1.18467086073592,-0.423381116099944,-0.686343293170443,0.804774359864842,-0.237905286172948,-1.71893704732935,-0.38253173612068,1.39929695613234,-1.30717628876925,-1.35164523452994,0.579218872770445,-1.54815061528665,-0.797347487795296,-0.486971292377717,0.0289125349055944,-0.858103077113463,1.84798437472576,-1.84908365265204,-0.431730665117188,1.36354852182643,-0.863869239964967,0.687031187232674,0.685212749634422,1.23987150727205,1.90456310525615,1.2756853120764,-0.0793493561674352,0.945552072537334,0.896587555900001,-0.95115867737427,2.10860300416011,0.295964109577706,0.0897685819979561
-3.17210986595348,-0.0619749437195509,0.372579596797519,0.417951183235408,-0.819635090994329,0.756293307868334,-0.972396030355209,1.14694790438181,-0.320476558786627,0.627002896181078,-2.08057373039632,0.671214070223043,-0.957212614979056,-1.26407818434394,-0.953406396162481,1.66330895087906,0.767765024101225,0.0468972294215127,-2.04398529695314,1.55876909807054,1.67470311640889,2.2108740359042,0.095161353924385,1.54723864061211,1.14448539045839,-2.03236002258438,-0.201083415182333,0.763901667986951,-1.63658125849135,1.25089566021923,-0.663287414731302,-0.525088960090295,0.19467614244194,-1.70496017881588,0.730243982978207,1.02362880560308,-1.01646252388056,0.12467327276725,0.718535928292791,-1.38900268493098,-2.43310111345242,0.598805237095808,3.41381472880127,0.0266344825052562,1.30535735214038,1.1488874377215,-1.55968740992131,-2.83332169320573,0.407238530476012,-0.980773278594007
-0.558267180890967,1.24921866493961,0.778044397813833,0.907708696997678,0.849781784215088,-1.03511479745231,0.209957400538082,0.581499803751658,0.490160516544497,0.705135904018102,-1.95815019406955,0.392984939214933,-1.79106678545418,-0.488346904045062,0.642228975180253,0.278412125165701,-2.06105831576695,2.23351453676918,2.29295080400584,-0.138669186790319,0.659133187875792,-2.99480278527533,-0.501864498501236,1.08451845383752,0.910285944090225,0.0365065508471855,-0.127637728661299,2.19782247219407,-1.00884788012019,-2.27590939736096,0.929105795008953,0.507146182814936,1.00797277558745,0.38150919091996,-1.98426149335395,0.849142336653167,-0.550745263933425,1.1247392847364,-1.92996604420052,1.06665547768294,1.14626096440886,0.759507150921858,-0.0504141247212163,-1.1132657701351,3.06175872921051,1.76407153645951,2.18268028370177,1.41821696946264,0.658950256837498,1.73225957343335
