"V1","V2","V3","V4","V5","V6","V7","V8","V9","V10","V11","V12","V13","V14","V15","V16","V17","V18","V19","V20","V21","V22","V23","V24","V25","V26","V27","V28","V29","V30","V31","V32","V33","V34","V35","V36","V37","V38","V39","V40","V41","V42","V43","V44","V45","V46","V47","V48","V49","V50"
0.0207577040598506,1.68890175248026,-0.60826213068897,-0.863277508969505,-0.737871142279866,0.756738958792127,-0.942962819241075,-0.941845932508411,-0.614571309764352,-0.203084043644835,2.04118680819976,-3.16252510745057,-0.382454938820439,-0.946249540428397,1.01927306986658,1.37738812638195,2.67271334983519,-0.431216707203746,-0.66470399207453,0.298888286767236,-1.15403621802958,0.415531145542378,-1.61251891581397,1.61757480851305,-2.53770275695795,-2.30573582580322,0.550989822622026,2.30859472025924,0.869533526113245,-0.0822598357878348,-0.620038939073887,-2.050228608297,-0.851944821894672,0.486757648828572,-2.62790507009088,-0.954127501027497,-0.0908289858818263,0.572653421806615,1.47163983072456,-0.92739892768032,-1.46386812740379,-0.677101043158417,1.64872176006208,0.0153891742422988,1.2589156860849,-0.662105617206555,-1.96699100942962,-0.252201090240058,-0.0683313646959145,-2.25221514585227
-2.45461789245236,1.30694016623337,1.71709435251452,-1.24459494325623,1.79888646172899,-0.124684252575754,0.431958252237141,0.790653809127893,-0.237979458316748,0.143542012356229,0.551147671908322,0.0660931411846308,-2.4004121080216,0.539916656145589,1.04168877206073,0.849993400735049,-0.43524682731925,0.0990223901190257,-0.0677366952350784,0.55252494239652,-2.09969947633112,-0.116302162073863,1.04807982104023,0.243097113407587,0.973897073195133,1.68213094831305,1.80910783695475,0.837464711256703,0.566706487090119,2.21798899879293,-0.0859978589938731,-1.54206881274832,-2.27462652981042,0.618918961386847,-0.314944274456423,-0.0186998881210074,-1.66957794278381,2.42538079498789,-0.761707168708388,-1.05696385440269,-0.439792016708839,-0.818371856923169,-2.16658261240889,-1.14592687015847,1.60137454680794,-0.835303731167716,2.25002630056232,0.707887701238872,2.3647599917682,0.60730120181122
-2.35573080797018,2.82332751068099,1.87616347805784,-1.2773847573052,0.943815646555084,-1.58283247679434,0.492432818736371,-0.936319683506189,-0.14777039372188,-1.11581944296315,-0.654544855506027,0.961040322249157,-2.07595689841338,-0.103067378232066,0.765965327497476,-1.81665959945032,-1.08832859354296,-0.223291413792946,-2.15565601074623,-0.262706829107729,1.05220261399633,1.51380763110297,-0.148935868395805,1.9353265803964,-0.0210684045616496,0.763787753286601,0.0781084740974963,0.511840829069121,1.7843393051479,1.03175783647028,1.27117781694268,-1.41385307212378,-2.41149918778273,-0.37703315519209,-0.123456355326008,0.43226727515408,-0.690706318195979,-1.02763517801626,-0.524742411167793,0.841760111087295,0.0603110462063933,-2.86264141394966,-0.937631486455696,-1.35218203438894,0.816722610390344,-0.804769366261141,-0.877367359354217,0.5969425340092,2.73302991358863,1.19286087672002
-1.31367484117833,0.506653018214565,-0.881680419468352,-1.56857260301253,-1.45408653703981,0.754007809622478,-1.12671761718242,-0.00295730147070369,-0.577244714667951,0.141309644852099,0.335381472126208,-0.386864277592487,-1.14651573543802,-0.248116856875191,0.816043942286021,1.44887500631774,0.107123457256333,-1.2724000956145,-1.00143128697318,1.11722422496882,1.33163951724598,-0.520996418784797,-1.25701552017783,-0.391181352082315,-0.287833129842788,-2.89441200778455,-1.36343531561,-1.65437464503254,3.05831258091901,-0.530082933865983,-1.17043646770283,-1.21909547506036,0.351223110150359,-0.132249175843358,-2.34735941183459,1.00973455400613,-0.234563476599744,-0.797280921152252,0.526295645986368,0.253104413526551,-0.976917481111432,-0.416938488626706,1.25034274508117,-0.207152833271508,-1.8703953721903,-3.28239252677756,-1.88380207104641,-1.61409328539221,-1.78044960926957,-2.10511174728546
-0.136948516081403,-1.3584871802121,1.06575982162377,0.277240415422179,-1.03829751747112,-1.49426160445539,0.367486525691609,-1.25048897250059,2.25738088402764,-0.0788971132014271,0.820556385584627,0.112844505004432,3.2212860211457,-3.57105598681644,-0.0974760976806165,1.17400118273766,-0.466058435193366,-0.861114699333459,-0.0698196030108259,0.428874061381253,0.603367050261941,-2.18880678828544,-1.44921773727395,-0.891770221671964,0.911882921926116,1.84981503551236,1.80424261997615,-0.179427287955213,-0.103004077385034,-1.45528692691874,-0.421187404888156,2.38956084165721,1.62157556798034,-0.454168767482537,1.47491971908743,0.757358048762486,2.88602739225546,-2.25244004055956,-0.562559052283452,-1.1462537009635,-1.32441439915614,0.730539254160695,-0.972548934625359,-0.278139177118275,0.128607412645845,2.08665582482921,0.607719749089006,-0.418011965812589,1.34163210392079,1.18657209064085
1.30069173243251,0.234419283923656,-0.157610977917007,0.695019996661992,1.70295186147429,0.903671966259533,-1.96473213666477,-0.252723402990162,-0.506811514433691,-1.14298925783239,-0.852242294673096,-1.4063222450141,-0.39128814962901,1.16370896831317,-1.58247957214044,0.761740352483308,-0.889148754015378,0.779319934791875,0.325497390354862,-2.79061462490353,-1.40758292066318,3.7768323827594,0.268061371842995,-0.0459569661378684,0.410612033958488,2.47263508171648,-0.488369073134814,-0.185851310764957,-3.06237906826637,-0.461625072952198,1.1835735213279,0.532490200613034,-1.04220403373785,-0.308648000111158,-0.178056673649828,-0.979060184470439,-1.25244564196087,1.96497308233254,-2.48702741731505,-0.894539227294076,1.27687367377193,-1.99823362390219,-2.1015184052153,0.17099311543077,0.247861490360699,0.497310243117365,0.306918167770446,1.05715428068493,1.42304608787012,0.823988694746922
-2.11314424443502,0.435186334263051,0.639773162763736,-0.453306915617382,-0.546022544543059,0.431580206692431,-1.53251478741822,0.901341071409142,-4.15606319568235,0.360352044132132,-1.24364075373705,-0.617051524006336,-2.9627173122358,0.656673605838916,-0.264467539350575,-0.845218122222053,-2.1597161646088,-1.64103660277933,1.43598709919993,0.452218583568873,0.972257813948931,0.112967129218387,1.03044268748498,0.200033392064992,-0.887358218959333,-0.688964752120689,-0.0578429864623864,-1.52930487173466,-3.53707954825413,0.351661631914921,-0.911168589233711,0.63461881462522,1.55108332806892,0.362389431021822,0.676684417699933,-0.141516818273669,-0.216134056952854,2.20949950870223,-1.76010106265891,-1.21530234276334,2.26250274527487,0.693273954228517,-0.85104874925165,0.831869035949454,0.923127665606886,2.19715224294782,0.813384939733803,1.02566334586299,1.12988007398125,0.554971530874286
0.299447573780666,0.224938975973033,-0.0671273818663895,0.0802223934908239,-1.88985664401807,-0.234085545881794,-1.72812067965225,2.01213820838467,0.424413888832539,0.778648348283724,1.82827661757232,-0.0893394607182217,0.564085310644655,0.781199471017519,1.23584480966694,0.472371299230978,0.052698087633429,0.932480175010735,-1.49731444362977,-0.150731803403909,-0.948886416436478,-3.35803865400571,-0.326500150362513,-0.332162938430693,0.0288007250076796,-1.14346348210408,-1.76357754055069,-0.57696823821307,2.38674523134179,-0.265752030094989,-0.932722264848281,0.981628677429132,0.239154491616189,-1.07470089593242,-1.32639792373595,-0.147194096536519,0.116213224109075,0.134974850145106,1.61180126281837,-1.92008669299931,-1.67687174171252,-0.614300100598265,2.99392663673117,0.0820704037707334,-0.402283407398812,-1.68080772757719,-3.70908481341707,-1.40566087941615,-0.517832417059968,-1.09106327875596
-4.25170950918289,0.772307686160818,0.816001010888018,-1.07153232014741,1.12740982586379,-2.12394621820661,0.499375154883976,-0.595186001688525,-0.924118745564472,1.67242434444723,1.04183892449615,-0.39819887569564,-3.0808827134598,1.1233637245541,1.76401612979505,-2.35135004233577,-0.728575219211534,1.11793769364334,-0.809338046173486,-2.56440714076888,-0.726620860164766,0.819987787000381,0.1180715838563,0.0544668094279572,-0.955277464682189,1.84245388160286,-1.57155684080206,-0.601816984088228,0.233766749340239,2.18487763781482,1.80286318875076,-0.524699013713927,-0.40602243810543,1.8797974818249,-2.80326719614033,-0.493950521610212,-1.40500358466458,2.31168531873781,-0.399645791566219,1.40585131916038,1.542061431371,-2.17294706629865,-0.936209712194545,-0.148689394763117,1.81742302323233,1.20084728391506,0.361872903869451,0.432317665763825,2.21797215688148,-0.674964055713486
2.97077502254411,0.193562126222899,-2.91758476093073,-1.50567530275298,0.858217490470519,-0.967015989018845,0.0226673358115439,2.04044786433919,2.66945839228137,-1.00559510293415,-1.02313038224448,-0.396673354600445,1.69699549857077,0.342859759914953,-0.866553087986001,2.65862426312396,-0.00825313002067062,0.688977221298528,-0.148180134813771,0.821772740840669,-0.150671236802807,-1.41406339054761,-1.78596345034602,0.958342810031862,-1.16194563774512,1.15901432518623,0.717858311688044,0.213854768617161,-0.119697321233067,-2.71226782396207,-0.472934752599147,1.30377450058018,3.12198152105814,0.575612701416073,-0.459835833600219,1.1733006247108,2.34008038357199,-0.532282666360526,-0.479172875232392,2.72928169951609,0.0181757331141265,0.91162685089838,-1.07898424711679,-0.00939362020227003,0.0502139474565217,1.67994709166928,0.0866952818403451,1.40567261352073,-1.1143482597677,0.69351158061134
-1.51509437774812,2.36120997442585,0.934312848843504,-1.93739563250359,-1.48243692364511,0.749784708856053,-0.958994375265593,-0.599933165156223,1.63387142293456,0.413952739308219,1.10815803265935,-0.598708682496654,-0.735595536916031,1.61443145398213,0.114339262020293,1.47499411523031,0.570807024628567,-0.370480685548573,-1.01864916937261,1.03273023015435,1.28494448900338,1.07192004085319,-1.38462868100023,-0.567587878927167,-0.0133671224743097,-0.213835796675368,-1.13974444557459,-0.976159430764179,2.67434136512622,-0.787803240510187,-2.5945974075874,-1.0664670992817,-3.18757797680495,0.960737568221185,-2.72103051786863,-0.270565647551967,-1.59900621687263,-0.826083007688499,0.130600502352549,1.05827792862365,-0.995507140354611,-0.310330583217066,1.13366515171656,-0.123327713641093,-0.648058178613905,-1.06333404041366,-1.32043282036855,0.359632453813258,0.366577859937409,-1.60932444632416
0.249660954570092,0.291599576760803,-3.5301673114419,0.673689891801888,-0.590113181746283,-0.954696610267176,-1.24449423723021,0.669022350590074,2.71430426079441,-2.40572618921813,1.39785662958154,1.28311152250088,2.47956321791412,-1.301794607417,-2.84359694496616,0.508967562637659,1.74547875690103,1.77510132722497,-0.698231869694681,1.5715372274364,-0.748328584766846,-3.45028355338065,-0.672319480524042,0.126720108320735,-1.3811878166343,-1.07122565664563,0.497853897068342,1.56160036487685,0.135624246340838,-2.99931745752654,-1.57542601920484,3.07254036931543,2.10705148389205,-1.17287091103057,-0.416556566287063,0.451346834448437,-0.544630213739276,-1.5504654369691,0.210208172166902,0.837025444429212,-0.700706691361649,0.536694378676124,0.593474639037183,0.500361665431816,0.85964667812256,0.681934366579853,-2.99803541406164,-0.231244803707705,-1.23790780204574,0.156781762448857
-0.601999754500326,0.644086390830588,1.98755057029816,0.275614689752432,0.332194907893657,-0.882592120787974,-0.00915999689532979,-1.78999219642867,-0.692432848965317,-0.589261903291059,-0.681958430317895,0.648252534375146,-0.66440590496233,0.623825477620673,-0.852680602200049,-1.40965861587173,1.30123720500551,-0.289087789751631,-1.9705829380022,1.40923019542343,0.93107234961601,0.771129291849806,0.521884617426066,0.373395860029745,1.2009296573445,-0.829393230155645,-1.64971332756566,-0.279615216148238,3.29334242976591,-0.25697493347999,-0.291008770485333,-1.10287443619473,-2.49574253293728,-0.95267196778292,-1.20969026045096,-0.127084778713844,-1.52549659380245,-0.708208450407005,1.69351056027781,-0.891571548672945,-1.21199256422031,-0.834578070468664,-0.287859111933087,1.33507560880277,0.291188786375717,-1.12491686300395,0.296704378698595,-0.487403856056539,0.394952194675324,1.32044995638688
0.307712768603914,-0.65342732246757,2.00261621139393,0.00268678273962062,1.5068898876999,1.6362509552163,1.20115563736394,0.929168406653171,2.07547506223124,0.327614780969912,-0.707491236115687,1.41157221312544,1.15267557094963,-0.765158254461533,-0.720639831219876,1.79584667029898,1.63901473090814,1.14536993202676,0.461792924128522,-0.189980132683613,0.338838706383888,-0.121297665574652,-0.549680678926479,0.0271345808007818,0.679346357428608,0.0390351315252844,0.693105168296684,-0.39042065787271,-0.198631094201499,0.999744780123317,0.171745602246366,-0.422562143209753,0.421870903811327,2.06424530714331,-0.169884216810207,1.27005942907938,1.54996773772168,1.28711528671847,0.532590590777289,-1.76751789114016,1.61385426948313,0.956473089496183,0.0511417272148766,-2.05498843892398,0.182669439807319,-0.26084776739004,-0.48143239556479,0.485344524528547,1.65714239813569,1.47493662228012
-0.639245511412914,1.19501817630757,-0.888838457717683,0.676959315289904,1.78654059374196,1.05303072933688,-0.466699825757378,-1.28877137486143,-1.49829722833439,2.28772400909226,-2.5434979483944,-0.196744993595799,-4.43193544408473,-1.65023272736448,-1.01742883218631,-0.0491833301868707,-2.95553410285371,-4.06851450075241,-0.171911643494139,0.0474827367460571,1.03823838461573,1.67167879231668,-0.920178267574538,-2.29717598083475,-0.29267785345361,-1.53528468517183,1.44399046670414,0.0970214539903128,-3.69173621643502,-0.310868591151037,2.10925643890535,-0.0705096501644138,-0.275251847062135,0.220615351680355,1.73964263342015,1.20155392930134,-0.511076531860464,0.285072032202838,-2.3168074670695,-1.5938677667492,0.763741668353045,0.340060545760555,-0.683268027466227,0.27550487199079,0.113221397235662,0.0153152369242391,-0.512133357873207,1.09974458354232,-0.0444443834626489,1.42987346084096
-2.52086460367131,0.4790941926297,0.13737343374011,-0.459227222238439,1.52934358693235,1.00786690236466,-2.79465247348489,-1.4788677579991,-2.22401303874599,2.58174817978952,1.03614999323864,0.373584679689306,-2.85028372327988,0.247377370968966,-1.21181103003929,-1.68130067512901,0.489977511923483,-1.07050764648598,3.71950644300423,0.290088585890923,1.88413820660042,3.44155589150402,0.312112895863488,-0.883270698986651,-0.993078779995251,0.432411828879768,0.923654194424625,-1.31791210876248,-0.552788310552224,5.040305740333,0.512739335653062,-1.1809808969424,3.84035029559144,0.213791891331353,2.15511919169192,-0.53681177087922,-0.249733042118552,0.200734231371327,0.440348977998512,-1.98620201711036,1.48980309411911,-0.146887613729552,2.08111985769069,0.697403297728833,-4.09162507413474,-0.351704753080806,1.2376649286898,2.33669248004508,1.53046658351585,0.0456029475198722
-0.645874013121691,0.515466498584079,-0.612421149254319,0.455065400097111,0.312639799005746,-0.239245981788695,0.33170726810991,-0.386414512904484,-1.81909256341774,-0.0904369687883732,-0.993390827500502,0.277093693192352,-3.07949218074435,0.184888772125538,-1.37590232329996,-0.809786795927911,-1.64654067304671,-0.0603177227659112,-0.780549876192954,-0.395474348137092,-0.000330539073020789,0.876509390288804,0.755988992814085,-0.309895147024525,1.40398059794834,1.9648912566564,0.779833626459314,-1.21803036454591,-3.3218589918275,-0.900970239527767,2.00246371162664,-0.37625908007422,0.112761816770244,0.298000977808659,1.99577111790936,-0.644408403694466,-4.17277591298666,1.36537115426935,-2.6536131761412,-1.46665609730532,-0.396541179332694,-0.244290662799796,-0.547826251263421,-0.149738473699911,1.18090332663364,1.94730437425895,1.67568042238423,2.3352333635744,0.683925498309484,0.791683794494374
0.546488913528213,-1.03000175063912,0.0351336103602277,-0.791908999865999,-1.00496581130463,-0.188993858553084,0.321743885311958,-1.20316119532621,-0.904625854831802,0.780200741068476,-0.0788996234671023,0.835016099934557,1.77394133969278,-1.88316041386453,0.274384715190016,0.358997339933533,0.186409650524411,1.25930603207684,-0.101404208956025,0.0694024860753255,0.506008744496886,0.12415155697754,2.25601240554503,-0.629917429191767,-0.0250210347002917,1.16054420087175,-0.0544465555627677,-1.77221177192884,0.963743702381101,1.43247375442764,-0.681721579097458,0.0213435738095855,1.64900583189144,1.42669437579633,0.12888001236429,0.585980676786027,3.27846597710187,-2.46033364411139,0.523331870882764,0.795247585272086,1.42754971031185,-1.1987555352848,-0.833841078538556,-1.13996611228243,0.242134263814848,-0.298855358158227,-0.860468540391044,0.29986608074668,0.672355334469466,0.0126110115803403
-0.7987380514926,0.689907796762118,-0.0286391420649368,-0.224696461292814,2.30625261242586,-0.470568976353976,-1.08298310027814,-2.17201219414698,-1.40884555711656,-0.882648309797635,0.159027485069689,0.75135500789909,0.671560763843236,0.197499997430967,1.13919423504721,-0.687722104022663,-1.49320738407918,0.988158337922909,0.99570391811022,-1.28180548949311,-2.58069309551666,0.0998579341729125,-0.0326925722880637,-1.28407716793501,1.01168459140545,1.2858822175343,-0.429876403258643,1.73834086095237,-0.411711771136279,0.110554056841251,1.0383538395982,-0.11167558759281,-2.49852279614383,-1.38861310914001,-0.309078837102257,-0.943326056884676,-1.05771202106292,0.509308335425046,0.320605427753911,0.791742692428071,-0.89052876961186,-0.287406577662147,-1.94831284690157,-0.400508148356318,0.146953930850633,-1.42222400431643,0.65540082367055,-0.362068159410386,0.367660867473635,0.395673536993477
1.70641002444561,0.0247051847709945,0.674765037909813,-0.0726951286542773,-0.476552711465384,0.256714954273468,-1.43502800691283,0.55607587515829,-1.18156810167525,0.40452779403797,-0.63994268654221,-0.614400455197086,-0.216827170568884,0.719224377963288,1.17215002324925,-1.11290446254654,1.20634256079495,0.989108787555949,0.0638154576568799,-0.157812290812696,-1.64222889011475,-1.86366029702924,-0.425210257947558,0.675665446869718,-0.821633190678218,-3.42484097622047,0.601597352742902,0.726532856767224,3.41926789971174,0.975489236483874,-3.75684568722185,-1.24262446380539,-3.34356102493393,-0.492333320681002,-3.40868908680733,-0.62302762059226,2.52595609393869,-1.46760871969616,0.223282061416927,-0.285554808408862,-1.28024027565043,-0.517715469662356,1.91028706285752,-1.05958324330121,-1.64260275555451,-2.92716867567935,-2.11004874942123,-1.52745684210161,-1.89108815590703,-0.793390509532661
1.16003979978721,-1.20224032521668,-0.842776454206366,0.0143075178271079,0.257047219161433,1.14211192020342,1.41211225289637,0.621845699152359,1.25206680204467,-0.510001775541774,0.989395015303037,1.35268645167086,3.14933846099315,-0.702295658082386,-0.221438159630421,0.217900446024186,1.13428329177517,-0.674453537045967,0.00790709300314741,-0.929731162063198,0.884985166040992,-0.767030747909047,-0.0525980232156331,3.21565098048177,0.76164305742542,0.322734105383452,1.42020058283931,-0.369103486605762,1.55805558019653,0.456038808362163,0.887739796654344,-0.0173168310110844,1.55245372960063,1.95529071587606,-0.406153338811816,0.227118356579302,3.04189601307046,-1.55768322736633,-1.02038993375274,-1.18043360477275,0.285827727676384,0.853970497352085,-1.44436318344389,0.342983351538755,1.45364258403667,-0.809171688796888,0.811919107795961,0.120917584226516,-0.331167508914103,1.94498618533083
0.294941326633193,-0.262310995525131,0.938320450723265,-2.62964343972185,-1.00089768351269,0.942271032463768,0.170617406861152,0.32209950233494,-0.192942543547155,-0.457891858002699,-0.874728785228118,-0.572882800492521,0.633071410288782,0.602151144498542,1.99147687294732,-1.56056394193035,-0.690445998433927,0.485868934405531,-1.75210165436091,0.141279456504215,1.49967458741326,2.19231822002855,1.22847139859477,0.423076693501287,0.693268145210997,-0.563218574000567,-2.09041244175664,-0.904494297077513,3.03348474960413,1.47209637593784,-2.13949921055544,0.112709714684361,-2.2372625596728,-0.103786304582198,-2.90991752067007,-1.86348758625125,-2.32344004989919,-0.680498748186486,0.46376336568686,0.527290638265863,-0.251659708916107,-0.896794463579529,2.4152927095706,-0.277202639744045,-0.251116479317771,-2.85976192501908,-0.18092260100881,-1.50079305255708,0.591393907155588,0.544380416229925
1.58528095225205,1.61296204052331,0.269323654430682,0.0301165971190079,0.0721845320629793,0.872684797443324,0.612840875208419,1.50384579151147,0.0963268199065706,0.576272846319831,2.24284295295554,-0.64302534960318,0.89099329475758,-0.605584617965356,-0.577094212542465,-0.790156854569511,1.13552418093734,-1.06123542434301,-0.287286512336755,1.06665897365359,1.85352986382535,-4.24592246984502,-0.15649203142356,-1.65269202142097,-1.32598773630553,-0.934697118510732,0.763589023344136,0.798124333160246,2.0240226763024,-4.06966045445084,-1.42032293769734,0.207034306459241,1.07577046328689,-1.04826179395869,0.342678996795643,-1.11157262009647,-0.387232251484572,-0.264412321371781,1.29146207577994,0.825687020243236,-1.5409309428623,-0.0380873833058802,2.66162882998869,-0.428430466977092,-0.243928368421276,-0.510799202460953,0.157021015720496,-0.444256267207874,-3.35830097514789,-1.30071627274492
-0.206280507811019,0.00699198615652583,1.06938473767033,1.84022204007039,1.33846605597339,0.00462788316589641,-3.1181714259359,-0.0714658563328016,-0.0401909861194993,1.78459484804813,-2.38489593245914,2.37713744496466,-3.85860339299292,0.533027132096688,-0.741360784132304,-3.1332349582723,-0.387155477227702,0.279406672949989,1.64504842821151,1.0238281002167,0.150161262806456,2.32917676800779,0.0939363520695739,1.08045941981063,0.534399770768879,-0.757348496699304,0.495690687467585,-1.74938104471353,-2.26391703498321,4.10543865336498,0.159195234921127,-0.62664218584635,2.5765914105475,-0.21134550750247,2.4212268183466,0.59636331950695,1.51992138971578,0.513866220838839,0.51590005560558,-1.39365394289749,1.77709550392136,-0.272153814712456,0.200773042181411,-0.819979730543057,0.0500728799862842,1.57029696391876,-1.01775003707638,2.21231379936509,0.500612406216338,0.801363422780518
2.97337019351687,0.812592730501886,0.135493869147405,-0.0662396801562639,0.602406221447159,0.55816915125284,-0.224432145622971,0.894060577069587,1.85587949131491,-1.15615063072109,0.670922825671388,3.31343266112841,1.74511675024463,-2.02812885864156,-2.41482952356254,0.531809509735105,-1.15984498491835,-1.16570647911891,0.629584015476694,0.279099710725587,-1.01059378526876,-0.757707339832371,-0.697940277899236,-0.0711507333169059,-0.561140422439915,-1.20027774973137,2.18558394078442,0.229895480142181,-0.166690976482212,-1.53290281256352,-1.29256133299787,1.71078732976889,0.687618727065477,-1.78225937108128,-0.498562581267046,-1.22904082630012,0.943570089721484,-0.683664306990927,-0.14651176163892,1.28519310733785,0.126491189008746,1.70443447160995,0.679196126968529,0.407752281542756,0.454397916263432,1.45339670052177,-1.12507580295397,-0.740589067923946,-0.795686915653761,0.471630801742323
2.59759067399328,1.50567377379437,-2.39626126244407,-0.6868450621101,-0.028494549971422,0.797976213071592,-0.870479568440813,0.570086300842845,2.90502694861278,-1.38449013090638,1.94838359949788,2.92772934008975,3.58767586269163,-0.801876812858157,-1.36161309388609,-0.332934728650501,1.6462393764027,1.92346479444902,1.58954592153115,-0.505400881280636,0.147578050930329,-0.556432971994605,-0.588788472318274,-2.85705420315911,-1.34217826218684,0.284409185910806,-0.591828845521629,0.503862387063691,-0.871649157601655,0.198908222636739,-0.998537512402086,0.646317865879865,1.82165604385695,-0.655245200620898,-0.485481566914678,0.752079299007248,-0.1183785181572,-0.540065988012226,-1.29785051210987,-0.604004026959879,1.00953709915151,0.643350644336527,-1.12254646172705,-1.50239832588366,0.920341805956158,1.11016432283409,0.73880668607416,-0.328423012795322,-0.921442400747052,-1.56643254502953
0.280308330596582,-0.733548291187798,1.47848893308788,-2.42820498816084,0.609807669206881,0.27285351680356,1.26123250641035,-0.53928004839564,0.420393464895941,0.00231516246918256,-0.957037294880263,1.70885375568959,-0.247474861190175,0.413866054231982,1.44034879000386,0.195011755580189,0.394903739649054,0.959297756907564,-0.256081493071678,-1.89324311237902,0.69141593041384,2.41271093702843,-0.313404938785816,0.357293211322807,-0.317937343860567,0.166499387759792,-1.14139707470976,0.412627672860707,0.308320470164076,-0.115792225624661,1.9562453529815,0.448164842205636,-0.595140718020852,1.04425430180731,-0.772804173420863,1.35596981672068,-0.779460448736898,-0.85015551069536,0.211349931812807,0.0819685931838624,0.465527745303744,-2.32057112719596,-0.551353430813587,-0.41826913361999,-2.66830994797803,-3.2001411012644,0.560581530507886,0.603634734596643,1.00489919484428,0.0771923628201211
-0.10734036735439,-0.865846317200268,-2.08796553088998,1.55012030483443,2.0271854263656,-0.71153439110974,-1.55680829873316,-0.262197879840807,-1.69463851230918,0.13446145502413,-2.75423667345773,-0.917831485338723,-3.86308531970405,0.0477947945751106,-0.330992958533831,-0.567656492852371,-2.04459119853571,0.392963787167878,-0.555332509271334,-0.965822504616155,-0.675888873649492,0.790200313135521,-0.632558002133743,-0.0877836856447079,1.09454821114105,1.65518680126401,-0.128342220289671,0.638837843139524,-3.1662074911873,0.775118966989762,0.579889196527433,0.594847008243404,0.0310555298235215,-1.78859820532155,3.3521203163615,-0.320199327828108,-0.926726189086897,2.47815060652813,-0.789430930823168,-1.25745392750498,-0.450764431824216,-2.15607042983027,-2.36150147408865,-2.4318377940633,1.06238009986412,0.481873221519883,1.26715924280277,2.85433345473492,1.66767491323439,-0.412665019857028
-0.377396821610876,-2.45622993632827,0.370641434635421,3.79510041497199,0.244665488699985,2.66885384554855,-0.6564012811873,1.94621824119978,-2.1953809760679,1.41426802444316,-1.10791407008968,-2.56107902501396,-3.07915966162368,1.50463193567963,-0.0146865177414059,-0.68404466965969,-2.02160341981247,-0.81825507248195,1.85066135184481,1.06315079694099,0.0368005843323188,1.57943513945311,1.43208456564067,-0.666055298940891,-0.734857533571928,-0.47715395194079,-1.77344574374183,-2.11572020153426,-3.05088648323047,2.35869860635405,0.549067376192586,-2.21631608155981,2.45295350887921,-0.757850184012313,-0.010656690410224,0.830589536058313,0.0686919257609943,-0.895390755334537,0.888387892289901,-0.161077442655555,1.64793588193403,-0.819721458114146,1.50179843025428,0.294336096407547,-0.0751390224103515,2.87718936612478,-1.27404902834572,4.19529528743865,1.55246026493713,3.02056479293561
-0.104538825537842,-0.168559327072807,-1.64555655668304,0.916467575052646,1.33800640105557,-1.12827680110086,-0.0661197485358856,-1.8104571023302,-1.16391928862573,0.700626093540073,-1.31294930513407,-1.47577467309745,-2.37819728745101,0.347122427671623,0.33347678397683,-0.909201143338035,1.10433249502259,-0.978906520149259,3.47888373663348,1.17277207568649,0.208689789219626,3.56484726182978,0.613186732620111,-1.26679904969227,-1.4780833047738,-0.781490988762742,-0.166208469065205,-3.67168205727786,-1.49702970999752,4.34205989021387,1.95759174892727,-0.701306449597653,1.95025570664403,0.373445402266799,0.841982910813177,0.541477043807336,0.716170282009879,1.01929290179547,1.95295465968932,-1.75534395519349,0.52660934645013,1.00949927225325,1.2221333336375,-1.35228967222388,-1.81115486836684,0.29035176556669,2.45735837619856,2.80254369117491,0.733127574432371,0.155004910488778
1.33809863119681,-0.778204002767587,-0.743853245165207,-0.619751351444509,-0.885384363982626,-1.48861915286818,-0.153333516985981,0.336659891558157,2.16464939621302,-0.280808796418018,0.713170685047221,0.689680974022884,0.743954927104548,-1.05365967658184,-0.679112940893581,1.40276634240751,0.871098541360339,-1.35471908731741,-0.813649598582115,0.723642715152092,1.31527209683945,0.648601114183605,2.1880909035979,0.0114076001167028,1.046527282152,-0.0981191339306019,0.116732925769579,-0.48633502943256,1.54433694701879,0.26980121613514,-0.316220951651125,0.388432018136303,3.01836424166574,0.615996096602557,2.62433865212837,1.11637534762491,2.81869997497516,-0.900514282985755,-0.563381584704425,2.13485686562555,0.440274072761134,2.55976943825297,-0.225917469588795,1.0326540057518,-0.419018875693563,-0.356449484692351,0.171255648887425,-1.13068037797771,-0.57421040919376,3.4448264650886
-1.67701275497098,-0.225039466665119,0.900171609355961,1.04139124708042,3.34008069959849,0.479072890768686,1.12995417900341,-1.03047266349923,-1.82113523778689,2.19838151797488,0.77324434617261,1.37452448980434,-0.711304421181068,1.18841441790059,0.774196944203166,-0.825173802673105,-0.275868013747901,0.734138101615937,1.4308166127336,1.05955824822977,0.257796520758008,3.18959366943545,-0.373881406091086,0.0733454648291042,0.198916155803684,-0.91663970618471,-1.36024025950161,-0.0915210062715215,0.00989595069012659,2.33884195090521,-0.164725197597873,0.664682510522894,-1.20323358724433,1.13501422024486,-0.21383047134537,-1.00411031562782,-0.0136244284643249,-0.403286323140314,-0.229645529347661,0.0874392901730775,0.185902877521129,-0.380727941231899,-1.95857024043004,2.28927825928952,0.964603087307911,-1.18055478610813,0.676945783129284,1.14565607137772,2.30923758851253,0.760102292823205
1.05368592215296,-0.549980877645233,-2.20725356154089,-0.564758851015693,-0.757275340295702,-2.2711413196901,0.563147775333488,-0.22295070899585,0.209342044931046,0.0815132783889345,2.70030448908721,-0.00480106138127784,4.04001443953325,-3.33069657186325,-1.17102833477891,-0.254812923796199,-0.830206873264726,1.95440273039716,-0.618139217976468,-0.0194514489278936,-0.589462697339385,-1.68166835660969,-0.377829217596603,-0.2575727686521,0.687960174427319,-0.246712979611664,-0.405947547065139,0.544792582365816,-0.0203029650988746,0.242712565810112,-0.911968434018354,1.05583334578947,2.02221052146485,0.150983128391515,1.51271002007158,-1.9127119386224,2.31532584031173,-0.731222896031338,-0.743325723804014,1.57704698326725,0.528319522650207,2.95694113652108,-1.56455888798205,0.315703168136029,2.30456087918569,-0.0105689094908168,1.20689338783652,0.399323895338934,0.167580521000262,-0.488548770079106
-2.20715992159907,-1.7245393814469,1.28859180066389,0.0603460225173162,0.702797859752124,-0.424988182359605,0.0194708537573623,-0.477355252494007,-1.44084626754793,-0.482825031498063,-0.268755170794475,-0.942103102880075,-0.67425149049188,0.673555337672951,-0.733442201118169,-1.89773074015849,-1.25589222232107,0.939199839518102,-0.287679077809404,-1.83305297508587,-1.48316763517611,-0.447462855146305,-0.427004064798201,2.07293165483688,0.00218499124531979,-0.359247493172846,0.135447141554482,2.23952390242867,1.17452762415944,1.10543121644042,0.69168808458771,-1.41989589799184,-4.39030637814005,0.748969921045326,-1.88860171603471,0.302226495754913,1.86212330081463,-1.16362086922282,-1.7810090835821,0.419699260191112,-0.930945543088517,0.832416412467141,1.37828534956491,-0.47000279920978,-2.32326226189121,-0.35173843699266,0.312052346601463,-0.171353715886334,0.407817681960459,-1.53086704258439
0.28909713276546,-0.322377445592655,0.0915354162428261,0.771260837287303,-1.07603866690806,0.547979806664701,-0.744027848614902,-0.950479499468476,-0.319830326192032,0.300400101186715,-0.327945526496728,-0.638735043897154,-0.922961454065806,0.0960594260755626,0.79277527813127,-2.52500249446626,0.776060676878822,1.33007562083223,1.60993730849517,0.365440809879998,2.01933922909832,-2.5620417292109,-0.907059590325307,0.273943829193992,-2.09472095138107,-2.31619122722025,0.498130712734589,0.147697658564095,1.36992729421269,-0.264881283815452,-0.237858477618477,-0.840885870094906,0.625983511175206,-0.811723774231836,-1.8432677531317,1.34420033539377,-0.321390101023414,-2.43700668507837,2.81995684154288,0.537967893720077,-1.69669504570439,-1.89568725337259,2.07327544079786,0.570903350059467,-2.09971596207687,0.220467305978047,-1.23044870705418,-1.98724144314901,-1.16745623482873,-0.470362005421059
-0.596640524017591,0.95484703598233,-0.61029252146058,2.01079930219546,0.806225884709437,2.0629751041854,-1.79476385273497,-0.522759971235924,-2.22859274942232,0.329619550621343,-0.0289135387164858,-1.30798940861512,-3.89927490654619,-1.76060121663082,-0.424185150955938,0.411372370780837,-1.43954127171383,-0.0813477033352469,0.166091357350447,0.320830794088028,-0.174333521242673,0.214251464464885,0.134657699684135,-0.265585964829952,0.587376550791675,1.33402346736612,-0.49293798951083,-1.38783788051864,-3.66083618938786,-0.425926038218359,2.03670424915731,0.0915606545901512,-0.492604425264124,-1.14088590532179,2.71934367879078,1.23373057915252,-1.96724168129374,1.11506071552383,-1.48060228824499,-2.16296732638106,0.845373912525965,-0.965755408892722,-1.23045763195334,-0.967572545266707,-0.204176941114657,0.705722728068412,-0.142605109692924,3.78321736733286,1.08524119700192,1.60597849267279
1.31552995164297,2.01704730958394,-2.24515212912391,-1.82053700489092,-0.280124211410968,0.434358169304336,0.34679410590612,0.971162094302606,0.406463858410863,-0.39305131458558,1.30439627205023,1.03710105641666,0.600449847011439,1.03821482271494,0.791265303647184,-0.933494309393829,-1.29667154593408,-0.0473074478915008,-0.426217506626338,-0.435969971122918,-0.440865489963765,-1.86178497963991,-0.0289308968880207,2.61242464194129,-0.0658179343097334,-0.304318447521018,-1.68556620850452,-0.542480627620111,0.525700923841985,-2.09759470700275,-2.81390523169469,0.358277109885877,0.210699963319433,-0.464748760741982,1.6231599151945,-0.156967217954644,1.04315420559968,0.139593792110753,-0.721520449484995,1.22878674648621,-2.69164735884756,0.431383704492028,0.769529414844661,0.866384107516521,-0.720454122031837,-2.42972384286856,-2.38432269704705,-0.639129762473343,-1.10393770264416,-1.80791677055801
1.47440875106522,1.27098845504444,0.127033049075915,-0.879959645022387,-0.124020183589846,-0.537043558000099,-0.23558182109526,-0.231099455943075,-2.07806594239935,-0.130304673351132,-0.450481895141711,0.072250159782237,-0.756067210980019,-0.398657438702233,-1.12786444110325,-1.57114291930329,1.56966733798356,0.0789817134311245,-0.284692686558997,2.17047281432915,0.24111553897974,-2.22590076554932,-0.216978069471073,0.865407927413994,1.01165194362769,-2.02553492671438,0.427711565976457,-0.285073228545456,0.272253014488217,-3.03442783290701,-1.60194403842318,0.429540352101525,0.853808041769933,0.192435954097298,-1.41331700132188,1.84107888881394,-0.546174823368885,-0.789182931937981,0.823413062882584,1.32038078123679,0.683866585571649,-3.01652970447323,2.53963644645184,-0.603650007971849,-0.576418397151725,-0.520266655563013,-2.07147844000895,-2.4233841981112,-1.6441237186459,-0.372615452522878
-2.05138324489272,1.05434907305476,2.11973083409756,-0.71174921829333,1.76278530592949,1.09689219379466,1.24571689421544,0.275956704102741,-1.46777900611611,-0.437688785045383,0.731618371598102,1.12863109798182,-2.04674269140167,1.19267573241101,1.83344644961234,-2.08303499840427,0.227759089083634,-0.327231012030647,0.763081356854351,-0.948883651429266,-0.183968106153076,2.08139546080784,1.06220699111831,1.51843052555722,-0.165635460868577,2.64675563416819,-1.06772634275066,1.91000914236203,-0.501688961998482,0.655410759117226,1.58348005153996,1.09915763335733,-1.13865022067504,0.572487158647014,1.12028702722934,-1.67721769272418,-1.69369113621681,0.211445389443786,-2.02191436053325,-0.196734499442356,0.0219371670297847,-2.63711208819048,0.277584100106775,-0.416076296736027,0.398851339616953,0.743143492743724,1.38377050525737,2.8419638185817,-0.346739567455098,-1.64685756426085
0.117788873899947,1.20031165837438,-0.290732967416661,-1.25981749987359,-1.97372682673802,-1.08860613246205,1.52296754566611,-1.11159175458264,-0.715044920523975,-1.17969158531026,-0.0616969617095319,0.85997316760931,-1.8443772126994,1.73238665694329,1.02186867232467,-1.24079460346868,0.534672146720759,0.12906855783742,-2.23108892390552,1.07924712651537,1.41838788024683,-0.479466657873119,-1.69165325506539,0.304216853642142,0.909393095171288,-0.066464880780074,-1.65946585388143,0.298490486336379,-0.152723181786258,2.85299741465948,0.897448342223926,-1.56352513525578,-0.456795149692943,2.33082974969075,-2.46804166061302,-0.152499793686889,-0.769948039032876,-1.66021459761078,-0.547239932432191,-0.208978042183619,-1.03191016996432,-0.962715045533834,-0.101945861578694,-0.00867419432378247,-0.504054972784953,-0.801529891796513,0.31467839648279,-0.520612397840029,-0.963239639800733,1.2186983293114
-1.68707253995435,0.123002253305248,0.949213634030323,-1.25270769501858,-0.805792463129976,-0.21605144449939,-0.282140117054309,1.1401069747694,-3.08495610626282,1.11732902238082,0.896087710030457,-3.89846225917716,-0.802486041654697,-0.112697026369289,0.00976939636016805,0.0749015210213387,-1.65872937977263,-0.640923992517801,0.0524251885112504,-1.97090546623261,-0.354024848734443,3.15627333239901,-0.798805489442193,0.689256720401578,-0.506351182189095,2.66135747000978,-0.0815791007647032,1.48456017148688,0.37952188182936,1.65686052009964,0.608412520116106,-0.319769132761757,-1.10650045572235,0.451624086541976,0.539158063848184,-1.56914257277488,-2.10584636980074,-1.00425160751417,-1.30684809688425,0.278955280063822,0.31720584577393,-1.20410019774615,-2.38244391830334,-0.938522630533525,0.449522760145377,-0.0814739779522787,2.32441490765926,2.26123940453218,-0.0225254405315889,0.903124563963957
0.184921829207047,-0.96162397457903,-0.746573557435485,-0.184036033631999,-1.00795234648595,1.03587812367994,0.463492376235589,-1.12592477298851,2.22903401222155,-2.83911935065146,2.76065743114257,2.0636314892365,4.56734549712652,-0.340463853769366,-1.644966678986,2.55488102359904,-0.612654269594843,-0.124047710914475,-2.39426396750845,0.565290098117401,-1.06362255106806,-1.37308721175154,-1.15190523691825,-0.431561306998631,-0.907456707530516,-0.497556372388836,-1.01092800692979,0.19118906958647,1.56285007049319,-1.41203666560046,-1.41120905818855,1.61815183911085,0.226979067452198,-0.536355717963634,2.12648843167218,0.678070994689406,-0.665100662667683,-0.391482402759718,-0.96709686777747,0.163718617038162,-1.41767041710876,1.45051446768398,0.0540437920834784,1.86889147286989,1.31329824771236,0.731968686826846,1.04397768648798,0.73978114375384,0.155149521204897,-0.227689680538692
2.8488245605778,-0.802760839386405,-0.296034919958675,-0.0178468551089048,-1.05455067069796,1.7443386434004,-1.78754416013258,0.506183837915135,-0.837807542309999,-1.83291171134077,0.822878337847441,0.628175853174647,0.404614509457725,-0.10455694103604,1.09733710996367,1.11044185055841,0.400781700134571,-0.450060895364132,-2.04079074260797,0.73128481127915,-0.402578107851119,-2.94261033041469,-0.0347780032014367,0.671329024302695,-0.934018536625665,-2.7913144957826,-1.42546798077337,0.0978522643142669,2.45345208643653,-1.25531721911182,-3.96549563349468,1.46777037979606,0.266997473764604,-1.12776454040342,-0.642916088734677,-0.256005784088472,-0.132799986977673,0.788514922605686,0.992082483023293,1.26547455427939,-1.20561230418911,0.0050529127664007,2.29049389149975,1.52615682050158,0.189632830907562,-0.0969347366234876,-2.99674684753784,-1.80909891638782,-1.71924347955329,-1.24012855794747
0.355209309687274,-0.543234866431849,0.15798193448978,-0.507608690740837,0.0203358016718265,-0.700682507427722,-0.109393079517306,-0.384838651876076,2.8303155608365,1.18371245268931,0.249509486401176,1.92951663289404,3.78516356681184,-3.81703213201018,1.22908693504265,2.62945214759837,-0.445066817654374,-1.16198245424238,-1.70276865988052,0.907654097761194,1.52325400211956,-0.987396610458281,2.44356825188848,-1.21539620504654,-0.128810759181355,0.271763935202057,0.673248121968394,1.66323373684232,-0.931685434541196,-0.383582481036682,-1.16625424438087,1.47805167095556,0.595138618719204,0.570113372971055,2.26670624203836,0.762192309915275,2.35566552429653,0.357218679421238,-0.337940540319935,-0.361968859910154,1.16272802757287,1.06254459166947,-2.88375437475578,-0.138244001863743,0.078624907740091,2.33521157498997,-0.0622185618588192,1.3258431552273,2.52944097627577,-0.167729544459521
1.81131713662475,1.8173761455031,-0.791496934458156,-0.410578653893773,0.752004098007077,-0.585739811636307,-2.25589391975075,-0.193647429135748,3.01460462000341,-1.6782662855432,1.93959295234781,0.150928195316416,1.35085348092378,-0.127987025071409,-2.27449228889478,0.0626815907353922,0.802710707039312,1.69340953226889,2.66649177144745,0.800794799147639,-1.13688441520828,-2.24136742033102,-0.709682174418392,-0.442263453211485,-2.23534592864484,-0.517131057690345,0.367880813732071,0.932700234309055,1.29236697458659,-1.67088214692663,-0.500906110447297,0.640869105578162,-1.09706622883178,-0.721505480326732,0.0293195441490127,0.987121098066123,-0.013857148831731,1.06830025885189,1.30668907729747,-0.308747317899285,-0.145553857083244,-0.149188974863015,0.11692175549735,-0.206333458962039,0.43351400018449,1.10794666729281,-0.657699819148057,-1.43789383366048,-1.63927355898628,-0.277872732885018
2.17808312577049,-0.610441810504589,-0.855989692740657,-0.242116242353123,-1.62127694707949,-2.96361448815208,0.736993219021461,-1.37473260958201,2.48580346831027,-0.130179673143076,-0.175481285576876,-0.0973555309192688,4.48755885074854,-1.94737417427161,0.679903787363808,-0.813058658667364,-0.13558385504337,-1.22283089945213,-1.74143616072776,0.796416979468033,-0.652008628380612,-1.32635593457314,1.57849514467675,-0.633207250986418,0.225370384009307,0.984449348188097,2.24553174122422,0.560062610660883,0.194856576386249,-1.39919865008629,0.65016874252608,-0.393837786877193,-0.143853822438271,2.28974459624582,-0.445437413037158,0.564645137115907,2.82084918361877,-0.749216749173595,0.0615616628015102,-0.0117621823181699,0.952778900710499,2.13626673204523,0.200546400160638,-1.42896870333824,1.34414888309674,-0.614216823231732,-2.15478961792995,-1.78478931790701,1.13367805887386,0.623462628833813
0.308647318303449,1.03359564331831,0.668755261188552,-0.13709537475315,1.18954174778154,-0.514030999928588,0.464364004793961,-1.82305437299663,-1.55390889298346,-0.419886371325714,0.928562996618834,1.17976635012254,-1.87756954827215,1.65360688719757,-0.296215626521209,-0.955318776539815,-0.782903243312003,0.0749421930480151,0.864956562994446,0.111909777749478,-1.45980152264902,3.44964446798794,-1.31494696205978,-2.93700520188717,0.289074764739406,2.8662833874061,-1.15620697818017,0.75492579200529,-0.672068707805247,1.32255424098714,2.03624169103581,-0.730308785466641,-0.283538146363586,-0.63292947638299,-0.0419922420901478,-1.48208927321412,-5.29600044251174,0.856960636965166,-0.785123313580569,0.499832930583202,1.03707619048957,0.500969142616594,-2.77055349800644,0.602623340638826,0.693499654533132,-1.2046766956345,0.337286041621903,1.60485081023019,2.65106316918673,1.05186851236936
-1.61297905870473,-0.587646236763576,2.47755860473102,0.566732283151301,2.72290370445323,-1.28090075998304,-0.273800942034213,0.793793700057959,-2.11975710934315,0.382053967673358,-1.51502151636188,-2.47575328457475,-0.712531243600058,1.67621054162788,0.320310872198544,-0.616084753722272,-2.00065780402924,0.455849649580465,1.01890670116779,-0.533251155857184,-1.03145174902769,3.11490429371386,-1.31642143156704,-0.198497811933658,1.21622956444774,1.76068947183202,0.212503838863614,-1.80493044063224,-2.60921839966528,-0.213244169508827,2.42064996288621,-0.0406297795829902,-0.558400290401729,-2.43216320670266,1.2399744592655,-1.32316789816354,-2.43584212180208,0.0676405443143154,-2.59561914423959,0.872870294533978,0.911233556433381,-1.77083581598676,-1.77276351865743,0.901626510533831,-0.241986047949467,0.33076903331257,1.61376285683641,2.81498214896359,0.692101345334965,0.241609093777231
0.743423746279271,-0.0374713473363134,-1.58166054057272,1.08573697375993,-3.39700174582872,0.0410120870941738,-1.39300024776747,2.53124151567681,-0.428866376509877,-0.286262075836634,0.222959993306053,-0.569532047655725,0.128229439426502,0.700210878613872,1.29276854630825,0.705247466027067,1.09932437748605,0.0122457901285769,0.0350166014313225,0.964314817367244,0.561737453871539,-1.92218315374657,-0.694841227325914,1.493435902728,-0.983892955367446,-2.83554644454132,0.790098168378973,-0.598839346946206,2.18749801273093,-0.510278653435775,0.184766779824813,-1.01352479673062,-0.0928721782009706,-1.58567183179733,-0.281368572188019,0.508699987920738,-0.771635943233225,-1.09499924265359,1.53748151099703,0.749664447488776,-1.73738421517756,-0.158572136838809,0.280623229499609,2.3480309855442,0.050090781546667,-2.05848431605231,-0.832261809703233,0.465184608101896,-2.22566319265212,-1.71813468113694
-0.00348547847683062,0.393449099678259,2.1404222077772,-0.437368558267006,2.38238043338479,-0.964461212673436,1.20056739870245,-0.141726020632746,-0.837490571354926,-1.51219481224145,-2.12296366517979,0.856308039958218,-0.307283286834936,1.86606465254956,0.385859513061212,0.168104892744414,0.954584894130661,1.3413638613953,-0.29392167516979,-0.168530256385032,0.650252020085644,1.57370535438308,0.268486849445172,-1.53580744436709,1.52585166360237,1.33109363349415,0.428501154537486,0.732616164412704,-2.38146366642066,1.60297431417064,2.5886147914664,0.0686662444716857,-2.75236651417464,-0.515182184847381,-0.615729200309087,0.997279120254824,-2.704148426921,1.21895821308037,-1.13062641858275,-0.150980188457442,-1.237973527888,-0.397618294614532,-0.897109731920366,-1.0793992072288,-0.512587301800937,0.169202263330968,2.61158132108658,3.00934076846035,1.96775035300743,0.729927660336445
-1.81566029938409,-1.50705596270183,0.792173107191702,-0.736165551721121,0.904171913580014,0.709570454432561,-2.06765733603819,-1.73427702481978,-2.17282383769654,2.44607047222731,-1.39462266348379,-0.382708019115636,-3.66686581310109,-0.621523169280959,0.700000610393182,-1.70905397085644,0.337903836979487,-1.47142709490533,3.31088599734764,-0.471818148617502,1.79839373185644,2.83793444607176,0.074379863098956,-1.00407665061613,-0.0703020789173893,0.149174291363446,-0.982219944058227,-2.32046491160913,-2.5639639219731,1.36339226463607,-0.260826354393861,-0.618067039752661,-0.409656923441671,0.149805228003199,3.32657775969433,1.45318907303998,-0.0881034867793109,0.0557782924668875,-0.53312358487134,-1.58777593425051,-0.278052929457969,-1.80908356117434,0.988253059685193,0.838230345884103,-1.72446585265367,0.563168305957972,1.33127541671783,0.780043427899425,0.366792712713634,1.86685396316374
1.60626912500552,-0.134524549342597,1.51638314896824,-0.344018489261524,-1.67512327178138,-0.260985363675791,-0.262790387959468,1.92068386718845,1.52002501288921,-0.264172593591213,1.23520213872747,-0.199823375820955,2.4360869995628,0.869760038074126,-0.754571653241607,-0.336369080323232,-0.554716818190596,1.47890711943254,-0.0612969727158856,2.34921233208138,0.128409173206496,-2.07506785562428,0.0214429191786154,1.44311997127489,0.364232950410706,-1.39091018589658,-0.116045071757261,-0.201524875138295,-1.66503428584259,-2.0084789215523,-2.33908304475716,-0.481872127557336,1.67031557570437,-0.831416031983914,0.858220735845197,-0.168307437617232,0.505968493138348,-0.185069052829035,1.60260259307658,-0.179706702927397,-0.0380153442757691,1.68502361939721,-0.911643777437452,0.493437877498756,0.537864235288419,1.45754912609856,-0.543176422905058,-0.737082019810598,-3.38925439108568,-3.13251264425913
-1.66026831220491,-2.35686334372497,1.21786636918525,2.26089293547651,1.70488909312442,-1.25337154223284,-0.31421435239732,0.608307308399461,-2.04284546778424,-2.39007258629817,0.260512431284066,0.590996636950909,-1.59134811708139,1.87965556278736,1.26265852822364,-1.34957845828556,1.64953479342252,-0.682156926901756,-0.60446073881574,-1.46604755548959,-1.85564217057666,2.56960006524824,0.286295660587305,-0.751423333102816,0.57428642586031,3.5571645110489,-2.26879994156542,-0.00875944078815766,-1.92035034069179,1.56176406890857,2.31211599453295,0.264533886952454,-2.06409628214649,-0.795253825398861,1.1078978784903,-1.64185263985219,-0.831045519162958,1.25475592251117,-1.43998811541172,-0.708110929924254,1.1937960365522,0.455390977560083,-0.592921381212649,0.470823644486616,0.657068087861791,-0.487536187419551,3.22962581733095,0.458023752207442,1.01425899428978,2.34341224409939
-0.189305096943738,0.123926900376795,-2.38918211095885,1.84442574961487,-1.45121176243955,1.53722940022098,-1.18120965924313,-0.329045727957609,-1.8018644892451,3.01557351720974,-1.53656148952955,-1.4780993990632,-4.50569383210123,1.53325229709325,-0.484192110748453,-1.31726449951861,-0.477474139317097,0.0106495011684602,-0.0132747717880503,-0.787205971217829,-1.42292246895189,2.07715355350302,1.80288088146978,-0.0648863701672254,0.17664995654576,-0.10608670818434,-1.01050996264357,0.805741094989469,-2.18850997584465,0.673932123558031,2.83705216032531,1.10325687007505,-0.242320970392581,-0.53087797986394,1.33500853103601,2.16423918991205,-2.17533323129714,1.49008897694949,-0.0386713180456207,-1.01204587583991,2.27291904796672,0.232637897572312,-0.560004429082635,1.17682637328128,1.59138036856003,1.96140598005618,-0.836292189607493,1.6899195984116,1.06436006106567,2.52299698507665
-2.91490057458123,-3.17899598096705,0.786864370547219,3.04417127262126,2.08076568414823,0.960846767447581,2.93189145773465,-0.501021175165393,-2.24312591977271,1.47296329660135,1.21752373267989,0.659268402023843,-1.9996925626286,-1.64063030545996,-1.58163187228573,-1.1457068194232,1.07301902210013,-0.727260980901043,-0.490914843171483,0.307419502877934,0.889667369012273,1.87562748354057,-0.418661830191996,0.172654983441038,1.65747891767698,1.99221409641217,1.66972086975428,0.146068617184044,0.131988213043797,2.29777668095024,0.807707154182216,-1.87137218618378,-0.240281799115853,3.56699411003787,4.32242040350291,0.564398943141329,1.4835178779725,2.09794509787735,0.710530682693859,1.63683898945131,2.31706357146569,1.94860926270999,-2.01836429176722,1.08746457971962,-1.82889901047605,1.08871461116129,-1.17151690346745,-1.38227698349622,0.847701277305864,-2.13450913689409
-1.25493273232976,-1.03490783974879,2.39675035576877,0.36437640718875,2.11415597160812,-1.08658442752251,-0.347985183773262,-0.847728084040411,-0.704548251373768,-0.217527600855284,-1.69769003229908,1.80306836051678,-3.05680450254539,1.49936701681529,-1.34194467350337,-1.59425434316478,-0.671224593968067,1.46153855570898,2.4046524090868,-1.11492876716471,-2.15276428783862,1.50739089840426,0.618977948391898,0.55506107720012,-0.606802273499536,2.72677024614422,-1.89786433883231,0.550514743258353,-0.402976538084411,-0.506367901366275,0.582854827747761,-0.560874599257451,-0.777840792636379,-0.444330312088671,0.187906033862559,-1.68468157445759,-1.74570722892498,2.23774420376937,-1.61125145284862,-0.246396602455961,0.379449344668607,0.550333031442487,-2.35118753911033,1.36647706000155,1.44448284293133,0.406073158797168,1.45950451204068,0.88614284623986,2.24521754059735,-0.185121512503183
-1.04776854230191,0.716682389350035,1.13422185773555,1.24510753127019,1.76241825257854,-0.23589083080975,0.4235502869146,-0.0512773086535786,-0.386739952838806,1.07219546453674,0.239456484643668,0.595245396542315,-1.41576002337714,0.0844542866383959,1.09883494192603,-1.84837836020159,-1.09774141461793,0.0851377013846097,-0.181586569716869,-0.692699504144388,1.00924342789906,3.12346953847122,0.625333980481661,-1.06292252827888,-0.894554802710245,1.28893542993991,-0.810365601909763,1.28293931918907,-1.8506400046011,-0.805849861804085,1.73827150512924,-0.0247602924618139,-0.612049656400111,-0.711021455011921,1.46804262505748,-2.93351589432579,-0.687947883858391,0.550023441971023,0.0557379991419323,-1.02703675151569,0.148513901588058,-1.50611044846533,-0.306626157057524,0.380831013837413,0.147003678383009,-1.58728763167576,3.05125339818951,-0.533758741855282,1.68665216520509,-0.948221863390694
-2.15042348761379,0.642399710191364,1.3873685617752,-1.32717714342421,-2.28320862868426,-1.35140001282367,0.176392823698054,-0.628817339668458,0.212810200703687,0.985977278949111,-0.840197462234666,-0.784353254695304,0.481717752070882,-0.522785891133122,1.28951906444957,0.823381608638056,3.10840891307182,1.2738397492725,-2.22988080337079,-1.06210125946651,1.82507418016841,0.940205180512113,1.91772427544187,-1.59051438555913,-0.120435529535316,-1.0690962164862,-2.51423794597261,0.714631378110981,2.46897453142564,2.01677459205613,0.226983913371145,-1.95524289409096,-3.13489235263052,-1.21655432640005,-1.4069441212496,-1.68793826104852,1.02260810616966,-0.859912793680123,0.266486125571123,0.352061313294862,0.886125708302263,0.017733096571105,1.52213036000427,-0.541353946878358,-1.19369890203183,-2.12638783751707,-0.844392666530311,-1.82526393897296,0.312837249387328,-1.56169901465565
0.0616928188221784,-0.140227571832912,-0.683306957211296,0.399252952038711,-0.601873884565557,-2.51601738405495,-0.663042346161519,0.982666730661118,1.52454662639346,-1.18661958990866,1.50906519179675,-2.9018312139334,1.36162117975855,0.344571979458386,0.59318039610545,-0.00335271356412772,0.158714240618326,-0.846095019105788,0.412233057361452,1.75658377119983,-0.171062968263597,-1.14460191761712,-1.08766317996946,-1.4960023195915,0.449532850579537,-1.83865868977518,0.204254714189441,0.310626161369483,2.06628757777101,0.148571857870115,-2.46584857846008,2.33195410818513,-0.855787396590947,-1.37310084284915,-1.9266850133469,0.865057606281515,-1.27505732585729,-1.18908194119636,1.3135644446002,1.17804784878077,-2.5001504827896,-0.0803506879975902,3.42394798048848,0.34412544418748,-0.62054933969895,1.20829105723668,-1.85662861175367,-0.813778039228027,-3.7955937321229,-1.66749269308091
2.32346478193598,1.7658140054323,-0.500292996057596,0.0719584922690174,0.609123651137147,-1.03438191893105,-1.57637004468808,1.11175834495483,2.87304431580788,0.101044632256335,1.32969206414366,1.89794168981036,4.0097887547066,-0.617321683216534,0.233836030138694,1.85932144019871,-0.646352042469608,0.323258449643169,0.968198874846533,0.860599731287043,-0.40556886410046,-3.73256714711608,-1.7336751778761,0.41955009004838,0.260995397763995,-0.889005150201282,1.2286618745167,-0.201306447295545,-1.55678242593961,-0.962890877016978,-1.55968220819286,1.3886317103724,1.90266611654485,-0.545048843168235,0.526930177198581,0.696706985363646,1.12021174414208,-2.33101426378826,0.687446050538159,1.09214531735092,-1.0150075971415,2.24451117162799,-0.126208707018945,0.277596026402484,0.652781952107991,0.259429146649581,-0.845975873079719,0.259455030296762,-0.77095317616204,0.477422507921978
1.69326602358089,2.71535768279414,-1.81906434400558,0.08462457581201,-0.0951302853253002,-0.324656564712645,-0.184008388550419,0.406388688195325,-0.222153463203169,-0.972842900441233,1.176654953813,-0.818442997809234,1.59580072963718,1.10595479020002,-1.29679037312006,0.080541240867133,-1.10734076238769,0.732526039160316,-0.933018964690776,0.215599328464683,2.02911907954753,-1.52194620003037,-0.348646458530231,0.80945070598853,-0.846793675076269,-0.820919626720144,0.611003107549427,-1.57594102307165,1.72738450002067,-1.16960143880392,-1.79429290839808,1.46053224259794,0.324211552312996,-1.55901027301964,-0.3851794735507,2.02251056702379,-0.909119090168534,1.18239621422598,0.984189193895002,0.0557357589857737,-1.43307457622551,-0.502700824154286,3.31022184762561,-0.332466223811657,-2.74515335166347,-0.376801507432315,-1.28291355385721,-1.67158917452791,-2.70777679712371,-3.72474622774603
0.190078568571463,-0.672484920316366,1.62137981713371,-2.2402877935666,-1.21322062116001,1.07832534139353,2.42316779178088,0.192863356664992,0.0977828301471978,-0.517953505721959,-0.75961797356238,1.25923047192631,0.632947626736875,-0.506140160165492,0.574642464904441,-1.77539728910787,0.803556728538502,-1.47988022693566,-0.151576820107388,-0.701959102017876,-2.07175990674072,0.402115400375379,-1.35249222385755,0.226565462406979,1.74540669466405,1.00510559878401,-3.13272111576591,-0.702373569192106,2.26558834561102,1.43338992046277,-1.65987806387385,-1.70019735182869,-1.4625738930833,1.44403069971221,-3.509093062638,-1.48560769338999,0.649928904063017,-1.96833937525534,1.20079780942682,1.17496856430606,-0.414402579736061,-0.45430935387047,2.32354188647859,0.817374382650905,-0.542759299609206,-0.966320621650963,-1.48100537537061,-1.49048409201786,-1.42869800499141,-3.01237717745815
-0.309903384074726,1.46841763496051,1.5941805022471,-0.224845512065379,0.364497396408301,-1.5740168873669,1.76732758132284,0.0271212228423787,-1.94585295471008,-0.82665104740183,-1.4723106984234,0.125090552194148,-0.976574000647419,0.958371354088997,1.57603034939793,0.00644133770457647,0.629996661448342,-0.341047832073646,-1.31212833855969,-0.478280551648608,1.21642491699938,-2.80341859873745,-1.15459151893295,1.01288309808845,-0.918645070442992,0.48651257107276,-1.82961521002253,0.979580820845896,1.16584014882941,0.705558671892768,-0.00175985036200145,-2.2536062874105,-2.81860323809413,-1.02622276684236,-1.72866140228091,-0.457360778796791,-0.929426201812572,-3.29519759572048,0.102049621242463,1.96399175725615,1.71484388615306,-1.29937178569402,1.29394856867781,2.1645123028361,1.51710974254113,-1.02136604042031,0.814360314053334,1.87188506483583,0.532827593779927,-0.633034353410271
1.46863114044304,0.0697228601092395,-0.688852981120292,1.94925119832225,-2.11277551644181,-1.45546930403686,-1.82939037007826,-0.592755935542834,-1.01971299480384,-0.130684043240291,1.47391037036156,-1.31396281572698,-0.401852504017114,0.0869716013019075,1.23761845569154,0.0803414763536608,0.767968472468602,-1.47645851084643,-0.948446435729193,0.0713070929536902,-1.22945206250125,0.353835626125677,0.171955221041276,0.0728859375174393,0.126368350752234,-1.79659924877144,-0.21968596728288,-0.854635001965407,2.19465467581803,-1.54165182608981,-0.0221903434269598,-0.0524380768194018,-0.964833287984833,-0.539655927982366,-2.90957261463921,0.543676810477042,-1.36040591265076,-0.184404849373934,2.32658300222728,0.0642136744883416,1.08274309459776,-0.883683176104018,2.73345835229989,0.516245704805416,-0.14725930598288,-1.0377778640986,-2.20900306513033,-0.308672690017536,-2.37092624572965,-1.43923819430882
-0.456312919138763,-2.71267481199293,-1.48896098767867,-0.311916284417978,1.09856232715784,-0.955597070512426,1.3954362384957,-0.991557974561465,1.18331700712387,1.19813253054502,1.21257524031744,0.825994616730993,1.09519300068193,-2.08237289310741,-0.0134686551343787,-0.125109062463008,0.040021240796945,0.362536738358277,0.318331152697335,-1.441263680578,0.974563412196654,-0.597247542380381,0.326705838624118,-2.16018071357088,-1.20396641029317,-0.86602119643454,1.1999570300879,-0.277269706931189,1.6199454068038,1.22038829347136,1.06798559438232,-0.249107650649792,1.28249055576359,1.58561618596683,0.488196418680157,-1.42627363652595,1.05438909668738,0.513538557103501,-0.0219231341087081,0.653907387420476,-0.271165151483304,2.24822923654422,-2.1437352802432,0.60919086587917,-0.709672654860508,0.628745703995224,0.420217638035943,-0.849641931126268,0.836395628946689,-0.0581171639054205
-1.88988592858737,0.332465221786313,0.924221642103814,-0.0278682638512361,2.95420611690961,1.29634402619701,2.91182310566465,0.268788101910918,0.512226373885013,-1.87576204430023,-1.55863966214078,-1.45086347469814,-1.15278090148813,-0.220162999706692,0.218491262211077,-0.402385066558889,0.772654144481984,0.825660490726883,-1.20154356239122,-1.30795327136931,-1.36100341783835,0.208082845284285,0.0323978845473656,-0.0451738365994662,0.751612539977539,1.00026449293223,-1.39306471224885,1.82841136981423,-0.3343035512817,2.02292313396407,0.666066905213392,-0.947156554564119,-2.6448510358831,0.385976674417443,-1.39672331452271,-0.489407803008334,-0.806539466376848,0.601432811779907,0.307565206068956,-0.465847465271682,0.955168659588321,0.831896315477127,1.95767891648777,-0.203123438997238,-0.774110664074489,-1.64995979954014,3.26747117402367,-1.26634416364363,0.088974295429042,-1.36870174847638
-0.986790613488763,-3.57006108186131,-0.465650796616428,0.207059026881236,0.688728383769546,0.734470866047133,1.82386807242226,-0.620296300190516,1.69372973806001,2.77253899262187,1.01693653105163,-0.278900964050011,1.174995150945,-1.76320478685449,-0.584283330696182,-0.786031032925267,0.561402676789521,1.38493967405184,0.122456107942063,0.146192709026762,2.53648850197474,0.034367255410299,0.258061118801035,-0.183577252643179,2.41194640439611,-0.326666185595632,1.25806083688469,-2.51383818040912,-1.65926374043014,1.47958711542831,0.909091980186174,-1.32057663038233,0.200604955816586,1.9140722812806,1.40422126894016,0.0571319736475917,3.17895233509518,0.133667391851658,0.350994020087773,-0.0955788858864955,3.02310563716682,2.1842339473312,-1.09164214350931,-0.22972862277863,0.413525388224289,2.61283539479929,0.0239584155620856,-1.72298512252903,-0.192196091273717,1.07998202934073
2.42223917426538,-0.103065881238227,0.176041752773089,-1.20156265252686,0.283546157014348,-0.562064773715523,-0.435324150598262,-0.192216440251973,1.88050775842471,0.00601885002131125,1.46496162705177,0.738839384633581,2.57617765656595,-0.166738658786764,0.408498264687661,-0.0278070096039605,0.420601067287879,-1.46218878494321,0.502481611507598,1.70630770854313,0.7089005859816,-2.11610446585089,-1.85274190292899,0.118141891424495,-0.58937849562009,-1.33692851482571,1.2237506701028,-1.04294118841772,-0.923663852590286,-1.57925850199718,-1.70207360591961,1.95898375602143,-1.35966113095906,0.974963959234963,-0.527146236017853,1.18536074393007,-1.40233429179609,0.504341970594716,0.802656114466541,0.878843148521222,-0.342438777926114,-0.154712930752236,-0.26285265813043,-0.22678003627662,0.520409206476842,0.84795829793747,-2.37854067894484,0.0547895797222965,-2.15626040141823,0.835174866511729
-0.964737954998212,-0.622515976213931,0.799645057563637,-0.237389846899567,-1.11635184182694,1.3654312670342,-0.69654435753993,0.773339048597074,2.63671179029587,2.54385326378169,-1.13907447248918,0.573749012331136,0.848941896356635,1.53256045966655,-0.0405167331903373,-1.23639605579496,2.08790113635203,-0.678114432965216,-0.854498834609004,0.35878935579715,0.0103160620745346,-1.8187549119993,-1.18689158299669,1.39999579024297,-1.18213228006584,-0.590642715223039,-0.369905996404322,1.03001089384803,2.51870091943882,-0.986767875831203,0.531897774328581,-0.847168076829646,0.119306882797963,-0.979175012563829,-0.692820929701897,-1.86067376986493,1.02476251756634,-0.146830289218277,-0.547194703912348,0.215391674658273,0.243611609320602,0.121904439838711,1.96629045739753,0.899508929770704,-0.109927481716775,-1.92437105801405,-0.463349585774279,-0.950042713511379,1.07580050646888,-0.330250731004149
0.0884558338134815,-1.02421406409444,-0.123974518475556,0.0637883998663452,0.177574348816612,-1.54258297509105,0.0589175105246759,0.510363799397084,1.04307666308529,1.10045710443131,0.833388962145277,0.0136031264412794,2.27235184739506,-0.963513810476469,-0.846383656018402,1.32126035611387,-0.288573268055695,1.30266629259136,0.439444033727461,-0.569261586719017,0.202445055938371,0.31096080949168,1.29224694379988,-0.52597789758496,0.144954009311312,1.08581195347588,2.12476669886762,-0.469054605017888,-0.856545447841043,-0.948947477380542,0.0128283743835248,1.66053637631903,3.63354380162992,1.3086686602606,0.524398315147514,-0.539425039579424,1.98465358070089,-0.955605218908639,0.44581432294781,0.39528955640511,1.0381605913938,1.10646150347631,-0.396879500297932,-0.877145929764249,0.471754872862641,0.511298955318598,1.41509898327707,-1.01992027446249,0.708252593966944,1.40385449201065
0.235598744277726,-1.19418820371741,-1.46731125642566,0.499940819322959,-0.381793764548585,0.337042018500076,0.813862433308137,1.08722591122417,0.916376808155868,0.816121702921928,0.867236084672386,1.07267389695729,2.70144826106974,-0.268060011594574,-0.81827129011438,0.894907041103835,-0.305418083191671,1.23033093651826,-0.759738092482923,1.36838549264325,-1.21978170180505,-1.28182297232362,-0.334381175075368,-0.344362414434764,0.95093768387351,-1.50596301555095,0.236835591008391,1.74359860976722,0.189426769240223,-3.13224587811512,0.1986196237163,2.50061464683361,2.47871875027832,0.432640101556614,0.76420221463478,0.80396077765931,2.00709858546356,0.36188054895574,-0.805920178302511,-0.44567435405732,0.0868933488316326,0.649601723164853,-3.80821308596285,-0.54379660074917,0.879387744918293,1.61936162253426,0.688637991179888,-0.0699344134994811,0.155111820299125,-0.625604305850037
-1.92102651177152,-0.19445934248088,0.063815632480011,0.318100495001594,1.2258744689886,-0.152583335744557,-1.83351420770634,0.92411252336185,-4.00022707091593,-0.429668290071094,-2.28324550379825,-1.0361030956633,-4.48111481566238,2.22202399306491,0.290696429214859,-0.377660716204552,-1.5034896692895,-1.09626202405494,0.230259545258402,-0.523364218720898,-0.302335968015404,0.51229545265842,0.110623264869453,-0.446089748092524,1.81488130640398,1.16998249444116,0.0206524915365967,-1.5051415138433,-4.67696254371163,0.724262325535931,0.904258988131484,0.41057927599508,0.49021317203894,0.298738972125402,1.223204851595,1.95354855505464,-0.97365774062124,0.349392608146349,-2.0915760327779,-1.76985191302927,-0.213580322289521,0.581489986374035,-2.23861486498016,0.396046070201069,1.45096923758412,1.23466715283352,-1.01795958805238,3.82583182667286,0.351811258573424,1.27910134696786
-3.13864047955846,-0.631475995915089,-0.504234397400641,1.1541988145442,-0.0822782155726456,2.79434538397185,0.584674286715093,-0.0576091241010202,0.262422984677595,2.36121163911063,-0.372276762664963,1.63609017230709,-3.70853577414877,1.721608493437,-1.36316176574774,-1.22672900072754,0.540588635846831,0.1455895838941,3.21054035004045,1.13607487468397,3.70197695649198,5.88463216774895,1.40677449588104,-0.134157674016256,-0.789899645261877,-1.61552746229279,0.660549854993553,-0.253242314598225,0.100433523347569,4.38238681192689,-1.07705280500241,-0.16261750848227,4.92502149469621,-0.311564237687912,1.53336232338698,-0.106309933673614,0.195097236387438,-0.73528151289772,2.11819848696717,-2.8420971486048,-0.201413416631481,-1.87524919813594,-0.365791562846644,0.29189547074472,-3.05627318937305,1.71795618316339,1.92931590148147,0.507566653058755,0.254834483879514,1.61746795752664
-1.2357598985706,-0.804692020459227,0.508340466298438,0.396779058822636,-0.0621129508487778,-0.0380071102632193,1.5619628757364,-1.22785538199571,0.0836601779994744,-0.896836306620561,0.28965803124796,0.426201387973591,-1.2868637603539,0.671593469304459,0.987609495045359,-0.691622032263542,-2.81461433914498,0.363855748541823,-1.4849954643752,0.68965658948054,0.497050598721415,0.135164448212221,0.0864112606206246,1.56441423985587,1.17189604321752,0.541175542984869,-1.21053070126136,0.756650457250328,-0.210366627081364,1.19807430764625,0.499675735500415,0.350536578438131,-1.91263735478027,0.301739925503308,-3.02784189046876,-0.966348970620073,-1.0308487687892,-2.43532817024685,-0.617839421407348,-0.430620176775547,-0.148112669642863,-1.03963291430807,0.640812300230825,-0.0231909982251748,-1.01838405786933,-1.20566547628395,0.497183727457188,0.737481566645575,-0.882069599969209,-0.126391748563408
0.280528770253673,0.715178229196503,-0.438823701981614,-1.3117653054897,-1.40812456529373,0.749339257318401,-1.42071358814684,-0.759329077333505,1.64446170636259,-2.5551728104706,2.83972358932789,-0.0680443946124972,0.753544706129433,1.94760458493681,0.538842661855718,-0.368755395804948,1.5766170188199,-1.75558859839868,-1.81460531976133,-0.159957790703021,0.113751528355255,-3.16288543886017,-0.589597165788888,-0.330830781298416,-2.38181584689347,-1.50122237142874,0.494004296579982,1.60706825814732,0.817893209150037,0.88200498397929,0.289812788770873,0.0180310121699888,-1.24976040221003,-1.44528504309698,-1.96847272065273,1.17077990653474,-0.654501984069935,-2.84777087893361,1.53724150456484,-2.01456919055297,-2.39954646277338,1.82830942118718,3.60111808124976,1.86789427915664,-1.34285838492853,-2.42859717148063,-2.01527462994931,-1.32901821634063,-1.53739600176199,-1.03659565399228
1.52756918039899,-0.87884423041949,1.56880879311083,0.472382685089532,1.38637520717503,-0.427265769465832,-1.26768300057362,-1.04574208523532,-2.95283103535958,-0.615112215862481,-0.213034183903263,-0.296214072851742,-2.61522975893018,-1.08975437146456,-0.596877248445021,-0.509782442424047,1.44247740359135,-0.572389342171766,1.05916355479669,-0.879189827686583,-2.35081221351532,3.35358130205361,1.39151472428888,-0.122952237903287,1.81416767549791,1.67676346305814,0.652388356891094,-0.802058029632694,-2.67251167387537,1.63704701610704,2.28221692452544,2.81053926110749,-0.709848491035699,-0.34790428743487,3.13905171880419,0.720843647753518,-1.82054037976729,1.00257089512318,-1.66854076163776,-0.597892255562806,-0.658711373700554,-1.90707828366737,-1.02056702747873,1.06421964290322,1.06798437596137,-0.214063092074478,3.13694299558318,2.30651859091088,0.574270237965466,2.38122582706421
-0.760542647395816,-0.174977296967698,-0.466853027717826,-0.956160353614276,-1.80290455181584,-0.363006417611927,1.87346772530907,-0.687911903776064,-0.210109033049042,-0.91482491419684,-0.596282037579304,-0.128925801570896,-0.666545083855496,-0.128936644663608,0.982774003537935,-0.942271337503353,1.61857018189228,-0.524955981137396,0.303622885979334,-1.97175406834495,1.81302137605366,-1.83708116873485,-0.178346924364993,-0.278401392694499,-0.138685009646001,-1.87698971442989,-1.07070688945784,-1.14583654483981,1.62186821606533,-0.432856318769869,-0.816045149376593,1.94919022061556,-2.61162055617784,0.812921117661807,-0.262607557881911,-0.818749574575742,-0.0186402195058227,-0.840033344645319,0.33608828722122,0.305730920210694,-0.100059447576498,-0.444487686686699,1.44476780617066,-0.443749079430544,-1.63260271361957,-1.72315488329498,0.334348741972437,-0.729067789694689,0.0778759931772881,1.36784185231488
1.75100320346273,1.74170808809303,-2.70638921722829,-1.16864289813318,-0.777137557786571,-0.978417932212373,-1.2994202754775,1.22113825149141,-0.274783375852764,-1.23379777822804,3.62687314472526,-0.280032369279806,2.48048025995413,-1.82049636858565,-1.0911466897504,0.565388060986401,0.671231740051048,-1.44038041204444,-0.242279273828998,0.326310778332911,-0.201736652768809,-2.41905198366799,0.239644833813622,1.78804090883851,0.447422036758488,-1.97262767183435,2.12196711150121,1.333260818365,0.307152644138647,-2.04485177042985,-0.883743159249681,-1.18455868893376,0.823460800554901,-1.06641621696956,-0.77699174757827,1.85239756675978,1.92264595905953,-0.759943143215624,0.386190694767421,1.6953104537335,-0.413909451632868,1.97570959236993,1.32303253178293,-1.04991705171147,0.00871215989636494,1.58125021738259,-2.5980264422916,-0.593417704956284,-0.317683272228082,-0.76955871176408
-0.885488154998964,-1.95075499603688,1.70383026414843,2.25673719151847,-1.30595241509282,-0.429041482266175,1.15369904385876,0.40803033395417,3.23182437333282,1.40630474551063,0.581975570475453,0.430922353281357,2.68533016164528,-1.31268700730695,-0.325598345742084,0.544603081685968,-0.714618688996736,0.707167360269483,-2.64372198775502,0.38351507994431,-1.7340375040702,-0.908603948289695,0.628633569099989,0.0351692620905996,0.335402921173898,0.236747677061751,2.1136100003028,-0.528115009543493,0.245937097070323,-0.969473488313682,-1.47457786861873,1.07721391324405,0.789608815276839,0.943875166295515,0.736072535024438,0.959362456210582,2.19640574555262,-0.308857438648202,-0.510734507957496,-0.498255242399304,0.498678727606718,1.85632177230241,-0.360467016682693,-1.17610930542342,0.758764529948866,1.45569746111669,1.41663991377485,-1.54353503123391,0.329742576158089,0.698705493627598
-0.168365605081685,1.34871474462422,2.76236312237104,-0.54779652840472,-0.402413202737323,-0.515922275446149,1.17049530377321,-1.0608123409249,0.149110125072674,-1.25285684517211,0.727673627626667,-1.45933337292015,-0.588121417081526,1.06069097722367,-0.246280047435059,-1.2329137199042,0.177120004053094,1.0149471282457,-0.491443461478331,-1.67608627365018,0.218705785045135,-0.159049828844503,-1.16877600199928,-0.440629981514599,-2.04134550371435,-1.62317504659396,-0.681363398194955,1.57826923607766,1.32716933282985,0.957872323395735,-0.0674279742845224,-1.65607960785944,-2.52406539240811,2.3945763804736,-1.75859374697467,1.53211676258824,0.272400728582847,-0.0421119714736887,0.318350103434556,0.546885187579203,-0.283841967462372,-1.10844095168078,0.506842042596643,-0.392440477211387,-0.412380914353589,-2.41634412066578,-0.697167968189748,-1.61038883499766,1.5135875244121,1.39552686992255
1.72871828136578,-0.404620404376668,0.832482732567289,-1.826567733657,-2.18808676781537,-0.278863797481482,-0.878896578882748,0.876591589155429,-0.509527009730771,0.845914393142624,1.93769589111489,-0.895904062266353,-0.395749676651181,1.3133175637517,0.484228420230077,0.18911319564304,0.790466735959425,1.17057189347017,-0.771658381589121,-1.28300023333533,2.51261668453235,-2.28307196095383,0.203107244928732,1.30918280835524,-2.15980856563456,-2.03001909574274,-1.56818095979888,-0.965050468349658,1.82974100519166,-2.2643043384034,-0.207927749311893,0.260049343376612,-0.441210379146072,-1.03879965712967,-0.0632977857801555,-0.351018430202121,-0.686261345481862,-0.666929986296896,1.07515684062007,0.650880543611542,-1.17952788040284,0.126103349251961,2.36043380388643,0.0842428867061469,-0.366999584050255,-1.88501982179749,-0.849619093057442,-1.46468934215044,-1.33027050861982,-2.03502191358
-2.93828521839291,-1.48785808684346,-0.71107571620318,1.03001928228474,0.155927439760358,-1.79836304715413,-1.22018481341594,1.34919609145399,-3.17663905346447,2.44965849754753,-3.66807226854238,-3.43349179813932,-2.20866967822397,-0.240648621907693,0.0793778489829229,-0.200776929303723,-0.454158453109707,-2.76875143959165,2.00952649337821,1.26014845104385,1.60178774992614,1.58189637828767,-0.0643022817365197,-1.35442860850217,-1.1568830595405,-1.50664571344544,0.595851929670319,-0.623209458485614,-4.05285177666177,0.958050144114018,2.00659254055946,1.16673323454762,-0.738423433515925,0.312308422171926,-0.239923105681608,-0.223989210552763,0.308952214806153,1.45488209014102,-0.892793153059858,-1.62007912857281,-0.0140939214502676,-1.4044850985574,-0.486717174477832,0.601054667311536,-1.40815538818124,1.65580590985111,-0.80562520362318,2.72683241522814,0.970506887847657,0.143838412726694
-1.87196825641319,-2.24635860089783,1.39630169187974,0.974345982273947,2.48967567223595,2.23282542591717,1.69923290388731,0.405917213365122,-0.354594398578443,0.95588360892093,-0.655805156271101,1.1034687547763,0.504852720184538,0.260035097405525,-0.380730428028746,0.66834952189104,-1.37740744008013,-3.35620972013396,-0.0983883724684217,0.60299222904209,-0.249775826614405,0.78147851309092,0.663556014383056,1.46848478110975,0.914838208975104,1.60502202066806,-0.247921081433963,0.314086283630901,-1.71929259662989,0.395444381122734,-0.790530227013045,-1.2979317149487,-1.09585267030863,2.87387593589709,1.03775546423188,1.51879219866292,3.48408678424508,1.03540208236291,1.00776330539175,1.75190014393932,2.21240590300962,0.399769103906718,-0.206506016436142,0.5222540173491,-0.834417500098607,1.58683689194477,1.64291832930451,-2.21836504155613,1.3190469561824,-0.110203282681788
-0.343378604342968,-1.38843874856263,0.478580572258419,-1.30688063709415,-0.215560721770562,0.0122739001394981,0.257829429339548,-0.632370561652983,-3.24051406155753,0.308266007462453,-1.88310762599173,-0.391248735960188,-3.13607885423293,-0.151841980159427,0.380694083026708,-2.29494171706213,-0.0456322776718454,-0.295907871533499,0.406859516417439,-1.08217359893954,-0.817637131901367,2.60708864666492,0.9043842149152,-0.701778462682877,-0.845920095763742,0.866224821973218,-1.81604986984365,2.00760438227369,-1.74103262534551,1.54470538469312,0.519265005810251,-0.0638478793626846,-1.20723786066303,0.392796992544192,-1.57561913980537,-0.0240163651820925,-0.717160083156942,-0.0465399158942983,0.695198824870922,-0.736533619591624,0.499333545779918,-1.16916830250938,0.690584081180917,-0.250753445865019,1.36700497770725,-1.45640688037206,2.33592768254566,0.632517229252945,1.32232132317803,0.00326093814329587
1.13846052350657,-0.157453685114353,-2.59858738971629,-0.79577993528499,-1.11648805753509,0.114896686468766,-1.4288951899634,0.763870285065976,0.502635922317947,-1.41889647170154,2.48068645594523,-1.91544490393129,1.66389938737854,-2.17281113658598,-0.33570489216471,-0.0664918695223751,-1.21020678008544,1.48076246123896,0.861522336396651,0.209967336679794,-1.33372432342886,-2.32775130609651,0.0161267871987833,0.822716594387346,-1.07399545913148,-1.20437841411247,3.32772732115637,-1.00514328401004,0.383517388166451,-1.43185521737473,0.0750348058527396,-0.0999906669867252,0.903489131750217,-1.74815752070381,-0.140789578963877,0.55020864429049,1.59580323886301,-1.74353555993111,0.0845029312726651,0.626315854242699,-1.25621003020355,-0.514510020244455,0.998013007676269,-1.27483005591606,0.459805705381778,1.63976518280468,-2.48549562927481,-1.77150198753271,-1.43155298679138,0.228436071777754
1.89159550939127,0.255412480980413,-0.664185865121356,0.254847387526199,-2.41192497489372,0.703610228584125,-0.447656789885318,-1.38887383949115,2.1024918652482,-0.631522231165659,-1.29859721716849,-0.542794088389372,4.92702691114249,-3.08426030471558,-0.753986565722146,0.470603641526814,-1.86377851645007,0.68437648050688,-1.4349264653066,2.07954105520617,-0.789809425953542,-2.01816696665592,-0.266063300355939,-1.55691963284412,-0.970472032352129,-1.43027868260052,-1.40770067207056,1.28306839832607,-0.396095957390278,-0.65659244230001,0.586511627936063,-0.155945165811823,0.760808204260531,1.92033170554279,1.16263189758406,0.846107111374948,2.11853753760899,0.20137992825027,-1.09812208683622,0.140754520973694,0.97844617967656,2.01784362948404,-0.0924393429213773,-2.89314223358647,1.3049443356106,0.951042386897463,-0.0606932683907694,0.0340825810748847,-1.25083517996701,-1.00029819026648
-1.14044816604062,-1.59988715494159,-0.161245237675552,2.65535964612119,1.07893587069804,0.153530864395386,1.14204227792951,0.540936487660221,-3.00948103964894,1.17902127824053,-0.860325491624755,-1.21105773408907,-1.2472874258418,-0.034997053872891,-0.474259526036079,1.09766246672625,-1.68871019975624,0.709328980850508,0.723884667712339,-1.05101947790664,0.34258824087971,2.25303743319287,-0.517659366668375,-0.150833062490243,1.98967561709368,1.17521557940471,-0.148351008866282,0.725790183581208,-3.95716329760269,-1.22078661648082,2.56699651799826,0.440717226021773,0.780219202531391,0.269086174635897,0.947262941519536,-1.09753091348778,-0.646731706316301,3.72079624408703,-1.09219758455607,-0.333763121247051,1.71139477551742,-2.76232870396503,-1.30795439346692,0.961546835671418,-0.369121416015983,0.622654348876206,2.96049774518338,2.25244292564799,0.752426324592768,2.18951483871423
-0.154272637959123,-2.81277662304721,1.36378276104174,-0.64974910264187,1.69807407359609,0.0485153897862408,1.06041373954415,0.957642950600518,0.586950339364513,2.77468372652908,-2.54146629312721,0.331241123434998,2.45379482760979,-1.83816708389692,-1.28414687217852,1.43204507889896,-0.632637686314441,1.2241467888749,-0.520700109244489,1.58081803283502,-0.304380371137223,-0.0375765277581,1.61421573255978,-1.87210613706008,1.54888327686259,-0.244075568672388,1.28288127523675,-0.554849090934691,0.619408170734709,-1.72940166904391,1.31091319674154,-0.585958148064441,2.6735090641333,1.55750848854952,2.06010882825342,0.306377015171998,5.27990428025223,-0.630907622351585,0.111548065323077,-1.21850684158115,-0.500065069644478,0.0998412472174055,-2.70808190904406,-0.881044875766132,0.672390620155373,1.11883726413315,-0.0538812710177582,-1.36244124092833,0.715610316303155,-0.297703277945924
0.150166512782963,1.39344738586349,0.369699329308505,-0.0850735461748668,-0.568937054306807,-0.402196244015026,1.00626331521477,1.21072964663742,1.99834892936683,-0.488023154788402,0.108043024013074,0.0772813746280073,-0.497191089591177,1.88192083091061,0.234335121319133,-1.45959672945911,0.346747707902179,0.141148574297224,-1.27627206748295,-1.46679279256893,-0.417487100785698,1.16352070659936,0.400636340966496,0.871603969790475,-1.85782267553278,0.341541195495489,-2.28549792512681,2.19854862303965,1.88602898951904,0.701708835869937,0.473782307062333,-1.63084595665329,-1.76331475590105,-0.823565284155669,-2.39288676275417,-0.588099995779966,-1.17272584954262,-0.534187064240918,1.7181488443602,-0.0791232080871873,0.2715722655161,-0.372266277669231,1.77225249474187,-0.255867591178552,-0.272503667164251,-0.853750993772931,0.0110610001005698,-2.26336042138191,0.185717549282917,0.978945541047874
0.987823886028505,0.318270122634937,-5.14223552844477,0.410070498640144,-2.15607406462308,-0.473275759069582,-0.121185377594864,0.601152421223781,1.26665279300312,-1.94188025070404,1.84622026295499,-0.521006056563496,2.05555064668053,-0.332412293043066,-1.12125621170932,-0.125593095405547,0.633801983272655,0.548570491728657,0.0377141154480731,-0.287710871707243,-1.02186038198395,-1.99350355950813,-0.409352487729055,0.940901851997054,-3.03009942236129,-3.12195381688589,1.1671374137562,0.584255495381866,1.82243390830514,-1.48113391125512,0.495209190451399,-0.0798482638528104,1.96796942144193,-0.634168532644263,-1.39792241197769,0.393563870522237,-3.27664317008279,0.107457516620199,1.85795612969023,1.85970104813752,-0.688704514158546,-0.596555093489262,0.845704955987329,0.668217057872867,-2.82466581497642,-0.917112036047872,-3.05121378998864,-2.41334212050483,-0.501197128662287,-1.19422569156338
2.53703316461492,-0.219196139829377,-0.165650951518111,0.78781678969431,-2.05251949351965,-0.316928749637724,-1.06899022356039,0.902308109370396,-0.540922904395819,-1.44588874483686,0.339499878311398,-1.3221974320457,1.27718049869387,1.55066549990906,2.9137307788618,0.108599045039515,-1.41711922742198,-0.494682496003091,-0.0256971329366938,0.0221483805217614,-0.134401500055106,-1.53947868093421,-1.96673265167089,0.185484730386952,0.294891885095413,-2.04469418316521,-0.491055885446482,-0.945933355966218,1.74692494658332,-0.993433152568611,-0.932067280042,1.34739268586284,0.725612183909098,-0.303733832348064,-1.20612969005688,-0.957319417963204,0.536888545985387,1.19959571790932,2.90121018260886,0.810109823805923,-0.130255504697348,-2.39471569572271,3.51162024898524,1.68354975285812,-3.20381992757803,0.732574564075447,0.00638387116936126,-2.71236112652084,-2.10315224641706,-1.34784583326307
-0.172253935706009,-0.90591689907677,0.221382520776584,0.649067886747886,0.569291679059496,0.283209359534674,0.22237981334201,-0.268042312832483,-1.28983078247289,-1.01488997849229,-2.25374606060623,-0.728370315851108,-0.191403173797722,0.638973449788717,0.358637764381588,0.936414333964023,-1.55981037135636,-1.20893585526549,-0.824863293354769,-1.66370988385642,-0.934732931262413,4.65591738161792,1.1922388281151,-1.51374079103815,-0.318069263346632,1.16706801005458,-2.00189017288623,1.16860412162901,-0.44675152486134,0.596354192248363,1.70312318873426,1.19689103032449,-2.0829218860852,0.829760701874068,-2.00393650082042,-1.37410611247569,-3.32739187544243,2.349234205147,0.477248886256766,-0.873458816073527,-0.267218916686704,0.745437918453373,-1.69941831364949,1.68378543731263,-0.754243369230828,-0.920043934452643,1.52546275406731,0.992638022551799,3.48838254090635,1.26701329445064
0.405986411693245,-0.773489755929117,1.52895897216852,-1.62109783899917,-1.72415567156088,0.0895414003520292,-1.56633552091435,-1.28461150690337,-0.349960982323709,0.682472594391973,0.965035972789473,-1.57209787398054,-1.26998354000067,1.24033194730272,-0.789649009123283,-1.10486826905505,0.85447991607218,1.69238616923874,-0.0577336308708508,-1.14163423899454,1.47046783990723,-1.17392963888814,1.48294613449652,-1.1324751794176,-1.17556549371646,-1.89218656762709,-1.38952381138959,0.523584035917646,2.36085578333749,1.52607529994135,0.236096502211816,-0.999102267195916,-2.0892424229816,-0.145670990493477,-1.83112979491548,-0.489268852318413,-0.274631300316013,-1.68324424821971,0.0238528534576564,-0.697492624256073,-1.23241707895453,-0.562280316634617,0.912019357692945,0.990190777044222,-1.47211543195776,-1.27019744877259,-0.256106853369475,-1.16218162047502,0.455141741524392,-1.83532324436029
-2.43232897091052,0.459109206498444,3.26781612723611,0.213883148674459,-0.229449171909167,-0.130107539336861,0.066968584689774,-0.638154461606507,0.032322542045573,-0.490630335658477,-1.30850643266719,0.302179544713264,-1.65642287118167,-0.302627063311831,1.04867210047011,-1.66084281615309,-1.56242690903082,-0.579083186754645,-0.84336325345526,0.977654711523924,-1.36965504026462,-1.78129894656204,0.200072356403008,-0.0802352783485809,2.04320952587616,-0.53356221001645,-0.619658979119838,1.10712897622901,0.873534413905181,0.757209554961923,0.387545720665405,-0.386316346550685,-2.02938815290941,-0.0980250153750164,-3.75926562807124,-1.57596661542203,-1.70978713587809,-2.42770838941549,1.16302933604731,0.37809865592318,-1.24624083252113,-1.22371966394382,-0.163676159570482,0.942984678009701,1.30966119629927,-1.39959813479701,-0.229380592279943,-1.89542015770619,-1.11124509739063,-0.440356322153958
-0.249884424841659,-0.51990513056425,0.783222800834487,-1.52114855051945,0.235900520199456,0.498717016268923,-0.00207843201469995,-1.79378894122579,-0.516647992768217,-0.216778214872162,0.135473142257264,0.469261887300475,-0.749654272675832,0.337707098806735,0.758694814609896,-0.100413301397174,1.37490366284252,-1.50363891658124,0.0738103118212268,0.810751196124375,-0.996192456161391,-1.67650016335406,1.33354080939405,0.822072723072905,0.207960257360261,-1.08645869402824,-0.672259919369567,0.115639576417034,0.546546404313313,-0.397083932354112,-1.97611349713685,-1.53455448891597,-1.33528023992757,-1.29594196969111,-0.29959497231634,-0.0197954577552081,0.731915351216099,1.38880186988768,0.911119215648514,0.51491250744169,-1.12270914469209,-1.39191550416404,2.14337707609614,1.96352719341603,-0.616022975893048,-0.943074309280114,-0.271253702321105,-0.925024376065538,-1.23289108268291,-1.88621693980785
1.8245313753993,-1.06314510222259,-3.31142237541395,-1.46554395095106,-1.03912554106747,0.799373443952655,-1.75419461361618,-0.294456947870374,0.313305041589657,1.22022678056189,2.14426864671953,-0.535878086112062,1.5451896595521,0.772219649737286,0.376138243225666,-0.682992407153772,-0.907849832205969,-0.736982346640343,-0.798121475198422,0.954694943250345,0.392307211340533,-0.792707314433911,-0.150487604617913,0.374682362421227,-0.514026857545059,-1.11394093303635,0.342709762673201,2.23801849811208,0.828788513907891,-2.65879075138976,-1.6958904661937,0.562554243614755,-1.35282555206814,-1.36466452578521,-2.64311412170298,-0.600330251144665,-2.67509108931762,1.89205605865012,1.10934742134876,-0.0886028057531785,-1.63191771159225,0.55457321147896,3.09684375644166,-1.05402822468538,-0.595462986149525,-3.3677636471991,-0.190992410725004,-2.44880878793905,-1.77061499814447,-2.03425446792004
-0.419653117406954,-2.06708300495738,0.862997767107234,0.456283897503079,-0.835824064561698,0.107846882482404,0.254507344801259,-1.13765586351877,0.649161054573445,0.748776089591789,-1.11103590465741,0.475606036208936,2.17481381193481,-3.2744113412457,0.105852010133198,3.27794008724094,-0.573678889639192,1.33109599757041,0.797458626183713,1.05090059914174,2.71694621311675,1.97020659653772,1.10330039145476,-1.93906652765579,-0.455978393634328,2.04077199064221,0.406822075910189,-0.239771636149015,-0.408946669862313,0.781059541735227,-1.05172477445726,-0.390537925746561,2.95418446412464,1.52604108763923,0.611508439672161,-0.915482394382926,4.91982509082433,-0.527927677651951,-1.27069244498456,-1.25627249171794,1.42134555653798,2.02444002238497,-1.1533993601038,-0.452675543583498,-1.16113691313354,0.889678303665852,0.619411799570543,0.39897276496389,1.27541347555725,1.02874881415926
1.52620658720027,1.25876722392399,-1.09243316036505,0.147247607780807,0.49307038954984,-1.53035754665649,-0.401878164883762,-0.903889838322252,2.76150994036425,0.034685251187968,1.44030843436257,0.579893158303223,2.06650724451767,0.0311479867705029,-1.04804535689183,0.720765510277173,-1.35407529487448,0.355082267919404,-0.72400577689674,1.41436253249236,-0.520519802499833,-0.661541801823265,0.764552259564772,-0.0258522826457731,-0.619796122111126,-1.20854986176675,3.19884433680578,-1.33902785475025,0.746297029237891,-0.46798214699741,-0.578171959922591,0.455649979233563,2.21186379797723,-0.96208193530565,0.0514227868745017,0.874405989088732,2.28361945866309,0.185856409408896,-2.4967828215588,-0.76538754768316,-0.251766677632144,1.98401076644653,0.810089892082188,-0.81077665797391,1.46495479609578,-0.71241383953234,-0.119696009774176,-0.917810166950967,-0.662107920461691,0.969237791523548
-0.245005594932047,2.21664473829842,-0.433254467515486,2.14893133292029,1.34831139042267,0.495656066329103,-0.244778285014302,0.504993044989792,-2.28430634967982,0.75109887749068,-0.753288986828816,-1.1130653571711,-2.6519885596293,0.667050190091698,-1.46038363720752,0.983703525455717,-1.65400518092815,-1.39776747634237,0.261688314290564,-0.872001771054289,-0.648425848438485,1.14399487194944,2.56587683641817,1.2414011670235,-0.172766604688002,0.694860711938665,-0.0289469473697509,1.08853789608951,-3.38396436993634,0.540646323582029,3.23071543597749,-0.40504761605106,0.544477350541761,-2.13515801422059,3.0645230050141,-1.06843391312967,-1.63130712365778,1.1161631108501,-1.16153737589178,-1.5327222451885,-0.767642061306297,-0.902536164677072,-1.64910003312191,-0.125207937655534,-0.21050134088492,1.42099319703477,-1.69479771610219,2.41078209851035,2.48113447228962,2.71897884530308
-0.64246998059661,2.4797024779162,-1.83243595712566,0.660194412313215,0.182800347609335,-0.750755298564876,-2.98877444105298,-0.169559349741971,1.51483425219324,-1.76609903602727,1.85422134154102,-0.15889209297927,0.291827957631557,0.142686288285053,-0.960850390242765,-0.473901501859663,1.01651188880555,1.78404535168179,1.25257130952472,1.15667312872395,0.689992491462372,-1.03336126590721,-2.24581370690469,1.16158658729701,-0.386816170812255,-0.315632298744178,0.715364391834179,0.151293768688605,0.719421195867367,-2.36576451106149,-2.07304794416558,-0.966907281943,2.20304196522798,-0.565429721016334,-0.552480253210536,-0.439742395595323,0.943126194699794,-1.5349931386832,0.883006247349648,0.696376201503847,-1.74644960746373,-0.320262406466338,2.25079495466733,-0.642211330494921,-0.988181646695052,-1.64194744196688,-1.88973830424374,-1.70423141264163,-0.953256405641662,-2.77775456439324
0.91658130421839,1.06508058274608,-1.49163434464687,-1.72397532334764,-3.53615631858731,-0.69623175078402,-1.8518569277761,1.26853337476648,0.721103965075346,-0.567700475329527,1.63862460076419,-0.483674671062307,-0.313492421907052,0.225200301964216,-0.82594812321792,1.1401806238249,0.0540940534103812,-0.453594924144378,0.344296473393692,0.52576640724118,-2.56352203491161,-2.25621938660108,-0.882495059408504,1.02349897600942,0.341919099317033,-0.601967915294722,1.1184054383505,-0.143305210954817,0.665885809058041,-2.38115324079919,-3.82346199648385,-0.146408044284383,0.497859428113298,-1.93546326567611,0.862233742316716,0.962675261873211,0.11489288367871,0.688934449154693,0.49084543519356,0.183855527632423,-2.71984057540489,0.837386473147905,3.15739826129467,0.187680982267002,0.176971273124622,0.0445127382607267,-2.03253261764794,-1.61815144283681,-3.42856503647532,-1.81928551241724
-0.262454965103404,-1.83358593804698,-0.0707870844926464,1.75641883810934,1.03819735030676,-1.47915237111018,-1.32961794608862,-0.541474113352976,-2.24140251348177,1.8888498376322,-0.728926933223376,-2.00650222008106,-0.904292443064356,2.01544393247178,-0.590345819036173,-0.015002402418303,0.644518760366935,-2.01422309665009,1.88736438078903,-0.715883205839553,-1.4725966740307,2.6182751818555,0.0122411029154184,1.61294028649847,0.0861820981092324,2.08954334755601,-0.293787976922933,-0.41388285856448,-0.9127998472847,-0.226244543187347,0.482399403051483,-0.734130322593241,-0.317001432073646,-1.16806883002798,0.124570199058946,1.03209387052553,-1.55796888047414,0.00575605067083285,-1.2407190197514,0.148876605391171,1.16273064420167,-0.139474129645358,-3.41789703567088,-0.589617041230293,-1.26021718549398,2.66395259394451,2.03124700455666,1.16537839969739,-0.41268991000229,2.05203300963787
2.59211367389846,0.195615171166493,-1.12491316548724,-1.47332342715822,0.829279472882995,0.715178571713921,-0.971244438096605,0.215455955776612,-0.0226997608668195,-0.851781365832541,0.449376064564743,-0.193169906436195,3.03724912022171,-0.538032373611175,0.650693276402142,1.49227933022241,-0.901192892056381,-0.845626999075004,-1.69687581346206,0.950840961956634,-0.436009211888387,-3.18416928026543,-0.254995126030613,1.14695885124452,1.14798220260188,-0.615116083148397,-0.574462624140407,-0.403658611367477,0.28745835040658,-2.65496546933208,-1.6801329012922,2.32671939098051,0.400292381573196,-2.60562382623078,0.10161978033409,1.5786258039683,0.79327182046422,0.996308252319041,0.755164734185837,1.14882401335676,-1.33763000382933,1.40883253073444,-0.18423974653008,-0.431858725582643,0.555083011245718,0.894810838522504,-1.88372618501918,-1.1726121889752,0.313373686083314,-1.14311798502786
0.872435220903068,0.770061860734813,1.96906452973355,-0.220397319420265,1.83013560291263,0.291401933833503,-0.19585545362723,-0.833692167522806,-2.25898581450551,0.140882042082553,-2.08177380797748,0.272789462900412,-1.87620008149944,-0.111395930056113,0.456306972915998,0.744536603573932,0.8125516450778,1.51613256649504,1.40820401776827,-1.0109089774937,-1.24654609315658,2.46792195713657,1.06226097404028,-0.61152086713388,1.25550092706414,1.11110310003408,0.687892061403378,0.163332795722811,-2.43297599532897,-1.51315298166541,3.19250172769509,-0.572382624220063,-0.274659903686392,-0.64885546312624,0.902191167216183,-1.46664981151971,-1.26813911716726,2.37572905037138,-1.4543315278325,0.742919973644541,0.937964128769693,-0.644990051999604,-2.31127616323468,-0.991959803435632,0.0188009931803218,1.4314331045759,2.50035125905836,1.42038170183959,1.60971970063821,0.565960262035872
-3.22084095460999,-2.39593120874437,1.73062485398058,1.39103026027791,0.5107097723696,-0.541534597576828,3.36914818604856,0.565733526890806,0.376902756949318,0.516455206515174,-0.0386706074130596,1.28426024883212,1.19581853982979,1.14673988261398,-0.458925165007134,-0.466958089267209,0.899903617565948,0.464060390664682,0.180672176272045,-1.3686935438737,0.213789909591484,0.263800287701838,0.857475031740798,-0.472714600834789,0.726261504494659,2.45358069870248,-0.0191016274571755,-1.71650119207614,1.33335932111601,1.05944435786217,-0.379993561452099,-2.23677917715052,1.80213722493528,2.1929509726274,2.56678120599663,1.10375207549889,2.9951856453084,1.53521001754449,-0.314538651155782,-1.37226285515193,1.01022471542921,0.951372222919337,-2.26645984808772,0.784699305300612,0.325001999880506,2.16061015316152,-0.958703231505392,-0.105947792193408,-0.0566433539378011,-0.0374330337926711
1.34732211291301,0.985653617116432,0.221551919376945,-0.645545634376766,-0.30766011315913,-0.491510636671738,-0.529037772600634,0.380591040045961,1.81227115526507,-1.28671846606023,3.01619445486897,-0.240737671656679,-0.600481919889434,0.80702253374066,-0.703050852592111,1.32918019804852,1.27423831372424,-1.00632881584688,0.0321089565108491,-1.46102714230522,-0.152153571561462,-2.3240732277434,-1.03118705884936,-0.228397616175864,-1.51280196222217,0.231814840112279,1.31568866832975,-0.309258974290723,0.126712437854379,-1.15899434210853,-1.64708454852067,1.19142375647033,0.945391095716119,-0.11326844099123,0.268111448564631,1.38892941386293,0.15700438442385,1.42395567596771,2.19035521933162,-0.461307885003666,-1.37658234175859,1.67176160425563,1.63292857626055,-1.42700073281553,1.16370139504857,1.26830127409213,-1.49613584680839,-0.40971140272823,-2.45050510575813,-2.77922652118881
2.62739696045921,0.519196685717939,-0.204772055782751,1.64662683948275,0.100491700532691,-0.79286892631937,2.13342429063487,-1.25206350102713,2.07073241229354,-0.57905903211965,2.3063669283506,0.656522328916931,3.83661026008738,-2.46753670124708,-1.05820225747631,0.370104650012931,0.503058827801932,1.18977786898476,-0.375987883629844,-0.854515648860871,-1.80919394093536,-1.51485829557808,-0.59190243319487,-0.619141125634757,-3.44172838615747,-0.207971461844052,2.02618695314416,1.06095308929254,-0.393822585009988,-1.68506733566559,0.58856295606255,0.0857094447787163,-0.0866565406655053,-0.241059208078484,0.30705085256767,1.54663753919929,0.248973859203398,-1.75291972753336,-0.769621136953288,0.0427768505962217,0.170538086595654,1.80128682022838,-1.35677031059044,0.967513557583219,-1.57946130407182,0.915951896625349,0.995365198846806,2.11254706829098,-1.14728420274058,1.00737110229299
0.306186544182313,-0.450444060694697,-0.471422730076888,0.0479521423662835,0.354791389477553,1.20317631263412,1.43624375973249,-1.64189711714193,1.76078576219398,0.0890528804163922,-0.327043059881807,2.23743147203337,3.16963461212992,-0.599628410034205,0.792430660785558,1.44200395262762,-1.06026798581356,0.869454615310416,-2.59131683691146,-0.183930941938548,0.900302322003979,-1.92396714045236,1.19645964911435,0.184448595520993,0.438947379089919,-0.933086593352241,0.792613269218448,2.10665181419674,0.876731244359996,0.360686646928405,-1.07875313402021,3.17776537506993,1.35147548917559,1.24881364389109,0.816875687266446,-0.0303970978198835,2.16941192024664,-0.465180133995087,1.92386928101837,-1.01855820571753,-1.43267973623041,1.83428452878442,-0.829298969100923,0.16272401160712,2.32788032358346,0.716681722916057,0.880434987576716,-1.06984483129883,0.0692733203159703,-0.0584259501207363
2.3789745552343,0.682964526486387,-1.4741058151399,-0.750918332409927,-0.212449365236493,0.216645513617453,-0.28624498469511,-0.448973864830768,2.32937121168561,-0.560415844146072,0.390167573962762,-0.612027651305378,2.1533356454201,-0.304749500745403,-0.567938827024251,1.7778270570973,-0.614962368042618,-0.697659201554766,-0.0181807865365993,0.887901366201036,-0.468547105131685,-1.51729255717753,-0.841424536462676,0.632844824992708,-1.15439068000336,-0.969192189636023,0.922020172548041,0.901771868770181,1.64971860546951,-1.01729646786039,-2.43541791782282,0.559861820312313,-0.814132807038412,0.565211329098465,1.85954038360895,0.271868048095639,0.0471127625285471,-0.362705674427887,0.053421195530399,0.489393275936992,-1.00333512994013,0.282204530910357,0.433838038742039,-0.274549976671279,-0.744875345332202,0.885131645434931,-2.41720539318562,0.5016455231401,-2.43620998184629,-0.0834380423295974
-2.19078061113811,-0.249976520506572,1.26582206121659,0.177263801668034,0.747997920894348,0.835806201834405,0.963944379596699,0.910701384970424,-2.76214569058867,-0.608170728764114,0.338726837155912,0.590153997878413,-1.46099307641726,1.1851236806226,1.92385464256272,-1.02500521031526,-0.142114855127072,-0.772306384689733,0.784397942794558,-1.2777738788263,-0.652934546192799,1.93724272900806,0.161106127654275,0.943267199303936,-1.16467998798077,1.32663858807364,-0.973487023963794,-0.0513314905717804,-0.372013779316747,2.40293992948067,1.08907938294312,1.86695431567686,-2.37378215338071,0.600448933051706,-1.42521193032543,-1.58252296240188,-1.76456400772669,2.33833803584794,-2.14287988077402,1.0118989529017,-0.60675463914997,-0.338052655230795,-1.66927855185791,-0.204698338621208,0.30465152491119,1.35269536395723,-0.0337548738839014,0.508654607616683,-0.904753919231934,0.108902399388512
-0.720316464048453,-2.2878957098801,1.52550251102892,0.801072692112849,0.466886430343041,1.96675964167888,3.07894272145123,-0.269814083362137,1.54384627600602,5.08796581995869,-1.93613829281953,1.37601437629196,-0.347902488337067,1.84499553681672,-0.246682742684697,-0.15458631138424,0.629125105902907,0.381424433828897,0.903458567453647,1.33799403082768,1.41859848589239,1.70042145946748,3.06045429647303,-2.55936718013032,1.2668643643356,2.80240408145516,1.77639037473685,-0.75148189020676,-0.156584659031308,0.093121493857233,-1.37399334998913,0.00562042678943718,2.41226804463026,0.976790291869573,3.28701338402585,2.14505495254155,3.90360470764794,-0.616668705475441,-0.308809037367466,1.78863146486971,2.56260748275908,1.33737774811552,-0.999672452467417,0.799316600585333,-0.848047480574282,1.50608431881814,1.26199494349879,-1.46264879187067,3.18330638533294,1.56451393252447
0.512420539067692,-0.863038632689769,3.16273688992467,-1.07816469952053,-1.70943627352667,-0.325768188078239,1.07497338432307,2.43161423195596,-0.674025228339877,1.01028323645868,1.58723237856454,-0.514916456697733,-0.649136994557361,-0.0699664539823447,0.647259720230949,-1.34218900800389,-0.0197507221207582,-1.10891030654175,1.25250192807548,0.466406427229017,-0.484038865960125,0.479245339479632,0.643983959062819,0.845879500104137,-1.93926422564613,-0.364419014635143,-0.480696304168068,1.78161373335931,0.126640036960363,1.46162043130147,-3.80119191201141,-0.805493692517719,-3.43397567025948,1.31994384740419,-0.382759607630237,-0.271433433147522,-2.43408108111547,-1.21425627701023,-1.53714464416479,1.75408452914037,-0.808787799160791,-1.47267109389597,0.666040791644525,1.55025912992969,0.243166666752162,-2.89137867137688,0.134814171052246,-0.508179915587349,0.51709615561885,1.00653245056321
-4.4688437030131,-0.743600890149102,2.19664572660344,0.444406450266221,1.71778235300971,1.12369757537763,0.285735437345135,-0.121380488560084,-0.555006424365982,2.77574205410678,-0.708586307210777,0.985211226672797,-2.67739867700321,-1.04167814868169,-0.375635112030911,-0.889234292854157,-1.16882700158025,-1.31556430369019,4.01011651198523,0.9618003819479,2.99519460910578,4.49381798905395,0.110641901213021,-1.12572257371636,-0.586694006930007,-1.26559662701091,0.280784423763448,-0.649304927708737,-0.378769221845505,5.67977939466024,-2.24369525754169,-1.12833705144174,3.81055384378788,1.53045688977621,1.42594470468046,-1.95565603071749,-0.481234851248995,-0.705855333752457,1.26772206748875,-3.159679549892,0.149544696449865,0.00257555552540424,1.15985222110301,-0.30264835127227,-2.05541632331169,1.01484916890347,2.14037675731118,0.575534406271728,-0.96411037657709,-0.472168623808554
-0.175899449224725,-0.434538202546552,0.234245731932314,-1.52438513544519,-0.800831453034839,-1.47133898129323,-0.790381710983073,0.793110162481939,-0.987864558254247,0.0182542121503739,0.36302717646021,-0.302302847989595,1.30902374404916,1.30798818483149,1.12415170160867,-0.0563980515128208,-1.02094506261761,0.315675030465185,-0.751420026171116,-0.395119164347368,0.808226653605213,-3.14421030904934,1.12758736278611,0.019350524761669,-1.38472771022751,-2.42189211750448,-1.55324936580992,1.21833288495192,2.70432987703135,-0.7272220297924,-1.01482579588473,-0.920126235288223,-0.351702499677673,2.05380472398059,-2.48217472542442,0.819322958143486,0.578314394301805,-1.15896813157565,2.0420366696076,0.102830227035509,-0.746085082264109,-1.41376286047807,1.11553296269845,-0.501523103798902,-0.834010282607392,-0.950889138387406,-0.747528442530775,-2.36316823776676,0.624042086240447,-1.23768029614544
-1.85890217094,-2.64234717244612,1.77051368973505,2.02300818136647,-2.91243058486277,0.429765270441561,1.63291216346535,0.734508949020242,1.19279590797721,3.58304034901548,-0.469298070613968,1.75633450387261,1.13035887640034,-0.836410698391195,-0.617487678969173,-0.0802671712722668,-0.193360212636744,1.63135265369483,-0.0628153614875103,-1.52873544839722,1.72372593081803,0.715043501500009,1.76767136202122,0.972665329420017,0.570104270888888,0.642374110479542,1.86659253011502,1.25092467261652,0.49660473323243,-0.92806694101557,-0.0445771132577742,-1.87323361676178,2.0934497976086,1.15686906382575,0.634262630617342,-0.758107859657215,2.69926963511816,-0.476730619287753,1.17298520799551,-0.709309159859617,0.794009329025374,0.680886419207137,-2.70354575598326,-0.0907845616000496,-0.202630679117043,0.381863011469855,0.895767472674518,-2.39369041320054,0.0067097840678353,1.65343567006404
-0.0512727676540443,-0.462786902260084,2.5584415549338,-0.929305418115657,1.03039396474243,0.260218277707281,1.34592935375829,1.23110809141451,-0.406674721534245,-1.11391113624031,-1.45434967741619,1.51275121465826,0.585540715562098,-0.54607005313565,-0.573846708513321,-2.3491833852185,0.767996478383443,0.335170267932261,-2.24595809321115,-0.667159064602282,-0.172708641480751,2.01716976997933,0.828202149176452,0.585226704076678,2.12892282925831,-1.34984511855507,-1.95430281132557,0.602310056897978,-0.34611365747443,2.22486526741315,0.143389165219704,-1.33877443794197,-2.76353205558989,0.595477446228014,-2.54091641773994,-0.124667180556991,-1.31881490542807,0.388135436227477,-0.477019906299081,-0.100167286515682,-0.245436106535226,-0.196048847047771,1.00537138346943,-0.0877992723647338,-0.373169869676841,0.619235211373315,1.03228096602289,0.600533759693315,1.1017111951814,0.444283132511303
-2.83283086800697,-0.27402568198013,0.661688333716666,1.89726692457857,0.461532636217837,2.45249950415015,0.586293703353503,-1.25355303641397,-2.73542349843257,2.54824363716528,-3.6795788500415,0.442733783712562,-3.26738807810146,-0.545651791616227,-2.09993558798411,0.486605977539484,-1.5345803068847,-2.2681397269104,2.17697220409782,-1.06851563746518,1.42832396360278,2.1807138395855,1.58913361222734,-0.0125919378124928,0.775690984203669,-0.269712494113281,0.72184777767914,-0.465808375307269,-4.36591441166499,2.89024023485995,1.76286379398252,-0.2837018180321,1.30640415640072,-0.0707315117923909,3.01397463961118,-0.176729614196027,-2.24993448424935,0.842336232482287,-0.428326505293787,-1.14035817745356,1.77249107461996,0.299119434999508,1.20694269269617,0.0714881459140354,-1.56571019972149,1.41687145125557,0.903353277688561,2.59681082350409,0.186929909822341,0.15586652565631
1.11776597327571,-0.182356336059123,-1.94792258927796,-2.67478114381913,-1.72286964535222,-0.232440885380132,-0.775976391693743,-2.11877217998661,2.69033343639615,-2.08696841192579,-1.03437538140974,0.355000824961128,2.61345830659943,-1.8716236749795,1.34812096854916,0.433081143627919,-1.28636415056803,2.19443713593173,0.325815950138252,0.669510243909707,-0.355901258111051,-1.63929091446858,-0.1448887646513,-0.147794690527882,-1.23369171022454,-1.87353148719605,3.12180849826985,0.828999665064581,-0.782669921765604,0.287429946668964,-1.38716552692594,1.16387066880557,1.32796607271687,1.36086848150926,1.70676015063837,2.1270626505262,1.49824503215719,1.21921380152741,0.0538978833173112,-0.0256022867571817,-0.426912724559605,0.968088329554598,0.597374325589036,0.438417612614873,2.19460904112211,1.36061150312979,-0.0800378021253045,-2.36707273100448,-0.808657141576403,-0.14954501131852
-0.366781868589271,-0.435690924187069,-0.00238305056840983,0.767057872504707,0.766714129112539,1.20869185116623,-0.271792978063758,-2.17943464692902,-0.888799776737724,2.27201979344059,-0.282166542841769,-2.25086481446491,-2.50191105475008,1.71873383818869,1.11532370886065,-0.147189964378901,-0.752620979762494,-0.0731666993867659,2.03207145322552,-0.432115817928322,-0.792521674020299,0.703689615816143,-0.940311696693428,-0.244349759602211,0.667546903617652,1.3451278174797,-0.722235100029002,-2.62873060257384,-3.1426284445951,1.24536563975636,1.48400875842883,1.32352019389854,0.211244673515085,0.0558220465656106,4.09926190071963,-0.101192501564171,-3.37745772294674,1.33763591103204,-0.0896430194425675,-0.963967587187406,-1.13814500647161,-1.41176432066969,-1.76314131167457,-1.46972631777293,2.21923915895602,1.00729677658949,1.40766846668022,1.52646450470041,0.51297132731169,-0.531324511052723
0.0258445583145334,1.82951392513353,0.277099596858915,-0.958130886202981,1.21126530953916,0.153176871855067,2.09888781510289,0.756828920146283,-0.698469485230022,-1.1779317512135,0.822570388246,-1.06935384396301,-2.24063103744874,2.13642080782008,1.98213323287863,0.280886456235974,1.01639798532119,-0.298679914929005,-0.969092490686942,-0.705646191503491,-0.267790279675843,0.245171738322013,-1.79370402369823,0.9418770122349,0.518454562084537,0.590553423065739,-1.11817238395325,-0.988277674244464,1.39228127372362,-1.20150774260197,-0.310666625735742,-0.989608161901038,-0.730806774123934,-0.38227278623736,-2.14235519621765,-0.543246542899294,-1.09241280879008,-1.6979047456753,-0.781614493762671,-1.72739798545717,0.791724105976713,0.594994454236009,1.04154482880805,1.69807681761179,-0.903165382196562,-2.39114199195526,-1.38459770127666,-0.602845080526407,1.01869326581849,-0.0286315048077067
2.46818529818088,1.44639021991074,0.355019331454679,-1.59328827221643,-1.83227619879303,0.088459972585589,-0.468780387099721,2.02222954923747,1.5383044536033,0.60105451852372,0.977963394234382,-1.24665676687737,-1.88903816912459,0.552239759904163,0.892398242418168,-0.368419149940946,1.9806071636805,-0.837784042873457,-0.557209386800052,0.2338113201461,-0.9711964662135,-1.43921634418861,-0.914716781856293,1.35606462648165,-0.0148503463552123,-1.46763981835499,-0.093393868297391,0.877146316985083,2.10665836459888,-0.307362761031914,-1.46466666843286,0.793332887777995,-1.65619988395043,-1.07557637231374,-2.0441980839337,-0.795112041269553,-0.174664909323779,-0.745624421492498,0.208294633634077,0.577900573085073,0.0845826847847587,1.95550296012346,2.08935257740737,-1.52827803518789,-1.67151370902858,-0.816062565105753,-1.02801676056192,-3.31626931016393,-0.631615440051068,-2.47603462354103
-1.18953639981778,1.29842005573093,0.945709857674346,0.340065056841484,0.393110907046281,-1.14634656672989,0.15276992431413,0.233781909619307,-0.987089476524932,-0.868277869627291,-1.38801667993317,0.146663865441239,-0.776539113938197,0.435063638023258,1.1385197218273,-1.14436337285075,-1.73891533646558,-0.224387001554072,0.537128360127172,0.660971497443187,-2.14294138581874,2.74231588741601,0.446194689301439,0.484187810064841,-0.286208021233612,3.67070750718496,0.451938382742189,-0.0778304755046503,0.204075607023662,0.571584360551904,3.08963445207386,-0.595533704118288,0.0371010110366132,1.15962111647938,0.52394956904279,-0.65238180356197,-2.02300198187651,1.49495431819715,-1.18974631303255,-0.564462530740847,0.535610705447482,0.0150848853829189,-2.22557751609066,-0.988486600929664,0.0571376992663166,-0.482102011596167,1.60628509021718,2.11262476591131,4.38589099651117,-0.529839729751441
-2.39961423607487,-2.87636457692319,-0.486427218409782,0.522452518708291,1.06149082361885,-1.09296551781127,2.41916769802223,-1.83926608193841,0.706291429472278,2.70357338164534,-2.11885298543122,2.02288343244004,0.853466657546778,-0.846572328316622,0.808455003234896,0.658674945027172,-1.88046944601257,-0.231332458925743,0.923205447419781,-0.669098369628072,1.58158044087212,-0.572536636399919,1.47948814945862,0.35794544597292,3.04990329816603,1.23234316848056,0.100954343388411,-0.764422130333306,0.496446464194404,1.24613945095044,0.900083225596273,-0.356942966401768,1.73510354421608,2.03152153738598,-0.025902237665879,-0.533898834027546,1.92896031839356,-1.07121882542605,0.175541112085429,0.128003774241761,0.689269543469024,0.586051711665949,-1.24296599939619,-0.285015557466723,1.09474497287273,3.50569001005736,-0.0937371120329309,1.47479989813843,0.767405244976399,1.69866935128409
-2.29761731994355,-2.41163803268879,-0.744742037144355,-0.247808632208069,0.318400478349527,1.4963403184177,1.89719867782875,-0.311106630615319,-0.264361006710943,1.26864600230285,-0.524275940516989,1.39127987721602,1.44616821639945,-2.65359496250292,-0.705666088100945,0.646601891766047,-1.16146104791407,2.56064317353072,-0.185064262891986,-0.110489581987489,0.480049023491666,0.38622905628213,1.06469802287329,-0.145063215795648,0.179008372903839,1.09513510660073,-0.562517701576111,-0.8870247336192,-0.0261095928815141,0.370805420450882,-0.616500207531479,0.354565145531353,1.95153461524073,3.06035703922359,-0.00372588885537703,-0.669420360726279,3.98105000675611,-1.56342583763732,-2.33096603915586,-0.489644693052513,0.379473972746148,0.577523197941727,-2.67227294118409,-0.387905791117263,-0.0856638310700415,2.89569852190996,-0.337798484281711,-0.700704993314247,0.442200838530419,-0.480102563758438
1.3718035477276,0.0662319169620857,-1.55254077766539,-0.881801625788071,-1.15790540581583,1.88125208816026,-0.19128923902544,-0.38308374252476,-1.0933001412018,-1.13064747858005,1.73550130162556,-0.629216010531097,0.00148664443034779,-0.809075030072637,-1.60035749723799,1.17586859036093,0.579966232952989,0.542544051560111,-1.72702580397053,0.905670109166075,0.241292824534187,0.101728693943944,0.0383876623994888,0.465930316303519,-0.102710728156424,-3.71141330083262,1.12183632453843,1.50540463839021,0.538819883503573,-2.03970977350595,-0.567204166073822,-0.149944107372734,2.03342341727253,-1.97711344059557,-0.0599931209703508,1.59910662166959,0.260314612103278,0.183458902526083,1.40425716747291,0.567896116956662,-0.704403078924148,-0.234948356493639,0.448344346347804,-1.19678529886686,0.328594831911435,1.48568091446074,-1.41961447204576,0.73130447393561,-2.49985204973924,-0.0552203094171545
0.434462706916408,1.34181786593052,2.27729912612515,-1.29734830143524,0.267546565668479,0.606918431596173,0.856456894129517,-0.214855540243552,-0.471535592262995,0.48268997761632,1.0200993402293,1.26709905970854,-1.72725988196233,0.212754757464912,1.60335606347356,-1.75790807979632,2.07653682866351,0.988656440774754,-1.77573236667573,-1.33260957913357,-0.687285480737895,-0.365820153911628,-1.23440658629864,-0.885304068699045,1.3586684919734,-0.581062265515675,-2.71891696600394,1.4942642875112,2.1376442836317,-0.180839696781501,-0.197535432924807,-0.353161102628013,-3.83934808735848,0.63011908778115,-3.59914550331345,-0.810196353440231,1.17431604213863,-0.500156672870907,1.50645783428666,1.22997950249473,-1.18031361748439,-0.744162487176408,0.737170524109643,0.954487515920682,-0.0554246803127511,-2.13193349447582,1.01926121477622,1.14870861384799,1.87861118941794,-0.446140914868687
-0.975640191717769,1.31070212132094,0.226231203507904,-0.0990890217813303,1.29577364712235,2.09890168430344,-1.07968429399781,0.32021190901462,-1.46838671271,1.93255742179409,-0.64713453633682,-1.44247378364397,-3.72131513569135,-0.231418774624335,0.98143141656815,-0.0425015890769574,-1.31777673480422,-1.99848489248012,3.74572718759259,-1.59012278394374,1.64926374865313,1.32266478188689,0.627783094133211,1.39273613583435,-0.894967469163687,-0.357995215626252,0.577777935414906,-1.22276019330305,-1.44496334421277,3.7977814723236,2.66388278890201,0.0655230105996456,2.55204787032416,-3.10017575853233,3.90089748689099,0.218505328138441,-0.320820908536172,0.785190254055138,0.0661053253855678,-1.9696894940178,-0.0634351202642233,-1.67890383618062,1.41893547601929,-2.25398468648525,-1.5946681643808,0.522712166105982,1.88706876662482,2.08370441715739,1.28605900125554,2.08265101273683
0.284095904972033,0.207068436971736,0.116152748598261,-1.55592817153282,-1.53937560346393,-1.0293949717782,-2.20391584697336,-1.91880957181907,0.528908441614625,-0.544306005941131,-1.70023197631164,-1.57307419041664,-1.82595635079528,0.752385444943143,2.50549634154786,-1.68269281706771,1.32160334483466,1.16538938523613,1.7382575118496,1.5709571017255,0.07565120764228,-0.311253002724981,-1.01650559749919,1.36791842319551,0.558318529421324,-0.72527205115315,-0.396879818850891,0.925075049749336,2.06955573574521,-1.74705698472699,-0.359553606386764,0.118516757543265,-2.65273055295839,-0.199795429872172,-0.744405273996974,-0.171302575416882,0.136776947114914,-2.54034013831075,-0.0426001727849215,-0.250052581969802,0.289087277096759,0.982139308445356,2.82694163226661,0.631354905942014,-1.27024074639598,-2.52894329591881,1.59554217836409,-1.78020527086864,-2.37989090252323,0.290801089903666
-1.50146964984139,0.455272565392581,1.13972080191095,-0.126700763861127,0.629762600351071,0.529334417210675,-0.946075428351296,-1.52376520331643,2.07110609111222,-0.0317160385211576,-1.35295904503757,-1.15307208700166,-0.449973143241711,-0.728785599468456,0.0419822396085806,-2.05034237329302,1.0909382703039,-1.08959248054942,-0.863623130406501,1.71880264924779,1.4453538167323,1.67030696200405,-0.801878600171936,-1.00419084836573,-1.22729992552518,0.0345565854060749,-1.24941954562564,0.284180571973497,1.4765870243922,0.253381068542556,-2.47156169705808,-0.811645970016823,-3.21903327116434,1.41045379021387,-1.63232053655664,-0.223818682978887,0.467618007607361,-2.56567585870321,1.71183387109775,0.924371586057636,-2.15243341337977,-0.16763554420236,1.54183662960763,-0.224840300873849,0.278405965122401,-0.906445372854847,-0.914536862996299,-0.214372313683288,-2.32511488644983,0.741286133653503
-0.00743066651873253,-0.493359198794344,0.656196074973922,0.801871612756619,1.7305958291284,1.07032331694373,-2.7474300005832,-0.0743138820598377,-2.06804066378837,2.83068622372251,-0.49700496256636,0.598989397361534,-4.2552087867249,0.387038143889888,-2.6380392741324,-1.43633084234078,-1.02033795830585,-3.81498212430045,1.76799813784692,0.361882547677599,2.72292109267836,1.46374451709412,-0.337779642279858,1.52481207762177,1.25781899726893,-0.809390775494021,0.523792724510998,-1.55796019982125,-2.50699479392748,-0.0748516749788915,0.161969344271827,1.03350675712075,2.01204796806264,-2.01692170375732,1.24997408032929,0.499418179902438,-3.35462772778925,1.51696172869816,-0.306866362789897,0.110485213006841,0.200207871663335,0.20596247646072,0.740607162425606,0.706748651687871,-0.474860306513314,1.24236044126529,1.19665497828174,2.55074911782293,1.37227128558113,0.659507927094953
-1.28721691692339,2.4197953881667,0.0356436960085524,-0.555907454287274,1.77185861733232,0.585742310416272,2.09968148600921,-1.62172715248491,-0.205562020026894,-0.509247715988489,-0.389337515339653,0.585160336791807,-2.4553803670554,-0.765757325008493,1.39432724321812,-1.58995783467108,0.811878540614283,0.881321146106111,0.75564941977101,-0.296158494118811,-1.34161802259097,1.52414293008343,-1.10437151634064,-0.635774601867949,0.429286658547962,1.67680231272727,-1.3765981569971,-0.289705075190412,1.40484070620664,1.1496211525278,0.12215617011096,0.604432808669356,0.109666294694953,-1.13684805197008,-0.873276374384043,-0.983788943390638,-2.65740295148728,-0.908819208898768,-0.192971445382104,0.499321992482906,1.20458517050451,-3.11930809982467,0.942937227490533,1.08199823105563,0.411870792222657,-0.0719454467043134,0.602707872683055,1.76219227399243,2.36863361627526,0.770790222949381
3.44611972235619,-1.69425634018942,-1.07947321782509,-0.0786703851672413,-1.46048076006418,-0.176685108776789,-1.42471130919108,1.21464770448592,1.68610029722531,-1.59587281053339,0.603998384944725,-1.0889642707973,2.82650216621052,-1.2198868575857,-1.04566214806644,1.45012751999936,0.116616549189218,2.103873072117,0.0977000373603923,0.904513869046304,1.11474334182541,-2.4674132650964,-4.00085119556956,0.176999696888158,1.33527108011432,-0.116320212276554,1.54844526508028,-0.519105331159131,0.520411648698694,-3.87025266174018,-0.219730482800705,0.639140024468584,1.85681766712535,-1.37721445974658,1.12465348347722,-0.325776134067305,-0.0282190531979904,0.0367429892376123,0.498544998149312,1.8367816795865,-1.06579411673626,1.96902598948304,-0.303425137894538,0.431661152089048,-0.334846905525992,0.893943391079994,0.278562764051293,-0.250952375246311,1.46918194775578,-1.81383581077034
2.6019916132487,1.94712256303249,0.136603633429891,0.567408462765934,-1.20148689904026,-0.302464693933022,0.327929566543153,1.95755705648764,2.10890314012668,-2.37905500152339,2.23739099932359,0.386022876255616,2.86154334145886,1.26091124176924,-1.82432691004709,-0.783658056338052,-1.27241160702259,0.04423075670039,-2.41485264922993,1.16592011832805,0.981404594174298,-2.03036658691478,-1.93913033540653,0.631191603379522,-0.618796995341216,0.466043283751388,-0.145776714064553,1.27264926437404,-0.259881709512528,-1.19264990098934,-2.7581625360276,-0.41258990319462,0.857698649979095,-1.71716039806326,0.00696865233291491,1.32689931831828,0.583363485826046,1.70775005934636,0.250231930748225,0.643636978431445,-1.70802872698939,0.285608436112087,0.0181813401452915,-0.62142920253684,0.22549142546038,0.940023366244437,-1.92376997340788,-1.80367218767892,-1.62303393872149,-1.1379746276722
-1.19706825533818,0.044610031216842,-1.0606065685193,0.494948858611126,0.417969427817607,-0.160041701232438,1.71131188860086,-0.633926286431882,2.07256553077287,1.40855044638148,1.31994071238967,0.290137203948551,1.61926191811653,-1.85910156380496,-0.988736125685815,0.195664766657767,1.43916176816839,0.294974459908694,-0.302041530929311,0.208757145942815,-1.21334498310066,-0.290275153553766,4.23808013925208,-0.389468384405413,2.5888797936616,2.06141982580963,2.3208494950372,-1.37707893508941,-0.822163086666407,1.0272912203971,-0.701020531036426,0.118634372413031,1.58984928580199,3.1009334638101,1.79893321992281,-0.0476057172826639,1.33513483346588,-1.63341191657696,-0.652966148297622,0.255306178129905,-0.594737051874901,1.04848037914577,-0.907600612980792,0.528299326686265,0.0859135551997839,-0.936633094483716,0.932526054254884,-1.28387740489512,0.445497486491699,1.20129875706683
0.479465014487044,-0.181607715134674,0.927903360052642,-1.06208156409735,-0.637346554609025,1.06605043330626,0.257470711171351,1.72691539187468,0.85238279937091,-0.587690833841653,1.07190192662493,-0.0162526849169934,0.499420420706423,-0.111737026278552,0.443382674153052,0.0558907483659029,-0.747857615227033,0.0392133478168331,0.135696524868876,1.18247058265534,0.71879053384825,-4.18560097193306,-0.730254320541944,-0.0182348420815657,-2.06328135198736,-0.169988262643774,-0.0861948070195521,2.08413554015848,1.10284317075467,-0.787633193256045,-0.573542835795005,-0.120486404401466,-1.66620988642343,-0.316004692286211,-2.40959536137902,-0.563307003889232,0.790593458789435,-0.227150594137262,-0.213267783034086,3.10295444295721,-0.815077342736968,-0.010638396187594,1.9171409342445,-0.333760849816588,-1.79117650617726,-1.21181817098811,-2.03902441874656,-1.43345502675959,-0.17249089902584,-0.0482933555886305
-3.20498808893505,-2.22375607149567,-1.44260327128525,-0.521808770368847,-0.973048051971598,-0.0465648909475248,4.25938615163262,-0.540648459488356,1.27162076440613,1.94829656238487,-1.81757332990197,1.07362121474492,4.42619533625325,-1.32017560582378,0.49745523690496,0.141147493269683,0.461555558574692,2.28218344381867,-1.53101638785487,-0.0657290846493253,-0.0787615615496754,1.61357289283759,1.97742973225063,0.0981856737066104,0.969010805978572,-0.338478595566412,1.8181002121087,-1.22167553264155,-0.374957983989681,0.785704531289354,-2.16790455503001,0.150993381882261,0.691907973591866,1.77975484475242,1.64486570205811,0.293427847855574,3.58016517046362,-0.488638812996062,1.97092901809728,0.182923912117743,0.355071091722401,1.36603161461726,-2.81208097704439,-0.150178575228211,-1.84568319002084,1.96003613424586,0.180806302593616,-0.574997049369986,1.75011885754587,-0.252693571623642
2.20193285141378,0.584960931636533,-1.71518185236605,0.466452440410398,-0.654892831149969,0.340695039870711,-2.23546464575377,0.324546094627279,0.97657120596288,-2.50122406631022,3.08890570451691,1.00419928547406,2.87511342583471,-0.791786743959832,-1.54156093282907,1.25312385537599,-0.994534235045128,2.30120872606291,-0.291353065686928,-0.305979508551403,0.0709733041305651,-0.371292349445186,-0.595327597844645,0.720043357870507,-0.836732040241011,-0.37137966500328,2.31237837173428,0.708802605393933,2.40053857140917,-2.94924037507675,-0.0407089040596452,1.81075892215442,2.49922059048443,-0.0549776327157167,-1.57720854417758,1.43905461850904,1.00025363939556,0.739869752565635,0.0459177772590841,-0.299441535671614,1.91396293236031,1.9285407996773,-0.905453086705356,-0.423159102547349,-0.947010257850793,-0.606048311957353,-0.890965451859072,-1.85917644331211,0.184642106981104,-0.0117165717005061
1.16267662957137,-0.985852568614003,-1.83639589332423,-1.90420188116455,-0.0840906228467446,1.4795794198919,1.17965517311174,0.64443101473025,3.23208139889778,-1.83534800575141,-0.463015855550496,2.83260676512953,3.79703742666207,-0.730139257066058,-1.84931934379671,-0.711491622443163,-0.06524980807732,-0.965172001479105,-0.680051110667036,0.61076958125236,-1.30836296756718,-2.90572842330967,-0.791338343875606,-0.370606627444599,0.957913837797283,-1.61263181244768,1.27076775443191,1.1364411912845,-0.422480185774194,-0.778626089960068,0.752688163119509,-0.12545912227695,1.66481605621709,0.44101728097955,-0.55914289016272,0.00621049580027977,0.537731234219206,0.649753177191492,0.975423461148103,0.438049128129371,0.0436470680483704,3.71056395567448,1.4544749732014,0.0522198442301862,1.80612823644169,1.58515638084858,-0.95836466043318,1.2306779133294,-1.83918556326631,-1.33870806535698
-0.292852215058092,0.963927128220397,-0.512060003327796,-0.981188832057481,-0.493458986380846,-0.373009410127017,-0.715973593214049,0.272793768723195,0.547544561869343,-0.723368012753806,0.370636459870482,-0.129980061254129,0.180319929261565,1.53763058856668,2.92256354910069,0.174959459472592,1.39955830709233,-1.207268252196,-0.667738924606213,-0.593281841679671,1.25597290866209,-1.56753527767525,-2.26915987464284,0.664504511418131,-1.11462171669037,0.166191724402462,0.852170045388937,0.417567476165436,1.15822961114616,-0.601628782821492,-1.91469325234625,0.953072557560323,0.544017319084382,-0.357497440573292,-1.84123460074823,0.105409605406404,-1.09143394340572,-1.52849820056863,1.54041072415692,1.73844862136745,-0.128748360228275,-1.74255773467194,1.510792567007,-0.575094239379348,-1.55039694527639,-2.31276649300155,-0.208296719570396,-2.34045039575711,-0.411701940686825,-1.49075753880876
-1.81120685956039,0.159742355144311,0.645523342788061,0.164247800571956,1.75959744619211,0.104842820545577,1.46657359460352,0.514484174978574,0.230492407370767,0.212683813011939,0.525165688698331,-0.193859785647927,-1.06553827564815,0.700385216192252,0.0898896371751688,0.401507426362298,0.3459316786147,-0.0303209389210124,0.566950264761203,1.39459132700437,-0.822290043647118,2.36153174178698,1.38956922625286,-1.6501168538074,0.0328820574242058,1.27994154657003,-1.41947254418173,2.08702756640997,-1.71537616017207,0.121874797569923,0.956613578183677,-1.22789346849473,-0.767755889757992,-0.369228190159887,-2.15567992768388,-2.57668261418624,-2.26269083832673,-2.36594039755381,-1.07065966753784,-0.256672244189073,-0.362213727221385,-2.34028236638835,-0.115557677974885,1.17012516764498,2.4040938831614,-0.644979124892323,0.668240405726919,1.05575858713493,0.982340069800359,2.08823263866862
2.18464034980232,-0.795739048753868,-0.52359587716699,1.30255888850731,-2.9216285599364,-0.742558588150144,0.91231718029882,-0.758549810630605,-1.06300202784361,0.0547758627668826,0.778297165922913,-1.95327487132955,-0.175145355758045,0.349971471543868,0.0988586002227502,-0.0364655271438235,1.06318547143479,0.429911423336539,-1.22183064905348,-0.959112506075734,-0.488775974083064,-4.07748987580717,0.292933355584881,1.95843442193536,-0.720452387820677,-0.56809810220581,0.339250021629026,0.913063356161517,1.86872407034219,0.053158457692839,-0.460730700582058,-0.393039649231585,-0.453180492802029,0.205093303892169,-1.27585520485654,0.898903031019879,0.770187627494261,-0.497730773041953,0.546805237126332,-0.0937444910635403,-1.06393222317679,-1.04424481333262,2.82133582040258,0.274781357484945,-0.533482550421681,1.12911534313678,-0.957788721442552,-2.28571778717684,-3.77970532108424,-1.6813030811977
-1.45780573889986,-0.830845176362289,-0.649856812683211,0.80638662400164,0.694325350933437,0.705923316557556,1.58546283998845,-0.538071050810105,1.15469029687804,1.40062800412838,-0.646717808240789,-0.872294806733397,2.68057383504393,-2.77334178396544,-2.17761254975805,0.386905506870952,0.0671795556811369,1.4729143059874,0.787589205176248,1.19824587954293,-0.390034521733573,3.3606877730376,1.74664771843795,-0.645363802676809,0.308360676196851,-0.182733891315267,1.12595400758622,-1.00571830484047,0.884850970504125,-0.0426558227063957,0.20382852426863,-1.21964252773706,-0.14408245448398,2.88422639084123,0.496301738040808,-0.456258343453859,1.81310888576694,-1.6685339698968,-0.429554295956217,-1.34168274625281,-0.00010854551258116,-0.0600001220847941,-0.40660059147458,0.781243304868098,0.609687545652009,0.481786838190184,-0.731787783375464,-1.769875299302,1.30010322231428,2.12131274874441
-4.02817631561382,-0.864789392781639,0.250616059765086,1.10525252596012,1.85358188569033,1.41565366509914,0.158426119376941,0.80340827709231,-1.76331895147484,3.390314036713,-1.57184440860341,0.315885183278886,-2.59465737096102,-0.528514166968934,0.181900137667632,0.242378604379493,-0.420953027613395,-2.01398513819287,1.87566177004301,1.76748769149952,3.67575708820864,4.86748932272269,0.868518030731644,-1.83798088531137,-1.00034079476829,0.491387826895236,0.711953570582925,-1.79169575143813,-2.98368670378833,2.39189599002136,1.25289130753995,0.793489760488089,1.77126647289102,0.400164351128466,2.96122159078314,-0.230604860564649,-0.350645692545559,-1.90174978225967,-0.0413056827363436,-1.25989287771604,-0.156875845816208,-0.147013320568118,0.136398966012416,0.134920196700658,-0.0723503194390379,0.142953169681322,-1.62324625183852,1.96980610404859,-0.180744060771482,0.591341983121153
-0.576642727795234,1.23495000066344,2.88661088887166,-0.452946004386053,-2.36234439675202,-0.218327975682146,2.51012585575032,-0.739342054592753,1.07438617367511,-0.701732959688604,0.0755301781947694,-0.532721669509521,-1.59164275587011,-0.593531911161939,0.0387772259130658,-0.860877508498009,1.47958199371401,-1.24719566680105,-0.295968378437915,-1.93455787050073,-0.400294151607998,0.647791885019629,0.252472103615206,0.563424377528786,-1.33770807160509,-0.299336894249348,-0.777654314677341,-1.48608336130743,-0.66550527962621,0.972657588885605,0.504388040751332,-0.380620174584089,-2.21711534435203,-1.28729602749809,-0.498184367915815,-0.908483520506266,0.40036224170781,-2.11374041957664,0.0683545236477722,1.03702000406666,0.60866320140177,-0.907882174384065,2.24471607759925,1.32630168664797,-0.953367612224046,-2.20858224562681,-0.0848405094314127,-1.15937634987329,0.311404425137279,-0.883889260092336
1.08642391944951,1.97860078853239,-0.146301138608117,0.119246622896191,-0.6941518859683,0.424138492847328,-2.18479940276256,0.704700773340765,2.62857459028271,-2.88575411085057,1.26966477627884,0.274437047412671,1.94432870793495,-1.22328509727154,-1.76702333532738,2.32698823104429,1.96539770931127,0.86308268893231,1.09137067747666,-0.46368334556972,0.845523611347892,-3.78202268945005,0.260764947914654,1.10884327637331,-0.260624366939044,0.179244822518299,0.0267491693963918,0.343074869617069,0.676224570524976,-3.52919517644552,1.43896528799108,2.56405934687419,0.46214863524068,-1.30661669548622,-1.45558432622449,-0.945973349663636,0.819529671752596,-0.491548421737131,0.19601048854985,1.02786633725885,-0.255015419193924,1.78357733266437,-0.293539747201956,-2.05981848465188,0.664533109052737,1.9495193883756,-1.10571720995838,-0.405643648502305,-1.95446032395161,0.286206735700401
1.84428458288142,0.0565874672460536,0.261925452625407,-0.514996509968483,-2.07000899281535,-0.37336797345036,0.398213023642202,0.103220610646995,3.64739798227372,-1.01842871654827,2.90990557458704,2.96903726805876,2.11466972531098,-1.20201596862002,-0.975121406413901,-0.26837847839354,0.130506457333297,-0.496530555612898,-1.29474810741118,1.03498848871263,0.078058332251801,-3.22126537284719,-1.17347089732434,-0.110478717806559,-0.433770888701722,1.6913100130896,0.605370756054377,2.00365572751363,1.25141607783864,-2.53281362636548,0.249936004328465,0.544776864987029,0.758216854604186,-1.91998538874408,0.723052768537571,0.795668778717745,1.32446583947878,0.459512106324187,0.706667368974238,-0.112809177566139,-0.915161230892874,1.75097397953395,-0.585266969644597,-1.93767568758547,2.84707446502029,-0.672387638128391,-2.54412870481626,1.35474776919618,-1.01928154577932,1.46899543984538
0.0112487524142177,-0.235877533276714,-0.344734204956836,-0.648972906157412,2.52776895152146,-1.61112828389912,-0.453136857512949,0.85681809465647,-1.08354014179595,-0.910135854402459,-1.44546037041133,0.298759169867274,-5.22209821428015,0.811894069867284,-0.0422155170021448,-0.881983399475931,-0.793246211359869,0.218528516864786,-0.452913775918007,-2.16759365011231,-0.901599115118598,1.960518363668,1.1888858423941,1.35405436630096,0.721943030877085,1.99728293807391,-0.864630050196597,1.0666153899169,-1.13125121925521,-0.151324760475162,0.0565608877648744,0.64046592117458,-1.81150027882354,1.06388288154144,1.47240572684037,-2.05560363164476,-1.59253430054818,2.87692366371494,-1.93660824439992,-0.0756602652118887,0.514864333334629,-3.5702024289417,-2.13104328329405,-0.42623123323845,1.46645143507823,-0.156887175978243,2.392239992263,2.39401949789733,-0.367180297177269,1.12873865587993
0.775814752043736,-0.139857982830895,0.0840788419513757,0.911013098923653,2.29111413177402,1.44327862991711,-2.06127049762187,-1.3470157619206,-2.54072589129121,-0.466711062339255,-2.88861419754065,-0.536496979523825,-2.66326979920964,0.924238039731237,0.370544665553103,-0.15421443729364,0.599923894977414,-0.0322445595065322,1.80622516707566,-0.234477404556195,-0.667009916645648,0.0830982703565745,1.63871243768052,-0.115806193261809,-0.0258181193818588,0.816356344747459,-1.3892788220286,-2.12418222159737,-3.26737179037558,1.51118338497848,3.58810876102421,1.49750560633937,0.910282668850046,-0.572753388857673,2.3961295625308,-2.04320528352597,-0.233380006230019,0.212956627984628,-1.50206340497299,-1.20982741630978,-0.0579369567521554,-2.32879713422158,-2.09542683997963,2.33658732377445,-0.0131783355138517,1.97346085440428,1.15286261501104,1.06192867979371,0.113761161382671,1.51563293022895
0.309724294514731,-1.12990948570919,-0.387169713510693,-0.0948869810492931,0.213032471621823,0.100121054169934,-0.160086747574577,-0.976021916691793,0.941436929293502,0.01103200148195,-0.642554538859669,0.887374864122385,3.90644817445964,-0.311867686625065,-1.47541273270709,1.82249904594565,-0.62475348966715,1.25850606061553,-0.180903478106916,0.0734715417461506,-1.71843063407087,-1.48730852138596,0.308928843954416,-0.463746700357382,1.12100066901809,0.500791601459416,2.60412074936435,1.49901542956738,0.629341038638211,-0.100175491283939,-0.471167711539619,-0.486971390208353,1.32533633448549,0.751092333077731,0.540346314814972,1.2033367640018,2.9860480141779,-1.84882845216674,-0.267760855267483,0.372058631194885,1.3482385592837,0.810773754144566,-2.91480016478301,1.06707613122002,1.37098592141218,1.35363957112921,0.652910327471874,0.597182830851096,0.0553582465238443,2.02748922898584
0.514696987596424,-0.486529626503826,-0.0258160121413372,0.26958487041812,2.88023665546829,-1.39583145359472,0.343178210828301,0.369250620669929,-0.943996703840631,0.37255180827736,-1.48716419481562,-0.841910941938365,-1.11295755353696,-0.110787398605904,1.22327780168426,1.61094563180461,-1.40672661473003,0.214659335581774,0.21463230206512,-1.25767531004172,-0.0175780146353296,0.843278237929016,1.13878514073275,-2.72683250394199,0.390663468290329,1.63199160417061,-1.06620538701692,-0.70181451062373,-2.1341427528039,1.38359151103829,0.487729145650746,0.870401872056692,-1.31768964834005,0.12712546536132,0.939656279572003,-0.591850215895277,-3.03866064328431,0.2530368484277,-1.85383458011653,1.50789278410978,-0.985571316084225,-1.12955333704268,-1.76995261873906,0.495270963937864,1.05370022711646,-0.779701806504427,1.16598555292263,-0.183640726216137,1.74878170964784,-1.00934414571314
-2.74552842825279,1.02346655178848,-0.904834459166834,-0.148420347695961,-1.41619899056438,-0.379403078963241,1.08394224623402,-0.592071043150831,-3.43016247166945,-0.102084172907251,-3.0458439922681,-2.08898425409729,-2.36400392007594,1.36081089754694,-0.0840423267118718,-0.201511775875844,-2.08469706349767,-1.53022258708986,0.740730634932142,-0.376936595926451,1.04372531307369,0.106400025165802,0.90032331121935,1.03087721088192,0.197664034258285,-0.726414728162252,-0.276509373074164,-1.66268789547133,-2.22159448656361,1.98825592306578,3.41992604257592,-0.159684288774702,0.905839388208779,-2.51725277311667,1.75284800708693,0.226632832189937,-2.97345183779787,1.96922280056857,0.204694035881076,-0.557683782007586,-1.2330230092228,-1.2767387795374,-0.554273576684513,0.886634410453931,-0.30958895709578,-0.766139736058989,1.0167204994543,1.83751750526698,-1.2463122277299,2.92866696485078
2.34178703033502,-1.08320272184266,0.998268265573797,-1.00141335590669,-0.650293890509544,-0.456642533800865,-2.03908123653433,-1.42402058914728,0.974267954387175,-1.78850961849502,2.85978695259775,0.566978977228528,-0.430530850712184,-0.156594599204215,0.680370617467291,-0.531867006182941,1.39735032361033,1.18713294814675,0.172344076325863,0.641521858770367,-0.373214036141995,-1.62602842312876,-0.0526147337582083,2.011950721597,0.412257692893442,-2.49267284971632,0.840381978987135,0.225668191790536,2.16641167258898,-1.94537507428123,-0.626400233501484,-2.02263137410413,-1.38419305210029,-0.852909863198804,-2.26473456449704,-0.802410531270906,0.856027927636672,-0.326537467698768,1.91440965361758,-0.221376138365897,0.137923684877036,1.88509992643441,0.299423626444211,-0.187421216285881,0.471473761871276,-1.58503708441504,-1.01882451963853,-0.8450266555036,-3.0271860436296,-1.58443655501325
1.25070658406434,1.83059678941228,0.824367279777665,0.758665006405698,0.698221078037149,0.938402068614473,-1.00631667807036,-0.867357905903106,0.152858549093901,0.613636293856638,-2.48957509703296,2.4347536224839,1.20383451974574,1.6658881898772,1.09637218714271,1.06687302651545,-0.311047489129132,-0.81141039423395,1.97415428809047,0.469233380863223,-0.555295297339013,-1.17398613624521,-0.941480746716472,-0.30832174355861,1.05620598022239,1.70455054696579,-0.401570106716468,0.874850462068707,-0.0911185421454005,1.66769321590027,1.49482355734794,0.573264769431838,-2.15480421445618,-0.277018539661886,-2.47886313158915,-2.17063350441102,-0.912317328682609,-1.10477074716783,0.33460779544954,-0.128671868626732,-0.679612847296893,-0.36841073126293,0.23997468204051,0.090272881795624,-1.72337193498978,-3.38663087136213,1.8126246946,1.46119837179872,1.96728536888463,-0.120505090365442
-0.214346034183023,0.0636471155209085,0.0726936589730316,1.78133417220917,2.31462190604707,-1.26681287569196,0.746063927775169,-0.7847434138602,-2.91769805909579,-0.987920224374834,-0.236068450307172,-1.12902090175637,-2.52965109831682,0.443973055926481,-0.295933135918676,1.09747062810568,-0.304755611537138,-0.895765095565293,-1.14235231852869,-0.861528516158229,-1.96658502858534,2.52771015134286,-0.335007464620162,1.71263025448632,0.469966376265821,0.504550673399185,-0.450681372914028,0.104438630750238,-1.65069291833299,-0.450306925072803,1.22296166983415,0.639127856115677,1.91269907831908,-1.57278819790552,1.4709525319117,-0.297837409673735,-3.047765817622,1.64284970458982,-1.42884813453426,0.516862169793717,1.26677013966286,0.746002311434089,0.0689738369023693,-0.44189215534799,2.09714797618708,0.823740497020738,0.441478265482286,3.61806633702651,-1.03239426078489,2.15451141655608
-1.3755510647473,0.230361591894728,2.029362432642,0.270105196308247,0.506403698487519,-1.46415336728549,2.74125150654101,-0.737008132048477,0.59723292085534,-1.46047867116141,-2.73778530201207,-0.951347640744809,-1.82639818366092,1.21878835423959,3.74323710408012,-0.72083191015295,-0.585740931532732,-0.085203591940953,2.29547553516786,-1.17132024635763,-0.189105049988631,1.11657631974129,0.201525707650631,-0.608527221515049,-0.649330296771828,2.31307700829571,-0.210710468774949,1.06877165423818,-0.895797467001742,0.0137449832726673,-0.159683628767023,-1.41590827458096,-0.854294346552437,-0.124096273735687,-2.00010797480846,-0.828799641874802,-1.16275632297466,-1.60486940088569,1.00424863309464,-0.191134016706094,1.30832415109445,0.252281617470338,-1.34725773988837,0.35732904109531,0.13997473562251,0.834798709018383,1.49439141637639,0.340279965915631,0.804459957285003,0.952994393275964
-1.32502115198603,0.781251778633622,1.80247381570725,-0.0244114488491521,1.77480693669017,-0.00754795291775545,1.25954382489467,0.83540946085655,-1.25203268690434,-1.59548609493012,-1.31923093243661,0.465954374817548,-1.66679321634848,1.98413699391515,1.43416885406868,-0.528341235095254,1.00882792152955,0.182522919781094,0.186201283455338,-1.69339081246978,-1.34035308075144,-0.17799116018786,0.328819893125118,-1.82124774286175,2.47851543197613,2.19551672668601,-1.10339194887362,0.332050100116271,-0.373340710524028,0.527757003839194,0.196607749267524,-0.409073896673088,-2.59427506029966,0.498188779044427,-0.682239421570207,-1.83874785460624,-0.767210029219706,-0.441973835692958,0.600215822134789,2.28492060213609,-0.390179015195057,-1.04721893908354,-1.22676226565088,0.092381830270803,-0.470550865646636,-1.37137531489219,3.15824042724561,1.65552957377152,0.612275084686133,1.18136509384633
0.644722897562051,0.391141226165547,0.567849388552571,-0.797203340640474,-0.576888992510828,-1.70232312834331,0.124454757077224,0.888259214966185,0.977216280650213,-0.145184047197819,0.115904772010952,-6.76613125826773e-05,0.595790545935809,-1.85691214940927,2.62889065814118,0.711703783647104,1.3604089868052,0.55580361552159,-1.16481113848133,-0.471933501202576,0.637170957210693,-0.462514463629466,-1.08719028998689,0.49310058956363,-0.980652406456211,-2.96141281613012,-1.06311104325901,0.681799485399651,2.52874073300308,-1.067897223672,-1.62538448549623,1.37273598306058,-1.0402069829692,1.01676097375954,-2.40876626743375,-1.62785028051251,0.483298022517118,0.116423178220784,-1.82860334304127,0.425083831044206,0.520376120692065,-0.514199085241217,1.3143559517956,0.0266364111748758,0.00513997872803875,-0.563521983119166,-1.49419278131908,-3.41810685114131,-2.1965210734717,-1.34146349291543
-1.97958749866947,-1.53180764960707,-0.571379137380715,-0.359317825231379,-0.665155628094196,-0.865862310978933,-0.702482396450017,-0.393846358170592,1.57318599104903,-0.847644957353595,-0.905180576670792,0.236018966343536,3.47608113589574,-3.13110823801401,0.309342591569837,2.34374681671529,-0.436611133916562,-0.207611265384693,0.111300607094931,-0.28070323852475,0.979925996145685,-1.72360381935395,1.53015734929249,-1.96281503875063,-0.553188809951263,1.17665442347671,-0.0248054875355065,1.24457057188397,-0.411367751474276,1.43798104032819,0.882399017772478,1.19671282847638,-0.0773151315354636,-1.11700664152427,1.3580412821345,0.891419558181988,2.04269549288082,-1.51454146935254,-0.0384208125607807,0.108006402082328,0.399956462186944,0.73006527144709,-2.2970316831021,0.94944195575272,0.585601314720502,-0.174560587165266,-1.72720011651847,-1.64298312868822,2.64810650765106,0.678913724894701
1.59380793317365,3.27799405649812,-0.806261897223376,2.69966113705809,-2.83787681640878,1.19865482589684,-1.43417617548035,0.32357856727159,0.852808737142161,-0.452745152307561,1.99097130240316,-0.115976895306971,1.1668984644897,0.477844911864924,-0.0898730357879594,-0.135842652187691,1.03910252200078,0.839343867096906,0.103901961163005,1.29614528896735,-0.443137439610597,-0.887348843988944,-0.487976203478642,0.949881171337133,-0.656733395773277,-1.0484886137336,-0.630678891740989,-0.428846806461231,3.48735975945754,-1.4177371002189,-2.66187309944081,0.821121705266246,-0.737453711569747,0.576422592685545,-1.75007742491011,1.20857828098023,0.371482628713591,0.54847566515716,0.632941602797608,-0.461254464763003,-1.65768598255654,0.0862672458924426,3.07347758168445,-0.205406596270936,-0.404769551162738,0.912895581636123,-0.56323766097025,-0.577174000538624,-3.38125269929912,-2.90895424804342
-2.80929452973078,0.873879809314663,1.46892495445836,-1.09250598819345,-1.12840990870501,-1.85352992481514,-0.281599514838194,0.163065366373462,-0.431305087042555,1.10667377383045,-0.539630841190489,1.02417876225955,-0.948941933498286,0.0314945932791178,1.5360806961515,-2.52219900315004,0.961142342138158,-2.23912930327701,0.607975955030468,-2.12705048081684,-1.08148198991633,1.4730651933984,-0.719501115909918,-0.771038424603846,0.839440374064629,0.0954062555524164,-0.546363212220937,0.832968187186632,1.67951926168398,0.241928985116101,0.623110227692434,-0.540359092546471,-2.27762214969966,-0.497673283373661,-0.64708732360332,-1.45117389385075,-1.84919022568142,-0.678584200859572,-1.91195603898819,-1.23646032134588,1.88419292640206,-0.318506470070673,-0.630164758674125,0.688874729103618,-0.158860288800233,-1.46455189562734,0.637033390942914,0.935868094557841,-0.177008126835125,-0.380080679710588
-2.91414748279214,0.194927856515735,2.46072327460264,0.265881458508019,0.712984635844664,0.0738730818176314,0.404952935855788,-1.92192529860148,-1.9674528059423,-1.86048904141339,0.342596802631086,2.62342925677653,-1.50829147164693,0.659154436231495,-0.802333942796785,-1.90901477812671,-0.187413740259012,-0.126871952317001,1.39952249959611,-0.529251592250487,1.28368725366973,1.29552669432374,-1.16207994732778,-0.972951506452887,1.58586925223702,2.14774655185359,1.01406575601022,0.929907386029063,-0.131908253017746,2.04733657454973,0.273848788661601,-2.10484504679335,-1.79974497895428,0.753348786783214,-0.215507044365951,-1.54133013409107,-2.07879785235363,0.97600814424915,-0.0784592607902095,-0.0363077009090159,-0.814760698479081,-0.496090044205435,-0.166136057926551,-0.510031995189695,-0.990937659056132,-2.41552130619834,0.997910834975244,-0.534576385127056,1.71460182625436,-0.594737174845541
0.455704071623992,-1.59056258507488,0.548672092289253,-1.85236187942592,-2.60716357430978,0.888660219316201,2.03247847671792,-0.341786783094978,0.21078621741737,-0.179469739114383,1.60134064838974,-0.870873546292902,0.263928420374397,2.38804401362979,-0.470926043968966,-2.13121483060119,-1.33954417204552,1.2295523211002,-1.2952627919736,1.05501371408274,-0.106916617792658,-2.47546317386748,-1.53863933216409,0.429123863069313,-0.684894278164897,-0.488633861041153,1.63459856314932,-1.16005914833621,2.2538393018817,1.99173384293647,-0.322796588101609,-1.68489462031152,-2.08977863221607,-0.545155742386642,-1.96343784949146,0.147322781920289,0.865352496741556,0.194772106392446,-0.578037235136068,1.13031147777093,0.567586561076763,0.85740553248531,2.44441643801252,0.0758467593816839,-2.63974345572163,-1.1092751971142,-0.516215684930918,-2.12533039683808,-1.13067728904057,-1.54202586744379
0.813384096160272,-2.04896581050323,1.86768670048617,0.424462601733728,1.30167398008036,0.519994076143944,0.287474461357047,0.125895244496625,-1.80596245475391,-0.183402560071649,-1.00795604787499,-1.90946973162045,-2.14092961642448,1.85093102223726,0.00469061499960671,1.6783816349,-0.59561128689283,-2.41249015129865,-0.0579240672347829,-2.0048372700302,-1.78714120123255,1.70885497112975,0.361896386417504,0.128448317624212,-1.74622477379201,1.17483067278791,-2.26114314234336,-0.139863711829619,1.55176603550051,-0.301728395290384,1.1458904589669,-0.360402773140669,-0.669191052061609,0.156759893663993,1.77185616870194,0.255798999775107,-1.31919517705738,-0.455315460028505,2.37998134966465,-1.29589663868749,0.119946720978479,-1.19001929403689,-0.713372509737204,-0.21505646577866,1.84997713734857,-0.295928765493325,1.767490891196,0.47292313928594,0.816830044619043,0.871975971074014
-1.20481752073271,-1.2299518638431,0.451192991902225,0.625972924827689,-1.02816019030389,0.479688901786757,3.49813829446002,0.932667136497682,1.7499505088233,2.68036873430089,-1.26632625065817,0.345409708975614,1.32819190478067,-1.46261973831801,-0.977070795679037,1.33686309730957,1.0685673573433,0.112882977148833,-1.22999380552469,-0.141227782318903,0.881999128067928,3.40415692777942,-0.665394824387368,-1.44762049561836,1.38979904844905,-0.187941731874374,1.92580868504832,-2.50657550163811,-0.985164504716248,0.0159202651317009,-1.06379466977143,-1.29980734567322,0.0421696307814206,0.529828533897571,0.403689994502165,0.81149492645837,1.80166565088906,0.854119690859933,-1.18403439136594,-0.202233213481778,2.4239141148061,1.62459885433476,-1.57681485920287,2.40351307037285,1.05740574553208,-0.293006971589469,1.07167662110815,-1.38813155010952,0.822471354113641,-0.523696318313595
3.04347722262147,0.455863662829496,-1.066299691997,0.080350258845525,-1.42084287378466,0.709229844912089,-1.65166929017613,-0.683679609460736,1.0134699167382,-0.191942741194697,0.803668315929245,-1.23742464596012,-0.0319712870817071,1.49420002686271,0.804212137649743,0.607423319720059,0.204527681465331,-0.615550750156008,-0.0853354649701834,0.493737663145185,0.641422828273544,-2.08820416446908,-1.4437257514814,0.55594482583931,-1.42510273564923,-0.726765496900513,-0.912734521919991,-0.152531954300773,1.83316682068817,-1.62822189267808,-1.42494865399434,0.556988687683803,-2.3905533577416,-0.167193271570352,0.205603923553912,-0.355526107420495,0.993840411836317,0.907120492018059,0.255961250753305,-0.226084668170893,-1.69684726956126,0.344494446133193,1.41575366088639,-1.20565928352321,-0.555301021849391,-0.580127883593596,-1.91490822826084,-3.62252260528284,-0.956155650576644,-3.42149303750132
-0.843976710481083,0.022770120331637,1.45442665285307,0.267999289517081,1.69276350588928,-1.24972904266841,1.61360131958156,0.156686827995233,-1.94031882186703,-0.531141625188998,-3.17477599530096,-0.328347701690181,-1.98107851087852,0.905471823906586,1.07597492478018,2.00473314204592,-0.529094653742405,-2.33473032879052,-0.658227758772767,-1.60738707077708,0.229099917965455,2.1223675936699,-0.878363633016631,-1.96297597947879,-0.311743683976961,1.32852840073023,-1.75162741986131,0.558992730410573,-0.789924059537465,-0.871619755452904,-0.00255637874477042,-0.32987268232355,-1.99734588293574,0.0496575036677185,-0.467598404918365,0.123525762985668,-1.87338572375749,-0.749602344087188,0.302113730477053,-0.164957137810848,-0.5974129972491,-0.536389407715128,-0.349955293177942,-0.794658418457568,-0.245654963708222,-2.09735508147145,2.66774039408907,0.148282987857748,1.68225861933143,-0.895443690694827
0.844444151178235,1.13775678777569,-1.41380686194465,0.287948303034572,-0.00372943080295895,-1.09463512050967,1.01693103263738,-0.275415366832523,1.40701978651274,-1.0929796086875,-0.505160711548496,1.21157942371584,2.97904919279704,-2.73814154498384,0.172773246170106,-1.49760933131364,-0.0172825860784418,0.56059573628153,0.182762641011444,-1.21133047173044,0.353106367903015,-1.98286619427487,2.20829012931221,-3.86467878739547,0.859384362705816,0.956477938783817,0.747296203721723,0.322323666763344,-0.188883243463175,0.464404752992506,-0.902042875699458,2.23348625787125,2.88275280446988,3.25218515207363,0.1197376668333,0.292051287641253,3.48169659802094,-0.376232661158921,-2.17770369525097,-0.525091934945851,0.11815137887679,0.915816643236245,0.159779193487229,0.363846068693556,3.98094711607542,0.38861903016705,1.23866553572303,0.761462637844302,0.520304371839739,1.09317819455875
1.11079662344875,-1.2380251154651,-0.719944706172732,1.31480964577467,-1.19615912602865,-1.75654468742273,1.07848005502603,0.461576401616767,1.98864101702993,-0.387067929763295,0.779772294134508,-0.104383079010213,2.01710516419474,-2.03420476405686,0.32493463267579,2.0674922975621,-0.582796039616069,1.59679746824865,-0.517062975190397,1.47690584932289,-1.14443711930844,-0.458562928538348,1.24145319539406,0.577961574853858,1.31839130026174,0.920826230593576,-0.00914982634330623,-0.705185033583751,2.93552105400679,0.33142933907682,-0.0231572177316684,-0.632843862418283,1.90868209486022,1.79799512891312,-1.07911960703169,-1.45943046288309,2.17864210655829,-0.118298274538173,-0.0947351993611978,0.271968225534971,-0.807414973312382,1.73088757035927,-1.70183063400018,-0.329545641492226,1.18185706775504,-0.259477238961444,0.4107866656263,-2.04438492747458,-0.182918500046817,1.59023420576929
2.03001577369513,-1.74842451040572,-1.26036154290777,-0.395518392870522,0.421485530364998,-1.75249971343364,-0.832332566333573,-0.462128510372479,4.16662096030154,-0.105678203989023,-0.448374634190759,1.05665568562582,3.74975225620274,-0.920150904692777,-0.556962229510919,1.84315624999399,0.665177385941065,2.60558534022859,0.0955454193971409,0.946404153945142,1.38109660616396,-2.02140729180746,0.171865227448039,-1.64446140394573,-0.361248826562682,1.30619871207004,2.42729379497857,-0.901603413571908,-0.692630327933816,-2.92190292326936,-0.239517796672624,1.12550817001172,3.38528150280638,0.925303680978037,1.52278791792178,1.20088515052247,1.9669443265448,-0.739670672431065,1.16941211207802,1.21568844093192,1.55157725823421,1.81797060082982,-0.178384727717621,-0.759487922133276,1.57582941043817,0.0987624574817005,0.157695823281494,-0.237033383396588,0.865803043988753,1.38777363188397
1.93259373802752,2.14071268475434,-2.53466490930952,-1.02396048939124,-3.3055493984815,1.70054485135283,-1.63455250192022,0.768239045933823,1.65996029158924,0.841118136616639,3.32783067549567,-1.45698083163731,0.231711792005753,-1.73794103493648,-1.92535426128556,0.546656317926066,-1.44006304177508,1.12875961681334,-1.23142190671653,1.02191149518063,-0.479280354405191,-1.49354316516851,-1.05286686943867,1.21470884012908,-0.774477514367324,-2.29510636166807,1.00144415365834,0.672530257721023,1.51994307724609,-1.99607100260512,-2.09399371932849,0.385351240496676,1.33147171217104,-1.84677064668824,-0.130354018262,1.89173154998051,-1.16403075342229,-0.137764784868612,2.92591720985406,-0.130468305426143,-1.6106006491868,0.738027669001245,2.6227009605943,-0.758263307724204,-0.197693094891984,-1.14550871618367,-2.69381127982337,-0.791294192023729,-2.10624103732432,-1.26259530707226
2.30098928417792,1.93427658021522,-3.48882410230016,-0.043344972731434,-2.5826017240723,2.04926951990827,-0.659092335121956,0.709303215771441,1.81690541097305,-1.18056721555981,-0.230094663439729,2.06398146701087,4.70857528906645,0.0912429196104613,-1.65684966228243,0.11975937940727,1.46648156566385,0.886383659619252,-1.35088496798716,2.18334252611682,1.70244308721807,-0.414642995207393,-1.9187894204217,-0.243262540716046,0.457861543023082,0.366780353695718,1.61268640028679,-1.07502102927027,-0.504414080341151,-1.88954028969538,0.100233593810387,-0.962819816184232,0.925346454109484,1.00458717885028,-0.250459497630118,1.26472616782592,2.17692798595889,-0.397683246407383,0.605580982580082,0.279148878847976,1.49045537018119,0.943558982090787,-0.38990120065208,-0.656100460741652,0.230246858245789,0.677851139239104,-0.814083951238447,0.910903027185593,0.0388806813033608,-0.131239016051836
1.07155811395325,0.754582303866157,1.72013896877815,2.05730681793576,-0.0671257805242675,-2.20940530181738,0.644413472180434,1.03482763988593,-2.00364007113018,-0.801579904448995,-0.737430734884779,-1.35680273517138,-1.16564992593728,0.986426355217461,0.718372043191636,0.809769824669786,-0.541395675408825,-2.91579514785331,0.238991563873179,0.236052192568426,-1.61621517736037,2.51878647353385,-0.467186653323022,1.17947745829473,-0.684460837386073,2.79495203149164,2.05768454348329,0.881592708990237,-2.64060157962637,0.0343580502700347,1.68348152425276,-0.184995832813184,-1.21825452572326,0.844997326891586,2.20504119632823,-1.32806120907962,-2.96025019726472,2.68771677014454,-0.936418282701745,-0.450297290297447,-1.28132080047143,0.497698088615885,-1.52560973265481,-0.513587341658279,0.331930770733807,0.717365623833561,2.06771378507384,1.15353599440929,0.985591129814485,-0.944195677324264
-0.825649306634893,-0.197139137265715,0.0282285275726456,-0.557526206130304,0.250746904602436,0.853736427594324,-1.42437200359546,0.688506664930326,-3.8158224112053,1.76690465866471,-2.43796122460296,-1.36284368532607,-2.9892581900612,1.30833892612608,-0.281609286699968,1.20231182939729,-1.08201485482399,0.216251145349722,0.816201337845681,-2.01908730886701,-1.09144082615716,2.23921876498912,0.022894850551264,-0.89014379608603,2.39754117917307,0.970989256869519,0.267894698739809,-2.81659218528072,-4.1393080928497,-0.107966652548027,2.47187126636924,2.18089846194281,-0.588312351226631,1.06389598323419,1.03292860106151,1.04715203166461,-2.59248202776198,1.1579945983096,-0.384036001360037,0.554482462248717,-0.774644460530978,-0.139671518739776,-2.33718129234896,0.224939771791961,0.281885145022974,1.28852394985748,-0.567645120288348,1.97514684422833,-1.6476434395705,1.39551643350765
0.149824190558019,-0.629528146963493,-0.23827566767117,0.714837014923038,3.73313845583523,0.962996251737979,1.55134547698424,0.959124279466373,-1.46173286696771,-0.856540880944802,-0.868823440857543,-1.4012672824403,-1.41819317045825,-0.00720223378143862,-0.767797138280934,-0.906961901663913,-0.358457667740744,-0.691760768387415,-0.682284815922896,-1.47058475682211,0.284797827541201,0.630599421534198,0.373352958088202,1.09990921406838,1.26800126994492,3.09296388853596,-1.48544629786709,0.280570899052252,0.146212295931319,-0.612678839189967,1.50100707146777,1.02864901738018,2.43692363562199,-2.42409900771203,-0.92949270102956,-0.248715061019825,-0.494918084993015,1.71844311999502,-1.34477171598706,-0.611805776011188,1.00750666645304,-0.0320320999330217,-0.216738368591551,-0.782668803524453,1.19144085722356,0.135125395243768,1.02353296354069,1.2657957080993,1.18798522971994,0.835364432998657
1.60525855171724,-0.351049344939057,-2.53873905969097,-0.639935024657247,0.944764710788947,0.107878512619662,-0.306245839998298,1.58821065985722,1.07615538626724,0.160786308703132,3.20837651590377,0.952903833914922,1.36423741892923,-1.52213401626458,0.620637457983672,1.34212189807876,-0.443702496225284,1.90938187460294,0.0716910063092618,1.37991972340163,-0.761814761938569,-3.06581264307692,-0.289780602587265,-0.946084666023965,-1.47428237648214,-4.20261285644212,-0.498570005189971,-0.164796905580946,0.230168299382376,0.11725091721739,0.119881365497172,-0.307564440511953,0.120828166272816,-0.59666356112489,0.161296396620325,0.118735332246528,-0.359716873822269,2.76620883762997,0.171502848013536,1.38208399316786,-0.57114843789285,-0.327196988606489,1.42232967095669,-1.29871372038582,-1.79648635574678,-1.5915468481426,-2.36648057397558,0.681735970551315,-1.09071966117975,-4.02300063951999
2.99212055628623,0.777376385793362,-1.62010957001032,-0.061579986859592,0.384209338748742,-0.644742116318207,0.764771414602247,0.319126611573985,0.9026354289194,-1.55259140501236,1.79633036261482,-0.0889712372560185,1.46371352197147,0.807375900266462,-0.165100666061846,0.576251654654909,-0.565525531619008,-1.64983728410857,-0.981044171691262,1.3418010879881,-1.00601597922564,-2.33231437087469,-0.597942853087142,0.763802594726177,-0.105623872300078,-0.79807666533498,-1.22415052272966,1.13424008968698,1.42280207033035,-0.654282608725729,-0.00855169918591667,1.52684361777709,0.088793949881729,-2.34944669224986,0.895102842676013,-0.489560037575253,-0.0124011776806405,0.54719496200508,-0.0236076829618288,1.56414864749725,-0.73008918666651,1.99049462784859,-0.0344824733973568,-0.983138927793535,2.98663632816846,3.00094392823526,-1.51467262793406,-2.26165058498567,-1.78039709866006,-0.925437466679868
-2.73508817850022,-1.96773882888254,1.6392459795288,1.42544106581624,1.03444092472083,0.376754035439806,-0.650605736749526,-0.801167286099658,1.93655798365006,1.95509592730134,-1.56444601635156,0.290113880330724,0.781620261442399,-0.720313464438118,0.988833275787874,0.68347754438191,-0.0116169431274529,2.32536736069606,1.07201146599487,0.950498116339723,0.0159652787141574,1.64105676741681,1.54095780737991,-3.18230930564969,1.67236755196038,2.55689281653004,1.3583236315517,-2.49888042730103,-0.22951839599027,0.353823963748214,0.371948388178816,-0.92369688121807,1.04506922037175,1.92105644619781,1.94456904851055,-0.0424265024747573,3.39421845871633,0.747235539138727,1.25645584291571,-1.13774717339548,0.303969182136437,1.29923593543236,-1.31457072958235,0.164695861929382,1.21235226301287,0.786239594932218,-0.0888373098671506,-1.92661459927161,0.706158915209054,0.517138932564821
-1.91129595353115,-1.32781142500827,-0.707521475583652,0.782413167363194,0.967230024184588,-0.404470999461774,1.3758044019553,-1.63546401438396,-0.759011477732325,-0.202306930433061,-0.201582178028599,-0.295404735457707,-1.2862144985762,2.00143708937938,-0.602110207339977,-2.001663524262,0.654417463459154,0.0622252987828369,0.065413166214076,-1.09907298938143,-0.969019250557576,1.7128203509431,-0.259364385234092,-1.0191134081587,-0.490666945303792,1.24513990464794,-1.127860202123,-0.28735766618876,-0.1935763936896,0.10835474222998,-0.215571161440924,-1.59809459849027,-1.49932053869755,0.293930126837833,-0.765416253870511,-2.57030038457192,-0.718307757597846,1.19149731817178,-0.93301496047889,-0.681100764313561,1.34449693049136,-3.05360497771632,-0.448057267851392,-0.27073888045537,2.04988172266052,-1.15094218989966,2.64242675954482,0.654107895085281,1.53143673574104,-1.66064405905715
0.991700047721047,-1.32366429341295,-0.914920987905982,-0.825509403017245,-0.927816936372511,0.447913610973201,-0.383615366328407,0.376907023809585,1.08589818941112,-1.16631498751021,0.622433726940116,-0.315819171223262,2.85091578156337,0.324303412806738,-1.92141646122689,0.481833601947246,1.09683038721057,1.40252396688633,-1.03595595070185,0.218225089069429,-2.41392259557175,-1.78730373652931,-1.22871223427202,-0.479063885772413,-0.135337753199158,-0.4993653636643,-0.731635017712264,-1.08788491134307,1.37539849814456,-1.82033725536307,0.386339502403792,0.0479412765572081,0.176445153822772,-0.441128399908511,2.10659291759284,-0.133177691404951,0.00270404377620556,1.15892034617286,0.758181588241358,0.867840931747481,0.39582637784872,0.508712622769272,1.38707603948347,-1.58811094336746,0.454020600178947,0.816597854218596,-2.38989536448665,-0.953458567833239,-0.250156801182884,-2.06027056670675
-0.371653697358542,1.06835280175314,-1.63667313136948,0.753367966507132,0.568878842520692,-0.537681536260599,-1.77842200241657,0.44628363232281,-4.75705100080429,0.270725281346774,0.120992141682578,0.0229430882995648,-2.11802058380733,0.155345323383512,0.150078491528852,0.686433843093186,0.443286810041252,0.664314939900549,-0.123615910145049,0.124299534188814,0.930531116183342,2.08861445686783,0.783865022146489,1.80987633172158,1.70734435477443,1.23815550238779,0.269403070920889,-0.278416405466061,-1.56778801060716,-0.684986567749499,2.03072695562264,0.074500918063737,-1.04879462037547,-0.940570713365369,1.98075012268803,-1.9777260677567,-1.51031244376763,1.50952165992039,-0.863227998722879,1.26932616360429,-1.14953472853757,-0.702038396065254,-0.938738319659789,1.36701377574102,1.64318860696885,-0.0249886673143686,2.16961915416842,2.13976065523041,0.835864215454109,0.333346528869811
-1.66290045194189,-1.33993676200745,-0.104732032876435,-0.00114314378597405,-3.56217988499102,0.384203508510733,-1.36879174105183,0.795514788705582,0.155045528043655,0.264021705126338,0.254172256195418,-0.267596213266447,0.813609938091205,-0.5768841564559,-1.86768937398262,0.868081598200265,0.902913719199382,1.73716027360524,0.421829393539487,0.537184592230486,-1.87058339593135,0.623799657994583,0.64178503389771,-2.03549813643876,2.17125820077313,0.0349983830549685,2.01672486271036,0.34115997688901,0.0798563262985413,-1.11470976048797,-0.604259562212682,-0.833455729052912,2.36248332454464,1.04614944929937,-0.0557102868518724,-0.386816141302098,3.60643729297291,-0.873375126373756,-0.53769160442314,-1.09594453465751,-0.453807507949266,0.370123699224508,-2.17236287941352,0.479423423736015,1.28926264702413,1.03955476972215,-1.75011168326535,0.405830538585524,-0.753130065167473,0.755906409623077
-0.596713325949782,1.37847437271603,1.05991502278396,0.515057608292423,-0.857699573836896,-0.90213625377376,1.25337845097455,1.27925144844509,-1.06513347264343,-1.43769691742417,-0.457517393428817,0.746595283352987,-0.978295430789702,2.39482206638138,1.50710836824539,-1.5257232118209,1.89662919593693,-1.9485409926562,-1.34582924702961,2.28405746653856,1.53701111417492,-0.923487085014923,-1.25920842118317,-1.39983000724894,-0.468427593629858,-1.48391017835096,-2.21863720130552,0.0886552795667772,0.625577240628715,-0.352679884755168,-1.01981729480874,-0.305756857050855,-2.31568110103196,-0.0317596685267491,-0.976257487830612,-2.17189890459846,-0.0859843733265453,-0.690043875020686,0.144551314106496,1.09501827561625,-0.304297896829401,-1.26905698569633,2.35482243540602,1.19622104164099,-1.0780857679934,-1.38107335682512,-1.58924010041998,0.558677731904448,-1.57434563585166,-0.184473579795905
2.60595940353012,1.25354708790863,-1.90926320953135,-2.75706499211778,-0.358308728462671,0.413424805648717,-0.84730084989575,0.915163943260007,2.25617037184629,-2.32926675106931,1.72984062549264,-1.93568270514275,3.79341525327147,-0.0722743698564513,-2.39577602107044,1.27333289711421,0.705754918658248,0.110638668775855,-1.6642467034663,0.347343330678506,1.82882493983368,-1.3477246342593,-0.614782150964987,1.61020746935915,-0.517252690973983,-0.556677706551911,0.919247759986218,-0.614747540742491,0.874753982788892,-1.34371827205865,-2.79882583667359,-0.108656273172946,1.44916791110536,-2.0908520232298,-0.768883014759823,0.553771585269196,-0.276091229114541,-0.164669375303243,-1.29869046095271,1.94036925646269,-0.444743489610988,1.84881175555208,-0.513641137446635,-1.25476556639709,-0.419575828144617,-0.792697098573976,-0.53170043557785,-0.505137463255914,-3.080049130324,0.370789344472978
2.6049214968481,-0.762213068056315,0.434558957721577,-1.25721838265637,-1.39389577159852,0.402376019969539,-0.647229988379016,-0.543546566298673,0.626800251514447,-3.2501486442365,0.74716466004921,-2.48721217251769,-1.14607464972349,0.400544762445823,1.21599552620517,-0.168771426247554,1.81368587623751,0.152438105090494,-2.07501151348062,-0.966937938741239,-0.262113677216592,-2.51721955483566,-0.0487649140842003,0.814758034797992,-0.515297414669275,-0.797487398361928,-1.42550740284875,-0.0268693647444466,4.12646397876423,-0.478009059110134,-0.206817235389344,0.341553252271709,-1.4380654366516,-0.453276217498255,-1.6297147055632,0.240352870582555,-0.374599174432705,-0.0285160309907265,1.85387937610268,0.153821422412228,2.20871041599407,0.890887734433337,2.61032121235855,-1.53626968310146,-2.10766721672502,-1.54080060659739,0.836826609522544,-2.83477653847626,-1.02717893894785,-1.88855064782451
1.36850160471161,2.20847118984312,-1.47176597017549,-0.116016073843232,-1.1720448053538,1.07013218527533,0.688372843394619,0.269174566423092,0.702186265208484,-2.37160332113664,0.723987238384848,1.00818737342136,1.42324066123902,-1.36924884145676,-0.667475047798664,1.88674642066734,2.03125484606522,0.138872378513491,-1.17927953845507,-0.0318562833788912,-0.256989899533242,-1.2313073639762,-0.474089363927339,1.12756592940241,-1.67420327147844,-1.29953655147497,0.191844997306885,0.273169362030302,-0.191147035249061,-1.97426331009676,0.185974791176267,0.908405192088782,0.260172822407889,0.801702001853205,-0.841722547404677,2.57036016309822,0.471507563307535,0.516100489110636,0.0895581866676571,-1.37153980838621,-0.26387533288395,2.51372197952789,-1.10065696917927,-0.0402793820912676,1.18053927984329,2.42249820046721,-0.968741319933364,2.53908773492473,0.0286422265564409,-0.86515681668658
-0.571105479508784,1.22356806711741,0.539515920799746,0.0530666790592268,-2.61184571401432,1.47483029400976,0.179204456252321,0.554411225406025,0.669694717360269,1.02762773528915,0.437648636752138,0.513724316453471,1.61449711288755,1.62174369036119,0.580726453017415,-0.461185258130373,1.1813994264135,-0.0663643876322484,-1.58654505573616,-1.36858900360521,0.683983383570374,0.00884749355727109,-1.40875835951083,-0.187391224625104,-0.916080764419922,-1.83066499754429,-1.20059123386864,-0.254287071108282,2.10727113144253,0.0538696907890135,-0.467112908342078,-1.1837256377172,-0.571508894420862,-0.664725108424052,-2.63875680938821,-1.01930108127714,0.0483677719706773,-1.56194905865324,0.582266625198914,0.474850690951573,-0.552890681362944,-1.66764528047378,4.59917834246549,0.747454425074552,-1.14420707724311,-2.69399956682045,0.367513491397343,-0.820041679182583,-1.06415632924055,-0.285674069041681
-1.0064762408316,-0.15055341317351,0.537782317744189,-0.109436207873041,2.26919638849334,0.493410627333157,-1.01602576218273,0.843269566643439,-3.54924640900937,1.90283701972902,-3.37547395284857,-0.378507754515196,-3.97168826080019,1.5347053889649,0.206913546723733,-1.15396203768966,-1.62097130579144,-2.35792060465686,2.80198523723981,0.571494753061073,0.987942065338658,0.609788408703782,-1.03837002246189,-0.0680061828324839,-0.635006380614535,0.117330269996959,-0.473017585865072,-0.816987704844927,-2.43374262663749,2.50510081618832,1.1912560661348,-1.23419253559088,2.38876826742383,-1.36912221327364,0.74393182495944,0.24082686162502,-0.436874987767041,1.9121032372471,-0.794496447626157,-1.10961098423327,0.540717270454176,-2.21538326366677,0.108256239234499,-0.615032605650997,-2.50373370243775,0.156103638531421,0.229115501123299,2.43679436121213,-0.59684959645135,0.568742984919199
0.486839472726332,-1.68964126827535,-0.206169059471332,0.990793271335351,0.838068870530044,1.17321807666203,0.718105872181301,-0.00686679178256785,-1.80266565797009,0.373744685636485,-1.21763361381757,-0.589162123291149,-0.622751033545182,-1.09428320361362,1.12441492517259,1.63164386260044,-1.27368108796364,1.88365134170902,1.63305214106911,0.699386293718049,-1.39580748173478,2.11781197926306,1.21486951436702,0.323332104737896,1.89338363025824,0.777793810484776,0.807576779353267,2.05397121104349,-0.615911192020277,-0.999491216587624,1.80454755283246,2.26111840177439,-0.520484720573429,-0.256837585174025,-0.0249277324170525,-1.3681662949518,-1.93386720853258,0.615442133235849,-1.0553418600383,0.488360522442911,1.48142173839459,-2.31557003675496,-2.69689410919999,-0.224896227863385,1.24941953736038,-1.32601750594786,0.869754446652362,2.10555576553358,0.548041906903591,1.44914053664229
-1.16931856145458,1.50630150844977,0.918821669536756,-1.78569106787597,2.39245651009793,0.567488167080765,1.33639848945818,-1.38395327478627,-0.286170785468461,-1.27101181264584,1.37585703405633,-0.168046909173171,-1.57333899263348,1.01549405346598,0.923589576101475,-0.921305491886039,1.69948628759196,0.206635771468001,0.0943405768297454,-1.5098223508201,-0.304417321982071,0.743159394293383,0.593816302894049,-0.515405182924016,0.112188305464822,0.711262062663833,-3.03589804126856,-0.854568366444009,-0.231910561022107,-0.952951664616647,0.217450762905179,-1.32853906899199,-0.874640987830142,-0.154646331800383,-1.33960992554012,-1.08416444547301,-3.21521821758882,0.115932891733955,-0.69917805007173,-0.85907912475875,2.20748428324202,-0.67938186463622,-2.16559711667349,1.54731986230805,0.949619826282876,-0.77262694590599,1.86915452768657,-0.928585539648765,2.41368764247868,-0.547198609979531
3.30270501986253,1.11518221733238,-2.58185615465543,0.874261813834036,-2.09305926362454,-1.25872435154834,-1.80468460400661,1.54280684940792,2.77759797623951,-0.38035397722669,2.94225006648709,1.45486815894981,2.62989855413038,-0.667532277577441,-0.985398911501271,2.10786394108484,0.158087482260913,-0.0620131933293106,-0.483449370943936,0.0575109983221941,-2.13713674563964,-2.2205235307996,-1.58591861504501,1.23249929030998,-1.99502988486188,-1.19242767215481,0.00380309993628621,-0.586738114346633,0.609805397082127,-1.43431513354012,-1.69892144591872,-2.1831417704987,0.715242181812133,-0.116515370300516,1.60315966164104,1.39001187560811,-0.495536248829496,-0.172100863476903,-1.98064115664353,1.07144205646419,-0.476890524110712,1.73522407654554,1.12053335616748,-0.00450736737601748,0.335373127915345,-0.724446250184764,-0.664160892234791,-0.317603401734177,0.0625120754684065,0.771114221967306
0.0169421946729431,-1.34786032047836,-0.197078740884214,0.971523458142903,0.855474436788647,-0.414100246138017,0.782083832845438,-0.757252311855339,2.79085112944996,2.00728558682603,-1.04459159811878,-1.85677730692495,2.0498029356113,-1.68142027192444,-0.499251200536344,-1.06223507738913,0.415287076114575,1.55126269012479,-2.83827837645362,-1.7184627472375,0.645201964783401,0.657159223417304,1.68220275008096,-2.28293610471774,0.114819144982151,0.0774984314684593,0.512631283597305,0.125080362428856,2.24466462404495,2.23445799120052,-0.478930062329669,-2.74040281044297,0.226149025195092,0.216505609051504,0.949301498805269,0.928388234202319,1.94688349959473,1.01585195410907,0.66147630704308,-0.767645690228212,1.56373321921049,2.28317106156778,-2.7402588553384,-1.23399828770208,1.75220856557262,0.355577619402487,-0.779432358796434,-3.18507507921385,1.07264550934946,0.506403441989135
3.02390382273163,1.87236467413487,-2.64078847211608,-0.142639141788284,0.22282438002225,-0.858822167048344,-1.53818478505631,0.687838251585481,1.24778407074646,-2.16913691716227,1.60748123214323,0.837032928957116,2.82072056482369,-0.217402754978049,0.0351357725795017,0.537677913428599,0.296327122548514,1.32390564807396,3.0792983457541,1.09740328947502,0.291487678136372,-1.64938395705907,-1.85392554397875,0.30061457116296,-0.00167903837771774,-0.248874394547132,2.45452310665367,0.810750711903647,0.361538897388719,-3.16868116583477,-0.698107309657761,0.365215072403557,0.823138186857557,-0.0794203737863819,0.354169109826206,3.03644942233607,1.05002529470891,0.2306043716716,0.611164497824627,-0.68766623591686,-0.916976946566243,-0.0986749383916614,0.0574013777048818,-1.48737326300382,-0.751956447374681,0.014882482777695,0.0222319032176993,-0.689698100256789,0.442465386806291,0.0598733304378995
-0.595767199132213,1.782236526785,0.242897717693382,1.60705674709757,-0.058601829932766,-0.476443313162562,-0.732224271328991,2.05984175018798,-3.40936228087886,0.282675930876275,-2.2927440202251,-0.119422455946244,-1.91265292112846,1.50739295182447,-0.475650378711187,0.950074276647108,0.565758039453133,-1.19124892576146,0.928829545164689,-1.03839709259215,2.59078663230809,0.48520628575408,-0.346404245043851,-0.535813161917055,1.08388530753283,0.409929918920749,-0.439032670932641,-1.8329254370199,-2.27007856811146,0.865776811082717,1.24109997715684,1.29782778473849,-0.510649934973528,0.187433615086333,-0.432813130709751,1.30900541364654,-2.36712819188316,2.00936806271948,-0.825176373249725,-0.787079911770453,2.47336561196615,-1.96440802928431,-1.6062231922101,2.41057610369061,-0.269534231474844,0.713584298744835,-0.149384543865552,0.0648106273120339,-0.794289301305305,-1.08381116338909
0.689587076840525,0.201341177738722,-0.27703600575863,2.23161906590052,-0.0494690154340208,0.58129198909913,2.44307205146406,0.829427614679258,0.623677770981432,-0.441054971997897,-0.166631509507469,3.16049012314075,2.07029759474038,0.311242853008135,-1.69319118379498,-0.152191566945659,-0.267119665114338,2.57412552085515,-1.23179645083365,-0.610551832436777,0.694747903341499,0.197237666601407,0.105693428452331,0.0209041231531201,1.81430115982981,-1.03649001854716,1.97472803960631,-0.124544987268159,2.11792149810594,1.04852948374798,0.884848228381902,0.0356560753436185,0.362716293468041,2.09568872327301,0.681703326901319,1.22982185361858,2.17885957068889,-0.0533752001938611,1.35356665625334,0.537647962481871,0.513031091100132,1.351060795838,-2.14531946804584,-0.486483381769454,0.279810493248109,1.97465033679603,0.459597079442823,-1.58856085922527,0.66220358232614,2.73678801725513
-1.76427788372732,0.679379493115075,1.05626325940751,-0.0842759620571771,1.68390424349691,-0.0236432060594248,-1.26224054998172,0.294943305275758,-0.992261522754906,1.74890132214539,-0.197106056407633,-0.780249764272434,-1.3338449582635,0.91431121087168,-0.206204303161083,1.67686723853398,0.107130245134333,-2.09149138642108,1.075200497646,-1.23898769915646,-0.723486148553848,1.94066722041346,0.172240662366616,-0.232974322722433,-0.143427717391341,1.39146255323504,-1.57140979481113,0.532316555621258,-2.23148132346836,-0.0626624519623194,2.32790822983805,-0.528182517162492,-1.19222457372532,0.394254277656209,1.94883595881739,-1.51705003413689,-2.87580780847332,1.47079562216169,-1.37977037622557,-0.886023547816303,0.564752946413324,-1.41176428535272,-1.87886785633337,1.23863485564654,-0.296145522970994,1.79489518304018,0.424556890547035,-0.367391497033063,1.61816636448761,1.78660720465069
2.61017626262832,1.21860771206972,-1.92578764717414,-0.564330535643623,0.0717659885287694,-0.136595060742679,-0.760193195427371,-0.433061822540387,2.4466032773606,-0.530011952529424,1.70876186281585,1.66333388502032,3.16935791434726,-1.93972634586502,-2.49838626513739,3.65796149119305,2.19247306114845,-0.0781397011362349,-0.879457156209292,1.07366796575697,-0.0262474574022413,-2.72756322061819,0.893950815446169,0.199659770852984,-1.07031426944077,-2.1597904678478,0.959103179947964,0.415283542785739,-0.0781203408625948,-1.17689567825809,-1.56250464299198,-0.427464288044004,2.40346494147077,-1.24540104381683,-1.75108413585755,2.55772838134332,0.954199504123885,0.262132701249491,-0.430546608255723,0.62690673518732,-1.31302156150944,1.01834727286382,-0.0503876735690991,-0.260071080660412,1.07700278857679,-0.0719891879772132,-1.3924314248326,-1.50357007693885,-1.487803194553,-1.45637880613058
-2.05490443971037,-0.124663264441986,-0.847495333380969,1.46278634366834,-0.178098073890776,-0.686872460714162,-2.26744984206521,1.55315491065213,-2.07647250684369,2.98013435914707,-2.04209560848937,-0.588158407085866,-3.45404556138356,1.63423572778021,1.34507220936824,-0.995100957743205,-1.03566699726653,-0.924295947343369,3.21240476140196,0.550578856521486,-0.50160702482226,2.96933553935962,0.64128709651561,1.33303474083833,0.470845834050117,-1.19170502060762,-0.450935479905389,-0.903123759842937,-4.09407577722411,1.83227539795004,0.476010301831539,1.22401004239938,1.50182120442632,-0.645180859197295,2.75032436027437,2.07964099013176,-1.04766356588013,-0.424797577723515,-0.380876779846756,-4.00927482801446,1.65097209108066,-1.33544982499613,1.06583329685135,-1.44570810731509,0.4502244897626,1.59349105851946,0.480694558635013,2.77418751638391,0.668432737976203,1.50432152602238
-1.35620955914622,0.92108877944106,1.51700817810166,-0.248538171374543,-0.843461850846037,0.242971031111953,-0.032721689230411,-1.51563567813275,0.409387236445346,-0.493237404794813,-1.63433773871125,-2.34349291668266,-1.17245457423289,1.57155302182992,2.45205982331761,-0.150134747084814,0.011021676288953,1.26267571210161,-0.894230153695512,0.410936183946707,-0.713459468197058,0.132121232799023,-0.979867449441688,1.89492224035362,-0.663517079267425,1.20505954724321,-0.483388968348872,-1.4462016740643,0.314596866882008,0.687903266538757,1.1929627701906,-2.2164070338544,-1.59669943963067,-1.28632614640503,-1.57018163094774,1.48112235050968,1.73382134237668,-0.589366374463305,2.3135256033888,1.36435731581616,1.0788668438304,-1.81700355082103,-0.403164122190666,1.08223047563036,-1.40417334782098,-1.8004814302542,1.17455989210414,0.442533042277906,0.181344834102369,0.549663551427087
1.47664615327026,2.17953532450659,-2.30091908697717,-0.81119162817012,-0.597798040287582,-0.363135228400334,0.380886614811009,1.31234028995145,1.7804664148753,-2.37529159874731,1.23646218245204,2.10133730613747,2.30499707716429,0.0460937580305358,0.624225220656162,1.84795329198763,-0.28860618584279,-0.219477406751649,-0.669411609622405,0.611721111695121,-1.16672432583103,-2.16546138798524,-0.406446075527233,1.68351967058364,-0.177171529307526,-0.249080967849734,-1.11410293970684,0.236540102012468,-1.41989438955504,-1.05053905280396,-0.343481515987715,-0.21642808214882,1.48318612492467,-1.46702343548273,-0.395209929219804,1.41356740785199,-0.671621747931253,-0.85087302691716,0.226038433337287,0.260254489255603,-1.56372993951186,0.573853500099738,-0.644139371464666,-0.275928368503943,0.397396428712212,1.1412659943895,-1.40001935084909,0.0114521406315787,-1.56663162464731,-1.28365440166465
1.36390070121252,0.420830168782795,-0.818551017120987,1.65114804743395,1.22401425836353,0.582555320892147,-0.896976738327337,0.714631853994863,-2.96210553583989,-1.3136497243546,-2.1740891307803,-1.34863426299774,-2.22113548718624,1.17217935646946,-0.171542600975346,0.915344442071907,-1.5201061682729,-3.5581511293631,0.911636011435026,1.24747523141629,-0.0102627431391339,0.723383847929756,0.534347097309862,1.54069873608008,2.29294242492893,1.16835162220153,-1.55838641226623,-2.2241214774662,-2.74336926190572,2.24475392223954,3.38148248523885,0.413668957163814,-1.61095720349231,-0.275382174269558,1.39444499901285,0.807895779715035,-0.456201298065783,1.4674232776047,-1.52128263172477,0.778623785213994,-0.179980562609433,-0.543985397563106,1.60158589020035,-1.09819037086321,0.0294158930182692,2.81676123373127,0.41687402629061,3.43241414798695,0.826858514899511,2.08796575888487
