"V1","V2","V3","V4","V5","V6","V7","V8","V9","V10","V11","V12","V13","V14","V15","V16","V17","V18","V19","V20","V21","V22","V23","V24","V25","V26","V27","V28","V29","V30","V31","V32","V33","V34","V35","V36","V37","V38","V39","V40","V41","V42","V43","V44","V45","V46","V47","V48","V49","V50"
-2.96263352536528,-1.09479887623514,-1.27582552685355,-0.0479143855038875,-0.238666888330725,-0.393796960957416,-0.848327584222754,-1.41056621479822,1.68781201814902,0.936140687532195,-0.569900500163537,0.693245291235934,-2.10272702783552,1.07379326598615,-2.92624271571373,2.35394363523665,1.23140274470812,-2.4020437045463,-0.196873974806318,-1.54623675020428,-0.912405276586866,2.83282430553614,-1.24152739001493,-2.58719639631045,0.233222152012473,-1.47160132133893,-0.277206974313662,-0.822049091578882,0.937262024731422,4.07495965740382,-2.78902740968683,2.72960572384741,0.599718393958436,0.6071341274913,-3.00424795082069,-0.884823130735022,1.70810004436632,-2.36636993349421,-1.32905907672814,0.972267933224903,1.48519314815073,0.562018216283211,1.90253886996241,-0.443766598789275,-1.9947129847256,0.465037187702316,0.216540275365589,1.30359544393424,-0.0220140119403102,0.698815131313129
-1.06785295460371,0.657983289748992,0.128201736314984,1.72673230234137,-0.108651200995845,-1.32696618379397,-2.28794988119524,-0.32814687222203,-1.25084396452663,-1.48357836871766,-1.48263078256421,0.328446100741431,-0.48061680276042,2.65219988747817,-0.399409856189949,0.751823761387964,-2.04886442345222,-4.00369874510749,-0.298139508271536,0.463732707802733,0.541053184035093,0.151478312058257,3.11666102416865,-0.591050115320821,-1.0040812554385,-1.26532416926808,2.74304906202365,2.00620189148963,-1.49720163912692,-1.22404744015637,-1.73717833391501,-0.833948452059039,-1.18961367179617,1.71046961061497,1.15959173460332,1.11281445911942,-0.0722012976198479,1.13573167095038,-1.47295981321785,-0.386196553348601,-1.00213258036542,0.123995004997344,2.06939754715853,-2.92136856848631,-0.0732755547526318,0.897653222555465,-2.91821085261136,1.21373191760692,-1.00772303840894,-0.509748081883796
-1.17833451834212,-0.114104156442605,0.0857032768786325,0.0688971146225816,-1.83660571935554,-0.811299180349378,0.308888972061883,0.154162905457823,1.60086442939162,2.11269248457701,-1.33634616172579,0.171710291009295,-2.7677613827967,-1.62053558398201,-1.17438964994233,1.68704661664029,0.699251168992296,-1.78932690926507,-2.19996856010059,-1.28407267241148,-0.233025927181899,2.0703262826336,0.863603849244246,-0.998092990959272,0.355974702989218,0.854449178514731,0.0340741541584125,-0.960928548318632,0.222306987595894,1.55624020292236,-3.90490564120425,-0.8387742432202,0.120807392251855,1.05775613753802,-1.00151119664292,-0.565419668241432,-0.746547694016242,-1.58159629719321,-1.01233148406949,2.14101295751223,-0.804087321578413,-0.576446034382873,2.36463666032939,-0.560219735631374,-0.0117210465740669,-0.246416568975103,-2.94330329604973,0.789281365951765,0.534935052040368,1.11466428731632
-0.183506427259978,-2.39657358277442,0.617279690519458,-2.78728238215643,0.685693712372481,3.18876828776252,0.570394722944317,1.81840078504947,0.687292080072091,0.492180472846275,1.48323881416794,0.112173060020517,0.296864161361803,1.00440660580177,0.0457250242185691,-1.19640015275603,0.831647955085504,0.950062755459327,2.44836705580021,0.819574962626475,0.527354580317414,-2.31374492584596,-1.0981755092909,1.12534031316917,-1.16644638625855,0.13744291873073,-1.41837549544992,-1.39416255642311,1.43158739942498,1.37007722035634,0.582282375429607,-2.1331738717935,2.46926725313147,-0.140265709308353,0.596716437226067,1.11755250829334,-1.72536144340434,-0.629084408822531,1.72580662450067,-1.30287675744284,-0.726691141979292,0.798854639391904,-1.72781106275443,1.89041418545565,0.34911294702393,-1.36812637628627,0.46822059904994,1.56958214895082,0.730395098537525,-3.23556527300181
-0.354806021203499,-0.167536506823452,0.893489106482594,-1.70327099351105,-1.57499998833378,-1.16411241897832,-0.767061886867781,-0.683331460937949,1.39105405758708,0.807102289017032,0.95485844669009,0.233093836203685,-3.70998502759304,3.56426610054537,-1.09184234077606,1.0852289825611,0.80268885264201,-0.509910458317868,0.994029678418094,0.365277153820746,-0.410607096076398,1.34181244308385,-1.49172241168265,-0.632896589622321,1.57628552609014,-0.811765537923896,0.755076859957196,-1.57762856620737,0.176013440806748,1.75507987006045,-0.68020330104064,-0.0859818929776825,0.443200840814131,0.110938018233787,0.659353677905541,-0.0125639931578796,2.91557294934362,-1.88003987839391,-1.18183278578127,-0.310621241200182,1.07755166651458,-0.119871269061556,0.849833976360198,0.195101966891889,0.619824942077205,-0.0924027483184912,0.117535800602249,0.106727157349515,-1.24494264904472,-0.0765798873905818
0.763669026971521,-0.681835307209673,0.240357421540385,-1.91199734528732,1.01193033447232,2.65775514394671,1.03421747343513,-1.4274797082588,-1.68212171797454,-0.278659559525594,-0.06050443472896,0.202378334985153,0.959625218046591,0.138323273002894,-0.309415293775557,-2.08148250787692,2.27259997424124,2.26850295572115,2.58020899259766,0.979224431885057,-0.617980790673535,-0.448198991776521,0.485328565344835,-0.0322879397458664,-0.00509776528177117,-0.876594625715444,-3.10480096531725,0.128478517329413,0.469084948103301,-0.0684241297478682,2.78370106683246,0.83992276149882,-0.0549299500061196,0.683108656223937,0.353627200761975,1.65343162848764,0.400842701499203,1.31986878028275,-0.479916720574085,-2.03739954514672,-1.8991325726344,1.33910409800025,-1.5128077906483,1.41539728041604,1.56319408374619,0.864868189625619,1.87782712950448,0.528239132280156,1.13786508122191,-1.7187728784232
-2.67788512193534,-1.02117040864357,-0.425177245929662,2.69964235902631,0.766091263250312,-0.103818758910504,-1.01147567215833,-0.038961779142179,-1.14262059551794,0.244336834583695,-1.50970856690994,-0.46615547819179,1.03060283581835,-0.11325837152065,0.981514407735417,-1.12040080508908,-0.305739270558974,0.0924069511473994,-0.029575573557264,-2.04678518626788,0.807952491266227,-0.970877378098744,1.01189960159438,-0.933110531965504,-0.736895498469078,-1.01119464311729,1.57073173384962,4.01525158840607,1.64256463654327,-1.86770408032042,0.0598117356049934,-1.26220956290709,0.135624612281235,-0.027838848424604,1.89798397238698,2.41507098564924,-0.351360612175387,3.53633406629791,-0.764604385707012,-0.38272758310478,-1.13787809002951,0.103528834087669,1.98983854651162,1.37868313994333,-1.57843161396155,0.264547728401526,-0.352588765366556,0.14957693293918,-2.95597695818251,0.758219788558018
-0.145934725662946,3.27723140540466,-0.973144707623327,1.7241643952785,2.40574417270212,0.803202856271843,-1.77709578349948,-0.197416040853439,-0.0565038510651106,-1.41542547073071,-0.441396176549322,-0.150058029411841,-1.40543598547733,0.241428253899652,-3.72000488140855,-0.112844312678952,-0.847081147534847,-0.00277465264208958,0.247827099396567,0.35853913998178,-0.227294122661963,1.37423066945319,3.29339970444371,-0.452314281360641,0.306743114171466,-0.441680178855788,1.08189352495128,2.5379683923806,0.883366197054984,-0.197676581597565,-2.27736806128309,-1.9293509284722,-1.61069750175501,0.621476852948324,0.426616062033672,1.67969635047202,-1.05912902563879,-1.0798056739094,-1.59896514180579,0.508859806963251,0.271787438729558,1.02090747309178,1.70378048124056,-1.51896771578245,-0.833328329486353,-0.717136941726744,-1.4143347148526,-0.0665116346853323,-0.0608164937410938,1.08084938228762
0.933375356210694,-1.17686176159319,-0.294503659352723,-1.87869089876561,-1.9981293987618,-0.457430016982109,-0.880235199861612,-0.366745354940055,-0.175395256295661,-3.51645509569975,1.42693717441116,-0.430491472262383,0.0946603155561781,-2.39467423694153,-1.22590762602542,-1.22682921443173,0.663422081642809,3.44933191792589,0.161269567957391,3.02756503297669,0.297605578322701,0.805836667137308,-1.86806698089408,0.712611404379469,-0.0865822634137102,0.374486485993692,-1.42737695383771,-1.23682357925515,2.27733183803567,-0.909449514142552,1.90815287343169,-0.544528092080089,-1.42538783721061,1.99850521633592,-0.932259780616313,-0.955023563022525,2.45841296171409,0.529514136300904,-0.0686103985171101,-1.44639792236231,1.18573965461059,1.65255613663442,-1.09353042121577,-0.299022916560024,2.64315815317196,1.09367765228134,1.94269714292884,-0.695161306261827,-0.176672613151921,1.51836472301366
2.1134728728363,-1.52295997765473,0.879667548045028,-1.3108014416559,-0.872161700791714,0.689955169700868,-0.407145831446411,2.11803190943367,-1.78731476719328,0.344620358225328,0.465530975377697,-0.405560640635796,3.68248179676959,1.25291754637713,0.0286030134290474,-2.16922394677854,1.25941075907159,3.47068618423098,0.464802545837808,1.11410442168889,0.712702064814876,-2.17495384567694,-0.954224818114562,-0.494791554186491,-0.236711965838799,-2.53808487631035,-1.58842498005449,-1.71595161041928,0.850921019277402,0.769595022879048,4.05829769188154,-0.346039041821542,-0.131315205777412,2.26499789319936,-0.681157730757101,-0.507561905544217,0.718561797915538,2.40102015849021,1.18855713070444,0.112641812257394,-0.076521434984243,1.36713366916439,-0.00320886314702026,0.171213822559268,-0.30791014883417,0.198418939871887,1.4659399909676,-1.86253695158304,-0.567288518742894,0.159336405401677
0.254343987219064,0.0223241752687145,1.01100323293931,-2.43038129860231,1.20051785668171,1.13079860869336,0.754055847379397,-2.63222381891515,1.41463395176777,0.26539355753446,-0.249288202728277,1.17963170304291,2.51955384118806,0.132414383013652,1.86201667489266,0.26802356413365,-1.4461062520238,1.55231498288629,-0.2023895534985,-2.29027885984382,0.424631065600067,-0.945033293837982,-1.76741437471146,-1.06189190828473,-0.222087870600545,-1.14937080079788,0.62865229087955,1.189247859073,0.653804995853586,0.357885613390999,0.611448165065726,-1.18951894856443,2.43257325226191,-2.68928005371219,1.99344539917812,-1.25480178213213,-0.247006194959368,0.226320441088957,0.128225893678358,1.00410843144377,1.97500382026145,-0.676790978871676,0.407773123613509,-0.947426484846439,0.70619960347635,-1.00652214310389,0.458217227842494,-0.00727403065240788,-1.76666679890343,-2.02196153153385
0.0623165793961183,-0.895569375741164,1.42716736193901,-0.706373305232706,-2.0810430942467,1.82822947476406,0.519465987691811,0.225651557093574,-3.19237943515254,-1.76075910987667,1.93316568218464,-0.271179313671064,1.9755710672952,1.89276139160515,-1.43115525018652,-2.06109370579554,1.06477651035735,0.909287883722471,1.44693151767881,1.2172149338344,-1.23491152503428,-1.32087368746965,-2.62540878715119,-0.842732541823518,0.522793644892739,-1.27069904913255,-0.824608897258325,-0.744268584866324,0.195356942852046,-0.610429701745997,1.53139241484197,1.45602787130989,2.03777995848433,1.36745436457444,0.158185393495884,1.93201648773891,1.38844001652095,0.750881135926715,-0.596509988164876,-0.183827660947274,-0.168937913283721,2.41598061149226,-3.67039381555067,-0.06157775733777,2.15182803089126,-0.513432011070532,0.675198003851298,0.448457700183147,-0.240950101915893,0.0905945156478234
-0.598584787342635,0.109976847536535,1.72033310078201,3.04553258376101,1.45408226130637,0.634775904468003,-0.517383065700929,0.420036940591113,-1.3081453130943,0.283683850064562,-1.2198333439722,-0.964360889932714,0.234645666718885,-2.85576963021781,-0.027750993241032,-0.725191866764874,0.12640242619903,-0.494023950210304,-1.63397565370396,-2.13595519168706,0.534442826977752,-1.91887809993651,0.37415640277921,0.784331172199043,-3.22887982260125,-0.275736683175481,0.675639679693845,1.47451919093474,1.7636546337821,-1.08500456267899,1.32002672909432,-2.09847379827611,-1.07853782754272,-0.0779923634150386,-0.807029379126277,0.0116212873267954,-1.17679897354424,2.7596073211594,1.96727082807572,0.372226030811154,-0.0381874177678868,-0.290232526450947,0.864515143501924,-1.36342327227211,-1.69933712696399,-0.86696476008278,0.560739600125069,-0.42954164737859,-1.58300063027399,-1.26619212024772
-0.469023302643296,1.07274187453266,0.201348663469335,1.24924023629863,2.67325841908738,-1.05609481127076,-1.13786848699739,-0.46757655874768,-1.38001292857269,0.5304773781646,-1.45337142756618,-0.572577069521338,2.19615139982218,-0.175634181457187,2.12754672952181,0.448989038442219,0.738137432955579,-0.134099887550419,0.0500913036679099,0.756394576825209,-0.216510889312786,-0.220409451255231,0.881568690535161,1.10597142694294,-1.18066508912303,1.8186258051717,-0.95916972508513,1.95487988439728,0.334288603710766,-1.29693900972748,-0.621431206138026,0.945405387007841,-0.495260171469054,-3.10993036828719,0.399975912811446,0.218027646787797,0.139426017758942,2.34715725968614,-1.47373527692619,0.994109816741291,-2.57272604166445,-1.38364785258413,-0.134657422684613,-0.996681090942021,-2.12939865939052,-0.100494894045962,-0.721293725632068,-1.72192177004525,-0.402171589499235,-1.06262258615066
-0.30144109369179,1.73398334588395,-0.827427017953389,1.35173484401952,0.959843696208836,-0.456388699322158,-1.95023731236821,-0.56072527638255,0.147066943273868,-1.20189851919545,-1.62934418698303,0.428568277333294,-1.36160007872203,-0.0545787089357653,-1.55480163733858,0.490391149837563,-1.02505562421533,-1.96039562177327,-2.56091510271223,-1.00692348462558,-1.35805667375825,-0.431019901863902,1.11880509127319,0.345614683158086,-1.17186740442553,-1.94055447356269,-0.877633456664563,-0.700858157182814,-1.28483110186093,-0.807490417452619,-2.3602334855822,0.679846418043788,-1.77385600392633,-0.638326942758426,-0.133646435667061,-0.398666804644177,-0.285374220787403,0.503958389526287,0.281624739758244,0.975588137118737,0.263939931108811,0.316797730486418,2.05993161437401,-2.43512738126579,-0.895913445503947,0.0727253250894406,-0.342130265293488,1.28545294583865,-0.0837258104359712,0.327985214016725
0.094856787697741,-0.526602521497896,-0.756325473043345,-1.72395662124007,0.325638381490459,-0.376738522797736,-1.31530355480493,-0.155119485125788,3.05877972080232,-0.043017099897791,0.285609993889579,1.03814126951098,-3.17089456155984,0.721066635320725,-1.24852024525471,1.14284338719002,0.843325432284415,-2.53003305272322,-0.595315715494791,0.569224670386246,-0.407850420000947,1.94583370852425,1.09175998206895,-0.523975389438571,1.76687008371658,-1.17002979098052,-2.45688433412099,1.6908318666927,-1.02054733566709,0.74739125383936,-4.18883107315838,1.61080562560296,-0.155802517524904,1.05013901670649,0.0104306023697257,-0.301373994674757,1.32744646641118,-1.49859337411544,-0.987079520362747,2.21964034920754,-1.89932735625807,0.62006024111215,1.73868026613321,-0.0359924653379172,-0.0516601592096003,0.72422570788528,-0.0659335201500411,-0.500492518721776,0.0840243198544399,-0.844977594257324
-1.92526532143918,-0.128383193210573,0.451412760052334,-2.90556250413554,-1.07919301101807,-0.148806876111284,-1.27168055023358,0.568495499234888,1.88977884564857,-1.49892643610516,-1.97628233756709,0.0427642455440204,-0.4962484401931,-1.21423374699797,-1.21546369543111,-0.0762126772094236,1.54254681170879,-1.47544572705924,-3.35228239975416,0.186935258728175,-1.23769148254022,2.07576200678395,0.489748221836903,-1.72118554316633,-0.0422164701977308,-0.244750651943023,-1.45960297975632,-3.06209122271851,-1.44260764495811,-0.564116876176699,0.514850152298874,2.77283431322431,-1.41238188248,0.370986819973348,-0.550242194418597,-0.353413412686178,0.494012767916244,-3.54208375364258,0.458417972637938,-1.73378773161378,0.470672158706298,-0.266655119016422,0.957734639501018,0.800079861166918,0.303250511669477,-2.31585817918415,1.13195281957417,0.395427912417092,0.663770514852872,2.54310826787168
-0.14514201515408,2.86965181344986,-2.32738625794561,2.1926374036493,0.870870651187837,0.447931424607319,-1.73144634057489,0.0612955884579929,0.423988861210188,-2.08869163946818,-0.162221997612233,-0.0553810397325495,-0.295752623729934,0.89882530903266,-0.214503367540948,-0.458215440120138,-1.4980579019731,1.14104159346277,0.677658169318368,0.05827779183635,-0.399776315998238,-1.91839713318186,4.14659504767634,-0.491525558605525,0.657410496615553,0.518954069263982,2.32619977622911,0.759224644821668,-0.866212507933103,-2.89893473174265,-0.979172220502013,-2.22362968211753,-1.51907111670374,-0.606630674834894,0.301051147357328,0.260468993580874,0.708336704208195,1.42290439750532,-0.172231038390175,0.470753444671716,0.107599388650483,-0.676577758269611,0.0794470697154583,0.0593109582127761,-2.73749590733916,1.69701305334767,-0.83579097759422,0.828162547199211,-1.36502827926234,0.440614308542536
-0.494016222335199,2.98657187148756,-0.747791931944584,-3.89043233193669,2.49601752924019,2.16002630696052,1.60548598658432,0.0909462663788178,0.0267599158052047,-0.386030972316571,1.23070569881688,1.78482901186492,-0.167421781485739,1.03564275645207,-0.105836215662626,-0.776545019182988,-0.720210321225207,1.54837254046767,0.657328969674893,1.04293184780305,3.42523255775169,-0.629209333911116,1.80289323205119,-0.345693984301948,-0.573456077006079,2.29069515792118,0.850026341079921,2.58568416305733,-2.67229011303606,-0.380499709383118,-1.75253173190256,-3.06856689082376,0.718171064666415,-0.515081585092676,3.77929448976763,-0.208030346835854,-1.10907296973158,-2.67780692082173,0.325626246181616,-3.08228935982076,0.720021002064552,1.16689459599258,-0.506987705673198,0.596052762744606,0.415138915966525,2.46627263015186,0.728827278098016,-0.103847386577315,2.60715561109396,0.619822524987827
0.578379616265386,-2.11647459093171,-0.353514984259365,-2.00872894640158,-0.16667632115999,-0.387109029652447,2.32840016718174,0.682495252080824,-0.504010985155518,0.270313941777482,1.6269752590518,-0.209606056946407,2.31769948750388,-1.1924707063533,-1.40011493945609,-0.0760430492532551,0.782747636840976,2.03376483891357,-1.13533818752663,0.451897884416812,1.31443073702076,-0.190383628165373,-1.25617572392056,1.23730549260526,2.19899324658779,1.12702376292408,-0.619676742046412,-1.78748196025564,0.370313856975051,0.750250946376787,-0.346071659099724,1.51693519170817,0.203273322151557,0.712136419903415,-1.47179930693861,1.18744714161641,2.62290646358592,-1.30007295328015,-0.148182305442791,-0.436396612154021,1.50954448867234,-0.573935556366457,-0.273861794380735,1.81407814128741,1.7081129555484,0.0325962485123459,1.07507275077566,-0.734145946300263,-0.315126844563855,1.78911192541117
-1.21307943731545,3.11785119872654,-0.949607896913716,2.24826421270219,1.95025459311066,0.418987733863837,-0.502307401829767,1.86179412319432,0.348862392449543,1.20647370751452,-0.197739531129223,-0.00552444203051813,-0.412907142653041,0.149794647568096,-1.24466488690027,0.96821557104434,-0.820705981628019,-0.512763272548193,-0.815406434752291,-0.946410922543807,0.0626060052504578,0.583897148812819,1.0592157807657,0.523536232698072,-0.542725096008315,-0.622415546481945,0.484892713763235,2.90857482165228,-0.480251709294569,-2.42902924668857,-0.440650611127561,-1.94578670892459,-2.38459610829165,1.01502136334675,-0.333411440019735,-0.105923896204664,-0.830794960052438,0.48277610712398,-1.03585998554485,0.396986837058382,-0.563330336956429,1.0690377986854,0.110388613488379,-1.46297733166006,-3.77420815484735,0.462181620935262,-1.84243653281797,0.285463370936381,-0.977464137735113,-0.811757068302773
-0.270097515103631,-1.74241671516284,-0.379314017618112,-1.27977581513234,-1.00706120884096,1.34133077976805,-0.678045356739146,-0.622785548083165,-1.68461372613148,0.680654727763377,-0.839754112762968,1.20073464823375,0.95820005131364,-1.12780938225164,-0.538178728948122,-1.03584053772366,0.139112034729788,3.54356110317386,-0.0538940054130896,1.04090427669022,-1.98022981691467,0.342777069025068,-2.33595565589478,-8.43458483408277e-05,0.168378799523165,-1.1512657195078,-1.31036077591109,-0.473694624894432,0.812265537419324,-2.43504184571092,4.34111243865769,1.3048174013021,-0.17951696657024,0.0507542627516993,-1.86977859882496,1.11266673232083,-0.901187211341361,0.403323813154598,0.00114655206851982,0.273686436848576,-1.14778629613027,0.949125396415115,-1.82273254125491,1.77055653573554,2.07312685921809,-1.89231882875058,1.40060972136606,-0.717017612523197,0.219656159492889,-0.994508956847682
0.916540324845955,-2.7277328950339,-0.618081875042084,-0.227257261334248,-1.08134985972829,-2.0313126636861,0.371706024947632,-0.315862814677898,1.31527005209352,-1.35939577506691,0.600362322027963,-2.30216018011769,-0.0933906719000908,1.14937676910616,-1.32651556909925,1.3783757058049,1.07943746728314,0.756210118990383,-0.387720196879528,-0.506981464235345,-1.51687822559948,-0.33712427528898,-1.82838046135899,-0.0847467221146108,1.92744554367404,-0.0504373686700541,-1.14807174219332,-3.05946853179395,1.01341260744417,0.733962386911111,2.56134122776421,2.25548289585689,0.463473327584416,2.40694638960805,-1.97136422794911,0.56829582064713,2.21399001214155,-0.849817158703084,0.71369397340019,0.774741493130657,-0.0455295224506778,1.04460369059707,0.65841354658007,1.31754635730158,2.95846425527377,-1.77915963012262,1.94858841266931,-1.37234999211192,1.02442793695465,4.46192884463367
0.520146018971141,-1.45622531097458,0.598208944559189,-0.0510117474839426,-2.39131409427338,0.566065795891563,1.88125150648476,1.60182954064212,-1.44877720870151,-0.131674780889038,0.796305392389026,1.06067266972321,2.44332798818191,-0.268893990192337,-0.921496540823871,-2.46926552251037,1.30768764875158,0.1359492370927,-0.799799910547084,1.29940183816763,0.824158906228087,2.05544342512351,-2.30506238408271,-1.55169624746963,-0.519278179125658,-1.79959792748177,-2.31682405192121,-1.22715608669135,1.38476682401567,0.0823503726430763,2.29800872568239,2.49544784810407,-0.852593287973588,1.16159792251113,-1.46595603651385,-0.856275599626534,1.29521921493232,-1.06169297954839,0.210642578000288,0.111370925303745,0.264847095163396,-0.644274471975284,-0.296392794414012,1.44932091600674,1.54189792119064,-0.470688529331892,0.923941865276789,-2.73203572159321,1.58498489330768,1.0485788140781
0.208751202930238,-0.529226960518394,1.02217801774683,-0.295097101413528,-3.39797788977706,0.544656269479979,0.897575470652323,0.601948769968722,-1.72151770967135,-0.874547864399606,0.800698522885122,-1.38123561946253,2.39458388666826,-3.36813219489404,-0.70906666797957,-0.188987487695879,2.15344412637563,0.695554499608827,0.536131599000771,-1.36961286798647,0.268825547088473,-0.205607921632733,-1.64535505768208,1.62278122594234,2.32240376016899,-2.70943191368959,-0.755786064845128,-0.275334302923928,0.835458677439283,-0.211230028030199,2.27493060768393,1.76343540002881,0.0678176424557911,0.86529031542906,-0.368526555754335,-1.41444289435863,-0.373656478000711,1.19368385666521,0.769494896408743,0.244412944328382,-0.602712247098749,-0.266022523859079,-1.16366455641116,1.53148407378167,1.49614949466923,-2.24298988567559,2.55988316860686,-0.927553454389272,-0.111841882533332,0.650495290613655
-1.6882873289042,-0.634969899461185,-0.421836168352074,-0.273938995082614,-0.835414690145944,-0.694936611422995,-0.713090090462376,-0.374470611278165,2.1355112341189,3.59873669540366,1.87610414217493,0.940519083305739,-1.25673628229266,-0.209016396242577,-0.673244033948486,2.21634999496352,-0.00703236101649698,-0.108388066582702,-2.67095694430938,0.200193070975323,-2.02307693958494,0.712642596497194,1.11088631413502,-0.447959500545585,0.0710035525174841,-0.785097024426782,-1.03292483260565,-0.615451615394397,0.249681897789671,0.715847451264778,-0.828389222214735,1.78008565002335,0.99425859685339,0.775454557686005,-1.83104501222179,-1.59200216183645,0.826821083881636,-1.36994548466079,-1.28270800264842,1.86063451965684,-0.397847049273841,-0.0757214527846385,2.35541058761232,-1.34570377319027,0.252337984278731,0.862064965304549,-0.12822980677336,0.501111359159693,0.793672077023999,2.62741640060721
0.84345785045869,0.303408178320909,0.20361327386161,-3.68369701535126,1.1225195289394,-0.65523875390974,1.94603428522098,0.702306457729868,0.311188804834574,-1.94640733474577,2.30889850697462,-0.301304280063379,-0.939057362936428,1.38914405460369,1.65214338418492,-2.91521360366622,0.0240497458458605,-0.775130470173065,0.951155588024548,2.62590788416199,3.39135985329201,-2.29148222369711,0.932756023480362,-0.320943199778999,-3.05015301847068,1.19356983456121,-0.62241324603045,-0.00740033401175,-1.78540854908832,0.53143122754227,-0.281329961280201,-0.984668372183696,1.23956601225017,-1.18129646620861,1.63624512349627,0.140300049598637,-3.27430282758323,0.332046771389091,1.13882991212202,0.268357137270874,0.148331622709511,1.14558776193389,-3.14675693257183,2.54209478021697,-1.61666915605176,0.356898228079347,-0.296094510218526,1.41501386302607,1.41195799593776,-3.41299254715452
1.5436921320254,2.39508326234403,0.56370723770059,0.593704563497699,0.518640944541399,-1.18426651521132,-0.899886680545391,0.757821676897818,-1.26105813233189,-0.873892015062548,-0.76571092226849,-1.53384337961038,0.014602388804653,0.724794118214377,-0.722847531880223,0.00517396801359978,0.814893646911399,-2.2505740523742,-1.84728817322968,0.430503041883568,0.714716151939932,1.74083301014881,3.30992248338032,-0.185683002055704,-2.76926720755315,-0.445652226525492,1.55521702375726,2.16178269497657,-0.83762305487914,-0.125113435380038,-0.1307479237599,-2.64450384023484,-1.91190580124756,-2.18647703227353,-1.41571794909596,1.82333322001212,-0.414826184471767,0.370700812540358,-0.296135050025393,2.34244967744823,-1.38973508947708,-0.867264405074907,0.636862512686439,-0.904599439805555,-2.77306019915816,0.266769260388703,-1.18397866259832,1.41316338201185,-1.32393863510703,0.715110985582745
-1.87180357638965,-0.280885375884649,0.341758788123028,1.06230346509854,0.674771116331738,-0.127215976381261,1.62512148430701,-2.00007604675595,3.21574566532885,1.01336966888934,-2.21718368126341,-0.878892239469129,-1.87492924393321,1.44995831761038,-1.87046519750039,1.97639316745962,1.25988202258355,-2.33032386909522,0.597733077254203,0.919439568559143,-0.0252339330019954,2.23442621267246,0.0100527891109339,-0.883946836845593,2.55166123011281,-0.160167148421376,-0.315279676359149,-1.22233998159013,0.861693279324879,1.86788863998376,-1.04134227699043,1.36757121994393,-1.25354134895419,-0.132709884407006,-2.34222083503692,-1.72512108915347,1.16661146807469,-3.37288778843812,-0.567553261641095,-0.0307817401083177,-1.70423688117954,-0.802596635817223,-0.252933384052967,-0.485010240179348,0.531371960031385,0.00306269202442731,1.53741805006957,0.00564783140303525,0.508153993612993,0.468639541199239
-0.322083800332166,-0.586613288290427,-1.07380570992192,-2.52171472138716,0.545673370522841,1.49098758021402,2.53008700060596,1.54133792826369,-0.624610672713189,-0.180868120309062,3.32470183084841,-0.465224662896938,-0.595568181357574,-0.072927048346307,2.51185953355976,-0.794132438948155,-1.27941773107954,-0.264075036682093,1.81052472765538,1.89463969466551,1.61945998580835,-1.95365262203515,-0.789102779361308,1.15761650881523,-1.69907193484286,0.103416565766915,1.12174938373218,-0.522805305003738,-1.72713255670652,0.554909953859939,-2.7800052632657,-3.95383139662927,0.971487169021099,0.205883338426018,3.21596822023268,-0.744814463849928,-2.18134273010633,0.0875971237240338,0.69833038864418,-0.590716796014697,-1.11854542780194,0.289787752425684,-4.34182581258571,1.03305646159811,1.00296993233198,0.363252051790441,-2.10605505125464,0.744896499683569,2.01060738969997,-2.14966787991574
-0.54159808882142,0.54134094224883,-0.398427755909344,-0.175176064988104,-0.555974257565391,-0.320399318134183,0.875841419665084,-0.731043964999553,2.09485594348751,1.45732353194418,-2.17926973635005,0.834367122477434,-0.568616106425876,-0.95793136639482,1.60899683326455,0.659763730145819,0.349742283944486,1.72779194638771,-0.602025348805188,-0.568756530816558,1.18386605769585,-0.478445494709898,-2.90778205057763,-1.57157449505804,-0.431394928194134,0.1915605360594,1.33494609304507,1.87831626927222,2.78826066006383,0.528580536014246,0.645255821396858,-2.75272457891852,0.179307964201533,0.134189620304383,0.885099127427943,0.935261436281235,-1.07805215226086,1.3290608706766,0.888329225205977,-1.52382676889884,0.0286686684972425,-0.785097051634953,-2.16820318712917,-1.97814581477823,0.194039590719931,-1.06295655650535,1.06595889035366,-0.795159911224371,-2.97324410631678,-0.353652080909493
-0.811114399133126,0.747001868939193,1.61755325312183,-0.084782645888678,0.229175967974351,-4.60626229828346,0.0194846157013954,-0.722303666479114,-1.4281963774434,0.209021241506611,-2.62410052894538,-0.302951303997043,2.34987734744576,-2.59459161398975,1.42664639996416,1.65927046066211,1.64339906128218,0.961671073871686,0.226422156338147,-0.628932325599221,0.638242717311778,-1.82808551172004,0.00317890465801898,-2.59103168573624,1.72524249287916,3.06911384057089,1.20117734741224,1.58518444121473,1.69131845057216,0.0314495106513365,2.40811026270188,-0.985560842092065,-0.717138921483434,-1.27711550368988,1.93847942369053,0.486769345548496,-0.794977799465978,1.93308038476028,-0.904595632945068,-2.18424933840917,0.399765852702422,-0.391269479481977,0.303875295500251,-0.946962656324473,-2.6232741333663,-2.59671372821919,1.52645288332585,-0.292760085437841,-2.07125436937576,-0.736064808749768
-0.666906836739415,3.14546842055871,0.254358323787926,1.93994495862847,1.26107877925072,-3.36235808129613,-1.29634050131693,0.844776072235,-1.50832907149369,0.798667416946185,0.34966833895524,0.60415478110894,1.78832045049782,-0.181578400280357,0.793297425610245,1.28747828075379,-1.57539039601695,-0.439109478145567,-0.0784968634146349,1.24385374750868,0.453913929221795,0.121025573400447,1.1298016769878,-0.256583732725182,-0.589234092037491,-1.24366125964883,1.6477531768896,0.934085257132659,1.41791369062131,-0.682228760919478,-0.119044226650407,-1.29437406407052,0.155199566029223,-0.528941531059296,1.54328072554227,-0.36850317193672,-1.80111306739267,1.22964849045436,1.43049521517891,1.20822295805571,0.175960075178844,-0.20542418807323,0.142656576168588,-0.104667913327458,-0.48371041588235,-0.213247487538315,0.309959556765458,-1.21574349780534,-2.54580563888375,-1.01989241334398
1.27441655536793,2.56241828537339,-0.752930722827098,2.08834323522619,-0.23723310792,0.298145491875315,-1.62234347770172,-0.28901355100085,1.15771364642228,1.87289708380224,-0.609318970926715,0.654523314240639,0.0529217560890489,0.00920077390174928,-0.470312325579359,0.824582605487941,-0.217269170269061,-2.6972291564008,0.388541253304347,-1.02968068768139,0.807686003146748,3.40973727576926,1.19852518851428,-1.42992133007721,-0.449914136853701,-2.12199564357954,1.44325411683823,-0.653361976087649,-2.13573911532277,-0.530927584430048,-1.340321832222,0.318155822995783,0.179578253024333,0.592015425717804,-0.713427162817873,-1.273081351437,0.335907260137215,-0.319482457787976,0.173175490060531,0.896945472138891,-1.86161814847342,-0.955846675236009,1.37473303871107,-1.64080522762926,0.459766927776829,-0.367416395196633,0.565832480453551,1.63049674881006,1.06363434320792,0.997640431091877
-1.74940482893405,1.52205514604547,-0.372479009567489,2.28412168443086,0.530905201765636,-2.48868725563538,-2.42416916376364,-0.185345948500348,-0.0592643649030778,-2.17115082596639,0.327487397782885,1.23216358202155,1.98581153429014,-1.41327014300515,-0.0258641457556465,1.91415168940566,0.393233567415806,0.188035729738844,-0.325019002412635,0.897489266669955,0.111494314745357,0.0430664457863783,3.09564323838952,-0.0295898171128187,-1.55631888648481,-0.249475696983664,0.0369841330749329,1.90122457324626,1.62333058618871,1.45746559650842,-1.19771598461298,-1.30546073754423,-2.88367761222289,-1.24268799645971,-0.505944289149404,-1.0256511156693,-0.190087976285225,0.507483688040711,-1.09173980071489,0.652146670337387,-1.05164288673406,-0.0915755957208866,2.35726493736497,1.06240397381863,-0.422673148351844,0.740538719225171,0.0112513862985317,-0.319320634474323,2.64924171576923,0.412758122235392
-0.637485344665983,-0.235312436724745,0.747718742657394,-0.19574192064737,-1.06401797270694,-0.298940819586658,0.791472298941741,-1.74235230668503,1.12118725163216,0.97947122658061,-0.631065376131403,0.185953114186468,-0.121049059497455,-0.308535581991265,-0.286960150572713,-0.106453670849737,0.0118207560210567,-1.89099226462341,-2.08024963471926,0.418660396420636,-0.444526217716388,1.12259581903647,-2.08062650064719,-0.766125107094578,0.082433284675016,2.28063533072701,-0.129444298932394,-1.21282648313833,-1.25167952316548,1.89395954548843,-0.182142204221985,1.68470043339062,0.0206184411940467,2.14799592083288,-1.5059196724432,-2.05733550963578,1.5258009637639,-2.42912581996448,-0.505863521140127,0.605959442707506,1.34592104637861,-0.910394247567528,0.358744904975854,-0.322486692947115,-1.08341303318447,-0.0957599255420948,0.196007008467347,0.0909037378095168,-0.383145338046531,1.81944599833946
-1.22160953582626,-0.210467393452976,-0.942082171139148,0.779487952733732,-2.2452820024866,-0.408298136791007,-0.226861533943945,-0.928101040193849,0.975382003295342,-0.167151522441022,1.25714113596969,0.494379925860559,-0.558478140120823,-1.11313681486308,-0.469674419029849,-1.23033060324073,1.94634026498286,1.07729802508066,0.170186481706037,0.13661292612305,-2.2183320992069,0.656109256578775,-1.42752228181854,-1.16207632060465,-0.442529536827071,0.780856851986421,-1.38381894922658,-0.493606447806593,1.22757463446369,1.01930239084145,0.302420333711464,1.20417200431173,0.08918568860636,1.70723481926126,0.311940800118085,-0.728876228519033,1.27405606890447,-1.76442319119137,-0.856509733905611,-0.816009152973446,-0.105599734095715,-0.66103178259209,-0.843144466153397,3.3228703218575,1.2420039780804,-0.189311715955249,2.29829505754422,-1.33349021745138,-0.671946733702822,2.28376088107186
0.866963530285635,0.379273731042746,1.66330052389256,-2.08246858852364,1.26020652899255,0.737054049145172,3.0251543975769,0.687535112667278,2.33827865037577,0.0120076011217889,-1.83918296867609,0.835440057518465,0.275145790010329,-1.72292955040467,1.36319344192036,-0.240315856332207,1.17628203214155,0.520514599796717,0.0749295610257444,-1.59821033910857,-1.08113595710074,0.700566485339516,-1.05301597749478,-0.914008998332969,-1.18993226215093,-1.10132567466269,0.462871229608363,1.22737867356483,1.64658220197617,0.873418955815041,1.13700152700723,-1.35566732776582,2.20601634722925,-2.16408403494427,0.646230873020077,-1.54407721509061,-0.201357984201295,2.26869103400907,1.11662636253753,1.70056258848017,2.29793596590976,-1.01154751212945,-2.37050477440683,-0.558506878056947,0.092588792463829,1.29125239494736,1.47288397155526,-0.372716819539912,-1.2283953521362,-0.338006733095691
0.733820902302089,2.49885419360561,-0.973348365554597,3.66334379178173,-0.0668762110970846,-0.00451989604414663,-1.42422124176874,1.12130702516734,-1.81695822191135,1.0141567716845,-1.17649788576034,0.150774702230347,0.599197846004277,0.66295703297745,1.23882019456569,0.355008705058837,-0.0135049488939758,-1.83652799136776,-1.14774632373984,-2.15761276550589,-1.5399362769256,-0.389975520349548,1.44907680083359,-0.202394840357759,-2.79751795153626,-1.24879068373565,-0.353712180281522,-0.455913214611022,1.27513046339062,-0.390678537796978,-0.812765400507423,-0.203974198670234,-1.7486734339978,-0.287556191735652,0.232985143593472,0.0696837145249963,-0.688595608932001,1.87495792663555,-0.627352107265398,-1.22682580431688,1.72849208287983,-0.104841987419884,1.43037408036687,0.227723061484192,-1.0502950606548,0.556708690372547,-1.37486760023359,0.29871352463452,0.00400476512631258,-1.37517488463661
0.369481037482963,-1.13521082139039,0.180365402333541,-0.930257811637235,-2.13901386274903,0.747425710541524,1.45975491585122,1.30719856711653,-0.079539991009745,-2.07072891701581,-0.770208812235233,-0.828974994099408,0.165778245622936,-2.39021389251417,-1.72227085301247,-1.64035864347762,0.595090938451044,1.82959306922666,-0.154891660400283,1.14106624756291,-1.35803726338824,-0.851707191316027,-1.899818890078,-1.85320618872721,1.23903711596718,-0.869788357930865,-1.29208047594945,-3.25248181490681,-0.489703624309075,1.71099938295007,2.09227533600549,2.54264134975223,-0.913735937114165,-0.157503456452458,-1.92120258345957,-1.00579352466676,2.5559614753546,-0.518130384061964,1.00931119311405,-0.271426146918617,0.161524446680319,0.14736338237886,-0.744568158889609,0.860001097877217,0.489926985143922,-1.21274660392057,1.19574808719123,-0.892783452101093,0.38505908822923,2.15745621177701
0.431771145541948,-0.218584779262285,0.306272233336374,-0.331404497645298,-0.116424412226701,0.384382821127407,1.35905573733324,2.84637449821812,0.701870091432148,-1.57085379902471,0.824567978812762,0.984814377801018,-0.273136752920852,-1.78633947800524,0.0831892766953341,-0.0853546785578793,1.08000251862022,2.36602011740013,-2.42459449093247,-0.721942617662979,-1.68963022920906,-0.564818710634843,-1.84871875125966,-0.835571757446183,0.00599152677937537,-1.21261309535045,0.149755175721403,-1.0452712716048,-0.375128202277292,1.8717458542159,2.6757441066642,2.45898055938408,-1.16123837979534,2.06496414708959,0.40779022233691,-1.00151798292725,2.63720487544154,-0.144889827345552,0.468472403140774,-0.257194590175939,0.316367322929396,1.37766893676552,-2.53761624928114,0.410726411553329,1.85538944955706,-2.0875844501717,1.21015977920339,0.248839497626045,1.1550818767207,0.755563124612347
-0.847532351674679,-1.02631391366883,0.000140317016726487,0.905657704084855,0.796850686777749,-2.08722112985884,-1.03818317596036,-0.194579540787542,-0.656858635155688,1.71626893539893,-1.066646472326,-0.0182825850914115,-2.2008522732035,0.447402752955231,3.0467380262662,1.06411238530945,2.00874987056349,1.5546007477661,-1.33712446008984,0.178095570566032,1.077095506496,-2.05701870843168,1.74707316476829,-0.642405960196429,0.669870896987275,1.64624277655491,-0.340513194892542,2.67623836140693,0.741851328805644,-2.8453721280014,-1.31587241877702,-1.27321666260618,0.792212207144,-0.704960371262833,0.0600859319960148,-0.751041664455396,-2.21059875603736,0.496983301501776,0.332243674582454,0.847353467147857,1.68538498627565,-2.0027270206291,0.815081319686751,-2.08299090884463,-0.41441979355563,0.0816343959213357,0.922624358864693,0.0932023524135089,-1.01402584417888,0.0764807885881825
-0.762804633944163,0.47972734982158,-0.1311614129954,-0.788637500832715,1.93576802248017,-0.460972892255466,1.02170427811465,0.564814781062206,-1.2604464040323,-0.00222485699315922,1.35871273161202,1.66278122520146,-0.527421764863012,1.85127400785993,1.88552817021629,0.806889880057362,-0.505171020958365,-1.16843939685929,2.24595171100701,1.43699731239654,0.832477601207158,-2.02428345979397,-0.0273211792970283,-0.652546827257815,-1.03531216898453,0.745464639477303,0.644699805132806,-0.935160107881194,-1.20241095160274,1.38682533443384,-1.53640455402554,-1.82515376678024,-0.0207362156990248,-2.74042950668682,2.72753903694013,0.65902799270631,-0.797125484752705,-0.0356546224963545,0.134396122178224,-1.57420783617332,0.30858818539276,1.41722446380736,-0.237703571400426,1.02001675705202,-0.274245796651303,0.16489412234857,-1.07976534942122,1.88850436026774,2.75110803802797,-0.0455504887248513
-1.84485338149799,-0.330412008963755,2.44616553306352,1.36633072650216,0.246187555688103,-3.0708877201408,1.38795156150473,0.654091435093218,1.32612054057055,1.27404031436453,-0.512253058880075,0.98682794552408,0.805835348764468,-0.427649650250484,-0.0121977953517093,-0.536363940766985,0.387726520307041,-0.4226021311962,-1.33123100398105,-1.94476028833468,0.825985911582851,-0.50513364536895,-1.65883691470996,-0.292683452169697,-1.82503288484829,0.958675586846598,0.108054965201843,1.64662312256965,-0.968196239198349,0.133739358492132,0.326134999029441,0.170990841128669,2.53070436854012,-2.43240689723285,0.187224393156978,-0.931574886574261,-2.19795909228503,0.963257967704332,0.458768510301696,0.701869660363996,2.49587537485115,-2.83222956560472,0.0184093297399291,0.295286603562201,0.00688940881285868,0.254468852999737,1.88835356688354,-1.35543173308713,-2.14044585312013,1.28971852560248
1.05488626155127,-1.03079324510582,-2.53559590963825,1.08887181170929,-1.19408100633994,-1.06511856011803,0.842999875142434,0.064784163064677,0.454185966402752,0.409540448209599,-0.839959400546773,-0.344255100614307,0.307780639256316,-1.07815948463016,-1.09747486268977,0.84515367419073,-0.0591399571485997,-0.880728200813742,1.05376597698115,-0.435706709025906,-1.30552450420189,0.495945847704341,-2.36762884124196,-0.443684780607221,0.924011864683161,-0.44606651917251,-1.33469017506439,-0.426460332298903,-0.922472016160013,0.638014321554934,-0.899899434265195,0.269335300371279,-0.276358689881029,-2.05703948338616,-0.563583993278998,-0.476158492512193,1.6262121054731,-3.52730032190344,0.543496444460252,0.736882473222297,-0.154274340832039,1.61696787981558,1.54548674905108,0.223198404913229,-0.0133882114059138,-1.26360132728618,2.07226832908034,-1.36354749027522,-1.16466258034924,0.791910480932765
-1.5466935989466,1.04636197443366,-0.159841525540937,0.284646832504087,-1.28307952259635,-0.108268513300409,-0.666049156705648,-1.67648778407094,2.15840237603526,3.99063344180729,-0.498180092724428,0.395586159353746,-0.144521701236306,1.97606067148086,-2.13117214596904,1.36920068586933,0.124056406693871,-1.59213081540605,-0.514599722521334,-2.2413977357757,-0.886907123334426,0.746454361833998,-0.0908010784546267,-2.04301841264073,0.27634906997937,0.339749776537615,0.761170024100923,-1.04629526345682,-1.62430812273045,0.583727820938331,-0.385211229395437,1.1949373066905,-0.735315529641659,1.8494760235466,-0.201818380534217,-0.129367730188349,0.785695393809091,0.87998952578192,-2.57414412966761,0.241739988676705,-0.49728177018972,-0.698468208957414,1.56048943020326,-0.669309361934851,0.998242433777354,0.246956461179893,-0.672972057293629,2.62424450983881,-0.748532527520237,1.86015259910484
-1.16879648833335,2.60536850936757,-1.48999160289815,2.87103754776328,-0.153665678683733,-1.08045710403968,-1.64784545174852,-0.210766497030499,0.50408391565524,-0.0503161418727451,-0.604709459993223,0.767511796503416,-0.550090833159101,-0.368109869229311,-0.701789641266409,0.827042347502094,-0.407816267544619,-3.11396088781599,-0.600262281639646,0.298290430019848,0.641136086858454,1.07579435803849,-0.894800697626198,-0.675162558938337,0.128474197891738,-0.940137402944194,0.539478413312205,1.76810521303996,-0.730812343884327,-1.48894541289953,-2.56291046629968,-0.0323581098739247,0.828260293359161,0.671468317777807,0.0485371267660547,-0.871310361610278,1.69366114143966,1.25908301205687,0.955066361149313,1.64957249347268,0.847796532020611,-0.659987987747903,1.98728832669018,-0.580113127383691,-3.04962755404811,2.25757987568901,0.496556018541849,-0.912635196651168,-0.716020318463791,-0.238418338752651
1.12391162342368,-1.8444867009684,-0.541045231879506,-1.39608923342668,-1.0391574793895,-0.086344972964491,-0.475947076549203,-0.476522065234402,0.691423410746405,0.0617226152989188,-0.917231192770774,1.01858999766217,1.26393519345571,0.260557188798019,-0.826655827275083,1.52092917054193,1.95927689919163,1.11206565855158,0.301962528148436,0.752139641039666,-1.27016387022243,0.23520288473104,-1.01618011968862,0.428064503324704,1.6328591438203,1.58387648366424,-2.60689762480317,-2.77785420771057,0.390393095162006,1.49116163091519,-0.207031010863922,2.66855904081552,0.484914083764725,2.19337912123111,0.174192507239419,-0.613464851838669,0.465354364991879,-1.35776812686322,0.528869929013315,-0.206661437364732,-0.535141522525499,-1.16493413714239,0.0701171143945634,-0.955407173224103,1.44726153971048,-0.669011343685202,2.25208677374657,-1.05756078983675,1.00674628669149,2.02913209790594
-0.878921904271121,-1.54545065196632,-0.0233498494036705,-0.129157987082038,-1.09598423555503,-0.515462285612413,0.503452575491239,0.0651667352694753,0.37349259900619,1.25540080691682,3.841295306203,-0.374562103830633,-0.794492394312097,0.719029640766925,0.924720558259593,0.776655802431737,1.16413162066659,1.46543585587618,1.35005664675124,-0.959637146153571,-1.80791297068757,-0.983039486069906,-0.417442440497982,0.239214327955227,1.68202758735142,-1.22400743995575,-1.53505045153612,-2.218285084021,-0.112350478112619,0.618594289254338,1.3026737452922,1.45035621051999,-0.806033155744545,2.21121648870585,-1.41527818907727,-0.397807585640278,0.019101582925062,-2.36599442937249,0.946314649905185,0.939403214328479,-1.12627039158174,-0.740309932588787,0.43354093286369,0.870400905658587,1.03420374049888,0.43516542828066,2.27948692670362,-0.677589178842248,1.17859540246664,0.85780739249343
1.95306764587071,-0.817347158612783,1.09295365821933,-1.71991104309747,-1.14262986198933,-0.0893155832375962,1.63497821017726,0.613309804866701,-2.49927563857113,-0.867817864580863,0.103331354005348,-0.153946062272415,0.478583919311846,-0.483841170739902,0.466785965444461,-1.22266039395967,0.0903266304171803,0.855062175479793,-0.815800410306042,0.408013014165983,-0.256989294670495,0.237282053458092,-1.06851365874851,-0.368359259833144,-0.924241417382294,-0.252325174759049,-0.762557962998078,-0.943563302045309,1.07362496465251,-0.631741745578455,1.33924894259183,0.966078304507717,0.603817001048214,0.0288768027085337,-2.50382782264795,-0.252823558126423,-0.344202910774329,0.115928671171445,0.256017633625143,-0.87847278181083,0.00476640575931309,1.26237764487083,-0.86927220439819,1.48012548857751,2.91737109820522,1.64587733987877,-0.481057220505291,0.690790484350033,-0.451036646991043,-1.67142196812779
-0.010645527585242,0.625521891241048,-0.160002657821316,2.41255664989888,0.448687380400705,-2.01873484276703,0.0840950493311187,-0.0583769868013714,0.0172202736085396,0.00610955538180961,-1.23176472163488,-0.673687594064822,0.020470859282947,-0.46888991498683,1.50716275177073,0.52910824847522,-3.36748602907033,-0.776457886202716,-0.916997198415495,-2.02738603110906,0.316021300776843,-0.192062515958092,0.124276084696606,-0.729130863251811,0.255500843147256,-0.938438783735116,-1.0969985171965,0.457485802487484,-0.437171736943218,0.0942146746656712,-0.999839806042805,-2.62895128922782,0.52308959189072,-0.522079919961614,1.49845041851526,1.27211073496293,1.68151636445362,1.58421844288701,0.0648303931330443,0.663565882354038,1.26382886420782,-1.62773271002815,1.1114384502929,-0.107120365536315,-1.56030931660993,-0.980303244340973,0.316838014220726,-0.594116844206857,-0.456394566771101,-0.701052821466802
0.998908068144345,-1.44858442377517,0.526788483148329,-0.271595766229395,0.229829143891793,-0.526460629639224,1.77363769197498,0.485026435899386,0.51431130951479,-0.170600241982788,-3.76900625889905,0.444388629475977,0.182802515189408,-0.908993412979465,-0.513288424539826,1.11317997407906,1.44651499985597,-1.54005759818974,-1.88658227155236,0.1486137237557,-1.59328192279638,0.635399299191397,0.00352192629298861,-2.45024324836588,-2.06370925690221,-0.687865119818479,-2.0317761677022,1.3285973594949,0.209808608206823,0.179183298795252,1.45454275339215,-0.831440071434902,0.381968098533252,-2.47087792433592,0.0468176695645051,-1.55699832329098,0.0807822058924924,3.02747456804139,1.33048820058529,2.94914332633217,0.737160611021308,-2.04490037655889,-1.2212849953785,-0.487878255226433,0.589889368650465,-0.414802227599844,-0.0827998277036702,-0.228538413858755,0.316576974504469,-0.0117734404536129
-0.13323568256694,-0.540414626266551,-0.448159220599376,-0.302845792700831,-0.131416104243146,0.821190967088663,-2.52804929895639,-1.06069028496289,2.69275593139098,2.89884162114828,0.642420907434268,1.54752806004303,-1.25897751890416,-1.03761879938791,-2.23906116998127,0.625543435001214,0.835796095440215,-1.42398844601195,-0.993045103089661,-1.77098823031033,0.161618704937694,1.99587473939272,1.36402596969572,-1.05850541499084,0.726859733271369,-1.37716492013979,-0.423696623680948,-2.00424378171393,-0.220746733172702,0.549623881664132,-1.74873934270179,1.30457234615275,-1.00754223149286,1.65863986614192,-0.61571047504734,0.940758131128391,-0.520534183086581,-2.19676627605283,-1.28778833572227,0.147627320788079,0.296712254659286,1.46628562782624,0.635262796946766,0.0676647222125265,0.454965354587848,-1.36073124968188,2.60943192391545,0.104513046940059,0.474442544468168,1.02658477175495
0.21784364274121,-0.0773196048827895,1.67992800416423,1.11506205039555,0.284017889366309,0.0340092838265583,-0.494096153127148,-0.0706662320295054,0.494171535734627,-0.184929994326323,-1.45085997186522,-1.23732805195868,0.729108797509872,-2.16874765432201,0.577445593870383,0.421880057588208,-2.13328141978973,1.60767353509085,2.64613020012324,-1.31262067201725,0.463569768595587,-1.3653478731548,-0.884668379409091,0.497565990991161,-0.00898541326609323,2.81643245719404,2.17362767647173,0.687495148636208,2.70895274486178,-1.90727021052922,2.61510429745772,-0.835584438317725,0.615618880115403,-1.20480431480971,1.13993653724024,1.99360703244008,-0.619329573575059,1.03341028727301,-0.365533198031798,0.735397464618027,-0.141534285465019,-1.25753841953679,-0.4529158639608,-2.0244365325902,-1.17535695991944,0.035356866477534,0.680911415299883,1.24043071957489,-1.55683601862324,-2.08353003941257
0.285493655447897,-2.42349306714822,-0.176456655848592,-1.55488723382901,-1.24081607539523,-0.147375614063784,-0.166440397419839,0.893584797613517,-2.63346099055963,-0.19277155230041,-0.522668379042617,-2.14469933038107,1.77049223713741,-0.243808720275249,-0.367856784367963,-0.382585692765578,-2.23608827161958,3.05461537290656,0.420724111486622,-0.920275306405619,-0.676219735060676,0.022951536192417,-1.45239155137232,-0.976233355402546,2.12372858223242,-0.551446794278495,-1.92362298923154,-1.07043802369375,0.362778261638251,0.477179195218005,2.8448951557075,3.04892988203532,-0.12520961744122,-1.53606665626044,-1.29004694612893,1.57360167390097,0.509944567242739,1.42316576520059,0.280504797390873,-1.15734335053054,1.15210220675532,0.897292806508411,-0.0335370733877036,0.765806592534445,2.68480440455591,0.033880437086426,-0.143591768312782,-0.801543944923724,0.686685462694201,-0.348573885463602
-0.800609132065309,1.67551416057558,-0.360620351715756,0.20244475905148,1.57077863085741,-1.12676612246636,-0.706277087374888,-2.27578482766651,-0.405966433709081,-0.352613267305084,-0.375466201593636,0.714700449847154,-2.506805629589,2.1755060267916,-1.41233801665149,1.84378512182332,1.14134517201068,-0.620804298571501,1.02843834205138,-0.398130409867588,0.281756122465081,2.6360296459846,0.508184613832234,0.536849957122171,1.87365538339197,-1.38058171856092,1.03557834368138,-0.144355383223932,-0.958295883626122,1.69665320013918,-1.84005661906311,0.660270007522094,0.851408593558323,0.673497981870325,-0.276034711246777,-3.7379633345329,0.525031675555085,-2.26957888367246,-0.780021761289144,2.85690494209554,0.180853180445279,-0.209686618696122,1.35752361156536,0.351364110501638,-0.528209969010751,2.9819405804596,0.604748908551127,0.52631942060373,0.184919890670245,1.16879084141117
0.800510855024073,-0.83607366069746,0.32415137736095,-0.428256784147121,-2.67741861887187,-1.05045027181684,0.646212285638546,-0.784670020289846,1.26082848812577,0.286970039560162,1.51190639598145,-2.62457589166016,0.449097916256568,-0.99187585101652,-1.18144218401585,3.19041029224461,0.466981208747476,1.34454848303341,-2.74439347211096,0.502619248431615,-0.738542044110511,-0.622381709138502,-1.9490535580812,-0.0676128357646543,-0.633673054797215,0.846392475246269,-0.286576647784112,-1.9177516526871,-1.14546671246055,-0.298267605004495,1.55601987106434,1.94368576741244,1.32043930422784,0.897116909742264,-2.52912115105856,0.207959680460704,0.616596235739289,-1.74226731210646,-0.070009960794755,-1.77820633871963,1.03584247460642,1.31568833864544,-1.46712550158175,-0.291742137893872,0.562721402459262,-1.93152263359546,1.90081477681625,0.0880110760400457,2.32367429887454,2.58008832579608
0.236988046583041,0.596988359276836,-1.41510250842213,-1.36306262371937,-2.01792370444885,-0.202825653273606,1.14985020300478,1.45166089368775,-0.990158735163476,-1.38279402200389,0.552049855718651,-2.00569183005806,1.25869412824176,0.999809852413507,-0.35364705207568,1.79652310650964,0.99401284057997,3.15628154679992,0.61208490357956,1.93733976062046,-1.10721012028693,0.715812967949745,-0.738385832821154,1.27064038271269,1.22092994965132,0.235989404742674,-0.690683969317517,-1.7186963429813,-2.27961468266025,1.60778542665095,3.44997134073698,3.52033201271662,0.70364887512273,0.500836143850784,-1.52452414748858,0.0234364037761337,2.67784369455431,-0.784822680129018,0.137562601278009,-0.432575887351055,-0.697955968623828,1.0079643413305,-1.69621951392892,1.26558895813159,2.43598624864278,-2.19612238022906,0.198767441007177,-1.49147185771694,-1.0688544116933,0.934550372227005
-1.29419262266565,-1.83816464043912,1.87664880629872,-1.0539051865713,-2.81330040946344,1.45179118271476,0.529698332597106,2.64068494924083,-1.57539638494396,0.487638586004866,1.83036571269583,-1.8645335480843,2.501439361073,-1.70363780028233,-0.942069623372549,-0.704380531857766,-0.319466683517524,0.896712732999578,0.379237988462822,-2.06836797860368,0.155257801892914,-0.599215953158483,0.113258631165924,0.905844011733524,1.97454635851164,0.416102660064487,-2.19026171374658,-2.43866037935478,-1.41573687705378,0.983986351788961,1.58764241142016,2.81756033455594,0.403653647036772,1.62006151353609,-2.58583471577495,0.500800261129586,1.68629764491848,0.412057799407298,1.06958468877025,1.01076557164604,0.312632065757394,0.798182486457894,-2.23742592237917,-0.151446470670952,1.09998379689346,-0.39570311774248,0.654957054622619,-0.939143213781082,1.96310091956004,-1.43206663335035
0.967727206452795,0.099687575844939,-2.61144431318356,-2.44998827076553,2.50964742652616,1.76160194925389,2.51509592338762,-1.02748062374074,2.58125981025422,-0.548981878473091,3.35561209542221,0.214168369461392,-1.93157575168311,1.22916970265145,2.45503477769985,0.321318613802126,-0.715379171651928,0.724507918566586,0.908984768841092,3.32158168233412,0.941836246403287,-1.22837463605551,-0.635498069602658,-2.18327301875493,-0.126717497775656,0.986335105000568,1.70040816398732,-0.594474120705624,-2.02089403349934,2.0472053648648,-2.49558118075834,-2.78294752417228,0.468555584955419,-1.31730770916775,1.87402698202647,0.458016821100867,-3.95763891218681,-0.1736454926734,1.52361605332986,0.688800234111624,-1.15705607628544,0.529365476211708,-0.965426984265404,-0.59966566910159,-0.741895889772826,2.44375265560161,-1.14885563221721,0.74097181205002,2.59365044250854,-1.04678346272638
1.36008068217864,-1.48706713670826,-1.97108369803574,0.975074039638186,-0.673868390783132,-0.773339402632189,0.171136226619376,-0.132944756820448,3.18150604600722,0.0827235839790745,0.21352586560603,0.489832127113057,-2.18734231423409,-0.693434091779983,-2.61200033630244,0.6262325992964,-0.239181849635531,-3.85261427526978,-0.165938075173123,-0.580399307883045,0.0315895735418137,3.96598791484582,1.06105684491507,-0.202343889798441,1.86027281969804,0.723546640771773,-2.26179598950068,-0.368710585879095,0.902655846507354,0.663162871851174,-0.706288163713691,0.782759604610387,1.22237372614824,1.49389221829145,-0.588018275282426,-3.91868348087569,3.07936366182934,-2.57662404752608,-1.48533191493918,0.84925634157111,-0.63259072710303,-0.74915922502238,-0.187445195506601,-0.920236900447223,0.991512286301515,0.034628719938407,0.238368633574376,1.42680558752689,0.437164847606997,2.16494478696251
-1.5052090444629,-1.58958000664232,-0.542153714488624,-0.520739659584779,-1.85302150540998,-1.59721647633243,-0.361410379125649,-0.791651858746923,3.03346640584863,2.11944349665798,-0.499805106384876,0.965399611203497,-0.403049672648889,0.226567790311541,-1.29259104078703,1.67763644459318,0.995823037959104,-1.0344004206808,-0.023425973288193,0.131125080416634,-2.26200536592144,0.276652430061133,-0.942704815699558,-0.563958574496489,0.805980740211115,-0.642586375179824,-0.7494483437994,-2.30902797441513,-0.715936792260469,-1.9506376227147,-1.08754063900302,2.65314492336191,1.23150848713557,0.538447783928452,-0.834315850683678,-2.84118451990166,0.706411658712541,-1.33736690038315,0.273085057336426,2.6648095529296,-0.592874702492961,0.417679824735528,1.80478081391145,-0.781766066199661,0.314460702529506,0.793172068044028,1.5335892244106,0.650227181394015,-1.5605868874855,0.417409410242662
0.501943482847348,2.33433319925919,-0.413488581389066,1.05406224496416,0.162487614615182,-1.56807696018716,1.53919737313612,-0.535267535086201,-1.95163570011927,-0.513932413635386,-0.296142535947071,0.733791960059442,1.44689998029678,-0.10553031452161,-0.130804473514563,-1.00723033640886,-0.90046461452016,0.984157760030853,1.13885396632391,0.437513259792062,1.33289134149333,-2.45099192185283,1.63740564887511,0.0120340854440194,-0.615236154527188,1.43023526300322,0.0992906931684862,0.238516793343391,1.04162639440544,-1.14827572485385,0.635348563469597,-1.97061488368513,-0.0819770255385498,-1.78030127579563,2.93250888697585,-0.0524968943496515,-1.09250056320963,0.898265952957724,-2.33736004995139,-0.258813423081108,-0.590532238109474,-0.023798581176423,-0.741560903217736,-0.609037575264299,-1.5217301441916,1.33167231484645,-1.37945023289514,0.312932720437428,-0.767176082114793,0.551945916070277
-0.269571725584915,2.98219930984833,0.57765457513803,4.52293161001466,1.24363912368255,-0.991157429605401,-3.08343474060697,0.155033084050792,0.834493862432035,-0.0478140575987457,2.26412931937858,0.182645097979011,-0.619792785363967,-0.080204355119095,-0.611526262094199,0.511277974800566,-1.47744977490231,-1.21297047328344,-3.30091143325934,-0.64035694359041,-0.984377443513447,-0.317756923611321,1.02766837212105,0.342637912151566,-0.3321456545067,0.067447038949287,1.13019960997011,1.72908161019134,-0.134664347273577,-2.33490654160253,-0.476528586504884,-0.0628864220963138,-0.891190002143091,-2.8416660812635,1.49745442757046,0.497056989128117,-0.422388648091551,0.852838104344157,-2.16854624837672,0.642582811940089,-2.38203455789042,0.174388280347073,2.13760805090113,-1.05071735773249,0.371249944303948,-0.230766999216099,-3.45189679351634,0.823896685322045,0.596225675114465,-0.331454068895751
1.29146036761501,-1.60460886720239,1.34162925187164,-1.69568179891554,-3.64026140505112,0.818410232039307,-0.797760758529109,0.930140966557879,-1.96805057378076,-0.744255555231551,0.257596897751433,-1.00951471249657,1.86733804237857,0.44735783115071,0.0866101848247273,-1.98462470038351,0.364490302512468,2.68999252885088,1.33762529075916,0.340232660212422,-0.12533768666656,-1.98484241155244,-1.68373372790383,-0.936599190388847,1.33547918167639,0.572058546770655,0.581129691148643,-0.570070486920233,-0.869742249028734,0.245999332878501,1.67719700775295,1.85600628728644,-1.01911893867651,-0.00175545034193431,-2.19487738639306,0.37953828172371,2.46838883256564,0.393741881776107,1.01423171075553,-1.51979309048838,0.784220842669994,-0.699748411832586,-0.415625717735847,2.86583287425672,2.35068042849675,-2.04859274169027,1.09272250682659,-1.37644350531608,0.180708247499597,-0.555630548208362
-1.51741873456417,1.76078802158295,-1.03119743197939,2.01676369490748,0.577292058729057,-1.51710082269556,-2.06357439921578,0.447555783396198,-0.417780277727883,0.376707384450586,-0.940730651157552,0.523748551967735,-0.740778671520006,0.536281430663921,-1.2980093635189,0.687286336554079,-0.608660333236299,0.509733766306294,-0.638825398823935,2.13284892211693,0.016207500761212,0.435567277348468,1.41606730109356,0.678885087053508,-0.502399845880911,-1.36732653118062,0.337645834889787,0.950796601209764,-1.2263463176847,-2.30307943033174,-1.3080723585979,-2.18525675374512,-2.08958250505761,0.610271133712485,2.17971122592595,0.303467022801497,0.515457329112238,2.07692981177535,-0.567831979467672,-0.163993383779049,0.775103519914526,0.679666824969501,1.78380697262398,-2.3050431110157,-1.73036640781202,3.2727323107972,-0.0947676754305047,0.650868811159851,-2.85316705942718,0.0362533715197233
0.196962172401802,0.973852928015403,-0.250527347988463,1.5399230669471,1.7190664865272,-0.762757072491628,1.03206335574132,1.11412675419024,1.15508078315401,-1.68460185875382,-0.528335533026541,-0.214931263336187,1.8089545742243,0.0237553008282775,0.0314911576287875,1.61228889067684,0.086733303070195,-0.401123208666274,-2.55413883867453,-0.702930351384554,-0.295157317942634,-0.144926121565893,-1.22142932189747,-1.47348646702898,-1.85977031640404,0.964078978990654,0.466631093710304,1.43694059718286,-0.303642646123561,0.533511410921494,-0.667834928481659,-1.19617380102295,2.09854888053482,-2.41785594580517,2.86191413693628,-2.1796939951237,-1.03465726069538,3.73296985018378,1.03544118460313,0.533152668072316,2.20258523158582,-2.59785972206125,-2.6893871325752,-1.0131827524116,-0.887126050041774,-0.696622595003357,1.35915630709842,0.813603996701429,0.605184484126245,-1.87845589558276
0.658688667520342,-1.67388973914916,1.7690681802815,-1.01019643565157,-1.75767824547367,-0.938756143977844,3.07128557531314,-1.79791440730831,-1.5468135251485,0.0873589351766572,-0.121307079208176,-0.0164738986621772,0.267659351615492,0.128556202473474,-1.65041806853474,-0.488418723891598,1.09533814866589,2.743140068983,-1.94610767632984,1.34309088290296,-0.972737298047349,0.598699028906577,-2.37629793937854,-0.440960314995529,0.577875609325074,0.0378961342010334,-1.64217271048025,-1.74360579507508,-1.43050895619324,-0.820384069500592,0.874084598324732,1.1069843243113,0.98144561990654,3.02475678657551,0.268205236998297,0.698109893800939,1.57616896280663,0.343615195065453,0.554465234702841,-1.05595951975867,0.814062942202313,1.04263403422036,-1.1699297933361,0.976321701583593,-0.0700136379049976,-1.73690242815555,0.0175895026738014,-2.31490648961892,1.54858696529779,1.31039241554751
1.49129704803477,3.25885098720251,0.15640998757794,-5.94346110399891,0.966296654557675,0.305382855484592,0.232763952618264,-1.20346420479418,1.29138060327812,0.928957044110265,-0.796288540189022,0.0108744492158616,0.455342877536434,2.38153185871699,1.99803208812783,0.844401202909059,-3.07111040853367,2.56815681047506,1.38110433093587,2.0628711851403,3.38599572996498,-2.34828894367215,-0.267661237162208,-2.2792409721207,-0.29834482524258,3.38817805789766,-0.234718298342012,1.54320456799876,-3.25267826071578,0.471911357353305,-1.84524114366061,-2.58786065955962,-2.56441810370827,-2.81322728838548,2.36905482156223,-0.470762894959223,1.4681659630091,-0.835124709248905,1.80638499047356,-2.3750628505683,0.345474598294282,-1.06649863406831,-1.21704092889164,-2.41486141680867,-0.230802278900598,-0.439154504375062,1.75867981703159,-1.24234229808771,2.77914818381215,-0.225673211578146
0.219637160631228,-2.28465604888653,-1.49088122978115,1.43631461723329,-0.329593539424404,0.688873646665251,-1.76848845886154,-1.30756642095295,1.25250730985976,-0.343415347110579,-0.293180531141431,0.538276974282726,-0.455965967311239,-0.179448027823906,-3.01396137204958,-0.598248636542597,2.08796170837188,-0.578689881354527,0.371906558595678,-0.382387180721825,-1.02511732476494,-0.151988340069416,-0.0275081890286321,-0.744633426806598,1.59568222592432,0.428092487459318,0.238120710942722,-1.47954920588423,1.17365522462197,1.15552532158203,-0.225420049430061,1.85873788520007,1.20521787683415,-0.474819354696271,-3.8292968036213,-0.540433316625271,0.446875870748807,-0.982979942933486,0.178247025812737,-0.415137030043953,0.11116287602477,-0.798763376555066,1.40654046783232,-0.278795771580557,2.1666366834988,-1.39441191922939,0.902282998292474,0.628996926816469,0.122952705149116,3.47492430389348
-0.49946885681585,2.14451229285483,1.40792533093856,2.53906155618167,0.0952853276112766,-0.210183388409883,-1.05766531174816,0.171094069645883,-0.755386383719035,0.417708333481512,-1.02242814817984,-0.270568584676619,1.01869995740919,0.206557122930391,3.63420749690474,1.28102893362053,0.835244775536389,0.423016486495657,-0.883513999024403,-2.13858942760924,-1.03838977402688,-0.532703213037833,1.35565340891806,0.831532254399294,0.0487016137084618,0.644752230287411,-0.0106195733195299,0.860816724668886,0.608350253003099,-0.666589649628087,-0.47691286853041,-1.84332228788053,1.40391336457702,-0.80333358462458,1.25793511652145,1.03339287067087,0.557386856116161,0.387649764702511,0.501335570945467,0.324455370531512,2.8723991302732,-1.42786482724394,0.00805980337335491,-0.815847935440831,-2.11681605647268,-1.9229766388722,-0.680827321787394,1.01339090628935,0.00181064709115301,0.287003381015975
0.57283338232365,3.17296367257577,-1.58862887609757,1.42503615578034,-0.532670535004128,1.76478355056014,0.424104377962056,0.94511385841925,0.673914550398249,-0.247799316931298,2.08647659241674,0.140259581661409,-2.033688640066,-0.217274199078648,0.067423074635164,0.994752248186255,-0.755058981436008,-1.09098153397341,0.0514169750802281,-1.11160364127451,1.87368947276775,1.06431849732051,1.94258793398591,0.755529042525545,1.51883550695585,-1.8113153800477,0.843541943444047,0.322415169127625,0.566660231579037,-1.68946111403584,-1.59495487788069,0.155521428710847,-1.3652172481928,-0.272993628273737,0.0307508408073956,1.52779101842534,0.803591918948678,-0.0653793691757083,-1.1954281272082,2.29899740404846,0.305288715552443,-0.583824638894878,1.13636535735539,-0.0481721079890261,-0.526014895886076,-0.294857767353439,-1.7750340046293,1.2922624706063,-2.23306868333005,-1.37569462086973
1.61018331427862,-0.551476686984458,-0.774949979896798,0.90358200584402,-2.34079553392666,-0.0955826702368987,1.72289734290582,1.16799664470957,-2.17183316774129,-0.453682311996834,1.16535529200072,-2.13767795355801,0.590068374923634,-1.49630274539907,0.292251560857304,-1.08682685006766,2.61034883688145,1.74353511927577,-0.90310238176478,-1.51409173152701,-0.392171698955943,1.28299801711782,-0.836640296207178,0.0180940178601032,0.805248921447723,1.74402986406724,-1.14245185019262,-2.60103782347938,1.86724050942696,1.44363451244241,1.61791604705209,1.67042065401075,0.612234118854188,1.75890785572888,-1.88987766484687,0.343712376211924,2.17087981335249,-0.306526105128894,0.890955280625866,1.16577431640894,2.02502356166689,-1.7792906491581,0.0174378224401565,-1.1825940437501,1.89011264938129,-0.531056655912169,0.803654842979731,-0.31604019454541,1.33614094609639,1.05790171380283
-1.62095980211868,1.50042544332246,1.2960593206805,2.0838722045614,1.58371377207736,-0.73280376763575,-1.75447097415494,0.330794233626611,-0.913223560344964,-0.10919583686795,-1.65146047022765,0.182059595494457,1.00547819347703,-0.633011807353204,2.26844209810576,0.11074024866721,-0.543582108894564,1.10237554817449,1.18722710885472,-1.56564261992541,0.718004711389255,0.335807288128435,1.92091829837485,-0.294737784145721,0.922443576278261,0.67917840294428,-0.593723579732762,2.25688035057256,1.70894811880451,-3.17420711256698,2.4666172998092,-1.63489300903281,0.607018439437912,-2.22257877831847,1.4808045614966,1.76714704251878,0.0717731007348781,-0.538472288470561,0.802551162304328,0.967362381656128,1.6418550351949,-0.316524596326238,1.1498590717886,0.302239140757394,-0.155143958333672,2.44814957088745,1.05244546948423,0.640194715052811,-2.14640110784772,0.706589748654688
-0.480466471801424,0.168408098753088,-0.745970227524905,-1.09846977425924,3.06758518467716,-1.13382565844887,2.21714385996655,0.518900450089006,-0.712662297957528,0.0735677522510835,-2.7633873453639,0.296814450623275,0.605644754436111,-1.12283543526651,-0.515672016697486,0.114899943481338,0.99444836859944,0.656085819567799,-1.81607111427697,-1.98820873684271,2.38220808267475,-0.785371074240317,-1.93475233881552,-1.67786255219358,-0.677144027785226,1.90521560111155,-0.373599812731953,0.23164887494639,0.202178111224223,1.3579471818383,1.94297632189324,-1.79600407998807,1.06628104598156,-1.64026034588302,0.526767201246869,0.674894739691566,0.824867919669095,1.09589125797389,0.382196525169831,1.29763036625476,1.33484751541175,-2.96161909874396,-1.53737499964176,0.496675143254732,0.0311202625804458,-0.758497508835121,0.573757687548986,2.64050902818042,-1.49800627086516,-1.13648636628533
-1.31609491223414,1.77067024318982,-0.656513932997914,2.02793067590195,2.24868627841082,-0.287556644191587,-1.24824101567012,1.34787506116586,-1.37570564811574,-0.113285966603654,-0.362864815431172,1.16468598593924,-0.293195297371779,1.68130216392992,0.631931233575403,-0.958558753517838,-2.84682470395438,-2.8722904034376,0.688624332838639,-0.655170169898223,0.673544642485946,-0.535888996963095,0.263350504430186,1.76712580807825,-0.587326555992137,0.438176859300993,2.24409447704106,0.577902148385275,0.570542739887929,-1.71329138057359,1.28855930238096,0.515646898854864,-0.925775868077274,-1.1468971379868,1.49011540194556,-0.111815761260341,-0.25641716733281,2.58383182418356,-0.814333949546335,0.994873345043572,-0.403779899163944,-1.17909968376068,1.65233921914596,0.310157371846665,-1.02549100489722,0.245575890202328,-2.35765614431547,-0.0725669237800575,-0.321462066962561,-0.475536224018797
-0.969432766601957,0.00463843393789629,1.59283337043331,-0.805137699718415,1.85146988877509,-0.922905664355262,0.824106799995527,0.156630630551615,1.26930380069699,2.50875436580328,-1.5894095342351,0.760997375245357,0.547687699032629,0.147022416802976,1.13662473749034,-1.82850693561068,1.29218435768652,0.178615488971663,-0.77530468485778,-2.85509871295533,1.59657262721483,-1.76149789331051,-1.46270216250057,1.93670750506393,-1.26430799872653,0.384427875011908,1.18614950968178,2.66262968835011,1.32151878293748,-1.25682390135577,0.586996504391603,-1.50690141896089,0.936762277243448,-1.8652035030883,3.76745454875993,-0.929751051584432,-0.678311031379182,-0.318552117338736,2.52737477182392,-1.79499873987591,1.04922730001653,-1.72498942873416,0.556680035953001,-1.77717626536754,-1.19161385399362,0.550288052725521,-0.149738095551197,0.972296285836464,-1.71641167000196,0.610854057158838
0.873893668764827,1.0679477575933,-1.67133933093818,0.666623311299102,-0.0623188812370894,-1.79036128694799,-0.638404354330539,-2.0663605511312,0.202432162912273,0.361221111620989,-0.617682693520802,0.837412973973369,-1.45303946159649,-0.122715549228337,-0.644890182760697,-0.30525369137845,-1.35015053908906,-0.709465350091673,-1.15610585235781,-1.82131013435509,0.879137362724488,2.08590003803088,0.698467134352985,0.964488783952993,1.43786161141961,-0.0106110226541917,0.682569921335818,-0.561624242978233,1.10243483105195,-1.51728049442137,-1.75841691025359,-2.11352672622826,-1.66683411778921,-0.919673227510617,0.919332488921849,-1.17535752220793,-0.203422391661007,2.10055281225096,-0.830557059467574,2.96317369435709,0.0200356423445678,1.09842384716652,0.598641264489189,-1.64885200924528,-0.645961378910988,2.18366103568133,-2.04370849100116,1.00029798162142,-1.32357004818526,-0.148806301464842
-0.331664974719507,-0.600988025611669,-0.356698165473223,1.74286559297607,-0.304275033527801,-1.13578845300584,-0.282712038074653,0.207075268324089,1.64804109082884,0.587211142528765,-0.105156846125247,-0.264000073074815,-1.08748886997305,2.45908094595868,0.426362925737925,-0.559279556879991,-0.173959207661911,-1.09618339448313,-0.543840356786207,0.81430990816003,0.326557037704079,-1.58948464349192,-0.0238101691980551,0.0373543503881593,-0.0292043134173963,0.000990610745032851,0.291609985518894,-2.20271901200976,0.774492515373841,2.169547054185,0.606908857278137,-0.108514864341346,0.797103712099138,1.70084791281344,-0.263048866376726,-2.48837718635915,2.29177661686749,-1.10335471467642,0.140293768683361,0.928678034331675,0.16931512382792,0.0373554749774286,1.20348553389552,-0.183699417326159,1.27290059594803,1.19440462619257,1.55595967575374,-0.254255276161307,1.52660347873736,1.59923300346707
0.243912163993491,-0.201850589008573,1.30102231046202,0.808155291570743,1.7249677850561,-0.518181364380177,1.46278374378768,1.27448478598984,3.54514801857052,0.738657633778985,-0.785711831204574,-0.443782647592269,0.432290997143577,-0.577945001530447,0.800307381801574,0.157311146147178,0.9208532845103,-0.115747933549449,-1.14210137450425,-2.20329155784021,0.394734402686345,-0.556090605786282,-1.70783157444696,0.183020614991646,-0.0932706119627699,0.329358138318821,1.64807363419334,1.48126080583255,0.983119550892676,2.338886270296,0.312491383598055,0.683704521197037,3.24120304384668,-2.65858103172824,-0.29939676586224,-0.451991662785668,-1.65530815422822,1.47200479726055,0.862487530088525,-1.24794488950999,-0.692825393341133,-2.92300655752546,-1.2423301228587,-0.31233257687503,-0.682199286877772,0.180799582478262,0.861896113576182,-0.0998020426959267,-3.01249077316423,-0.783242377427993
1.17951601572495,-0.905001959390933,0.868756346370736,-3.47379961033323,-1.5272767680181,1.86380037697635,0.995049600015194,1.1555180315519,-1.75467489062517,-0.919840903866693,-0.829109124199718,-1.08865298562717,1.66766895586027,-1.60147354446285,1.30559614117753,-1.4262544938792,-0.223095099950067,0.900919256391373,2.0941814270476,1.39369738044869,0.30228791726316,-0.371992960137806,0.0454197834715927,-1.17863884880835,-1.33410586018423,-1.60639470525495,-1.5640321003439,-0.28385936675693,2.42997190767838,-1.03577205284314,1.96392482717853,0.691478874100956,2.15538686623665,-0.613752305830887,-0.269011731844761,2.93902089149103,-1.85662168337697,0.286862570461195,2.82657410848929,-1.43133174669238,0.668570973494849,0.290251845817252,-1.53208440492028,0.376864742966082,2.35414859635268,-2.01234885890439,-0.109952963311769,1.76601265852238,2.03484279048168,-2.4312446319609
-0.250177237641279,2.35346399900931,-0.369527179472545,0.647668642845254,-0.105190260884088,0.46571223564549,-2.04027710755205,-1.38780115623728,-0.855164255953929,0.164661517004746,-1.21877649608304,-0.400417472030026,-1.25975513156475,0.298133437602058,-0.0651938223133083,0.819178292411838,-1.39576454835918,0.549901620908043,1.73782934274848,-0.626287636048151,-0.637505453422714,1.19357844107484,2.3601399974624,1.43626825958658,-0.314166336953543,-0.876579591073488,1.88321779635388,0.0160919716704747,-0.637983773685994,-0.51432037435555,0.13817806837845,-2.22898423838809,-1.04146535930542,-0.26366447591628,0.0425371711701216,-0.799039362423332,1.29348584242672,-0.176743627562384,-2.52624732426234,1.17797497495327,-0.872733285965689,-0.622219482119341,1.56227771114483,-1.05670375415158,0.199251407480266,1.75379446489444,-0.59876165720268,-0.334972260800696,-1.40653001956112,0.895946604893606
-2.01220600600911,1.0753551931918,-1.14606346998945,2.39686167382304,1.00064842315012,-0.907442772165939,-0.49851193504145,-1.42352319468523,0.518545199977849,0.928577184500948,0.22037912321387,1.42220370523508,0.221664933474372,0.0378452182678368,-1.50321733047679,2.54676973672096,-0.0905572533089182,1.04724380014121,-0.896994190202674,-0.338087028296645,0.836159847602256,-0.46213307245764,1.22324596408072,2.09470849811127,0.355164326645807,-0.815903894481052,0.391630537411373,2.86210293749307,-1.48633351321872,1.62760668420666,-2.48443361959829,0.365317831410117,-1.76262765140765,1.96902542777633,0.122979157195264,1.01140232443397,0.594852126664871,1.20341741877012,-0.630012568252343,-0.551801270314012,-0.234180011034204,0.761610558577129,1.88328621577552,-0.985654672440533,-0.224520513949345,1.31541846453653,-1.629120664905,-0.172483720390917,-0.495753543838878,0.506249303922218
1.16886356543714,1.30559302144629,0.490526516056654,1.09995105641894,2.86052490547012,-1.37034505842761,1.12534170535392,0.132341975337055,0.0281528143147339,2.4652117142783,-0.798847288253224,1.07093853207728,0.710654019002028,-1.26455054644212,0.632156222964556,0.854579578554812,-0.485692986849446,0.561530580114262,2.36213381639101,-2.16417308939708,1.21564691550227,-2.22387653418476,-0.485415388166508,-0.63083737007988,0.494539222020566,2.43799100394876,0.291419210010437,0.345161754641134,2.70077501859379,0.0226755684617477,0.220613094115489,0.185043730743858,0.559385768865284,0.620970604394049,3.13249957744099,-0.59424381802681,-1.5125657754494,2.89765397418536,-0.508456005877184,0.77722553354571,1.68325986747446,0.582134769962367,2.65921879142207,-1.08337211578154,-1.86037257529909,-1.34586198047907,1.59397720866213,-0.556470865820827,-3.01393253983809,0.220111398772386
-1.22347238189925,-2.47859961950042,-0.892477715143697,-1.13091227566455,-1.43011900398653,-2.13860977433874,0.325708154905451,-1.28000155425981,-0.309878600754742,-1.08362168668003,-0.722312902287206,0.0523842843935411,1.20778693531416,-2.39053503532386,-1.06314726515857,1.53195760039563,1.49835755741564,-0.529766050230991,0.458255732932688,1.82610446387543,0.363635487015327,0.173771375505489,-1.94916146875409,-1.28935898922116,-0.480353910269153,-0.695432866721637,-1.25330239999523,-0.944325951970691,-0.640815395754049,0.909787949570731,1.01609970909828,1.85193958558209,-2.2386701692284,2.8703578486823,-1.54463895386222,0.995494675104061,3.40419196990712,-1.58304334893068,1.40865706118262,0.977046368911543,1.37209179217188,-0.218777241885983,0.808060917191748,-0.0961745039325256,1.91445228566448,-0.476704314882711,0.166832699219165,-0.0699525091865092,0.414080634751826,2.88376957998829
-1.14027850260415,-0.581810787006016,-0.527954425048966,2.28434081355607,0.517816570658405,-0.707694356724358,-1.39316398163774,-1.64749341174042,1.86023759018309,1.87605834394837,-2.05124416606724,0.846806752691916,-0.907787363361067,0.0423164899839812,-1.09471182001527,1.49828167028331,-1.47685709369312,-3.47522971076808,1.12330802570675,-0.720175248538909,-0.910750193728013,1.40584785570407,0.304548582709883,-0.896633712050518,0.259136298185263,-0.433222083454851,1.38720986198092,-0.556794903723873,-0.136765230363809,1.03539814137242,-3.40920804706384,0.693706572036034,-0.0746547482334385,0.216325903309615,-0.882881234209429,-1.12235810385669,-0.542478130843749,-1.4989381375332,-1.82541997760567,1.29901174436625,0.843848262656065,0.525521492713583,2.49584649132473,-1.57356754799267,0.791722322781958,1.21373449423663,-1.56465408066769,-0.221395489243084,-0.436099152506245,-0.478617255888047
2.15451789661432,-1.33967060940586,-0.642000329698365,1.30085899984681,-0.404871644360874,-1.1875935695955,0.597616335071755,0.861073909008472,-0.468082093837366,-2.03379022711823,0.372058112107761,-1.39039357376275,0.967769536559121,-1.73192107934778,0.867033195870113,-1.34751243464549,1.05687937286344,2.64468717712693,-0.120670284173791,1.34693438592022,-2.20057049795696,0.0827773343541841,-2.02414787839646,-0.501886402410088,0.130825587427639,1.68249140001313,-0.304169029257414,-1.03035964640835,0.0815362353061638,-0.16085926387182,1.50554105345327,1.60843872475205,-0.555783080264177,0.733387931896703,-1.92255339381878,1.61225850628878,2.25308845786774,1.93899152413666,1.50929142146819,0.797997502047432,-0.459856628636633,1.46577401481311,-1.26908621128252,1.58534690105444,3.3731397051371,-3.10829959456847,2.44150582130468,-0.609831998962115,0.19581246608443,0.190691180592908
-1.85707524125626,0.145224122565077,0.864164085175363,1.5678975544546,-2.0422703721392,2.15868821891774,1.47457898279861,0.249350852177541,1.38923334596204,-0.480182113380352,0.564362924827811,-0.258305679474094,0.6221316889544,-0.183016828511574,-0.1627083952409,0.94459649083727,1.74924551906644,-0.864764222443285,0.424539900799196,-1.28311820598799,-1.94291027183383,1.67299160572749,-0.116719060858541,-0.103443299215695,1.6351162225033,1.11893966702929,-2.16436393083138,-3.01770433737406,1.07298152044972,-0.615714221765167,-0.31523556042925,2.94925671422338,-0.480017098688601,1.52982895738154,-2.26004968485924,-0.467753955060359,1.74338861741379,-1.08354546564329,0.195571819012745,0.411801274222874,-3.11993996981408,2.70614992402436,1.31559235031323,-0.362626392136165,0.510474501024112,-0.943542672616533,1.29647285156623,-0.456964847528672,0.842405810182146,2.61816460423763
0.28494268982199,1.0306394447503,-2.38089403489438,2.90506198470402,0.677930394345697,-0.857063411288215,-0.44313564104256,0.0587852936805231,0.0273489497613082,-1.58893776268316,-0.315971158514945,-1.29040353205183,-0.845316008056717,0.75671417981018,-1.50457406305719,1.27678268933423,-1.47292173017299,-2.54890949154169,-1.22298426850184,-1.32106891051624,-0.563536797379919,2.29873808102342,2.34912368411411,1.34182751006078,-0.604033342615763,-1.76227682705984,0.385436328450346,0.901675451899992,-1.00124373654373,-1.72450900485827,-1.19853473213852,-1.13289645962363,-1.80547407311892,0.689605581689665,0.915055068942435,-0.940723689051835,0.723694418281375,1.19473060629064,-1.66958964721534,-0.12061246562943,1.20427938201641,-1.2699791050109,1.92299083295705,-0.690114010374781,-0.260658121986847,0.801743769785656,-2.05895905883964,0.918930485545282,-0.410497271598841,0.190824485268473
-1.04348940379996,1.96145651830428,1.22125099578731,1.4718844824554,1.81209461224836,-0.533001498925952,0.136068814150692,0.172928584796448,0.23407577666682,0.529747879534777,-3.25665811204557,-0.275426796209672,0.41995700646008,-1.67718878671804,1.47303393048937,1.42463223153975,0.464468739422332,0.106669749394211,1.88767675480348,0.0155096483709927,0.833931110474583,-2.83069792926105,1.40682391805936,0.674718820786607,-1.05089395966381,1.25078587812125,-0.0202725276317065,1.03770841350354,2.30543660313636,-0.139259599106842,-0.0849137019764808,-0.0558853330790884,0.924095896302637,-2.45408658264985,1.96753079057995,1.21096391391959,-0.959593790340876,1.65838424007187,-0.100640125389319,-0.946534430943116,-0.230685105356128,0.790923758172049,1.46965821735134,0.298863841932639,-1.77501644023114,1.60062956649254,1.7566770364052,0.974397798399018,-1.78092271520742,-1.13018121612433
-3.50023583662005,0.292365088296105,-2.02191183604477,-0.684321962881537,-0.0866741569096745,-0.398920902819802,-1.25841012984323,0.181206693202246,3.60795498541308,0.616604984866586,-1.91112064475314,2.60967664817688,-1.62978236629663,1.46300879511908,-1.12855089962217,1.13476761243795,0.347515580373314,-0.789032350228515,-0.0818182764011235,-0.50490369057177,-0.540409884149292,-0.0858201230808072,1.77036610665207,0.94050084132218,-0.274371316964793,-2.13602382851985,0.240460087291648,1.94702132210692,-1.78950645030961,0.693979304287963,-1.11308317803906,-0.0643966394920914,-1.87958828616017,-0.19906633777751,-2.94110963117346,-0.164291507572402,-0.0684922595534338,-1.18435875704275,0.73123976557131,1.21177829984356,-0.759940751211592,-0.862729372511622,2.01854807895211,-0.860844141308696,-0.54183469650748,-0.14578376096047,0.392218927731373,-0.258152246423425,0.311309862209008,0.12936302677749
-0.70826238793197,1.76264137333257,-1.02315719100138,2.45255487318213,1.64897900756539,-0.574059091273672,-1.42640506897302,0.649374465495657,-1.2025341530076,-2.93861488395841,-1.00971754015176,-0.739963368802045,-1.02051317843793,0.300001044420319,1.64647475741735,-1.17665735596415,-2.03849853469446,-1.45034747636657,-0.119321946591551,-2.01852096726267,0.76628626026634,0.929158611809274,0.316462517770981,-0.535212129015909,-3.02578813573227,2.36867220551312,2.44866122330583,1.79547293656024,1.33431398126826,0.57535140546938,-1.96025486822269,-0.829190769604475,0.892577910027777,0.0449310951949298,0.994695419050116,1.69416322073093,-0.341309015521025,0.813554375188349,-0.321301762470011,1.70531777610952,0.0032424938078351,-0.123408636966251,1.19252906010835,-1.18721826351396,-2.67171989942359,0.217173806196595,-0.725156735503513,-1.32808127221176,-0.419897256352282,-2.0667567141896
-2.5287301733505,0.501436438331421,-0.632345272769242,1.18017348611436,1.6295317563732,0.93664365547261,-1.53430052966855,-0.419188815930774,0.144972768468525,1.30580271373072,0.252513043783283,-0.429989049296537,0.704674462752806,-0.152613359481799,1.64385534872268,-0.793926736290176,-2.41502990298557,0.4550949419218,0.943956349882693,-1.37537849608535,1.46545135238993,-2.81025180246502,1.06905632511656,0.867455448625966,0.37264719730342,-0.575360636669416,-1.56492906828367,0.657496975034577,2.59258639714364,-1.52996086654295,1.37864678978415,-0.290319977781407,0.698605825160044,-0.968866384817757,0.453817094071328,0.914997915591649,-0.155346582680603,1.1321798022099,0.659144917435144,-0.148136929695902,-0.115557854276984,-0.0785034787095856,1.37320649607503,1.12687952036892,-0.867889791601323,1.93504503322857,0.880267960666083,1.77323499569394,-1.48560203823816,-1.1176437290243
1.27750906782554,1.42114173136485,-1.40516372818265,3.25199276687613,-0.486080421291691,-1.17771617785523,-1.05640892439024,0.0984143500151512,0.624849700790798,-0.122620911307488,-0.669123121081827,1.06017959271001,-0.00694124076434319,0.382119212298405,-0.412962127769092,0.429864605208105,-0.614048243515695,-1.49433962213639,-0.913078820492229,-1.43069223308044,-0.463066918246383,1.66902777705615,0.162976780593673,-0.0792479495676075,-1.37692703221574,-1.55350869304637,1.14482898377063,1.13192967800303,0.0713258646472316,-0.68126569076345,-1.6768449432717,-0.240423349900502,-2.89451401548621,-0.689472763093237,0.368810096044279,0.489319857165102,0.824212150211318,-1.38118378589975,-0.389835884779875,0.162337219617305,0.395566185376356,0.0157698070112626,2.15360198957053,1.9521474116111,-1.81833666080763,1.3065537942916,-1.04410529376188,0.604549876192151,0.0638195612288783,0.528826964328324
1.25698936592914,-0.26310974715007,0.457907719270297,-1.327054164564,-0.531389699679875,2.5941040264577,-0.338523710187437,-0.106002976969046,-1.25725764267473,-1.15474300804377,-0.0817184924424251,0.438555429250631,0.429580845913932,0.936033385065194,0.15237248668743,-0.436589542119931,0.928430890944824,2.15554168632083,1.39236400801022,2.19067738017416,0.921220562189938,0.405926416419205,1.61273013270437,0.440971696122669,-1.68336153463323,0.314243812122428,-0.313537060807055,0.42538249167545,-0.351526057325465,0.412987052731971,0.750370646511678,-0.0289336523550325,2.00947754549483,0.263041455757614,1.19280663704865,1.68241737687754,-1.98677839362956,1.63896819503037,0.686103991996599,-2.32396072756291,-0.502326730714743,0.556840064533892,-2.99413725559757,1.2789221494922,1.459461461359,0.452680132273789,0.0344180458040783,0.150059508866056,0.568576780716141,-2.40537468764627
0.302811127349377,-0.264373747851482,0.111297244376339,-4.66894489277308,0.284367997734307,0.980048982463051,1.06980369271639,-0.475788103357263,-0.713620935755685,-1.1019701259099,1.63711995730662,1.34913590931882,-1.66133094614747,0.53872089880266,3.06724933017239,0.21437315805662,-0.310868426522239,-1.11068211971424,1.67913691799991,1.50184118793776,3.0306084135324,-3.02428775343167,0.0145585848038314,-2.16243203910423,-4.02227404678648,-0.382733694386043,0.28931185765661,0.134052100284792,-0.949244383406399,-0.138411268027702,-0.670273847438467,-2.27685871041174,0.466072815497548,-2.79248514198004,3.15786679810732,1.00233230483317,-3.21285980757113,0.108241256729373,1.93331026612571,-2.52580057437066,-1.3582565344409,0.122712023425157,-2.16971698739511,0.519428030433712,-1.18388345022115,0.275210453075799,-2.39848004120934,2.15597992421011,0.872030115719851,-0.393519247076362
1.05197811280031,-3.18630570679105,-0.452252998992227,-0.635472918452203,-0.328056680075852,-0.402133869410644,1.83617421781326,1.32796718119081,-0.916537287585066,-0.128693635585131,-1.74766981759648,-1.47378371204808,2.68871120872019,0.115081293717156,-0.815773896773922,-0.131990162355643,1.48620860810306,0.654996355309324,-0.228503002705747,0.686745164627629,-1.83441403552594,0.262457418438672,-3.50439020170052,1.98982274359081,0.705743115586994,-0.394409780555902,0.155810919410408,-1.37785526802488,1.59551660138195,1.68030678879631,5.02896074297865,2.30683899625623,1.62267749698191,1.32473846640202,0.14179420391723,-0.44328773793177,1.01919488904112,-0.491586602804489,-0.243572614501401,-0.305899781938979,0.568826081503224,-0.887872700101277,-1.53320380451026,1.81709770624381,3.1564894571308,-1.33439963044814,0.761604401609079,-0.118860642313034,0.893873796329215,0.638356522092299
-0.732501138043697,1.73507558437064,0.0052614223177461,-0.46744212370091,-0.924592064388539,0.937995696065373,-1.5233316121278,-1.46685493786516,-0.0361879800664647,2.39590837171949,-0.61150487251869,-0.707455993539156,-1.68857147999124,2.06703243393567,-1.2975635211112,1.8458191949001,1.22044174722404,-2.60994687376491,-0.151103963655111,-0.870841578439871,1.25647058863201,2.51240452172632,1.83097133304923,-0.701954086605911,0.6629379667595,0.0276597562901667,1.78570448730926,1.8477333115267,0.856316530697612,-0.726554696710544,0.346506805725316,0.572334672904457,-1.68956801513718,-0.0232675549860739,-0.817144958869794,-0.310737217940888,1.61000835311374,-0.383950065863178,-1.54564081931576,0.203596186193485,1.05746367871585,0.343167635350782,1.87541589536097,-1.08412031881834,-1.83587044671821,0.645609445263706,-1.79410659262107,0.0152244682138798,-0.845536645547252,0.892793270710094
0.672127959232018,-0.962623539490374,-0.378689440485955,-0.51280817858276,-0.597628722201344,0.305231899789831,-0.305284252069087,-0.395093087444066,1.76926305757426,-0.0810374400994416,-1.18908303355844,-0.182937863619822,-2.10997271489333,-0.640085616929921,-1.05651064564134,0.470740217324123,-1.42241012042884,-1.49449691277398,-1.23569315192231,-1.27407372932762,-0.0988139084796319,2.56191094992791,0.508739583521489,0.888706633067426,0.323313066757213,-0.37014080990241,-0.0824755865356452,0.318800012020902,-0.284925811640349,0.879305675829357,-1.97467062935953,1.10666575875736,-0.169403753831085,-1.18659593847473,-1.7278093829383,-1.19826737336797,1.9717615879293,-2.5547250659015,-1.96477858591837,1.35949641522666,-1.01630819286412,0.270795657762468,0.679173850642885,-1.36559052959459,-1.68226238249879,1.72243355117724,-0.690627654250639,-0.684741873109749,0.432618581685227,0.301181127371492
1.2190536096131,-1.92006822772664,1.63992239186233,-3.32596269815535,-0.427694631849412,0.71872046999147,0.424180779790041,0.923566592174715,-1.1884993506241,0.476286498937206,1.92185854650539,-0.0124138225088446,2.24422842091623,0.807033421183176,1.08243617921228,-0.620778111160106,1.39397117948342,1.12727179177044,1.80987967543523,0.922877623491452,1.79541682158403,1.32041740306718,0.548908401461259,0.217850936507259,-0.227358907130216,0.99754392133179,0.0990642993409622,-0.62838580221042,-1.28684806174952,-1.21187197802502,2.13290739265002,2.15889760059288,1.07447866510006,-1.41446022660691,0.38156569831374,-1.16816166068502,0.27603694358652,1.80362123121961,1.70679266996644,-0.541175485147993,-0.7653736040173,1.17086917516217,-2.07399049790689,2.56477128658608,1.55599195488567,-1.23676644779701,-1.63683595074206,0.445730262827549,2.06929313307401,-0.74416813720366
0.969442083880727,-2.10916326865191,1.10896336124464,-1.29291177576535,-1.97119170108534,1.24900874493711,0.840117320766745,1.10828087846885,-0.00384369953279666,-0.0507260236837457,-1.09786484416505,-0.664334309973043,0.454569746244329,-1.46593250787608,0.466713723858935,-0.306366183184308,0.940365519418258,1.06393544737658,0.592667208635928,1.13336999737002,-1.44895484314788,-1.24210394233334,-0.134234144457974,-0.430344769755953,0.280651008835846,0.398986825867551,-0.959326160843411,-0.404223340320508,-0.581022976672305,0.600709975267492,2.62637390770564,1.69609460871291,-0.0140231007294838,1.19907424029516,-1.2352540051296,-0.446713741066555,0.638347489627042,-0.281982740684985,2.05846787646497,-0.490433133904641,1.13303314910912,0.429725913698031,-1.76351390206832,-0.880104062553178,1.37938732338704,-2.77140279176636,1.21450629803125,-1.80679887910065,0.885119277662467,0.240546990331109
-0.0272214145393727,1.0197758347363,-0.0309412200542307,-1.23662241644839,-0.721355807937235,0.497390949038417,-1.44788873716593,-1.20387853981188,1.0529695295199,0.814388951909882,0.442893569006857,3.24317659319319,-2.00020866370482,0.930988915075162,-1.14564586573882,-0.147614200727067,0.738842019685056,-3.21425447110841,-0.180881280298025,-0.648718743359811,0.24239251458798,2.4481969271768,2.09175968343727,0.677659540418761,-0.898092976957797,-2.16022676936555,0.97531516624733,-1.25958094203336,0.912877841739056,1.10747342153265,-1.92222669004216,2.37222967958605,-1.02505374713554,-0.897155350650988,-0.107114145071997,-1.68071878538107,-0.0205148988771195,-5.14103842065781,-1.3494713865918,1.48109930736911,-0.957668252215389,-1.59667115249759,3.86403790256036,-2.7857814856957,-0.97844329947586,1.54075855227224,-0.199193662194594,-0.240794426538863,-1.02393427312603,2.31073626266748
0.27018412066646,-0.986429587151281,-0.329341832322493,-0.132439479795919,-1.73382654213566,0.11061326666522,-1.17332975092271,-0.0791840540431984,-0.395683150197702,-0.941116975899874,1.77402560262372,-0.169019317414223,-0.870253280968716,-0.240208778147932,-1.2591049290185,2.57802338213782,1.78310261875279,2.48013950538286,1.67063801226394,-0.503638645616227,-1.61389549838571,-0.0218784070144942,-4.22965759345348,-0.415728625667876,1.13925776035426,2.24854722159609,-1.5292831854191,-2.39031353649964,1.15111314168701,-1.02531737466329,1.45319440715547,1.30423736630855,-1.91931190699174,2.50266698350193,-1.30297228490728,0.655494336190388,1.11215020035386,-2.78241877051063,-0.760065343878209,0.979351637398872,1.16022703605899,0.130075570319079,-0.740048404852433,-0.845478467781691,1.47045454514187,-1.87951742538818,0.586883395622329,-1.99940643928461,-1.75499473677789,2.09978335871417
-0.0158539094663446,-0.758446244769752,-0.481704792344498,-1.45274810109988,-2.87891963970527,0.90429554502855,1.94520907389696,0.345740281722539,-1.73237608296254,-1.27806496860481,0.80023770668467,-1.42264135914438,0.864909253790549,0.150584529367638,-0.690636070152264,-1.85960878223783,0.176179121275714,2.28775460975624,0.130476904367235,1.15924670348145,0.498737614723933,-0.258490892956068,-0.636805010500049,1.76922511795645,-0.543607397938073,-0.052442726508788,-1.58439044087705,-2.65836042093986,-0.608496842759821,1.35728120940543,1.54977226191877,1.08661569189021,0.226601529245633,2.7574601744712,0.208334811771543,2.47643795593218,0.13911266638565,2.15277257295924,-0.251420670369092,0.385171021675169,-0.42408591922656,0.88441230026042,0.0717113368150709,1.45252468789445,1.96212297633367,0.135086384676008,-0.483736816051196,-2.11632156498726,0.457459498013715,-0.203750055516593
-0.780757178258156,0.342737337783274,-1.13381266746354,1.0404784520881,-2.29194672716845,-0.251984536933733,-0.261529526929925,0.376777835988265,0.713298438250785,-1.3309409122775,-0.51486640706254,0.836103648733708,-2.2392442079622,1.15604987746263,-1.41569062927131,1.35385529146246,1.4382913745957,0.074768056522104,-1.91084902412751,-0.719245832785225,-2.090404705968,2.38034028443871,1.18749260148692,0.234745157471064,0.267580036519187,-1.00371542246922,-1.1636671507241,-1.25404382456881,0.845727139295252,0.381968577764998,0.294825562868849,1.95853811490699,1.86280583208564,2.61197191317741,-2.74843935018282,-0.581844555594784,2.95906514233212,0.0187534997667134,-0.372195240232003,0.989448521379377,0.542096059794307,0.384494960253101,-1.3130656948325,1.56154126791058,-0.642304940112175,-1.45260389386016,-0.241370678366485,-1.05548806442996,-0.182159307513927,4.07952075347508
-0.507938778762921,0.869667915896207,1.68164762408803,1.40708451747872,0.966455424486272,-0.578642797138446,-0.744582839645221,0.659317832106607,-2.47412832332761,1.08608527103614,-1.52606092248857,0.0140472713922062,0.844144956552445,-0.611590823387042,1.31180183042091,-1.27967102585813,-0.736790426320775,-0.136034407455716,0.947752761374107,-0.00355743464608423,0.997360847215697,-0.0597921159165605,-0.169545935049195,1.1081101145668,-0.116767001466068,1.47298617835253,1.92708478611033,0.749323988257288,2.13465813727082,0.0848810062294486,-2.2762559035239,-1.85582607276497,1.67545161904482,-0.841179672853288,0.536197091112392,0.736707306868161,-1.00483111774462,1.63981817023378,0.00328239237825306,-1.46651181188923,2.31336875630632,-0.300612616011608,0.561146812243519,-3.33161141812708,-0.951540453068193,-1.89218555323163,3.10757798773048,2.38220285668017,-1.17552050316405,-0.102216680112961
0.979863993758545,-2.58060430492002,-0.447460243102682,0.0242465075890447,-0.578157937475931,-0.144376173615937,-0.620466539637717,1.06916914231399,-0.319945124362767,1.20547806130959,0.836868031253472,-1.15825408239892,-2.39532910612362,-1.59042091141384,-3.03251213751971,2.72862336646775,1.04413787969448,-0.191890115281459,-1.14346131653534,0.270409206125918,-3.12823508415134,1.0120895591125,-0.965613840729034,-0.622404224836627,2.19304314043333,0.387298351169526,0.272276621042793,-2.54777560703279,-0.628970479697138,0.222560212413825,0.126563558723553,0.582435413906067,0.418842356549064,0.136372873895258,-2.61238349458694,-0.219030858274449,1.67066283350379,-2.25698038084444,-0.139794588887531,-0.117088851274593,-0.468751963158755,1.76273088344699,0.779755745470522,-0.662190411884643,1.98086872870904,-0.335166787958425,0.628362001595033,-1.22902357222244,0.719621974787514,3.2436449178847
2.27755875838074,-0.43611688453308,-1.26070247705842,-1.27779135035268,0.730013421113564,0.726944721503927,2.34564244606321,0.409965255075938,-0.7586567894334,0.484332899436844,-0.222257307238038,-0.72344347592981,-2.44622909542365,1.9569069931501,2.30072342386784,-1.61389740767303,-0.164200209656843,1.61391422130121,1.92136647197873,2.28631877587555,-0.409030188626796,-1.71380279309191,-0.278287260257201,1.10284823289756,-0.84337609993101,0.154915829853399,1.03912637712875,0.166722973190357,-0.268395894696089,0.102208537837333,-0.214860541001499,-2.09278878204728,1.44080969415567,0.994861083957295,0.988459172106021,2.48137309883738,-4.53361248847821,-0.559920034766534,-0.133053993609747,-0.499790504501496,-1.85494141199827,-0.178135705339272,-3.66820806445977,0.0195913121681334,-1.17933923864318,0.65787585343536,-1.81846714876948,2.51887012194927,1.67474107047125,-0.957105001001756
1.07290703596536,-4.43851270673817,0.454713155976307,0.758691062920585,-1.24744114268808,-1.72780463944071,-0.0051880478633058,0.461148766827724,0.224322523190624,0.0236890546593157,0.601272249773219,-0.492930521173083,-0.431330394948061,-1.58721151699136,-1.81618154543654,0.551485441355722,0.639720711879156,-0.34050038824385,1.06498271380505,-0.454374347100964,-0.826776444738426,1.2807912979604,-1.065454096964,-0.033685748244764,2.15348968625488,0.832668232805226,-0.763543929271173,-2.28111570313304,-1.68962866145199,0.597890710420144,-0.360471623968897,1.47808955486497,-0.397843207274449,1.62647824144122,-1.46407186451833,-2.22359356665286,1.46061127124316,-1.96164784849464,0.59555765647234,0.100522380746486,0.631609105965931,-0.413252488840911,-0.0781262022253277,-1.13220876081566,0.979843554968276,0.0190827802766022,-0.469325406356738,0.132080361746677,-0.881928074910401,2.03345855376796
0.202440676268405,0.624430211077918,-0.126257198022811,2.32873187685253,-0.825482754654528,-0.479211903338874,-2.77137832845622,-0.174816495999655,-0.696953950075025,-1.29659492105995,-1.00433565869495,1.60377676864874,0.626247503748049,1.59672591837718,0.0978394231377684,-0.484200368902349,-0.873997352896235,-1.47176086185794,-3.21340434478516,-0.0559139673870405,-1.25376327284351,2.21941858949095,3.04858528444945,0.00823290987502368,-2.36618591774986,-1.20880100272175,2.87991517001394,1.68090953857119,0.0646198434660678,-0.532657031961512,-1.29823646348526,0.121973875429356,-3.22082428133712,-0.35413877855175,1.07088712462976,-0.230746105988141,2.15433803091926,1.51404978461894,-1.32130657862139,1.93272975153137,0.97339013588932,0.556758774296878,-1.62480958584997,1.35921736584157,-1.08537360145869,-0.269866745560775,0.485941902316446,-0.343382808564992,-0.186332994215745,0.0478389745436775
-1.7784987293061,0.864385509825772,1.00333524874197,0.713108821479718,0.545629277464096,-2.32260573488761,1.22924754073492,-0.131257143413711,-0.800651044168653,1.73596849132277,-0.537546204971509,0.289930643289855,1.83477261190408,-2.18089169142289,0.500430663172224,-0.912871471134483,-1.1874140961289,-0.388980263407565,-0.482603723677305,-2.79454214170438,0.530150918544833,-1.50034005558362,-0.0213869208963954,0.814350662187399,2.04438573773961,2.21405237730555,0.449685689968003,2.56895498198602,1.20381720656628,-0.815210996087182,-0.396810683508216,-1.48057629854189,1.31573126363171,-2.01099637825951,0.565628184454607,0.896701802221225,-2.23623371734627,1.62392771592766,1.62218531366914,-0.729927891626308,1.11388287097432,-3.56993694511092,0.279240126942144,-1.73749220637146,-1.72996792459259,-1.6500680671131,-0.359663703973511,0.0768495052639912,-1.25918873368864,-0.868283298158348
1.47619314524088,-0.482779532999971,-0.179271455593953,1.07656858943684,1.16704903303475,0.228657869912479,0.250943410860917,-0.52220417910229,1.68173000378022,0.626542346194567,0.1701101987486,-0.233453759203167,-1.11240811183023,-0.731967003683977,-1.23434881288942,-0.0847145207694915,0.524116104477338,-0.0420821102822688,-0.407225554480582,-0.771742042466081,-0.617552708484797,0.331260822905456,-1.19215671669845,-0.354705978047345,1.04794206656566,-0.0214222085578314,-1.36556113671074,-2.00743262620306,-0.238823529727666,1.74025687816803,1.14525247281573,2.26039257642468,0.112756776506716,-0.862830660914756,-0.704703753627344,-0.860643744532347,0.179763120759616,-1.44763842949852,-0.428067393325434,0.00214302744115477,-0.988662862253761,0.941737132124783,1.29844354340362,0.801822462405344,0.553174934629017,-0.224620752294216,2.55582790571252,0.312681869546278,-0.728449486096107,3.23248198915104
-0.981554048560778,-0.72535290820212,-0.16824890478866,1.09071763155518,0.599265945474837,-0.422629696126372,-1.11403836283726,-1.85409531651917,2.44991020189296,1.54169719878412,-0.223405219814088,2.15770111826116,-1.32808431484028,1.45157579154213,-0.795972655706112,0.604327469854848,-0.233440465782871,-0.263168504476762,-2.49675602942931,-0.297170391214132,-0.561070067348846,-0.143673848144618,-1.09845918473684,0.829313829240071,1.68550153118065,-0.59719635152201,-0.695382194393071,-0.736924044213168,-0.13303417037704,-0.65040460826773,-2.78654968103814,2.21956200749569,-0.632632793061006,0.624951409467186,-2.08333654333136,-1.49270431907221,0.674293888234645,-2.86118118134929,-2.58393385828364,-0.504526563192812,0.55957536553603,1.08940848485068,2.15278978827326,-0.541435088302802,-1.34591153158145,-0.142516053464894,-1.60788381936026,0.760162085995849,-0.50871236674311,0.898527782637059
0.98042446152637,-0.236633482712598,-0.930336766148684,2.45311342269067,0.413438008840506,-0.600093502674239,0.341985109032264,-0.528328046404176,2.48622367866459,1.09526625861084,-0.87553434936464,0.257806054194345,-2.4921740611502,0.429701378773412,-2.48162729357909,0.591741759572242,-0.174545755244908,-1.38005544197749,-1.38042928926641,-0.319599766442998,-1.21952498567863,0.165868621884748,-0.607109715070856,0.583685504938869,2.91634588513389,-1.62445326425804,0.405881405555018,-0.473513216654075,1.34236493594212,1.61968267666636,0.911531203046919,0.236254771580916,-0.399329107062656,2.45572648295712,-1.37980456516259,-2.71338378247675,1.20435329216494,-2.47733680581475,-1.60626556171739,0.692640338499538,0.184992551170859,-0.0370162088726521,-0.268381231339481,-1.78543023855069,1.0354948600989,-1.0590909564571,1.40458507764014,1.06502019267543,0.998855918766979,-0.639926636921098
1.75342766369233,1.29818169985121,-2.25887803491658,2.17321151145211,-0.617684373112609,-0.648370725392979,-0.896085814159197,-0.624732856220097,0.930932913622228,-0.136487611316856,-0.801932313639264,-1.48196176384469,-0.626070591854055,0.936057537806943,-0.494158680093776,-0.235340471326854,-0.844887514541057,-2.31654494533977,-1.87162272642123,-0.565231109742435,0.808922837241715,2.116031473798,1.57184793689916,1.17018662523906,0.245915421955379,-1.27061153516261,1.10653465081856,0.634956945067851,0.145185197724874,0.26233578976829,-2.5468782075425,1.28909198956758,-0.510393296055065,0.8918363871398,0.187051217527962,2.24021699400312,-0.715283608418788,-0.445230126215249,-0.624651249626588,0.16324372861729,0.189451414996903,2.03342412032923,1.32196151605898,-0.0922355585029738,-0.757957218638797,1.04435465776289,-1.53627728881825,-1.20640375196856,-0.0505848495352953,0.439244594292913
-0.000820346223165583,-3.0820460735299,1.1213197757663,0.0460433806753403,-1.43247695419219,0.55357663614712,0.997189564456821,-0.226777476472895,1.01477496886327,-0.0717324687179256,1.34051051423671,0.374738384519358,0.663440640745714,-1.19298038107062,-0.604317580512972,0.814567916215889,0.672539568065581,1.08227812874596,0.994908148707824,-1.12570958324855,-0.778909695768889,-1.73763796790214,-1.43250147668506,-0.126302603829554,-0.612393286586442,0.301913357025535,-0.92259804505292,-3.09829763296622,-1.1987633209209,1.75568831582791,3.17893997382649,2.16200358533944,-0.495657734003958,1.21070261854668,-1.83902209952251,-1.38766148297936,1.5320251157735,-1.48123245332155,1.27093960633618,0.0526710492328971,-0.269623307536734,2.69216780738474,0.729646926776929,0.788691099147126,-1.07428947760784,-0.503693490165923,-0.405178813469036,-0.106494904990761,0.0551673562933021,1.10881911525929
2.40844450198236,-1.24179827619279,2.8205698670024,-4.34707316410376,-1.67897540014318,-0.562243746072325,1.19179973923539,1.83776102015785,-3.97350578577674,-0.782132096320391,1.42283415458409,-1.22715622000669,1.97121578986357,-0.85202444659915,-1.4188493296091,-2.46091276195752,0.626429736782696,-0.137592136606861,0.450487649032889,0.243135185861532,-1.69807972323299,-0.580565473363484,-0.603490745459692,1.65420497966244,-0.613419231469696,-0.652762652987691,-0.851946700051047,0.466502459429999,-0.803954358859659,1.80751284875925,1.33962792382628,1.48771295284819,0.812645364718777,0.817136056908265,-1.10484682468235,1.73528793234497,0.846265643949875,1.8119631034895,1.58616760122463,-2.78423765956479,-0.69708049240949,0.926435829306082,-2.68864491358048,1.00857940154677,1.25752123987693,-3.33714630661939,-0.301899681743114,0.368660607733257,1.83809987266695,-1.29559739247702
-0.311855511489127,1.62535485668619,-0.830424259802833,2.29357867404889,0.804227198283552,0.409747346233907,-1.2347432397802,-1.90896806410038,0.849144495441143,0.506000844085231,-0.105983547879812,-0.663733292411217,-1.16167786622497,0.910436049348214,0.639112104078107,0.385099825663746,0.507942550371131,-0.118018613577441,-2.66151339015042,0.61388768401229,-0.143234382133477,2.2796021149194,2.08548409211792,1.62949537068864,1.15571517828562,-2.0419021079692,0.332691057271423,1.48738367677077,-1.41954198981371,-1.01693979349134,-1.57775030449377,1.33607416851607,0.278048589727072,-0.667804938676693,-0.0965326604904572,-1.46722651199571,1.75961420082808,-1.96212603397152,-0.733934050926835,1.3327005170883,-0.539124287944373,0.352794790143354,3.26803391109549,-1.99153546012853,0.725493120048509,0.37481786585257,-1.43656793695453,-0.306614869943362,-0.314406480062869,0.520246417655998
-1.76920010966884,0.742948070341495,1.53114229270911,0.339376047849242,1.92949549681848,-0.455305687088911,0.302040805415056,-0.446583658518741,-0.568645851060979,0.383738377903913,-0.267020168395219,-0.391117226403919,-2.39978555315354,-0.206691119074692,1.95180474405254,-0.499245870168436,-0.179719927296419,-2.25157769742535,-0.255073296812146,-1.67118245645384,-1.31017478258373,-1.89171553600155,-0.311717963471806,0.333987079954697,-0.67866365914048,1.85627957805923,1.6539674181655,1.3490279422803,1.30637343331742,-1.8829131452108,-0.644310104839128,-0.240144149155743,0.636735670245214,-0.305077452672735,0.767631501627692,1.31801099763652,0.687326469064458,1.81571772607972,0.442843300987403,-0.149799699514075,-1.00379676670956,0.702585327279133,1.90004709397991,-1.68677197503064,0.183912600910581,0.03025206020987,1.27697371827605,1.17631649720757,-0.474782630829052,0.112483398179327
-0.211483944224183,1.99874017673782,-1.54657304118428,1.79075320616261,2.01775849606114,1.53142090456323,-1.13265479736752,-1.24376947809023,-0.539676404811115,-0.805328951342363,-1.85384829095486,-0.443206713330789,1.96672062605572,-0.829813219337051,-0.786836490847126,0.652656425561604,-0.0533693947477092,-0.366665756559703,-1.7685197333746,-2.12956564449926,0.957475268777,0.483296641364097,1.60748434281165,0.440649323559455,-0.680289902750993,0.52177750996865,2.03675296954814,1.71520380481642,-1.38114500301122,-2.95080665406796,-2.33379612654705,-1.51418664550224,-2.75669298609803,-0.879863069906305,0.695588861780549,-0.297221479789226,0.625550845387677,0.401227787576171,-0.992900634107927,0.444930906389692,-0.306810096534075,-0.420543385098233,0.723652790469052,1.90868553322572,-0.232574455925721,-0.348658248112242,-1.19644343803493,-0.373967444528877,-1.75250249584752,-0.32361984422611
-2.57359474457152,0.360850904243677,-1.10421991115871,-0.110381075021165,-1.2147040164843,-2.5048113306271,-0.37087286769585,0.520103571644536,1.55930357113615,3.84950713212198,0.929005800671515,0.905764995619268,-0.727780173980359,-0.781472390554419,-0.873655316637324,-0.178156609024867,-0.487906774868835,-0.472022960235652,0.535325444507043,-0.263824010149821,-1.61168466030107,2.49285709198815,0.168957552183583,-0.228450225525063,-0.206852847655133,-2.45358645548799,-0.726136082840079,-0.600105661286543,-1.57505288339915,2.02406851277766,-1.81456171417454,0.207972568353063,-0.535887365445393,0.611549954585512,-0.5362518380215,-2.10968273665972,0.390240088747289,-0.341138942192162,-0.668898866857034,0.70541442707689,-0.530186842585497,-1.73840258937094,2.09909856511518,-2.12321368792775,-1.41205578826072,1.84749066442403,0.917001621760838,1.43754168754042,-1.1205039311828,1.26623079065294
1.49331618841357,1.65994276307921,-0.187902560929267,-2.93231319609939,1.38891820860769,1.49303532045169,0.599913573843636,0.1443231980089,-0.243058900836588,-1.07102945572447,2.72345693311196,1.71588870201683,-2.05085925715145,0.422712640560734,2.73479098105341,0.154832782725201,-0.0854073897120113,1.97801243791665,1.11461647407723,1.77238873415126,-0.466179297777799,-0.354087513683905,-0.122782056753997,-0.790517256192954,0.155921546847196,0.899610321430759,0.418091567730808,-0.217892097259165,-1.01345787815538,0.90296942323531,0.884034854592571,-3.50497907208272,2.07287591692384,-0.927765315254434,0.424947431481318,0.599622790998717,-3.63583596277884,0.519776936470724,-0.522019894405551,-0.766743038150789,-1.13550377231525,-1.4642614617826,-2.38086894684081,0.364919952559868,-1.89447164330901,0.523758391082237,-1.05436912972648,1.34756858575642,1.76129011270032,-2.39402473089138
-0.622234414583927,0.463718168959285,-0.445427848848602,-1.02641184933903,-1.27036228599757,1.21341496716359,3.50927002015144,0.652662453533056,-1.82952333507914,-1.98955383855574,0.931523779002228,-2.36307482253421,2.85338779902416,-0.811991383382477,-2.01749748667057,-0.680578612248603,0.676890509898063,2.64085730562354,2.33536698914942,2.94291111675022,-0.236246313130365,-0.895408858095057,-1.63179425343293,0.0885629483237492,1.0640137040416,1.09785207079588,-2.26625523152765,0.517133349400441,0.468232363443834,1.76537269781548,3.45237269210313,2.40660487257293,0.450187709607502,0.665758523183336,-1.12177171199391,0.0393443580940023,1.8924293615058,-0.62512371079252,-0.22070637374067,0.273835508104446,0.519882224817822,-0.976539204553271,-1.71756001729502,0.901912653456762,1.52964331477806,-0.950027089631011,2.13032415254167,1.03003964699736,0.573830141532389,1.0566894360512
-0.655697263280886,-2.01234107366216,1.52185934411804,-3.3592411944221,-0.969989124003867,0.164951306453694,-0.0421140329702367,0.36129322655115,-0.915937547711223,-2.17835681287981,0.970918654758812,0.597264485164314,1.49185667518645,-0.480410041932494,-0.32652845621901,-0.69769848188928,0.952836715553643,0.937462174314276,1.0809869791868,0.41122412887301,-0.389417480286562,1.01905782598711,-1.49863281119766,-0.262230927435303,-0.00245337834846357,0.260761683510547,-1.78442780811693,-0.789518625538409,0.875573510606553,-1.23008445772131,2.15252881158341,2.06227591829587,-0.656116338207104,1.21451394751463,-1.68475871662547,-0.459438762642293,-0.616356718957302,0.712506461413215,2.31593581191234,0.995810591529926,-0.820294034357479,1.22930456400656,-0.965918331722467,-1.12837353061051,1.83868533171764,-2.39828645288117,-0.122683654488928,0.816088659441569,0.109858647989142,-1.7027746206252
1.59577241319229,-2.0684881083746,-1.30200495100454,-3.4550811422793,0.948771474956144,0.070860842654714,0.385745898096513,1.80515404252478,1.01634753674411,0.345516368846986,0.868824576501093,0.593808467669192,-1.15870262427059,1.08676915817603,1.77698302396238,-2.58680474193371,-1.78462003022081,-0.24790216200528,1.30450263410019,1.88828139825398,1.58522969605111,-2.79921493991317,0.470068085727077,0.111376828034414,-1.25635842452038,0.963773032725538,-0.661521791845494,-0.476763530820475,-0.870157620579822,0.0848371794911798,-0.494809819663086,-2.1911866111214,1.6800496399198,-2.5505160385903,-0.374524021014626,0.0520115978491377,-2.10122059744735,-0.245495365780618,2.20761132281645,-0.74374332208736,-0.196006226706513,-0.841100823730475,-3.78414225597766,-0.0184125144335866,-0.397147781734059,-0.637326140535992,-1.0366604741773,1.86324208140986,-0.548777780487199,-1.73525029037857
3.28832848909181,-0.613865037882383,0.699497657471682,-2.15318965210455,-0.260424852914741,1.35317492370118,-0.0138923081736754,1.60446972198581,-1.65232630297109,-0.978024299399396,1.30892937935858,-1.11019753847496,-0.547015024395263,2.12498945441156,3.50244550108623,-2.01867380723637,-1.08566673768877,2.00206177719692,1.48620601563653,2.09886838665809,-1.64223171665109,-0.973307251369248,0.331316736440642,2.07980747515116,0.173084306374101,1.38493508639776,0.205417044609436,-1.48656605384634,1.96484114579794,0.0967878482166938,1.03022199386503,1.69585247411832,2.38626029145822,-1.50771822063014,0.572125193912703,2.30047679145344,-2.46645961274323,0.850706308011796,1.75186938035734,0.567677881373802,-2.50707174910763,1.65701205617528,-2.73461086623952,0.654150719241957,-0.112904910990283,0.184868802516544,0.389532319810045,-0.260311272641879,0.149819935766771,-3.50381176432412
0.320635037795412,5.29977111767068,-0.782541139496563,4.39470086228861,0.695234986557042,-1.19870916656599,-1.01309508890832,2.97079525333135,-0.524365027234238,-0.790687796467463,0.168081567052358,0.665801416919698,1.03363982166662,0.73943072743011,-1.02083836761741,1.0718081315503,-2.3121820516511,-2.10380747690305,0.552919042007348,1.3847798151516,0.796169880022018,-0.408642364295864,2.40549177566874,0.704001524948616,1.13534703211081,-2.08196417310771,2.42779890530593,1.98023770655554,-1.35435831401083,-0.577918415931529,0.400237254402594,-1.0022202127762,-1.77618117028552,0.432966858621725,0.601459524309645,2.09946792789934,1.13617163920458,0.632560267098928,-0.247564762371544,0.315543559737297,-0.527369928149632,0.579322857760148,2.86932544429017,1.15038988471573,-0.483723129493848,1.22597966822873,-1.36016608151026,1.13526454273811,-0.53528834627701,0.113327015018745
1.96293287064915,0.179159799174966,0.223477408539049,1.32070406930294,1.26982893663119,0.925272886076359,-1.0748631603614,-0.791023793606016,-0.266868021754431,-0.0359976385695042,-0.840817975224419,-0.567752320418098,0.198201525477913,3.32141772309638,-2.83730292915018,1.4792911268366,0.428563714135695,-1.13759491684947,-0.341941126674402,-1.09411393067889,-0.520471611855376,-0.7901621523517,-0.493602874355076,0.604971756265452,0.722816587694301,-1.82788961600275,-0.0333404295900935,1.95480188520929,-1.46095610014148,-1.12035004791467,-2.01025580220479,-0.139709924668985,-2.24877017394804,0.859318222192152,0.753428944092838,-0.680571454654347,-0.716914742924107,2.34553299269373,-0.683238511140315,1.65993621166172,-0.554709579626458,-1.60828522025065,0.93638470160627,-0.617589487978653,-0.0916353537537269,-0.229882441508907,-2.25125113331155,0.40102068433282,-0.762873659859959,2.31449650257657
-1.73691829492429,1.64989632871587,-1.12269024656868,2.37570271582584,1.81249312101806,-1.1437871691208,0.303456720956156,-0.701163262740497,-1.06639150052183,-0.636077124909682,-1.02785712094223,-0.265449971309692,-0.485445815480204,1.40556516524667,-0.952143576085438,-0.202061424014385,0.0367740918337449,-1.57969414122031,-0.182394562499147,0.269782950827731,0.535804996139819,0.0682119550192408,2.93544795130841,0.0204258798507794,-0.517098910981952,-0.0964851385953919,2.479749121063,2.04009452319213,-0.884268983182752,-2.24015590023605,-1.18297008280812,-2.0235911087894,-0.94995463617721,0.05278102024539,0.558952835757639,1.04433177618076,0.653656459699751,1.72636441462019,-0.246123902742758,-0.29476272878387,-0.176208082477549,2.13847242014566,1.1063478538303,1.68941367252639,-1.16257676698973,1.62469838543736,-1.4036647375276,-0.346158902821529,-0.378379347052593,-0.370721518432384
-0.393115732722952,0.841402999711193,0.978776164771087,1.14813840562594,0.36381109922277,-1.05026735172437,-0.249929101388011,-1.94241477514218,3.82600524505283,1.25003595759447,0.199027309853172,0.732123324269607,-1.35558991040241,2.26749032617509,-0.8037257912959,-0.536975896486437,0.138303651981089,-2.77576348999997,-1.91560716575106,-0.990787353921272,-0.852721044958,2.80745650023971,1.39163882519029,-0.358663992571826,0.117972943717893,-1.10320670023839,1.11178011457808,0.122238496765603,-1.61301496706625,0.388387622487852,-1.40384834144166,1.45174149316797,-0.376622013113394,-0.972388451350025,-0.916338746212625,-1.21028448199929,2.07957769503134,-1.06165796810799,-1.65249458894643,2.4513443863439,0.410861337913374,1.25681520855265,2.9863129291052,-1.13236032551198,-1.1911077880297,1.83096582672492,-0.941583879580235,-0.150609285452863,0.335152871559112,0.236087062098811
2.29061763268539,-3.26111255547058,2.28972626882189,-2.73445559598652,0.368774117570161,2.43817952393048,0.929689605222687,2.42714312030784,-1.57726679746885,1.5696039420542,0.335022180836179,0.317166099523838,-2.2279460662809,-0.328250381070938,1.92147074122911,-1.10288757780353,-0.025883079573788,0.802455557179905,0.261098178834806,3.87235795433708,-1.4798357898479,-1.5869746953075,-1.81143839331734,1.47331374662255,-1.38083234342248,-1.17067741605839,0.572653285068653,-0.0694256116684156,0.8229588363396,-0.459656139703527,2.08182225069559,-0.990986100164763,1.05518565731715,-0.34354884362983,-0.682211518932053,0.540061507705491,-2.01195003788856,1.38088378160249,0.0983496575036639,-1.65335716532176,-0.388623061174,0.828344384212471,-2.01453692912861,1.53616528716382,0.570326151094267,-0.805114673413528,-1.49974075213635,0.260201345398849,0.167211417446535,-2.88595545652015
1.89190737974559,1.59173004449687,-0.765507620509484,-4.31006586965205,2.99793698442963,1.29728489718184,-0.691233921148674,-1.12669558279083,-2.32719954051794,1.67333374037277,2.02727525730032,3.57038808052557,0.956651605687847,-0.380896067154261,2.11975355805645,-0.24708616337443,-1.82450928377507,0.6008866931169,-0.0826419090142608,0.293070605187475,3.29045073676619,-2.21338835307972,-1.9257659142073,-1.75699648026844,-1.13471432284926,2.8876275255112,1.91966876937465,2.5861847561906,-0.500117931967113,2.30544832805713,-2.05228075519026,-1.98194884519918,-1.99839410489753,-1.24529951316135,3.14885850535167,-0.476161726136913,-1.44951013921167,-0.524479256855824,-0.620117219140267,-0.15259036137757,-0.0430395340979188,-0.196100542928069,-0.474219531567784,-0.86009570358461,1.33537441956854,1.94328279731862,-1.07456005167033,0.202452031909433,3.00982742764443,-0.31845627394698
-1.5222998655773,2.01911142721089,0.637556392771821,4.79318681292129,1.96626728030716,1.21894046899954,-2.28836220843816,-1.27466330468142,-2.1121276713543,-2.38875666208219,1.62239137086259,-1.38565467028556,1.03259842862218,0.903119334599517,1.32331350240797,0.559871234683622,0.264770954208326,-1.24419225922066,-1.36944553236742,-2.04164171303243,0.800684545460471,-1.63148808531863,1.16157412010012,1.10226641089642,-0.897941480211696,-0.248186192896175,1.60188534563412,2.1583663438498,1.58057787697756,-1.44886953026322,-1.06723038505666,-1.28031664009057,-0.359310155817069,-0.159932818013897,1.27790676197194,2.3575493287522,-0.31418030663578,1.46926342580385,0.563632430156889,0.274092482765663,0.238562159422351,-0.208961481618412,1.04593661096331,0.461270970123,-2.42733919548265,0.0495090813513374,-1.262394382866,-0.629615305161731,-1.59278547368004,1.18116891743836
-1.91493436768847,1.03215832398693,-0.942361556474311,1.27434928374314,0.826628436728618,-0.874687840203191,0.142147626442661,0.996916787502059,-0.624128805997635,-2.23068222580654,-0.378456701910537,0.453173606563387,-0.228653665492377,-0.279774163227589,1.93528648171975,-0.584798201987937,-1.26668723196314,-2.53810696236505,0.373485730653138,-0.812330443270143,2.688525016839,-0.420303977658524,0.665187901101365,0.480179183707341,1.70922240292727,0.615108066248627,0.622268153273887,2.16057784091573,0.00605903350876245,-0.909307056714023,-1.24127883030645,-1.3995815289815,-2.5044944652365,-0.102417707876112,1.23980202258675,0.0277064132004654,-1.36483662727492,0.665753457082856,-0.907671834256791,0.079021379396406,-0.880718517879952,0.0112938001569958,0.439893063874468,-0.185678849706363,-0.833663711190542,0.741536250659212,-0.809545510904675,-0.441197735531582,-0.724541369764321,1.01295315622935
1.09701505054742,-1.32882798415069,0.682882965346535,-1.06500765442223,-0.403262133561016,1.25918038653584,1.3057232405932,0.00742035499828239,-0.155744359455105,-1.97969985356649,2.12382774988444,-0.865493924322338,-0.494045102579594,0.307081275205082,1.68419179648,-0.727376770485067,-2.15478442899058,-0.183573741409626,1.50465829476271,2.49565902396155,0.819101695710077,-2.59991976782806,-0.707569712091256,-0.847558875262965,-1.46780982255603,1.63035917330312,3.16589107206295,0.285005547515929,-2.37086293477218,0.902965635108981,-1.38205072443241,-3.20831500600342,1.86963182414981,-1.13475256529356,1.26593425975117,1.31135967383295,-5.13472169563751,-1.35538235891145,1.57102144895914,-0.570259471333318,-0.866067377298355,1.02108338591546,-2.09273026802702,0.714916006658713,-2.26245427564187,1.87558121332407,-2.65073582985002,-0.672072047470131,1.30395570488476,-0.96561924501254
-0.402357582756488,-2.11276241964378,0.0365362824833468,-3.36463089963907,-0.761040431159544,-0.0758036237046315,1.6926813570261,1.60152440772894,-0.337590958298799,0.21151487985993,1.63362408901825,-1.51162239906776,1.68221492652942,0.130180472168147,2.89918156644306,-3.7982317318621,-1.19396526220589,1.27462285065981,2.14395890268055,2.93058401693191,0.357679474591374,-1.01144152507371,1.06864401744023,1.96924627742248,-2.30291347390702,-0.174136398711122,0.46116524614026,-0.745272497035491,-0.952331195518618,1.53595161832862,0.0789615976957262,-2.45526302248152,1.95749447825046,-0.469014143543323,0.0888324166802759,1.54079384865426,-3.01295311850147,-0.221409200430332,0.249423680449995,-0.990267911199706,-0.492206984289872,-0.538167185909015,-3.36522417926225,2.30862719575929,1.8500945413756,-0.00935004630817239,-0.472855510831912,-0.199584328611263,0.980403690086363,-4.14096806534258
-0.295804602577941,2.42971295524693,-1.66032423581285,1.15330420296089,-0.684693036303396,-1.23181877509386,-1.48860812919525,-0.845070425743935,0.00766332756886152,-1.29690294518071,-0.732319882193244,-0.0206470981934346,-2.18265772316544,1.69974461966181,1.46911706121568,-0.783627319819841,1.50425282414968,-1.26832695068667,1.13026996625411,-1.94101239998032,2.53660681097036,1.05160971188844,1.75078136058847,0.921200676905053,0.042576459766651,-0.216280072498793,0.429710204454093,1.58652658358573,0.878061206342039,-3.09691494772337,0.46866302949185,-0.0176385262216606,-3.49010084322022,-1.3448846267769,1.50011851402697,0.466302021624607,-0.304594462482722,1.33319417878621,-0.539632232158751,-0.330844828279881,-0.196403967816441,0.0109545550742637,1.07012114961991,-0.51506681055243,-2.13510812466504,-0.117304281161349,-0.702563594639013,-2.0107728154262,0.873348253602006,-1.66999367508984
-1.24312356139698,-0.417602504592721,-0.709389899588821,1.46368671403831,0.0157080988596083,1.06361997573313,-0.577939479591829,-2.82741542051229,1.22346730285568,0.815983501472863,-0.977935765243245,0.596384419348427,-1.41340540306854,0.714093016908834,0.124950974247382,0.220424157397905,1.25255922256419,-2.75648578696425,-1.87392519428975,-1.98419940538615,-0.278406250516732,4.15868153925068,2.40303735251628,0.3197298365042,-0.313380058220828,-1.46079273338483,1.63956911536238,0.0757940844163195,-2.16354996208351,0.74164500032395,-0.883941527589301,0.551623364675057,-1.10400292191803,0.674646872195144,-0.626098894373175,-0.342320447586812,1.34980187307699,-4.00674586640377,-0.623342940809786,-0.0873804006135643,-0.606280297645992,-0.872975699778563,1.16303106293844,-1.75140815968699,1.58989360788923,1.54403307466129,-0.816513461250549,1.63103506735287,-0.697223937718305,1.21826931870875
-2.8092361173803,0.721273821546535,-0.519442530775976,0.958505870314636,-1.34574574751336,1.50247075150148,-0.212167595714455,-0.708294886115691,1.95557010476983,0.0893727174199788,-0.296147809691262,0.516317259809385,-0.787196761823332,1.2847003278279,-0.953222965281168,0.981173395967115,2.30581030205818,-0.147116928910455,-2.69425187490898,-0.441641539879135,-1.59274214002208,3.63704040085143,-0.360429352869254,-0.099014189375689,2.44312410434112,-0.287206998459923,1.61565194660131,-1.45844659704516,-1.3568866914541,1.06305768335731,-0.629631128328256,0.847873980669068,-0.0343807667155457,0.277014257068761,-1.40599154708546,-1.23155257440694,0.185853349102955,-3.39037726762365,-0.382206385108639,0.0571623822025418,1.24569236716862,-0.504560272016388,0.896436795130124,-0.204572498970529,-0.669124790368089,1.44802172838223,-0.980704334913379,-0.19043523346857,0.367409914219663,-0.41404383760558
-0.737729046619375,-1.4694623775236,2.18908153066396,-1.979516946812,-2.22888078314003,0.239732319157736,-0.134245651616784,-0.39455801513055,-1.32799212463075,-1.55753001850285,3.48613289279204,0.538685069010654,-0.346204656744823,0.747483497814321,-0.349095719795496,-0.739247454130632,1.79786016176072,3.44236512324834,2.09002671569587,-0.092867239833096,0.828513921549439,-0.432792084546257,0.425327830360796,0.719907172821347,1.48742433343237,-1.22507336070788,-1.4717941743171,-1.26775903429783,0.292569613762813,-0.0726391836308025,2.0469895948824,0.672326981877961,0.83843450584232,1.66543488123772,-2.08938782680475,-0.0973157707990771,0.555302458962738,0.760413562853511,1.9857112835592,0.659340220892751,-0.270402152328164,0.0354653299850691,-0.426873405413907,1.12079302364252,1.10053759575754,-0.505022191343584,0.37913427411017,-0.961237692149422,1.30080468404369,-2.53966868352479
-0.448508812290198,-3.13664755720289,-0.956203636160847,-2.07989425698277,1.52558408851385,2.30969792407179,-0.1112704796284,1.11559781223439,-1.02177430659901,-1.16162829033761,0.848348273626287,-0.223315064088674,-3.46631240165468,-0.680239440463293,4.15367992231908,0.0836003469916195,-0.784441506023199,2.35407110332198,2.89100588314789,2.17680366445274,1.22553049003195,-1.30424365508645,0.768403524766105,0.994996077016295,-1.96134092120612,-1.61613860819997,-1.80711557242581,0.417520763293891,1.02408510373832,1.00009657956087,0.526539397512733,-1.5747465803932,0.933389925275702,-2.93091688862904,1.80308001706553,0.351225987327686,-2.6197621747556,-1.57024321930698,0.400925267437147,-1.7176934605203,-0.760196508624143,-0.672254484101841,-2.9419708334975,3.097810250636,-0.18106889826077,-0.808670182362907,-1.70384679619593,1.97011970112638,1.20144893827754,-3.07027495912916
-0.440963608835051,-1.2107954916463,-0.260117785599318,-1.51103964990685,2.30131922013354,1.51144752110203,2.56062087586309,0.0150977840898413,-0.960859193788194,-1.0006963284493,1.9345488256208,-2.03517938189805,0.0797480152027235,1.58481501844365,1.81199751356158,-0.0986809214093023,-1.38006343080795,-0.818466379769342,1.4857602882363,2.3014257484942,0.00564261595063173,-1.28132203995007,-0.933369990901679,0.280710212634286,-0.952397258533372,0.471802908306757,-0.162546569899371,2.30476761904483,0.330422164587147,3.9232415900106,-0.137548089180812,-0.999399395336352,2.02805866279338,-2.83862143238493,1.43115610745687,-0.00741210656037077,-2.487528883914,1.13482052771974,1.86855740718526,-2.16422155195384,-0.968726926897591,-0.561981552330296,-3.63726895899237,3.1569444654094,-1.09318768240061,-0.946789969441841,-1.26516913676037,-0.981267129098629,1.4025376739219,-0.338966794951306
1.17403034717487,-2.69953920487029,1.06035505208921,-1.71793234985097,1.31631356213874,1.3190968252858,0.927089553246705,0.0853278954692361,0.194779898330638,-1.58602456576808,0.301049501325745,0.435717183928504,0.0656037593076237,-1.00388426127818,1.48742857423498,-2.17234265396658,1.66367775517187,1.99959590283515,0.152048170922508,1.71023697699763,0.997408761383775,-2.12394926053413,-0.643150095075329,1.10694691410433,-1.73002194182223,-0.105687805976674,-0.721120109310255,0.229870609759198,-1.10713640469407,0.425876160255926,2.61967798973857,0.447813121525717,0.78388366860332,0.823208024212961,1.88553248703799,2.06365273200815,-3.09382557344325,0.171452869736275,1.77892675269164,-1.48782082381291,-0.705214686504142,1.71411752688779,-1.71883708199887,1.15075281064769,-0.136502835464471,-1.33168221850037,-0.215422254576662,-0.476942233522834,0.622487282531001,-1.64381528812964
1.68143910056949,1.88594912142155,-0.2556764795597,-2.38476346272476,1.59729343721291,2.98736189646862,1.49940368442964,0.553350848904949,2.89856316063687,0.871159604150627,2.29200464890386,-0.833793906141946,-1.79841265180598,-0.795499712975964,1.91413129413352,-0.348629774154519,-0.0748067489586342,-0.0587527858574992,3.47167210350472,3.42345220657302,1.14791694666425,-3.89144371900357,0.224264819059048,0.356857813842286,-2.62814613102196,1.34669983856717,0.559667113313519,-1.61323927412736,-1.28302183240826,0.679575272453879,0.115353606803719,-2.04407770805235,2.2101065603409,-0.177133936063954,4.19066810971878,1.99266667868047,-5.51305018167582,1.06038853672377,1.58816505903095,-1.71186203285514,-2.57043786772458,0.0335424096955857,-2.67400943886244,1.85388645044542,-1.43110820479019,-1.31487666409387,-0.176609850564012,0.791893706728181,-0.384612339201426,-1.55380786330425
3.21589591849053,-0.584337401104881,2.49865746008978,1.26485688983003,-2.21915445736759,0.546358373037646,-0.126308001227461,0.684234459639694,-2.37898579582957,-1.02778323550742,1.78670362585503,-0.855476357648041,0.998968157887329,-0.87667354695444,-0.809197913069572,-1.02436989270331,1.01099256218938,-1.21231590044053,-0.86165451911132,-0.207929943735841,-1.03324916196563,-0.488579413469835,-3.4794967630962,0.77127132530776,-0.899195336655433,-0.118979018828468,-0.368830151498015,-2.35112865458103,1.21820579852282,-1.13820835945172,2.02170584871804,2.5689908831431,-0.336837114735349,2.37833941617464,-0.713678672233339,0.363646813889327,1.13368961854768,-2.06049167015634,0.168062992727163,0.108315924913686,-0.715647771424704,1.77793298348361,0.27052297598729,0.507185725755018,2.50664931013883,-0.974131277982347,1.98058170148491,-1.26856732831042,-1.10903676751113,1.76986960439069
-0.4385255845409,0.100991137458493,-0.418845071490034,1.78597364911221,1.68166883672547,0.505806227681136,-1.51387598871134,0.978692183540917,0.0811604319088169,2.45705257874897,0.0597460610854902,1.96145780559071,-1.46426448279051,1.43705000234377,-0.988211163548848,0.378462759540225,0.115810631115741,-0.0372106706373748,-1.97183989763696,0.566419754616782,-0.764346582710939,2.33568995639314,2.42654289564961,0.830062694871267,-0.118403413409069,-1.06586116435551,0.163981754305929,3.60019319535485,-2.53781038533187,-1.31998441155002,-1.56275465917201,1.34419685334633,-2.44552014075287,0.211499265150098,-0.401211982066618,0.80193922612983,0.571525455024347,2.71065365178401,-2.27127643706994,1.24569932639049,0.718830967020712,1.40783950295721,1.64418629964741,1.32626354416392,-2.90781606191774,1.43423366561761,-2.1267447629412,0.365556540695092,-0.175453132665092,0.745624398312511
-0.517279389572481,-0.159534799971366,-0.265432730586374,-1.37869088434353,-0.392210527196866,4.19855151028026,2.4153673829694,1.08062800877998,-1.48229012738785,-1.19575188583984,0.57764467956856,0.333274176719914,3.99936621954318,-0.624509573978127,2.86466430182053,-1.86584739838443,-0.552970565201042,-0.0653612576714711,0.386249643331424,2.63207644215534,-0.0899234496608219,-0.679176534899882,-0.512242371443223,0.00481223058085134,-2.02036211417184,1.90520919242656,-1.49696990193686,-2.31839513204971,1.52647296857014,-1.20931724989433,0.486943117098086,0.184654365812261,1.88709584520971,0.30414123267963,-2.37959553566253,-0.270337783465694,-2.0874454167681,1.03859616858232,2.45646945246104,-0.582296746442912,-0.679865066279383,0.203578063174809,-1.95734899395537,1.96443280047072,0.0620207358309976,-0.461355631087419,0.0021621088437942,1.39331727027015,0.531002942676041,-2.34697374812338
-0.794591843794364,-2.71448367160518,0.985112866400478,-0.652861018692682,-0.924311379570025,0.221746277927832,2.01507172537393,-0.403073289251305,-1.60812689187906,-3.20062823613754,1.57404029388403,0.224641732267244,1.68974651825078,0.0735937399534128,-2.95104843428455,-1.35651457561609,0.0494865120142711,1.74234828677734,1.3280070472334,0.641328797888123,-0.830593891990987,-0.0290844290217948,-0.714975571295705,0.679031650042389,-0.856559044389895,-0.300501590418952,-0.453081673350163,0.450339030065894,0.327189755150278,-0.076173655967648,2.77804719942013,-0.466179247272439,-1.42176345854985,1.91264819727534,-3.19653097380046,1.60919484728564,2.1735867429905,-0.830153858267816,0.064378135378851,-1.13496145748625,0.259269298526872,1.38233274783366,-0.182715999200814,0.742135645702036,1.28844327277584,-1.30507458274706,2.42679489833788,-2.41560912250837,2.46731264584146,-0.240157907395074
-0.786987347008957,-2.33945881451487,0.245385017111168,0.733862621032677,-1.81233869775798,-0.26889039314641,-0.869444980213327,-1.54862521437068,2.37014653029161,0.83959962479614,1.94346793887674,0.156860397679991,-2.17229955849862,-0.331480736915444,0.124943558851595,0.322086072613396,1.22290273802497,-0.439473944985507,-0.718978328281062,-2.51877978368053,-1.23235974384058,-0.261206008384759,-1.84864125302531,0.11288516077373,2.1109354954371,-0.269141585200304,-1.44900547478528,-1.75881403677525,-0.180110237446752,1.0554402639346,0.189210625832188,0.396864874656875,1.82323212253189,2.00746918817352,-0.484106123337155,0.362067205836513,0.116905344639829,-3.82751767834081,1.06416361444862,0.547250506123456,0.0431147836082609,0.51548733857098,1.65918022414879,0.711511686368184,0.99751270218604,-0.236101020820407,0.413548523143921,1.21423784615693,0.420735338384917,1.48152192610015
-0.335554805048774,-1.00230853100319,-0.597864315892899,1.31114916196275,-1.26224453924218,-1.74094296738129,-2.21157174915446,0.0284398532028366,0.785874688513138,0.029151796835563,-1.97493145108357,1.34490208965492,-0.0118663880207631,1.85998898767151,0.186194922165385,1.33913438254282,-1.06362650056079,-2.43128609301319,-1.57156749357957,-1.4152822486812,-0.142115376912965,1.1554806322746,1.09259911465912,0.617166157238034,0.754737990030608,-0.915881090641266,-0.14785567604475,-0.420646216529106,-0.242831909384453,0.386783608146713,-0.157863060411434,0.602043542761423,-2.26000653084296,1.46288116754658,-0.0842784445989122,-1.18257684222015,-0.715718993563818,-0.888454552644106,-0.680180188207238,0.9613135683667,-2.2848056245851,-0.80652210473018,0.791524743608995,0.673654991863817,0.0543385637780776,2.17483538864015,-0.474206548378345,-0.342072751410242,-1.20579496874482,1.13016153990012
-1.419973308335,2.78298547536141,-1.39074354728001,0.616333929431722,0.35324891810688,-2.08848000698165,-2.778055902291,0.239535309520182,0.238958290542428,-1.16538002602512,-0.905667419337588,0.278327565772735,2.43433199849879,-0.185613947799906,-0.885327745470643,0.54078784217573,-1.49419671906623,0.487404285075086,1.44309500902478,0.352383979584942,2.25258791696252,0.289936921410948,2.00349334088142,-0.305762944201046,-0.104361157286317,0.866894756903384,0.376155985602163,1.76533518099514,1.57946040904099,-1.11945916172986,-0.595378668745586,-1.12911056697399,-0.105049801447506,0.377869980019482,0.941741594626512,0.678395856118971,-1.40145561133618,3.11410807566499,-1.65399971135251,-2.25093150356886,0.696136113975172,0.737416557629958,0.902582517448782,-0.814810904441062,-0.795082288848988,0.069760620069721,-0.240707635436182,-2.14201354666925,-0.191862226264394,-1.22016952123227
-2.85376560729304,0.647469536427595,-0.133392870627367,2.39963529087285,0.00903748651398373,-1.57064434702344,-0.276962122470984,-1.40880566025776,-1.57368244189666,-1.3436367290001,-0.952946338652167,-0.426330628609138,2.49792736431352,-1.49279990319839,1.05938720138788,2.70797859709806,-2.72135645145131,-0.760165278837629,0.432721151246783,-2.0628167609475,0.921764016894165,-2.02306564133181,2.22901448639327,-0.536392580637005,-0.0816054123461501,1.08738745945289,0.162994209967788,0.493377332452738,1.30825342784515,-1.91067796101764,0.86561428028796,-2.02114461056889,-2.02972371379634,0.920361682716566,0.539116196588829,0.17492867823543,-1.02128706533043,2.35116085780531,0.971723775678091,0.227308976072828,1.97244713482743,-0.60399424666891,0.975432645140149,-1.47202461589758,0.987780437059547,-0.435425560597083,-0.255134765588744,0.109100406885247,-1.38413871360528,-0.0126856309265497
1.14514414139904,-2.56581489186043,-2.45006131999676,2.19766142762591,0.666408425112971,-1.79677905108192,-1.30089144920695,-0.0795063901261378,3.11695643338448,1.23743407129013,-0.608476549167714,1.99886368001703,-2.26206713187644,-0.0486349096760415,-1.04416986216078,-0.354142753315172,0.913335366547902,-1.12578922181972,-0.795216394749108,-0.649146435250784,-2.18930150427788,1.24130681924718,-0.726442618411015,-0.0649027116849219,2.35453532547269,1.16512999160737,-0.520347470199127,-0.901192208430427,-1.10693660482373,1.65404834887993,-0.3457951652806,0.61545581680564,-0.103237464098525,-0.421187465844469,-0.305407747175726,-0.414224047458181,2.62150996719473,-1.31244345669245,-2.07094273811229,0.573350304015844,-2.58771067049286,0.7147627782639,1.12643903311417,-2.15205157793025,-0.131549599032068,-0.348338398299548,0.105839230658414,0.205160584887363,0.631369300521622,2.39221287433124
-0.444946971739358,1.24867866194975,-0.77851096114056,-3.12951203000152,2.88852041635243,2.13529265237004,1.2584316176829,0.0555824754985599,-1.62895211215873,0.890886749953825,1.94127169381516,1.1722074455403,0.942301840099214,-0.695593314780072,-1.67777500692865,1.54364566090973,-2.44764940079363,1.44816224389425,1.37364274806424,2.5732687092176,3.41980848284128,-3.9236622833749,0.592137295220943,1.11306424152323,-0.492945772250735,1.91749107123365,0.0325361026421437,1.9519648933052,-3.96935954195777,-0.146733028229305,-4.30889188599153,-1.16712407279558,-0.649792512655732,-3.0723305897193,1.93213039921858,-1.36991304111523,-0.341006186870168,-0.365077089607894,-0.607839864393111,-2.87815151649175,-0.156464169298208,-0.924377168208207,0.302461691819167,0.64996000966878,1.09746411976643,2.18961568170468,-0.959782134824626,-0.963988676514755,1.92197417537895,-1.56859707386047
3.30150531504244,1.13524165945984,0.906593758918946,-2.72179582269357,-0.519952960140258,0.259476046764931,1.26748618373243,2.30096443766705,-0.448696355841126,-1.91494954176049,0.599115255983363,2.08564455611469,-0.879861067258852,-0.677724442743887,1.60834606876773,-0.765956535830489,0.317802713364552,-0.441773857107884,0.700791630655541,2.03290752047349,-0.0250465807272712,-1.48647089440113,1.24718879861125,-0.035451560439041,-1.56703779904302,0.0573005676754871,-0.846619536705375,-0.168606199259295,-0.659006110652942,1.50926326354191,0.307240174749477,-0.207827674857157,1.83856269075809,-1.95979486364271,0.994318766230156,-0.405187157295613,-1.64878274870959,1.05915444815672,0.0565012430260582,-0.471507179609766,-2.48605533728995,-0.36387238432788,-3.38726962721127,1.34809874181076,-1.09970972968202,-0.0542508368740639,-1.26212352581486,-0.566683341773729,1.37879350888598,-2.376246518067
2.79612723294587,0.541285651326671,-0.682700090103142,-2.26999569239548,-1.54323911545178,-0.964156708358693,2.44716990552487,-0.0461965273099134,-2.42328606451582,-1.15417037265625,1.22074706672679,-0.416400125926931,2.33881127705313,-0.448192864559782,-0.48667376740798,-2.11802993237703,-0.902740780384018,1.68901546638241,0.06587245079113,-0.00218062754007977,-1.48139240307858,-1.05935064045094,-2.10931810700424,0.0198847615955048,2.56594204587814,-0.230681574291731,-1.72426610490243,-1.80585851765887,1.88198533876177,1.59841380643657,1.45259860623585,-0.104603408183441,-0.153893933029412,-1.07389503832975,-1.46579736931945,0.0717391463842719,1.74101029253297,-0.917475743430426,0.247574621902793,-1.69582066190918,-0.722036270483951,0.247314620103105,-0.650249011669697,1.5660658300278,1.14182162899309,-1.76743581679991,1.79488233276759,-0.773422387079348,1.49762263958641,1.62298685693083
-1.87516769729853,1.54858215861924,-2.3449930674222,1.81594146043767,0.705500171822286,-0.445154756588582,-0.286307822108927,-0.700047424647746,2.93306283527966,1.10610013750488,1.66857601610075,1.19253295928763,-0.313501761809362,2.66819105426859,-1.84549394634501,0.96969017787869,0.549458774009668,-2.03090299872699,-2.61069508066485,-0.154788977153095,0.430303383285997,3.70615004242749,-1.4708028989691,1.60605180495399,0.731270719382225,-1.08799671586395,1.42839228383378,-0.167241979519521,2.11312835844052,-1.25628349340873,-4.17178764112493,0.87237211175099,-0.121332333149138,1.52558504252815,0.406671917187562,-0.79690547966662,0.35980624825513,-0.535676521465433,-1.09437421903728,0.608124292118545,0.818302576857694,1.63414783971782,1.03176153774626,0.160672767866714,-1.38007087028324,2.09807872668657,-0.713845744029858,0.249325488515041,-0.269871333913815,0.652974054859247
1.89635946674772,-1.32231265367964,1.22041076310468,-0.446827519276645,-1.62141969919893,-0.880996391656855,0.250209273984349,2.11388600493861,-0.166212370356628,-1.37117041510967,-0.0105007384967013,-0.939229966146002,1.5538220017548,-2.21137453020616,-0.0260594325707924,-1.81787154437375,1.64522981613294,1.25778183565481,-0.238890789369622,2.02200674796675,-1.35463999765788,-1.42923296820742,-1.80648284439779,-0.0507591465493987,1.6571234257265,-0.403060559762808,-3.36775763209872,-2.71676201274468,2.13357316239226,0.34615905170213,0.977831922333045,-1.17040538937573,-0.738669291555926,2.93535675319771,-0.845521337287224,0.581812357643711,0.875855871807846,-1.12475099076284,0.94693753157976,0.602000999038737,0.902081030765545,0.199105727025781,-0.976855775920428,-0.368756455740196,2.71185839537285,0.551982660333571,-0.259526256325534,-0.390133411354803,-0.299202236104049,0.839891727080171
0.128047729379401,1.08940475947091,-0.558986703594083,-2.59718502689857,0.953373983234182,2.4337243259673,2.66751944217361,-0.0254368609975414,-1.46416796992321,-0.812910075304552,0.174294210966121,0.458975843538106,-1.0954728226705,0.974601066409491,1.39940651348424,-1.41999736551805,1.86033694498155,0.558728711623325,2.01061272604169,1.50959947817749,0.307246398166309,-2.35639048438951,-0.19661468891168,-0.484652941741212,0.406269410566453,-0.110077468049899,0.901885099296764,-0.180738763801815,-0.225930324262139,0.259510428186457,-1.42553843380524,-0.227694871546195,2.30100404524236,1.00936844287777,0.303579954447334,1.61218164531992,-4.18806443400139,0.00970546464070283,1.39261559796722,-1.2068912125965,-1.77818163395604,-1.50799135444894,-2.37789335149064,0.793303517575999,-1.02962477081495,1.10820193699234,-0.264411465927501,0.949237145540472,0.929727235127175,-2.27590965110153
-1.14219924573249,-0.27916251796856,1.98783000331619,1.60795534046805,1.65493927655003,-2.90121385831985,0.44484143240037,0.155944007335888,-0.102703286594393,0.477446544118158,-2.17696659983558,-0.906908044246156,-0.691727777535444,-1.68874135863428,0.23726017792488,1.15958907644826,0.358770163836967,0.33978734580111,2.22528401743906,-4.56599115299708,0.676848036001902,-0.293344754117021,1.82111169853621,-0.912981676006286,-0.633861997740699,1.22623178729185,1.30822041407672,1.43049676104488,0.556994703823615,-2.86907485672054,2.55055016384279,-3.43616901325462,-0.422964094196262,-1.99742419664778,1.49340509900952,-1.52275339243356,-1.57498447854631,1.08549877284118,1.52633634575397,-1.27102909329184,0.506409692729753,-2.21140942647817,0.126814514843629,0.267501334645095,-1.58305268472246,-0.675243119693485,1.25340045017355,-1.72174541816454,-0.172795736503923,0.0759538210607756
1.09145243885499,1.37418556242515,-1.46234015924597,2.58581134180025,-0.753178769103782,0.468632506198707,-1.79408998244864,-1.20316901960816,0.817102011131396,0.37718575298713,-1.56404557736587,0.872490500566625,1.79986865669526,-1.56841926895547,-0.952264991316486,0.958977789149465,-0.267192243726573,0.898806871860358,1.28513520598393,-1.53204617522448,0.260172365103998,1.11688058069256,1.28058184124207,-0.727543296390368,-0.323303632632985,-0.499284344775688,1.03128782032758,0.826193060791775,-0.0152390830901938,-0.948190472406515,-3.32905653328995,-0.856613453398919,-0.461902811151103,1.11585842857055,1.25754598551801,-0.175066398400845,-0.833153263361087,0.446703554753884,-2.53503372890262,1.85462722588699,0.343064072812149,0.628346707201403,-0.077262537644095,-1.00452542665583,0.203279004157825,2.09635733505202,0.204633191389804,-0.977841534319698,0.181768791535915,-0.0978560939584381
1.45365911754157,-1.49289706415411,-0.244536963596751,0.086516645104695,-1.1321744856856,-0.29758668572639,0.836300095498646,1.41741806601565,-2.01951600065538,-3.09084261010455,0.744190124904129,-0.641714482946992,1.47815353269537,-0.273894790879458,-0.526977628203948,-0.525047741438303,-0.548866596026519,1.84351564656571,0.502945448056412,-0.50607628657456,-0.658909055438074,-1.09243016201482,-2.03763413734098,-0.722906361619889,-0.481335702284776,-0.251694317348126,-0.190395026861495,-3.3542487275663,1.44548618046317,3.50432570502764,1.37341102479233,2.06477263345678,0.892456068095102,1.14909128563464,-2.51292011000205,1.42998016433796,-1.02301566857374,-0.690343723020911,0.829590467278543,-1.36879311805788,1.16597376665758,0.945955379276444,0.271558832671538,0.534188205473853,-1.41129105911699,-1.83386012928392,0.76470241926542,-1.74446563131022,-0.61419660233804,-0.972783048727674
1.00276782676535,1.31877639649675,2.06036677679061,0.270349254161027,0.919360094787295,0.556930187396848,-1.32985733429434,-1.22644606499964,0.378592740981598,0.486167274985237,-0.121615877198922,-0.0892118103296785,-0.681079842391004,1.98385829303919,-1.6448605762633,1.38110595922469,0.250596291061506,-1.31129813951433,-1.97365633703101,-1.90636731231187,1.67476916500036,2.2617816191027,0.251807914504522,0.615453274484496,1.37170496652552,-1.51548453888185,0.562161968270581,-0.191545633713453,-1.75936836547051,-1.88310411217941,-1.68925565064192,-0.494385783804996,2.54601853455121,1.2738983092788,-0.432207058568762,-1.43153032657093,1.35586485040059,-1.8852650119513,0.364189104998895,0.0970047862788235,-0.130315633090864,-1.34602983180185,0.398508107933389,0.144785502308013,-0.0957249795618239,2.00407520836337,-0.0863959901213036,0.266107367245048,0.443627319304081,-1.03976288184959
1.40521934657447,1.35159633881744,-0.516281087344507,-3.49430442628866,1.16706165838543,-0.0798885272447941,-0.244484931587738,2.11230259444042,-1.07642324129551,-0.198303978637329,2.04573308469896,-0.960252643875121,-1.11561409633032,1.3366333873517,3.13282790046282,-0.505691534159881,-0.758583429014881,0.908275924214623,0.345506917748153,2.32393080022039,2.58405301398909,-0.166603417999454,-0.36117620865808,1.17937173021973,-2.25344863594767,0.509033770093482,-0.349314057740267,0.354144135076809,-1.60388640694967,1.11983039268112,0.00609122110975813,-3.66590027585343,1.80023680859407,-0.673157343562102,1.31377511294348,1.03260656738082,-4.69423864458083,-1.42738259734901,-0.331556853580454,-1.54939388587178,-1.1660229217596,0.11476891856406,-4.65593613051992,1.55768501808552,0.594222708156017,1.60104194251363,-1.62803708946396,-0.283213224621674,2.14226855948239,-2.01055101541096
0.331035780526245,-1.22318794382298,0.460364341453866,0.129716730469613,-4.82304482133988,0.719205263579669,-0.189594107895176,-0.438807941996754,-1.97200180561371,-1.89356449382431,1.74281165985999,-2.56741108616197,1.43375001975454,-2.4609475745851,0.268008953260486,0.364448392183674,0.168332535643857,1.7963822344331,0.69925360480589,-0.534032011624259,-1.25450011945826,-0.0751400444963288,-2.76351976551095,0.0596624642448596,0.447780235556386,0.978121123998442,-2.63406727090726,-1.26458203991449,-0.922951096019374,1.45308112113909,3.09557210608794,1.97437724495217,0.168736405143509,0.831058710776846,0.79819038250286,-0.775155275371557,1.00204892866279,-0.0163501673756136,0.615711001193327,-1.40521765745182,0.751787154578253,0.767944377318445,-1.25751803788299,-0.747347026926613,1.34329694335729,-0.654770836885476,2.69679023695257,-3.79000938694752,0.648615924943018,0.781323485797414
-1.00520336633625,-1.19932453404567,1.26055233350482,1.90323384654305,1.2249325599406,-0.653121460646355,0.113818168440178,0.0910796297896689,-0.0533173513717575,1.85460967574019,-1.28248962135692,0.620660128279982,2.10147278123389,-2.03834158693065,-0.123691394376277,0.158508522201284,-0.507392840684055,0.667104997199329,-0.473435095637285,-0.413020617022063,-0.544546082192148,1.02754824775776,-0.450560683080646,-0.855139020012339,1.08260849730778,1.08221861924358,0.12923368466413,0.788672273875554,0.260391654771237,-1.48832814750117,-0.75892794925406,-2.00131641934625,1.83431786965414,-0.647864034981112,2.07768915257608,1.82134403000412,-0.698312238472966,1.81545578953011,-0.75067472388005,-0.398413115496164,-0.231652114406836,0.11022121630608,-0.348133936474828,-2.67959085421037,0.694743207853133,-0.252350908159196,0.954558080208361,0.528997796041495,-2.17372353227225,0.0803713109627946
-0.489762020272946,1.54432234277651,0.19585762446285,2.44389041433997,0.616764656963594,-1.68303144645479,-2.23661252863693,2.33897265686541,0.151725854716209,-0.328271350308263,-1.89139310750256,0.31793202143975,0.185596574420316,1.13330609312817,-1.09750431961341,0.725022663340908,-2.14252172611825,-1.38831752120754,-1.94304605387008,-3.14942110870128,0.943142586806001,2.36688360802957,0.970326132459478,0.133854619166224,-2.03560213551688,0.199680136393306,1.14611681330369,1.92005191397338,0.409924524506772,-2.42479534996675,-0.246201334002497,-3.02249761138746,-0.430260244208729,-0.104194771742029,0.132508037704224,-0.215971108407922,0.7304063632026,0.382532385040847,0.310943392985455,-0.598670300182694,0.962851025595204,0.140146435615315,1.61781940682699,0.915180446600614,-0.461109007513419,0.431070176844578,-1.01249517936744,0.327223179789948,-0.412155155808285,-0.883008683291954
-0.786211555663747,-2.39125013631324,-1.21242060462263,-0.390517712024814,-0.333096938038854,0.671775522958439,-0.168475308564852,-0.641246384019755,-1.89561154559886,-1.92754727945581,0.720969315277377,0.809631434001204,0.421414721593494,1.51718303761259,0.610096747806964,-2.5010849953331,1.65833861568068,2.85523269398865,1.48752420515614,-0.329537572468867,-1.84299496341597,-0.183543715193738,0.43110299440655,-0.762537380781022,-0.628659919911435,0.25164164567516,-0.538582902022234,0.0739400764361878,-1.23977219176962,-1.01343650848914,1.81982049509682,2.44962090597403,-0.716057675167002,1.33273977685289,-2.09517509953152,0.251347207191548,1.728561532757,-0.720106894445713,-0.904122795322813,-0.78272271623623,0.573317154608789,-1.22252606552671,-1.35431047456571,-1.39830271848845,0.0377826575930542,-1.5331350753053,-0.0326011271008498,-1.34173126569874,-0.816860186157101,0.218089709693848
-0.0376280940807208,-1.18682660575608,1.13702755261015,-1.19141667496723,-1.82780652807776,1.31621777657984,0.14930257386164,-0.755707105718921,-2.00571734245851,-0.553989311731516,2.78574128381004,0.999356654437528,2.01472704599323,-0.682663952460044,1.08979610599713,-2.27643401753943,1.04542897617797,2.94826850008743,0.822788207252123,0.374811759936612,0.755104858018933,-0.198319153173583,-0.347947529863461,0.24809129369262,-0.888346897812997,-1.67092073510025,-0.0379244242276633,-1.00452108907901,2.2262605155537,0.896626197488996,2.95872611986663,0.411704925871951,0.910435440644926,0.365180884164481,-1.00578131856598,0.112714494591701,0.250840661495466,0.8221595751769,1.11703395072745,0.2234607770692,-0.911743207545577,0.747644727154941,-0.782010833270304,0.658328908831504,2.25736911068415,-0.0608829263425309,0.186252935577277,-0.0275312743918414,1.18190503079938,-3.04306772531186
1.26829988500129,-0.615625140919604,2.13951629719661,-0.864437398321094,-0.801492740506727,0.394240427943326,1.59332553622126,-0.43431976724038,0.20241738893348,-0.737799621509216,0.746494336439136,-2.42781275975494,0.640793208541677,-0.439579435389576,-1.10720285626552,-1.85682194060739,2.8891235387006,2.55826083043651,-0.860890574864183,1.72201390973467,-1.42245319317661,-0.910595875888317,-1.8095026885384,-0.206970555102898,1.1708933903416,-0.961665310591766,-0.303763376415761,-1.66458250879394,1.41441805573922,1.65122138188884,3.19124892058176,0.203204175596019,-0.0610021850070558,1.05262747680441,-2.54131268836618,-0.567787559564029,2.25612729870415,-0.618644194251132,1.21882044498913,-1.81910350483071,-0.415330708850012,1.68917751381485,-1.06712807099891,1.35224085765075,-0.162426184217479,-2.04338239832515,1.17576273304522,-1.40024656733029,-0.129242309539613,0.677286787215839
0.516764389309443,-1.63527652266607,0.509419804913346,-2.59624296188785,1.46408124079457,0.676338712020675,0.936114863999379,0.473336321665306,-0.201058136920777,0.0202902937269512,2.61305221565817,-0.551646581292678,-1.23079642323269,-1.18917715195958,2.81351194722223,-1.22338488660778,-1.3394154560721,-0.558276312750013,0.390930707189425,0.360519527491367,0.655104986596441,-1.25424078091197,-1.93357129578062,-0.484636498019488,-1.96972795720073,-0.757935436935306,-0.474671664426463,-1.97571095097777,0.15754047291563,1.68784163317107,1.75911729936113,-0.912779788211217,1.01277899488859,0.194373640572397,0.648588481689122,2.21927103277708,-2.78171979618907,0.23976402558147,2.33560434278564,-1.219192629455,-1.17684201263775,-0.827476453443264,-2.72165769087004,2.02831044308245,0.408279507701286,-0.00734223078323605,-2.41280574154785,-0.799635822903321,1.7362501182094,-2.2556873196318
-0.849208700421044,1.99673765274351,0.430506501417343,1.51316887544581,1.21217084816876,0.235477622690725,-0.387516425622015,-0.0706321066615719,2.16487929529761,0.786614605592989,-0.476410944227153,2.58971981513532,1.23154317585158,1.32115812053075,1.05158372060493,-0.0704978366370243,-1.76331899049016,-1.19085944281051,-0.534986003805313,-0.160663162666923,1.22814817437921,0.175332867484514,1.07674908630508,1.30639295870688,0.406505347660997,1.42301488262002,2.13240974815099,1.30627173358733,1.06903435737346,-1.52728289422109,0.723638258642133,0.519163279616486,-1.22551444100561,1.52026119501127,-0.0272498504801774,-0.951372628050113,-0.192130958722158,1.95508818947302,-1.0310567143704,-0.184899143166707,-1.06319826768873,-0.511677453962382,1.29311437860383,0.311101539212752,-0.546770137482219,1.50143868804303,-2.18739962137042,-1.13657475069151,-0.921072452116114,0.342241337487558
0.255406413312906,-1.18134705895571,-1.02345334797809,-3.11226954593226,1.34639403858035,0.538550485078026,0.831962970808871,0.247395917135885,0.980511758283817,0.35060489983956,1.67586261013105,-0.858099908362719,-1.39528292773713,0.602552653995018,0.555691390668184,-2.31280414947171,-1.43923917646574,1.72848089736806,0.898948105933404,1.54465451967337,0.228433172292532,-1.22492204324816,0.873693552326771,0.571984747554489,-2.83271177811963,1.08287397674432,0.851836253773719,1.77051567692806,-1.581096518435,1.51641430540077,-2.08428378937584,-1.69749629986969,1.81005121728882,-0.971127889898001,0.608661428747993,1.32263550044613,-2.16107964038566,-1.07237991173357,-0.185891207285829,-1.21768091736168,-0.645679467105124,-0.720310983342188,-1.61988496205878,-0.654818548854743,-1.12048105243938,0.411245571111218,0.0556057071341777,0.743844358509478,1.45982127032567,-1.05305730001232
-0.703635027065609,0.46814323572345,2.79398315133951,0.324212583939821,0.59402892111781,-0.719852280586563,-0.403754291844197,-0.521298010881467,-1.44413901463391,3.67665351771227,-1.60816443600487,-0.560777221803398,1.95613222230791,-1.41369473350668,1.16959875223559,1.4298496148308,0.111394722821863,-0.921304505607322,0.0841901540701689,-0.313700162172005,0.476170002218536,-0.781774584632937,0.272113593675454,-1.42464250490447,1.03847278127728,0.151516599788359,-0.504097615974043,2.17362410321979,0.26034633828237,-0.48533157337405,0.905927661739309,0.0366967648996185,1.10836862142079,-1.00047198608142,0.607380561609477,1.2482343659293,-0.706562118205291,1.19618348705154,0.880499710966517,0.36912093132999,-1.19841215332072,-0.202589579849973,2.17397579096615,-0.942975350214783,-0.115702385424928,-0.572603679930504,1.90176583337384,1.81194485019196,-0.416872007191904,-0.0883287783543102
-1.85986182540766,1.15060382600669,0.723653976901664,0.275370790653282,0.399914804202377,-1.36942631563288,1.87656168695421,0.867200180341041,0.819539646428912,1.08201046912738,-2.37820587319102,-0.436479317899621,0.799337310429162,-2.26661881334664,-0.364655215242375,-3.19032097473759,1.8593187592478,-0.0461808552241987,-0.653812758733142,-1.08392008870395,0.214313060319353,-0.370361333823846,-1.06255349962974,0.0944348256034873,-1.41399375395672,-0.155847374508791,0.251905443676422,1.25725569411385,0.989295658208817,-1.27956250976542,-0.0487882096167743,-0.702645550323646,1.88404113718121,-2.0980284831782,0.243080476951071,0.28337676208937,0.143069133072525,3.73606803300414,-0.573630471035719,-0.504069199567882,2.30741580177668,-0.91692602507712,0.365354760168654,0.0758596178866883,-1.99626176265053,0.379556477153567,0.153867515213347,0.344927302475044,-1.28708617007441,-1.43201544307966
1.71038113380018,1.8031055373455,-0.461436355117127,-3.60196627516975,3.07170333739051,2.48132069396873,0.96006228927865,-0.766204517016845,1.45502214411563,1.59552670311564,-0.124349875919782,1.20049137272575,0.239820251017968,0.632863355393479,-1.98285724937937,1.46763170253276,-1.13799166449796,0.626114324329864,1.11614366193807,1.60784270030304,4.24804016918365,-0.242590066428961,0.330393692887336,-0.332611903052175,0.916787576573004,0.424945431315016,1.54459895298424,2.25857519169898,-2.19269397904676,1.76139645966078,-0.900258469482073,-3.44581553736509,-1.6014578319768,-0.459435085104423,1.99311714458651,0.968201051732314,-0.988436694344768,0.441326646458576,-0.779887578632474,-1.06623965099758,0.546130085398934,0.895270125948537,0.497831658484713,1.51700051987516,-0.482833874029058,2.14357478216649,-0.536978512926039,0.292565839481805,3.64032210783483,-0.0135200091468056
-1.16086198069113,1.01411452169361,-0.629956780183617,0.63315364805464,-1.38583552054146,-0.831729941150708,-2.8271531154038,-0.61702227855647,0.910721669460537,1.3902789360699,0.487665393031757,0.818199904261095,-1.51918029341021,-0.00871832757586383,-2.28157071319592,-1.16871251119679,-2.74662547696516,-1.46318954410695,0.462309176596796,0.387263157838921,-0.46370833388294,1.33728453708431,2.48618606529713,0.466288518108073,-0.855270100838542,-0.375409756656407,0.139339102315809,1.49513571525862,0.163599851333798,-1.08383174248184,-2.40123386898155,0.101336943927741,-1.11630597828856,-0.700464720087278,-0.329765042356005,-0.448442114589781,0.415484326583929,-0.634279338945448,-1.98736398497123,2.03941611961754,-0.0137115583161828,1.83023801485854,2.40233477179607,-0.641437128110367,0.456533577614531,0.612347861726614,-1.26487457809194,-0.309919261243638,-2.61288427499559,-0.689028483876415
-1.64204494073325,1.23909204351623,2.29679408960686,0.544204826016306,0.99835136716204,-1.43622864187486,2.14999590718616,-0.658652687334885,1.26703414351584,0.947757428924554,-2.69121143026927,0.476820916277467,0.811060365250088,-1.06477230245547,0.148132128530082,0.273493825376287,1.67261354291593,-0.0968741156476608,-0.957216911282378,-1.83072640439442,0.712372714430703,1.85696142612494,0.110760997639979,0.358650310511275,0.17117300688775,0.574105732649912,0.270856577835455,0.289883932231377,-0.162113553790716,0.451574922623545,0.70662602129945,0.585940121432366,-1.91148779064785,-3.29852257614391,0.373113711949763,-2.16375910859489,-0.973345225511206,0.905254074252719,0.719094513372849,-0.0659939697877309,1.31195866361944,-3.18270944157688,-0.757879160845908,-0.545964035705479,-0.86554682060833,0.546049850313704,1.6052780657561,0.789239022256606,-2.4626887029492,-0.389849719947703
1.79523027493679,-1.13034844396113,0.946247834249179,-0.337702147150029,-1.19701096337329,-1.12979522438861,0.907958078563598,0.358703906042164,-1.36337850783346,-0.342801402649018,1.08528406535478,-0.896940298134332,-0.979724660766538,-0.458623856827346,-1.39632930354666,1.07985669952956,-0.442375406591682,2.26947860442563,-0.476036815173691,0.896629989362477,-2.17785796138343,1.32383452413738,-0.03031020872535,1.00704746850424,0.860510406904788,0.833112797857931,-0.56412099863774,-4.39263680683253,-0.652836253812355,0.883776868213597,-0.200360906255917,1.26557743099622,-1.72223015519949,1.14656983487356,-1.52132504901694,-0.43068472165753,1.45201928449521,-0.879250026975009,0.0304774745019905,0.720279698908324,1.21967379011008,-1.53591241978275,-0.205226818386397,-0.324780447912834,1.45506967391938,-0.304806421339248,1.56042439338761,-1.52893265118264,-0.175876691643053,-0.0708682294087612
0.431353220693389,4.15728707901624,-0.814179831884544,2.55692538681109,2.18093333710238,0.281064216580955,-0.907658593690401,-1.06684192680547,-0.665692732516764,-0.700496043173888,1.40701239796346,-0.879177510581889,-0.213788024619863,0.2254915406578,-1.3733943118666,1.10735923522497,-0.340609305995935,-1.28577163872795,-0.901847030729781,-0.313342564370603,-0.764618246404511,-0.443391184087089,0.916945249663188,0.916620005380711,1.31450456554133,0.398023898176809,1.0047038047398,2.12182235825795,-0.149865256311837,-1.96535771003535,-2.94110280698647,0.849146885195232,-0.36844038686519,-0.2815091718496,1.60720220209796,2.30953219542222,0.0712103909777528,-0.343357986935919,-0.307180854429241,0.698254605823043,2.15132187295849,0.464563307031263,1.32025100253147,1.55523911214495,-1.10720458437552,0.0186995661901089,-0.281792452606376,0.885068342186379,1.49773187665767,0.370905018426462
2.51273800226817,-1.91032690217677,0.976940753679533,-0.331404337397238,-2.73614818434005,1.55723068315445,-0.239843261334157,1.22138821887467,-1.5316184788481,-0.569569570669044,0.132453032668681,-2.16259563233927,1.06747394724645,-0.935490512237803,-0.603124015130715,-1.17559422965281,-0.0413860224379642,1.87129941443617,0.736656064863207,1.09842126851453,-0.541176440121508,-1.59058672302084,-2.27409031751602,1.60706780967001,0.228536903544955,0.781118257621515,-0.828284213403673,-2.40925331743281,1.15527093147415,-1.0676909608353,2.18196112640857,1.01972506880109,1.30097942978268,1.69570826543365,-1.28374778552894,1.47460390598477,2.01119707413694,0.00697540424313607,0.818833674080171,-2.47138043705368,-0.68217986470232,0.271091915568776,-0.0844755360580051,2.2675660270452,2.64226696908655,0.080473980286219,0.173506735320588,0.0932696704586356,1.41003998930806,0.790644400720997
-0.323160352847231,1.39959607149217,-1.08914992632041,2.42349288526348,-0.001041137502449,1.11430214333607,-1.9521254206611,-0.616386855583845,2.23082590157054,-0.0508947797631099,0.886540550242784,0.801453127757267,-0.605793898419917,1.50310060580686,0.724048081850531,-0.383660687326474,0.602140909115404,-2.7516993578707,-2.50072579944686,0.853757079073503,-2.56697667151093,0.10663922165843,2.14257533157922,0.339757000507961,-1.20673365403384,-2.06920466309385,0.416379778785909,1.53405199830806,-0.309725215544997,-2.19798805896417,-2.26062943830762,-0.668349912425968,-1.55716340734394,0.856521610851898,-1.32173140467345,-0.952136517821938,0.556983746627106,-0.504641307794549,-1.06023403686443,2.17123302558386,-0.492407891499513,-0.344140406625659,1.37855312922834,-0.303724634938031,-1.96925800636535,1.05764671402613,-0.545765859779001,-1.41638129456518,0.100537241431592,2.97667976356726
-0.883878083688344,2.50346408369117,-0.229515376025033,2.96427062368597,2.20510824991513,-0.797597211379611,-2.70240106830473,-0.966653275405013,-0.28630150950117,-0.845357717755775,-2.2288156063617,-0.842877943800392,0.796772962201927,0.184103272919407,1.46357975574295,-0.575358142277133,-0.119260140149017,-2.62549350280769,-0.2995510610457,-1.86181781428971,0.706995930787089,1.04179032130822,2.54203470238061,1.17077701993662,2.6696743769023,-0.275072304498017,0.545181085584096,-0.137242301179857,-2.31641117697496,-2.05368262483807,-0.671297406152699,-0.172657908360908,-2.95678851205456,1.40016633613178,0.598043980803457,-1.1781003334527,-0.802119121639725,-0.193099071383631,-2.35116542250791,1.48629784972118,-0.834429440868059,-0.953009068163998,1.77132380821605,0.0399237665281249,-1.1771118310126,-0.278784303153737,-0.886299923806641,0.377129859512866,-1.13853424990042,0.228135263580753
0.0445140746024537,-0.531194848672692,0.384352127239226,1.66680817052651,1.46799191273872,0.716616470805369,-2.31810749219502,-0.678556897169618,0.537940882530705,0.408205445089026,-1.00037171634233,0.994018033134193,0.128647133951869,0.448093439328343,-2.00334091797838,3.41082391802731,-3.23397394779792,-0.638450406111475,-0.310663709657283,-2.08726660274409,-1.80286234078405,0.57449719899475,-1.64508748966219,0.508282251761716,0.353927111264952,-0.0960601386320022,0.208350812876903,1.23661267916126,-2.23823297783383,-0.862675918372421,-2.98536285716607,-1.19055410175993,-1.08792840663038,-2.15773555882305,0.454770917236642,-1.74119268262797,-0.519022092363178,-0.493892346618546,-1.06713315107994,3.79884445333004,0.0727746864947523,-1.38713508914319,2.12830273300546,0.471775491863115,-0.9997828538758,0.954808003510719,-1.22331205668602,0.181293619930544,-1.35046689395296,1.27436695547742
-0.64316376803593,0.37041131693053,-0.601287636260986,1.92823750840093,-0.944434534279942,3.2238144109123,-3.07603701759597,-0.0589204900135987,2.87787049814063,-0.34041279268045,0.229872365088748,0.268681868592661,-0.423715337118188,1.16747540934892,1.0040001077225,-1.02982740649299,0.937106601832856,-3.78011899409531,-2.01862336744093,1.40569741581906,0.00164951172901667,1.04010119656962,2.72558076830371,-0.777551250557794,0.92167898087617,-1.00894903173217,0.645581147523212,0.441113424923198,1.46778117368932,-0.701384591837023,-5.37568114980017,-1.17420439409823,-0.206237990154928,0.139297226135257,0.43058701712368,-0.89384863205929,1.75251924308092,0.00798907245520199,-0.747280331014886,0.0106547482652937,1.36090793653617,-0.856838101224449,-0.158423453114756,-1.5754396662452,0.297614924287272,0.314463816738771,-2.13390802857895,0.539949623071592,0.319283243247263,-0.311816049928943
1.53165575180498,-1.76807702037617,-0.53671089462362,-1.37392419907691,0.406346381369203,3.11078548225648,0.48559165546537,-1.44641491103101,-1.5703326823093,-0.463582167042408,0.916110398779308,0.91611104786177,-2.133110220994,2.70507194753933,2.57475459918633,-1.1315555581048,-2.35122824815078,-0.797346873512382,2.99591760560426,2.15015963003043,1.01101701942962,-2.15429286411587,-1.80764646366721,-1.47537960714664,-0.775342002223185,0.637017594782477,0.472906141949615,-0.887819370515746,-1.81769133857929,1.83316762779615,-3.18493932080888,-1.9379607412983,-0.448855873051423,-1.8521451462745,2.93523947090047,1.29304163330758,-3.86935636395773,0.305480443203168,0.484211973556,-1.64472405179521,-0.380754207802277,1.69916372604108,-2.7633947245672,1.90228962802227,0.319019747000658,0.823737792866719,1.39182891089494,-0.468093022024295,0.40408385732108,-1.8911435241493
0.369065376378789,-0.254546714331578,1.61574907476464,2.80653572230436,-0.860478267935204,-2.2681108584691,-0.426788337787593,-0.802733979551351,-1.12542892553119,2.87574067330708,-2.36071334555494,-0.601893170345519,1.42220449923365,-3.14754112776681,1.71987906675165,0.955747104874731,-1.34602449761567,-1.78297519977535,-0.177829000342542,-0.394913297448746,1.89099099163571,-2.25744354757764,0.612074271615845,0.501572692837976,1.18820108260266,1.83278378184701,0.374205484292571,2.43990520760753,0.9446610415002,-1.57246955222657,0.487718949820945,-0.773794605877312,1.98441187414839,-1.23076860180767,0.863989074666122,1.19323517677747,-0.707935515615212,0.712729680853462,0.0458867407700878,0.749145524401942,0.757889623548682,0.120070951411587,0.749059920854017,0.156778935655873,-0.374785315766227,1.44203034956222,1.20717574939081,3.01599436460941,-2.48599137207641,2.17964596382838
-0.211643747433511,-1.07464800809633,-0.802028965179616,1.06239092630376,-0.429866331149091,-0.0897004343745842,-2.73458938864708,-3.5209335448073,2.99764617650758,-0.308802156598856,-0.279713946374575,0.406080103584492,-0.870283675946349,0.395028914970431,-1.6068303388414,1.1953589912368,-0.6218889365685,-1.67484656956268,-0.257328252993435,0.594522501264195,-1.78613395098216,0.895233379105997,0.615022923805427,0.620006796176669,-0.106456810443979,-1.22986197197467,-1.44480829060948,0.393609034574374,-0.198092609123956,0.00820506313430571,-0.0832439344765153,2.87958992122926,0.32132598636912,0.0763157937830684,-1.10506620119534,-2.82900775291748,1.94122205541357,-2.6758448112956,-0.829863760677465,1.95360472850574,-0.183728381660849,-1.16513260693792,1.21951984614948,-3.6498721959326,-0.509240132548051,1.31469463900259,-0.0740302237627806,0.658431602834607,1.24368131663943,2.21220485209097
1.06544617520559,-1.17477101693356,1.47276350538635,-2.76969584353057,-0.647001947352936,3.21800359485157,1.8935914460933,1.31686928678778,-1.8807282859171,0.272661358279058,1.35142412271633,-1.68056693395307,0.217584337931276,-0.866970662553553,1.0296910231211,-1.9285776886742,-0.0656020114385592,0.637989422761659,3.59373983132944,0.127272315135391,0.536823412426242,0.644876946898902,-1.19227944152584,-2.73370142405115,-0.0681422337496942,-1.27173586032483,0.168523543636263,0.363887926882366,-0.233035349282881,1.42270909232028,2.78634016294682,-0.0336378328115349,1.6951528253497,-0.881641159829657,1.50877745622353,-0.699973452972525,-0.403937839229389,0.531621542035205,0.899920538520522,-1.17172002663627,-1.09200630632735,1.30585011329917,-0.79987853438824,-0.12600969898117,-0.518045405573736,-0.408162816475673,-0.436874448870577,0.786012677850929,0.0775960785310602,-2.46508872085073
-0.400289550209114,-0.130368274123501,1.71495761830482,-0.153318368495622,1.02879851102323,-1.54667600863255,0.333898861355737,-0.965112713451872,-0.931444422863132,1.17380446974515,-1.0571501289143,-2.59944545800104,0.911930777392071,-3.23995004136956,-0.128521727521226,1.04097686134122,-1.31807675660553,-0.591937632730742,-0.579609386515474,-0.636533518388486,2.19235199998536,-0.938946725876103,0.277982954351125,-1.15262102532929,0.701755302251218,0.127435560440102,0.0869095432210467,1.60867373337916,2.22421499005966,-2.32560903540766,0.540192668884034,-2.87153195897411,1.96400294173143,0.71951642298996,0.68612355154881,0.827055908219096,-0.641496778604616,1.06668583796847,-0.447825316653536,-0.741530570336892,-0.952914609745075,-0.599865852253639,-0.50323795921343,-0.51907051836181,-0.690558710653542,-0.27920189270581,2.13418258954961,1.05331199333639,-1.6890995260557,-3.39963764637316
-0.895161477720613,2.29350577916877,1.39192494916776,0.601571548207057,0.682894105214268,-1.90890154735647,-0.914318872525024,0.00249333088681489,0.0181562001894464,0.129375451209339,-1.68201630798633,-0.628704662664441,-0.52994387506424,-0.197235477417433,0.419825793964423,0.343916957317815,-0.33662278972107,-0.210294502075597,-0.290155385896836,-2.08043085330822,1.27141406256596,-1.07221231061417,0.572663666761407,-0.403803282551091,-1.29279262860406,1.95855954638213,0.403297340686779,3.0642364196313,0.486157835467668,-0.738529534510659,-0.506700958075539,-1.03103010560592,-1.06741732005343,-2.54724576346083,0.280734647010105,-0.388700387562695,1.2098761177665,2.72318879940805,1.73244124905466,-1.05809674915517,1.12383805565908,-0.271342953937047,1.57022921108338,-1.3175145970805,-1.27417436443811,0.9039733755894,-0.212316969418133,0.811503259371186,-0.907020171377835,-0.210024469000837
0.482646050258345,-1.6407263843443,-0.68345370581166,-3.73338070528453,1.08157105812796,1.95763209823767,0.623624999207367,0.9569635542124,-2.30721880615082,-0.14266842044874,1.57652094139723,-1.14337476291264,-0.515038892578615,0.997848079922749,2.81298019991527,-2.23839796337272,0.995757973219931,0.715068111494104,2.33381844484154,2.55247201102469,1.42650990503297,-2.35724532245459,-1.38526135775409,-0.57574986703259,-1.59788776671922,-0.0647072507701845,-0.506398288073276,-1.51080166458641,0.860554712172869,0.828270012026518,-0.867586284884695,-1.76708608909729,2.00877306670813,0.180977985716487,1.32782926607491,0.580880633450961,-3.36147665780561,2.09842953748374,0.00641128188811485,1.19229495727221,-0.00441103948886368,-0.777681287790386,-0.310886290396601,1.0563776960293,0.505424012071134,-1.26145443322418,-1.16813407033492,1.06669575888365,1.18608650971398,-1.62507975020309
1.11276239562791,-2.94853059871929,1.23161894913317,-0.463481371977863,0.0339946922266179,1.3324026549491,2.42577853603732,-0.539197867925868,-2.78615407456048,-0.13623871177488,0.688605023777981,-0.357366372495355,2.08400406920495,-0.562035102208611,0.367749142593684,-0.372878102384943,0.691075834614921,1.93980046074252,0.989887982822422,0.599067375915542,-2.43762821173424,-1.22349243026349,-0.853136984261638,1.14382698751102,2.12089871298842,-2.1219364341925,-1.26218906711054,-0.288749885770727,1.4774193931347,-1.17988752708669,3.98085956402913,1.4130000132079,0.200702928728123,0.282549407485896,-3.82474846986503,-1.14164722828938,0.759746349717851,1.52217967582612,2.33290018611263,-1.14362738813326,0.13626638306014,-1.7444838011443,-1.54697659619955,-0.714312808150539,3.61419214078876,-0.700499675192645,-0.699016197058971,-1.15987955957657,0.00127655434075134,-2.15259248784258
-0.0636414233698665,-1.54450607971981,0.42275736445777,-0.524709010762752,-1.72668982798158,-1.07095649575278,-0.311976448997875,-0.0112993225826628,-2.33919774665881,-1.51175273899535,-0.165809561788297,-2.0368002409409,0.0340770117068277,-0.110720711259758,-1.83846390246632,1.27543557731136,-0.626028397913605,1.17001655476445,0.080995928872879,-0.567352626565409,1.15111882118842,-0.531768408002943,-0.187632407853485,-0.053896155137204,1.01376770552099,2.2422989654062,-1.23072020189187,-2.04475173553597,-0.684693510447686,0.364680025375949,2.86713414168808,2.23117538264987,-1.09460395296609,0.428777837511362,-1.37718317636725,0.511315802595194,2.67681435831797,0.588864941114045,-0.593828397548809,-0.167390441405497,-0.0524148961925723,0.943127954131983,-0.428213966900597,-0.0864829235783692,2.41294949159445,-2.12676285617629,1.4426335932525,-2.77548207244713,-0.50728414547423,1.71918964449854
-2.16364402152592,1.45768101514344,-1.95772291947,-0.17370639591932,-0.304600014389229,-0.174982692235889,-1.03404516829003,0.698303539346685,3.73683994159782,1.29118820743153,-0.992204892317064,0.144287225716156,-1.1223571201034,1.53209981651132,0.856302057047141,0.0217143836548195,-0.891722702073471,-2.52687251354515,1.23470276939122,-0.970892385189632,-0.824254656421,1.96784646483704,1.43895102210462,-0.28441189945671,0.0514076775709738,0.2568935850188,1.87720136115136,1.88162737299757,-0.157815590696037,-1.61089024484521,-2.98933912686957,3.09813860161321,0.551260154141829,0.0638609587455773,-1.32710838712875,-1.30176120563327,2.31683702689181,-2.36794158236276,-0.677955408491758,-0.60362169971797,0.185801930498029,1.99680425186639,1.25197667858102,-1.16392281148791,0.129864429548882,-0.0278933670318911,0.891714102831405,-0.0738321449790423,0.0257409468565061,-0.184329735442284
0.689902765244932,-2.63644350343052,1.24382995170938,-1.36925658416011,-1.081355922148,2.96865894301117,1.45181815461235,1.50957906152254,-0.560190881337991,-1.4255490473951,-1.6077956485683,0.237175480498671,0.582377562882924,-1.09974636194656,2.23552708568227,-1.41816405394193,-0.639403181575039,3.04876457728074,1.32973688256489,3.18154885587862,-0.284195341034449,-1.23897216848441,0.215308348791542,0.232864490165676,0.781728687139542,-0.130626578947713,-0.562417437963928,-0.547594309942147,-0.237023653407789,0.405342259100878,2.45760200153502,-0.600367880153191,2.10551324157986,0.933234716039334,0.198100213568063,-0.640036823689765,-0.185804513990953,-0.0440074469946505,0.269938267950331,-1.55180178613353,0.211238734028637,0.447499104354601,-0.452741893600087,1.42573739568963,0.282499403365476,-1.66038456004831,-1.90584678794357,0.56510274420506,3.0875614472683,-2.48502726885374
2.4219500630978,-2.59654143318431,-1.85197484882828,-3.60617481651274,1.71620912629601,-0.616675034928474,2.40254810280275,0.950774479589256,-0.530372610170337,0.822959392943772,0.939252917142313,-0.039920482602251,-1.89006856866389,0.965228439592382,2.67575079153263,-1.54235372713144,-1.22793893967214,0.284555304014439,0.903278761787595,2.54002647706374,1.02565558114365,-0.0287151519512404,0.503773723145174,-0.283333771441471,-3.36991019788819,0.460866568823261,-0.352406339244255,-2.06776625534818,-1.79540774730009,0.112996917205025,0.701309222128401,-1.02279674729766,0.243714922769815,-0.561582988567232,2.45875699227515,0.051369125256771,-2.13290282212511,-0.0730438759909969,-1.00269358731531,-3.63374262176675,-0.400517626369341,2.81545746305007,-3.41239024614344,0.803824182349611,-0.150826075666117,-1.48286308839264,-3.16426381355484,-0.150983211832563,1.79239308205778,-1.80221572692008
-0.677147107372515,-0.572968303360694,1.18242757295689,0.221210217120503,0.936526487761987,-0.378513875787227,-0.247859431892199,-0.471465156212899,-0.1554662295584,1.22062730564393,-1.54803844623199,-1.43206433231475,-2.06697913173049,1.12774644484632,-3.10117486388943,1.46965014937139,-1.75099501093606,-1.61072671226037,-1.75319176892207,-1.16487852403716,-0.510477683978033,4.14875378390733,0.518372414440506,1.7497861655232,1.431846715972,0.516782742779048,-0.496278653883826,0.53410280120733,-1.02370221090135,0.333672449322636,-2.26842599242313,1.5034739344779,-2.50003353467534,-0.510594095366989,-0.898230911480222,-1.20776789557374,-0.572512730257051,-1.7631307516748,-0.43374485576056,0.823256365441036,0.666951772040324,-1.10457867712907,1.67258966565155,-0.243748591499395,-0.68470765236512,1.67613650498975,-1.00481721311231,-1.57175191071866,0.766333509998409,-0.269146457276684
1.51049130689622,-0.3878661014304,0.150664323376621,0.35791767782941,-1.81183744224521,0.381220883806629,1.61386125064932,-0.766585897158078,0.0613344558157489,-0.445967261648378,0.897738856015986,-0.448989575335531,0.206730074000669,-0.637693105108582,0.402758416596093,-0.0112363788206676,2.00251077961518,0.828224454134125,-1.73563004499566,-0.124981638884141,-1.64832055521263,0.0414697061392879,-2.67539969264397,0.0826407999753815,3.13082444332347,1.0502714666126,-1.11292709565744,-3.06747341549292,-1.98430165905171,0.814712707239725,-0.680382757081631,2.87931165008843,0.752785874218984,1.28316290392638,-1.48026198371519,0.735396924247268,0.432234248861158,-1.86077664088898,-0.305058079856326,-2.52613490410055,3.59867153660275,-0.897070707631667,-1.51299640531703,0.692717751736851,1.72254944070721,-0.899587080982442,-0.022352213250571,-1.47720594427877,-0.260974569138365,3.26952181313515
-0.53095751722021,1.00485658290057,-0.0737753521955577,0.688259592392365,-0.394720917430063,2.23679737899434,-0.558792226909237,-1.88946419736477,1.21155182836981,2.90355632078881,-1.84516378597689,1.29723512088915,0.25277498735114,2.02918264747368,-1.72699021714858,1.3651982242062,-0.365909671064132,0.479872550045962,-0.197291668299304,-0.852921992588935,-1.70267657574791,2.90286968408511,1.72481740724626,0.773772775834659,0.755993669049232,-0.0676135463861752,0.14534847587802,-2.4133644388224,-1.33614189298226,-0.874318963357553,-0.212524839079122,-1.20584483130362,-2.28452860936303,0.869576354828706,-0.87044060037926,-1.09502267788288,0.3909094466303,-1.00355352524082,-3.19882885416509,1.10985598717388,0.413957392467949,1.12571523863121,2.39884642015154,-1.47103883544963,-2.21643635203572,1.55607922464489,-0.796245392769653,1.90131850103026,-0.463503735424937,0.733086322845228
