"V1","V2","V3","V4","V5","V6","V7","V8","V9","V10","V11","V12","V13","V14","V15","V16","V17","V18","V19","V20","V21","V22","V23","V24","V25","V26","V27","V28","V29","V30","V31","V32","V33","V34","V35","V36","V37","V38","V39","V40","V41","V42","V43","V44","V45","V46","V47","V48","V49","V50"
-1.06440028553026,-0.184333427024533,1.56944435766323,1.11070603216939,-1.54836508477471,0.359957461566534,-0.526984007194912,-1.12415855370194,0.406014514689392,-0.544839026707982,0.943602753487441,-0.491128850761072,-0.581825314435354,0.339623939894691,0.00107687011594425,-0.059459134049376,-0.265973115368331,-0.351095157745827,0.000167327527016488,1.15747367553135,-0.0442945156946403,0.75237869907631,0.0779489424266449,1.45836032774749,-1.30500403625353,-0.498458443046187,-0.703434378198661,-0.327191019988392,0.736190456884059,0.419298648205021,-0.256204196245864,-1.40721058244416,0.0181247700200349,-0.683654341574446,0.760153222903062,0.265965872469787,0.763714275336004,0.575019299383675,-0.0209961282632433,-0.526388790482376,-1.074486595993,0.109977377770431,-0.15350765663195,0.696858730854239,1.42431003644325,0.800328369675612,1.17766503130934,-0.822019742444727,-0.0267638788793514,1.29271312969205
2.11943691718655,-0.646098830798892,-2.7995252836587,-0.552644607628624,1.88128164184364,-0.0356645601852517,0.354566999257193,1.45788054288268,-0.7326394442955,0.135935316474813,-1.60796873179556,0.0285517856913682,-0.287604560464379,0.655794286828535,-0.627712075217275,0.890567733517048,-0.00431272948765436,-0.722959189044895,-0.210763955812302,-1.57034993051713,0.0649405089319069,-0.657347306305916,-0.494112653033587,-1.91877570675138,0.0206141733252537,1.12788360080444,0.965006017387631,-0.611286686985932,-1.35754266229005,0.124581909009463,-0.409173237902568,-0.155672147638556,-0.308937473368007,0.463758056615789,-0.942491740835023,-0.0465909007782966,-0.82711126807069,-0.121414571045665,-0.587550749790448,0.620488812528852,2.25915790884769,-0.98721209110389,0.552088525302486,0.0815000027214485,-0.0591994998407841,-0.924762405041937,-1.05549974416183,0.558193980368333,0.0635005321416482,-0.707506535649573
1.49990768761455,0.195062992296669,-0.587839532540587,0.617759785232421,-1.23266254826057,2.05681155291204,-0.0960793135625044,0.170606894229701,1.39719317966085,-0.309305754325142,-1.14410396914667,0.154886302101608,-0.668408391102529,0.830749737053666,-0.489901816494923,-0.559653184032286,1.18131838326322,-0.709579868898776,-0.539758421533151,-1.92067157461026,-0.0723321104011398,0.0913718632442911,-0.933727725909718,-0.751584571453245,-1.05063682686782,0.52172123846015,-0.0599598206008274,-1.15931078025928,-0.376831835697166,-0.222330936365273,-0.194793536361951,-0.561791019056682,-0.671319150014085,-0.294722903960564,0.242299057691247,0.44645830610919,-0.534018222765463,-0.0916437237264548,0.173034584146219,-0.0321394944123913,2.07723743692213,-1.11950439886997,-0.0746163110876589,0.171311184185251,-0.531215920638492,-0.626835701355324,0.815920286837053,-0.962940824142658,0.0586544069351329,0.217534197261533
-1.65795025570622,-0.0522053578999999,1.34853403108788,1.18227148118158,-0.926661168061408,1.01056700199734,-0.973960594276447,-1.70678059605654,-0.585763680166164,-0.886218490158257,0.969806829461487,-0.11177828200866,-0.882556376080089,0.0692439981468254,0.279094215446828,-0.505859871648271,-0.553801590839028,-0.17902608669307,0.0641042477469047,1.07528847729171,-0.149472346983192,0.833610519041428,0.789664810266569,1.57785312833586,-0.983594675605343,-0.381450559771666,-0.368400177286617,-0.604588838434814,0.255080119706634,0.645465532874649,0.0748001352336346,-1.56387963143714,0.376001562112547,-0.423333352094238,1.32820885571012,0.386294971123988,0.707770538601471,0.373074339510368,0.00252911174833508,-0.116262729210729,-0.698803408064691,0.672978140030646,-0.200774875171785,0.261221138730281,0.714341142399529,1.65495979139124,0.807652728219547,-0.147119022580856,-0.77971871331948,0.673621973157027
-1.70705986942899,0.13416098361774,1.69647783649362,0.783499109090295,-0.611082273584848,0.0305325074065327,-0.571022874674121,-0.530529305336307,-0.9918743827303,-0.217527183936748,0.759083625669885,0.203308058536648,-0.935253369628186,-0.0226210510840046,0.13174858929367,-0.277823452127916,0.0114689803854732,-0.0436822887155455,0.0949729564770277,1.12539584372711,0.617199931158813,0.826022014370229,0.243814567027058,1.3839507373005,-0.923660604310972,-0.245468717919755,-0.311832920262109,-0.108428456648799,-0.00808125352226876,0.829575812582134,0.493686448844659,-0.644049742925896,0.534530559455781,-0.141218995166732,0.858660435801678,0.698188206895862,-0.256531585137956,0.454331637298002,-0.364103138384024,-0.17872330963009,-1.40629128789292,0.23535358702023,-0.0486551026889254,0.302239677144267,1.76595171679046,1.49182105674426,0.826427112210912,0.091992040358675,0.173482819540764,0.863517501228142
1.41506647331021,-1.07165003756772,-3.3760894028521,-0.579170825020415,1.80471822926398,-0.795664186718126,0.415765963800884,1.1744492050543,-0.787082671118156,-0.215503893033206,-1.53469987429898,0.149858076719588,-0.128150321138486,0.11212459711063,0.305379102811396,1.56092888958094,0.127826214567357,-0.218929569013298,-0.290620324057406,-1.052513899969,-0.391777758684353,-2.01024766354851,-0.562077450733878,-0.802575169328736,0.515314343890171,0.917347293765314,1.15224899942878,-0.340795148309071,-1.0319254058942,0.516957517713551,-0.494264353920033,-0.051798473098355,-0.783972418174992,0.3694586690138,-0.668442112469589,0.291167929884288,-0.417796146749031,0.112429480189396,0.0300029242695812,-0.308096978531895,0.662039331324687,-0.326883700453596,0.715344625475239,-0.320207963186586,-0.34107225335896,-1.4620228810608,-1.7743837120421,0.834616213019448,0.0632143764603709,-0.407408725383457
-0.0369638990729229,0.241099942442593,1.90453495783954,-1.2774947284379,-0.691980641968607,-0.742782184587334,-1.13120607945604,0.0546894310377064,2.3841413426456,1.92624647812675,1.79997049043684,2.24380249320772,1.60540812017651,0.569392902751017,0.648605956089709,-1.77173431343618,-0.191114172440654,1.13356506981769,0.157068862920246,-0.343181877906685,-0.782283025005819,0.294017999416968,-0.0881683021561704,-0.821159143364991,0.421530325699536,-0.817831759362544,-0.373425538353545,0.430183368541413,2.7659271095642,-2.55240399498505,1.33419756231202,1.90432043998587,1.28758494166871,1.90711455963101,-0.111723087250742,-1.56598107694576,1.30537749539597,1.40127040564563,1.0747706674933,0.385270400563291,-0.581952084600601,0.613879414338548,-2.00431763334308,0.1160845268876,-0.128707942843212,0.154706424675376,1.07149010011247,-1.72130900004515,0.7222565703809,0.714126550506745
-0.990013688291203,-0.265218149720329,1.81050114960114,1.03244681234382,-1.777756210177,0.868476342501078,-1.33993205806908,-1.62959957558137,0.68185863566016,-0.669694564777648,1.17035171902472,-0.216287386080454,-0.458094143515458,0.0647162294366298,0.013365828304007,-0.270019093322093,-0.15431225093751,0.225549342247497,-0.0959615268453663,0.551509418343876,0.142270582407648,0.840194807024319,0.331890036606705,1.21933307601083,-1.133256842631,-0.890086942050799,-0.245956638367888,-0.550893221908992,0.712627729642894,0.507917448491217,-0.486120571148868,-1.44261356404424,0.321486801790054,-1.22384832251664,1.1303569077392,0.316142859155688,0.851682487464774,0.586201194801415,0.165530035256643,-1.21593767301837,-0.864256398373608,-0.201682370471687,-0.423603583514298,0.0651032451854929,0.425810028739024,0.430447169474199,0.385161634693304,-1.16593208916115,-0.237105826514543,1.13828680683939
1.5152538861148,-0.953453734548825,-3.08057358293881,-0.273533844895232,2.25398283700476,-0.516609326001714,0.901760381967621,1.79986583952957,-0.219744653930785,0.0607040122045645,-1.76187149019805,-0.130025179042535,-0.509915776715932,0.137584834595169,-0.0301333334583703,1.51069628318565,0.119774491676174,-0.954293781595718,0.17749186648252,-0.935558400037653,-0.262858708791104,-1.24185645296087,-0.503175810636725,-1.23675493352445,0.808512171493345,0.777411194002988,0.757780954894457,-0.105589599052063,-1.35106325656666,0.473323044241641,-0.68839575194247,0.605459016425035,-0.680397143894703,0.57950605649196,-0.889363894399449,0.00719977195464437,-0.105949917151932,0.315635278080929,0.140828325085057,-0.276522102390349,1.46817301082574,-0.724048531145924,0.866163361403307,0.124516839687314,0.0553946820149248,-0.968547649789105,-1.49930973643564,1.13586860557879,0.113514149103548,-1.15225001867339
-0.331354972758961,1.70518458367072,-1.24343804145604,-0.278240690294323,1.56242312837141,-1.51968142045276,1.08157522949201,0.601804313316222,-0.32132869979459,-1.88376183020048,-0.20035800397867,-1.1784094737833,-0.0592935779710143,-1.28741881556455,-0.842334718953411,3.13417997991957,-0.391464059658324,1.02084009685586,-0.403469874870206,1.35953991486061,1.27205306303608,0.269026539593977,-0.699985508498377,-0.00368323241840023,1.71992783458569,-0.463486445404734,0.793875731182425,2.26444362584974,-0.612708309470521,-0.297519037892357,-1.41472235212873,2.88296308191048,0.0210580542902109,-1.21041413099623,-0.291136033744424,0.163074654877869,0.0317348714420965,-1.95022244296213,0.320276096619656,0.971603245382504,-0.471528689387858,0.36787445803187,-0.0956445055970215,-1.47633586592075,-1.33995900575731,-1.05304824086163,0.813088886767465,2.16429727821454,-0.66596324479122,0.128969014095501
-1.19331237401573,2.76688315054395,3.19516970315816,-3.98562713099698,-2.48987177832943,1.23251227181279,-0.945600383790525,0.272798433359586,-0.765540829628475,-0.437585038196172,0.453980238143171,-4.18092251562143,1.23304318138153,-1.06525000144666,-1.1335301804739,1.01907859552149,1.20068229761959,1.0957737635346,-0.21170831657065,1.90994891616288,2.98816111467171,1.9829756060025,-0.182523285086849,-0.027362635461359,-0.960750831900782,-0.011033011543454,0.653971689396169,1.88861273663707,-2.76980361566454,1.21380469075684,1.57710698368371,1.34644230103767,0.779263598452839,-0.159919310150741,2.93775781452934,0.261991100206532,-0.865376293629355,-0.963623346651335,1.33006597172557,0.0869263889495479,1.02376951859793,0.0526900400071435,0.219914347520484,-1.36261855071652,0.495269926098253,-2.53167246759778,-1.56756390958127,2.567367404797,0.37073013895384,-2.94434011863456
-2.13479309805366,0.457256992238189,3.04616168252932,-0.21810208346838,-0.409781495040347,-0.881982806623631,-0.355293828315395,-0.157893546479224,-0.38833364095114,1.78539069659619,1.43747018378586,-0.134863979271592,1.49145676472063,-1.21965809990174,0.0539891831625919,-2.6483635431797,0.0762445209156092,0.98281852192416,0.544179868233766,0.237877520975531,-0.890964947845532,-0.174813160416155,1.96072401685894,0.597408899795236,0.234977859331405,-0.162210590535233,-1.70975073033417,0.1337213674848,0.754240629313365,-0.946504310823947,1.95775697462134,-0.177377772680252,0.779557430072953,1.02647094245881,-0.927527973666425,-0.431386218662881,0.0465674750656856,0.0680377511564301,-0.634215163537233,0.435639684266217,-1.62819454348048,1.67322760785306,-0.113905008433644,0.706543167016461,1.31972163847964,2.30009455716908,0.105171892635615,-0.419255753793078,1.07901950642788,-0.495575256532868
2.17095223776298,-0.436591052717758,-3.04673997753393,-0.821927377624445,1.09323319075194,0.312425476456132,1.14242645031956,1.29855255067734,-0.699594017233973,0.783272346430163,-2.01341101454361,0.677097905302307,-0.581916728838828,0.182904621763614,-0.451699320481787,0.862622472380424,0.10017059730445,-0.682260405586521,-0.636564790703009,-1.96136813225932,-0.406010054502129,-0.917534490683765,-0.333939686899062,-1.17012646291966,-0.0668728029835001,1.29327088750351,0.588137743076876,-0.733340564496784,-1.37760959381853,0.393348300619187,-0.170092095251539,-0.195039021423701,-0.320150993597851,0.350420907362185,-0.722721691319483,0.0247202890491901,-0.556851946169797,0.634426545515125,-0.200858277098523,0.748377362942607,2.20231159021248,-1.09478458745303,1.15479184556166,-0.0659406850351178,-0.202756419171135,-0.66864374684608,-1.61873879658885,0.256265885118596,0.190558225307268,-0.521445615522953
-1.69050328949294,-0.101243097429247,2.16589833226421,-0.0239996300520799,-0.715738492231873,-0.838386815630586,-0.206299189905577,-0.415407361201241,-0.632144865226092,1.30933472336479,1.62594957648349,-0.0238339575794837,0.465280525938575,-1.29126183249125,0.215964940909216,-2.40217330825518,-0.375274853808885,0.448972389766453,0.595491769183484,0.995053718990809,-0.503872550241515,0.376963097704252,1.05196107667812,0.445323728772005,-0.168220812259617,0.464197079258603,-1.33082036269844,-0.424783800303366,1.08601497975848,-0.727714021775066,1.58782482639693,-0.669742138081316,0.730590066787298,0.685039863313326,-0.133281013092164,0.176476624936377,-0.193934706138352,0.205573659069231,-0.394998053003029,0.822408753156632,-1.28592781730605,0.841311796775952,-0.104308914587174,0.387212353379733,1.41816944609458,2.48463593033058,0.533868499261302,0.00324584799700955,1.26395677429226,-0.528604591553507
-0.36979246361716,-0.188141994152516,2.32076427847761,-0.766183684349201,-1.17315637741767,-0.96316413825232,-0.236044643953857,0.110412619191738,1.49411345034245,1.97525098841694,1.8472470301585,1.57770804999086,2.31218267368005,0.248366178988428,0.997420129187688,-2.61333599479582,-0.191191479957092,1.55759282165671,0.41522300216724,0.169359298755767,-0.488308318435594,-0.250328420512152,0.43192199718748,-0.14822728335209,0.957661854850245,-0.467080344720071,-0.821010553258898,0.791633467326799,2.16799181786978,-2.52653735291189,1.72198315802248,1.50415640017412,1.45706261290949,1.65880450995423,-0.237690406680528,-0.760482176086159,0.580603407382862,1.03506964341857,0.285005383419969,0.00968046388167623,-0.998078116784646,1.1725087002734,-1.32529724635221,0.41749473232825,0.0144569539739463,1.06914164297123,0.536641929633152,-0.936447844037626,1.66255038132975,0.195257438430138
0.420691949772398,-0.0854347430484143,0.345031055613823,0.749090370420575,-1.82488225529172,1.79227658640851,-0.564235099073487,-1.08358054959351,1.60759392193263,-0.511064781473113,-0.655737760506441,0.239485430131012,-0.48837255445833,0.775123039319339,0.00369887666494792,-0.752459194872904,-0.00193539304102368,-0.951805892502905,-0.669252204370596,-1.38969020110373,0.0521581807927571,0.167911718506975,-0.630801292204798,-0.88204459575454,-1.4556821522206,-0.478093002603818,0.061321079036674,-0.660788232631097,0.0288688863597567,0.463012748528891,-0.245664764777385,-0.792578197946833,-0.118083907335506,-0.883630206677873,0.74246048485978,0.235067771155295,-0.62078158074778,0.30449392039228,-0.301273741806738,-0.674181885241248,1.11826207718228,-0.976964725963682,-0.0828901576590167,-0.24365062709154,-0.645131915449418,-0.593093668816734,0.410879716930898,-1.5498876477596,-0.528152001393079,0.139487940762975
-1.29468311836854,-0.492810921062764,1.83987866604031,0.298372248064771,-0.343370462310968,-0.2946916264732,-0.559193593780011,-0.146006431062153,-1.48526447078921,1.06135033331687,1.27459834093329,0.41028834142152,-0.311910604196028,-0.800550541052707,-0.66723953683694,-1.38967379561364,-0.218738928811226,0.632797531606175,0.601751972323286,1.06306159631613,-0.351916031688651,0.783566779935257,0.909757769071308,1.25689094463301,-0.239004358450626,-0.000868334309143216,-1.34796845162062,-0.19855549005656,0.115358914578445,0.133600888033212,1.00104142966071,-0.723872309426122,0.773796468273658,0.390668928760394,-0.190051495420331,0.00722179041939854,-0.214642547647663,-0.353590384409052,-0.0770216037851739,0.295144459608508,-1.29487498239982,0.570723726996832,-0.161694952354209,0.358454715139638,1.91316010429173,2.03054724039236,0.801914485806814,0.377894973426697,1.0763970239368,0.414749685942852
-1.22090701287222,-0.584850023210416,1.43405338643279,1.79593392121499,-1.50821445660765,0.822178889791629,-0.680253227887667,-0.934002792061205,-0.0108784817399753,-0.244336060538424,0.924572158472325,-0.042203281294811,-0.437591699416699,0.39185052508097,0.194228349875484,-0.632932967661953,0.168357783601375,-0.417139897113015,-0.154308814490208,0.915527115873436,0.174901757284669,1.00155891535271,0.258912399908021,1.17422674487047,-1.44983826539109,-0.768275631068045,-0.582903576796336,-0.09805971463932,0.834257586529606,0.51929045467973,-0.188178626374199,-1.22128506733658,0.360020283928089,-0.165201656280962,0.758002759856023,0.612525277847441,0.235626305249438,0.619082153326316,-0.266195824965031,-0.754441927124832,-0.932344284808507,0.229986751184868,-0.358375458000184,0.0819650805591487,0.665206730391092,0.955761476935607,0.753438431718853,-0.600516758536393,-0.655962425981313,0.650208126941518
0.695259233768095,-0.0570002928754578,0.338543550532814,0.162283801137926,-1.6937416448643,1.87740800606708,0.367066371422849,-0.689737862835364,1.65163076319309,-0.674501660324014,-0.328764871121754,-0.100691017794615,-0.655099609699447,0.835833845797231,-0.375916357721066,-0.704357914909708,0.872113142106191,-0.658073200887417,-0.548184530127793,-1.5804917404469,0.238896342651702,-0.0455193661979494,-0.18264502410807,-0.399243349746804,-1.27582517729039,-0.0824877687824978,0.143445781882282,-1.14970668529256,0.255875855066226,-0.057099558973252,-0.621697584809154,-1.26096025830775,-0.196395999335183,-0.586504986398528,0.942760393090052,-0.0458922093913954,0.30072159059135,-0.0300723471365132,-0.429309343642452,-0.456456450828653,1.1946123150431,-0.0597766244407614,-0.876274466772447,0.417585484289982,-1.19673857661853,-0.288699329593794,-0.207271759756575,-0.797627740102347,-0.201692977573243,0.404591765054362
2.43393927302913,0.482670093334169,-1.37925711534511,-0.307680105388514,-0.645396114291446,2.25820265188922,0.339338368411145,1.08057835738216,0.575482914631454,0.321079582722199,-1.36029398682982,0.757847295302898,-0.905877063547786,0.972166649122578,-0.178204475565466,-0.0695905783677217,1.0712037905534,-0.903773091756678,-0.408818298731831,-2.47067298565368,-0.352886716376314,-0.0505812146164662,-0.943293970478121,-1.13707776311342,-0.524168318032586,0.82423716141859,-0.0883623552178751,-0.462360168847009,-0.875408578484905,0.318876625581582,0.256782771801731,0.00327036330505845,-0.59728362675965,-0.226126008248208,0.0196429289739658,0.718360194831513,-1.38632508181929,0.154118944843784,-0.302523420763205,0.518932078887271,2.44835828295993,-1.17766202782933,-0.293852691862247,-0.133566336315852,-0.611804486334179,-0.571140858148766,0.291103256235968,-0.739556218287248,-0.189788386880705,-0.108795774464388
1.95226515794459,-0.0293391895995377,-2.21028843339921,-0.164766690356563,0.493392212953341,1.26405171471773,0.871050675887633,1.21028336639892,0.0239272546247413,0.313995873757322,-1.41360291372287,0.830600269945482,-0.839171468841933,0.176699077945101,-0.372009717346787,-0.539483556687209,0.36240638040719,-0.95319016746206,-0.870204838473682,-2.49894523539009,-0.610328984918516,-0.645865924970255,-0.820571627865455,-1.29720393209291,-0.827408495599861,1.01984899110418,0.258271839898674,-0.373452169452484,-1.6820616794281,0.229369192089832,0.1543163024534,0.283394220770341,-0.23437906542449,0.303310401814183,-0.066057130092662,0.587034876398114,-1.03899156775444,0.125371516856317,-0.914068086672531,0.45301013966813,2.36598367385305,-1.1865227741431,0.436159608474676,0.0593261782942803,-0.292482566209741,-0.619346967165042,-0.952785291175177,-0.174624016439431,0.57634660311579,-0.216639526585845
-1.6263282427513,0.294417617970527,1.79576928424279,0.226931069406991,-0.416397096371821,-0.434070180643563,-0.137580815227069,-0.379091575997464,-1.14269005784834,0.551721840574294,1.73657649435586,0.0914825233546969,0.541319859967738,-1.23309672638905,-0.231651174548854,-1.76666385195888,-0.0510839411688965,0.492768575527142,0.457787898497104,1.21294996602561,-0.129122027572965,0.00332635598735302,0.985318569747739,1.22877836800948,-0.278771414568998,0.0110854872779901,-1.27380155301959,0.451008325120193,0.107428890981368,0.0989134068224513,1.49243690512655,-0.462585998805613,0.6035937333081,0.277629250344036,0.198054313251533,-0.116989472068709,0.4934442353246,0.0596429136945439,-0.503213757219494,0.388950696619884,-1.42671005063213,1.21373895720279,0.20890288606717,0.473945028343191,1.70101155313953,2.2956571636465,0.740135743694869,-0.214610577622983,0.698757394813029,0.12071777593203
1.38272180387397,-1.02711626924025,-2.69464645038042,-0.292090559206106,2.70605459676444,-1.21185605261072,0.838339747512992,1.07263207988144,-1.0433672198646,-0.282859888216694,-1.54964591402357,0.140290069435152,0.333493629981787,0.201956213538041,0.589366554053736,2.20903808136134,-0.246715444307433,-0.665680187457205,0.357651289541794,-0.353454014054507,-0.091922885855627,-1.65385711127177,-0.448433137008439,-1.26697486402763,0.913688877742502,0.417166213143503,1.11606812154487,-0.486217420405813,-1.39862172985015,0.843877177272468,-1.20932284201921,0.145397982505096,-0.834986855855642,0.191820674211017,-1.10267487647258,0.0359241020042787,0.432007235928068,-0.0778593082473117,-0.533648027367677,-0.558669712618628,0.920868010731039,-0.77494933133684,1.20146689654921,-0.267666442769008,-0.0834266611810927,-1.63945325416593,-1.95689239649817,1.32426365948237,0.0329520908418997,-0.767135726746303
-1.94387120022894,-0.267864678698535,2.59565512585401,-0.480281483759701,-0.320397749336119,-0.709569547456139,-0.0592949703590846,-0.451699437699998,-1.41998342713368,1.1767340586613,1.4199625501711,-0.0519713098126424,1.08863826375646,-1.27075309969511,-0.369064793705736,-2.00977192818727,-0.221642553249022,1.17904792607455,0.282452941913271,0.95412643675634,-0.241460708188833,0.152035100222871,1.54739718593226,0.797148678991458,0.0154367113105754,0.385753808408396,-1.22071149089152,-0.1000702972827,0.672264351451919,-0.275506836810056,0.706888863918046,-0.65015765778137,0.469041057239748,0.784617559408742,-0.502690146322223,0.0698085532723002,-0.255214998171949,0.0722025290858927,-0.364015882413575,0.303233973038133,-1.6585758135587,0.666893140296772,-0.196429101801283,1.02046455185922,1.84596678309812,2.44647168516851,0.483302015238585,-0.296975828476855,1.22964195434849,-0.473732693488339
1.42159486208665,-0.666677869140384,-3.71409701222274,-0.0122284330872107,3.24788916603844,-0.992741421882726,0.888592154475787,1.57985189871321,-0.966406732142512,-0.385225557008405,-1.50691718150549,0.0583171725987461,-0.0226491548713733,0.333051090416571,0.362833165194253,2.20653262781445,-0.555964692831292,-0.258324491378218,0.406159318787872,-0.343138418718344,-0.21080279587195,-1.19790885724075,-0.419877085245354,-0.437144559383797,0.797729204782595,0.565258858092675,1.01304113935277,0.196167938040287,-0.71747056876659,1.11582604228322,-1.20921595514594,0.155401643687188,-1.03253227770568,-0.0174883597761816,-1.12603143159771,-0.173913350430486,0.252141511798843,-0.183302400867241,0.645218326311068,-0.00892648749887917,0.382451658116233,-0.56409688696279,1.04561558120844,0.177615709063817,-0.640085500518474,-1.44481461057044,-1.69283396051538,1.5412113255859,-0.405595512072178,-0.715853083406681
1.82444489367719,-0.691654465606734,-3.20801529430694,-0.435204538112545,2.17925419254412,-0.598090115641798,0.605246256954278,1.26835681070912,-0.319897354533029,0.143400532318344,-1.82385923736736,0.385965086095782,-0.582194081182871,0.0859137191775571,0.561679319366944,1.7116672318051,-0.490009559722574,-0.5927763957925,-0.15055276226493,-1.27277623399738,-0.34110911041744,-1.3077099253179,-0.335722729228783,-0.880764801093292,0.752441594986761,0.495190597958443,0.588598608245118,-0.0597879918890769,-1.81438813230194,0.79921911032983,-0.600067586009214,-0.288998595724644,-0.681069552406516,0.504242565436335,-1.406081904341,0.297435388656818,-0.366567377696014,0.296872348433667,0.35561257061608,-0.272782556830798,1.19475702281049,-1.10735166246254,0.945696221519739,-0.600530007594979,-0.179382590490465,-1.907622961524,-1.43130704057016,0.640460767367792,0.19068095862362,-0.314603678937042
-2.20508123846488,-0.683566248520295,2.05207833329502,0.159920418659751,-0.822850717117839,-0.556668132366455,-0.136909272451514,-0.539705681915232,-1.11590786718378,0.927105200373591,1.95192562086447,0.241975418330426,0.145938137459446,-1.13447864695859,-0.116784493939803,-1.90668697884276,-0.453856819033324,0.267440640729501,0.735230454545939,1.40678341867257,-0.217768611811515,0.321457767246742,0.875368968856294,0.755570018544829,-0.238864938697948,-0.0360344481016695,-1.6308587331964,0.487683330394378,0.321146817380922,-0.473383191881597,1.37689011671055,-0.602815127660143,0.758227709875271,0.923996536429102,-0.678508131007452,0.0982231409930576,-0.316374657070485,-0.126232060285386,-0.28919035554036,0.645682984964023,-1.71321824249238,0.907346849039564,0.100512810546787,0.953357600409233,1.48912837484468,2.09642935479009,0.804198236226388,-0.383601487129008,0.720855191122275,-0.0964402602317401
-0.487691853652219,-0.053005761423856,2.00440892332257,-1.1516179921642,-1.21790457799567,-1.14862325493889,-0.383019459663543,0.0845739520099392,1.77399347349124,2.02330511933884,1.78907078649378,1.19470001576879,1.85440562239029,-0.0370529525985886,0.629097657453341,-2.19962192590768,0.167386210632723,0.942570917845722,0.386001155547209,-0.142361016646825,-0.83158540987523,-0.0783950370775918,0.73357478630504,-0.529897666719142,0.181769875383687,-0.209577581511616,-1.06888923450416,0.488634087593438,2.32162458040971,-2.38260990195716,1.92479461954769,0.999569970515952,1.01295944271649,2.20455536916769,-0.245927761347421,-1.27159712062094,0.296894106326993,0.76107033474052,0.0679025903276887,0.3518701474116,-1.19265859745682,0.887505434407137,-1.9886499213563,0.597005793175595,0.207969578569284,0.875596044353613,0.877401309017985,-1.57177276480294,0.703907065647214,0.254411139786864
-0.214891518198359,-0.0805999338448703,0.780815232164626,0.843804197528014,-2.20065866388565,1.38217438252043,-0.346600845782998,-1.40731072816157,1.09374536417987,-0.300861354249805,-0.0702288359362171,-0.231457308778957,-0.557965093667348,1.25419776364527,0.0431590885950489,-1.1314659211097,0.272800175302554,-0.782500706990347,-0.637109215304539,-0.675586046248291,0.529994607520606,0.438157234913491,-0.103571939066304,-0.234629110561136,-1.46077111172365,-0.444545533803494,-0.032392302919798,-1.02497540455447,0.734519741977177,-0.293935974847264,-0.954871102743438,-1.20633940718983,-0.456788455974145,-0.661858082020769,0.812058824596702,-0.359886182945037,0.599103126597262,0.216577077637897,-0.318532807397424,-0.848531323013486,0.202175350462797,-0.272220920614531,-0.27947726312759,0.374532316410362,-0.308075189852846,-0.57227482245628,0.876992432946316,-1.70252328587471,-1.04453965225182,0.453478831110245
0.857673027481523,-0.607080488386701,-3.30901156989952,-0.32076203409285,2.99415403787215,-1.58398161896449,0.687754667194749,1.30739610569365,-0.813596680940754,-0.597704360750875,-0.96677667257596,-0.142128906134038,0.274758245905611,0.115257657065814,0.594322931424557,2.61326091659858,-0.532046181512907,-0.308855691213708,0.528815286617257,0.437557188933801,-0.0454881488507074,-1.94459220319511,-0.21427114760197,-0.556355462061515,1.47980700103906,0.377978277918504,1.60931065880439,0.724995348363541,-0.292193961067805,0.872032135582342,-1.30005813700833,0.381736142099424,-1.23580622190114,-0.475367993443899,-1.36820342540689,0.0690350437624649,0.0998504562035754,-0.0858122710897288,0.253421878622576,-0.538517741325498,0.034720718053657,-0.19418555568129,1.30514481794939,-0.119369059511739,-0.466294035182189,-1.37786471863681,-1.62195962382183,1.51761101002031,-0.549599059628344,-0.735753097841637
-1.58696598393687,0.0630796645591599,1.92264495589757,0.847383456088768,-0.785066823912882,0.0350433076654346,-0.580732511649671,-0.624791126694549,-1.76621538021141,0.00706283852818811,1.20516619743512,0.138390185251116,0.1679095489276,-1.1324982223414,-0.349948500116641,-1.278685352927,-0.560104009196435,0.981120526600903,-0.130063008562332,0.898853686901747,-0.108821924579003,0.937697575975171,0.922925450797325,1.08216228073659,-0.04585341884949,0.180521335897098,-1.01189577166017,-0.124220178292388,0.421992454510386,0.036380710894088,1.07713233659587,-0.720969089624531,0.361739651818694,-0.188583836645098,0.329858069253883,0.270301761410364,-0.197827785315536,0.534433935797059,-0.600727350920711,0.275790460333273,-1.14693455317771,0.82133494465719,-0.496724063926833,0.976727827065462,1.94017970407802,1.90348129159467,0.546697963238791,-0.0135958551846787,0.720818028391321,0.625436050889657
-1.42157409253682,0.0350853235783323,1.08195648487112,1.13204522487363,-1.27460636297092,1.02633391391401,-0.853542353527052,-1.43026657870382,0.564953306738463,-0.892598800163069,0.922047306148864,-0.0285294415882856,-1.00232832284243,0.206038112853102,0.575032465523856,-0.437706013858911,0.125472235747409,-0.233369535557599,-0.45886969215409,0.939073720544419,0.0829754206324353,0.921529201149359,0.110452762772247,1.51162981807236,-1.05110110271646,-0.29577063714713,-0.0794140492737283,-0.923704540761833,0.649832799060069,0.523668211542242,-0.982861351838429,-1.48139036168492,0.0383540967709485,-0.801211491349866,1.24341263197544,0.940985718364357,0.671466273131097,0.260720609807154,-0.115733905868,-0.891139147939491,-1.28512771485514,-0.202308031746936,-0.446951068153062,0.280355297184317,0.270082488208643,0.673419605899514,0.560734047945373,-0.995578594965121,-0.213388683587907,0.989380235173098
-0.186847683469633,-0.326119300203966,1.57628721310706,1.41068885135479,-1.92915538916598,1.55477399470634,-0.892108071042891,-1.37596736169806,1.67101488025029,-0.916059654202514,0.492617464687527,-0.0925803646688386,-0.340053863017753,0.92118690019464,0.301448284643204,-0.424270376015957,-0.0149386406252805,-0.556282581299611,-0.303424693170196,-0.0435611802988986,0.198548074893032,0.89915913606157,-0.484208671287073,0.369238667002759,-1.39833052352162,-0.777607501888653,-0.253071523585258,-0.70533435026403,1.1308279147557,0.204329139386392,-0.582794206685019,-1.4388070255771,-0.479386595249027,-0.286341403366666,1.21530329427202,0.321669252050732,0.996560493539647,-0.303771847585522,0.385864659839602,-1.02911201837379,0.102844237754862,-0.0580566325016688,-0.200434987854893,-0.219763557811949,0.0905393282802872,0.372761653660111,0.9876793972794,-1.54306296989413,-1.11047630332345,0.724812894819024
-1.67386140525708,0.177024486115835,2.22303526329442,-0.124028877597747,-0.327226158491056,-0.229997257587853,-0.205735948210028,-0.227674593518239,-0.934906819035868,0.966234373076675,1.71517028241659,-0.389421338486306,0.995598924015571,-0.890010905717363,0.144992859383951,-2.44353957775796,-0.230483921125071,0.77239354202166,0.714559496926949,0.962907197931036,-0.829342024338577,-0.122510774237769,1.36976729534014,0.650469222827489,0.529213161056196,0.504179647765023,-1.84536545125605,-0.253393895100575,0.409419999646865,-1.34594248096289,1.77713130919145,-0.366418532276812,1.16615259261478,0.786589159724993,-0.749120858103318,0.101730396408407,-0.174184462726728,0.0328766688640634,-0.429895752739152,0.571456873869108,-1.28970030293705,1.18438674862856,-0.475969051700665,0.897677186514704,0.750737380679265,2.43654927792373,0.445724442459781,-0.256729432645985,0.997114577909239,-0.648849914020907
-0.707859891831815,2.66146467449792,0.907826646802835,-2.37113001731675,-0.242072118601757,-0.0759655064280642,-0.175626658480263,0.299569322923934,-0.311008061203931,-1.26886100556018,0.0951981211298726,-2.1133963471195,0.438294040863538,-1.29251827561346,-1.4797248952351,1.68976636441335,0.888923886684783,0.795742279318078,-0.560101636442682,1.64058868369782,1.98713293033665,1.00709830467823,-0.180779703603949,0.176713954327945,-0.135133411276674,-0.384443728481751,0.824487634843825,1.72175575668577,-0.969729390870166,0.593119063021162,0.235892151463322,2.5633372792506,0.778122283542666,-0.52727147035042,0.996993076890928,0.404168022976515,-0.850434894456414,-2.02876712583695,0.74527988583448,0.69957701391054,0.547894963151478,0.214229286673261,0.702058828494331,-1.14722858869671,-0.222016733534826,-1.91164079162201,-0.464306261162419,2.33700982009931,-0.479325591672175,-1.67343369561687
-0.0767548417071609,0.614796082191799,1.09436732285588,0.88114411808562,-1.85633463496313,1.74344542532182,-0.406515205865287,-1.36063687769727,1.70439474014132,-0.545367875632973,0.446321825349669,-0.421436814839181,-0.487724792160079,1.04595289144318,0.487738191925696,-0.418579048145442,-0.0655697517985413,-0.78059299758209,-0.0286453123798881,-0.0492813532982855,0.364316008902748,0.434727134939304,-0.307624884040444,0.126590670602009,-1.04188167761688,-0.479021336323321,-0.0157909151442038,-0.963638139693744,1.00020442539121,-0.103822329176445,-0.857434827889259,-1.54797326291231,-0.668729960634965,-0.447559234216942,1.34789915431953,-0.0473915504928161,0.635250373175284,0.231207251072168,-0.249378565153181,-0.828808640155544,0.0294032598836915,-0.240739038439582,-0.505809157370817,-0.057528711321436,-0.796056077784825,0.0818537539580384,0.513055730635082,-1.77279769292206,-1.08851111955115,0.758152383437286
-0.873999989288945,-0.417028500223823,1.70164070482735,0.622502697475064,-1.94720674375153,1.01710751594675,-1.14391823722184,-1.41839019806176,0.294207178120693,-0.929920641726911,0.710955289483774,-0.674662531103893,-0.494940553316809,0.239268585694317,-0.14587711411316,-0.0502677906588199,-0.0981081573791221,-0.578814445227725,-0.00125923841309408,0.619890065035968,0.0349746728895999,0.621014614423712,0.318855528467088,1.01297322707455,-1.2616643395803,-0.417148392718286,-0.208806059409987,-0.669088340189005,0.574334315115754,0.437338961889596,-0.619414578751816,-1.50518472584915,0.0633016361439623,-0.381064741803084,0.601364188341962,0.431732471346753,0.33601066152466,0.0948958149907041,-0.5230935788536,-0.711403491870897,-1.0694175214662,0.36943077093929,0.266368420834664,0.0226626590256849,0.92672951455174,0.410355933274208,0.426060382767787,-0.9203823286866,-0.896294975197112,1.2690641908589
1.130746201645,-0.855644789510349,-3.33067131207718,0.161701941759179,3.2991078224756,-1.80484462517414,0.681575660479959,0.877394815685762,-1.05644974489767,-0.600392053375291,-1.64020105650218,-0.0744980149727899,0.0495356716788308,-0.0946291791809187,0.358061285628913,2.51860236246459,-1.04164409641371,0.224477282134412,0.283649646489077,0.647352038129498,0.231444947834151,-1.63638332986177,-0.485422558792954,-0.163455035719684,1.79729805578942,-0.0460400972987656,0.831645812512965,0.240568829731868,-1.17140593389546,0.715849051380036,-1.31223857589204,0.497098950969411,-0.941921405454605,-0.196272437806029,-1.68705609307456,0.0680903726318095,0.856667977419663,-0.463181157219485,0.61073945394205,-0.338353462622482,0.214770658197976,-0.765109631414021,1.2972359094798,-0.325098223474819,-0.500374702155759,-1.29462659067869,-0.936910903700726,1.55136797398249,-0.26904292234908,-0.292230275995838
-1.99399955253,-0.174382998246666,2.54062039691702,-0.287284137550058,-0.479749867284221,-0.424513352527797,-0.0197081165791309,0.147356078637601,-0.181561121074035,1.47459582345141,2.1478715458203,-0.152656465414142,1.41970433778241,-0.946485105190571,-0.0163501285407389,-2.51193545314318,0.0296229919479002,0.508296295125804,0.669937157621565,0.596585854749217,-0.485323636326737,0.403621299518475,1.5466276179176,0.373700776734169,0.329169546701517,0.620218146614567,-1.7552944910135,0.303349817734336,0.589902206468281,-0.866244725291701,1.52602817605808,-0.643250666125984,0.565976607175754,1.03329144217827,-0.654041704104555,-0.618370916863159,-0.369279471421058,0.278488620279998,-0.357711526669041,0.544474655861139,-1.68444861559842,1.23634773862254,-0.0510566488666482,0.847500983203859,1.35425157105545,2.32654141647532,0.206690749517192,-0.189757405768089,1.11843089021911,-0.651692714017776
-0.592190987155452,2.58649008334225,1.84675853079458,-2.31498185310942,-0.436055542092904,-0.117495939714219,0.0192176133899333,-0.248264624189663,-0.311042653012078,-1.44334114264651,0.05932287842586,-2.69938301452545,0.568315680585358,-0.718423233740492,-1.29040887617751,1.8746799443206,0.602515214202132,1.14771677576996,-0.417101752941064,1.15839134033212,2.42099478307456,1.93153876577003,-0.316359871565523,-0.123131826136493,0.354713845371183,-0.674455416945523,0.717552722537961,1.8642967684433,-1.24414662976283,0.73836081634622,0.317255354208674,2.60614719379546,0.531768385981874,-1.01787600913995,2.25644634603847,0.433487104091136,-0.765461663987246,-2.24322753664475,1.17775891584393,0.596804544219673,0.391527420755183,0.128419874001642,0.0225028529326229,-1.45501537636584,-0.733117327643372,-1.90967098303867,-0.492686533622698,2.52018123078361,-0.138389082218229,-2.44214773189532
0.284073124964013,1.88918237921314,-0.888757901095614,-0.427943909205971,0.863839404377982,-1.18517416392581,1.02272404290771,0.172537690033374,-0.833379713634459,-1.5133820780014,-0.541477956870058,-1.69142214495525,-0.581818329098747,-1.40124754501607,-0.460850423547938,2.30402613274281,-0.207566033567891,1.33672836966875,0.0910263552604046,1.53363549898469,1.65548234667212,0.600435505903225,-0.795061460044149,0.588396394594895,1.42969004052471,-0.608515837540497,0.971007756628454,2.33160365148411,-0.502923952889586,0.50147865635952,-1.19354186466145,3.27863525514012,0.10957470648596,-1.14709682449595,0.502576795135421,0.111759448704038,-0.215150916642697,-2.47635384495494,0.966239339417462,0.801747316953665,-0.0303999820128913,0.531914923390847,0.679982607518886,-1.65833237691141,-1.46962595105003,-1.51565959431658,0.19456883401437,2.27397853429189,-0.167489504875352,-0.277546649459835
-1.36294831558797,-0.000397662976532542,2.68459097194727,-0.600097144470769,-0.383560414507564,-0.77396797330237,-0.154019165129469,-0.0544780053268333,0.7744214030699,1.87386212620304,1.67383000933675,0.364514442466339,1.93184203034587,-0.995277901332136,0.165376378860595,-2.82935200138693,-0.0195347426425123,1.27420794585043,0.664297786854539,0.128113231297855,-0.938821293417989,-0.428763930973064,1.14840531954251,-0.292059195430277,0.357868485567016,0.0977552876862459,-1.41848199638214,-0.308001887540484,1.49440821784277,-2.14953783665657,1.75078008024058,0.545911892465055,1.17974856175151,2.05932685221124,-0.434984549137505,-0.823262140887847,0.179952866323359,0.595570576228701,-0.19635103043395,0.445550815533168,-1.48173327514291,1.5349587363258,-1.18593293132712,0.75367313020687,0.63492494795902,0.931521211160527,0.711559028594109,-1.01211315726799,1.53006452153739,-0.801257504615219
0.0796754540897072,2.13818946089083,-1.13242918522271,-0.52188345424298,1.4437281548581,-1.43289440240031,1.22569368479701,0.204224450837171,-0.182962335908853,-1.53481735408584,-0.54109872071257,-1.41152397658834,-0.115862537865552,-1.35837845742489,-0.409048037769687,2.81139428494872,-0.430584813367637,1.26409541590019,-0.237694827697548,1.45825064489539,1.51552403900358,0.483302697816422,-0.732819178555129,0.528575591162694,1.79195464740705,-0.296977984199912,0.924559119761565,2.80002294718137,-0.46198766100476,0.132511673386041,-1.57499491334732,2.86431153239975,0.519564071156643,-1.50448972928161,0.154514438881492,0.110301460328976,-0.334372545006602,-2.326029874851,0.635567972252662,0.843624769255712,-0.469600012208322,0.654713496881769,0.760772850798143,-1.18054865102643,-1.28121453918652,-0.956432994093852,0.756455421062951,2.11171581192655,-0.65725622305737,-0.0335248344026538
1.27337616039705,0.19634316120548,-0.0618600854577748,0.147931959545591,-1.30796016560369,1.24514738374204,0.283098529776019,-0.00621319660306124,1.02586115438067,-0.212305134457562,-1.15686898216602,0.688058667731167,-0.619070335938088,0.53181933771617,-0.0194637994265145,-0.967483529248568,0.829682108346451,-1.43188295168111,-0.336579511308903,-1.91165969929199,-0.249501456326152,-0.53483188473963,-0.948278893086316,-0.771331984864655,-0.908585967434305,0.49812848409036,-0.112720680456371,-0.719967902077144,-0.318994663942896,0.123153955198705,-0.390013721118999,-0.384176779633699,0.11673459288412,-0.53136771850881,0.378654709217991,0.00140772555942477,-0.750980448455934,0.155471091258247,-0.555891447506312,0.155053984907272,2.15376083939555,0.0553587154005926,-0.142699365474107,-0.150307162315844,-0.942720136112665,-0.662715607669824,0.0804860014290523,-0.876560431290235,0.0311510790048635,-0.19077482632307
-1.86245713264528,-0.0561665689744759,1.94090382678234,-0.142678097014474,-0.527560892889317,-0.441378616064245,-0.849973870421444,-0.431945459694404,-1.00501304396277,0.706559774975265,1.47145908328834,-0.225729506569872,0.0608364178526951,-0.879135237112977,-0.52949584083962,-1.51591538498041,-0.199438775984305,0.706155088021183,0.616243217712729,1.01314533119275,-0.577385740176887,0.281590637894474,0.94358808934691,1.21109755275276,-0.636816467098237,-0.267910329012941,-1.36431811575311,-0.0206986811282738,0.189060850970374,0.139797528079217,1.10598052734603,-0.531252441030824,0.539705482320322,0.554949236494049,0.117620553748336,-0.0651473111630789,-0.329494083977533,0.107737800539017,-0.406192962138423,0.535624311247979,-1.24299760743047,0.826228525350451,0.165646830689869,0.586797682786771,1.34955562765606,2.25954632484913,0.389907405335827,0.196003644079141,1.10214964488513,-0.235784308760936
-0.924599692605435,-0.279960210762925,1.6102759010249,1.35399741803179,-1.65939847524775,1.18873649639781,-0.404507505790232,-1.13316555676021,0.351325617700371,-0.847958056906391,0.990652577956955,-0.568905753342258,-0.639233799853634,0.521455953650758,0.0563614114688322,-0.139454346132853,0.167541908239895,-0.478089327291339,-0.270736207077222,0.6726446947014,0.240325574327127,0.736151051024865,0.598288690312176,1.76007275461105,-1.30942790499921,-0.593057666556495,-0.0946406916756419,-0.611295575520616,0.0329356335320548,0.422307099777441,-0.225246441531263,-1.40232536885735,0.0579074526053201,-0.863725762504791,1.25485466319622,0.111213512237098,0.382981458221935,-0.0341569884183401,-0.176396578963009,-1.29898334640207,-0.941783923665792,0.0958552735736331,-0.375124975846499,-0.0637996646908787,-0.131181436043272,0.555151511031533,0.547042217492084,-1.03616970457045,-1.01262093645371,0.979060925881729
1.50172076813771,-0.87048681604398,-3.27453551205483,-0.299034064257387,2.64169003044433,-0.993502799074964,0.749446140501262,0.97994034432084,-0.931562814406986,-0.11256723602262,-1.70455576189434,0.0168164987753157,-0.0104485748023457,0.174186492116308,0.666730376471982,1.80612502963763,-0.0698366738715999,-0.655621251468679,-0.110498748685317,-1.16743182168491,-0.256835622883323,-1.42499145235616,-0.0114609531410795,-0.634573265683727,1.12020005213122,0.454482674784237,1.16478744001333,-0.107685630683463,-0.804070958511097,0.654755832517036,-0.725454170747475,-0.0414901800121016,-0.689848795632665,0.277909553528102,-1.15487194644188,0.0637394853927853,0.0484962658711388,0.0162592875539997,-0.0852310072136194,0.347738524410005,0.835553338669121,-1.25885682739765,1.21155579466384,-0.176898805636426,-0.580894453050648,-1.82461641723629,-1.58697339129188,1.41456338138364,-0.368038198159351,-0.595457578151963
0.933439403690462,-1.46087700645924,-3.36266360495625,0.173146439812516,3.32809660902791,-1.65685671266231,0.675496019691466,1.28379597016179,-0.665053489309009,-0.788000866304579,-1.30764999750573,-0.177468087085528,-0.100852120453576,-0.168812567748812,0.723674035861629,2.09677450242581,-0.86641263140508,-0.243194330440741,-0.397995673763935,0.145741530839305,-0.101100350166144,-1.26173821147393,-0.574004115884513,-0.427218791386675,1.56221251575733,0.513701766270147,1.16636109347434,0.643914469102326,-0.783052951185941,0.544473672646702,-1.20108771286482,0.122630774737929,-1.19788574534312,-0.287004668961684,-1.31929676996088,-0.0852920285169361,0.143832487187245,0.0950087095164817,0.706787059775403,-0.376267287817154,0.0925001117070556,-0.576473964401816,1.22544445078348,-0.368411811455302,-0.709929056758453,-1.45448120719042,-1.68188984490666,1.22050864830121,-0.29979370608398,-0.608933664451476
2.16626521102781,0.344204817008965,-1.26846701780287,-0.29851878511358,-0.394164062738953,1.83087371460881,0.345027655714411,0.926386655465181,0.868990255860938,0.218285272843864,-1.66682683731011,0.478380125861159,-0.941569931359399,0.343448209669243,-0.265664506091474,0.0591059179782112,0.732929562667397,-1.2378527924765,-0.772941179634131,-2.69709111727123,0.121547350584447,-0.472198643764436,-1.28843440682452,-1.36679074812831,-0.474079171688848,0.301416489229844,0.0668489695183477,-1.20357317331784,-0.91382258783648,0.143833744049678,0.202252561811031,0.420503846002831,-0.109626223215512,-0.290866669844738,0.469717395231509,0.205677289409399,-0.89087988320417,-0.138173047660659,-0.387562386416374,0.59950857082066,2.0552647660382,-0.863087634933411,-0.122479255311952,0.409502887462068,-0.662922268435047,-0.703005419494075,0.159179769079933,-1.14212980472392,-0.323520630921776,0.0142380279946171
1.51067127033452,0.0838360993755314,0.000201282301993941,0.45230542474407,-1.19858650766924,1.88627083802147,0.507644077720526,0.0968515707170965,1.3321967296731,-0.383803684641571,-0.295264877620134,0.407039713285167,-0.417839659567451,0.448769487284458,0.154521504441152,-0.755762331698621,0.873540510163263,-0.972381710028795,-0.233626670804322,-1.56660478659821,-0.0149372840419909,-0.478735793199404,-0.273352046765132,-0.716700602834834,-0.881439675888964,0.662662342381713,-0.0263969162704776,-1.522403486831,0.320598610264573,-0.077180678146351,-0.41100644791228,-0.370182997144242,-0.32080982419799,-0.911792894913025,0.715187452054691,-0.0543031759980157,-0.723537006207817,0.107066226759331,-0.470434001062659,0.217872613463099,1.94019685130497,-0.786942036782667,-0.135406366618375,0.142569493885413,-1.46517965529512,-0.756951076409962,-0.233774915778786,-1.35494185011985,-0.237894422027116,0.434275377325793
0.908322623795349,0.456492444686368,0.678055193734796,0.578513115410149,-1.91888548937978,1.93187424902657,0.425837556172994,-0.946664871504548,1.10848448388996,-0.665531748550347,-0.457718311325481,-0.280675079770436,-0.396834207799454,1.52511880022347,-0.178234786654827,-1.17907112348518,0.459907858448205,-0.955550299617808,-0.640438297928515,-1.51467906772812,0.00733772724487071,-0.00192347878949478,-1.03217970257317,-0.610598823953289,-1.48499472908063,0.284684870745493,0.15583097954664,-1.55785090182998,-0.272518615553639,0.243440066199345,-0.337939650228307,-0.440326488962922,0.331406372773914,-0.593665525696403,1.11148993454073,0.485506248784946,0.00473608135112102,-0.0934862145140039,-0.226686499889073,0.0322774886857244,1.17832331470286,-0.603323326439053,-0.578948918559517,0.272003976023757,-0.977751758689747,-0.46027549228498,0.36075425965209,-1.70247588622164,-0.66509715859934,0.51962165566641
-1.53342516017328,-0.52006758551392,1.31669766206056,0.666165256935212,-0.906139969833018,-0.199383293854299,-1.23122339264428,-0.469687446164271,-0.447810633097867,0.0306901099368401,1.14947265519253,-0.0698065481423715,-0.76248578528593,-0.564369269515294,0.462602757052869,-0.635128085551571,0.0603612662785016,-0.0676460245042395,0.121393082874749,1.28982645803552,0.00444222008412155,1.04109129651562,0.992531933316224,1.29789161133601,-0.509443482590968,-0.327361878968756,-0.525108170077376,0.00512422886034791,0.13167764929277,0.533827936125273,0.372742180190782,-0.964793503032447,0.171392765778158,0.0981281120856325,0.334624499108527,0.558736821097984,0.438371524007722,0.0241824955500635,-0.431525368380182,0.106475387098458,-1.27168700587989,0.545754690278153,0.388647832064435,0.67595791576112,1.82879385161921,1.45570421147417,0.145763935937584,0.147291915819377,0.28551799352478,0.803712918441562
-0.876677804605183,-0.36065360313515,2.47268779313551,-1.47814495481174,-1.20057975382756,-1.00385382007402,-0.322147116766929,0.351500012476359,1.27339564204264,1.64760510244865,2.34365642883517,1.02399383137953,1.95642556048689,0.104399775919281,0.228969044590844,-2.39043174131321,0.409437370043213,1.45776744082455,0.653228343282409,0.0788766372791393,-0.735854353930368,-0.0864531346265869,0.691128128023035,-0.29986968472161,0.66946963287524,-0.399029883068581,-0.865973227560381,0.598610174936167,1.90877468277349,-1.91695626810979,2.06473866900951,0.899271806797767,0.91669898798126,1.91249207129428,-0.663499428357348,-1.15100610525842,0.657903199548003,0.579588814651092,0.311949123433771,-0.0765438338336721,-1.25378991733081,1.73674335368821,-1.66538952985023,0.317972483161746,-0.00267747820853664,1.74120503240356,1.1665220755303,-1.08471073779447,1.15374926552957,-0.343849892966433
0.707783771690258,0.123329400710243,-2.77170631552933,0.313060165004455,3.2953216452775,-2.10562651194569,1.04028432670226,0.814547207212938,-0.804059902323605,-1.25223419329762,-0.682316341035845,-1.05148298085027,-0.333763219942413,-0.451917530489912,-0.436300483587179,3.0334747119905,-0.930722661656033,0.477678472777425,0.145539370014346,1.0149056396324,0.49007250633159,-1.42799059250822,0.0370424810472223,0.059700746376394,1.80342881712877,-0.083852711110277,1.47539772242142,1.81239011765686,-0.266662225627541,0.248900199395791,-1.80339954209395,1.70845621605353,-1.01638874074665,-0.439799201327398,-0.72756748729812,0.0309311641523459,0.197456952142193,-1.43893218250335,0.929238973432562,0.318010398005362,-0.971105273846833,0.198954167705536,0.723764844928711,-0.397445433511956,-1.10175848355063,-1.12024204028524,-0.558657298571124,2.19397027719605,-0.566047722580337,0.661156879605931
0.581170935045971,1.29970954461603,-2.64006875591249,-0.0477581137178686,2.52832461523399,-2.51807482094322,1.20796539931638,0.306842129762141,-0.776201613124792,-1.75497276484089,-0.860482547349,-0.867947887098659,-0.308489632725759,-0.94108026322326,-0.812816008313501,3.36211051016159,-0.727497493713871,1.01326828584296,0.247975889215978,1.53831580071403,1.29540104746559,-0.482865195654331,-0.599119449689727,0.336265178334747,2.28339719802913,-0.770825211475855,1.25742121290007,2.12228446671999,-0.293532848289053,0.0397386836142337,-1.5614452301116,2.71811616036851,-0.286664487211979,-1.02020399366973,-0.835450610812581,0.150329438029211,0.0668832533918722,-2.02879397398987,0.620970944792237,0.342632930627826,-0.586943811729256,0.367859482607497,0.707981596527913,-1.39297347989327,-1.16306001805399,-0.798948095896769,0.353881625914683,2.1303308953944,-1.01712196258596,0.0597401398510373
-2.18564019940259,-0.26000429572756,1.64385491124134,0.136761807999931,-0.596762274481946,-0.178818198761246,-0.553273270363709,-0.500842802817298,-1.13150801183953,0.498901488109506,1.27385838031622,-0.018728938755283,-0.0657502303707618,-0.897095364722844,-0.353772896192431,-1.56171857845799,-0.483283998297041,0.886380846961266,0.292646420973164,0.783941138001134,-0.618681427812227,0.474936144215084,0.786477140478866,1.01958721990649,-0.344864413791035,0.517102774469495,-1.31882319116373,0.234896333804697,0.125496690732346,-0.622358624578848,0.622495709649631,-0.921231014587094,0.284291288932297,0.479719481099259,-0.32166673739474,0.450743288220561,0.0607322628370013,0.228243775488427,-0.432229373740049,0.503830319919662,-1.23443828631486,0.643195660055356,-0.00722446753166131,0.831294805694878,1.56618721005987,1.95832800747598,0.406912799448242,0.0372392485476727,0.680294279490838,-0.135332038959498
0.376851470019918,0.620719362343081,-2.49539501940607,-0.152910061290841,2.8018478278232,-2.06984787388404,1.16742805098033,0.680011456542699,-0.0509994829315078,-1.71873527755085,-1.06646479625208,-0.514371372121753,-0.451832306621853,-0.428739441266594,0.0504105719790269,3.1941898074723,-0.649782034951928,0.964060972963942,0.0145756663684351,0.773198421115005,1.082319399778,-0.463582938371366,-0.416062907633097,-0.0506739720220856,1.72131534932513,-0.13612812726327,1.62910720070555,1.97685950724228,-0.206761423483934,0.57817304855314,-2.1454225008876,1.99271698156107,-0.381652646196907,-1.19294907125542,-1.37542519550417,0.206457702711639,0.197685999351387,-1.49184180801476,0.518947663200008,0.505320317057217,-0.374253748309034,0.484077321572537,0.873749509042525,-1.19210096483943,-1.22010951583341,-0.595141332023796,0.0294681373489589,1.80436462717194,-0.743729604107156,-0.343844761415545
0.290465055617728,0.294622219229533,-2.95684688527317,0.0353071690594283,2.81593758719353,-1.67149200594988,1.4224176764128,0.326167660954904,-0.7976718957466,-1.72731659626704,-1.19875317026437,-0.595638818017968,-0.119243255223712,-0.780547903269452,0.045378744020808,3.18253095826837,-0.988558411159194,0.296701775507126,-0.0727591483787662,1.11283658931496,0.635727027427255,-0.781455201870555,0.053933089821449,-0.203753221765709,1.96663069226041,0.24517598843151,1.05357521238737,1.45902104072531,0.138867601152161,0.404763613417696,-2.24524513560099,1.76440275872135,-0.478638346933236,-0.658595453522754,-1.07594157238843,0.315721727284518,0.420506417079156,-1.09718845872788,0.580939847694508,-0.0664694800341391,-1.00586676448391,0.180015244873879,1.30367536899886,-1.20812145409173,-1.12460192399634,-0.964331339168564,-0.168283067885901,2.55308094272284,-0.762751866899264,0.462797223673219
0.227065263025648,1.81360701937124,-1.88584820794089,-0.315972405898556,2.01649361765001,-1.708237884093,0.959974515261138,0.144264630956122,-0.716684160519618,-1.88062156098077,-0.557503557495404,-1.25181288971264,-0.390221660289326,-1.10275309004961,-0.57121442319819,3.57706642852712,0.0558013255428367,1.18403837542262,0.464468470321516,1.76185248495614,1.43709962197439,0.102323863009191,-0.56099069460105,0.205499697979955,1.85386065262364,-0.256814611855228,1.06148592286941,2.43738299721752,-0.550341820941131,0.123067618331725,-1.57968048923023,2.73472124432689,-0.683608538893946,-1.35873246893433,0.181400892240256,0.129297892519406,-0.0108394453332531,-2.09567303201696,0.339877631771154,0.602717478572887,-0.400461454779389,0.367170311551963,0.525456964241915,-1.38212739298677,-1.20252239470017,-0.835090501832789,0.759979682667086,2.24309955536415,-0.503242815083052,0.477764662304115
-0.583849993656853,-0.167587564524361,1.36609142059794,1.00693973757491,-1.69959749041285,1.61413435500979,-0.298156643158129,-1.85012952448983,0.59442234271974,-0.826847327345099,0.888157660895217,-0.066137590234264,-0.55412337721376,0.692738278578386,0.359380639002691,-1.00219626563073,0.118659160533889,-0.766963392851265,0.177295649746358,0.498439938372224,-0.456111323355894,0.30578867367905,0.000898397914416094,0.662448193591233,-1.43141318012606,-0.614348497655244,0.0027301493940539,-0.531060040582128,0.34299219818352,0.615748328868969,-0.578216816181787,-1.3782767134212,-0.640306308503742,-0.846656902928916,0.904355502563453,-0.0328968509445282,0.686187275192196,0.292775412159364,-0.256317490765453,-0.83133008388632,-0.485253254801953,-0.612121372240998,-0.202956472257005,0.133128358423856,-0.553024793346744,0.161430139365724,1.46180115156274,-1.11565875688578,-1.04402772859479,1.13294599539532
2.26767403513849,-0.816919902927558,-2.7171513035542,-0.46068898344377,1.27099854356771,0.13987697223603,0.506330621507923,1.42903491953332,-0.730663131173016,0.149419690166119,-1.86558237441013,0.282641648711416,-0.163766039752477,0.587644748511302,0.505131573117742,1.40636646289656,0.0835418088742371,-1.03783516546032,-0.556595922317744,-1.64221897115619,-0.366659802105598,-1.27293312271084,-0.367521112701966,-1.10071609580651,0.388976942850425,0.621586363323045,0.567951394434515,-0.433339946393447,-1.41409999702336,0.69910903313895,0.090097099466706,-0.228005356177025,-0.491603037616094,0.623726713247945,-1.45853718120786,-0.0314013003348195,-0.46863794263151,0.0561491713945674,-0.399738680918745,0.183149267280386,1.61285239330089,-0.99794274789821,0.319963310437552,0.320631870729807,-0.223950166912569,-1.54811342392802,-1.56675423910085,0.60467736600778,0.204862374537595,-0.345311122452559
-1.57834422117455,-0.665573774876563,1.79364521231732,-0.232639833214536,-0.339762696868814,-0.14473552292305,-0.600127652605354,-0.11541315540041,-1.28618043203256,0.138278069428134,1.1680821919578,0.33269803345538,0.395699055772356,-1.12413909289886,-0.575227516643298,-1.55011443465567,-0.283116219022798,0.811109595384677,0.0303239729823181,0.645809568204346,-0.507186058470803,0.993100988648085,0.603702746747912,0.714869798803745,-0.168585315429892,0.109116718898617,-1.16532591720397,0.0138247821616626,0.229035654411965,0.0457811929680654,1.30079779817072,-0.645105687499019,0.530495769398783,0.833163869230155,0.209430321659011,0.177499209784757,0.00993702234567562,0.416835855141479,-0.217570407240132,0.241740264132833,-1.57890241848909,0.485984247079277,-0.0901028771928948,1.06952246258554,1.60679330229073,2.06433703933144,0.403240554357715,-0.366561196099222,1.16016897906765,-0.616665495811001
2.26138224471226,-1.22101676983121,-3.24228157244004,-0.389179098582896,1.8840073068954,-0.139488455426689,0.182003869257271,1.62964005667025,-0.622459330626261,0.203203263956466,-1.81148970623566,0.981845540130558,-0.569322171873819,0.0603739618696226,0.00343130943534535,0.906470353354393,0.302736134618029,-0.545139482918717,-0.13521602739879,-1.45062469805569,-0.00774656408486703,-1.25902567624268,-0.93235403495478,-0.820556101467181,0.650257386228227,1.35588204036858,0.503299519088546,-0.559509266060056,-1.23168122842221,0.509638929074367,-0.149197342565941,0.0868003871140685,-0.849805304230956,0.18974942873571,-1.25681107061134,0.651900049113034,-0.45663145734793,-0.0555041246735504,-0.0738618338521601,0.0260813205147162,1.44198627976698,-1.11215385267225,0.461083969779452,0.530272988065963,-0.242160181554292,-0.585275719712984,-1.74678952670132,1.00217471669354,0.330940019337699,-0.646192242326995
1.76706997057279,-0.719386005424433,-3.65105812282799,-0.169965485717538,2.48631170049625,-1.03832859207505,1.1898303451778,1.687291520417,-0.731876185016532,-0.0620176544568822,-1.75281354403285,0.0350907984664856,0.0519155799437435,0.273578173989745,0.25147983782214,1.6861072727965,-0.337087095697572,-0.557341306219056,-0.139786436187949,-0.240968330224206,-0.0248383018372536,-1.44224633038294,-0.474212809946167,-0.912575000609905,0.623003579108679,0.849216407132206,0.821885633290491,-0.00276901913548031,-1.24359870413533,0.898930910934772,-0.523604003765737,0.35200473059655,-1.48367134432215,-0.0317887833529478,-1.14363862829457,-0.207284009610214,0.129225958678897,-0.0857789190852626,0.240975037027321,-0.57771695583353,0.978925344063714,-1.05656512024861,1.05475429852536,-0.165224795767208,-0.290436630852012,-1.32341784201089,-1.70311606805748,1.06213885469384,-0.456545769498874,-0.485890420819565
2.14075834454057,-0.164184003300772,-1.47101409778141,0.0765316963344158,0.301697699601759,1.45945652736736,1.14591509809119,1.17662151784,0.37879063466289,0.0110715994650868,-1.63804655180387,0.534807072366076,-0.875345046390754,0.544814452921994,-0.0210527690016261,-0.196286190046245,0.560871643084805,-0.913589167877049,-0.395614674371971,-2.00803366829095,-0.425813886815247,-0.248144909987549,-0.876197189086577,-1.57079456427896,-0.47684418634125,0.799118836652691,0.312060862864469,-0.745585740103792,-0.873686543817602,0.548782744000837,0.161094267749245,0.0683152971292402,0.122109456472427,-0.43523563741501,-0.103456459104292,0.106402070857754,-1.63157982796559,0.121565428080183,-0.517815165315102,0.356784715661324,2.68455313894383,-0.872816572857352,0.404034075898204,-0.40091209013951,-0.476305940467624,-0.662285126894768,-0.672268088400243,-0.621071046053961,0.422004165745308,-0.278803362179598
-0.992170218916598,-0.0555502572049747,1.35958120768112,0.765974739908422,-1.61342497476893,0.697097123408297,-0.948812746539572,-1.19450844835287,0.440223687370166,-0.227825491969254,1.11374954871586,0.0331472947077947,-0.1682810082498,0.690869406629023,0.157737022644365,-0.0673306193441627,-0.0586321796573621,-0.188631188176802,-0.111801996547941,0.415676375233322,-0.00300585544383767,1.19200996078179,-0.00645116656495168,1.29066898684767,-1.11247460413652,-0.475379892758248,-0.16692072293313,-0.574875115074887,0.947193484243727,0.0961443722379011,0.00426335685638884,-1.42955343200882,0.26719287365071,-0.707405638810425,1.27442525239225,0.385544428789038,0.637499902127543,-0.0391721549473935,0.239511994239671,-0.592994455588032,-0.58772060077428,-0.533734918308144,-0.413040027482993,0.390339332483311,0.324405702977382,0.832171429607976,0.485416424643129,-0.97462426422754,-1.12288184087806,1.06900195647905
-0.747504040890877,-0.119430013208324,1.4974913089913,1.01178353355682,-1.4736855702781,1.11540845125779,-0.563819618413742,-1.36077682517779,0.975251777582165,-0.465978502060794,0.525995226970285,-0.352948395398083,-0.524059650542983,0.897168404256808,-0.100715270092104,-0.24209358977639,0.0317747010941739,-1.11086115319139,-0.602741530836691,-0.135349454140091,-0.404117001212614,0.510687353260473,-0.186114059080896,0.545293050420013,-1.25813763718817,-1.12437509497987,-0.137993902125535,-0.773271315701749,0.730083588179764,0.127346928212059,-0.565463298201327,-1.15815726598089,0.175369975346646,-1.33094684914368,1.18572338233089,0.578875333431674,0.761771076022346,0.591942024503222,0.0354944953700463,-1.1412050541138,0.049248987173607,-0.258559541493712,0.073194257130548,0.0217243917359826,-0.976021258470142,-0.230707872367362,0.788337105759813,-0.986805519403223,-1.20910753358213,0.828335123794749
1.02803927000174,-0.170212900316192,0.169479410332216,-0.976926706125563,-0.631950151992055,-0.670063576050566,-1.05069043059955,0.847685451072992,2.76084350075433,2.21031053226719,1.12476413862673,3.03759203898321,0.449070901746805,1.90041556627459,1.04661769369491,-0.97708581874999,-0.131651054862595,0.952044359750798,-0.475948954860873,-0.835558065384018,-0.0514397544722562,2.6124732900691,-0.988588360014295,-1.26501558847614,0.368255614025265,-1.9613329268725,0.932181477102691,1.26179751627206,3.6845767024084,-3.67317926606121,1.36268517726211,2.65922132283388,1.14232622348565,2.05936047827418,0.291667771460758,-1.67232077798174,2.25576541906022,2.45358933878524,0.890253738027472,-0.477177191778048,-0.414033732739022,0.0813354389880622,-3.36690204958499,-0.310574178388828,-0.205973057882743,-1.07992327200159,0.93709680132149,-1.92143373299073,0.700079540605972,2.18893491179061
-0.838060770934259,-0.736590984795291,1.49530075665007,0.944714559831076,-1.98710996263193,1.62649541347741,-1.03662058744913,-1.82525639516909,1.15708029334996,-0.643109498218395,0.498050053897499,-0.281250307236017,-0.102971507803946,0.719402136137033,0.0693024543965956,-0.40937664115452,-0.0835151612605276,-0.792599064411098,-0.79590202539345,0.898097144318405,-0.0239666118192881,0.578337870658772,-0.0519764335552702,0.604359140134332,-1.1331195132326,-0.667872054090702,-0.838181130817603,-0.939497422881755,0.502186081239804,0.399611285137833,-0.738527501037658,-1.26389796451412,-0.292235097341242,-0.619702925891523,0.913505565764886,0.0313176269703423,0.796935138230987,0.461937584408093,-0.0252503184946999,-0.802723678972497,-0.503960477971532,-0.41327549968816,-0.0469371496973964,-0.0827810709522753,0.115429943420531,-0.297458461186378,0.947687034436452,-1.65404734469313,-1.06699928982631,1.13148330494098
0.891339213542941,-0.783218145986657,-3.47615299411328,0.574255184439158,2.99588946958952,-2.11979388487017,0.925155099163447,0.999965634876024,-1.06702976470708,-0.929081366722319,-1.34247745041222,-0.22991353582113,-0.0311421229607862,-0.130984513620492,0.0796011478384164,2.74230541931535,-0.421211504120075,-0.484720612095447,0.482157972522282,0.109146295490268,0.142144278048459,-1.58502653618182,-0.27411610673086,-0.236841026321279,1.52874935796423,-0.0353354727284661,0.84237333790219,0.367703089524032,-1.05082858484118,0.571676029486385,-1.22896326282258,0.492865453025976,-0.646924629514419,-0.515625156955002,-1.19707201991917,0.0857636135654305,0.671626498646632,-0.140659404479425,0.490459531657812,-0.609342126660126,-0.0904870741974753,-0.294079373703311,1.47522149664689,-0.612166412112952,-0.451782404239081,-1.2312488272195,-1.67398067993047,1.53714826052442,-0.984572571583372,-0.659914572757784
-2.14457872967348,-0.536213087595492,1.26453021693611,0.693057494907548,-0.891049734816864,0.157753545227033,-1.12761032393366,-0.625680139639682,-0.959481472605458,-0.259905114550319,0.941936773773094,-0.220031193729499,-0.501105953163507,-0.16773640606328,-0.32963405972239,-0.971832393305173,-0.435333553464126,-0.173689349204377,0.272882776497272,0.748753931669506,0.464822610088553,1.67980406201531,0.86706091266073,1.55342465739216,-0.334091306315504,-0.163361735688071,-1.00721824084646,-0.494141700626283,0.670876296337714,0.684109514946734,0.70589362835633,-1.25276491697712,0.0247293680765123,0.289759345716076,0.367604754675851,0.202217082638351,0.19790652075403,0.398734470979583,0.0898014780936197,-0.31793448936325,-0.682085561185103,0.327499316470272,0.0338909038285135,0.380059794959972,1.53521874431049,1.52239560131526,0.306182153965986,-0.322910256216414,0.177243514041109,0.875030627111933
-1.15879979742768,-0.290021684987318,1.21698148461965,1.27700887248464,-0.880381562940099,0.467465541000953,-0.701931366534917,-1.13643010046273,-0.487685516751452,-0.500523280896363,1.33615298181866,-0.183113995718647,-0.729805337822156,0.236873752409285,-0.337122258190482,-0.518653742182471,-0.267297606624768,-0.514359567388783,0.0931128090258667,0.771456509691939,-0.0891011495614721,1.36312440464813,0.613559682980637,1.09820114787501,-0.912750247190831,-0.44304981784524,-0.290230592231267,0.0856297639995378,0.458138048817533,0.272490937072803,0.203939891499486,-1.34652960411535,-0.377176383759718,0.395289432504276,0.867581659036798,0.507914802114406,0.379005119112182,0.475773759465621,-0.496245076371264,-0.579833107215584,-0.826088011673274,0.50092742263339,-0.0611149290537898,0.188593059692866,1.26543962851073,1.73870896143704,0.528301112701134,-0.788792248923738,-0.1694313423177,0.931773449137701
1.35419828017217,-1.55765842548268,-2.90251477550715,0.000269123604935462,2.35770840232839,-1.2035499467713,0.426477098677135,1.26089393407456,-0.858726379258269,-0.445032081668396,-1.52900223619369,-0.0289719658117241,0.00952871558158706,0.384891823830633,0.488248214822125,1.82984226156757,-0.499147218200118,-0.587206456496851,0.0850261741132967,-0.32900568211997,0.716955373748771,-1.62986010641222,-0.102694956292025,-0.874847393254018,0.849874430804753,-0.201761005770244,0.644520982006893,0.311046250780638,-1.27290141575748,0.817861508391839,-0.742102137661178,0.170916139935346,-1.01116132428422,-0.438201289630548,-1.2192099552646,-0.393905405227663,-0.0129551695017634,0.191794767275727,0.0779433064198497,-0.497095131364783,0.318072168905828,-0.250327405579225,1.39134313026559,-0.235582087346252,-0.0633829870990788,-1.3597264591534,-0.947649083010669,1.33702481402287,0.014076060407295,-0.823972266985433
0.0947882538706344,2.29852241848656,-0.268596119986884,-1.10356399008248,0.861688244458027,-1.22069615491041,0.751246126313194,0.479780886642917,-0.479549072166338,-1.50952540738495,-0.436832344952376,-1.7615864441636,-0.29702034053102,-1.56827810255409,-0.617144707244069,3.16030299994861,-0.109878521435537,1.40602769034927,0.325816392378453,0.841451514031502,1.60189319775271,0.583228601152119,-0.416784586762723,0.407646606238511,1.12989189447303,-0.563426329500962,0.826798416750456,2.20476388001041,-1.21854021719061,0.346175199122439,-1.19969465034794,2.87768785877317,0.633296865992497,-1.24097113870244,0.424480920829305,0.0509569776119252,-0.759141310406449,-2.05781496352223,0.0822630665427738,0.414492785523212,-0.610980659988708,0.07739207561199,0.237854580624805,-1.7560954139937,-1.16764173741854,-1.24314690748422,0.239166732697633,2.06408098267905,-0.700405609933568,-0.727185839969836
-1.40855219578933,-0.129128377591781,2.59574870799855,0.366255749608789,-0.79803377669954,-0.556965814055178,-0.314698584552204,0.0371162478360586,-1.35134246114325,1.33314654513597,1.90388463262218,0.456090224194344,0.79414774247374,-0.889260004789956,-0.238942883215466,-1.59161724878033,-0.133833823384612,0.994196580458353,0.442981220098156,1.17180440511065,-0.022169000241553,0.205814146065678,1.59418783800887,0.712175154735538,0.313313197764187,0.635040993923716,-1.51433878045525,-0.240830883852606,0.88023592661609,-0.771837306558373,1.83032035448319,-0.478019603341838,0.788340013842296,0.409477909943239,-0.0428353377473077,0.00864669517622607,-0.503931985999387,0.24786029108014,-0.235507057895827,0.563125886808422,-1.14688722162578,0.863300377926298,0.0610975549027824,0.726475896351233,1.43998549378377,2.34509190764266,0.476940427909199,0.158540754542761,1.08632810362228,-0.0272321515122689
-1.3558534388681,0.16781353896379,3.06639213234955,-0.557470583998726,-0.778049145771615,-0.942708266054466,-0.464237050461239,-0.388492227473354,0.468067036767872,1.47734066724433,1.60944488969441,0.14843788976012,1.67143553695631,-1.07633635756446,0.292476233631657,-3.52669619570351,-0.236712715351228,0.864062906675745,0.819101542258298,0.132780705761825,-1.21727423479842,-0.61872894664627,1.20315200489678,-0.215283600424077,0.338483306352602,0.686743366715267,-1.4351207182049,-0.672199500070868,1.70226602519615,-1.75099033735712,2.22939843861339,0.529561568657423,0.64026665720112,1.19397102233725,-0.737611678899076,-0.456113222788258,-0.185717033430027,0.375446647173935,0.0306735168970651,0.39572011224534,-1.18202307732931,1.53290110391846,-0.924584833259485,0.819146919737621,0.745403639335879,1.94775787228364,0.4634877898573,-1.01083202950176,1.33135677862195,-0.716530445919691
0.183676849740913,1.103147726709,-2.74065859390948,-0.155141220464097,2.70428294908904,-2.27215338810636,1.10802026806579,0.426047061398569,-0.841839292385954,-1.05858131689215,-1.34145863570211,-0.455399768938774,0.187103598551597,-0.828886201971831,-0.271144128274368,3.2992489228437,-1.2460061842453,1.03150811566861,-0.301714285035903,1.8397104011398,1.1662253956253,-1.00492459301379,-0.984777008089911,0.720896922500926,1.79283219637596,-0.440249671090684,1.04811398555072,1.80805075900583,-0.441501712780573,0.179998157496785,-2.29770363833965,2.33267581680311,-0.494322074901652,-1.13466665078619,-0.998667419835035,0.338604245093583,0.0219825881871164,-1.42797927744145,0.622531244346969,0.115232291948472,-0.870313564060323,-0.103122324875868,0.24734694051671,-0.906503428732458,-1.28264522997881,-0.966782524604957,0.0114773556773452,2.15007551561085,-0.939843894504898,0.295177303520349
2.55135118155489,0.0233307106987698,-2.41369779674821,-0.346990527655623,0.458614637454524,1.60316090861468,0.886624944880687,1.13416881876569,0.225971383321265,0.622002521529196,-1.87900310396261,1.03889865181207,-0.65032228672769,0.200531099882919,-0.0832831388491226,-0.0346322656041779,0.921481271633906,-1.29422288540983,-0.228231017751094,-2.30423257056605,-0.619793348355105,-0.484155091199157,-1.23825712340539,-1.43894790536021,-0.620895294730307,1.12881659427963,0.195637011703142,-0.998321130669304,-1.74916631858803,0.113899868438705,0.0291550357413914,0.124344071269015,-0.496701072661357,0.61693077168231,-0.0792313787877345,0.252208496135036,-1.3036374146977,-0.21178924871781,-0.632751003534929,0.692716441781365,2.58941414927347,-1.11075119654874,0.44427354383415,-0.139733335261158,-0.680218778657695,-0.555921941239341,-1.08536242774666,0.0310855180652763,0.491754679849781,-0.213868622466459
-0.486551876407466,0.087900815813454,1.5180575550673,0.897471258068587,-2.2092013729538,1.20966641617365,-0.0129683222703132,-2.06230303830792,0.77341429708768,-0.835708727091839,0.614972812010175,0.0463713293651154,-0.040453645123941,0.971191655557737,-0.0724692948126317,-0.461299838494634,0.107051062259354,-0.243635583699626,-0.105824282281862,-0.267682271002069,0.0224251232992724,0.736756253989877,0.177491392380052,0.545347290104013,-1.36570977577652,-0.733082070003058,0.120990185965368,-1.08265270494463,0.668536590290312,-0.024700521120887,-0.377451764125157,-1.50041718979053,-0.556753983272585,-1.13597426401498,1.29646986707709,0.0950759140430257,0.639020695476867,0.696456321844634,-0.342068198411429,-1.02103002876658,-0.320788876887418,0.0600045181188861,-0.147439976828006,0.229497825717359,-0.366376774287145,-0.0969216769141979,0.706696735634891,-1.46584281832405,-0.794042913521831,1.22422334155633
2.13843252491648,-0.92158722655459,-2.74409066592365,-0.402055941102434,1.73168911003721,-0.0975457476825776,0.37000046829021,1.00119661217124,-0.685451611646153,0.122368222724271,-2.18855081705745,0.016766937332429,-0.654638052134923,0.665090779438104,0.1277089305116,1.29746649315396,0.0160308132869209,-0.952500549036938,-0.289946459369882,-1.09127421798025,-0.754240427798784,-1.72752364908673,-0.320653561790908,-1.30567325003233,0.711390538209039,0.549911389175166,0.814750351905099,-0.649248703188351,-1.0858766959856,-0.0320168935342618,0.296744020242593,0.0117919712924421,-0.898422914641277,0.328020163366886,-1.00416718331256,0.265688638073629,-0.747852529836728,-0.364728931451632,0.00345786813475797,-0.156775032469844,1.62762245923095,-0.722137151886018,0.630403144228503,0.00500709887944435,-0.195527293563795,-1.29530556568501,-1.04316091473152,1.11561268984964,0.364118883782865,-0.611027562439814
-1.33117987699058,-0.156960175058208,1.59476711233754,1.72929295014711,-1.29778932489428,0.645261221597629,-1.23310190222996,-1.60842290022333,0.415692531983456,-1.33968470495587,1.05907809198684,0.028542671142363,-0.612194933355211,0.827604553875557,-0.211814857493636,-0.826916835829831,-0.187697409758885,-0.0167623425653739,0.158134575319325,0.68831424398973,-0.184739068389617,1.1850555426848,0.208345601540217,1.20966387556999,-1.14004804780191,-0.535797963425845,-0.0665507325665898,-0.729533315118951,0.544365661497308,0.30887957379947,-0.46256403601261,-2.34498152791474,-0.370617565117102,-0.406647465067384,0.776366655820425,0.499225516718729,0.239167938852515,0.530159342913862,-0.477510185221339,-0.2928001372308,-0.637610554492313,0.313794567563906,-0.256171451382658,-0.135224534093609,0.3189632519403,0.741540121329105,0.435156966412467,-1.36862227206103,-1.03369352011441,1.20682686548643
-0.573156254566708,0.115401093535147,2.08147161395168,-0.511969036403679,-1.0892184819874,-0.929253853174123,-0.823002826651987,-0.0640778733710262,1.25168385516729,1.93664515055401,1.96044600255531,1.35633197807641,1.8796643861099,-0.135433556315222,0.972683038143332,-2.41634347913753,-0.240859820912564,1.10793268385018,0.301000964563278,-0.196687136465223,-0.395510823927298,0.17536942835839,0.525516690541772,-0.591389728107007,0.512315427276235,-0.7047139629082,-0.722922769002498,0.586041017270612,2.09426557686621,-2.60627820618621,1.93275226120069,1.63695349175031,1.08913371560823,1.17198228663199,-0.707786385707309,-1.51424757186937,0.660942354749031,0.711407102769227,0.677327199261829,0.157608774014155,-1.17684614046343,0.977299642257903,-2.15762824982727,0.0911186167308949,-0.110824652818512,0.598689690791847,0.802960751685124,-1.08908729538235,0.779092254757219,0.202776432015016
-1.77795419688575,-0.358148010773964,1.48847221126165,1.27443799606528,-0.612389405889979,0.630636685105992,-0.713812998348856,-0.666922032018192,-0.596006023752456,0.111099318034104,1.73663736411616,-0.111597533764936,-0.406920700552725,-0.431779596263124,-0.1336117566665,-0.560183575461324,-0.220173169258275,0.51626525079679,0.0586836624639594,0.941926754843846,-0.446921110930191,1.44241282298186,0.326233869318733,1.75764354724841,-0.700000704208124,-0.41943239859385,-0.414157525614824,-0.131416470640292,-0.0440086431653116,0.172771562550425,0.341546959986423,-1.28782469640518,0.717400768019091,0.226314523503511,0.650445441702821,0.5717355915601,0.37976973277927,-0.0701754228087944,-0.15618476496062,-0.368668734809609,-0.94928735443969,0.787858019129637,-0.188571137171625,0.788384076977704,0.950114585280649,1.73587674342573,0.504728229861977,0.0910258328809506,0.0862591487451587,0.867321969018698
-1.3560046502767,0.342600319899832,1.17768418595361,1.24996509098125,-1.0283752948998,0.663077430373965,-1.04735614953395,-1.26689019040496,-0.885583230793356,-0.365901204646516,1.26105946958833,0.0810584739064527,-0.660898091409225,-0.53047565070634,-0.0491202764709883,-0.443593549080849,-0.345711664519228,-0.194021069124848,0.118862754723698,0.555189549310272,0.132247521238074,1.03857708093479,0.623942629872737,1.81201225594007,-0.454506687864045,-0.669577200252177,0.136145324619122,-0.0471707298115565,-0.295490576035253,0.46763117047464,0.538726528023237,-1.33748186241172,0.0394053957761488,-0.162347312616332,-0.13048941101923,0.868280095309443,0.548092799531206,0.583057396671364,0.359770543797616,-0.383351667302501,-0.526653853421045,0.149077471126262,0.324121753916631,0.0408084028628426,1.13922983594556,1.60033970078012,0.570138963140809,-0.57748022368273,-0.64999621766317,0.748112914866652
-1.19295558566094,-0.664839759054651,1.43257060589485,0.827285553836824,-1.14083097400566,0.887269245553938,-1.10696963396085,-1.44025700832879,0.362521342246127,-0.034347564154972,0.637647171538175,-0.150039201197093,-0.373656227862197,0.393491004253438,0.11255313811617,-0.368789658674981,-0.103983253363414,-0.0340901439522709,-0.278616242779428,0.677888496230103,0.23972698126176,0.921557315349773,0.213278381023125,1.54764922882649,-0.80248548015267,-0.407230667639479,0.236465496255425,-0.476016373603895,0.308157398644926,0.532905457924861,-0.3917360777487,-1.03663619778486,0.146564027350964,-0.2028932901297,0.749603741973836,0.0934696321175299,0.388488844331969,-0.0885197519756392,0.0498602290911338,-0.780796815853969,-0.242329923600517,0.123665395386868,-0.206924858458319,0.327671213842491,0.464120866637709,1.25623916105152,0.649524934181688,-0.979660839558302,-0.486186768707908,1.24963263302363
-1.43524028140813,-0.143429088918832,1.89966418268526,0.891538470205884,-0.707022401951217,0.15076135620298,-0.609807182914083,-0.114043893365271,-1.10266627604812,0.24944193900452,1.12597219084048,0.172744030071704,-0.35104964492005,-0.592844595489107,-0.336392343712159,-0.526634555772125,-0.43443323122819,0.108660409283302,-0.0148374544346811,0.748319499146745,-0.475196804103316,1.01551340904984,0.815157445044363,1.5221468015641,-0.150866741262459,0.00960912259555581,-0.890820110430339,0.254209855137224,-0.192954161117305,0.339301760024681,0.866236621339161,-1.05601705499618,0.174191493935366,0.300804630671696,0.908993603248244,0.476662911150751,0.444394950516572,-0.10116713509187,-0.192058885881861,0.0396047768336938,-1.16598596947281,0.280765209593568,-0.253271635817559,0.654612425135035,1.14703508692424,2.35604679675193,0.658809344622966,-0.0262948357977986,0.371700198204102,1.43123571719819
1.42383612011369,-1.1650509737685,-3.3279151559365,0.00477969626390945,2.22043407127951,-0.597772808201064,0.735483595905294,1.3742636618228,-0.815945372622037,-0.253998414497947,-1.63157904699335,0.66149424554709,-0.321073118519718,0.263432980991762,-0.00386047028537033,1.81772968192404,-0.104294331907994,-0.661613381782753,0.234862226412955,-1.16642693737261,-0.628831297419814,-1.32792014797222,-0.500580689269698,-1.00889751587554,1.04251780152291,0.790847296016577,0.579410057971326,-0.487910840591357,-0.709028785030367,0.518423109371403,-1.03429963905905,-0.202856484977604,-0.642309827480491,-0.0946344816282704,-1.12748366137565,-0.053397831896565,-0.0917583042637438,0.273382058198515,0.376455626888354,0.117521603514821,0.974610718859692,-0.979099278064961,0.25198460635631,-0.361260573285331,-0.342856755075484,-1.10041353188406,-1.44343048418484,0.935093870130811,-0.0581619472766651,-0.611447230659294
0.663230573205155,0.115910060272519,0.746992928405023,0.215579633466909,-2.14436543330398,1.7779538269745,0.075003676466529,-0.953758172169457,1.66256420331146,-0.710644981352542,-0.125264649112699,0.287040545962131,-0.833181224673503,1.53786643765849,0.362764235884448,-0.627459749331895,0.375906446644141,-0.780136097662424,-0.73850198222727,-1.16449874940337,-0.310548570843083,-0.405899677812518,-0.529525838744578,-0.274902951582348,-0.819364928463559,0.0938584863865966,-0.250398765595008,-0.69582469949523,0.00919819970066523,0.0460258976829517,-0.313791337998098,-0.726458428606494,-0.458194232414275,-0.499812224722739,1.02045730315774,0.213085684355461,-0.0299153992315526,-0.0482167809383265,-0.249193930370335,-0.287926398851874,1.0503479317919,-0.583854819715285,0.0810091837476727,-0.428278610778211,-0.885543277907954,0.222325358910662,0.542890501938532,-1.52760561378348,-0.410218737639353,0.489724958800413
-1.42493501939654,-0.46738707322313,2.17546403006659,0.634069649999243,-0.263048309019889,-0.509514429515395,-0.322344598219701,-0.543157994019601,-0.873672816082743,0.45736884889879,1.39621807119967,0.085325782008713,0.143930320196701,-1.24037417437167,-0.183227040514573,-1.05039066060193,-0.35773757830675,0.604592337955017,0.69514856715709,0.738830272189801,0.00110855502193417,0.524064908834291,1.32684752731589,0.987728050795434,-0.212505444230924,0.331876914595772,-1.25594010260903,0.0358638060796449,-0.016799992171798,0.126587894155502,0.897793255958204,-0.618594002195826,0.440841418819198,0.867115156915542,-0.0909185850340412,0.467814331248957,-0.503277932061748,-0.0709668174029258,-0.511102197879598,0.579757147487213,-1.34257180114516,0.690394433764573,-0.416173788332191,0.277777855755455,1.96561566032392,2.1989417011577,0.280972513515777,-0.574764012891489,0.851848846230476,0.0302482850641692
-0.303446565809402,0.141907013965287,1.81157537372439,1.30051730122179,-1.50680294839664,0.714112815591963,-1.00870896180691,-1.48003259304839,0.648941846365896,-0.526068528788358,0.806747581666022,-0.397789606806034,-0.684511858865021,0.573484733375086,-0.136110575206964,-0.332316645084157,-0.0545875436332673,-0.48820968601673,-0.0834912955323735,0.502947678743042,-0.13023160566892,1.6118037134885,0.397948020790871,1.19619959916865,-1.10629270234825,-0.863130279117877,-0.669745148899438,-0.520343859682169,0.80375340031149,0.193566296726246,-0.370655203266248,-1.47836448310987,-0.143857249228797,-1.00685646821576,1.21307323740047,0.294278134826222,0.86223791374123,0.303248861002053,-0.12001831350805,-0.652745942506787,-0.88030323089486,0.0270393723294048,-0.277041182970752,-0.33107542489902,0.218338111297515,0.776261509494765,0.800491780747648,-0.892542955890953,-1.63025135199172,0.95069020069648
-0.408536791625106,-0.00274304811380582,1.66508447427277,-0.712961042196841,-0.730040469742657,-0.689979362228996,-1.13910764278349,-0.14495631117567,1.80755393830079,2.5298589949945,1.78092807410406,2.03953987916968,1.56421693746139,0.855645149964281,0.692455460120343,-2.13241502041032,-0.0933195114520318,1.38413073341924,-0.0940577459714451,-0.494121396224786,-0.642860976824389,1.13167191209711,-0.222235136799623,-0.480897867900106,0.872380053842888,-0.980316197248348,-0.292026958278543,0.870045006672595,3.00792812154591,-2.87695164289359,1.37617688374033,1.48479929463624,1.4040583129449,1.85430827019934,-0.121070600593235,-1.76493560866946,1.11489066940051,1.27760438228518,0.486700071242607,0.0754001685028045,-1.4712288911166,0.641184320363943,-2.57406507446233,-0.0355714551723921,-0.275486686891392,0.382496080286914,0.988836331801543,-1.46972407537514,1.01904585725278,0.749452922029541
0.515610750693592,-0.202762308949233,-3.23124188552387,-0.225665851961928,3.31202932081865,-2.06160446344589,0.898206475227713,1.0338613582221,-0.858376410504017,-0.721465579951596,-1.16520254204358,-0.313574530151895,-0.0325734065328807,-0.450480304287907,0.319083921577978,3.41785987626652,-0.36337904369454,0.168826782229927,0.327545112896815,0.826810843292073,0.318264697945865,-1.24163123561653,-0.259990173075914,0.113696278469538,1.70752950626006,-0.0404160452693543,0.880487023950903,1.28083357550323,-0.811588757066792,0.65803980674076,-1.92343874648882,1.60997894446665,-0.698857100592629,-0.718933742938566,-1.62647071875416,0.259871825216272,0.645196544128543,-1.0666902861886,0.816109865137694,0.425265421328369,-0.637564898705298,-0.192650267770422,0.724475424508651,-1.03229892973182,-1.13895468351911,-1.30717295577708,-0.629732157008914,2.04586724244266,-0.756680524908642,0.646734176683877
0.460034890574545,0.776656528420296,1.93088164809898,-1.20884103912395,-1.03473914620199,-0.861300851962141,-0.557982319836621,0.328241001418477,1.60935075090284,1.77998737227189,1.97408694781318,1.80234713222286,1.2210918186275,0.78270975448944,0.94771136561342,-2.31137252863715,-0.298627854406477,1.19359217678084,0.383077465770952,-0.421706346318952,-0.846949559603721,0.556432096811965,-0.0866383095741071,-0.65798136280221,0.50382391069699,-1.19998933367259,-0.410306461110107,0.831955920211573,2.89342977738013,-2.48984970326073,1.91851825164341,1.5280923504887,1.11963043921535,1.78130375266079,-0.0209960245563467,-1.56975521183943,0.577850707332825,1.39668210331792,0.648392727864717,0.295784866022533,-0.574989786661948,1.03415831308991,-2.20175945820964,-0.0827683730346456,0.161678787260447,0.170091745023803,0.857317945286102,-0.793085235541744,0.636098901592701,0.609482086696387
-0.179263332450872,1.64169574425227,-2.30197540331126,-0.0497636883816337,2.13949003355404,-1.27622572872175,1.22246944363356,0.302547758465609,-0.321382666545763,-1.36208364689846,-1.06885526909115,-1.0423300126998,-0.111697587400753,-1.49881702873192,-0.203240061114985,3.06662222268509,-0.457490093296205,0.7068386468029,0.198767997389389,1.54642610527013,1.47995723074766,0.0809933072107349,-0.500985057693481,0.453256118918625,1.68758385933604,-0.234998492934631,1.15724975348546,2.01045102042085,-0.212734745438503,0.426661885345951,-1.54018703712585,2.99409745639463,0.10669069514973,-1.02041653467756,-0.574059954095037,0.244732322427244,-0.333814249319873,-1.77241256301031,0.676191503773376,0.439017952360374,-0.97493394339168,0.0553043625304035,0.560667191418499,-1.20391782222526,-0.880684505159383,-1.22321697560874,0.618166721923737,2.176802785372,-0.801393379381679,0.251665260935214
1.27866069127725,-1.25593045866436,-3.00740747601574,-0.336930862283338,2.40480911538436,-1.61598035909624,0.702463087414115,0.938660323343929,-1.15379863270435,-0.825327491016797,-1.38200383309474,0.255750236411282,-0.293944688096708,-0.155889299842005,0.387186757856942,2.12966841557004,-0.334687741256507,-0.114130033368713,0.359648454171579,0.550124715191746,-0.0996277764868767,-1.79768200895546,-0.072321673188646,-0.223127743582091,1.45178293608613,-0.0278766899278774,0.824904336429139,0.206746640572568,-0.988467115675889,0.739277599140181,-1.14700303532046,0.335275031200266,-0.926171904520673,-0.263440299373271,-1.41693255342672,-0.213901052677273,0.701172537227314,0.0636542839381856,0.068657958880483,-0.446895974903911,-0.184494110049982,-0.567588306932138,1.24406120068935,-0.248582949464356,-0.436228038198196,-1.61469214070454,-1.98612746721612,1.19643749349322,-0.384694363258567,-0.982803078619008
1.52363347328871,-0.687277100933662,-2.62594168984734,-0.212138241822967,1.98556227114866,-0.48749227092677,0.383402394323445,1.83467801817125,-0.776063997784406,-0.36380674912515,-1.71040557895738,0.62427589315465,-0.435106576944088,-0.126124538615677,0.418792725541611,1.18726924731153,0.0400431643799288,-0.776493932209593,0.307300534174495,-1.31881773065542,-0.283482476508063,-1.68364477664732,-1.39728857557684,-0.883431870309178,0.656988216935887,0.0999677689759958,0.457673635939884,-0.576930953987374,-1.54696029463394,0.677564724775991,-0.346597908020801,0.66053951423858,-0.517253344675113,-0.163175311440161,-0.698664476370938,0.486065472026126,-0.220370100858496,0.5490435384107,-0.000515738915254699,0.125107137765632,1.7886115925889,-0.961389620548098,0.950767202461798,0.29668408751264,0.00931261906006775,-0.754057845623831,-2.11237084520438,0.718778721490889,0.386849131120811,-0.876841612076098
0.77886859640285,-0.190132534839087,-0.208220544278339,0.564025016105046,-1.57115242837686,1.90406344739071,-0.0736330690034059,-0.495407942682016,1.50885162386663,0.0451113153644487,-0.946395131074566,0.170341865790572,-0.603866100849625,0.602416679638679,-0.183044822392076,-0.705946277748456,0.784279098315717,-1.12819991030037,-0.558142315557789,-1.59353608853061,-0.148470590837211,-0.0197237633367048,-0.6222017124098,-0.605361937971997,-0.907587246936335,0.248700738007575,0.276123457678555,-1.40592511470861,-0.29883654203269,-0.0307797981596343,-0.0374915641573224,-0.569342747150538,-0.311589676784586,-0.102819777015427,0.980938123909968,0.316007174837816,-0.53031419973698,0.67598415190279,-0.784166869575576,-0.278182366592022,1.79569690243118,-0.546974714418911,-0.439189384395237,-0.0975159352127824,-0.914499729913764,-0.974661501020737,0.366877559666507,-1.5931681780653,-0.447442936725729,0.373993915562222
2.3803349507204,0.0845470187252451,-2.31101699975847,-0.474828573749904,0.0682975987354474,1.61693168391506,0.443598804753828,1.42049703995618,-0.0801063524946524,0.456962985031905,-1.68435211644704,0.856882637927438,-0.713700149124206,0.467820088999801,-0.331155528462862,-0.367035311161671,0.672998694772499,-0.983901177918261,-0.483991855361916,-1.90838479764563,-0.177030065600357,-0.638911573490255,-0.716084476945967,-1.11994859727428,-0.376924380262043,0.905190132521602,0.262941693156494,-1.1802904944224,-1.17427891647849,0.429300441967583,0.181394598520772,0.235011886657622,-0.274158561173345,0.304489717108366,-0.294714518265305,0.254005507836327,-1.3423163639637,0.140815663848626,-0.8849472082034,0.659950577697756,2.44591646386583,-0.938861333846551,0.587184601481605,0.0882877782035933,-0.120519823701303,-0.839110913368668,-0.489521755417723,-0.261239090561249,0.595926578058101,-0.380848836262371
1.19174126561046,-0.934589411768447,-3.14445630413076,-0.757224948707005,2.4715354977233,-0.68253785753329,0.593476212282837,0.989773201082349,-1.26278917307722,-0.160016677917644,-1.34236118781735,-0.0375377381768949,-0.140953191504643,0.675259455579844,0.127256481444872,1.78762083223089,-0.0853333308605727,-0.76847697071756,0.0161630480302808,-0.684315851443636,-0.262550048014464,-1.64471483871027,-0.115056890312774,-1.14502443109924,0.827764110118645,0.623022268870753,0.90053816913186,-0.94865363179769,-1.18885247668489,0.755355640578185,-0.592997310857669,-0.293609840111589,-1.11852266882841,0.49682023227876,-1.04412799465113,0.344013070534127,-0.24252518243009,0.496865374595347,-0.215356848366507,-0.216671018607918,0.807156493098363,-0.801359527757472,1.07960514995298,-0.0895888967161077,-0.369490132648226,-1.66429340635425,-1.74235861752515,1.08867135437739,-0.234428369574725,-0.491649749075278
-0.411993360877517,0.342618283891193,1.41028341258891,1.20664255992681,-2.61783203082266,1.04315806220612,-0.557444016277701,-1.85701828582965,1.21844456786767,-0.617439395285603,0.665099033034296,-0.440922940107594,-0.717128379015605,0.888527211474231,0.0679965889459095,-0.494976925710986,0.431538340932861,-0.433609786410767,-0.00631555195619013,0.29926520585842,0.362090126326295,0.538717485289109,0.342450580306325,0.900116477030124,-0.910274088477625,-0.552662612017289,0.0398445282783991,-0.818987916239596,0.98989961381196,0.629560024253386,-0.968368722505185,-1.66039369781397,-0.672272921687282,-1.31971143906323,1.33310155489389,0.0719458057676817,0.645284504506704,0.0699288131097787,0.339366167777235,-1.06618492275041,-0.549512284793698,-0.000186511361746106,-0.288955096694029,0.421188502253184,-0.604871576657162,0.0743235278525052,1.04375652828489,-1.81585852306815,-1.02796068578107,0.968040072211977
0.674517898279423,0.130080602254863,0.370742479319077,0.102787643666431,-1.4596300831309,1.38255417129935,-0.105065243085335,-0.629813586878804,1.14274662388409,-0.428059419490816,-0.39913718087379,-0.27558422018246,-0.9679232826652,0.903352998833408,-0.351444514837765,-1.0259154082147,0.826485999626075,-1.08224211319831,-0.222812195546291,-1.30839746008373,-0.0537886888840064,0.0462178210393065,-0.146190420759857,-0.399893242505345,-1.23905728876573,0.123469187407933,-0.0955335547207949,-0.750339139081455,-0.257130026090277,-0.138627907139167,-0.084739151860183,-0.789050638158675,-0.00980826218445932,-0.294971392836675,0.756874906746458,-0.00222398213900966,0.0343009024314256,0.0361359137235367,-0.00495668851925309,-0.0326612433500005,1.36057792125792,-0.784498525349316,-0.294926901817525,-0.130628090298265,-1.23821158285138,-0.518911503655029,0.482270989091528,-1.54759794939233,-0.488531053790459,0.283062040557726
1.30072266468066,-0.216955663487983,-0.0354787419260466,0.653245416953658,-1.2899032298611,2.00675070199645,0.652771514994898,-0.388482785084407,0.991519772558374,-0.223367796027317,-0.951628103723209,0.0341560942135772,-0.820259196271939,0.881997808901988,-0.216939482638446,-0.862403703384508,0.451328923987517,-1.05496302566526,-0.473654356541138,-1.56556262748149,-0.19768312341844,-0.00532867953842733,-0.396170787274033,-0.887982524783271,-1.25172141477537,0.345339224727218,0.39148040888032,-0.87741517972986,-0.108656578695835,-0.131622167502676,0.0229070823157462,-0.873649852752704,-0.192623315641135,-0.479726671488257,0.509051660862947,-0.0611927104184372,-0.226068710974638,0.230553265120184,-0.627743442717558,0.314981412712841,2.0277109983381,-0.115112195886659,-0.518500790254323,-0.0941713514928109,-1.04428202823591,-0.557582162030928,0.184707723244428,-0.888496228378834,-0.588880246800044,0.031221424133892
0.135996386493477,0.269837018109297,1.47858110410167,-0.68275203716772,-0.863347559356014,-1.05840359352245,-0.560165690577454,0.292373120910278,2.08511670680129,2.06394425570935,1.7373308313952,1.7254726032716,1.75579500396924,0.838635990959585,0.718230138584876,-2.01266364218949,-0.0664572960072203,1.24479873669942,0.478897489339307,-0.46137972794787,-0.739668579757652,0.8611935003107,0.304164149112009,-1.01200743860318,0.579865611014603,-1.04451968821547,-0.0317467543606993,0.702633850582878,2.48134888052797,-2.48173695813393,1.69189036380828,1.83805797815601,1.08362578176254,2.17406116538753,-0.253511535966715,-1.63839703633396,0.835998419807324,1.61393162928149,0.114796983411615,0.282368653788637,-0.964869106149485,0.726439078051752,-2.50192625389554,-0.346763295610316,0.745124349577513,0.143328145956608,1.08226396741163,-1.32740029768877,1.11429506873028,1.19697311186764
0.676432467433458,-0.748594802832538,-2.97309565806785,0.312494769975768,3.00068816292984,-1.25464891823757,1.28285820493704,1.17637700316804,-0.787477555759008,-0.476413620521157,-1.92949576814885,0.324730786914716,0.346907191668866,0.0301405841724195,0.945719245747065,2.59063498979203,-0.785362855789062,-0.150982183395036,-0.0757232064066267,0.337721025161706,-0.0566975765143367,-1.16173707612348,-0.445704039129188,-0.55426238699085,1.47698695425985,0.519503029434564,1.03687761878592,0.404338715979108,-0.801642371757079,0.5783645745024,-1.01593074222938,0.0657205906968522,-1.12624801850735,-0.32444516683519,-1.05194820365728,-0.222692247399138,0.647612168124984,0.215580660469887,0.604934536853915,0.0940844293234244,0.122291618001885,-0.647154823330983,1.75829601389303,-0.258380893377645,-0.688357030488095,-1.46536561743307,-1.65133309797509,1.41987322355476,-0.254050609296926,-0.438141855322912
1.57406666351896,-1.08430985699929,-3.6816356683714,-0.207200542159108,2.45309480241872,-1.29032946755945,0.821108188154407,1.49048424121499,-1.23347015495852,-0.460127457174407,-1.56608582310623,0.0880585014122411,-0.170645174251207,0.245495154497785,0.54919001361594,2.66770143830863,-0.143431167155272,0.0124701692060081,0.630230909055874,-0.0207654342340006,-0.0340105881252799,-1.74908340602386,-0.363494676042998,-0.433939657103456,0.830602921606439,0.466074257384686,1.08612270318547,0.0834061941985226,-0.669075395215315,0.70307369005009,-1.01654540960606,0.10317453625497,-0.752039608904465,-0.0264043708800565,-0.716202945244553,0.280784837171662,0.312981602346821,-0.0943240681482717,-0.105424649763687,-0.156954505285716,0.796509900602594,-0.704339507406405,1.0659525608612,-0.0475978481395429,-0.16148732785787,-1.39531328578331,-1.52933629768573,1.28687260604616,0.159428265309535,-0.76363267313709
-1.25851110628802,-0.0323788797220464,2.54112281829564,-1.10685629309144,-0.679966428638314,-0.878573299223632,-0.392966065718084,0.0833558028516075,1.47093563994758,2.25394117990135,1.85527787159643,0.820069746191462,1.85752743161662,-0.580638529266831,1.09254400296217,-2.92399793195107,-0.0239419252983609,1.13130459506841,0.448631143039241,0.225678443626083,-0.685443847518486,-0.0395324796269287,0.657099669669722,0.0404940285605368,0.518244657255453,-0.0500741879016589,-0.905701697212246,0.227621686433915,1.99721994152827,-2.46576621454454,2.08765678124795,0.78697865509863,0.57541055802118,1.40320375091328,-0.996741340804243,-1.31017099518854,0.591374219428394,0.865787516916508,0.465147975617636,0.382293846808477,-0.910227455282768,1.18152207211868,-1.38913908252971,0.75859704206275,0.316257422419509,0.790250150031244,0.621409428891316,-1.30508200759079,1.73596936550578,-0.0563058641545457
2.07336849048011,0.183386284316985,-1.5315282926841,-0.0476056409470185,-0.51349722955456,1.73890356747196,0.630933924772649,0.0872402869083644,0.258704687678334,0.261524411812889,-1.73824261360031,0.780603845499898,-0.541026011789202,0.36254299425236,-0.456924910509356,-0.418986351739787,0.267418353602705,-0.844506609464291,-0.535674304237208,-1.72650032407562,-0.714767465953391,-0.480204612997099,-0.819185216425862,-1.5332442760215,-0.761482599923387,0.67414913254907,0.917211998220184,-0.744499265546757,-1.33801848818843,0.335648887798873,0.0850446824083378,-0.0438460893839672,0.240591475421014,-0.402709479586825,0.00293325515726512,0.245371682450726,-1.43796182647775,0.357038730874519,-0.495663880558773,0.785639370104207,2.64866953246131,-0.705738954868858,0.366218733206038,0.00155386239935906,-0.489618596921434,-0.816553513102817,-0.395849214411055,-0.519416120356243,0.463949762080116,-0.140916121199504
-1.55340302834228,0.228247052708165,2.66463664729714,0.329567025298039,-1.36890330966097,-0.524208531187285,0.00937410425218678,-0.207432263457687,-0.80325531616366,1.31464782585476,1.5718014936825,0.0634899175869404,1.19687899921774,-1.19904165851689,0.369851979641006,-2.08092157588998,-0.444363611144658,0.735213966992373,0.50098017570642,0.444631986993066,-0.665632825577081,-0.298850368900615,1.56338069479245,0.962450772863817,-0.0698675101746909,0.229688436777322,-1.36242766111543,-0.026594611917755,0.474443504763441,-0.818767577869696,1.54126228511267,-0.759268151390758,0.91892514610695,0.613609857367194,-0.489013876314186,-0.0179760010864852,0.238861767145053,0.056379271777635,-0.626859584551384,0.0303185554154662,-1.60128676590459,1.18345049099525,0.068485713915491,0.444979834942065,1.08068933765326,2.13500933631821,0.613748504868005,-0.0786698130661364,0.790143824100586,-0.238897051619964
1.97411513787308,-1.07938203929332,-3.28751553171937,-0.44092988204704,1.73185246453063,0.33509692114653,0.851932630080465,1.19146212926022,-0.811897555946008,0.34884987717454,-1.77221498970059,0.645510186697489,-0.782473055662457,0.223944445528669,0.309878282642534,0.632274420525854,-0.189161369813653,-0.404165845045242,-0.412366583945713,-1.78747376965626,-0.314906230482732,-1.34053470234607,-0.783800096611305,-0.730814738916596,0.177722428911408,1.00296671567937,0.625283806659645,-0.383759451756102,-1.17054215707428,0.435997745181171,-0.590926466443406,0.248518434339267,-0.867761708567292,0.0409318202232896,-1.21567113283487,-0.652449909278014,-0.809949049976003,0.164951955169597,-0.204775664928325,-0.307287250458957,1.76974893442608,-0.767181274099446,0.524564996544211,0.367240351094794,-0.323486238490752,-1.17518648738279,-1.40586052069117,0.957229474753443,0.984460857583194,-0.805541471664033
-1.11531940189598,-0.439568075957386,1.47800668909946,1.00968632917353,-1.22530846392867,0.776379884494827,-1.06120788926336,-0.849051258984309,-0.373625288242792,-0.404015713860638,0.797844450907059,-0.0573589021976216,-0.525460390875661,0.256073571436172,0.231670701628599,-0.774512838340283,-0.167504547765851,-0.42356694105206,0.67607280551175,0.94210137305153,0.0908014509552279,1.10296644956456,0.418316166046888,1.54636588615153,-0.705714719135356,-0.620439599250577,-0.249700706277318,-0.175581580649894,0.80319168400167,0.263883047433616,0.194962631914805,-1.29464513725084,0.0606888146783122,-0.527751935027192,1.11407085589701,0.218336118413242,-0.000785047932853944,0.0521187175948318,0.0456562762813412,-0.635172053049415,-0.97928298201865,0.0687034925233394,-0.355827600708048,0.354788201310854,1.44837520039316,0.932493685005203,0.906824132450898,-0.758545585384848,-0.149165004614407,0.731022619285037
0.0933531395435935,2.31077931879606,-0.903027354208529,-0.700502961963072,1.13298611468499,-1.37848856421668,0.744526483083988,0.160142345131556,-0.411221081326152,-1.66055982243393,-0.510759701138133,-1.53610622003188,-0.260925434592095,-1.30306753630893,-0.47414537221585,3.03425767551511,-0.253556318986869,1.07252550340952,0.114538249125839,1.66594967842338,1.54624270631883,0.569860781810034,-0.895428989278774,-0.0378551070033466,1.72854199186015,-0.943920884649563,0.847457143271318,2.23633746400408,-0.78093048551925,0.308740753351572,-1.22385422178196,2.83304865780988,0.268524354400802,-1.69412536169901,0.422778387696228,-0.301071739369234,-0.768519878171721,-1.64618687375332,0.641588251363586,1.05737522862096,-0.644755370524615,0.698403985921949,0.504967806931664,-1.86556476979488,-1.44671436973128,-0.578576602922201,0.357977662522312,2.19025806228502,-0.15642917155172,-0.290246924233825
-0.0297552856432544,0.223399494249706,1.02342332272033,1.20790699935784,-1.67900766956428,1.50634735381705,-0.0139936224478455,-1.54810511634204,1.54600572845794,-0.509704072252794,0.520617420911041,-0.345356524287528,-0.116148776785334,0.598422173571233,0.0959453908832357,-0.574194919404838,0.51321011329846,-0.84037946047211,0.0376097892372898,-0.411724765580407,-0.0836348603505842,0.459201042805712,-0.110729341362319,-0.185766654825705,-1.35282980940621,-0.173523733506141,-0.177070923919482,-1.10999820243403,0.416974425626165,0.331686780128294,-0.771421818006615,-1.48018567565599,-0.68611373654627,-0.39147535585933,1.01303139329494,0.0860421763387137,-0.1563403797125,0.309392739843303,-0.199949420509245,-0.983509109239929,0.639656013572516,-0.280187080890108,-0.164853053228042,-0.236773856471787,-1.12992211833583,-0.862330659182204,0.871276418592504,-1.80065067806615,-1.03123773152056,0.773073704702856
-0.919042428885013,0.298502127252804,2.78691042427381,-0.816744469050661,-0.551201785816019,-0.9981222722018,-0.0294495369815561,0.271548863506031,0.726419992483851,1.83444358815557,1.8842584613168,0.830665114877542,2.0450140361999,-0.023005848271676,0.207238342076042,-2.67228174853944,0.174049423425542,0.746707670298821,0.621237917543283,0.209032677409803,-1.19965732713018,-0.00644000850120925,0.970652615880582,0.0148160677833818,0.655079741994488,0.0714451431990014,-1.401023953405,0.359315709332657,1.78283358809587,-1.9671913349756,2.04785169977966,0.902459482972759,0.769017554568566,1.39818002172254,-0.87451342010502,-0.828905563708219,0.291597905103394,0.301280154479905,-0.115712108718126,0.799651485360716,-1.07172405856086,1.35040637367791,-1.38859582752223,1.12438197977557,0.249450620407532,1.70040694233525,1.00142423535195,-0.618561045471278,1.55161365300494,-0.78429646901156
2.64187813100347,0.330804933498687,-2.43528530009103,-0.453680719497188,0.68903956404947,1.56260765626444,0.813040880149356,1.2157312482871,0.270547725957353,0.836312428197928,-1.75295338876491,0.645535862447543,-1.13442947883106,0.415541075677253,-0.0799342996014006,0.144340976087416,0.542640797098686,-1.1718720852637,0.0444882231151177,-2.34605384939342,-0.630151589168511,-0.371219395833447,-0.683056912860697,-2.028050927377,-0.668038624871292,0.711804505960363,0.583434061165478,-1.00529098105124,-1.25592414563185,0.337073815635224,0.0781358069678565,0.532085891122095,-0.558422796234632,0.476242432589104,-0.0178073679148072,0.112829939795005,-1.3895670756024,-0.210492500609765,-0.725642400520644,0.959806451019334,2.46153167420756,-0.939352614036657,0.246330042106151,0.0222452148814188,-0.283273984037371,-1.36736633570468,-0.979329945560466,-0.132748586335615,0.474232663233136,0.0696496932072753
0.8864915101267,-0.905319941176732,-3.70527928664973,-0.355773898410874,2.71268420403522,-1.69531818182469,0.851331634033052,1.29236473006117,-0.754019047741105,-0.0744694004260133,-1.47880571802928,-0.468640597117602,0.0217921064271223,0.124752452179725,0.202250211433853,2.26612946360406,-1.0835309208415,0.420262461516876,0.359551501784654,0.153497101442605,-0.171317018232506,-2.00223785003641,-0.370959562233226,-0.784041866175854,1.5424067872089,0.0611996534344517,0.981608206476105,0.0102782221939225,-0.670698097302374,0.611020475064764,-1.15863033471356,0.144208559175353,-1.33085504286389,-0.319310534876869,-1.32751940599264,0.014751671958919,0.755363047849119,-0.537926101721442,0.460404032800256,-0.558445586433438,-0.033913879855241,-0.649467229081671,1.29752838055716,-0.49892270088038,-0.48000794854006,-1.12943832227945,-1.84501308825211,1.81513437523626,-0.099413295321261,-0.543823542842972
-1.97826990915931,-0.397035433596012,1.97781566704874,0.320657465957,-0.472785996827569,-0.0586530640274222,-0.206811242406072,-0.854422792278558,-1.23882863562486,0.276480836507458,1.33333709788583,0.286417769927905,0.0626951444370811,-0.520701271995728,-0.247336110509998,-1.27908420735101,-0.159080875762197,0.139846526784032,0.444972313099377,0.945067827583846,-0.093491760837072,1.35220153932955,1.1496556214193,1.34495218819788,-0.771900068121457,-0.225197731234151,-0.897699121867231,-0.203798952722484,0.444097370710502,0.62200113063495,0.674692741412447,-1.2622538714412,0.551266955246519,0.246100751458279,-0.00793819643870102,0.239245205075192,-0.109893687333025,0.290204292105016,-0.159276774102222,-0.296324883484327,-1.32746917601756,0.285747025802367,-0.0159014239390029,0.381439403696658,1.74861600018723,2.11356381966222,0.611248075542285,0.292155964069848,0.464200383224167,0.538152616536886
2.05210529439463,-0.386947581068439,-2.96433231308168,-0.244588517708099,1.67548055839364,-0.0208324632768072,0.856681253438729,1.70421035906168,-0.549200284802521,0.0754466721619756,-1.96989077202025,0.276733423733315,-0.258503885923732,0.432596829637649,-0.0541863543580994,0.99876841997017,0.0903663621403833,-0.948140617306768,-0.236492906902508,-1.54044005897422,-0.24305996119145,-0.992884163721521,-0.448593654802373,-1.14627244854724,0.0430465508540966,0.860870921439413,0.363821040079529,-0.966550041139822,-0.681397977497415,0.554091761298771,-0.417351797050942,-0.329678611432653,-0.647658603369182,0.173315695386917,-1.3429669999602,-0.0112801721375906,-0.865800449315659,-0.0362901821748671,-0.701390265723713,0.212582330331443,1.69268773807907,-1.11602237840618,0.76159251215265,-0.26095242520944,-0.329187359272828,-0.861556352551877,-1.20245400436478,0.641124469211542,0.042156168194667,-0.820979496492927
-1.91421478704848,-0.0750730232143043,1.81399381897589,0.923534720779686,-0.859447701537396,0.751428471011813,-0.665553360333556,-0.560282256862734,-0.693320128617357,0.24024796133089,1.54602749968695,0.179845003100285,-0.707184198538879,-0.572318395618393,0.00213740464680265,-0.924312086570072,0.278164177196465,0.542222989944432,0.271234189604464,0.501429230470576,0.0604733577464683,1.43945408738312,0.840125899652122,1.62446660310033,-0.831827474607163,-0.295264203080558,-1.13290235157896,-0.307629657465899,0.134688176426716,0.507183694759436,0.291779456645024,-1.24319181298371,-0.0975810654486051,-0.54458577973786,0.250695310056925,0.673197130637005,0.435444298918138,0.749634581943875,-0.209167946067418,-0.392345700431197,-0.400782147146366,0.529985457842849,0.0940540753455151,0.587600701748765,1.73873556711515,1.45094131830854,0.52206343902036,0.00281112188753677,0.233898461670955,0.819174820312496
-1.78178699864597,0.0112152756029673,2.62403543238939,-0.551233961879703,-0.832743433538379,-0.877803078063562,-0.344623735418255,-0.075034294979403,-0.259687694781199,1.23426440105051,1.4871606760526,0.23828582585742,1.10534204572154,-1.27616412207693,0.754708688144283,-2.59943678971837,-0.0220769550871201,0.737955294577381,1.39189185746226,0.687531851950346,-0.658355317440509,-0.208370255572768,1.39786018618895,0.584677516307223,0.292080020749946,0.756988257409566,-1.71709705897396,-0.196902233441448,0.880060063268876,-0.600566909068084,2.1287399064031,-0.293819738627379,0.971105837582109,0.995351127753204,-0.357943557936502,-0.376557791044988,0.0329244814655583,-0.0404563884825401,-0.70559121745235,1.0302736304306,-1.69194398403465,1.20975383157654,-0.272436570299941,0.713979683676637,1.17427545891162,2.3237059116279,0.831176482460796,-1.06687408077519,1.32623342334326,-1.02236557501495
-2.14912405509366,0.466678871974559,3.16721903043577,-0.693526999024774,-0.682939059518531,-0.442242318415797,0.160164938480126,-0.148176285003094,-0.273823427979035,1.98295807671939,1.74929836993349,-0.0422636630620396,1.33571271481282,-1.14976242847094,-0.44643578212318,-2.38107449032421,0.0414764107448849,1.33403684041179,0.324842516788097,0.934964278670653,-0.504296969809901,-0.169316206274879,1.08813044771073,0.294417820705557,0.617157750378256,0.109399436387911,-1.55840832289179,-0.23382472336243,0.569809772288602,-1.25764281648992,1.49722325760456,-0.162413412854556,0.743692730667928,1.35893994434162,-0.177646201883594,-0.455569723941181,0.158172667252159,-0.0310215000075539,-0.392988769273308,0.823426349639851,-1.35706265736212,1.49705491530093,-0.591372718032724,0.649245883837691,0.806887827267791,1.65790303927489,1.19487688489615,-0.990912539557734,1.36994686111549,-0.883506892380651
1.92343861566026,0.546745878805344,-1.81082308333131,-0.736594586885588,-0.255259319559526,1.83334792347058,1.07020394035147,0.603270714385393,0.659684359588223,0.454305146990815,-1.90611088158897,0.4857712888968,-1.50896696780335,0.18499544174289,-0.1921078803533,-0.669027762064961,0.660576673917982,-0.561634389734271,-0.211106608702515,-2.13188083464316,-0.355482677843115,-0.428248945755175,-0.774263145499887,-0.987260256689632,-0.528833837486247,0.542397356792829,0.313574075066129,-1.10305379837937,-0.645489103392644,0.425566859581011,-0.44487852227584,0.251613793969996,0.276354901318931,0.29872026354452,-0.195445910340847,0.825681300577943,-1.28328337463964,0.0381601142951199,-0.660240171633467,0.460114938473764,2.58174314118102,-1.2146304362842,0.210535436849121,0.201567709265187,-0.42924297110994,-0.643485411473828,-0.654570274427687,-0.504029491444099,0.326602998891566,0.144316017960486
0.747136414755356,1.68326424718718,-1.27195271792645,-0.404409844878688,1.75852845318326,-1.40488054211106,0.905084920228798,0.323401043010943,-0.143080451420333,-1.15050841995128,-0.800764803253783,-1.29174127344103,0.126492685057071,-0.967027157411944,-0.759459209443104,3.10795156229139,-0.672522740661415,0.723104765295286,0.277859667647827,1.85424650453012,1.68757084451333,-0.0148613196969736,-0.799863659885149,0.241593090093976,1.32913349101619,-0.135060094194974,1.26414619391313,1.61784091524584,-0.455671590751587,0.272471900704343,-1.70185015166915,3.13716118201629,0.159633197010134,-1.36839160980908,0.416819196757443,0.059591502747046,-0.324825471168559,-2.11401764321453,0.958883507272678,0.752604035484221,-0.561264226386475,0.617999639156027,0.307228631824955,-1.27581022314161,-1.46427229943412,-0.721188523604568,0.76037267403943,2.06580832039635,-0.795395944967079,0.362544144440712
-1.23638273854537,-0.168316934070651,3.16145033273184,-0.792030561773752,-1.23890019967131,-1.14212809679677,-0.290935532704857,-0.59803565597775,-0.0612513813974058,1.56116341113845,2.14250188270092,0.357279992893456,1.64642414204271,-0.822390605267062,0.648013678155555,-2.90527470281131,-0.165720311598641,1.83674750057157,0.726148436148184,0.602882909285502,-0.76529195518283,-0.44544119232664,1.50938250184714,-0.159815322362113,0.584062747627369,0.407859917803953,-1.76568499588968,0.300234792219174,1.47421115649541,-1.78271039059813,1.90863707884333,-0.252863639681306,0.684336356729451,1.3177720217938,-1.01257508238463,-0.89231077627922,0.0196164522498092,0.0275579290997051,-0.185411665475259,0.403444158647916,-1.37306111970879,1.53382823422484,-0.639092976465483,1.06498468065964,0.999430862964554,1.63814956759092,0.933668459293507,-0.872529565498171,1.30120659058856,-0.935781619864774
-0.562673280939165,2.53480788583719,2.21568696922966,-3.26215026923381,-1.28386746129947,0.640280632267933,-0.512928765402605,0.245914444181404,-0.757127082378536,-0.59628803631043,-0.127494468615241,-3.67157456166218,1.13430857921643,-1.47769105236936,-1.49735340935437,1.35346464078489,1.3466745113115,1.53853278529679,0.209745426506123,1.65578598631103,2.54568074371881,1.6962726838759,0.182637109917127,0.0581959388870826,-0.424471120244482,0.129845885514468,0.506893866046106,1.89243401072208,-1.99751579733672,0.843454673941087,1.32018987254718,1.90330775849921,0.859180995965735,-0.690312222623514,2.11510808927222,-0.299049018426831,-1.2482727652637,-1.89033812597484,1.226263859554,0.134625665923908,0.605169209356776,0.135241617692263,0.353799575216747,-1.25793556940494,-0.0907959142174524,-2.14128151218317,-0.731357986817177,2.58156030139324,-0.0122284750381916,-3.12329007736337
-0.0195150985542721,0.27948292796992,0.814907522415302,1.19105834475048,-1.70606200839185,1.10665212964919,-0.741900748278932,-1.72483569330781,1.17471597043191,-0.912185490585615,0.0757584276204858,-0.362124910605963,-0.7741918138452,1.24961210756439,0.0105385248022442,-0.783516989826337,0.475213345045885,-1.29712680595798,-0.145819138178476,0.0924299446649105,-0.0159072797053175,0.50283263750315,-0.305987415315353,-0.0219038754830164,-1.67481341722566,-0.713690575698267,0.16067765850349,-1.04886793677846,0.93340998682772,-0.43805940753315,-0.658882544119122,-1.86542655255998,-0.527844482777528,-0.928779134664846,0.943782708205479,0.468942699643023,0.737979882076132,0.592476253923734,-0.0407406777976335,-0.732243967291098,0.025022633489386,-0.146435663617449,-0.373349288473973,-0.437660729488548,-1.11335043427903,-0.101196914031437,0.721852287510046,-1.43157223527305,-1.31004817697564,0.436786468372457
-0.845545911429418,-0.441230659019907,1.80838500520735,1.24159764804898,-2.19164702935576,1.03565774965231,-0.914410160384024,-1.3873658643063,0.893094509648754,-0.730269348617676,0.891313809415475,-0.535321566156665,-0.837006502738938,0.854388892906676,-0.17901941051177,-0.148081052804643,0.651060803828034,-0.634561735460391,-0.0393470244409389,0.425173356773476,0.305007449976415,1.03437623050436,0.0821344531520107,1.15051999911078,-1.48734323574394,-0.72351080284394,-0.596639974042135,-0.595154270594697,0.247561126309761,0.332754867669201,-0.755297177209437,-1.7459347736824,0.013906997120849,-0.217647982441266,0.806098019186718,0.608016204526952,0.44717752553006,0.048516911851279,-0.106270844587543,-0.980156284367579,-0.412191991311211,-0.329036346635756,0.0298837233417938,0.259810814101618,-0.3136369809725,0.365919725477684,0.806506203104015,-1.4872766582747,-0.593867252364984,1.1617971660217
-1.25720352565764,0.0108904934694944,2.88972902977105,-0.248476513950813,-1.52336009579229,-0.730467706234706,0.0454259346104043,-0.308806241099952,-0.172034737678307,1.56085129853396,1.56664200773294,0.0213039561997354,1.39970971355586,-0.931993286338617,0.112077589814365,-3.23082964543086,0.194749669521552,1.49525505642142,0.721983439306526,0.457671814531308,-0.660653868088529,-0.794307877378752,1.07566288313409,-0.040982831881998,0.751939289859493,-0.112180988436952,-1.85914928879034,0.243037772552142,1.43251514046821,-1.45876974291137,1.79006591402373,-0.256726864437699,0.909527938520641,1.47823700009643,-0.539088429486818,-0.758154446609874,-0.00884133044589062,0.123242284834694,0.234781956026101,0.545215971601669,-1.49593828279582,1.45967941236711,-0.497962091873286,0.57763615868908,0.444763993491883,1.89622654316328,0.648828098990796,-0.780669282139761,0.955587236994393,-1.03858968866625
-1.47498343923725,0.491282044952321,3.29209203574015,-0.886040643595733,-0.903790022087682,-0.522896242800214,-0.270630057264756,-0.177509934671088,0.128670265387476,2.01482652726257,1.52699747255943,0.145421463803917,1.60360909887855,-1.06521752171855,-0.196695087921105,-2.72779633301637,-0.284924199073328,1.47762335780529,0.584267069536174,0.439636815828084,-0.683869201700687,-0.176247979806172,1.50372286279649,-0.123000860033951,0.74874331196211,0.704811151977611,-1.56341359812895,0.464129105029023,0.974784084343402,-1.54631221095518,1.72409174758976,-0.0873422925519961,0.830328529058827,1.68121205805973,-0.852170106733736,-0.713999724329943,0.40134831248304,0.115012280667239,0.422521080384685,0.637460554222229,-1.61378224395474,1.31872862231441,-0.712784552414227,1.29235384157091,0.777103735682073,2.10608342649406,0.339079163628861,-0.657256265436448,1.61373713154957,-0.958745146741059
-1.83572932682517,-0.270077995841896,1.38381331443783,1.0952228634527,-0.702782065343969,0.46828360709177,-1.17329012356292,-0.789948476953212,-0.353868153871033,-0.483674424830174,1.14715736349969,0.555283712704104,-0.658162057192012,0.0234295141833478,-0.0760241874583157,-0.420937678965944,-0.241213705144577,-0.229917823692926,-0.367172400998343,0.769271281368083,-0.223897175717531,1.14150381104984,0.727261021305098,1.60345543473058,-1.0652574685789,-0.159177741192742,-0.955061328770541,-0.253780863559899,0.355951253741175,0.321390742741776,-0.0742773753489333,-1.10435635623222,0.270276388864006,0.0521330276135263,1.11701267321064,0.918634594511187,0.138591029752486,0.280698463433735,-0.121622024452256,-0.193842921477736,-0.910780818601378,-0.0484621989714963,-0.311005686093659,0.0257978249897288,1.10294642807315,1.71805444663912,0.275583481709109,-0.185077245434231,-0.796146788405651,0.780051970579376
-0.00996811983763393,0.685647330079972,1.18304162519116,-1.12061921620163,-0.943819328177588,-0.650314001604774,-1.06683347981749,0.576212791615965,2.32276134966419,1.89244596626533,1.67632456693876,2.07023426689142,1.04244497309915,1.08431927636411,0.954730923179075,-1.38176927973188,0.0196808871223722,0.733844259877885,-0.00147925900578846,-0.657351234251756,-0.0451819129070653,1.62696965142073,-0.945820328670135,-1.28201628496129,0.574660555834291,-1.25103296096294,-0.168917694423628,0.920780415216082,3.36266060292008,-2.51376859037823,1.51078062974022,2.12155026057491,1.7698323189157,1.87192837248696,-0.124368777077148,-1.8492756353647,1.01896086636116,1.27769741120271,0.609470840409643,0.137958890674468,-1.11354352786038,0.673606090422327,-3.03791419839165,0.385607858661727,-0.470672159158666,-0.190689280143618,0.871511786115352,-1.64365799712464,0.555926960419387,0.972888817829407
-0.611193201753982,-0.0484493504819316,2.05609687472017,-0.718691138927271,-0.696853446019066,-0.801853994846818,-1.05987300541497,-0.189210229475812,1.62590990429749,2.62970478989141,2.11480391479182,1.59344489152026,1.63979910326788,0.592206898352444,0.775070987115858,-2.22358977372491,-0.12523922266008,1.32922882091457,0.558479357591752,0.0150525686588271,-0.733083385477807,0.822617061786054,0.227765375484237,-0.787350961939529,0.374941343757623,-0.725746677345797,-0.228565800494044,0.924407593093224,2.73735438959047,-2.82482017043026,1.55669308669889,1.52852130590504,1.40377736756597,2.04637101085175,-0.909765116899738,-1.55267295757324,0.868907059640345,1.25809853998336,0.358991946047042,0.345381326228144,-1.09129359390855,1.23815749472047,-1.81427510808721,0.27767441058021,-0.160130060868463,0.169048293847406,1.23395007319211,-1.19981532777215,1.02594025145934,0.784196301182769
0.921057362546495,-1.00968346767765,-3.30433304745797,0.139117102066533,3.10191376918199,-1.50314866872209,0.261748655654012,1.01944738364307,-0.809142523095222,-0.211516765251184,-1.58414530559631,-0.515551144411557,0.215442152756397,-0.0717851135052225,-0.0833086404526451,2.17258998564354,-0.884524635698455,-0.236941444859287,0.0885802235056204,-0.441003698829406,-0.619039055412465,-1.7926237958013,-0.823178536372904,-0.612825012043382,1.6353039889495,0.513803992192285,1.13333224344583,0.386708830728987,-1.26867169119755,0.745274506051336,-1.28816696393806,0.4119057323602,-0.598595966811176,-0.293709553074385,-1.29822817099587,0.0802343617583105,0.843818909546785,-0.294631242932514,0.37668704587152,-0.632301502032693,0.56637705415644,-0.482020927961649,0.741146344147825,-0.466865681708665,-0.707363088926836,-0.995326246694343,-1.72530623087926,1.35145708547802,-0.225442846129245,-0.462158629780963
-1.94666419185476,0.269320570128668,1.61085257440513,0.598677153162444,-0.666819595007183,0.167431648402935,-0.770606546039624,-0.788150499102435,-0.945706967451875,0.031216242712393,1.19422172997197,-0.134885521600954,-0.231404729086118,-0.91785818343239,-0.0440650497258459,-1.08042682309061,-0.181576603595227,0.630099012558209,0.213236786257668,1.09228651469904,-0.1665303443432,0.960227321455708,0.553918797845623,1.45222930092067,-0.250750266380156,-0.25238425453002,-0.894868860286284,-0.15643996984737,0.636109879683884,0.198102414934736,1.38698110921985,-0.645866711585811,0.63418604988241,0.223795504562059,0.157976632716177,-0.0579685666969066,-0.220478846278542,-0.137296277739599,-0.449523465061396,0.456083105558011,-1.1285127685229,0.371263333236399,-0.0874234148961869,0.637045244794767,1.57781405775793,2.03022516483953,0.65834182897111,0.194523597661337,0.471513525536497,0.942222152727815
2.5204071879326,-0.116112811688669,-2.37727670918646,-0.153186297881665,0.825519538947578,1.11377165466809,1.04452658329656,1.15243466664696,-0.00385423304044712,0.745801150915934,-2.13167080617333,0.798394913864224,-1.00507593566909,0.424015645049987,-0.0809465561299474,-0.145784295464527,0.475857434976207,-1.23607799152528,-0.466886510317013,-1.91165903282668,-0.256138846686088,-0.609211393700993,-1.21906617004868,-1.7514294434747,0.114833324809188,0.431076729002886,0.36329317903771,-0.671558865783039,-0.972355725879241,0.822212947664599,0.297536288875898,0.214526193266262,-0.0238870000035422,0.122575143415354,-0.301693920887379,0.449467701771811,-0.915497500524996,0.540446118501117,-0.646173292579167,0.891734574381331,2.70264269034402,-1.35176543298996,0.261387997891764,0.447858885628728,-0.246696808983095,-0.6827564413419,-0.672949566692774,-0.175510089616315,0.642109318936158,-0.711948081968781
2.22877046866549,0.251571199300548,-1.67074465163382,-0.483603547806998,0.483762540778781,1.42140883855864,0.984332457072809,1.2223011438489,0.3485656146095,-0.203456649496159,-1.99959889439104,0.476997319144132,-0.935353560080052,0.388651473052993,-0.436659207763222,-0.247792743550643,1.03273973285133,-1.3834966689381,-0.638367722286252,-2.47345079399542,-0.281968233699414,-0.619703637496531,-0.638168610674872,-0.697245159963341,-0.531938513068726,0.601111863705155,0.340770883117497,-1.02242088730885,-1.15637938539495,0.365201535716316,0.219391389076656,0.232447179308675,-0.617829601172954,-0.102473875623404,-0.464088120686799,0.18067396573911,-1.17839672969206,-0.152913150795874,-0.53223613831585,0.321140365454618,2.66572502110856,-0.951387624840273,0.457037047571019,-0.292923258991502,-0.308320911925484,-0.953400790779967,-0.60782696880833,0.566325677418065,0.282358277276307,-0.266640138407569
-0.0240801518152803,0.190023104038759,2.42787342325964,-0.840586313137045,-1.18337572102938,-0.938188575589985,-1.0656507407601,-0.0316510882915609,2.16694051461771,2.00647969331738,1.85707151060274,1.68185171498918,1.56758532701618,0.267712541085609,0.364016176602993,-1.90764517492298,-0.0155834755369563,1.26509914744764,0.570963448394648,-0.438451686384105,-0.240909489778736,0.948289324859395,0.249820840952228,-0.797607511045369,0.393999688039245,-0.395670965342985,-0.537868279754943,0.593510623521309,2.50932378435662,-2.98720663373007,1.70144785645789,1.26907408856485,0.621805620686112,1.4301578776654,-0.489094421403285,-1.51384334736167,1.09746175595888,0.940465510370146,0.494412766500361,0.460501784052274,-1.19262709399738,1.2759045789271,-2.39887262917938,0.495708973664378,0.00275567439368837,0.503143789924631,0.876976097135791,-1.6025887630852,1.22567415116748,0.433661307206065
-1.84112809177176,-0.546521118590228,1.5513973199202,0.718667954405956,-1.10238636484181,0.161055434309682,-0.88701710490188,-1.15768875345928,-0.574276508536708,0.00639733746468628,1.2976567013831,-0.00828392642811268,-0.89068493148297,-0.210524678082813,-0.282018040613349,-0.339429326569254,-0.250040454761639,0.00271336981846833,-0.376339282497023,1.08374957628573,-0.0340709107666442,0.975572696320316,0.0191138239417385,1.35337484946156,-0.49304397331953,-0.328850325759238,-0.508665801675671,0.157215156005882,0.404448342724147,0.406167719383109,0.212357064586956,-1.30431082400015,0.0649577099240025,-0.209057972301304,0.803177534135835,0.70287568715774,0.379603911749366,0.24300996205631,-0.45277040031921,0.0185037192352805,-0.941097306363606,0.307260235659584,0.424735938891615,0.218926528554242,1.59245514639928,1.27607940511163,0.844174381483915,-0.850236043276104,0.0315098783831526,0.599245050220842
-2.18912364644264,-0.0327878894909044,1.91552551330163,0.549261689638897,-0.47130970583861,-0.530957942605848,0.0590917994045613,-0.412648369576758,-1.28953870395411,0.426769502690432,1.22641379989217,0.239649655341688,0.441774264090934,-1.0932155605549,-0.460133835816812,-1.35686565466418,-0.550091274705243,0.67463113658485,0.708366422228987,1.21437281282577,-0.239738101502857,0.615118641079335,0.923289305808823,1.35274924845054,0.391896899989332,-0.0439126118596868,-1.1346565974411,0.020832950562141,0.61328145861367,-0.0472794344407491,1.50900411703215,-1.08438355537787,0.491060932775763,0.68346483665449,0.155613150824814,0.487177097131601,-0.190146442231488,-0.249298363697828,-0.490057778588284,0.433954089409458,-0.961451561966803,0.489381372500358,-0.665949335592154,0.834074481170284,1.50929682104167,2.36907843408969,0.353396987730262,0.304596360922609,0.883268589140371,-0.252535767342642
1.00258460189676,-1.01195226236083,-3.15575619232759,-0.472412049106795,2.8487582645622,-1.09903819780459,0.491162502273581,1.4559927522315,-0.971414031858185,-0.753890797180254,-1.73396385144294,-0.220072170848911,0.0474269096929184,0.317494140103153,0.911469985479192,2.11090346340702,-0.587276811223993,-0.499941724286517,-0.211910555277049,0.0598036121677758,-0.618992298527168,-1.79624902217655,-0.47503523268635,-0.965466164161405,1.19304632462811,0.916882752834189,0.941331544146977,0.246940292116455,-1.09896804717375,0.713857440890061,-0.96813163308974,0.100069343776401,-0.841127757188626,-0.283615585217616,-1.41457210193553,-0.200526025276353,1.10342815498966,-0.0807658459065139,-0.133099539309094,-0.321886462409956,0.110002052391021,-0.8431469923101,0.966893864252271,-0.256737075821655,-0.679036059410975,-1.58970378695819,-1.57930987100968,1.00820087726335,-0.406229647304738,-0.251909300736492
-1.61112793514243,-0.287659027959319,1.61115009379019,0.756854967208936,-1.23747584095715,0.590939005434673,-1.04477960197541,-1.64207884168687,-0.229907521998895,-0.423235118842707,0.98834885382077,-0.366856176949983,-0.414854568170842,0.0460853419364557,-0.232556039132237,-0.377831263471436,-0.481631019605818,0.201522303692305,-0.04922956897618,1.10640680063083,-0.192326681263455,1.65494891719524,0.565814312171303,1.51465836514574,-0.871895504295923,-0.539440603495438,-0.68552899588321,-0.434697994868745,0.438975125491648,0.302430264385145,0.180477345169603,-0.757394132684005,0.621532601220081,-0.476875368687128,1.20544580785538,0.531474150597271,0.00741902713697828,0.782277567672238,0.350549373595347,-0.820914473962138,-0.584442395852017,0.104234392189599,-0.367699427402162,0.298379719398437,0.670686678527748,1.04816248129843,0.977815924050962,-0.607326646970915,-0.383969159593973,1.2746894598147
0.641654830907812,-1.00602963099279,-3.23426772121223,-0.00649757365769965,2.72502311467216,-1.6866686830809,0.529968303954541,1.53008025514086,-0.937757394101053,-0.238161419866818,-1.66459537509143,0.00501187819439187,0.173009669005064,0.265800412531241,0.625537196089346,2.25235730580191,-0.110459785243566,-0.198814977204998,0.11775021095943,-0.0358169774450011,0.309589125768134,-1.80314213676819,-0.304109633644688,-0.624768865633684,1.82634286377447,0.245680717960909,0.962077027508459,0.129818932296039,-1.07719790672732,0.35605248744004,-0.771078754955406,0.375717950872323,-0.653115997178617,0.0751560538462148,-1.4283206327095,-0.0582893381240747,0.36583211435104,-0.0245993234348877,0.166155455167394,-0.502177976580241,0.243406204630727,-0.365569993739888,1.61335156992809,0.0979976163700995,-0.0953208344647415,-1.39649546550687,-1.15142729099777,1.48616074714039,-0.420700815294698,-0.62168798995004
-1.62668012873856,0.109321807436573,2.34960886582262,-0.220246914657211,-0.480333151876251,-0.366176534242485,-0.270671303997171,-0.388645760407728,-1.34892426439478,0.982050977430915,1.56366691787141,-0.175619182906409,0.412860500959271,-1.20065240719061,-0.401721036505279,-2.21428685341889,-0.607350613924681,0.704679620322676,0.79730781081052,0.763801454991503,-0.511329903749994,0.246953857379419,1.00713692667265,1.09114475140658,-0.0786704079643945,0.121425231614759,-1.49046837318357,0.133611083748842,0.177725181025997,-0.548166217125866,1.31227113068567,-0.7733812838067,0.467206590888119,0.962853849488566,-0.180785243011008,-0.353475115897261,-0.349490437104842,-0.0410780044929907,-0.124165849045576,1.05012107371609,-0.946168961132134,0.679247376448605,0.0663712826735518,0.910366634628517,1.64675579499132,2.60015018715473,0.510220797537516,0.313528047566702,0.821338128608191,-0.353243851821707
-0.629962160687783,-0.119909971722784,1.39656109855299,0.765198451984077,-2.02511354535847,1.47908070453456,-0.413030664786854,-1.50385955830583,1.39652298350596,-0.852191901723532,0.120093065962244,0.0404010031014383,-0.491210205834953,0.852403225321892,0.16594280414162,-0.810483291976318,0.248977873842634,-0.756207167175941,-0.534155102678152,-0.512274148925533,-0.252902812759857,0.662090309460985,-0.0240777566363992,0.425412618971315,-0.99517852595757,-0.503327700551865,-0.246001848928941,-1.12044390644888,0.748094044249886,0.236751756314491,-1.11239071066308,-0.984818756436727,-0.199483088554746,-0.473328677825126,1.16468657925372,-0.348551474294504,0.595038250205079,0.4047843086273,-0.202942768682143,0.0726318943161371,-0.0816852763738709,-0.108328162490418,-0.52606204435695,0.365114465382943,-0.697022636492029,-0.00526244192623543,0.573069605364033,-1.58919970690145,-1.51983295419162,0.889884691793016
-0.319597956096787,-0.160426802405048,1.23268743040285,1.28095654727646,-1.66364585155178,1.78485355067909,-0.416753598200335,-1.7339464934176,1.69764252710371,-0.729457003086789,0.216178091502366,0.174448274238093,-0.695562374660829,0.776802902638034,0.158063463073746,-0.213415063307132,0.0308306677146427,-0.756586117054282,-0.6962949483189,-0.416786990221744,-0.158131467239332,0.0374505745891109,-0.0777291322646879,0.38816698061697,-0.853421164490337,-0.662521003052812,-0.0704561693382339,-0.568454837700294,0.757532817091595,0.579371172475103,-0.761542431375451,-1.30338038886534,-0.419664844497219,-0.702627373313377,1.32734177479905,0.034620436396482,0.340358651726983,0.784639683278611,0.00425629639815186,-1.22705530410259,-0.0701852316210003,0.0762402064214063,-0.367876277003969,0.104463939478606,-0.679749650258159,-0.551652292409985,0.358144747712221,-1.77321485148152,-0.622298925334345,0.714688001033173
1.98538370691147,-0.0129293732889289,-1.88969113783785,-0.0692360192545565,-0.0110587303240616,1.21306347496722,0.387990472964219,1.15077252525825,-0.107045172704796,0.260571121189021,-1.82229026275855,0.790109283307205,-1.30674959397047,0.445524952994219,-0.0900091548995675,-0.0616934693025901,1.009373668813,-0.72696213199988,-0.861384103456378,-2.38123778744484,-0.509239165683417,-0.264637887912857,-1.04907671439798,-1.72822143168638,-0.240468424873507,1.18471549864089,0.00253134724199706,-1.13708152811758,-1.48217325790385,0.21540321407473,0.242139028774726,-0.162894307705132,-0.370597337919672,0.0775835062569936,0.125014798952215,-0.017171514447173,-1.47785322676841,0.550230478494503,-0.669352561967301,0.563869102523471,2.17925617205258,-1.24455952396214,0.228097458860816,0.221718462979405,-0.47636250691728,-0.944404928864761,-0.344875746954392,-0.480223903272387,0.427412966595239,-0.259076151649088
-0.849769787053694,0.0773368745681116,1.41420726069461,0.937378292850671,-2.00319439880028,0.866055049116361,-0.904622945795141,-1.66586075127669,1.09305366533001,-0.911812591503687,0.626293245376396,-0.414014171326773,-0.831845817192908,0.946594584101866,0.111820380142019,-0.602663481861053,0.098700344352412,-0.467070753962625,-0.0977132538859249,0.603935487534749,0.286507994248204,0.736049752773048,0.353595523712917,0.910459485528161,-1.71621744000571,-0.891680762593531,-0.733044202686808,-1.23909131015191,0.849019455072624,0.117768432271782,-0.58000846254749,-1.12904000393164,-0.131419202660208,-1.38608344885694,1.57867066171251,0.554648890179108,0.377704524993819,1.00253505412291,-0.130828439935646,-1.05763013528382,-0.107249139183187,-0.2587694117294,-0.280216278999098,0.0243218598291608,0.126403868879172,-0.0357400430039244,0.71122051881482,-1.58631552151331,-1.08833143236422,1.10853720392032
-0.98134060363105,-0.058222686620276,0.897960103876055,1.19221590822505,-1.18529121610312,0.737154621665775,-0.407555398120022,-1.85424151236181,-0.00281565313046558,-0.376641903507283,0.778988340143419,-0.216662451915063,-0.375736703866947,0.380200610075289,0.352787787461809,-0.345510353595574,0.124655633192667,-0.533308351323953,0.13207876686594,0.837829718166204,0.281128265640769,1.05004337266272,0.148059072526616,0.981262101022865,-1.10923375717464,-0.571129432382375,-0.504720135792981,-1.07211665511277,0.438370548947511,0.449682526223599,0.0251557254134823,-1.88618578883287,-0.0569895222797976,-0.699333737150193,0.937780514902069,0.450347572727069,0.426673920066209,-0.0293381808764348,0.0943751049765599,-0.332069322435555,-1.0357986012866,0.0952576340714901,-0.430793932579338,0.333539159721224,0.741384688497298,0.775995061996897,0.921678671177477,-0.888598155761658,-0.674761328689223,1.11681129437746
-1.17278077741944,2.3696397050337,1.56240807016047,-2.92262866173746,-1.23932881688991,-0.415283547895892,0.086676062780629,0.157482759655341,-1.03565144941074,-1.41178382903566,-0.098510941098286,-3.07930845090258,0.856368783694742,-0.58905083406521,-1.70265054677624,1.65462604705123,0.665591007270969,1.03811593396827,-0.442169800241996,1.34553327788146,2.18849299356908,1.03605803641429,-0.276449615553276,0.0123840940712632,0.128024410676605,-0.645181116584836,0.956723732280894,2.23726986574244,-1.60946150602372,0.853858648290673,0.353620868208072,2.08816267281041,0.801707700075121,-0.971115880130474,1.49263105771061,0.302626403434054,-0.976446240132613,-1.47485577307363,0.618888772684263,0.540877247259033,0.81095477646376,0.260268725896209,0.416688208655577,-1.54748564011257,-0.449716800412795,-2.32778819712575,-0.517206747323957,2.31474838097416,0.259694652521522,-1.69395352491501
-1.87439756686931,0.0828889309594356,3.15379227484213,-0.678615410083536,-0.6789256038245,-0.603330718022122,0.00920805367217846,0.188164652036501,-0.0485365410001043,1.49256252234798,2.07105084726116,0.219164569827343,1.46303938232716,-1.06680230947858,0.0124571924569365,-2.69712984613516,-0.103727943929981,1.28328728341207,0.588889647216047,0.458679255019943,-1.13603175772093,0.0949807911525886,0.95575239698017,0.188373481992023,0.216216922329501,0.275784639773216,-1.55410864826092,0.246418289836612,0.866141913625646,-0.758754381719132,1.9775847816273,-0.173781715757087,0.621546014224615,1.36738534738571,-0.546098258190034,-0.837862411774258,0.107288811049071,-0.260696242376696,-0.358577107029401,0.500417966948235,-1.94142254551059,1.50394088123653,-0.145883562264238,0.794549276668522,1.00885184840786,2.36055342064648,0.271586543522129,-0.456159542290561,1.18392010162857,-0.635966356095076
1.7937471699948,-0.984170624398511,-2.58914426199259,-0.24933153709853,1.70741287687186,0.406348450977377,0.53004844891604,1.14642348324893,-0.758352471119276,0.330342621803275,-1.79087576180233,0.312312922873786,-0.658693856306089,0.431429058419943,-0.064039966137565,1.4054610457772,-0.000827757347271069,-1.04041955949385,-0.43375775369766,-1.90326781343296,-0.26463081492232,-0.800209559264396,-0.434345476452499,-1.02751345995378,-0.218227665377044,0.842218503571871,0.947774434354442,-0.900850191814519,-1.36158112864752,0.486065111331183,0.0408163718131213,0.135000130545852,-0.233107477762509,-0.0876093351534697,-0.703887190559714,-0.170647285895012,-1.52660011513297,0.192809071186818,-0.32698611127949,0.0252684471902088,1.59504553642929,-0.905944977821457,0.903927137261916,0.235356656814741,-0.171790146535445,-1.1952102488671,-1.39297976063449,0.641192480689453,0.37076956971241,-0.775942791745238
0.977843692662066,0.00796792035164415,0.0151699679723642,0.368299117232604,-1.4909747143041,1.59664431662126,-0.0295316407879746,-0.457342561718667,1.53020714779398,-0.446835610036261,-1.09729021583129,0.533835580509837,-1.03648366452965,0.502154997863502,-0.148327949099012,-0.960557032415735,0.991908064318595,-0.635947931314307,-0.455351225154946,-1.79978930712078,-0.00104459211627532,-0.353006441339935,-0.0460970760215573,-0.946034177307411,-1.36786937903545,0.119434483523242,-0.309962420187003,-1.12609323779915,-0.562811188589088,0.216237077787748,-0.449133421253303,-1.12321917493162,-0.052967505272185,-0.268254548388411,0.88207923544355,0.0916922900344673,-0.323992277505173,0.521126720174368,-0.333905148925027,-0.399765045279021,1.53024214271154,-0.739212640968513,0.129657684457985,0.288398221193525,-0.306757713805115,-0.758877426983393,-0.015560074157469,-1.35056775994063,-0.449929808859118,0.151858491816563
-1.06137393564118,-0.109142946691845,1.8011736843509,1.27361717694227,-1.61718747377412,0.8528871209249,-0.891801957043445,-1.83745134722698,1.08024187336204,-0.932987264767374,0.00289481729522179,-0.155273162278828,-0.459721940563449,0.605956878075205,-0.0299192157784772,-0.693458843246146,0.33734650181737,-0.5542382289366,-0.118507390365274,0.417934913389987,-0.196221551121604,0.0535847526447207,0.190267777260465,0.782136684519641,-1.23514303185663,-0.599694794381465,0.413645276433315,-0.570176547418643,0.394095261872041,0.362517150747579,-0.960298473363149,-1.74115930507628,-0.0297808859781318,-1.25106083206234,0.964859079768082,0.121569289292553,0.623266169545461,0.611648249883615,0.220561793695648,-0.740380008899436,-0.249366968145376,-0.427136067954398,-0.540167757148413,-0.114255321366069,-0.446972871555744,-0.00354029952879399,1.05211299757198,-0.912618876566043,-1.08707746773991,0.722524616793052
-0.729319127013796,-0.110791123485868,1.75825441884219,1.08445232491793,-2.10567769359268,1.32534980220784,-0.269157004110727,-1.57638730392712,1.73319130562718,-0.593634808235478,0.813234875581476,-0.263563196529162,-0.319157425497373,1.60282255437282,0.11069788216042,-0.646427775206705,0.513825641911039,-0.731745378547336,-0.721324645546436,0.0516794614864707,-0.120354439720871,0.488237242628273,0.291767217940413,0.513054098194884,-1.48231349319441,-0.435727186432289,-0.515622475713774,-0.969492170399785,1.12276761029794,0.0990866431874433,-0.618186184708263,-1.58764999764109,-0.299596608405051,-0.389083429136097,1.29817061131017,-0.140840950816502,0.609847293068493,0.302815557900929,0.0580644773189641,-0.864306696422303,0.263959505838687,0.0236321134966409,-0.342220259821988,0.0834621369769839,-1.08921265541564,0.0922346985781214,1.34234947968267,-1.76626158827074,-1.33846359829662,0.682566358245025
2.31896505177854,-1.01220670198129,-3.29709278522893,-0.161655555067935,2.36152480684766,-0.104394662186087,0.896879151655162,1.33517279259068,-0.924848723410003,0.320503808030414,-1.57390758852947,0.740318209247773,-0.629488974162981,0.620268697684735,0.054761404983309,1.43105710533144,-0.0118078876437711,-0.670607067303583,-0.25061673851679,-1.37838935985646,-0.597513612533328,-1.55424523542827,-0.412300880179792,-1.41327400813692,0.376285058759587,0.75781967002924,1.02694230455399,-0.371592148206859,-1.32732819593428,1.13383773973123,-0.619004389381201,0.373422478758251,-0.274347628651821,0.0765926446317905,-1.2979568019902,0.00651706836402512,-0.264469400601366,-0.267726070089336,-0.0423927516328583,0.131063642532441,1.35269162750895,-0.856452765019321,0.752118827141459,-0.0582123560437905,-0.609315248205017,-1.1543319885472,-1.41211282995973,1.08235785864106,0.242374582436949,-0.763273647613178
1.26112053068337,-1.08817821802675,-2.96832661017997,0.0346399085556977,2.94712946319686,-1.42195965884453,0.840314432598819,1.29999776771247,-0.698662992433979,-0.505028490362006,-1.45597465623776,-0.185991798367751,0.40656344326233,0.594069099876605,0.764319903494869,2.26925717339767,-0.706317735872942,-0.454002724090176,0.642111212579104,0.158130115331606,-0.220194664014371,-1.5771141963419,-0.43251338945894,-0.16894824041802,1.5796724639031,0.696950005995414,1.25760770426144,0.163615687263364,-1.31940463981772,0.461200236708555,-1.62464289112338,0.590035960738667,-0.786748040641063,-0.325991432830987,-1.18192694145942,0.137782954586221,0.363203912760344,-0.224297409449376,0.603790717177934,-0.320031184211595,0.412373848011383,-0.87862687979184,1.0348347575104,-0.257004346670879,-0.288983608667995,-0.701751177326974,-1.62453521724458,1.22291849506293,-0.552550360256947,-0.364954698217957
-2.1803224918064,-0.0607967373908513,2.69176323317487,0.54638285558917,-0.639292729327358,-0.444904902516713,-0.448577066322338,-0.213466565818221,-0.550266580854573,0.259930368487551,1.34076387370569,0.0814901877594928,0.760115585185831,-1.21911703447338,-0.227261115442127,-1.84462852269467,-0.456182289437477,0.824460157688372,0.704388415403011,0.63003974069069,-0.226788565124129,-0.0358826105570495,1.45339928029967,0.93339166925804,0.00283727499327188,0.303359296896348,-1.02862689972837,-0.14357596290065,0.414136563026519,0.00173734205458027,1.44090863829832,-1.02061782648611,0.410319637556226,0.739791815484616,-0.145154766512735,0.070185066031185,-0.0226386482627313,0.346228955787352,-0.38306621482632,0.727659919278725,-1.48591681089512,0.80042114194054,-0.381671222236547,-0.011492898225347,0.997280179851111,2.25934664312587,0.999099258681828,-0.106441897969963,1.32074705378288,-0.447766946675066
0.71683450868884,0.775761468734642,-2.48036127100216,-0.0635388696725431,2.64041003954819,-2.10384637822412,1.6416313410595,0.703804807220561,-0.759111021190644,-1.18320200858742,-1.13301960464089,-1.24611491161921,-0.0345663215551669,-1.02766996911572,-0.645039447100786,3.5098982276829,-0.609074315320581,0.852180842748596,-0.0285871531081628,1.54406010032365,1.13670665705394,-0.250280568144256,-0.796046845187723,0.122825049405031,2.02848482955189,-0.670455923024097,1.60362797804399,2.05352407965963,-0.210708334899792,-0.0647555516585859,-1.91125232615776,2.52948981982247,-0.731601909383068,-1.5642076069445,-0.58167209415017,-0.0621392599179901,-0.605226594467121,-1.47953364930325,0.547454400209879,0.579906031107199,-0.635501586526467,0.309924719819018,0.883433182577373,-1.39842195908378,-1.80560538232349,-0.704535902430589,0.0986719830742925,2.12188018602008,-1.12145834038097,0.758038154430674
0.816070380452014,-0.622592635163058,-3.10809935429985,0.400859146935012,3.27546703038509,-1.98908464940501,0.78496959822046,0.883824615784597,-0.944930883606771,-0.847974543233528,-1.21496844084763,-0.226594478284932,0.416618944653304,-0.17119355722351,0.883780950214818,2.81530544555061,-0.755683631566346,0.328282876510719,0.310612036408502,0.687781613086086,0.716612312292328,-1.77820726319887,-0.0673384252286105,0.0351331672357451,1.86913432022281,0.337300653276223,1.31218203591896,1.12341087364257,-0.706018143421806,0.983408704355062,-1.68778543480308,0.275074052236312,-0.745457990130818,-0.630214487877869,-1.37725343729916,0.192315577684726,0.558296592770854,-0.82257906160133,0.221075381217218,-0.465162329871274,-0.440306743029456,-0.256802938289308,0.984857300068932,-0.331124392717002,-1.09165443377966,-0.400343944112086,-1.05286161403673,1.79732192539834,-0.962490621226185,0.190954791058745
2.3353978067036,-0.0152762450632017,-2.34694430123707,-0.647681131353052,0.898563034472875,1.54528739508413,0.822628370762949,1.61701890559564,-0.16819343072858,0.561032066369292,-1.85554155323556,0.613305285532294,-1.41887885251311,-0.0318671454289767,-0.432188130586439,0.105570345848225,0.677506282385075,-1.09041287926172,-0.747683943408635,-2.84328139125886,-0.152397732086387,-0.853809856819416,-0.369091051080067,-1.45765430209753,-0.429889967120949,0.859153678820941,0.590673824529636,-0.942985919947272,-1.67226997453872,0.533322824719448,-0.020363463613887,-0.131233938827304,-0.172772025699824,0.197099265942578,-1.02556974316601,0.223778109974632,-1.14359570503594,-0.298911214695691,-0.569933090268921,0.776058464483601,2.10099838742072,-1.08040242814281,0.811701172793128,-0.115826588868756,-0.0428732167714651,-1.51315690169607,-0.91991451742327,0.284358767830575,0.239023331889362,-0.259314252517571
0.631183783973858,-0.614895479901494,-3.21140461449776,0.0497173495762724,3.08025523035542,-1.82686326156936,0.619832130727296,1.16927322527098,-0.947294160097179,-0.575275445570204,-1.10236739182948,-0.0413301553421213,0.249723134032435,0.098667958148206,0.0470825545591778,2.52759770593314,-0.916376815677302,-0.353779929982699,0.325080012991755,0.203506399524133,0.220825962695632,-1.38792224146651,0.0427323489325136,-0.285057821478628,1.59660202893048,0.149153705037222,1.28543289802984,0.355087884649223,-1.33814692338923,0.527098818752134,-1.09769374018903,0.316388786024702,-0.788096422021584,0.124759450362577,-1.38404282209123,-0.0739293734061958,0.595480247702301,-0.388865220853774,0.57730863833001,-0.363261179111687,-0.683879695378859,-0.198829691173633,1.12759402096905,-0.663806898977887,-0.419105553633708,-1.64868357338004,-1.44563079311899,1.65179871338593,-0.610201887428869,-0.669120622813786
-1.09149169171534,-0.251156393014106,1.49773713447048,0.577894495297878,-0.535310706677103,-0.0196645250080612,-0.937696269662994,-0.509081186443207,-1.13864610795351,0.259576628625876,1.19244051818969,0.280729325513549,-0.563082472917375,-0.821329480887642,0.202959656473278,-0.923822630998891,-0.402714530991368,-0.137215078451469,-0.106975618625808,0.642283754801838,-0.307525998819166,0.747481113708205,0.548993381062893,0.592602864730209,-0.0610955789510391,-0.0188606078647126,-1.25369081237219,0.0557839455265506,-0.00620071667120003,0.175153171884522,0.585861591632877,-0.72490392039149,-0.11961332066363,0.332908248493006,0.446790917189235,0.16433604379275,0.521390124375154,0.768206274949922,-0.122703900592214,0.196755677551393,-1.34245045288627,0.920189413679521,-0.185493439236572,0.957380574842327,1.93814822745305,2.04370222148588,1.06853433511749,-0.302691225460845,0.462408001238513,0.633547196396841
-1.43693247944724,-0.865921360711805,1.63175562869333,1.25525270623853,-1.37870042844496,0.626689649861995,-1.05146439473623,-0.987956009081562,-0.607625706302566,-0.942244870952134,0.412324811221239,-0.116151193290943,-0.902497568865172,0.0886309817070878,-0.345058120993185,-0.334957646029138,-0.0876358636943048,-0.461485316075509,-0.266194321366516,1.22725558428785,-0.117260091049552,1.14890748515106,0.339158637663397,1.1031451773683,-0.977475898217782,-0.518427438766252,-0.488921721391622,-0.192587441223521,0.658090576592312,0.654272636498446,-0.216509150612208,-1.41877068853993,0.426952657789572,-0.00454811562996225,0.958682331553636,0.32205611287445,0.366016677169667,0.390974827661134,-0.173554451770125,-0.250634391828185,-0.835065427479923,0.323575915274546,-0.464973260397156,0.137189723767596,0.900665287851034,0.747510466483802,0.703370546417863,-0.409648430215325,-0.608132294944075,1.15052849442415
1.2406425251207,-1.10179891548528,-3.15117871524198,-0.612852913784433,2.72078141963549,-0.8784495170254,0.437014788368814,1.47570533880216,-0.77109061064523,0.0636247174179626,-1.41544561228256,0.157111753942327,-0.551967092143534,0.580683364012144,0.449390202304938,2.07515863279516,-0.106215119069574,-0.707753874181414,-0.656755601418116,-0.679768556129946,-0.42171422646732,-1.76022776263247,-0.341367615140759,-0.690001449866538,1.18774393377848,0.233991299635632,0.734419444333638,-0.34934757981895,-1.24873486355147,1.51111013621019,-0.550184252841833,0.143325198980432,-1.0480112118303,0.0552839843510304,-1.42203268010712,0.473009658745203,0.160328284656111,-0.143182898195479,-0.392646908344187,-0.0347197730199749,0.874268816846642,-1.00098624738326,1.00751161483476,-0.164684063246197,-0.0586833831666106,-1.43999657257632,-1.89021241797595,0.596706963341034,-0.208486285518373,-0.408569986002849
-0.550207536180929,0.143671342547359,2.524659973859,-0.858524965721815,-1.35767265070385,-0.56116901994596,-0.267127543727249,-0.270906257712898,1.55236111844317,2.21847987427837,1.90009926483875,0.941894967833693,2.0637304637595,-0.115035327917556,0.706403725634863,-2.90291262639769,-0.307362565824561,1.54406998408751,0.575079929900902,0.332096513657901,-1.11831686562778,0.354057948040608,0.989883142678061,-0.506590060515769,0.47643348470461,-0.439940357391269,-1.21458086407512,0.0143174407191177,2.34300266643835,-2.4703486620836,2.10206340870934,0.648879883187172,0.862619701178044,1.94323416512869,-0.739385950564562,-1.75741608682027,0.103436861913096,0.766173006071266,0.273691286980818,0.0464721255222113,-1.20017070086094,1.44544202165046,-1.56355645834292,0.891391915271469,0.214261942662447,0.999371453626645,0.648810118034195,-1.40268870933873,1.24571896706389,0.0850397551781427
-1.15464095991439,-0.405786065799797,2.45359932429341,-0.0020958016493382,-0.768150636432632,0.386556144542098,-0.762928411866039,-0.186547161582216,-0.891068287712849,0.697562208406501,1.56925392418357,0.217074460932646,0.0292840107859554,-1.09820937557682,-0.471794285168902,-1.8778676212185,-0.0303517991711212,0.897572926943474,0.600465998983297,1.34473630420533,-0.950779606999594,0.831914452952981,0.855947654410077,1.3848174061345,-0.206459146723139,-0.056988144098758,-1.16418745488064,-0.335038864005856,0.127647296026847,-0.48621223338617,1.03471198958765,-0.846306769330541,1.02270256815404,0.348958654481236,-0.365026275972793,0.467253223614527,-0.0423774289383396,-0.041931588776667,-0.348056009568792,0.42903959878516,-1.53051937773383,0.597177634372866,0.351145689220613,0.662484162348555,1.54986022484063,2.18463290019392,0.495164710580111,-0.50963395752493,0.586191146855447,-0.0241269043037749
-0.585963693523456,2.76809780193246,2.27994451879483,-2.65784726145085,-0.917557314809934,0.222713879049675,-0.596589748058529,0.229709361274741,-0.332946555457813,-0.780543993920906,0.117457045722587,-2.58127184228578,1.29316864569289,-0.71612444244051,-1.4936189496409,1.70870870570346,0.999402486839335,1.29207331744929,0.0800958809650487,1.46539506885102,2.28882239165416,2.19136430366608,-0.343639840541486,0.255928431514895,0.0842289774589943,0.0614074272440664,0.733943084639519,2.05468930440798,-1.91944364808982,1.24725237759546,0.567421347246274,1.83824466356221,0.825308637076788,-0.851275026059591,2.09840826901532,-0.42581899933599,-0.861019621686967,-1.2654723388412,0.773385741011725,0.413679904018482,0.376287763988088,0.189193491416059,0.316719560971603,-1.13928208784056,-0.0596073585055955,-2.24679052886264,-0.332603790441633,2.86248840134224,0.0529844157937947,-2.38344288822693
-0.633268774419041,2.76260343294787,1.72436952538262,-2.22929720577972,-0.179039901650371,-0.680275679888419,0.0831547715392009,0.106701744165185,-0.25781016328496,-0.621658330856369,0.0112174771164731,-2.90423215039009,0.296244929248268,-1.36051709525683,-1.28832316465809,1.72327534871513,0.827836792159453,1.36385872209689,0.0842915290210057,1.94007500549373,2.49295662725121,1.362855828863,-0.626422787552561,0.199605811801225,0.293373517002188,-0.197847943863204,0.585623256225591,2.10468188464926,-1.12313236296841,0.802632360104933,0.0809538605509124,2.29615332944792,0.593816361748817,-1.33872562357051,1.37062151423773,0.119348279909229,-1.20104186049471,-2.04199846506292,0.730897384364651,0.532563704888877,0.0448395262470659,0.453416170316331,0.303922186307732,-1.22135319819059,-0.607359414250978,-1.79009444174113,0.0486518850949515,2.43758057809856,0.170529712720415,-2.11313368685977
1.20452571675825,-1.08295718343383,-3.17470769981529,-0.23223270625814,2.43890309691608,-1.36283836505318,-0.0306597123854486,1.50110976856549,-0.594421470836012,-0.255909667110957,-1.74476441519659,0.5030414551449,0.24932112795339,-0.0569880258056594,-0.117456641159881,1.15366349770324,-0.0368368055973362,-0.686512057465225,0.0156337231901055,-1.00076025976164,-0.0107949855283424,-1.44914405955303,-0.591599790332933,-0.544365598839542,0.544454323955201,0.870120615686265,0.872353873017211,-0.241582206886551,-1.26636449746754,0.990847688052861,-0.275303560359444,-0.301560967245539,-0.899028340033194,-0.365022357948314,-1.27187777475067,-0.249462343167591,-0.0664333022618845,0.182096340612381,0.385984192484166,-0.437578942851366,0.956744592402685,-1.12894578930196,1.10980618099139,-0.15550256774715,-0.110716108738854,-0.856177216634058,-1.52630528803846,1.06038202347254,-0.156282487040738,-0.906997905338335
0.709205894811573,-0.418506656227218,-3.29319137322661,0.348833726833544,3.22731189260134,-2.154230025055,1.40995684338481,0.184626356489624,-0.892983508411377,-1.025776591094,-1.76862061009247,-0.361286404406681,0.153039714716726,-0.580359415322907,0.686658088507334,2.97502678959523,-0.84107243675225,0.254241573959747,0.211877662330503,1.22317384808187,0.72316615788888,-1.03148991901622,-0.35899021824197,0.425359775636918,1.51057061841707,-0.197252098567384,0.983791798575071,1.30809896517188,-0.423109662854372,0.271121650881423,-2.19130439763373,1.62294971354362,-1.14564389194961,-0.553504755903417,-1.38517776204631,0.506433812699176,0.211887826964306,-0.988096550489631,0.616688670098086,-0.0368916890756772,-0.280351108249352,0.149076668075066,0.768889523660474,-1.044874108886,-1.2830555404537,-1.04629172311983,-0.459399585566194,1.38335108285252,-0.767374904488269,0.187470289788538
0.670302197943024,1.02792063504316,-2.53346067382597,0.211568005520746,2.81590205732176,-2.21614326450151,1.37314889883593,0.662101927080777,-0.25623486874502,-1.89692233714172,-1.11183981609962,-0.892256648286059,-0.333019099457131,-1.29614265331919,-0.151824495501012,3.46526024051139,-0.66837115359514,0.976180951524027,-0.100447678677323,1.22679889669925,1.50507816730493,-0.252521941833526,-0.231171879791552,-0.0317513025486821,2.00961926962226,-0.226090869429102,1.32140675117418,2.36852634613743,-0.347160038112937,0.576956871655402,-2.10587634439765,2.38064688692265,-0.409186237862458,-1.38987472467291,-0.756506321337575,-0.0958363032777365,-0.0129663419582701,-1.73624592810801,0.571111542732332,0.436910884448002,-0.926826952037394,-0.181747303603738,0.589727561997609,-1.20901091097132,-1.68883600659843,-0.929367330603203,0.180122689094284,1.9858554420219,-0.501021286156557,-0.171347319866261
0.683945814434763,-0.70776795372416,-3.02211032292387,0.335674774836416,2.74817833631726,-1.8932919259157,0.919473433138941,0.6137359109785,-1.00955851310706,-0.572679271754108,-1.59639910733429,0.211731803677824,0.131313814143823,0.76301747606595,0.670812422884428,1.98206457481181,-0.682899811903231,-0.16896418852625,0.0905369156561731,0.611590680815481,-0.14256448826424,-1.96987718238228,-0.705404121674794,-0.329609466720286,1.14812353931285,0.350741523002053,1.09105047072842,0.588395072037653,-0.839171762951525,0.880535878639496,-1.24551510423673,0.220402018147039,-1.1598073370126,-0.0610626679042058,-1.42151351396428,-0.103315387008638,0.638181510297378,-0.444049340151904,0.550614203061922,-0.0994409130929168,-0.205396958845273,-0.929505027161781,1.46242614724966,-0.0316724220112963,-0.454346749483797,-1.66232851915701,-1.39278249815522,1.34485278981017,-0.171744150034332,-0.181420015014111
1.72159387950003,-0.618564157533606,-3.29043568648297,-0.561750105437518,1.79520879537411,0.0508477197081017,0.631863326886915,1.74530186520906,-0.498882743705564,0.163105751938537,-1.6416098180616,0.545480347757138,0.128521958992969,0.0716894265357668,-0.284235856226219,1.09357202880975,0.317569940891313,-0.613756680782774,-0.304122367523935,-1.49814128484803,0.0200079346812573,-1.13132774772539,-0.359625986835611,-0.887335213762197,0.268065827203963,0.81446532078946,0.898720845077511,-0.63841806221233,-1.17772798849382,0.584908711994614,-0.666569755988843,0.0782252196436306,-0.70946830920656,0.678429597214471,-1.33765244580011,0.121066549606888,-0.332674399062573,0.0525271302515697,-0.257257598355195,0.399542279720394,1.22559620042787,-0.584539099893785,0.983232059100035,-0.27594030625211,-0.0505178220715908,-1.21666474629468,-1.65372115612767,0.962516279054287,-0.0691855396886781,-0.323456368392328
-0.17175106179514,-0.354027220963038,0.918119938257025,0.982744303576432,-2.10220988297939,1.57143153928409,0.308041311973706,-1.90848765100205,1.04147930755866,-0.45492516269806,0.0599255127657246,-0.226984753268605,-0.638274060093415,1.34432116373448,0.576663157528124,-0.684425960279366,0.0231654660307252,-1.05065289803529,-0.3687744623596,0.100056739123322,-0.214483498731038,0.591229626667576,-0.313684798942334,0.138945376963378,-1.26493696509795,-0.533471704453371,-0.319222352785569,-1.11384155676045,0.366305218866806,0.0920766282678714,-0.67142211975764,-0.82815272938421,-0.136065105674616,-0.789083869763098,1.28085351381322,0.134880446515213,0.449334435278517,0.306475482854123,-0.208128578500526,-0.553221867683618,0.273083532893425,-0.466412281740778,-0.480226506658665,0.303641419813898,-0.831248706550141,-0.659983761788349,0.923906190572142,-1.37492294965833,-1.16551235573812,0.61865291344186
-0.748007572616516,-0.248986367003668,1.57273638285596,1.18173234588947,-1.36411833609189,0.834385286602671,-0.230301986413143,-1.86203624852762,1.24463834834949,-0.750412734770154,0.743581960393793,-0.0722291575808018,-0.246880025208942,1.21976988185031,0.340599096743493,-0.402029416956372,0.224296864979335,-0.182919561655524,-0.253995705847917,0.129032372373031,-0.115222000153465,0.859242149866339,-0.354036240259187,0.211754704172652,-1.45429838708467,-0.41131757811455,-0.128035062220211,-0.485264050296011,0.74472866295494,0.208530678795196,-0.730679131130899,-2.10495838794898,-0.274613430886582,-0.875232412171875,1.25712102836961,0.235432957357988,0.71274880766547,0.540360519587097,-0.171017878956816,-0.864341608124808,-0.721488113678417,-0.655259250910714,-0.0771746487532205,0.0413569477113447,-0.641564883378349,-0.182039192647677,0.976225211553764,-1.66829664921359,-1.13436157979894,0.335854777561618
-1.12587051924692,-0.277211023082266,1.16615282393055,1.20720482642808,-1.61693837350908,1.24089494220633,-1.03129041501305,-1.69367537777982,0.162571500279578,-0.9497903274632,0.892085829490138,0.0716767164033952,-0.574416473666978,0.127000415176321,0.162719279420148,-0.465828154306844,0.17644107760519,-0.464233348204976,-0.00195157811367859,1.0330821258125,0.556967692345002,0.68559330516665,0.168860664949365,1.07488021183602,-1.17723880635389,-0.268076542484277,-0.626093895197657,-0.339129204248369,1.13451130118677,0.48595290377738,-0.557329428424467,-1.31200125482358,-0.355264711718364,-0.607452792577229,1.09234615122671,0.571628065221376,0.649147667694132,0.328603499004151,-0.307168583435016,-0.643317654585888,-0.866280408109248,0.29886271653015,-0.281615862812429,0.129360104632362,0.254616461554775,0.593332367651153,0.719315770270109,-0.704907600045389,-0.563992512378366,0.634834177450944
-1.7274698221475,-0.629132474547326,1.65125812923411,0.966930755146912,-1.06712204097363,0.481277942981849,-1.20184048983261,-0.758150139061089,-1.12047070267094,0.0692207502629521,1.10370279897113,0.233704854252598,-0.346143711091363,-0.0726937000112652,0.257398133399777,-0.376593612376667,-0.328616267979538,-0.0674417913754684,0.224346252699414,0.900651997589598,-0.146348073584098,0.970222642418372,0.726230422846071,1.6409006262112,-0.835429464113286,-0.212912442844341,-0.689288736859169,0.162512097259969,0.427454662840741,0.270269141625942,0.314973445889451,-1.53857475742802,0.590957563002858,-0.00814640720953815,0.646983054449417,0.500147766748962,0.449072345367314,0.269644236708168,-0.145370052294282,0.047006763542867,-1.10562524820716,0.203496309436381,-0.0894096595228486,0.837267715454434,1.30903415236564,1.01223010906717,0.480230323227316,-0.232181346800172,0.0540281725712533,0.862072445215947
2.39976547287886,-0.160327403229828,-3.04633026803706,-0.119839185398094,1.08811955496175,0.442131921446225,0.620034362541458,1.34629629950402,-0.144806307350795,0.394320149537986,-2.39325676754417,0.736504747123981,-1.13918197123166,0.272810232522316,0.179862785225461,0.524402925492303,-0.00177424759336213,-1.31209938465457,-0.685861308105854,-2.13019454869741,-0.206463066515977,-0.818514624166482,-0.0668710690984239,-1.51451611386644,-0.463853604259035,1.20529975104957,0.507431650827053,-0.736311482805557,-1.43982915066564,0.36579135413214,-0.560849057989298,0.493671059985001,-0.391573434553715,0.411538146036416,-0.752153619890555,0.13870211609245,-1.01319641240192,0.13690493135534,-0.295358796183101,0.371769681936119,2.5848130589752,-0.801050663697528,0.310523747621369,0.380117821168873,-0.12319829092017,-1.32441234341446,-0.728080255498329,-0.104968185326964,0.122521900038854,-0.447881708673936
-1.30731440439903,0.759188008877162,3.1085349791151,-1.06028936351341,-0.706693345523838,-0.586040993772517,0.0532250352120815,-0.0119222796815372,0.443368719844368,1.71575590035907,2.15035863521446,0.356767985823553,1.86206300678343,-0.525829524791244,0.43137177212842,-2.54867017462422,-0.092869024175674,1.42070407147313,1.29749621569272,0.560795411665317,-0.875932473157226,-0.510485025190691,0.810351859985297,-0.0571409795144292,1.07185152795116,-0.112886798420688,-1.25023018615055,0.349768899662399,1.57286881900228,-1.56742644709326,1.68437046591171,0.221408281895682,0.732206109877657,1.49906064165286,-0.368201096083006,-0.883013900785148,-0.532662897174328,0.244561660339321,0.434148455337384,0.237431486054916,-1.4214327433487,1.89991305272866,-0.918256892859274,1.05883770645244,0.255372655001711,1.81328828815789,1.00760792948058,-0.987680067298113,1.48941826435608,-0.727174488858699
-2.11203294054542,0.297758395937902,3.23292339381491,-0.623440838787283,-0.666095671725284,-0.858984555619713,-0.173975936957977,-0.347611374323904,-0.334713462961174,0.932773586878179,2.23596503872634,-0.214369603421406,1.87468026119982,-0.965466983561109,-0.0887151583968316,-2.79225552190089,-0.379948870572113,0.834682212523791,0.835662158390353,0.417444592177465,-0.866073111716805,-0.965502676707128,1.27951004749497,0.262788529404045,0.520514343032139,0.765685526619398,-1.57766630515419,0.0376033046600913,0.579048198496194,-0.930230563407351,1.5729121883024,0.0297671708377855,0.929532222769737,1.02514472829908,-0.615076181385342,-0.491925708978834,-0.395371624558631,-0.0829319579042397,-0.764405440473233,0.633387299437802,-1.6375395250838,1.40798314208932,-0.381287712006644,1.24629524714201,0.650456881354645,2.28375218292358,0.8683436033964,-0.464184999081806,1.54036567434492,-0.637061374206751
0.810637204305174,-0.809235276253933,-3.59392671960155,-0.0847423309835625,2.97324028503674,-1.12681576631405,0.698473110980949,1.36439333252605,-1.15221688069667,-0.663514522357919,-1.03600528503347,-0.272067642820819,0.222044639910766,0.657014689825348,0.43849250604897,2.09167295248023,-0.789387131611528,0.198060236918125,-0.180176054475518,0.528544228347805,-0.140467783572356,-2.0204191267748,-0.500961828463427,-0.56952916402041,0.998852078549304,0.987231048838655,0.837868171353916,0.367415745334473,-0.881331220505465,1.15310613568065,-1.56377126662586,0.248106280330622,-0.717438354081688,-0.275447526488327,-1.18911113306398,-0.292799285983563,0.721658783023112,-0.385176098892881,0.175860732303511,-0.623689079057738,-0.235487246682791,-0.668085353322704,1.17271490095578,-0.286283163827139,-0.852976595212152,-1.13435240730771,-1.14725232266881,1.43140089947102,-0.63283471341604,-0.395642046437955
1.31584304959521,-1.22222995647249,-3.16421578100143,-0.767875638742148,2.42489572605802,-0.81759465992583,0.724430659011201,1.66603528932417,-1.00063585463744,-0.160310183470256,-1.36982231129654,0.433854483277489,-0.420310438115995,0.230904446863693,0.440925990060918,1.54093057698484,0.235443825521591,-1.14286381405839,-0.306304936285354,-1.07385448245507,-0.55261320803588,-1.30580342200917,-0.222242173985082,-0.993787773397121,0.972349158540264,0.917415957841298,0.75922316407843,0.23433379446237,-1.30244801808806,0.562506817841904,-0.772043887031362,0.0611937929249588,-0.413733961260938,0.340031291911577,-0.967439706664125,0.319507487645407,-0.0499273794892754,-0.220254582573133,0.0854184593219375,-0.127355694215369,0.998611875753769,-0.798364882951898,0.824350890617316,-0.515395044723859,-0.150012548803372,-1.12881024702452,-1.47304252273284,0.929759558323091,0.0530505546462123,-0.629256299707936
1.57646844468266,-0.733221325825925,-3.17884145223834,-0.307336249916451,1.86881641772284,-0.180602177058072,0.3038588888291,1.27375621497731,-1.01429958112067,-0.219728293462238,-2.29245639640131,0.248286341331192,-0.147148222414524,-0.20632450163629,0.0382640021053804,1.19832662780015,0.229016830267102,-1.2345938135328,-0.394968287993472,-1.24633930933908,0.147551406713058,-1.57775740513476,-0.712837613365978,-1.16845534806693,0.373529772994738,0.924160644815151,1.02927198679003,-0.583441013710679,-1.51155652538087,0.66879055487612,-0.995185682178687,-0.151155775111285,-0.968356063252761,0.0597426037901842,-0.849110894750701,0.427439405764067,-1.03659435413145,-0.186903686985643,-0.339241700740999,0.132093669267323,0.763810819083221,-0.520830333015344,0.890496128240237,0.208514211334683,0.0986862900478533,-1.27902597132523,-1.90581731815719,0.76372329471243,-0.224955895525787,-0.645109425632839
2.00419462682578,0.0486692529797973,-2.05915978643503,-0.165347224561425,0.289125004511051,1.39880748639555,0.370279318946784,1.121068773452,0.388746195811208,0.672750711914173,-2.1627244629055,0.890143683042179,-0.792892804683245,0.503491955487187,-0.167755966148403,-0.622060242626907,1.01526039085287,-1.00549292759791,-0.0476710087745169,-2.40306965034469,-0.664142422035653,-0.602250965539417,-1.09219779994754,-1.98944956490076,-0.393393331529389,0.71990674235462,0.419833009743912,-0.870220312464436,-1.86833696054474,0.0796689856566312,0.398204403002329,0.366618673393321,-0.144818181823185,0.0993488478507667,0.060380311042844,0.589869639796214,-1.16605759990448,0.361348838307245,-0.591038334274575,0.376397343878054,2.55116465316094,-1.16474502423665,-0.34213951215262,0.0791397045907828,-0.698738086803576,-0.44829422863342,-0.7817016133502,-0.592364018129505,0.613166537198876,-0.49430201814196
2.34756489746134,-0.135887322688004,-2.20283548704428,-0.353507525796177,0.0472009464958755,1.28430603077,0.797541788045073,1.01029586497728,0.344258636542718,0.361374529879312,-1.9874652291268,0.971292857300501,-0.774032234885657,0.534047949459484,-0.440484159681881,-0.156219382817951,0.736465610859216,-1.25978016045453,-0.0742985669632545,-2.21844027115589,-0.0879853240520699,-0.322399083506157,-1.01889214341804,-1.55843378287428,0.166692144765297,1.22778873770144,0.687004046273358,-0.931400228719194,-0.935718351264653,-0.38669034114549,-0.1173151269608,0.341293127957265,-0.483921958581819,0.480807368571267,-0.068441425414522,0.142762548365219,-1.78158691051375,0.257923424706766,-0.669442499068377,0.25153180057541,2.56971548950569,-0.985774355259209,0.313113961748031,-0.452087507160982,-0.284814971207219,-0.399864283811486,-0.841201233298803,-0.425031993271267,0.388435885952573,-0.696153466214754
1.29938623866683,-0.167000907574303,0.239375202017286,-1.23269440428363,-0.702852128166225,-0.693536811899647,-1.06315271662809,0.680496669912669,2.58750511320919,2.02311726907006,1.75469682098369,3.06665389710664,0.957794629475576,1.36273355830164,0.978509302895664,-0.594694431153684,-0.243615070065697,1.0109165378563,-0.0931643689629604,-0.230372212320179,-0.835371700672632,2.24437315679009,-1.07257623931533,-0.994886015900749,0.29575788364072,-1.42089624768676,0.717969019780789,1.45800854994745,3.57222007035453,-3.14624471016228,1.54223677946818,2.62085045708638,1.20589910495011,1.75487063283306,0.0756401205528975,-1.86971822508533,1.98444652025749,1.67968718475281,0.84900602657582,-0.38287380041824,-0.0483922012453124,0.474381857112215,-3.27717229754897,-0.164936649851336,-0.0142183799931411,-0.489083346570252,1.20778109972768,-1.22262000062127,0.641181512005893,2.36544790803542
-1.62140316574019,-0.0222872832885812,2.00668687082947,0.325578142590379,-0.633422269785205,-0.184350598874577,-0.77701579436746,-0.261371482596612,-1.5488721286037,0.500317268979517,1.12184204773532,-0.0718741176966962,0.118953376682659,-0.554116049054321,0.485469066381458,-1.05408922855813,-0.305535374917551,0.782454183827643,0.443922182613517,1.151951798682,-0.164796005647311,0.837159037814786,0.0434432498611608,1.20009960045786,-0.529733963024179,-0.150678921548719,-0.825023041066858,0.00562765991033604,0.449731705259668,0.213048074215311,1.47706666168918,-0.559980624913083,0.504133629219486,0.251378876303574,-0.109379441332816,0.0587614890245802,-0.297525404321105,0.17267272408701,-0.258159922311403,0.187865309926179,-1.44099716619717,0.64918744357768,0.175882374075235,0.565333819554506,1.69099632467693,2.41922212128777,0.434066330998843,0.488528819590879,0.788145382470605,-0.262122846104031
2.26545620846615,0.512473696450012,-1.18184475176072,-0.0745226497555431,-0.927330624912255,1.3488343117848,0.617923242805029,0.325356292816129,1.13187795995345,-0.501806481060065,-1.35232374332011,0.387613815790188,-0.930977928903018,0.848839992405087,-0.0736434819151638,-0.782739536407348,0.48640552639117,-1.47087095059042,-0.76759498454969,-1.95116698479959,-0.13510257158946,0.0887958886246477,-0.58682157315187,-1.41081888038833,-1.03960103567577,0.381339602389038,0.237081060184327,-0.791998146322348,-0.355864726177407,0.573440060030629,0.236908261288829,-0.33680849249235,0.170243566578787,-0.510827901053297,0.032059191122528,0.561570823288295,-1.37184549371727,0.217205090881892,-0.696137657636289,0.357681037967217,2.4126448507991,-0.669762691515228,-0.0940296738949206,-0.0243863138640544,-1.22862192281529,-0.996896795463654,-0.110728655964513,-0.826989370179862,0.217231516940727,0.477897852480972
-1.00102200180716,-0.00026603438895223,2.30430623805506,-0.866152420251247,-0.877470246741205,-0.96920961614422,-0.659958645930977,-0.176703326475615,1.12999926086605,1.84211638205511,1.70082426198524,0.842821842411448,2.02932018617221,-0.182793765160286,0.32983584998973,-2.19869898354768,0.239436850499922,1.13491417127772,0.0622103678762213,0.0266895698556079,-0.913343141572739,-0.0528476886620303,0.481759592651296,-0.557125944496599,0.373842530036724,0.105906236552308,-1.04937314166572,0.325531046631553,1.89394520049366,-2.2349507197253,1.98247068830214,0.650971243775541,0.790285291282987,1.88384325485407,-0.310198292255331,-1.563044400349,0.0168779506461411,0.623978224434281,0.37869795019279,0.630768811239569,-1.201301473058,1.23761272007168,-1.42771832347345,0.380245372551087,0.206605437553697,1.35112136395436,0.646996932921739,-0.988526371042572,1.21692004992404,-0.356816711869727
-0.744535866452683,-0.13158736392446,1.49168975264693,1.01969305459824,-1.56592844081659,1.04827442891327,-0.194331231490972,-1.66627578359474,0.826679554422996,-0.537104964851725,0.90284111522517,-0.421096305988366,-0.296283495996146,1.00761981017402,0.612602523881744,-0.347247491505894,0.381960816818621,-0.789698181177526,-0.473056291968892,0.4735760017096,0.531499549305527,0.783919671404948,0.33710002493499,0.91763771216411,-1.42581621452194,0.0381302781101295,-0.162627420883655,-0.702568480205654,0.950505448240802,0.256787619374508,-0.783930839230203,-1.44938696068192,-0.272928500979888,-0.342836350080263,1.16283195616663,0.351559352659259,0.733801212023831,0.431978820055131,0.168820244596904,-1.00862973747253,-0.266368506694384,-0.193341090509432,0.0277301336123472,-0.0490351379530871,-0.281130420046118,0.456789365532397,0.767046274153709,-1.50667676426191,-1.03753852562854,0.572162043319851
1.92285987930011,-0.426823746278303,-2.46111463051632,-0.296590213753819,1.31445315287181,0.578472236917069,0.537962004215743,1.55743823519021,-0.734776126685354,0.233089845223148,-1.35660098629983,0.522627599738788,-0.521107709279568,0.436715619919473,-0.31400697021371,0.84845652621034,1.1281720235918,-0.709229425990418,-0.398116584133321,-2.00165030962464,-0.527024249860223,-0.889932876037255,-0.618408025780363,-1.18347547027729,0.341553871849073,1.11635906892531,0.674873560575125,-0.752992535934869,-1.23888870529747,0.54578477744125,-0.339712124482126,0.186018594931683,-0.202932602243246,0.14793887750003,-0.898962168156666,-0.0339613136934183,-0.944987839384863,0.402535090980006,-0.536842926274206,0.0704147536547154,2.52833822940571,-1.02818793078879,0.430267794388669,0.0533380003163789,-0.499745815269253,-1.24293758733514,-1.26708969131708,0.691445540947036,0.349740577299793,-1.03721986512908
1.38221315336302,0.284253184231013,-0.277606941010701,0.495236395031526,-1.15744641778303,1.96199941400517,0.160486350507884,-0.384222561883487,1.24929412929546,-0.157434420109935,-1.35292329516905,0.113321195272558,-0.492092109525865,1.15909573177196,-0.503979297637926,-0.820834534747627,0.879013989477835,-1.26380210131937,-0.680594177411924,-1.80786815195786,-0.373640688146093,0.382687679829794,-0.421762335625533,-0.912787050690655,-1.07126370450729,0.196158117765951,-0.286368723432821,-0.927389899998775,-0.0479588663251661,0.190777027797562,-0.463421130423443,-0.788982167861112,-0.47425360822328,-0.943988618315648,0.417028043527123,0.377618754480849,-0.212817787115028,0.122460926340643,-0.586974477560338,0.0580808783847401,2.35759779072618,-0.944377380394461,-0.654401226267972,-0.340123471672608,-0.886744009917435,-0.64035374984323,0.0565262185703118,-0.891475270725026,-0.0918645957794343,0.175525689951565
2.23127768659355,0.349784651268181,-2.06786525931954,-0.193557542635222,0.0670526784260244,1.57434856871513,0.682899713411579,0.801136509620885,0.187764221319859,0.270611661619869,-1.62047541570215,0.562748227754329,-1.16742234158354,0.334335234807661,-0.787556445869087,-0.192561507711811,0.782092280840471,-1.18321353626054,-0.455610884225741,-2.60211276847204,-0.826141796313082,-0.240272347021736,-0.957216435517616,-1.28870526800018,-0.426333117148171,0.771122442223626,0.547823444519615,-0.932962872961181,-0.762721588343056,0.292246201836981,-0.832734651861214,0.541414513029759,-0.314124424880265,0.165883601179211,-0.463740124174982,0.562414074950673,-1.09428109145256,0.385132512751488,-0.597412674432237,0.499090338222873,2.63262019255848,-0.806999030956929,-0.00966738157116501,-0.154045108577779,-0.821950428792219,-0.619600390126344,-0.516014473481954,0.180800270543908,0.2539461937165,-0.386251163043173
-0.708906796240772,2.34929154643113,-0.255592073860914,-0.979725288801347,0.828038896230671,-1.38268501422317,0.714612485690697,-0.180331313223524,-0.00352774274988885,-1.58080732274719,-0.4428183802122,-2.11138332989291,-0.138528772770902,-0.993653926610496,-1.58126919687134,2.80314865372145,0.385707040992157,1.02337634486282,-0.246315218050437,1.92555862560811,1.76575226876114,0.916125129407263,-0.504261631960786,0.215152570919551,1.23903488573975,-1.14485624568146,1.06975166920339,2.35611092374436,-1.22228593167872,0.641278675365237,-0.783907795238497,2.81743390085804,0.403566381262674,-1.088583345752,0.562623870932596,-0.163393993746558,-0.759256937988609,-2.00184208512203,0.614217742272653,0.713425048206641,-0.396460918088682,0.118049328080923,0.397014984874269,-1.50504803958238,-0.711502198959222,-1.56962952198952,0.302124883160317,1.90374900619785,-0.363045073291013,-0.497407495889994
-1.40172436377454,-0.40678486029075,1.5915266640591,0.953027716250715,-1.14587905457899,1.08054956859509,-0.806139348860406,-1.14889755046154,0.341798261698619,-0.107091954737832,0.621174847838502,0.0163368282631969,0.00961215845003351,0.192444443057698,-0.250893020552002,-0.550758935784563,-0.561315254836431,-0.178725019495558,-0.631369737468256,0.385929983486929,0.0270088956734188,1.15837715586305,0.414547358039324,1.40720076210711,-1.65345255361625,-1.19289152048491,-0.129946416307436,-0.408295025141136,0.947767200470568,0.378994868130393,-0.445566378342634,-1.74369211916134,-0.159414431653877,-0.5300172783468,1.25615822374593,0.423905645074539,0.984728631260851,0.62804204964351,0.206569243129693,-0.554309438096811,-0.687807072161429,0.0233582923973457,-0.0804535772548421,-0.0802812978296891,0.150231360053832,0.542934284369706,0.956457733892296,-0.655676824498044,-0.983873882268675,1.20219509316066
-1.15163027680835,2.38908411165452,2.93365889390834,-3.14297508436779,-1.78144577719136,0.368780590556041,-0.926089975428323,-0.283902498438294,-0.61424322962469,-0.456420030092307,0.233959854288042,-3.23214725947593,1.41748614842047,-0.691213811267262,-1.77982387918874,1.1983369329787,0.762844103447883,0.795126229413882,-0.113958193696785,1.97170835799673,2.4323143206518,2.10313477611343,-0.112803727445767,-0.339754871357594,-0.871902215120751,-0.476638562619117,0.823829009333417,1.98368642977635,-2.48468855143432,0.988367078717741,1.17687171081261,1.70120706095314,0.639173890568185,-0.331399350020998,2.43593982299828,0.593911804437234,-1.0040102103992,-1.33151892618058,0.625666780340266,0.241126873152488,0.53797613579704,0.272988660743797,0.668028508966054,-1.29929699390048,0.383281429607461,-2.88436231718967,-1.36197909476112,2.38735162216519,-0.0345727716205735,-2.8910601777986
-0.380264835003734,0.31543988901487,1.02025340972056,1.13203873445705,-1.8544090658327,1.39529514467106,-0.137942458979405,-1.11998110744281,1.04719820288914,-0.595219237023773,0.534045088653344,-0.479490474809762,-0.630725474144337,1.03024405564108,0.262769852426222,-0.493624872404868,-0.0687872650396761,-0.849821396745007,-0.307561680265592,-0.0574458957423593,0.239590451198449,0.394580805509397,-0.263438390224442,0.445433508579491,-0.981907592205304,-0.916924068425682,0.00418531173200147,-1.07828774114617,0.60069367373981,0.353784776622454,-0.767780366509115,-1.03643252651041,-0.421347547704143,-0.860895324574845,1.29721303553491,-0.534818651323322,0.342087082952806,0.533264092343897,0.209776490799585,-0.259505512683075,-0.331237816111486,-0.378576250324716,0.151336872347359,0.120064873764445,-0.453335936340988,-0.00194077909151959,0.569050805604914,-1.86449070021993,-1.73648020224101,0.487302695744386
-1.34928533976358,-0.458483004107794,1.63971370246743,0.874747799863549,-1.22784092754859,0.22309139658615,-0.723517984189313,-0.451513993858932,-0.790045484389219,0.334624349360225,1.1462778089764,-0.00996872199399942,-0.236907424621465,-0.0866944315953562,-0.150676045534376,-0.733507688568862,-0.178005497376973,-0.216592077457543,-0.0435336028947323,1.09665224355384,-0.171409987800001,0.98069797210901,0.402559877304148,1.46712906932012,-0.802190064213861,-0.374557334165617,-0.437697227200363,-0.326539647660485,0.181642439209442,0.380583099991397,1.05900273668233,-0.958592017164593,0.629046866000559,0.0690521228588256,0.379515600728068,0.833928145741214,0.37520710365941,0.429805506168557,-0.484410424953791,-0.367437063021148,-1.17380428432009,0.305756687068458,-0.511183934583516,0.578279664588672,1.35324660121732,1.7089754207442,0.84256134836332,-0.398065831539395,-0.201064103927262,0.495162052358681
-0.384948318908467,-0.678649759992304,1.50557779208077,1.09679604204309,-2.06253771811678,1.57941308332168,-0.611447256200929,-1.82434502209687,0.874785460686092,-0.440417990561543,0.559249535654966,-0.379122330682862,-0.0722870942603511,0.713394532634711,0.132995607314476,-0.582634376149951,0.468756919476475,-0.483904670622596,-0.479119731125781,0.186657370263473,0.135750263648263,0.888771002414167,-0.152114701294826,0.659317170018425,-0.878895499105089,-1.13960231935194,-0.0154891675213532,-1.06246658973982,0.408607012754751,0.280850188475128,-0.667213100206319,-1.80451691890083,0.101659210930244,-1.26906310818281,1.22455814893295,0.0241243432426222,0.448050240800221,0.547461023227868,0.188432834194957,-0.839759069952884,-0.873508973952375,-0.616948178989782,-0.904703949709089,0.37463752027593,-0.689999374826863,0.0932474207579495,0.871669138492253,-1.33949484495963,-1.13358262823259,0.627684872493785
-1.01413154320328,-0.164702744801838,1.4083559918553,1.17265796555762,-1.84785741590196,1.34203417713265,-0.825865726407467,-1.53622342747066,0.702712306418453,-0.625879073345601,0.615914043116754,-0.481225950466486,0.258753676607357,0.292623475859891,0.21953841075023,-0.85077537498977,-0.395008993599109,-0.0178283110110641,-0.143471731880757,0.674106343154909,0.261519754798374,0.996022379330478,0.0372397490578805,0.575524118148437,-1.62799790936535,-0.357552905507702,-0.441631369912449,-1.06549468687558,0.395697120031972,0.366643967235876,-0.464258917883996,-1.73462516282439,-0.0144738814557268,-0.598829619688707,1.4106004343531,0.216647924298553,0.686640785032579,0.483846844830111,0.252321108296032,-1.07912451343183,-0.406974987423237,0.184929038289108,-0.70927128114787,0.277223196668344,0.084797221653139,0.617105413331761,0.940146849757215,-1.06002453935492,-1.0628549637413,0.315943327103099
0.445404085843627,0.100400555660314,0.422629341247889,0.861956344777929,-2.44490081257015,1.56605769869757,-0.308632908618578,-1.01113239163615,1.69925391299831,-0.966653890235921,0.0335081219181756,0.0878309172367338,-0.384526009185691,1.41757993368461,-0.47907110593639,-1.0749827427663,0.520087496825336,-0.98710500557861,-0.185447387736992,-0.576044821230517,-0.286200054147022,0.148671626613107,-0.0363706451253885,-0.227254411880098,-1.33051641405692,-0.764145835565908,0.395983271503782,-1.2649440764865,0.203911799907978,-0.397040936737804,-0.974029209716299,-0.510607257977698,-0.259497639254072,-0.901669564357146,0.940031299047571,0.291529027339743,0.330798932478067,0.486684677540083,-0.129184120481637,-0.74804679997114,0.543661140985915,-0.609797339939085,-0.34040539539745,0.134965310739255,-0.800649582457534,-0.99554000368809,0.715955105903827,-1.88714014909277,-0.955472878068352,0.415793149498702
