"V1","V2","V3","V4","V5","V6","V7","V8","V9","V10","V11","V12","V13","V14","V15","V16","V17","V18","V19","V20","V21","V22","V23","V24","V25","V26","V27","V28","V29","V30","V31","V32","V33","V34","V35","V36","V37","V38","V39","V40","V41","V42","V43","V44","V45","V46","V47","V48","V49","V50"
-0.305242885870177,0.149633701585487,1.43535439981148,0.32810629284175,-0.691071031214007,0.77632797752012,-0.877374664093184,0.542317073022862,0.170437596827781,0.27794802555473,-0.399299226889233,-0.300217205672536,-0.0169800615555347,-1.90384265253513,0.778379759022496,-0.716917150951842,1.13004802840794,0.920848731442765,0.0377981423441109,0.240410021903342,1.2998432248164,0.698119385311147,0.0696292863852129,0.512002693447726,0.480875124242527,-0.140411468185634,0.295452954126207,1.45177186585866,-1.39826171118221,-1.44006886642941,-1.55964285984873,-0.0396730720119053,0.777757978899243,0.80548205678975,-0.860339650615605,0.057032435427409,1.0718605045077,0.44009384935237,-0.540950977585565,1.32318571669413,1.36343604882507,-1.50514694798899,-0.943627411462111,0.51463247640259,0.547621755999961,-0.258755422945629,-1.36178571211184,1.81299271162082,0.632562693533694,-0.253564016492214
-0.244723551372381,-1.45916326285992,-0.443005003400785,0.319410685171602,0.214220805020128,0.460770384849199,0.769214978193809,0.4985716031073,-0.904801700090826,-0.844166489174656,-0.402711899409889,-0.491099526389481,0.460262853697615,0.604702057119594,-0.782085921972588,2.22099407515017,-0.557580546454778,-0.734741918924734,0.412825822283404,0.34864870740554,-0.126588756640542,0.194597394346002,0.118364610021268,-1.73976973819398,1.11051303327956,-0.584804152568713,-0.214480920330493,-0.776953011424053,1.19712023749797,-0.913105535245719,0.391970540581203,-0.42438922388124,-2.00712459733849,-0.743677615384243,0.647965426285342,0.409020367447158,-1.19897607586509,-0.736931115045734,0.757268779644731,-0.931223601448933,1.03676771911676,0.643471207589373,0.799098446803481,0.752512905494897,-1.21368821455736,-1.06949751765513,0.202560196908999,-0.955608628718491,0.721973109291376,-0.767423470080199
0.502852129308783,0.105709703842832,0.417925437780851,-0.347458364828379,0.473058341780407,-1.12857266243955,-0.584720808969685,1.00217235801227,-0.41752092944964,0.835362984492864,0.162677275204225,1.5073260209169,-0.143316701797104,-0.22737604012449,0.19593733074382,-0.384220404071692,1.18786322552999,0.418199149382861,0.265685397560147,-1.18172110442825,0.690105851822589,-0.599105154066866,-0.141293298311967,1.6354409590303,-0.918367877571061,0.351638939177945,-0.134038276226283,0.699290694984811,-0.893859164030126,0.0974016529910763,-0.96918773315784,-0.115307596165427,3.302979230285,0.90758341441518,-0.992324020776378,-0.326437801315378,1.38118583234745,1.0800199455636,-0.364770047498017,0.860415091574321,-0.0522440274769403,-1.37156898090215,-1.39751853739835,-0.203790082638619,1.15217771532729,0.16590207305582,-1.04952084105659,0.186428357417609,-0.581768606794419,-0.395248453262335
-0.467176287154666,-2.29840898421479,-0.492066127237275,0.15242829784025,-0.0465281975399318,1.43335682150825,-0.427372498849319,1.05965513005758,-1.01677437353749,-0.705824778517211,0.0375355103919919,-1.37343144930419,0.0853002412362283,0.926578873099735,-0.228874058347826,1.78265633467902,-0.107139646508118,-0.832416435218569,0.322832997012686,1.52080478448208,0.884890378816513,-0.509436216068464,0.556242216378986,-1.82895547889312,1.27844715478219,-1.30721378672416,-0.265235503641478,-1.12912356021106,-0.0139517020438879,-0.955895869597332,0.596617470751305,-0.202879162597892,-1.9752224896672,-0.0576156454007708,1.15854816602924,-0.256938126848315,-0.796532904524666,-0.399939241020157,1.18161068550333,-0.124856063228621,1.84553758075253,0.21077569663067,0.501448771033701,-0.276595688446715,-1.03796789096707,-0.906532228045387,0.666600132445732,0.122618716060113,1.08768490872532,-1.1113149906717
1.29587370759171,3.13514022693108,-0.567382971256096,1.03885685084056,-1.6729755572094,-0.309396759624956,-0.0568852559442096,-1.27389486425287,0.612263121792803,-0.326111810527707,0.729049614803287,-0.650465361137627,0.901448396036545,1.54365806772913,0.465310471823896,-0.732175786358683,-1.82997178657891,-0.882891775155211,-1.55446553987814,-1.64703539299161,-1.73457294152284,-0.954158648899,1.57130048759016,-0.55878944335293,-1.71106304527471,1.55217558089303,0.537808127276298,-1.33114267629678,0.724790708773478,-0.399580458955225,-0.111301827425327,0.433042886325447,-2.37552721267228,-2.58122677160099,2.27021528194364,0.5633376097123,-1.75865531586187,1.11051618359789,-1.07370945521252,-1.25332901205732,-1.67103772711,-0.0749506642854043,-0.0271120725189922,0.869878523192878,0.469607794697184,0.269960165473342,0.331247595990729,-1.39790121056858,0.0623470007126256,1.29163857972184
-0.561408768031892,-0.532692010654391,1.20697402633107,0.604188049820778,-0.883183769527736,1.29522155895768,-0.670537984538118,0.544244191159289,0.464427505422946,-0.315008161852044,-0.472188320322651,-0.998574705275443,-0.0324584573762517,-1.1577812121803,0.35199314461238,0.258735454589548,0.877978090691226,0.528427906135522,0.167279012341984,1.17836514680186,1.56790127290528,0.676895263744991,0.0375400489120975,-0.196478882005644,1.40042891888868,-1.04271278860449,-0.3920717385584,0.682245421923732,-0.682275321582201,-1.05706377634283,-0.614349314199899,-0.732940444930912,-0.26065066479644,0.29276009952059,0.55266210849205,8.20085287380826e-05,1.03190539072621,-0.256647946837383,-0.489165615612822,1.71882598441583,1.95407282011895,-0.817293430973948,-0.165575668380901,0.273420776019109,0.402460233014274,-0.0835053506722443,-0.47217733728933,1.95715641137419,1.25919304596244,-0.969152391584663
0.46002005875183,3.06919403297536,-0.573007898120797,1.32747434008239,-1.03357346082502,0.0685026950866269,0.772957540329227,-0.827870245095781,0.469082305917074,-0.303706436887882,0.235713797651905,-0.337096926612454,0.425105848781511,0.811674346788457,0.228137667851083,-0.0230514205260246,-1.82768253491107,-0.780678125617782,-1.43702549145721,-1.99185229171681,-1.72113641141589,-0.109779199562409,0.76269020441934,-0.725252437586239,-0.238978694317682,1.26154685726667,0.952749931368226,-1.50991599905301,1.89219412303631,-0.281729848804674,0.218792277564316,0.0580661273324,-2.63692163098622,-2.20701851133692,0.665233595422977,0.897926245818044,-1.46966468444031,0.366645462282177,0.00574991403284848,-0.743571428198699,-1.03731460266765,-0.442878175881248,0.707086927257413,1.17190079088298,0.257455207630215,-0.890451834338409,-0.457163138254872,-1.77183437432468,0.438283957803736,1.90236089936008
0.817867892973008,0.350171161578181,-1.17105369235186,-0.251458704252411,1.30427182916553,-0.457399241059309,0.0449235537285129,-1.7931702838438,0.522203092513233,0.705397967190891,-0.212289680673126,0.749621886636432,-1.06929566326841,-0.497262336160529,-0.582772547020075,-1.22265636411713,-0.532790322446805,0.533390206721197,0.191687503360212,0.853485611515524,-1.36015711351791,0.613394417394788,-1.26825424137138,0.663685061989078,-1.30876719118187,0.528921042371944,-0.603702926365285,0.177543472741249,-1.33592895010314,2.65038258956618,0.529565508063154,0.325689036947869,2.01469169762283,1.46980681520114,-0.799871621961884,-0.00209165223871671,1.3343128851007,-0.461967025158618,0.443604039810917,0.300724599763934,-2.88809891123149,1.34439461969662,0.0825415425579712,-0.248744928455807,-0.952624573872717,1.75668241117114,1.56166874783779,0.162707494821733,-1.98386156490751,0.162326836223818
0.503199947129374,2.46202494732383,-0.624244570051585,0.982796213773793,-0.984147799144151,0.00934745955975004,1.10425665828341,-0.63424082804677,0.808146623800321,-0.536842580334563,-0.194118913743297,-0.211897855461981,0.0615802858859178,0.966942105181303,0.112057585837514,-0.350388164457518,-1.82773687752561,-0.220929107992802,-1.14672267227554,-2.00565216413557,-2.1087720689586,0.481783841226704,0.388326076990235,-0.779212289007626,-0.607375489436295,1.40809187521633,0.844102549153456,-1.61494222323854,2.20826983679997,-0.291537794428704,0.356319373034321,0.0310662821341682,-2.42125373825148,-1.9258017390009,0.763952767629343,1.01286947321868,-1.21792384466677,0.892295525392585,-0.247431757664438,-1.80500875721536,-0.620918711342975,-0.612386974940994,0.729568812491693,0.793164545018948,-0.0324072477223815,-1.2390713910839,-0.112787263209484,-2.14757722751752,0.52339892447681,1.79522981465267
1.19124889491115,3.72579311333257,-0.460001659514737,0.612419024984876,-1.93468325549245,0.0767170795504183,0.241750359317105,-1.22215538192246,0.225832597405824,-0.457131071546672,0.648935434372935,-0.623871143299287,1.15411953539276,1.73970491564652,0.739633875975063,-0.118382742277291,-2.02929520999899,-0.699134536585861,-1.52742172555913,-2.40904603199665,-1.19782383588158,-0.465779654721385,1.37134217445624,-0.9784246993939,-1.39691778638636,1.42236503714618,-0.0304287552784702,-1.31947345394855,1.23320973203124,-0.321176340117556,0.584504683664083,0.873813595398376,-2.56688191935149,-2.47619587019533,1.72707965629283,0.327255699551782,-1.45685089791977,0.931511845066574,-0.938583105208286,-1.27764822635609,-2.14997482703435,-0.261869611470582,-0.524256089520649,1.14569059061383,0.835863022552364,0.042158722395158,-0.153690463247015,-1.1217209227525,-0.231993153718802,1.39299870541902
0.310283436984803,-1.07081852736218,-0.253601337194239,-0.108968471714341,0.609571674118653,0.260309884508074,1.17680054718114,1.31633621325257,-0.675861678720968,-0.692825963888859,-0.293788208906325,-0.794439611970368,0.648931574792559,0.687545023086181,-1.13919179972052,1.26217388645753,-0.316838856887404,-0.714279743770636,-0.0425337509412803,-1.05176458403048,-0.925353335206065,0.61265602345318,-0.287770593361648,-1.35393340648713,1.35696743009264,-0.0595008727200273,0.533764447201081,-0.853283527455312,2.49417784074908,-0.386726577000616,1.03676429239113,0.0624339066967221,-1.90248122696508,-0.597664780163541,0.0395669244053718,1.10196861442349,-0.993419464494351,-0.487193422414702,0.621133658913165,-1.18852524703239,0.829436300611378,0.291854306811589,1.69616953947366,0.56782112612794,-0.737261779312365,-0.891256560443316,0.599969048899169,-1.61425205696463,0.0567921247612806,0.318591779039478
-0.920990177228485,-0.213181336997681,1.74724027902602,0.201507581061644,-0.917402466375649,0.623312402383587,-0.846765205363349,0.747104373008714,0.348788645420728,-0.0656569975279505,-0.369064597623581,-0.251533469646771,0.103889074630427,-1.79142279656865,0.339211296233932,-0.532489602809069,0.925238367674547,0.89271461058773,0.38915272468594,0.501162387442884,1.526105831188,0.757027668867792,0.237110009788614,0.700482883838168,0.750708398761931,-0.925049877843571,0.699042456963793,1.08812074632676,-0.712768215770642,-1.58286365661995,-1.33547929492573,-0.481658143197722,-0.198991127940304,0.397445752660317,-0.0205896860665105,0.115534214550347,0.840614398568195,0.407804280262506,-0.125609957555081,1.19890466006664,1.40763422192353,-0.998933412216596,-0.479513578222244,0.228843183850288,0.456067759342128,-0.184038037459844,-0.880707685349499,1.80707393448068,0.585417031655423,-0.403449883700295
-0.221997751557665,-1.78656811047413,0.493297752922985,0.181556042710819,0.0392142530914318,0.49673440295292,0.853148362612434,0.694826590732129,-0.947777727658827,-0.822084347710993,-0.637564239266718,-0.56170960614364,0.48723281092565,0.760642283869129,-0.904772712538346,2.11020923061019,-0.292730139080491,-1.00568128249171,0.614054711915998,0.367629254705657,-0.170300192385427,0.123400969569342,0.348813227355787,-1.33483118469886,1.05987999669263,-0.826069417579736,-0.304642110229701,-0.539126316758069,1.34888018079561,-0.733546533645967,0.34564873463677,-0.380171874900189,-2.12413497504646,-0.775789919846261,0.284619991209469,0.48225993567181,-1.62896401955464,-1.0846225210155,0.909320531620298,-0.336320186399216,1.51519582206218,0.325079466581533,1.01948527996407,0.706947165457143,-0.804081761685415,-0.78903994381163,0.813690390037147,-0.800018518970421,0.815040129765706,-0.477884248044331
2.72395328466408,2.17830023739807,1.44062442137048,-0.668165742791131,-1.00350055447004,-1.3019550528906,-0.771463678326765,-1.67097135937817,-0.302443429976798,0.427787276181898,1.94462797853032,0.396114292806044,3.2869017164629,1.94832895014221,0.493948909000846,0.00552770205198382,-1.78335677420351,-0.788778271233922,-1.47364514623932,-1.54884868436044,-0.907373430972101,-2.28103839186027,2.09112519795529,-0.143166547639606,-2.45620520809973,1.20332494366348,0.177885212244815,-1.7761774943905,-0.619972576866082,-0.591125447065294,0.702211680355126,1.64260667584437,-1.17530520777976,-2.0219018830361,2.19705815827146,1.08689410756091,-1.66079936459827,0.882340351306846,-1.79093912526254,-0.980306279975302,-2.96221755587608,0.130902966321482,-1.3443221869332,0.148843343900548,1.77568316011757,2.47187283556909,0.853191849917796,-0.548874144751872,-0.304431665341008,0.954370457076961
-0.338317083060441,-0.663789017321612,0.0924296163913431,0.0969868484399715,0.3045647597214,0.183709609261496,1.37643768270803,1.22631775924285,-0.394615284057369,-0.579848801408503,-1.05641981414923,-0.586182116934036,0.963877540202557,0.730228603306071,-0.674157760439907,1.31362438457423,-0.290085745828384,-0.526588079682811,0.103643024352219,-1.11931706618542,-1.56381893271913,0.531243708968469,-0.399589240127287,-0.787982026215208,1.70060192713847,0.384501298078096,0.0975129750126521,-0.971983282321245,2.30757890876588,-0.497832848611203,1.04413774934288,-0.381891327449317,-1.71999677003835,-0.676099574086798,-0.974237968435442,1.35165180704398,-0.738489699620074,-0.19724034605789,0.208953847156992,-1.16544902847152,0.712758048588403,0.34637222604663,1.29613762722153,1.16616365694862,-0.639196181636192,-1.69400494262602,0.349890379296437,-1.71923393198229,0.0916764869115247,0.577311036590232
-0.147243649158008,2.31803745853396,-0.718066930887569,0.657443937943956,-0.938258264806173,0.211906533459962,1.08645247829312,-0.784256479704654,0.10525345110807,-0.422018608891501,-0.414278695885281,-0.819515208614348,0.29602525568069,1.04903514891219,-0.302332519818184,0.0719941658662209,-1.89766063417787,-0.194715530942035,-0.774218864880099,-2.51478721710211,-1.68089268373577,0.673518793327292,0.388016643179568,-0.634724828500821,-0.318308215878633,1.43891637652945,1.11960023213725,-0.853408060046934,2.32923437115572,-0.39639709578146,0.452509001049703,0.078569304407389,-2.57244100113275,-2.0691799223801,0.0593962038796369,1.1119370586055,-1.42906750727813,0.924814343322423,-0.161660273708139,-1.43012494225961,-0.34396607184169,-0.131237250804434,0.741016828233561,1.7895488879232,-0.0997017031535494,-1.50863070234919,-0.187873839629389,-2.54571320641353,-0.15757773498506,1.55040344976652
-0.860876176535015,-2.5315370025148,-0.498058910232842,0.0797074531577212,-0.51958430972551,0.685374911745938,-0.214908285381655,0.710311945976539,-0.592457683466124,-0.683206522612027,0.390032636050169,-1.11863401949737,0.609467673787401,0.64052079374167,0.242733114227924,2.40987451174981,-0.654905972497251,-1.43235579308086,0.404536170923238,1.8385950743006,0.522986125624835,-0.0568613606430979,0.666405493444818,-2.02362367380799,1.41276041097622,-1.40685178631528,-0.669058586920466,-1.06788408393576,1.0287399652392,-0.508464114892122,1.04167460694978,-0.84430656191115,-1.91683902332895,-0.224127512531418,1.22179252759997,0.105619656375449,-1.49247843437024,-1.15066318157526,1.05109138394564,-0.217947023159425,1.80359662557799,0.422120696783165,0.472466307820845,-0.214658162441311,-1.11827454543032,-0.55907189960153,0.803174427467909,-0.6068599294411,0.990490083031457,-1.28177538624828
-0.597814770950833,-1.64572493732202,-0.787660033181921,-0.186914225023945,-0.312015858483463,0.862463803710435,0.259290108005836,0.891672357021239,-0.494693589633288,-0.321104678559846,-0.235900108621915,-0.95830514744356,-0.0784680676448782,1.37907288465303,0.220254083543394,2.17409520745027,-0.544283841983408,-1.03463114728857,0.142090354928299,1.55859901845167,0.720604688109745,-0.386954272065145,0.0674881624213815,-1.55068029539693,1.41457424727889,-2.05740610122457,-0.551010807625076,-0.822265363540565,0.841456949837317,-0.820982924431874,0.711121386051822,-0.324110709242201,-1.85277881194692,-0.448492341170812,1.62472780717306,-0.18888973444009,-1.53863258174359,-0.940365710313189,1.23878037988039,-0.309747773734488,1.88631419366784,0.233030172653039,0.304097450872552,-0.252564195848194,-0.97490846609733,-0.974754153144164,0.991068227644997,-0.179088380045448,1.03503396217364,-1.10167774178937
-0.528842941338926,-1.19231383981388,0.264061667998413,0.469198699916751,-1.27247691790259,0.949908148528386,-0.587451871872783,0.910447797232152,-0.24823586808001,-0.100858982732773,-0.204592872216229,-0.337794959564706,0.162852635553446,-0.22049751131587,0.565167617330536,1.24539079643775,0.297212335828941,-0.538675888902169,-0.00634026642544747,1.79053317833652,1.04018366896373,0.0151780458606474,0.464015564907506,-0.543021476211884,1.20417490850883,-1.58384464644592,0.0424445170693162,0.109275402980096,-0.139430414558697,-1.23340741251604,-0.49473007056651,-0.931212406558756,-1.01056920563597,0.137711607043089,1.7123231725029,-0.217307636298565,-0.410788022162397,-0.385410640526273,0.200000074412138,0.627472578278581,1.80405793706786,-0.487463086358816,-0.185332776377801,-0.220745196541543,0.021329898852045,0.0766970461692546,-0.0507757842561533,1.33750001895679,1.11460154319819,-1.44905011731262
-0.321732557768489,-1.89581018016259,-0.432078952810704,0.412181691173208,0.0462041630418848,0.213791761568815,0.666990354041985,0.52584222945506,-0.844734092580281,-0.282040193715526,-0.221180585302283,-0.694114151817233,0.505708549556052,0.86982506398191,-0.630340502569006,1.87709126416399,-0.182059238984101,-0.691353666477363,0.540751392417436,0.272968618731659,0.0954907238470477,-0.381245865566524,-0.0256525114408874,-1.81752816629781,1.5212131531301,-0.58349052338675,0.245923977736967,-1.08590221923275,1.47578752939004,-0.702457527924901,0.727102283751174,-0.0952979330263137,-1.81102134714046,-0.832660340509878,0.640310214007485,-0.0327532490612706,-1.1338204707084,-0.781379010168205,0.377663436343015,-0.87108970321015,1.24091941632068,0.889635916991533,0.938882376110544,0.468258557116889,-0.927242919257667,-0.972864733396571,0.643260018392548,-0.962346162330727,0.970011377723806,-0.587608616424636
0.0304396321566303,0.632655654668944,0.26663936915554,-0.480526695931544,0.218084188156594,-0.350223988945848,-0.731144878159504,1.26206008716506,-0.560007560388443,0.404298901127228,0.389408528497767,0.981498932446346,-0.0490577768539544,-0.706349070478443,-0.0927637569082778,-0.663896086898781,1.65312389713639,0.000110588868049915,0.290772471545188,-0.485481782937194,1.13820460465446,-0.310820510509247,-0.293973793446748,1.94480557521728,-0.213561214367506,0.290667113851574,-0.0062161933211852,1.38204071912191,-1.39861443152297,0.0709144587219972,-0.513004448409616,0.0327750687417371,2.85021492844995,0.805749376506319,-1.73321065521743,-0.546201099711069,1.18147643822177,1.22384213275892,-0.673134901563496,1.31728485777111,-0.590033683822496,-1.39159536525466,-1.29496751975479,-0.432780353377797,1.35441634975918,0.18987899603808,-1.14164989258109,0.594114744960961,-0.2076616898327,0.502180037352994
-0.0624358305559785,0.577405066144526,0.0903775627177813,-0.0517474126136359,0.00986977979104976,-1.24506211836688,-0.426965638800841,0.902080609498817,-0.522786308441004,0.120092546148844,0.682745565213239,1.44361886919805,-0.783044535315474,-0.123183737932043,0.470042962248026,-0.148034783448189,1.5148754786537,-0.168287909394146,-0.0926056799460352,-0.785314310627366,0.610243334964715,-0.513536210502473,0.071212602915874,2.28605056346622,-0.814451732576814,0.642333687230424,-0.157782430032053,1.16438114706706,-0.823500299271165,0.764210746138506,-1.35196965797321,0.214165272855679,3.79690085274045,0.916827731059493,-1.14362405662512,-0.292732467017172,1.04715497387612,1.08524386089926,-0.536466917813876,0.538960326541658,-0.557435689190919,-1.33247040035685,-1.29951883126445,-0.536957973827695,0.967495417280832,0.55836686058432,-0.726203856012121,0.113526275435925,-0.613833566171097,0.196164475239016
-0.208935620498801,0.501065174691749,0.551550310947476,0.0912536113851766,0.474995572496367,-1.00851413658595,-0.38306065672658,0.915480487300175,0.0532295581713585,0.507984923625444,0.618466618798697,1.23087742637175,-0.391802593385944,-0.124125668892932,0.214595537311138,-0.77240444932527,1.51605999137789,0.5663228353686,-0.370055204398218,-0.576043175930654,0.63082968186826,0.179632571537391,-0.398631110308515,2.16881155577946,-0.738395635608733,0.283999254651382,-0.243037214096479,1.63668265773614,-1.08598169701259,0.306622654541387,-1.19527409478279,0.0549337112672919,2.3607178377338,0.88347154071266,-1.0348056251028,-0.399016634886493,1.593996177409,0.724641487032832,-0.724089223474844,0.425726122737133,-0.0398379679993174,-1.49711499989443,-1.12883883621889,-0.202589100262187,1.01769969940233,-0.397789463284846,-0.699861456277457,0.636836582769795,-0.4999198567225,-0.155995326333875
-0.156603241097921,-1.0299240461936,-1.18374850768592,-0.862531290697921,2.22488776131535,-0.759493356078223,1.52785193987642,-1.82636705437681,1.07854485768735,0.423403827276991,0.377617639392648,0.839180820788776,-1.94384187584317,-0.340766436368746,-1.4299232057025,-1.79451499223111,-1.68465826200161,1.23075605651752,0.0402563404036741,1.09473480732809,-0.736694022640408,-0.706840676478056,-1.22173519503832,0.31927948234621,-0.653589775589952,-0.16852544358116,-0.0581024811174382,-0.783231282642466,0.159163448599613,2.61797206453101,2.04172039653112,0.430797650514942,1.27093771586147,1.10847432779965,0.0472247117781788,-2.25025269383979,1.006900304207,-1.46141668274701,1.98889718263192,-0.182167872525043,-2.75764347738277,4.16844388434898,1.5691722777687,-2.80968075814168,-0.883584014623861,1.10206413427663,-0.479109221222648,-0.420653275587165,-1.54918591348867,0.923875900367965
-0.865850238016613,-1.52246496357413,-0.265873364326507,0.222332037318523,0.539396951733232,0.564356542514609,1.29439064984739,0.80547413014556,-0.820868127082802,-0.208826648347107,-0.910826526612198,-0.66521113643658,0.442505475080798,0.773318588891405,-0.809109402213079,2.03279952076856,-0.594531443458231,-0.518408657119814,0.621593627076766,-0.0321819158702451,-0.522143635623929,0.421019387252741,-0.478909989772385,-1.78557383580189,1.33417697915264,-0.206566796994484,0.0624820151256413,-0.836673588940315,1.70834580455134,-0.504933810488963,1.0728663228975,-0.372988361446138,-1.83195638118169,-0.639001328926804,0.230861950951732,1.0351229741986,-0.795986921585046,-0.70156060839217,0.611411527999665,-1.13124843849705,1.43815460913862,0.350820121102919,1.16911916735034,1.31406722155758,-1.27801234155933,-0.92123390789723,0.380455711097103,-1.22274873748965,0.562756452927036,-0.38604398070639
1.50827251054379,3.55727430679585,0.00633698605381042,0.95507560264956,-1.726488177469,-0.520193343550833,-0.473567096201816,-1.58627356582651,0.251270679732351,-0.441655136011589,0.853391816079991,0.301254129908448,1.48203484978763,1.96912936172116,0.685997073395304,-0.513666885416177,-1.90975044081838,-0.207676983236098,-1.97487821122514,-1.78860607462995,-1.90020171779745,-0.860203105107491,1.4821058026781,-0.864272552112838,-2.21472669194983,1.52355007718564,0.462184035296348,-1.38002022938196,0.992225020008562,-0.212457751253292,0.723531540155146,1.11232032563578,-2.14829655617551,-2.34176254510771,2.13271615552597,0.393066166044579,-1.95849938445629,1.36568929874264,-1.33221646965459,-1.23579530753976,-2.27488584981034,-0.329088120240257,-0.959899762657572,1.25387602703713,0.892477351337767,0.520837852187784,-0.408226158113388,-1.24644776311748,-0.109313120986796,1.337882702628
0.108556916403872,-1.33573191807937,0.387619845067569,0.105291899832952,0.340358721757839,0.629693790870715,0.969532956103437,0.971138655860365,-0.634254935405484,-0.599681067793825,-0.60300220006532,-0.693481289938054,0.347900682802083,0.423626334725633,-1.51890576966701,1.06225349506374,-0.23743459712066,-0.280036017814927,-0.013911104517869,-0.953217397622689,-1.01988354711236,0.611139689415336,-0.502937048032397,-1.13971218596038,1.5849323529828,-0.45440919345909,0.132673268532772,-1.00748813422638,2.03565505441324,-0.770581946358114,0.873415829579642,-0.0178269494459865,-1.71823721738246,-0.701718953696625,-0.775402632402784,1.3102515777263,-0.784466680030125,-1.04562662873848,1.4428981515282,-0.80851670182633,1.58131141811417,0.455298124705574,1.59890621113236,1.29434125892593,-0.924849370880603,-1.7928529544804,0.890825821540621,-1.78687469070977,-0.00779713454264771,0.343105740254953
0.500136351555641,0.11968902121099,-1.19665465157231,-0.604611684289694,1.58199189304109,0.014491070485063,0.120222801496729,-2.123933309198,0.987004681700878,0.957673258128961,-0.0104860035398982,0.856003974421568,-1.70378972610611,-0.366205228421901,-0.599091724504776,-1.44842081698198,-0.587002352282057,0.631134730057687,0.29603744636056,0.778808512217493,-1.19653066968938,0.838160047339344,-1.2302140623454,0.291247042137272,-1.15903884417476,0.161178892646919,-0.455435060872902,0.214119008448277,-0.665987387520269,2.17974754701759,1.15170509377476,0.286943832453198,1.38687558014463,1.59660017736222,-0.395412034939803,-0.613865404793546,0.840455621524711,-1.25088779921878,0.745539084986044,-0.172516851063672,-2.73904183921668,2.37346277237592,1.09447987244026,-1.07832358720262,-0.984387176825098,1.65083546069391,1.20324872332593,-0.144763975438971,-1.76743600688752,-0.476947997441736
0.357627882337268,0.268337128006835,-1.15941259971472,0.441548241034254,0.673417154323508,-0.928234281562895,0.0607017352103975,-0.493538027812853,-0.295443000371396,0.741587663097908,0.129236157996544,1.453481440094,-0.665985310179087,0.298267477235588,0.32385691929496,-0.86564873574321,0.461256342787002,-0.326615406407311,-0.179311743463768,-0.154888286539407,-0.425210994491477,-0.644793363650267,-0.826750533371363,1.46762975689008,-1.25172770687662,0.7040800614135,-0.665252249368904,0.605229686081127,-1.57990363571117,1.54946408202608,-0.829860837574601,0.593354432615598,3.1333950773807,1.20836890165443,-1.27942169136912,-0.149908786744059,0.859175622771085,0.484839444959354,-0.441499435180937,-0.29149145193461,-1.23250448003171,-0.0858822953132334,-1.00158749066309,-0.304695710874214,0.169205620044121,1.01850402178293,-0.0278768281176515,-0.149453683904913,-0.863054662415316,-0.35077305546397
-0.00722542639614938,-0.342668111764626,0.25624586082566,-0.368385961004757,0.754301449443614,0.507452898996984,1.1733970408895,0.637546408569744,-0.512071792370425,-0.723826576992001,-0.956682556250331,-0.411002203023399,0.428364047474252,0.783991399387929,-1.28748459703367,1.23275464975847,-0.93798824628847,-0.65124111406617,0.655611514652816,-1.54129778056872,-1.23813117076904,0.133421312015645,-0.728369299700825,-0.903770749870852,2.02472762356858,0.393182446812758,0.629128110056689,-0.0802452957271912,2.13624009961662,-0.252816689115066,0.963840791542916,-0.231699918027476,-1.84146278131655,-0.824151021322335,-0.461965980384665,1.08354651276031,-0.894007471419798,-0.919198723317452,0.275924161514855,-1.06413166211271,1.1122376975897,0.420316519009944,1.60280545238922,1.27530735415004,-0.942974110674564,-1.23963461387102,0.568214382964206,-1.91494205643234,0.326649189168953,0.514923649830886
-0.115978050708278,-1.30679289090741,-0.380416247131516,0.336044253166224,0.1411778190135,0.873266543728801,0.199201417073577,1.07279195956189,-0.556452605554087,-0.806305156675876,-0.168914400031811,-1.20080457266389,0.701526741160686,0.555797893184818,-0.752969147963649,2.55937918592251,-0.326928963269242,-0.960916933891584,0.727863677149689,0.547804231279486,0.394163443807764,-0.129245043156842,0.26560758406969,-1.50624759113204,1.79302335212907,-0.760815887638431,-0.218690421566882,-0.496169450813668,1.40341921109851,-0.83960023324812,0.488408088157277,-0.860498781312956,-1.45703436016835,-0.289591211834174,1.06581148516724,0.337530032469606,-1.53325521285776,-0.515259071442287,0.801733052687971,-0.517123051401762,1.95244109673306,0.675036215918347,0.625087409555998,-0.304922305714799,-1.38267185778491,-0.869002647139627,0.542505416532211,-0.743761134700516,0.370058900298217,-0.733182018905293
-0.0577469721961673,0.336072133173999,-0.227311706974511,0.190155486494643,0.587166979089875,0.511976759947213,1.48539275219623,0.432407906543934,-0.235764472118591,-0.539663218676042,-1.13231670717075,-0.443121163241457,0.465924036284379,0.971214957767231,-0.650858627164198,1.16269872020913,-0.538319811946159,-0.307074417274715,-0.0338888110908292,-1.77963404506828,-1.56511091513426,0.518498551466468,-0.301356049191299,-1.31774028516413,1.05304313219611,0.768974899508908,0.764219914667166,-0.31622782656784,2.04197159170775,-0.170556705892625,0.751190118008736,-0.0477747726948797,-2.07433537742833,-1.54969772054501,-0.669334283833588,1.56258094610708,-1.36418034134977,-0.447406086448882,0.802012687929649,-1.23637967755091,0.167170870258005,-0.560047189051686,1.38477097064935,1.81016153080044,-0.722965504981571,-2.34382507710932,0.291369079790313,-2.67792871200287,-0.0331529675348474,1.05899295211405
0.202431156434135,-0.0188260472961315,-1.1111139380671,-0.512274197829569,1.47628307268064,-0.435115799622841,-0.474540989404848,-1.09994732011731,-0.100413825718104,0.53541925607785,-0.214406853020824,1.47813400512115,-0.613591293597081,0.255665246597195,-0.0920991881103947,-1.14110934013672,0.0614602368778195,-0.0170401349585775,-0.104664791297878,0.572670286148626,-0.813085054557569,0.33109711459035,-0.978826684302258,1.3457353201444,-1.18084121734252,0.937239449849692,-0.733641777047781,0.741501583884635,-1.69915576846007,1.78261557787571,0.133326830425162,0.425239966897824,2.68148031318756,1.30647769127205,-1.0874874603399,-0.309176184068422,1.10622364596461,-0.132176314184092,-0.397334373431532,-0.462552822405551,-2.16827230351383,0.363229741992823,-0.548103904660624,-0.336461584653207,0.175237608693512,1.64346137282676,0.830807903775376,0.488892524783434,-1.30857773424368,-0.369299268753102
-0.695681781976235,-0.0538326350910504,1.12665401012138,0.48089817998411,-0.445052851770959,0.918830275653979,-0.569571844875669,0.35194070459327,0.296111468218716,-0.623675432477034,-0.328925045077277,-0.771973197648904,-0.153189375849426,-1.28659362534193,0.508934002104683,-0.092580001367633,1.36622476369506,0.600095486596869,0.208772217696237,0.260133104772983,1.58377291793697,1.06421993593947,-0.0199557662671427,0.793333225478459,0.759703244346271,-0.633902910994253,0.195254848760985,1.08375344722246,-0.399047087078711,-1.14956549090981,-1.37155263049486,-0.411644975181098,-0.500689380148072,0.427320953139321,0.327362918525476,-0.379935323519143,0.873380773090728,-0.0698091245665416,-0.216354761006042,1.57321699693306,2.01401614465059,-0.421914713326155,-0.260609616082562,0.209227907737509,0.419848172257788,0.139520731056892,-1.13573170605482,1.3185408069945,1.18013464636513,-0.515238792851912
-0.705537020845641,-1.57407277577815,0.257389154561404,0.431231864599421,-0.587440298083387,1.09650746405852,-0.673272111150623,0.380808346685706,-0.305032180071937,0.0494801361891201,-0.117213563223456,-0.790562371000609,0.316922063175332,-0.422962767696565,0.312315990559572,0.93757379656113,0.69406642560841,-0.45578333001395,0.574286194156152,1.87539294049019,1.00056330778347,0.215103568444845,0.537985511571062,-1.22867750499743,1.56265031643748,-0.985637839829556,-0.263344552644123,0.238485330068914,-0.141582671754465,-1.21397700465593,-0.2664010942995,-0.411333096473744,-1.67061664527575,0.0641297255520538,1.12105868740251,-0.259419538659576,-0.358266481127065,-0.52071320809419,0.20503881684205,0.961365728891868,2.29094905365228,-0.132394075750206,-0.691844091983456,-0.140723690335664,-0.255731252079046,-0.0739323153972216,-0.375126742535302,1.56924610789784,1.63750182533322,-1.05786563369523
-0.436593930943075,-1.77918861973539,-0.449879345234809,0.392252316416909,-0.139350670634539,0.696612189616153,0.450223215058663,1.40352778816437,-0.871815884546751,-0.66069512770552,0.203273542064683,-0.599602915551251,0.0475078666897911,1.11343642098013,-0.315936131660323,1.82303488842792,0.00556400507058075,-0.756029433835333,0.612912395588225,0.57161706947509,0.735001032937581,-0.259885207758463,0.402883496294606,-1.85012144348433,1.54244518533677,-0.92332889858088,-0.320052141243343,-1.15697881086312,0.89630748809562,-0.753634342784497,0.663275884635869,-0.419604436512908,-2.33405520026886,-0.304232368589409,0.638335149978308,-0.105365122841316,-1.30642326572776,-0.874398453790949,0.850709444595582,-0.73171925334637,1.58480909763754,0.740772717291137,0.608007473448782,-0.133313674344139,-0.937660441109602,-0.767623346359951,0.866738648705382,-0.666898355615664,0.32650854471337,-1.04321119261145
1.68564323103531,3.44608143051458,-0.0583131904473559,0.697035453597188,-1.55604953828712,-0.404358183169372,-0.164128759901878,-1.50008799061983,0.566776227355382,-0.163169651398457,0.635614475694725,-0.402201393782263,1.35754603530694,1.87913140262163,0.540088072724939,-0.379774846770475,-1.36070854562648,-0.815220424291043,-1.57922373990148,-1.84464145829109,-1.16233208912602,-1.27448169583273,1.4640230764439,-0.748242927614597,-1.92218359724896,1.19169042266939,0.196288593862668,-1.59804288418972,0.685726322750214,-0.362571546470277,0.42057016724282,1.41301791259194,-2.29340017880157,-2.63543742542022,2.25990495561231,0.551101565376671,-1.85405778406921,0.924775899105588,-0.83748915215645,-1.12844921019777,-2.40635247040276,-0.48634119344234,-0.48220173779313,1.00294132526298,1.13246822808584,1.05592740929328,0.304251806137725,-1.01844639839734,-0.0572368752574401,1.85549967536911
-0.980328381040926,0.696264996583546,1.68066876187922,-0.179674515427923,-0.630741716900833,0.696492627373281,-0.645376970036925,0.761498088993361,0.0927223266989893,-0.00378734432324339,-0.136152761290057,0.43049983283745,0.111410299601016,-1.78050634964969,0.755619109013993,-0.772620117661059,1.20748251074851,0.824721394006028,0.351676697496709,-0.520196787134716,1.40381685007075,0.624722671494915,-0.820580852723104,1.4017828354947,0.460694832336934,-0.0727955698995034,0.415887439077446,1.62893860812649,-0.768564085232677,-0.517247266082663,-1.33296969518065,-0.133778927456721,1.55486459796792,0.722341380191107,-0.967421385884416,0.322645270834082,1.29864445045859,0.714145424835577,-0.728813617269763,0.974475139556415,1.38148299751555,-1.09919100211868,-0.805449925600956,0.199497362895432,0.217480992029853,0.129318713872253,-1.58013525128604,1.23655147517029,0.564102279254784,0.210935202232366
-0.403517740200299,-0.869450615150112,0.335828599169025,0.138628618474972,-0.784379421287034,1.52810664682972,-0.680873531278046,0.630546757641941,-0.343213514357756,-0.78867876655383,-0.227814258425716,-1.08980299989574,0.375815608399075,-0.768100501361367,0.600160482354677,0.638793260012099,0.668070324014214,0.0839579995131141,0.164587172434904,1.17472220704322,0.964447445201771,0.54595644813235,0.424393839193217,-1.37630484495409,0.963469381828166,-1.04720545529852,-0.32119842119645,-0.427024973425103,-0.458576575467293,-1.42622214949456,-0.310565924968414,-0.153060681861436,-0.437450280401908,0.175873406180437,0.90467179621468,-0.231827161063324,-0.714132008991358,-0.85173872721649,0.0738900036234255,0.572719031649848,2.32918689136645,-0.529903975987478,-0.19439463881662,-0.457015596384074,-0.092237607685845,0.182972771227509,-0.330352255731532,1.34633036181743,1.36436717155312,-1.0868784110688
0.461906631643949,-0.103900997142926,-1.46910029147622,-0.394257245975578,1.61061015433142,-0.469991478304989,0.0524936523368081,-1.48387261246331,0.337214580050652,0.551875489837887,-0.301466924329852,1.08420603694049,-0.817539170028339,-0.152785975177589,-0.559703872703522,-1.51712120371306,-0.249366231453284,0.248666302974355,0.145822711570631,0.643726270497664,-1.48826261789421,0.91522152817638,-0.775768448797114,0.899015944425452,-1.3581235863552,0.834084749807363,-0.472171595432939,0.578574248223118,-1.79179310495513,2.10593753380433,0.2090085150833,0.569818499154559,1.91231619911272,1.10556143714275,-0.811272453784848,0.0630752900864527,1.23034556158443,-0.71659826350728,0.0123175975124022,-0.0734341160389877,-2.05795182431777,0.711816332164703,0.256928447632566,-0.288664138417153,-0.450373628602746,0.991293130981127,1.41939371377775,0.0503722293505409,-1.57224629583279,0.117688190770043
0.00286672740303926,-0.300528113290938,0.229694294660967,0.40970063329039,0.677770818324772,0.472764069646204,1.47930727643116,0.819567055838665,-0.614386599801611,-0.678321453987282,-0.689697814039463,-0.339847092911178,0.487342974607164,0.60654790624638,-1.10022385458907,1.75975744307123,-0.904563762247437,-0.900871264305186,0.536843315461155,-1.7375922260861,-1.2648286841845,0.747544715439939,-0.233414070385714,-0.989926031304419,1.71512444679503,0.463451031023809,0.000153783972912904,-0.96838141298262,1.98303035700111,-0.521224429143912,0.848995355843444,-0.28122512249528,-2.01342011248161,-0.680961582883087,-0.742947961983723,0.890500044716169,-1.42363024307042,-0.417473337608433,0.600047478382398,-1.28349784340937,0.752002926362027,0.251238757676923,1.14001061621077,0.943160329985181,-0.739374882899537,-1.69157512226204,0.676316170287844,-2.09592677877109,0.147264857579427,0.522558269213945
2.08451638866875,2.81029522750585,0.476673850263346,0.282452283580972,-1.8154988745995,-0.480945347694091,-0.504659868103523,-1.33457744169858,-0.503182155406682,0.144214937929684,1.36986970939192,-0.209016031356746,2.40154742359347,1.98177805224103,0.775214511599985,0.16853697093704,-1.51402025810623,-0.13519141888735,-1.35784332244004,-1.71491550475124,-0.56367530359818,-1.2170212723108,2.17665520727797,-0.483968835298086,-2.07368693979077,1.02908881946599,0.0661719596538735,-1.65024760017492,0.311795312137967,-0.552622856753727,1.26595479605951,1.70099644156633,-1.7472406333846,-2.47163013300382,2.21213703321762,1.03575119336109,-2.1551238422445,1.31658320951875,-1.58505186071395,-1.81124107533817,-2.388127285849,-0.144863661089606,-1.13979225763085,0.841617895845876,1.47649870473945,1.94758680807656,0.348824880585581,-0.500101302962912,-0.0698747834071691,1.13668028087723
0.669219901185472,-0.214306197727822,-0.853334922720395,-0.776729321006396,2.37275097371274,-0.797634218041545,1.02517788016325,-2.12626307368275,1.40193940782187,0.28530382502441,0.552242614374807,0.280870847028588,-1.33590420474942,-0.303668232202889,-0.81935815525863,-1.86297731852374,-0.73433708428018,1.30809456418326,-0.205722723549882,1.30547726111571,-2.27438365206413,-0.305988696936853,-1.28831933960301,0.698474219348962,-0.977436470104339,0.469036266454146,0.0227898421607689,-0.6234613374326,-0.672604116443646,2.45013297143464,1.52739500468704,0.800455219204298,1.27318173417563,1.20581728436668,-0.148223037304047,-1.08993614414893,0.952444442139893,-1.62196451081669,1.544666007004,-0.169254657934307,-2.93101297120711,3.42384341211167,1.11571855044283,-1.51185631812028,-1.1115971798748,1.75359725485109,0.923777535991226,0.00829020133607802,-1.60951626929086,0.283027601064176
-0.514287617844584,-1.93121632221621,-0.28554229349454,0.301299723167076,0.0875428491209451,0.977500868070786,-0.368109922799154,0.501581348120117,-0.777272371697104,-0.403696162533378,-0.073666962974092,-1.30390229796447,0.343269626552093,0.58477211382527,0.0687846673360987,1.69474910245008,0.107244096133753,-0.554052381205328,0.804406962664993,1.72031123575209,0.822741693673781,-0.0620772481598336,0.447545326097339,-1.90788477838294,1.58181202843512,-1.53746945051058,-0.759578770111699,-1.26063715100188,-0.057810934808254,-1.29726713812896,0.470434235411891,-0.603202819830117,-1.98644223942122,-0.091865439159472,1.45912475557101,-0.243829161725294,-1.62650234680377,-0.892970052772456,0.692274152278251,0.0698694589209021,2.42137050638383,0.917865906942235,0.0522996466095087,-0.138839735880283,-0.467545397588441,-0.146257203318027,0.813986867476245,0.419337086129718,1.28110691871121,-0.875879770257347
2.08269998262786,2.63919115249675,0.328709404298665,-0.088221858534004,-1.70413456167825,-0.927668209480604,-0.118447266036666,-1.45578236787353,-0.0792580658000844,0.0712182298682897,1.07715105168155,0.564985636110426,1.62006969797796,1.94354451562645,0.839407976180429,-0.353158951722071,-1.85349435079662,-0.250621739031785,-1.67038392470254,-1.35641215508999,-1.20218748914592,-1.94026043936431,1.50537360670373,-0.516774646050859,-2.25145556653208,1.15504246393865,0.461499669017091,-1.25273162045614,0.357280495777816,0.0110899505758505,0.594890017892645,1.17181197101366,-1.66702101260143,-2.24940341932945,2.49315495906296,0.45459270547445,-1.95633406808996,0.76905857160889,-1.30980531026847,-0.78236904569217,-2.86538617222467,0.0420511391076802,-0.948685141189495,0.697594134592633,1.46258814104586,1.60844042990089,0.00323465008594444,-0.690677618360912,-0.137946147318122,0.572141820449187
-0.277379094000523,-2.03597101687239,-0.0645886306576484,0.178446082517945,0.474951379870253,0.680606698002881,0.608483870513304,0.903718776152474,-0.555249668388267,-0.457419947693097,-0.19519671982937,-1.46639346600947,0.606167448381838,0.90035263702127,-0.598786207258175,1.93862913113521,-0.566902149828145,-1.20073741566208,0.829025338037921,0.0713215227944196,0.02981122655582,-0.422260639792908,0.0926625424240796,-1.5179579656166,1.46027699879548,-0.895449261269632,-0.171420451917336,-0.903100978565006,1.51813140668907,-1.22115302348012,0.934557544709707,-0.503193852360866,-2.28515985584852,-1.02044814408324,0.279812782935979,0.845198129883044,-0.806054982165367,-0.868341017361139,1.13010078641565,-0.789581296577495,1.87962468431805,0.178976762574871,0.786693603318436,0.510378919662609,-0.623951823138907,-0.928287543538044,0.729392255479933,-0.902201715187596,0.903389505951677,-0.597990067039765
0.429260328795545,2.85352433220696,-0.97406568241825,0.772502360904932,-1.43756755653877,0.127232550808968,0.190857994829236,-1.12545490263322,0.34628278053065,-0.460438825978969,0.838405045162661,-0.224018483489827,0.63610864117831,1.03284231923112,0.138481061135022,0.0364561620741679,-1.79538285632963,-0.439184543806522,-1.16807651101055,-1.84813427900255,-2.08157076846113,-0.0616556617012522,0.960587676455756,-1.21832452042307,-1.05757026113359,0.973595123895969,0.763390573382495,-0.797092226034266,1.6798573500769,-0.357895608910422,-0.0540935496969312,0.246721351117929,-2.1176846582153,-2.13174695372697,1.147664355206,0.672387715623789,-1.56679089081564,1.35916958130864,-0.431692202704488,-1.20600521045227,-0.838726713055437,-0.438033529603391,0.508568446780055,1.65517078516524,-0.269238974639633,-0.674518297707293,0.295556504024391,-1.86755887896835,0.0205234689362857,1.7879636484206
0.08109948991866,1.74669731084916,-0.191288290882075,0.343930003098449,-0.474017038592272,0.693912392452925,0.967380755318145,-0.604358094832597,0.124376104571098,-0.613622139138215,-0.293063913867782,-0.630380982264745,0.134269484067654,0.990790120382373,-0.333662273906564,0.347668160562917,-1.61002626513831,-0.277872170589158,-0.733445458444878,-2.5696409165538,-1.41696808685607,0.66014154108579,-0.168298435807938,-0.735164566179466,-0.214138116736824,1.11514059838202,0.121569732735561,-1.01407035247195,2.26898767676515,-0.539084208971903,0.192000898375437,-0.172461200826929,-2.256942485178,-1.58678575486494,0.206336537507424,1.43202851561357,-1.05227694889366,0.269524684539854,-0.288144057733203,-1.28018753081133,-0.549343619312059,0.42302988118107,0.698035588886484,1.64960137787119,-0.289860609262641,-1.4482064811899,0.022435226890434,-2.39737357740793,0.088340825884428,1.53713846265378
-0.548407356629542,-1.43845485162375,-0.371691881219445,-2.13555605983169,2.54177266428061,-1.13309181384145,2.51502596140505,-1.71508128372155,1.51877580636341,0.922541056810975,0.900334537513908,0.3293766933865,-1.99894132228401,-0.265544010290788,-1.86579931528886,-1.22838584572936,-1.50919471621202,1.63273320597389,0.528436915766875,0.543942029462754,-0.397384813834209,-0.634324440955408,-1.27303012157396,-0.339763483858707,-0.185261971305723,-1.22911431857058,0.368062872922661,-0.970075096182081,1.40966703118641,2.85220857357602,2.18100025800916,0.542729467932123,0.273120251007996,1.4280455010775,0.122604038048379,-3.26501723944059,0.409300304252135,-2.49801015300192,3.01509441701589,-0.338418533674605,-2.73963069457609,5.32607956736916,2.39327678332618,-3.88591720353207,-0.8484147295509,0.556337102204551,-0.962391973878806,-0.132977692902443,-1.47874065232889,1.40735608220465
-0.068753719684432,0.283177727210779,1.19770341320379,0.0104410347552837,-0.280126039561274,-0.294275210028938,-0.771690599677157,0.950941123576982,-0.414865547867629,0.754853622603404,-0.435912423296926,0.25089066534294,0.00946088733393373,-1.67136751531623,0.755023370034399,-0.574393145083274,1.00704431004993,1.10639263879156,0.405143740723787,-0.301081873615093,1.34678691311764,0.201714981282823,-0.228932788048139,1.08379516666748,-0.303504696924152,0.37521617758662,0.230676341011862,1.04586282563907,-0.680297185672306,-0.329178627294891,-1.15264627761176,-0.131238776756914,1.71663895185981,0.916669013763273,-1.2398709716077,-0.380838642402653,1.90803694382502,0.522315437363063,-1.06666663772037,0.801693846461327,0.334927377493193,-1.43325138772997,-1.42365311185757,0.355459199199737,1.0040668483994,-0.181817318824585,-0.980130753751397,0.972063677686181,-0.0329802598279078,0.348466987747781
-0.523833500402016,0.428840936709194,0.91740160518833,-0.347532973279483,-0.28629968744609,-0.427612790128877,-0.821687554394938,1.11632719310471,-0.11445094219202,0.650304678558799,-0.0295725000701832,0.885506682987082,0.290539464014367,-0.725444698538387,0.493934644666332,-0.807242378086593,1.27567098457265,0.942531103866949,0.217207655275102,-0.563191532187963,1.59084300345389,0.0835105845839287,-0.910244163530336,1.99343058531062,-0.187345407951607,0.25959875591412,-0.145368511901117,1.54296037226159,-1.25492905816373,-0.908350292954783,-1.16736765339736,0.0720116948452804,2.69658773974251,1.02881808586004,-1.08594584031686,-0.00599477437019535,1.31025719677186,0.680206518155598,-0.902718393772254,1.0078973449916,0.31509556868561,-1.59909568931641,-1.31160299877402,-0.456212715715567,1.37891783133202,-0.141628924231957,-0.86681010399598,1.50520483454238,-0.250408348783639,-0.00642262116373253
-0.305226292426234,0.592615028585096,0.425877023824456,0.0479665376195316,-0.146607608047559,-0.860539531450993,0.00780978935031838,0.995840499584266,-0.128610660072491,0.745450410176225,0.386918873891653,0.903398653913296,-0.256304005703677,-0.38930055742265,0.282112029773228,-0.547837090932596,1.14852479456116,0.269843744786724,0.450854868317618,0.160793386277649,0.985164210890187,-0.332300599565308,-0.025839693086914,1.57040925999781,-0.857536562149508,0.478836568792926,0.0216514528885784,0.915444699184653,-1.26382921482043,0.950221766262943,-1.05234686651223,0.197693128640062,3.49466858792204,0.551669040004809,-1.41549603181515,-0.675569040944259,1.40123589614056,0.34146547457388,-0.516353495637937,0.599274385557069,0.268317965503302,-0.867911001500029,-1.45211885703345,-0.490574830100193,1.22926123726295,0.0845411811265852,-0.587191928785682,0.219330784695349,-0.421352513342552,0.220776864121928
-0.00224714924167812,2.05238883630918,-0.312956320677677,0.628193330867032,-0.24930077635935,0.0920957255903132,1.34827946901136,-0.431592364439838,-0.20373639142228,-0.581206986397007,-0.418113130633074,-0.737239427652218,-0.130364376758135,0.673935664266604,-0.249708568401719,-0.0686988779046401,-1.38225207194442,-0.612500824778593,-0.895389678898623,-2.44798213809621,-1.84725474641141,0.736736263644784,0.324320758948173,-0.957188147864508,0.533095047402748,1.35053458307014,0.448632053002856,-1.05200771981193,2.00609604259801,-0.173587135180545,0.330590802781244,-0.318543110413689,-2.40477948740135,-1.77377867085039,0.309177554815938,1.12255022806745,-1.07936187376955,0.483471644869582,0.181586766117346,-1.37920061343875,-0.308963954594408,-0.0981321515013944,1.22051276914908,1.10815711027576,-0.197642740826165,-1.25010987966952,-0.00503957602455912,-2.49148046055773,-0.040698625473136,1.59668649780327
0.616833758179084,-0.151312237152311,-1.23847167505697,-0.37719820495029,0.627913343463598,-0.94232109258674,-0.553560009582422,-0.944345100714543,0.222630707776189,1.19834357516043,-0.147841395726977,1.50885157241592,-0.466729921005909,0.0284924254777041,0.25132288709667,-0.695917869922002,0.592910827616175,-0.451057445821758,0.615495830595957,-0.142281931571211,-0.48667199732342,-0.541236421370676,-0.584841652988522,1.40324266713255,-1.68172821902654,0.359863465406395,-0.864970860931326,0.66814780669365,-1.60775944606909,2.09510830190434,0.035222323196266,0.16335895992502,2.63771138170786,1.05444155782274,-1.29918589748439,-0.385409250437239,1.17182348702968,-0.0057289598922465,-0.449579311010942,-0.195352729930562,-1.74895941133819,0.0222463898923081,-0.785402667430306,-0.29130047132984,0.0517637327208409,0.354695829587507,0.993711205097146,-0.272082282578018,-1.85192382587663,-0.154899289376054
-0.408511825106887,-0.651413839295097,0.582619626730523,0.543546363082,-0.851483009959216,1.23795586836138,-0.776815070219716,0.651258522476028,-0.417453671848531,-0.127245453505879,0.178700153698261,-0.75952775780559,0.169586434426188,-0.940746536353758,0.362073858163451,0.521325942260619,0.99628525300393,0.535860337637668,0.158727025153825,1.49371843420982,1.40842780768234,0.0479401809359072,0.516338325700561,-1.22136916431045,1.40209758208164,-1.61393048349146,-0.193989870733237,-0.141170433470372,-0.365932939388894,-1.26541802540162,-0.0995008104759164,-0.602879167959031,-1.0181423427237,0.161961266331082,1.61321712846732,-0.292255837475887,-0.811124329911782,-0.775298155705512,0.130065872353286,0.750387505267722,1.65476088221825,-0.500161352380091,-0.230415285136064,0.451758908145886,-0.187176620821103,-0.691160980913461,-0.554786346165045,1.6687204099072,1.40714801041815,-1.37322892261015
0.442808374715384,0.204233961478532,-1.7146027705395,0.0910406426713173,1.1001727907225,-1.09411738759664,-0.0237696139617299,-1.38004586226154,-0.431779126993947,0.22558403634597,0.139839273360211,1.30843459710784,-1.06373390469423,0.123193555000738,-0.413220489392416,-1.73286520283092,0.207109362247331,0.306878630500745,0.366325387053732,0.192541255721199,-1.00338100495097,0.489224854555988,-0.732173176156624,1.03000565556983,-1.56306227698052,1.16848274308759,-0.289253699126454,0.87026656879466,-1.46167774747738,2.06259640889874,-0.230620584220663,0.216967635444478,2.73981246028793,1.07793207715272,-0.522274748553814,-0.0272145910418408,1.17069244777113,-0.0961426986688603,-0.50490752145926,-0.198319018085534,-2.7487671211604,0.166104651325667,-0.449304193596574,-0.51599377545484,-0.881070432813575,1.21612738831567,0.965804103980492,0.0915895643034324,-1.25484888266044,-0.0417445214292256
-0.907834698915342,-2.04765371902955,-0.418446888222329,0.0848230448938013,-0.648931283519224,0.695716271697098,-0.229171939294764,0.777545420528507,-0.834879356789627,-0.679952059555581,-0.0034840373804444,-1.06481943847723,0.412018014987291,0.383729550503174,0.536821104579783,1.64363084290465,-0.230748697002853,-0.842415028001643,0.246455668307603,1.95348857547642,0.900844928917136,-0.577924442087324,0.48976932600748,-1.27127346182034,1.21385518781838,-1.58600454420251,-0.586685716440051,-0.752064009161231,0.299416274302768,-1.03254466506228,0.68515035406928,-0.357312913106655,-1.53391545934063,-0.282454334862556,1.6595318067084,-0.452550239571208,-1.6816170669233,-0.544130898498489,1.0771861436237,-0.00325848526330584,1.61596812958735,0.207322252700677,-0.393597773192949,-0.485866187682064,-0.365111936623685,-0.550022018686371,0.264982722516033,0.908684766695625,1.59154710585232,-1.1657786834924
-0.507563656038388,0.0962318995472691,0.220618383217067,-0.014997206341362,0.502121468660166,0.653823166176389,1.71253416449441,0.913202752513086,-0.57300163317897,-0.439793126932772,-1.08356902271145,-0.577960517850723,0.423716189622926,0.867828925535761,-1.12634841509793,1.81013560988888,-0.973262138636266,-0.736389800337174,0.205500943840209,-1.44469936899621,-1.29825944749438,0.479680103732323,-0.289593067736691,-0.992844541450525,0.986586398528222,0.403563746741673,0.682619724731512,-0.170619115006708,2.21803743859194,-0.325321260018886,0.733589919065753,-0.359429200130121,-2.23513614396214,-1.20904588618581,-0.532688525239478,1.09061067562194,-1.20412458656985,-0.104229301987433,0.47636029475395,-0.729560655303223,0.812061895124314,0.302546455745428,1.36352484389646,1.15509313198487,-0.647896790848444,-1.47452615656913,0.409708952089133,-2.18388408487065,0.0567157872054055,0.549581073738262
-0.847294365815696,-0.112726009852529,1.37208096794965,-0.35348758924104,-1.03745088019783,0.917692285970733,-0.703914375627,0.348079654135159,-0.0931796179914386,-0.234160584868906,-0.0278386065754333,-0.668157731315242,0.340239206165073,-1.82789869203736,0.967902207724093,-0.337183987876624,0.990504315146076,1.05219627247761,0.112396387824274,0.494203554803054,1.23664377422594,0.748700024574432,0.0894833878036879,0.370595360927864,0.758917666728974,-0.81814279612485,0.511122870659424,0.775711655230927,-0.735723831204731,-1.46145662491541,-0.925776685588219,-0.38404051901139,-0.107985019888477,0.00977612294631644,-0.613117361934954,-0.0481656718451188,1.0544876933435,0.140878111094287,-0.62272861973886,1.33023271527431,1.55603698408359,-0.979422987596231,-0.330200096657237,0.298993827363441,0.153074191427001,-0.250078404515141,-0.79274345437652,1.69640605194341,1.05852473648984,-0.891779360708389
-0.33850826835033,-0.0734316034990844,-0.49270757160176,0.138536860514857,0.671381261754851,-1.28900993142315,-0.672676746908169,0.552014235397618,-0.292971621675935,0.588508549715199,-0.0674089270372926,1.67587487893469,-0.111121673691875,0.225642283834495,0.249977191094063,-0.423260423534443,0.885272223980853,-0.348426891474328,0.40731102147137,-0.205912484242333,0.655951387135667,-1.33466084840004,-0.191138193806276,1.87364470439411,-1.1768416368445,0.503045708206203,0.154669866607381,1.18525786773036,-1.47682114014607,1.34501492177932,-0.879648424037184,0.682935369191926,3.40384032662246,1.47762446941535,-1.14595529792701,-0.847381404857575,0.971515229991662,0.925562736073657,-0.884886152943746,0.176385247731251,-0.746396659214162,-1.28841714597044,-1.60880157603009,-0.506179755530872,0.825868667890026,0.7199661229098,-0.538115323060992,0.0497836207985539,-0.586646738143645,-0.0586979437686081
0.53440282573075,2.81083843835669,-1.32881502216481,0.848511359271778,-0.732856161398384,0.621696785740191,1.38989982925484,-0.807808895587419,0.391694257858681,-0.941782644818684,-0.300558018266343,-0.652385449269601,-0.25343248987402,1.06222006196061,-0.173397977801574,-0.0704640553386262,-1.31251405167894,-0.208262156611155,-1.36369909327119,-2.6716088700727,-2.24011853393916,0.559105820782721,0.118987420544452,-1.04625988995945,-0.202141798383902,1.03680999880767,0.999605884543715,-0.711207246950081,2.11493871973822,-0.553930939038048,0.525210194995774,0.626101197734647,-2.11806250277419,-2.30678682938656,0.362825891308705,0.760613561034177,-1.49729960480413,0.814014498324459,0.163534823276516,-1.224325446283,-0.535410893105053,-0.273795541305035,0.905207147841166,1.74060408454812,0.224546264870355,-0.994233532844392,-0.19317699961369,-1.91343343524456,0.23505425186315,1.63143710363759
-0.000966174215280897,-1.42066966956198,-0.319974217448302,0.0694485620815015,0.793238216210911,0.320828388737071,1.27769773331262,1.29293406496223,-0.757180048700683,-0.903031234825036,-0.985352517728981,-0.903576828898467,0.547970988083985,0.775801107762323,-0.430600308491262,2.04806098888125,-0.495884302292047,-0.933417584252942,0.222033377834858,-0.518200271547974,-0.95518954055486,0.0229517204140556,-0.16214299093508,-1.60048734646641,2.13274861311132,-0.275772694498403,0.234692073769623,-0.923219440620599,1.70633702130663,-1.03216361776988,0.61346636254698,-0.482541499005527,-2.56742636490566,-0.950066179982078,0.0473934213162373,0.771364718299988,-0.864906685586278,-0.52680367895879,0.558508003324738,-1.13895079255988,1.38091221672569,0.354861755303657,1.44123879138405,0.616291262659291,-1.21348464385466,-0.992596931724454,0.349307005564175,-1.76405480942386,0.225268459335386,0.00927087799534602
0.163870344700485,0.356257101352758,0.479636005089394,0.179422233334399,0.327927171579759,0.152926676769249,1.63274236820647,0.815700737520931,-0.035538121162587,-0.977503125334834,-0.684232119627467,-0.314882506756263,0.635437994116063,0.484455425759763,-0.898663012135081,1.16667168549034,-1.21641181979438,-0.778024752120981,-0.54402790530364,-2.16612490103278,-1.95373643690116,0.702918491962531,-0.37521819209141,-0.548036443528872,1.06466503665383,0.643782796528467,0.943795118141779,-0.762301066018931,1.91806647893976,-0.16948883691547,0.564183694489976,0.242989781967359,-2.29240312359081,-1.40382802768981,-0.153379429470059,0.779503680094799,-1.02979353317196,0.21419753946474,0.513776211189195,-1.34982064229821,0.763696131872255,0.165933238639723,1.73459674596276,1.35907070019067,-0.592758952440207,-1.20468458801437,0.367334367197467,-2.14949885279744,-0.128279477848584,0.802284266907595
0.408203621048727,0.124718599808327,-1.26583289668152,-0.434390340501444,1.30836424487775,-0.899296633285501,-0.380804494930612,-0.88639542020957,0.0676135663216497,1.04559659369236,-0.192431107787608,1.58712264017497,-0.934086949238344,-0.0409817643684909,-0.304243256008887,-0.733619594198537,0.663785239727545,0.16401055437341,0.31993385938031,0.302273012827424,-0.0681035268301055,0.401259840995404,-0.704249400410385,1.57172839432849,-1.7779256926693,0.770088649326859,-0.531524359971142,0.596260160940265,-1.10346768561341,1.91728667580686,0.204951024005083,0.64472680104699,2.23543368686186,1.0650972841104,-0.860596649659164,0.201199807824631,0.927155359621159,-0.228929511232623,-0.364179685801581,-0.00221811928097246,-1.96360337933961,0.316710518009552,0.125000126574692,-0.386501314889982,-0.416551621684546,1.06826141601439,1.12626314313696,0.309625894049916,-1.53541274031079,0.247927173394626
-0.360477895089724,-1.48621972398164,-0.454470694683917,-2.16753528207641,2.72797537916159,-1.04220003445434,2.62595038564123,-1.46682540481437,1.39186393713614,0.883465554652188,0.601650066226069,0.502406316285828,-2.31387880636651,0.053865723322992,-1.18727381808216,-0.932106122547563,-1.24250111399446,1.59419577295566,0.338499708596263,0.46948910406439,-0.467820050135719,-1.1011271601568,-0.829891721265081,-0.0931760598545917,-0.732008970332641,-1.34573271659164,-0.0844178114280437,-1.3253226900667,1.55981496980325,2.92971750511614,2.52184655264863,0.0969155942673401,0.763427815682439,1.15978488542053,0.426148068879417,-3.44975471536181,0.862808394427025,-2.45526063903301,3.6551575672885,-0.25644510053501,-3.1156027216624,4.97582249156553,1.91706784344171,-4.07350498492521,-0.61782799173255,0.395544527877281,-0.661011675110276,-0.432481526170689,-1.2708180969407,0.926782221215715
-0.381803011739278,0.345101160847876,1.19580019270394,0.130151266497292,-0.323057372272104,-0.44777212105695,-0.212422209313537,0.918460128211231,0.0970826267458424,0.569295965505839,-0.0863674998232482,0.817644484388487,0.00635878004068877,-0.983557537852847,0.611947686271301,-0.956554226993161,1.40700031919053,0.657444779372249,-0.26967504766678,-0.137814552916662,1.29340695894875,0.039132700252667,-0.393602142068254,1.45053488964102,-0.299235712267169,0.745283711727793,0.168032058269497,1.37470132232506,-0.975745706513876,0.0126330803229346,-1.35922896915837,0.183387853929072,2.04283440189455,0.591878632469555,-1.22648626011996,-0.129433232400321,1.40203253649433,0.354884978446988,-1.07675181932971,0.666810302801941,0.716329084951928,-1.20117460452713,-1.25597993024038,0.0206080763578482,0.890456339748483,0.112836001828223,-0.992602581448531,0.771709304438139,0.187067891399215,-0.261941843261603
0.2862429288489,0.27298746698642,-0.838130255367569,-0.228788508122711,0.850094674856909,-1.27526595767767,-0.126405129385088,-0.19611103172426,-0.447120840614169,0.91092744517804,0.0565326654977953,1.44555650661987,-0.397434077073359,0.045353366761901,0.0860285810428769,-1.01247510422693,0.722048310142504,-0.452030902678068,0.184017566935137,-0.105771997930124,0.253026043739542,-0.998081802606404,-0.173449882345935,1.42565651195582,-1.75620383867437,0.362346454686392,-0.404869534859777,0.973149921752436,-1.34731990184583,1.75954834067387,-0.662498553127863,0.194623132149853,3.23133023387082,1.30213409971219,-1.68900947558498,-0.71575293852993,0.96539955970108,0.476610313282371,-0.347823238256896,0.0801814170165988,-1.73767946338836,-0.479838214818052,-0.870181166333551,-0.456466991381161,0.0442354838696948,0.817613728421312,0.40041795424905,-0.206773216035644,-1.15207699028019,-0.153214048248979
-0.40506385895098,0.858674908948812,1.77675166136999,-0.0604457678403545,-0.385128147420068,-0.0353108613745547,-0.863396528621832,1.00828354952078,0.428345218319152,0.123559728843232,0.00779547927088317,0.298462820053932,0.212124053381633,-1.28713458855625,0.311773519225575,-0.564521648385947,1.54033871230999,0.791839784528495,-0.051051028371874,0.200761675793289,0.880610772398066,0.020574514098267,-0.347411824312497,1.31456692987274,0.145642969733757,0.137900183688284,0.0708756321047521,1.69606649982051,-0.801525348985933,-0.600181727230098,-1.26231543266334,0.00999073496053467,1.97597266472104,0.385031226289459,-1.14599258998085,-0.813320107703174,1.4169451358471,0.822815882003973,-1.1090662249342,1.26979351312033,0.989343930538512,-1.95346345322422,-0.442630625808578,-0.310672606534769,0.54837865632902,-0.1966929631367,-1.52519959960672,0.675007327879269,0.433596861919354,0.27344338822451
-0.505249656857796,0.265352014747164,1.55643774992628,-0.312770466250267,-0.696478900999864,-0.063274479848515,-0.583265498277514,0.929039160167367,0.732626871394046,0.0784585191428889,-0.0299408990466465,-0.212121220071658,0.0471645149962481,-1.5619292853975,0.333290453159519,-0.879773458854531,1.4096236171092,0.778482386238475,0.461961767539289,0.0700191826963774,1.08739643272189,0.304231263054985,-0.16193415903542,1.50179553595105,0.162081841053978,0.00368049836359375,0.505949125907964,1.31947942037212,-0.771918313588839,-0.510406186584943,-1.07465755397891,-0.260363738176584,0.817159235777672,0.893015743795303,-0.868083773196582,-0.469078345108905,1.46698696201755,0.890638279667027,-1.18391424561329,1.60367782213312,1.26524443035785,-1.41774996310012,-0.797375719341979,0.0425992428180648,0.527470736463417,-0.463038169300813,-1.30035034115284,1.37937805395233,-0.0783889994323174,-0.259183268410589
-0.846186804746508,-1.17648059889176,0.191333016220002,-0.0172779095100355,-0.501516500539349,1.07093194469131,-0.830948991639783,0.717479695165839,-0.0228727956208528,-0.499422457989528,-0.0570762178818704,-0.684415698014546,0.331297487936885,-0.374887355740958,0.320090236306926,0.741946356962847,0.348895110526423,-0.417574035973079,0.298093912498978,1.90645926640915,1.12021222576649,0.180107199758324,0.432600268678652,-0.665147325520118,1.83402474567534,-1.52992544117399,0.0155156082368342,-0.266622933389598,-0.397922160638815,-1.33573362631304,-0.0298468432953366,-0.826477130659968,-1.18173324413086,0.0497004056036784,1.72462998881671,-0.385551763287859,-0.470821280224836,-0.183909753776451,0.719599879672664,0.651726221641293,2.35822592508996,-0.29238979403581,-0.113085761963134,0.0477240773024561,-0.185082653539183,-0.579183418115255,-0.0158530310147448,1.41096005274058,1.52379929831665,-1.07470730251999
-0.480629735676733,-0.0298665707534111,1.59783720828361,-0.0235723970475683,-0.485015797492756,1.23290999216489,-0.695467672644909,0.521759874827869,0.75412636764332,-0.226905003027011,0.172577597756098,-0.321304061670669,0.129992067330759,-1.58880735455145,0.192773874559193,-0.729681456815777,0.891901953520043,0.923756452539719,0.159110130220646,1.0075842999694,1.08903122703657,1.04358822671773,0.00720287475887037,0.266516493629142,1.18742550863365,-0.818572808820641,0.34643729812041,0.931666643254067,-0.53969174345923,-1.64430695299823,-0.828065068290389,-1.0845367930765,-0.193286402457819,0.141934663342249,0.0782353154165913,0.647419624610965,0.769672925605408,0.111200793848124,-0.267339725514486,1.02677708086906,1.51194346291439,-1.29848957521487,-0.377848523039398,0.028795831711229,-0.097791813627185,0.0643955440472881,-0.710012310064361,1.78031132740223,0.665630650223298,-0.415253550938493
0.693345576861934,0.185285900677942,-1.59696961770828,-0.679155873382945,1.19636772987063,-0.702601954650275,-0.398389791976728,-1.67254999531974,0.00354587394253766,0.139803498762258,0.551363798217517,0.440206468165294,-1.03623905766416,0.110942097072059,0.0676932895417408,-1.72334009911703,-0.224037834024865,0.359687195208899,-0.0433186372371025,0.580616389783842,-1.20875294435836,0.540879258934826,-1.14071313008032,0.475185057213674,-1.78144803559314,0.694613648940553,-0.527001408204619,0.84436290324045,-1.36255893664296,1.80369171837248,0.372437201640619,0.130511659333119,2.01296346611527,1.44895003553841,-0.830476030235945,-0.274243996632852,1.08704179703576,-0.196915055493863,-0.300568793470977,-0.12004422402682,-2.59092876218018,0.962090256197131,0.522037157312176,-0.413516895575652,-0.343564273594039,1.29245162123805,1.2422875730444,-0.0270125776788629,-1.36508666074968,-0.161498210737939
0.273554098563614,2.26917777115776,-0.906398496491809,1.06908446739203,-0.842054236890271,0.627653667523748,1.12461409792485,-0.913037446128387,0.376576977938136,-0.538642053367133,-0.544405890759446,-1.01270770186453,0.206138860506156,0.94510952363681,-0.211063065256837,-0.606385902145834,-1.68862200821118,-0.0321279668146717,-0.783376424787168,-2.73430395231331,-2.14168928695174,0.861679534117867,0.723535032617544,-1.43076474500997,-0.226301060941627,1.60863484222458,1.00338365770537,-0.695626893549848,2.10881986999753,-0.0263801781027167,0.742292069921445,0.409043057728947,-2.72819604956924,-2.13746234727023,0.405427355598627,0.945834882767848,-1.13497699150814,0.714110113550312,0.0591822580030349,-1.28930335131869,-0.756625634009588,-0.219209082210501,1.04991942518474,1.80651014959515,-0.141668480288525,-1.71198173376322,-0.11125574321927,-1.81590690578308,-0.1581268765184,1.63384774080221
0.00277627501331728,-0.0555320679203042,1.35822608985755,-0.442000090113668,-0.481060979947782,0.27766692091823,-0.719485292291606,0.782261566437185,0.310035878071919,-0.452621875249431,-0.505634706993714,-0.481218061474222,-0.112202795633338,-1.45253623289063,0.336267327863195,-0.828176144089699,1.70590043095686,0.74895198473574,0.694031523615679,0.0651541399201643,1.26256359378027,0.877752785265928,-0.576234006144565,1.32999034514537,0.517488814386634,-0.0859039136003987,0.166975512853536,1.10801932816102,-1.05506706528342,-1.02388819662704,-1.57199398576581,-0.256633390556337,0.491421939683229,0.770076170660019,-1.19768441475422,-0.0690406135114112,1.2301452883372,0.957345232635432,-0.905273264278406,1.36738897751379,1.08484955707754,-1.58569503162915,-1.03244943442563,0.727478197188879,0.703330616172804,-0.258136498915331,-1.9432552319659,1.65367852617197,0.661516102108915,0.357179277543457
0.538292855117192,-0.232671143435713,-1.39861417311595,-0.135940368405337,1.33001523665194,-1.67904248198495,-1.12227465254502,-0.505721987578311,-0.14577335684797,0.631556743026009,0.356307254403473,0.777691185924433,-0.463097874602965,0.175123961193778,0.31439614795544,-1.1638468544885,0.186661490625129,-0.0826631588164624,-0.0515559593485947,-0.0733152145013327,-0.0155640406928837,-0.703538953800813,-0.704408963616859,1.06480045251075,-1.27442694759609,0.408811523348825,-0.9239056352045,0.767816647507098,-1.70498269351886,1.91878750341001,-0.168173138875935,0.697308614589999,2.52553814896986,1.1827664248399,-1.02542526549132,-0.167064984838359,1.24235487475268,0.590173549683593,-0.0538819265109109,-0.376313879796025,-1.59271418629236,-0.130851572151221,-0.782884148291856,-0.669417237350921,0.420480862278537,1.18675574742207,0.777913389364278,0.0447431538371621,-1.8335851376516,-0.471007131573948
-0.898235603847922,-0.799173932140172,0.87057346679509,0.478153950957171,-0.865218769868139,0.726838174375042,-0.617462312794062,0.615458733239581,0.0430128640809501,0.00254835626730344,-0.0132489882556168,-0.923327633520762,-0.026290072520059,-0.795719500580288,0.694097201788284,0.563266761525073,0.493308901072033,-0.248496440555383,0.52713296712098,1.26276886191928,1.80949028651461,0.424357242172519,0.177306791550394,-0.576200780584071,1.05029554787955,-1.3444742213539,0.309212043013903,0.317274934857788,-0.559140128317554,-1.13794491390762,-0.207607212537722,-0.586606391959102,-1.03600833399279,0.109130918829672,1.03381207615432,-0.101445207672138,-0.660966154894191,-0.370773810355619,0.267851852476109,1.25582700607349,2.05286951615673,-0.144473501106215,-0.316966048831401,0.00499419963386625,-0.119315748514184,-0.302636104373324,-0.00474139833867983,1.59719497001668,1.48584351675465,-1.23214403372942
-0.352759412747363,0.189741021871272,1.74143010769075,-0.0365628299873751,-0.404039647753112,0.0492646680899199,-0.627587499522756,1.06860468384595,-0.260313349626825,0.229845565807242,-0.281380142040097,0.125653066607963,-0.213399286998178,-1.43703742658295,0.30679832337474,-0.595729906520625,1.3602647609157,0.712097213217278,-0.20987338169273,-0.509679683246247,1.0977690006348,0.692044518688615,-0.685111400183782,1.12368582441075,0.0942635970826567,-0.159546876246161,0.579427827070589,1.7865913609527,-0.826867453990483,-0.869804868233724,-1.3507598027583,-0.097781345926188,1.5839947907712,1.25483619892172,-1.10957400567705,0.155468558549218,1.03810252552426,0.930223802548753,-0.558998556506979,1.41894688455133,0.693061550424308,-1.55329855929997,-0.780715728498745,0.0340625546627667,0.974249501368199,-0.075398979962863,-0.677184316123132,1.15806269843692,0.0560228100592858,0.279994756522156
0.264634907410491,0.234527784450552,0.139545983031531,0.101993135015779,0.201380515262945,-1.65249435939108,-0.640336656346584,0.573939010589825,0.0329960899327573,0.0300818355712373,0.684588722319392,1.10400410055777,-0.873065543097445,-0.0108153609650077,0.544316974692781,-0.556607768699416,1.35263075427954,-0.253661520284919,-0.0293467947716554,-0.639896478667836,0.712407652123902,-1.1369467330253,-0.394139906888041,1.68802497383756,-0.949290072196808,0.573829627340382,-0.59296217204335,0.713792861481593,-0.955444386023381,0.571584762034483,-0.880276912414125,0.509079451875339,3.2509398427917,0.739736920356708,-1.2962485394297,-0.303223057237275,1.19955140983566,0.916427985767717,-0.639347343971085,0.144524225741863,-0.293534691142327,-0.940663542059339,-1.33014060319597,-0.908314635091804,0.967924073533545,0.0355322874328228,-0.746842002701432,0.596312258480566,-0.479707448101393,0.435192811376776
-0.490219588078504,0.0952870025176774,1.50402141831257,0.229710520621688,-1.29522417360986,1.05013600532879,-0.661649840830371,0.343321437017249,0.397331583935067,0.148866327212123,-0.186010892903747,-0.628395966280414,-0.233740666385135,-1.90124060799094,0.469360103104808,-0.535326235157956,1.52855404734119,0.748771015057848,0.652953807945345,0.27457351407124,1.32096920683213,0.783716311377214,-0.528477967078414,0.365926629973426,0.730764662363809,-0.416921923102301,0.443350231481623,0.991351297890881,-0.192201820384879,-1.09966966325236,-0.92752611537692,-0.3832943040968,-0.324477207667341,0.674529970600436,-0.10466741236729,-0.123942198798511,0.884232504813596,0.0105443726821319,-0.772997125480096,1.41135730515674,1.46098257616931,-1.60382858298185,-0.460167273844417,0.52576939365476,0.496836000950391,-0.375065358477965,-1.30065245989094,1.95271016889777,0.96667746959459,-0.567107145255581
-0.355645627650802,-0.385730028565237,1.5831518986475,0.139170845436106,-0.798916748880768,1.20016211746067,-1.04469138134017,0.698239867005264,0.233699594861232,-0.302850443589463,-0.012760945977691,-0.445565678007595,-0.198997530467896,-2.06907909388754,0.791031619037987,-0.555596409070959,1.3601256890878,0.642777030152753,0.576125182704524,0.99224176555247,1.2811499206975,1.1266756196687,-0.0546635536967048,0.755581372755517,1.44664544690432,-0.371657304676449,0.291495229515172,0.937751918687838,-0.954784586409254,-1.09056079374312,-0.729311812080739,-0.373758340511449,0.191484840958056,0.290623215694741,0.121627627465135,-0.0498516435944838,0.726937459528286,0.055400147298808,-1.00977492465225,1.19219429747868,1.65524971187445,-0.998690570096454,-0.516440865162665,0.321111087721005,0.400915841664624,-0.516737773295747,-1.06856844850719,1.35307877266018,1.01653859220367,-0.563993894283034
0.637686138805063,0.0884472104182163,-0.523922799057566,-0.526981429064988,1.10310812943424,-1.35235624296446,-0.673471989684586,0.0736083436998791,-0.733582734656834,0.373405231478803,0.386843197850715,0.908903091496362,-0.896388853611977,0.505447575094226,-0.0739963085124893,-0.76175284582077,0.707239665140606,-0.111496686767253,0.1003149756742,-0.0243856823374888,0.402165014904044,-0.512252516885641,-0.223962759383761,1.04625434687895,-1.07046469457537,0.794311293003328,-0.635122158122818,0.766379487138864,-1.35385168003495,1.60373401694034,-0.36212518102146,0.274600798065859,2.66142439929427,0.978158428785003,-0.982477969490955,-0.0135889887890452,1.53589930006618,0.214631114575307,-0.242775433042834,0.228338813382084,-1.21191922821248,-0.164264722700909,-1.0155190476183,-0.709904617663406,0.55498287241733,0.524997961384166,0.494499165920833,-0.194408586854069,-1.07646855909178,0.00174515279005365
0.0770524000251071,-0.142686881893255,-1.55215871450694,-0.89692961038445,2.0806563349368,-0.490978610235208,0.486595855280603,-2.31585800436849,1.45506932859176,-0.00309968435001228,0.0490588211482883,0.193514341876019,-1.10518711440526,-0.454823150679665,-0.622180761160504,-1.78084192741334,-0.82709535443672,0.539909265240885,0.669992892533253,1.01612233030609,-1.22834438104036,0.872107786394722,-1.32401712506384,0.376078577556453,-1.30220462519273,0.233763342556059,-0.585693636552104,-0.413848593010252,-0.445027864687473,2.48465390869254,1.77688606581997,0.693861054741545,1.23394970035551,1.50530639350211,-0.461664239526103,-0.687128081335408,0.535260267627243,-1.210296893887,0.893486868978743,-0.326573397465518,-2.45068260469116,2.61802107190263,0.829201209890423,-1.21703348624341,-1.24211979228242,1.39700459549149,1.53198437559419,0.0391479743794225,-1.68519339764481,0.408489599278225
-0.375598943731754,0.203651570546019,1.38322127732611,-0.264366593023976,-0.589861195781491,0.607442609665903,-0.656676461628727,0.762468206079685,0.250397118259564,0.360470257891616,-0.525246185712513,-0.331655225076819,-0.155770181668312,-1.85339542782043,0.362300546633836,-1.22887797945832,1.62508565811135,0.925826076720566,0.266501965536385,0.0459033831280706,1.17037774173687,0.859161118685333,-0.16580702909539,1.25242371747082,0.0596705304259699,0.210063005752402,0.320815159810025,1.20616543757111,-1.5561096531287,-0.978144910030701,-1.83570610816638,-0.160722037502748,1.20432401759253,0.585829302332551,-0.946878635756639,-0.23919562291325,0.941683202724411,0.856975938001101,-1.02149849122701,1.18275001487077,0.88544276223739,-1.24697463545981,-0.263163397886317,0.142614485628462,0.848506711099929,-0.422219792935068,-1.30740179238238,1.7168069176866,0.417657523051995,0.18477536477586
0.172689232703474,0.190828619762427,-0.51052270854614,-0.140957074293019,0.810114133735677,-1.76524560427756,-0.411125661627341,0.245675107360477,-0.197874078407881,0.703894410417124,0.193760404425236,1.421915672222,-0.905490196635189,0.493738732862741,0.669714542572789,-0.828493013682503,0.893635108882415,0.0863120119869127,0.104845245203768,-0.278384790001051,-0.00769809709499977,-0.845170774719344,0.218639218715772,1.44746756208484,-0.77165079225498,0.73600473650756,-0.483591936706354,0.981299427222913,-1.23497148604331,1.16750130902434,-0.557110829799973,0.582802769827674,3.54929461804766,0.886863737838567,-0.997666893395515,-0.749670510520528,1.53187943646431,0.711628938138801,-0.446740115805234,0.43638923361148,-1.25606782173149,-0.580864442211779,-0.99170582188088,-0.493546553642851,0.877721629022744,0.66662188054461,0.16012485078281,0.362049823281294,-0.939072138390222,-0.305571879566226
-0.41149430739089,-1.30318350001642,0.361548434189135,0.416537134105998,-0.78837946075222,1.35193625835319,-0.309611092248853,0.502471094966794,-0.326761566068636,-0.703440849997436,0.184609853943068,-1.08747387531428,-0.0515335530847342,-0.375551731256732,-0.0258077099538031,1.25215794171668,0.477412978164415,-0.677396505157039,0.393857166219937,2.32962329634975,1.30997502421002,-0.271233111232312,0.950815585036322,-0.921099310778021,0.990979179277879,-1.35422194464509,-0.415415297649764,-0.489526214511113,-0.0684653883938309,-1.03471224505265,-0.136043340814295,-1.06334471130046,-1.63670834226134,0.0950964236489291,1.10656441114882,-0.324999284009075,-0.545403981870984,-0.359671695164838,0.729488052109489,0.581287059420197,2.04732191187971,-0.654613729145648,0.0453949305200207,-0.242855176981602,-0.174168078845888,-0.34969198971361,-0.373029632653434,1.16008017853186,0.807937079847195,-0.985009029436887
0.584289710903797,0.0491689129054201,-1.72614552149563,-0.691226297998002,1.86029458337908,-0.342417587480784,0.531410881572668,-1.87675773278612,1.2510341129544,0.51580386443609,0.042496504969514,0.875493604398638,-1.24510232024878,-0.102185864016578,-0.926273447768265,-1.72758343453568,-0.708497474794701,0.81981582010212,0.805503066102189,0.759788540206362,-1.69361036666349,0.530901333401684,-1.26262598517045,0.146989345257949,-1.04592208185676,0.183236186549407,-0.317755364995239,0.0428216191377152,-1.2771288028687,2.18959300105972,1.55368177020335,0.499331577945624,1.38088131743502,1.78820477931385,-0.746122501027499,-0.56775332678155,1.35524849324407,-1.44083449450131,0.699086122536574,-0.463474868735554,-2.7384506162032,2.29333893439931,0.987215447341478,-1.62251375611184,-0.927265495340159,1.42099036654473,1.10998244177729,-0.178583812647898,-1.81892148485675,0.126606501943317
-0.456689328695256,-0.585646985841126,-0.118400600196517,-0.0498939248551857,0.851554354336047,0.0918832313914903,1.10293560412308,0.942812146409817,-0.592080875748391,-0.276106615129886,-0.498207107478165,-0.480150518145881,1.1649733141584,0.581366502423288,-0.821495468699109,1.41887699062247,-0.357902350787419,-0.542164891794781,0.332276662844212,-0.765844612903066,-0.861500426993177,0.179255724183032,-0.100246780653548,-1.40248537204901,1.55240736308606,-0.000467236202286231,0.36825324390049,-0.872225417178807,2.51425052418707,-0.0830999519809076,0.711884702114961,-0.329105590882137,-1.69813497457222,-1.69301159344544,-0.344341841212899,0.869853276701912,-1.6783287194167,-1.03594005843579,1.06417288659971,-1.03932473963418,1.22188861162686,-0.0680423987664227,1.72826415211681,0.906987503480366,-0.87712650832249,-1.08091122725099,0.521792898641952,-1.45233970946698,0.19231584845113,0.501043106765633
-0.394943505813739,0.136296223658965,1.59385894402714,-0.0899560488909713,-0.46544555333275,0.175477454802006,-0.536472704295484,0.619886710247732,0.280113070581341,0.565595410578557,-0.526164460945828,0.446900206621733,-0.0922538350402112,-1.28205353340645,0.294246456997681,-1.01506239030659,1.42056102703606,0.674139016874147,-0.20475623858663,-0.510473252985526,1.56884894439485,0.193316509417559,-0.29306264214607,1.94589694505596,0.543557468361491,0.103560709679503,0.934270809286607,1.8301286335483,-1.0562688940893,-0.813587575890118,-0.935042997720402,-0.507340386952106,1.59520236939784,0.999464134640837,-1.19632731340036,0.0991221019877726,1.50580409513392,0.846178133048095,-0.854385021009148,1.14553267372681,0.437584337142187,-1.28072989362537,-1.15408031211314,0.121314776709783,1.11054299908886,-0.257351728051219,-1.58247352312758,1.67342443076394,0.612105794054682,0.163151136431494
-0.0451776270635255,0.0408782362917666,-0.866983757418955,-0.401161277802941,0.488164549495461,-1.73075679438426,-0.400067479706107,0.270966832028094,-0.248631940899231,0.547171417069117,0.579775633549194,1.64011370863238,-0.643853149032702,0.151504475105707,0.424654616800455,-0.808935904026129,1.28756738545941,0.0109636034082534,0.306189503670641,-0.190771601356713,0.563870261070547,-1.37285037531389,-0.0313216242887345,1.03211214502886,-1.01377096364343,0.216267083448645,-0.528465527606177,0.796669970726407,-1.52954616370756,0.907882012811841,-1.00963057129512,0.741532700176055,2.94313038344988,0.955374893260165,-1.21072197017646,-0.536428701051787,0.862923894389189,0.75077560031498,-0.814408707271139,0.241593859156327,-1.19713186257838,-0.607792741300204,-0.950285953910245,-0.7194482495937,0.863034056019021,0.650895498371768,-0.309941026568886,-0.252970744455379,-1.12279150285417,0.0920391893616662
-0.445585585390501,0.273175810704946,1.72042281367458,0.384110790624313,-0.409369269444072,0.420986026670832,-0.912509456210603,0.756794426624336,0.39895052667947,0.256260733953346,-0.279271846660323,-0.0725809243628708,0.184759063090057,-1.62337617445386,0.364817080049722,-1.05614660322208,1.71415336623444,0.737984971391207,0.418520805565523,0.198407280908793,1.28915679749877,1.03173748717711,-0.767927373910642,1.60670713530094,0.365291358332574,-0.284299722152585,0.22468616092279,1.65089540967746,-0.897646911443277,-1.20353738660615,-1.1993550903461,-0.641842889570797,0.846729237430915,1.13619093205873,-0.979937062529825,-0.241151416672416,1.07056908701205,0.899290703831268,-1.00805617938461,1.67701961825928,0.657605641318158,-1.89835440369767,-0.848810236977875,0.339659823350907,0.83956058275295,-0.193589760769937,-1.89905727837131,1.43953285150307,0.226883357343715,-0.316416462897974
-1.08439932054134,-1.89826143669726,-0.0137318349795595,-0.0219635639739206,-1.14718138887624,1.28031531068928,-0.15227031612285,0.232183563381416,0.162011935413285,-0.299407715464611,0.410772896592524,-0.932598679532071,0.10663388934135,-0.35800026366631,0.11165755047725,1.49964196994565,0.0416928418104094,-1.10623382784801,0.248714242440643,1.83807318086607,1.09881659890715,-0.685748145676091,0.61493470953262,-0.908953501229723,0.73749448193058,-1.09335301686387,-0.252148537566867,-0.470670226564018,-0.0251932418287599,-0.974707834344601,0.0364159922724492,-0.999352883255077,-1.82320189048617,0.0822012552943932,1.61334826949272,-0.579820782216557,-0.916261717873399,-0.478943157925603,0.452212179019543,0.628193982203281,2.37616496253625,-0.121569921292831,0.208946121685263,-0.28755753801062,-0.476914507898806,0.0432499490296698,0.154849374789939,0.939481836981253,1.52766285213739,-1.47260251252855
0.418366350272784,-0.0719679855060095,-0.785491820062936,-0.5169466972866,0.921551056939614,-1.52858307644179,-0.511439230122206,0.121158729781714,-0.17742983204395,0.335850334297853,0.581324410274218,1.1594879009196,-0.830938635928485,0.290966317020077,0.409046312610561,-0.783941918215323,0.0822737922728692,-0.470295750405252,0.282128483224622,0.276301696516646,0.0903744093038702,-0.765219382621166,-0.156268686638612,1.67416300261747,-0.903482959648995,0.925352703198118,-0.686344853341639,0.233773794874724,-1.30194402076838,1.46763459268415,-0.375639348111359,0.443225414742871,2.95325657442486,0.833801259797961,-1.34950661290193,-0.201511743668853,1.47578991471396,0.21895758304515,-0.246034044864729,-0.0296627709321299,-1.59455584623352,0.127701360722756,-0.810237764216072,-0.626309835977497,0.218236202681456,0.885730979280995,0.270703459083819,0.590688993403734,-1.09201845614231,0.543861479402961
-0.894067747892617,-0.774231623298569,1.57511005398835,0.477278180908742,-0.830059124113107,0.984766802453554,-0.664580000792037,-0.255971516114466,-0.257831796836651,-0.427723348999048,-0.321610046295379,-0.981966446034474,0.378686579336578,-1.22009867225163,0.590894642591136,-0.222394618583562,0.792406128814531,0.512613016198743,0.670911238230516,1.2826566014494,1.23588809252509,0.804194576771044,-0.251915666059013,-0.470881809444773,0.708435977959179,-1.49365414174446,0.513197837943914,1.14413079047289,-0.274409000791183,-1.22978401662725,-0.496519997737837,-0.600101416280507,-0.666374917858972,0.443137863791821,0.383366297931806,0.0757909039810555,0.56073100175276,0.139507289992334,0.19617972226705,1.76613580182311,1.67337669644024,-0.593289394902905,0.0177197220183331,0.463630679131878,0.203685924255587,-0.429916992481707,-0.780488446940455,1.63026567749777,1.02384464210791,-0.565585256262108
-0.780374181178639,-1.41708896685962,0.552412953042215,0.328579564815542,-1.31942639685195,1.30933210275176,-0.874711057172151,0.414147285453816,-0.588724797509351,0.123121235049059,0.373258177880113,-0.691173811133736,0.168557367745144,-0.513940188842598,1.01115696431298,0.898468659886093,0.361777153841558,0.151465379251623,0.538352864311326,1.64398576501879,1.6926417657553,0.441212516483933,0.652625558449334,-0.68705721371472,1.16518233183287,-1.84456001508802,-0.160757266985146,-0.0222667795514541,-0.227295028617413,-1.20010004258181,-0.311796583534914,-1.06024716417064,-1.0672575847361,0.193182733833917,1.13103272681498,-0.362893980768862,-0.606332565469475,-0.537679806211127,0.397773306217254,1.23652494059302,2.03132812696996,-0.596603191825491,-0.398713090723871,0.207147958198461,-0.205094584003641,-0.333582217411912,-0.174588185879935,1.71938956662923,1.41918112503837,-0.823224542996493
0.252295508821862,-1.31346264774575,-1.64263014971206,-1.0276282329717,2.02086062003988,-1.16643802673976,1.59348816297464,-2.05209516009586,1.78975907128894,0.703381655985434,0.645373542417612,0.21537429466033,-1.60088308683466,-0.214478117783831,-1.09287278722496,-0.950524541055162,-1.46562876248662,1.46127012332263,0.103368803127606,0.614676712069199,-1.2472212522482,-0.238345266486216,-0.722378879042294,0.203638193594191,-1.10777731842731,-0.0687901767151481,-0.349768682519971,-0.718156064803686,0.15986706053515,2.18378431839583,1.98335103698313,0.66824654233317,0.742914463616379,1.4807881579846,0.296740213508803,-1.61959508952757,0.755865445067377,-1.40046976739379,2.30316005443375,-0.251254987017907,-2.75731295562847,4.02729416321832,1.71181061865934,-2.34654058121171,-0.761600744108601,1.01092303798076,0.152669238136854,-0.476278658736743,-1.86377984100161,0.441450816238111
-0.00408535348181313,-0.536726768405102,-0.818727459718403,-1.40655069958552,1.84071436442732,-0.911519157294187,1.18913562086976,-2.22620347044751,1.71037863430423,0.704039055520736,0.269444611353854,0.382291115941601,-1.95209607812864,-0.274825501066425,-0.954719930641251,-1.91433764723528,-1.47917829007096,1.29211613741368,0.311886221122758,1.22293748931289,-0.712233795856386,0.267308831498112,-0.709628439260406,0.35040288728303,-1.10356167754412,0.13975188361304,-0.086174177252457,-0.57285370919518,-0.316953181024673,2.69984801295057,1.27419849068369,0.768324730376055,0.938295393255894,1.66472299979435,-0.527634796094396,-1.45799036626993,0.575250584672841,-1.38764852188256,1.84680153848635,-0.0720570803349666,-2.70224646997025,3.48925270551693,0.923808717705818,-2.14695891919034,-0.91159677917109,1.08258406711133,0.574405195860623,-0.0526192623930419,-1.84899629642066,0.47076838316607
0.170183769931127,0.135587800771537,-1.34327313863685,-0.0518411746904106,1.08957972476523,-0.924022364989847,-0.533574896964513,-1.36171007263069,0.258607021343425,0.469955688261819,0.52555305019677,1.10843475919705,-0.837316368948756,0.250284597856412,-0.161528642785903,-1.208587169049,-0.123110962685177,0.0775913380074504,-0.0360526420370419,0.630755762780117,-1.19368244660597,0.258262548291678,-0.904919082402332,1.84780456463652,-1.68492014540286,0.791141149620589,-0.440808908466636,0.487783608283532,-1.7781274030936,1.85518193345001,-0.26848476535568,0.672427894332557,2.57874554496202,1.31589080315709,-1.01630654365391,0.424386070888892,0.900297019095711,-0.0698662239743529,-0.356550751076547,0.0770911517452971,-1.97883721462195,0.270076286944329,-0.0917251500220037,-0.555605522609852,-0.414005831591188,1.4294303001977,1.02614367090924,0.117662017821741,-1.74523092788525,-0.224451583104741
-1.17091091605472,-1.66999702910566,-0.295246819807968,0.235991239729012,-0.973030055983752,1.03212762817101,-0.715806760280882,0.118624666454868,-0.258479063645046,-0.361494728455677,-0.180590492380094,-1.1748294718712,0.303070914991467,-0.480607494736679,0.553413313250385,1.00961468156852,0.292253862954631,-0.62218643334455,0.307886280021306,1.8006761977303,1.51767043294763,0.0870833721361842,0.525794420048549,-0.91748216229649,1.02160467951611,-1.42938424361507,-0.474931752803768,-0.460160068897394,-0.203786461310264,-1.21131174428514,0.353383369289465,-0.741663487335662,-1.54384528151515,-0.236609935409378,1.2211326323698,-0.586353317279125,-0.646741271766793,-0.822257531549746,0.574988458169192,0.531883258628614,1.53014305713524,-0.258582288375328,-0.150609068840164,-0.392427906142792,-0.61979005520456,0.0656259904457921,0.536635401765021,1.06236948036564,1.19888941937884,-1.12851800390621
0.920296381940984,-0.00623940888506683,-0.482257499728051,0.0893173296908824,1.11530303083622,-1.22724721285679,-0.640502686996736,-1.1915275993065,0.449882200606232,0.815500121243303,-0.034949594310008,1.12020705152924,-1.11314325377505,0.318954818304774,0.20598783909349,-1.06813126067475,0.306946979601243,-0.362547868606628,0.00641355389053441,-0.098563616831375,-0.952940891467296,-0.0178852251803226,-0.326692487623336,1.33478403413162,-0.942603419742495,0.99255457549336,-0.922437667196971,1.14674226529713,-1.76779406986711,1.75349029999427,-0.0965856123152028,0.362036777221689,2.70679256207966,1.3646564217546,-1.01806930969154,0.339037023386306,1.04183259812952,0.202460150093343,-0.363455575253885,0.126633732361159,-1.57266119515912,0.180624261950847,-0.591399739369628,-0.136596671274298,-0.0383504159201132,0.640783662082818,0.770679349254215,-0.100369341430287,-1.33233866307605,-0.24641645254727
0.818020219509398,-0.584201995569303,-1.606388043033,-0.602860243372875,1.15818258279739,-0.856555533816596,0.0893287804245778,-2.02239381328563,0.492176713005063,0.453737240074827,-0.268073474907576,1.07325661062156,-0.911430399031107,-0.123840199092831,-0.514929572543501,-1.3759820263442,-0.352489638204173,0.22340987498182,-0.0968883628055567,0.610544272195572,-1.34749107685701,0.211461320279333,-0.952681990798484,0.758060048231652,-1.18621375974496,0.59463927627682,-0.644556318254402,0.453199223259015,-1.41031610333858,2.35210096402691,0.36245437385981,0.526514563554948,2.01135493177591,1.94358917502297,-0.669570357411772,-0.305086299117734,0.961950935803956,-0.491654143140495,0.152336103326756,-0.100512904180191,-2.23179601412239,1.26377039387088,0.473558481653385,-0.154758882013863,-1.01042476794099,1.50619538155195,1.34460994360794,0.748977439704054,-1.75390314788778,-0.385339401475666
-0.470781416482095,-0.0335187172638207,0.717512514060931,-0.334848786066226,-0.469481466399541,-0.714230882287668,-0.650848077418031,1.16436220009393,0.110021526686338,0.292820831801975,0.128150494327909,1.05600712913542,0.17886082880529,-1.0493757501273,0.547209810155616,-0.909698046755844,1.84066032978933,0.358157719603166,0.142817191850939,-0.134852836241777,1.34617965022156,0.174836963848242,-0.31808061919222,1.17340131174524,-0.188428021126141,0.84433973222027,0.131157485709669,1.2735827357691,-0.550770300527485,0.0742274400933342,-1.2356365665387,-0.675851831652028,2.3179879144662,0.353650315830864,-1.40391002366493,-0.259886078384032,1.40996952280365,0.769232476407172,-0.851474982258985,0.9054250862833,0.19481657800913,-1.26494593324226,-1.14290606164437,0.362558499015906,1.0540555837559,0.399158171676085,-1.20329703768107,0.644540132842395,0.14749232751557,-0.181639167138125
-0.504676124811528,0.119559256897677,1.33957787146226,-0.0590915580133285,-0.690414441346087,0.896124058501342,-0.472713827558188,0.830019628534516,0.704043072679805,0.275176835145547,-0.973494333232493,-0.400436147898493,-0.0031818020001448,-1.61984191477419,0.906265425032875,-0.544343527089334,1.3639121407458,0.967719797324196,0.728839530216613,0.764341758960727,1.31047735482062,1.082631327366,-0.00469633903814277,0.657733159038826,0.334855696786649,-0.524218779265698,0.603326475687037,1.64225920501917,-0.905131977088312,-1.23095769014858,-1.23803681266433,-0.436877175249851,0.156408022113717,0.48752801940287,-0.0805351562219782,-0.0251990473802851,1.22930255949743,0.56356464799944,-0.993922003497956,1.60525872256356,1.43993851191246,-1.36990060801419,-0.609267979170093,0.165181203159793,0.532342960231766,-0.683859838846913,-1.24877974378894,1.95027328231559,1.04344260974081,-0.375175269248891
-0.196258709065162,-0.0699997801470017,-0.580196675075311,-0.247444503349526,0.68079283374806,-1.4801757791251,-0.323245037132186,0.574087234237852,-0.434533742196237,0.98073167980737,0.0241062099436995,1.27247388534512,-0.499002435810306,0.576014991987838,0.326870860438764,-0.353636726678206,0.708510371187833,-0.383143699769453,-0.14990831744253,-0.706245071192164,0.539613106375399,-0.647587065203921,-0.277623310517042,1.61630422825298,-1.03270263309219,0.455544483285344,-0.486601771158153,0.718677324611596,-0.861361952886329,1.12486157773335,-0.760576783127568,0.128722531593159,3.61341191221689,0.821208421130876,-1.10463862495101,-0.656432494700472,1.33710627912282,0.601597846572436,-0.330910840506323,0.266296835049146,-0.979411253582465,-1.06202174236554,-1.1089467725503,-1.24804224898442,0.807507673097964,0.570105073021832,-0.27394182180463,-0.191272388732449,-1.44824402513868,0.528889532589451
0.485144123595252,0.0729178214227841,-1.63280001131261,-0.582767032127659,1.24574768227154,-0.963485754858034,-0.375484967217505,-1.46854838444261,0.092344768957432,0.621828415087164,0.0312478736719569,0.864973717864759,-1.45099128388554,0.0643751271635138,-0.738740624702701,-1.87572838946306,0.318418376258299,0.240038904805837,0.565071840948209,0.589047250565343,-0.904435700912264,0.285162963099417,-1.12728617810556,1.30168350083112,-1.33539781912656,0.915203380190979,-0.848105886027259,1.01128070942728,-1.44937811860549,2.00400226840675,0.0801420768389933,-0.028467524844517,1.86827142262995,1.30254619645882,-0.7344690407636,-0.16014953192535,1.06016299132816,-0.830888531851776,0.0397358863141114,-0.704555475195457,-2.25967689667403,1.20276396660695,0.0851734049041302,-0.308379294326033,-0.597693663791872,1.51718520833266,1.5493580147364,-0.0952221378958731,-1.53155465978872,-0.0949209668028518
-0.391537203674661,-2.36809286211702,-0.316925493468897,-0.101645758263261,-0.279838018675451,0.736986645020479,0.0794414902133369,0.657755831838526,-0.517896533312365,-0.894882238368921,-0.145686460132923,-1.00944051660407,-0.122382551740758,0.751319678637967,-0.45066940109871,2.33157469445253,-0.0509206352700396,-1.11967757643426,0.887037029335256,1.77936590083734,0.669248584906403,-0.936405363984068,0.892340920804782,-1.3603520519085,1.4620910420156,-1.36766287006317,-0.638583608528598,-0.80488276472966,0.540163226917213,-1.00451193838814,0.371881855617154,-0.924704519933596,-2.12369332603921,-0.561909239495095,1.05313109794292,0.0569052814624999,-1.28466562776208,-0.780986776856244,0.626158263549978,0.153875185795662,1.90292049195713,0.12761411176865,0.524426791637422,-0.266131744188905,-0.695929348550448,-0.569882583112389,0.544129578266835,-0.197717245532431,0.928143646626795,-1.13247116040305
-0.403634277723096,0.168803398713863,1.3135497483625,-0.181416685794296,-0.793955083269,0.0136430547450211,-0.331625945370927,0.844033796164003,0.0371254192099615,0.0669886636203668,-0.336852040732148,-0.0594169981851889,-0.156388982887196,-1.72548081879494,0.535040118352304,-0.759114912659475,1.41254925729124,1.12835642529506,-0.115411853537691,-0.314057284995132,1.63839601806843,0.223333698279013,-0.237239404543331,1.18912736734527,0.36363143660034,0.371222670177539,0.449856652349865,1.4096013899209,-0.645948140889304,-0.764282206384859,-1.63812165714963,-0.019957528310163,1.38696174058659,0.459354321319148,-1.45595524730391,-0.296234936480134,1.58799778455022,0.355050439433954,-1.13023017931681,1.64907678747048,0.654206836808145,-1.60150233715515,-0.674592252964757,0.15525188782682,0.571972248313674,-0.213919717025198,-1.15981931509047,1.47623502903417,0.240158573978202,-0.023947751858922
-0.517094204331323,-0.510329880083955,1.14123745039476,0.0546987377003395,-0.484269116497796,1.26212585753543,-0.836781770450527,0.541313662504556,0.510649652490868,0.0988066156191584,-0.441969434289067,-0.762216984892632,0.244617549697383,-0.84266168869241,-0.0121898118861526,0.369260377265598,1.12597323380135,0.292968251463183,0.471171848848299,1.09521024473949,1.30479165637118,0.656765120331735,0.658247636524828,0.192674726559762,1.37098598769376,-1.02905201448207,-0.23283574017653,0.87522141310712,-0.531137657773159,-1.4984180217029,-0.600203392690942,-0.348982452866846,-1.05965549997464,0.401127550885926,0.45513652896172,0.114648711828533,-0.35502120774467,-0.362871896245861,0.00942724020306546,1.00309547556908,1.74318134128402,-0.541906625925156,-0.413441744076467,0.291508315857746,-0.258839169345062,-0.564127391536501,-0.81412437309999,1.77365005589988,1.41490398305266,-0.987411313853225
0.13708862836745,-0.054112409701487,0.90993373490988,-0.134919405060787,-0.478456600389389,-0.773331851734845,-1.08785814515729,0.582104982225341,-0.0185724983724534,0.363530425938362,0.0299972300151701,0.812256991050909,-0.115008409696405,-0.977912498533074,0.714205460011916,-1.10455797902919,1.41495410336976,0.623005925664069,-0.033187598891974,-0.4569821556785,1.30479014564821,0.287820821921447,-0.484304962779591,1.06726899960324,-0.447544335774127,-0.434040123970052,-0.138075355475964,1.42930985107926,-1.15379603442806,-0.20956990517694,-1.32740142336959,-0.215979550243211,2.42619173434125,0.864007416529744,-0.564865494923063,0.0416421119137005,1.42696299251346,1.07411224705124,-1.10117657848035,1.37339614143201,0.739035379836549,-1.65811637089181,-1.09339642585714,-0.106581626678423,1.1799614571674,0.0616652937528854,-1.41260184494253,0.521095852979763,0.249690765073736,0.258461243236074
0.908787960910713,0.333290768342618,-1.46373106605288,-0.322081649086987,0.554819175816426,-1.22819597534511,0.0717733547100324,0.353071801782655,0.00656162562807802,0.724671032023596,0.0825126770446445,1.27243888093849,-0.851417431648529,0.0928050593258795,-0.546096037281538,-1.05604253517565,0.94832408363881,-0.132968471235185,0.489044147372327,0.13018720697843,-0.0228538416120576,-0.814800471791624,-0.0531319162295248,1.47269233750987,-1.72850060237405,0.863579290734833,-0.884144027454004,0.918395279509044,-1.57000465960817,1.86898547040471,-0.590229537476475,0.673387255932095,3.10070878855594,1.17580710001486,-1.5230830257359,-0.67686772214377,1.00213875393622,0.124895951446816,-0.130840281539249,0.152387416837111,-1.37209218629855,-0.196224075883268,-1.31069351770061,-0.695988952705981,0.629199914369822,1.21431018139474,0.549524831061061,-0.0829367079439819,-1.5014533432912,0.00192168631216666
2.68299549457416,1.64651300381069,1.2579216548442,-0.250658317078265,-1.13124191096773,-1.58264438920364,-0.632441514061581,-0.997876142912505,-0.391610789942643,0.279950002141595,1.5453516612159,0.478234012380535,2.88376028832331,1.61694825568835,0.584870575176252,-0.0459090128475319,-0.91312164130167,-0.367886562816818,-1.51925975235933,-1.29304954403929,-1.37399327270684,-2.2312227739887,2.17907936334872,-0.207955681461982,-2.66130557924065,1.09354227912824,0.658454036046223,-1.4526156948403,-0.441652259209719,-0.43340800253382,1.19263488783783,2.04519275180627,-1.23373262609663,-2.29034615119059,2.82658557426972,0.70549870670622,-2.04471825509169,0.521988687059737,-2.1341410296697,-1.57659750722862,-2.91371282146488,0.472229349873432,-0.727508833992687,0.511892644613259,1.64397928223033,2.10661277507109,0.397490574255879,-0.637780985755633,-0.0840234144757771,0.52752363284351
-0.375871038174248,0.74543812217524,1.4436084068602,-0.359123750849674,-0.354016429899718,-0.0443146500918471,-0.546334285847651,1.18720089649134,0.333085486915086,0.0177877603315906,-0.227709158853652,0.542557318911692,0.121463997816318,-1.04633133368768,0.345887337757169,-0.451950006267841,0.891604186182644,0.852635769659335,0.760337276370166,-0.533159160979375,1.00203331290286,0.495527761172003,-0.0527317233278285,1.45361475399639,0.300767761323023,0.451287299506432,0.765064573089999,1.79980469813755,-0.539465452671345,-0.340745515524056,-1.21164856858063,0.137386213816081,1.83756081713505,0.616742464591186,-1.1993587488553,-0.490372507026337,1.20207517400834,0.720731735726839,-0.651654785251094,1.25173049737988,0.670747024279141,-1.2937534932951,-1.01128144681422,-0.1891954668665,0.870816881715312,-0.289817262741781,-1.00902509497959,0.698894995882904,0.08464561062094,0.0332878612333963
-0.929257778397004,-1.55899900901243,-0.15222766628691,0.589075437697495,-0.811933831787397,1.26691583910461,-0.606643182390683,0.55912598219236,-0.529134145507498,-0.371204775647023,0.223743459220068,-0.73469294448639,-0.132350258117218,0.476207953775956,0.946306031333232,1.3713993590441,0.034007460425983,-0.901536421043603,0.525363849947217,2.24117965706081,1.65675616311276,-0.146423048840655,0.786384139103711,-0.996509685351629,1.19065546641256,-1.8356715652317,-0.508259216118919,-0.952832943701504,-0.138441358463226,-0.872623842290739,-0.0553104063095335,-1.22049840558297,-2.14057998799018,0.255628758136331,1.58608503545906,-0.632875633935179,-0.919388837768467,-0.746622447564582,0.63968238019119,0.205327513700528,2.21541734685132,0.121377627194101,-0.310961310901768,-1.19033036309564,-0.433716243637591,-0.333063971556514,-0.00642299406231241,0.710609213158172,1.23357528561394,-1.65181428200012
-0.271662480637417,0.179678806260923,0.645639945426478,0.276832378966228,-0.137876453076053,-0.25974155697318,-0.859476489152898,0.804646137629161,-0.221282492011854,0.54342041444079,-0.137003836796943,1.15466038015448,0.0811717115011639,-0.699746987672208,0.343814509558949,-0.899770993518375,1.45258459007368,0.451402231526346,-0.0646579846410565,-0.574410496743506,1.14832240422406,-0.257535058829398,-0.411302253221709,1.6003158256395,-0.0700637205921252,0.391572788611958,-0.13981763860272,1.14126947531471,-0.731892754309,-0.123149957951453,-0.760654533847283,-0.343800513679877,2.39521915757067,0.858496718972517,-1.14632427592601,0.0531558675278869,1.25225116268706,1.19659597965194,-0.79321568369186,0.879636455704901,0.46074669248247,-1.77457812088202,-1.09038174752801,-0.77972971515892,0.794915665617475,-0.0105834898656954,-1.36181329630144,0.399204909089817,-0.225176499991915,0.239358225395327
0.0501782742230821,1.36946706800519,-0.157317870897311,0.0496075012433992,-0.330995467885639,-0.0582757091585621,1.67041366813255,-0.327027956100296,-0.204018978842422,-0.73601132947929,-0.682502251914413,-0.594594241062652,0.136810875076937,1.05846796892191,-0.783883083410058,0.623368151671281,-0.978217418444451,-0.652923328178729,-0.553203434795347,-2.622111517808,-1.76311166724331,1.13641091125731,-0.243759287612185,-1.02369145672815,0.752287943539603,1.44861045421232,0.332976673740469,-0.648472177930189,2.02721578738905,-0.553267422391694,0.312888990780533,0.319688757442006,-2.11218654414534,-1.610203893838,-0.479032395701418,0.997265695414306,-0.46521256051817,-0.0495229225422169,-0.366201134975774,-1.43654784224304,-0.212519209168492,-0.0530514330409519,1.32656630686035,1.43065036038316,-0.407085238856729,-1.49319307964905,0.102191323173701,-2.48660568570325,-0.120881333162555,1.11594042104027
0.13427227543591,0.398709705067521,0.315460150481147,0.0187956571665755,0.183215379093878,0.352575800764991,1.46966981161187,0.0735352827139833,-0.293175951509928,-0.522950871988686,-0.720461185574301,-0.591849073364572,0.544551387497601,0.945021934915736,-0.917326115738511,1.30836345979049,-1.31612681852471,0.0938939849247113,-0.241166109708584,-2.32434408759271,-1.38131337754819,0.995383283897127,-0.650308474995793,-1.1271660202877,0.827401240171216,0.429448051141421,0.355674360699352,-0.772630005169897,2.26693681486032,-0.120074762280448,0.893466666031868,-0.052217550225989,-1.71490947431402,-1.50959897950537,-1.08801499191056,0.890339621769429,-0.815097894489043,0.0735628964458842,0.430769951013346,-1.45889625576298,0.674037344483388,0.372489230725431,1.09127890013129,1.90263883348705,-0.751100265074353,-1.26567406374285,0.491293721143557,-2.25676096405626,0.122341937537605,0.575811935213432
-0.908442066122525,0.274033623680776,1.54868137584472,-0.150816834835516,-0.63991462938618,0.747731177317586,-0.617502219922789,0.943991368965165,0.463082351689378,0.0354437369093157,-0.15340277065764,-0.312350901866839,0.282469371024932,-2.14157843703655,0.281466972830446,-1.08478644965379,1.32632797103194,1.270304637121,0.147362290927791,0.527981509356529,1.18586203609081,1.04221235811519,0.0876515046602985,0.839160312514067,0.848519326462724,-0.476860784431089,0.406778445154421,1.3497561898103,-0.80339517985265,-1.41192300696973,-1.28944848280843,-0.532930854368869,0.664398087134992,-0.000449243005376382,-0.519955890442341,0.635722100025324,0.802698713265434,0.838564521391273,-0.816156444197877,1.61694700985371,1.35120422123914,-1.59417858887313,-0.92388950800353,0.764747606979883,0.480847233525124,0.179137509689314,-1.16309250141173,1.81528694939849,0.709131937987486,-0.276078573514868
-0.713653968818502,-1.17271046830589,0.668869070119585,0.463479582746856,-0.88596158410114,0.962874789957984,-0.919419619419046,0.654526119670521,-0.109860275471371,-0.320921760511915,-0.168479029209911,-0.839494697387316,0.193275948143035,-1.05961851497637,0.495128796386504,-0.370296577730813,0.765003795236342,-0.115282392280134,0.673521197157255,1.10812403977931,1.55571272602469,0.356773891505187,0.00960285888362795,-0.102882015269862,0.682490727699475,-1.66869817854866,0.184800009319925,0.184226252198176,-0.373862329994458,-1.06644712027005,-0.441067370640145,-0.550893224191213,-0.577493788892879,-0.180976809789573,0.351116299220164,0.346519591724055,-0.211306174722815,0.118624206045846,-0.177650874455974,1.52750670662674,2.08889084012899,-1.04481869038275,-0.49441194371572,0.0319449922848272,-0.416701132584732,-0.209861852582564,-0.134707567303952,1.81504477764224,1.47671350570257,-1.09614163788476
0.856763902942931,0.3621033591792,-1.18795984599946,0.0481023518218603,1.18710428646487,-1.1177537398034,-0.296163758488176,-0.962186671819187,0.0622938876748961,0.994239223554718,-0.0534344705758471,0.87300488256212,-0.662586027577762,0.0969414633643989,-0.0969793038260834,-1.29728977698156,0.0385898195159161,-0.202412742309979,0.342486257000811,0.527313619345082,-0.824562371613339,-0.525310782445297,-0.926237262501933,1.4358552941055,-1.43201663591604,0.978415035098589,-0.603205562920151,0.81355793290601,-2.09970925431763,1.88679058626456,-0.345171502215489,0.285848930051039,2.69583172692508,1.16431998703214,-1.2727992990071,0.139748864328708,1.14151795975043,0.177404029042296,-0.335216259620153,0.0414304251220009,-1.98491768854182,0.174092051778402,-0.359427602168555,-0.604260193128122,-0.271976160602634,1.07438451194755,1.31230027195191,0.316951469566166,-1.2056617584174,-0.135682044046549
-0.370969697404962,-1.73290064958149,-0.310368705370661,0.202073176288552,0.0128159613884138,0.623955467016493,0.130649887931992,1.4617733443762,-0.73009533880984,-0.602807574062225,-0.0230805563625311,-0.477299688915783,0.662422864288526,1.15563036559268,-0.150730745728442,2.33123238817876,-0.63995055767987,-0.710034884346449,1.36947329090882,0.746455382413266,0.856656383490409,-0.352888722449621,0.537211783241132,-1.89906434041297,1.55472636487907,-1.37211780081865,0.19717807900226,-1.19082888982754,1.35099336146676,-0.833685621571383,0.969014042382444,-0.880758106177383,-2.08283886144716,0.297073455880351,0.739299143313206,-0.0485673194314,-1.27750085186722,-0.834128397186382,1.63193023334512,-0.547629531359325,1.87997548634558,0.808360179719384,0.774554820072393,0.231989208128021,-0.592132975925592,-1.13938132532516,0.315546731077435,-0.330076682096062,0.701606095692609,-0.641410762622682
-0.759387562071312,-0.206787090259267,1.20425084843465,0.0332173204393441,-1.18595284727074,1.36518306562369,-0.632241374090674,0.494473232572453,0.161907288408589,-0.0931165399626376,-0.745278938728493,-0.474238554302162,0.288925402919676,-1.76763326445096,0.770398807941476,-0.804237286082479,1.24976762385006,1.04661921323415,0.193194091772464,0.706732102717777,1.46853325968334,0.887635139521386,-0.0359261404520775,0.479264137887835,0.813377864867744,-0.969711827439445,0.497402165630084,1.05834669969579,-0.876012215716394,-1.51357668102097,-1.14182597180525,-0.542367002110844,-0.349067686822579,0.105813406988409,-0.0665193888070342,0.230183987048332,0.379919418525838,0.708796020736098,-0.472430176025944,1.35471381307038,1.63388961042588,-1.37335877058628,-0.39004616674743,0.253849191553694,0.773340982326678,-0.348404338708209,-1.16695029020552,2.0389522375424,1.3857325350916,-0.74252038018984
2.17285610695075,2.96270578572221,0.306674862203723,-0.101979704228352,-1.50842713275504,-0.783055836225319,-0.372205963180251,-1.61365618960946,0.0077728268754485,-0.105936588933285,1.22644285564611,-0.0589047491494524,2.49550926630229,1.53186137419304,0.178001984953316,0.14773458798176,-1.83483125978843,-0.159023287255425,-1.29511863172945,-1.2226335816606,-1.45620278808703,-1.2982767487383,2.10534000648075,-0.207998310307473,-2.69546170726963,1.3114708119104,-0.261524469296377,-1.32628746271436,0.399086726660943,-0.419671140182168,0.630242670001182,1.23226231670933,-1.58420044513625,-2.31404057868503,2.17134927151494,0.81659780786187,-2.02941749086442,0.823589969202958,-1.61799792250214,-1.41669767791702,-2.27388525330308,-0.0442444700439688,-1.0344020800955,0.801107293575272,0.808145013713009,1.66987172984004,-0.270239830773855,-0.54133186205977,-0.0247123633794721,0.918693053483807
0.393282217874963,1.43333124917586,-0.098810765351014,0.0569552017064563,-0.100490221222082,0.7250642418209,1.56596123724477,0.179359201743497,0.288910344433875,-0.722162086933755,-0.729550073153812,-0.220616887039932,0.383662058205484,0.763991920836744,-1.0382222842856,0.809397991810156,-1.48071436162512,0.00515363217800567,-0.347474554868833,-2.59995442659393,-1.33281810003121,0.148807583029969,-0.280611078934516,-0.883372245595774,0.307068177833868,1.38247150333964,0.758420818473889,-0.197763264018364,2.5626003472629,-0.388657179017652,0.868752118804373,0.111564068275331,-2.52585284622663,-1.17720700775757,-0.579627011389639,1.48792578614579,-0.765284560244951,-0.0591726945809838,0.564695778018325,-1.64193083016208,0.139612875394913,-0.0318251657929891,1.58948393083374,1.85558150396424,-0.397020910895959,-1.60251679099885,0.387219668066026,-2.00693447312594,-0.14606606531313,0.830546348507224
-0.344693699317692,0.254406481241384,1.59775639892115,0.513623893277189,-0.386335603905801,0.942778122571075,-0.389342752897758,0.473009809848985,0.0471162569520674,-0.26086954815691,-0.412314695981994,-0.146492079165192,0.202923696582044,-2.14312147950512,-0.0507806973196966,-0.730198085285529,1.24893069032393,0.489289210671829,0.22744480797134,0.329548590507554,1.12389130631057,1.06460841489581,-0.391786378032475,0.325310300750499,0.777511862264837,-0.340085516144844,0.50489472391085,1.09457908481753,-0.432363033637349,-1.03811962898812,-1.28968264376454,-0.118806942513199,0.216417258064801,1.11749165348723,-0.386482977233744,0.569386107083509,1.68148477208181,0.478048091534707,-0.34219190365322,1.0603952288177,1.79352820708286,-1.58481817655681,-0.471553813514652,0.126202924631108,1.04558307273773,-0.285021960694384,-1.27287948471797,1.7877228690319,0.686369523593044,-0.111825055333535
0.751011347902007,-0.099625574346728,-1.45828391518647,-0.435804830421542,1.70541390101813,-1.34821012401112,-0.232384804681819,-1.3914854398156,0.818909321674168,0.393470063812038,-0.130394675827076,0.770484101972177,-1.23509044504024,-0.0493065196823006,-0.514192924080563,-1.31421385135995,0.105832272081363,0.0673167993752146,-0.0849887315472466,0.556333714228485,-1.27729058107634,0.0447413018190177,-0.777851484622247,1.07917924991165,-1.05383144226522,0.858287091778037,-0.527896590265122,0.743725844604028,-1.28953267473865,1.97424939408554,0.0117160782098839,0.438377343163083,2.35127599739862,1.09429695419844,-0.883830785652431,0.183649587232705,0.837228675707207,-0.00443436334919878,-0.0604561122119838,0.165844549543669,-2.39012820005543,0.740768261736987,0.0381845336494119,-0.0888555149754157,-0.472319295404852,1.78402540555204,1.29848257121424,0.160536031074933,-1.71820869043371,-0.127306782614394
0.655820692698801,0.0246888820804835,-0.598618655947704,0.127484531339361,1.18006335185958,-1.50349959319164,-0.93769456455074,0.445040733164975,-0.265062543537969,0.573207740100811,0.385169227714355,1.99293795659948,-0.70396348982028,-0.263892649484038,0.322393417500199,-0.988061549875081,1.034065334747,-0.153288928743932,-0.0471622241641437,-0.32891729622309,0.425175001678362,-1.21057438922574,-0.123722406092609,1.34018459276846,-1.59855871900252,0.240688614449101,-0.193627220019503,0.433824905207666,-1.18357877839998,1.04418535466602,-0.435325098908071,0.470891497671082,3.27683284341323,0.408459879366689,-1.10131296812042,-0.773170672868938,0.813222178302178,0.446348690116749,-0.613851416851514,0.301605369969414,-0.767305584133617,-0.459729511985893,-0.767478678945175,-0.50711658629636,0.173678482092282,0.803000696619478,0.550478541418698,-0.0228906227321834,-0.921820869739705,0.226709940571786
-0.658830562809939,0.0687965635383217,1.71171384542189,-0.228504445922531,-0.558446765943615,1.07857084172707,-0.661707570840555,0.665995249039235,0.555796706461952,0.0932580772289474,-0.493464792159306,0.0468688927307101,0.39251672370429,-1.87140288752012,0.444149237349217,-0.831988734270962,1.1676630477173,0.760694119589915,0.109823650434124,0.992521569174094,1.0786946495642,0.95212944425267,-0.318917449935924,0.356336706791096,0.816582825459196,-0.94488371267035,0.551823941662596,1.02981052937093,-1.14482644010442,-1.4936310735616,-1.46797399309204,-0.7504259237255,-0.0367054627591713,0.152013091182695,-0.553631657860314,0.68983272087626,0.564596434246823,0.674121785341261,-0.803815183587929,1.53324368284716,1.41526098516991,-0.963639827039825,-0.279653007226422,0.485656426390499,0.647371576408831,-0.413656663195804,-1.24202587357632,1.86281191212259,0.166399374955367,0.0713385638606007
0.56893159070844,-0.384983925743019,-1.19195522871462,-0.784627328575977,1.47228762752587,-0.437761966330592,0.26569435486899,-2.06598019178278,0.905537457817902,0.822624219731209,-0.179934469340594,0.424246770752842,-1.17320600447659,-0.586647504021539,-0.756255170285749,-1.10478576171286,-0.904211343830408,1.13177754894308,0.270026696906258,0.909201519517103,-1.18851315018903,0.457184190042059,-1.3534894646961,0.594955666972919,-0.917745060006313,0.244440442838952,-0.512775051750265,0.142521494959508,-1.25480048983764,2.58258164225458,0.893644025862847,0.384611663935304,1.13852804083919,1.73718545556411,-0.193911636662719,-0.411431332220394,1.19007643755044,-1.14617537282545,0.325053816617961,-0.0208825165106988,-2.52046146806749,2.50499119522728,0.594880327352161,-0.489050394347928,-1.32123083029915,1.59344296940759,0.921067211121134,0.323820927518592,-1.54649861606284,-0.0880564851836522
-0.709950524653922,-1.08441520382457,0.339090638638226,0.162013356350314,-0.554731906257169,0.950602342688746,-0.877371083383788,0.559038762014348,-0.143262081758743,-0.407059462200027,-0.0279266235866158,-1.24630130331044,-0.164629964184009,-0.302259078478092,0.428804815062822,1.10449576845424,0.397571360353987,0.0199249730514159,0.0651188858934411,1.79509581870939,1.37091738552455,-0.244522260480425,-0.107667928430386,-1.39976814484831,1.25674778478515,-1.67006805831497,0.0374848193888091,0.286750617474574,-0.341844390233117,-1.08651069146526,-0.094716471581826,-0.897825757310646,-1.22706775021888,0.468873456417015,1.39398840841091,-0.283507029265667,-0.295512406445474,-0.537281052056399,0.284535324313368,1.04197001061015,2.16523868456083,-0.609604087010929,0.262516718916915,-0.0705325077313478,-0.0336345930536638,-0.518213822290942,-0.0817144081352646,1.10293182108409,1.09411074006702,-1.53209905823071
-0.814919370311332,-0.388672172691177,0.838666106908637,0.153068544797047,-0.538320607281645,1.59429722839901,-0.563126254343412,0.338633406847242,0.0513174367262884,-0.123320828322528,-0.146437025063665,-0.828393506856701,0.61610850051924,-0.956009180311819,0.595429261621017,-0.028966152025172,0.490263334153131,0.477472595277164,-0.357044724214865,1.48712204008603,1.42487872121764,0.547723555929889,0.33675865733203,-0.492685238170857,0.971536453735045,-0.780699066970801,0.316801142805433,0.325819145842754,-0.843051369961592,-1.38469889580941,-0.369274644279653,-0.619663230935046,-1.06739815272409,0.279499330542229,0.775170471351372,0.290314954377198,0.0849794901293392,0.135199224727716,-0.0808936727239021,1.11872324546065,2.49686617783655,-0.26424336190265,-0.866596677957571,0.268243487257468,0.215003119934596,-0.274305800718116,-0.533623032267787,2.0766765506211,1.29340887428187,-0.792082957615512
0.131214317797865,2.84807755089064,-0.332264119908148,1.22526374173179,-1.26851758103322,0.277945791916981,0.630633335520425,-1.01809953376489,0.619812166529839,-0.373797174595957,0.100346941881683,-0.733560797360735,0.305823696204341,1.13856260091783,0.452436545923651,-0.0541617111241311,-1.93568310411736,-0.94327054463935,-0.89268490201878,-2.22528392443031,-1.75220861921996,0.143337865445592,0.600596087726603,-1.11503492728339,-0.602658657205,0.995777083410064,0.529660814894991,-1.51460777190542,1.76465137214316,0.121205867756242,0.797725160929134,0.760886292385053,-2.55589080960023,-2.43317118922491,0.502074155921913,0.827713415981782,-1.49211429016006,1.2363235568764,-0.443271626765883,-1.4435800882643,-0.648246679472037,-0.240636732375903,0.504933463781745,1.28971152498765,0.216757086529748,-0.863419825861086,-0.286396559880412,-2.17989576376133,0.199328427735681,1.82376188586537
-0.410682458748979,-1.30657950085389,0.244697099457626,0.694587475533309,-0.574890264721071,1.1495704800441,-0.65276123369852,0.625818978060668,-0.755181896913054,-0.598452812206646,0.518930640829547,-0.599489866074796,0.050112638753353,0.169513467590701,0.396929961060796,1.67982964278909,0.000304254781882063,-0.463440606279063,0.618578492665745,2.45610110879832,1.21806067182495,-0.185079923445665,0.646071580668261,-1.0736827179656,1.74750707623027,-1.72859773354383,-0.348445675228787,-0.260668109715034,-0.242696493401563,-1.5314498271124,-0.283799752290161,-0.229942136935542,-1.58596781256091,-0.463919113455757,0.949262416619229,-0.340394264861054,-0.718133203764651,0.0453226906678303,0.35477344059255,0.742263556448444,2.13787461032585,-0.0437608803558754,0.200628289782057,-0.925793731899649,-0.483950805522829,-0.180894113971024,0.540688140540974,1.06567062398864,1.46494455161129,-1.65237244792253
0.574179725486901,-0.505059009157205,-1.19264309052971,-0.873275149301791,1.47723951923475,-1.00963253898333,-0.302441705041888,-1.29903120155396,0.428519725607992,0.483512764405222,-0.127294119383041,0.932329301729481,-0.66710498731167,-0.433335089718938,-0.0630905078315105,-1.48279372068903,0.157647603623091,-0.0583650710985006,0.359924701865177,0.827923205418983,-1.47890855082571,0.485592266289591,-1.01570176318762,0.843645652469324,-1.17197409921993,0.902512032342763,-0.57695730574317,0.911785926028706,-1.39522493412528,2.27874475100853,-0.484891545703079,0.753595597142837,1.59718290127762,1.54448917622446,-0.656402085446722,0.10654909843584,1.22575710418364,-0.602248729776218,0.0290046980179703,-0.458496741217377,-2.65336564724744,0.927324283072874,-0.421086892001533,0.193761211064282,-0.839673636444826,1.27011473909454,1.26637180883758,0.191129050638534,-1.26135931146385,-0.115855916123367
0.170124027867138,0.0546483180114949,-0.152329798021425,-0.0731579549400095,0.113620152919675,-1.44168883170404,-0.750455632006591,0.5019797846111,-0.130191334813761,0.285310371349724,-0.13498362400426,1.27528990662857,-0.467804649750689,-0.161093815865626,0.73159231246275,-0.731462526265212,1.49159616975866,-0.367782725373613,0.179233369854256,-0.752078573958598,1.05133367947065,-0.747338208680134,0.0315539648433755,1.62536937694922,-1.2788979883473,0.162091961831707,-0.164281503623572,1.21807814449462,-0.865637386325029,0.350084278232683,-1.11812376278102,0.246144525370922,2.83709555888789,0.32754347897996,-1.44913663144571,-0.663948138114038,0.885981032189695,0.828283436737691,-0.572527131741457,0.828478409386525,0.0802361089772438,-1.04422537149708,-1.1797475724758,-0.646403337775979,0.455174821179017,0.174498337071475,-0.90261949210082,0.035166405392643,-0.662923242194207,-0.105470132924619
0.019492762686294,0.361017558234501,0.494200792382966,-0.204523923705251,-0.0200793015501184,-0.69105541407255,-0.0643267694515546,1.50100576959587,-0.277273822969169,0.624506311325808,-0.257244715153469,1.37983800845311,-0.287773618007722,-0.311487416166994,0.0496502566290433,-0.459721502004777,1.66140856687186,0.309145503048768,0.207828730501458,-0.624578048139933,1.2961399862957,-0.335704380366096,0.36496363600629,1.54067313523317,-0.828938613164768,0.0108152121604687,-0.259369071119238,0.860434779714748,-0.288948132127053,0.0163805444995313,-0.730753159816889,-0.140933092619996,2.80922015155062,1.0666487659438,-1.22019239524059,-0.746113534438524,1.38113502043728,0.754144430542249,-0.990322047270078,0.409168567026303,0.00387899565616089,-1.1830415317878,-0.97576033397235,-0.755848649005816,1.14242085363983,-0.0649216322431224,-0.863918558148396,0.553918253873567,-0.454700615510125,-0.255039209698407
1.96214075300209,2.66775687756259,0.527475028792423,-0.0605679989160412,-1.41789613421638,-0.604538584954258,-0.468209500747066,-1.06213270125048,0.0830623218971742,-0.0591982047028026,1.37983544127649,0.296580742876037,2.13188865052258,1.67683475107869,0.706904714110107,-0.188217990447686,-1.36936538492794,-1.10054596970442,-0.967082486670267,-0.995868383027624,-1.57893487274405,-2.01960716039783,1.77632850057538,-0.59351874389321,-2.14688208947039,1.19581668351599,0.510214701931146,-1.63523112092959,-0.247612014719322,-0.503540610596701,0.626705331722648,1.44000826551166,-2.09853279471782,-2.32693597168288,2.32889506439723,0.946327642573041,-1.59553231654521,0.968324457771607,-1.5566067595899,-1.86660129657118,-2.79819763031181,-0.281892357151046,-0.575307293203356,1.46410907931002,1.48115633656365,1.87379545227842,0.165505003411828,-0.754355393335794,-0.243672613546589,0.676853341680734
-0.0254213457438576,-0.291753747471618,-0.0998595305619083,-0.0573547680450838,0.879025930037651,-1.58930498072254,-0.180514490985645,0.637410415001885,-0.528005507120258,1.09829554428144,0.238929526625746,1.25553901667994,-0.443063031719909,0.477657082086334,0.417866664672015,-0.747442442945926,1.48462372844998,-0.499982646001772,-0.744911099288253,-0.0702608881838069,0.132169393348132,-0.936506609536057,-0.0385968900580292,1.63861850584707,-1.21638939357811,0.936455141537887,-0.670033352574368,0.751511157238027,-1.00436942885037,0.614286365925899,-0.999443579681423,0.209503376474394,3.23047334270658,0.91515628697482,-0.679640351721122,-0.725537317168812,1.58929204723164,0.832994253898642,-0.430930182858063,0.093386487877469,-0.539791122196626,-0.612581973726651,-0.85442725046018,-1.1812976874581,0.931568729296333,0.452969503437863,-0.493288374301543,-0.153328478404678,-0.482049418710299,-0.041891185140002
-0.0752433176453464,0.574208795593732,0.176508508322226,-0.155579569211491,0.260766462657954,0.503088368195809,1.47892427820995,0.343644948706705,-0.286548415899033,-0.390401497139807,-0.721415711342056,-0.265895328139194,0.151652350350969,0.622759156520425,-0.773867059819572,1.30521888777697,-1.06328125490781,-0.506207773622202,-0.250803408771578,-1.90597635900844,-1.14511314254185,0.236015640254365,-0.591887843299055,-0.936184877454634,0.712535734810843,0.903171006635772,1.06156442170372,-0.847309395196013,1.85716606557079,-0.720656619840919,0.741944018360329,-0.247157152948182,-2.01395542367684,-1.55965576446073,-0.724912442395336,0.923181556678378,-0.977789421225312,-0.281719295326195,-0.00689076983226047,-1.22253911588711,0.625640514742902,0.0438715975312812,1.62850605460615,1.26382388466785,-0.54278942968747,-1.4743393078672,0.0745126401426841,-2.4949406511197,-0.229263584843864,1.04221441409114
-0.309260450631311,-1.13188374720621,-1.06434788697714,-1.43782238378529,2.41220944702443,-1.02875942884675,2.17524068172321,-2.189251659446,1.69096804065928,1.06582301987513,1.00486270563353,0.36170641705107,-2.19885298621919,-0.511645458097871,-1.79412623372868,-1.22702777074976,-1.42907294497565,1.13776914765385,0.477107544177584,0.829697053329913,-0.1599539996829,-0.19929189559035,-0.784958606591361,-0.127338323446211,-0.576082866313555,-0.846867178064733,-0.166387961298007,-0.763267653466443,0.354122810752352,3.23487725015574,2.04610479390329,0.763735859471375,0.833475032251355,1.42819333974117,0.170557614730253,-2.03292356086406,1.0631904836131,-2.26472443836516,2.48731805433447,0.264821460559799,-2.3582349844558,3.67785026600495,1.8770966873898,-3.0935761041725,-0.250884713939486,1.20232114032929,-0.255770276717998,-0.0425990784744523,-1.30187490947751,0.37616797030492
-0.460597786437008,-0.6117233978219,0.319333530776643,0.626971903637005,0.959805521000756,0.623466893246589,1.16442979080833,0.571708699507891,-0.473275014758707,-0.875536048351868,-0.555437181460157,-0.894135790129808,0.506112770536139,0.923459188528726,-0.895141542069429,1.52649563653544,-0.484240520015677,-0.225983712402035,0.409293059213863,-1.38724416046167,-0.786381338970293,0.518862553270424,-0.443770147565833,-1.23070923401224,1.36216873549124,0.285746937099806,0.425619269855807,-0.498373157742551,2.08321426960033,-0.403387915535984,0.918451662990752,-0.32823341379532,-1.74338433049446,-0.969343028652401,-0.492343041916097,0.893102256073852,-1.08429752557837,-0.541037089009979,0.337421721203144,-1.00947591725642,0.301835970422943,0.567500501123734,1.099352161095,1.28190306621332,-0.756439920713169,-1.50692375115573,0.135272092982619,-2.14316411790203,0.0562348190732247,0.238030431272077
-0.427609842565281,-1.80475009801706,0.407430003619271,0.909674169258765,-0.406719673523787,0.816625183221854,-0.368302386996977,0.644096311002067,-0.791632590597408,-0.589053909881124,-0.175726444690825,-0.679668958818444,0.42961856795411,0.613455230030112,0.473350091174312,2.06664939553817,0.244256922144661,-1.13729651551186,0.30700020833521,2.11329004232422,1.19658449233669,-0.227669532923852,0.558886250853701,-1.58430042016816,1.66324133830216,-1.64430650940162,-0.963030657331722,-0.939546137459094,0.0986608804881714,-1.04386740720012,0.235149508875248,-0.067837716628175,-1.4167235775266,0.122107231046994,1.36645479814308,-0.27945444545578,-1.60130335458466,-0.434826913144017,0.499201759949252,0.124901505476682,1.94524874792851,0.477911177318439,0.1892035944065,-0.230706752725877,-0.30536342270074,-0.700802363223754,0.605682368650839,0.78557667929442,1.94309309400558,-1.20484361899015
-0.377548881307817,-0.267461886869598,-1.17320406333375,-1.01159749487273,1.80634882035701,-0.72308817653168,0.654579353183835,-2.06288303227627,1.27099658974744,0.681273983551955,0.0443283872785405,0.424922833829081,-1.29428886066761,-0.808714476402057,-0.988571308690197,-1.51892962853759,-1.2149508840337,1.1013742568745,-0.199780588748545,1.20063285868379,-0.944142465574747,0.579458396843594,-1.03189508472313,0.557970671718977,-0.994637118070355,-0.0867872888243811,-0.0550720649667631,0.0945787906120466,-0.556200544506954,2.81433404594387,1.34938193434541,0.54075081244267,1.00771531794406,1.01847525032424,-0.2201355913428,-1.10735515325038,0.630649314384156,-1.38077738022151,1.77477213581216,-0.361902263008971,-2.70722453924793,3.00749790572265,1.2899374438788,-1.7949157447146,-0.641881076168235,1.10586368837516,0.515935738639588,-0.316846464092249,-1.20562237433502,0.148728556064074
0.552387663917008,1.68132692273606,-0.3856634067217,1.06656509276061,-0.260071756608633,0.579115546307841,1.32281871159513,-0.595217692489647,0.204648967741371,-0.89448229811749,-0.456111874352637,-0.758962382844389,0.172972123405192,1.09388148513615,-0.47419595954165,0.114282677851391,-0.861778913382924,-0.479410840235903,-0.866818074351441,-2.06581225721626,-1.88181032643578,0.740604835435391,-0.322537578371836,-0.921174687657445,0.277186701075131,1.12681458864321,0.605207692978002,-0.899211672698613,2.33129110502403,-0.421732196329357,0.495613291515438,0.314138843342245,-2.48317961401131,-1.37807240083961,-0.179778317280637,1.55855947628159,-0.820348620540807,-0.123996024582953,-0.0732399836130061,-1.57534455039803,-0.16088821240475,-0.19887068986909,1.2752552990519,1.52529267691741,-0.791389449268385,-1.42955827557756,-0.0434154345589223,-2.37436795482511,-0.204602510288766,1.42762515905746
-0.236012632467827,-0.811321744434965,1.2947458464021,0.472021814741378,-0.764001609988709,1.72903083955723,-0.537126488778585,0.448160182460431,-0.00159514616838046,-0.489681133881336,0.262133646903331,-0.884099966363773,0.447459044920168,-1.26403577147904,1.15773068972031,0.496493968511478,0.594293816925309,0.506503806053421,0.688908130453526,0.910141234181476,1.22356576759534,0.468482472173681,0.117107778307777,-0.479714988504604,1.57502291750143,-1.01584245939464,0.176961008385991,0.293519162656598,-0.758743354343508,-1.51897906706415,-1.01602045244473,-1.03958271536773,-0.601235794259532,0.145966823985948,0.623509527606543,0.076553165740158,-0.148951508350102,-0.392127826906584,0.0528763760479802,0.707767925051656,1.48468920047786,-0.655143386002409,-0.560898624007882,0.427493408154299,0.582116712513237,-0.22594687530606,-0.640498052210537,1.22086302645115,1.27659668206303,-0.924435877712687
-0.397979139147992,0.0565428345474833,1.0206352129143,-0.0265461135982206,0.298120975615933,-0.371560971936277,-0.556507591547688,1.51694448139985,0.0986771620189287,0.310620592417309,0.317641861520369,0.249481324089426,-0.363272315457099,-0.960586083475584,0.0944308039847093,-0.870150598366989,1.61107435763815,0.835287037814776,-0.0167042345603365,-0.589071348162994,0.929713157378502,0.307212353021036,-0.228132332993383,1.62075254304107,-0.341807353093455,0.0487805559643398,0.452936399034905,1.42145023385877,-1.18737497519481,-0.421707984503402,-1.19545760686748,-0.157082123617099,2.07250764450752,0.696207588495645,-1.17127509224507,-0.063359111108743,1.32997441085665,0.98190749106686,-1.08305478635759,0.999842230234076,0.855964312220695,-0.874721767307919,-1.01163353939033,-0.12484376633286,1.04265645674391,0.100773858737999,-1.20063788425952,0.883334289294409,0.0706665290015143,-0.0157588021978833
-0.0487402361238523,0.352962651091561,1.21565285185088,0.118436501345665,-0.701075283916628,0.00931881969339927,-0.68505627160018,0.8615673127359,-0.432064799250922,0.00739825733448897,-0.230469128731205,0.418362611165019,-0.206789699095633,-1.78145465850565,0.257614889164509,-0.45306600276315,1.59707731653755,0.467303511914171,0.0942238644851275,-0.197716139106885,1.15141862194702,0.359093373893569,-0.398299696322828,1.53207030041003,-0.139083089983681,-0.128743639668579,0.817220526172769,1.07511994010792,-0.596655417791472,-0.659909201502368,-1.58498371191654,-0.373761983273652,1.90433983867025,0.858429978328306,-0.976436508041489,-0.245230035910406,1.62594166594797,0.62912044840064,-1.07750035406188,1.28841771253313,1.0102633897506,-1.0713645513665,-0.927397370860243,0.198499971856093,0.785146833752937,-0.516722578056353,-1.41678025560287,1.20407020234942,0.370358824009063,-0.0677055157115836
-0.780350467867672,-0.107080980367691,1.50498334666123,0.262251322520094,-0.768271659826448,1.14908286643034,-0.652319805362826,0.89229881210843,0.112923404132104,0.0451271440397275,-0.549197567975462,-0.141542827506692,0.275334815256464,-1.42700482853378,0.907015962361761,-0.503540643193149,1.18639365283855,1.36856046789019,0.334964296501066,0.666037611856733,1.43066650741851,1.16363374945389,-0.336638625550043,0.456772239427906,0.617528707480884,-0.65820460343997,0.764807915290373,1.3659642943118,-1.06308293574929,-0.963648905400619,-1.41564554647666,-0.664846055120969,0.0605197679435208,0.707413508978806,0.0693055425132441,0.0153779268117187,0.710755840633636,0.483302598176938,-0.232619474903116,1.12116919656628,1.80563318053065,-0.96062655538184,-0.787586841020358,0.140370251199466,0.884085496466146,-0.0114616384251683,-1.22102780797701,1.6925593032979,0.974165400106505,-0.659932756128187
-0.252595628750651,-1.23017369861837,-0.218353472135586,0.0366468921101827,0.493253369621599,0.453048960898514,1.00975787582354,1.13293074467337,-0.901708893312694,-0.434880231382983,-0.442354193823738,-0.471317150637157,0.75449771652533,0.993179971335346,-0.865156272468277,1.355536284718,-0.315154039498373,-0.80651315116223,0.135286490854605,0.162332784084537,-0.343527782692375,0.0199317760253662,-0.0584088990304102,-1.45050999612332,1.42790429587546,-0.469920021095929,-0.2099134551727,-1.16344353546813,1.43543342524675,-0.525021543403418,0.890461023863404,-0.637576093485699,-1.64040045323062,-1.08139086937747,-0.34963547921756,0.599220300838148,-1.56442101008936,-0.954810716248696,1.02644005806825,-0.888039181734786,1.62956789724258,0.512997806428333,0.950207510181301,0.617255038157306,-1.06041979979818,-1.09738808201445,0.775451901101465,-1.05246548857601,0.33092573651737,-0.502392284390181
0.4392622191253,0.292826962699035,0.201351286292829,0.000648629636970206,0.289763281829225,-1.6061117092286,-0.674222730840838,1.5491596266635,-0.77464965196185,0.641027426826172,0.334531790841327,1.16643267256559,0.0906022355245125,0.321536419131197,0.365920429416141,-1.16448961594971,0.705523747735703,-0.232871047101586,0.293714832582483,-0.595103884929492,0.00694906145277056,-0.965721760385542,-0.0225556854116538,1.13769704740776,-1.08831079181423,0.71177152129132,-0.0153116045315404,1.21271939553226,-0.933772808777659,0.824776213599699,-0.836700440675489,-0.25617388145433,2.95365615056378,1.32977674997185,-1.41041033673207,-0.522525674336899,1.373193103549,0.614868227232652,-0.32509769894954,0.149029479629952,0.0834530646524606,-0.772126450866387,-0.93604143464569,-0.560192125693382,1.3953315795745,0.156053239297449,-0.70769858911868,-0.0381087318892012,-0.732163718352158,0.234976026491148
0.229031765595027,-0.174560776419522,-0.407917444838374,0.245366285061876,0.133258035762005,-1.5114261221851,-0.61410790227516,0.853580521599976,-0.652047512369305,1.05160434137481,0.247486042091892,1.44069019211712,-0.403791233756121,0.33286272828139,0.218880181491062,-0.634753872876508,1.11202586702511,-0.0695179091366652,-0.00363297678528359,-0.635555923290099,1.02011276799686,-0.941669891405569,0.0469985596138423,1.36311066816434,-0.942683874155621,0.18756055626437,-0.517009948966435,0.308019356924688,-0.753380046776598,0.376781246038949,-0.738413426224777,0.12340674945056,3.10673907668773,0.993735203980391,-1.42606404945247,-0.253351415887254,1.27974131440446,0.870658942161745,-0.766140226728434,0.726410874469386,-0.361511581599655,-0.794642624419025,-1.61749526945465,-0.91726237739347,0.810432359419934,0.510047214816383,-0.279490789575574,0.145786846470939,-0.742113706873765,0.394516118865838
-1.05812461330467,-0.683697020530719,1.13541473659488,-0.00444408675527533,-1.29331785000968,1.26884405833931,-0.843638874484359,0.68112313941592,-0.0399171065829201,0.206312633173647,-0.210668611574139,-1.02473662982814,0.482798921859595,-0.803505089184846,0.557271745794007,0.323384522617188,0.968611560017066,0.460195490492692,0.878166818523223,1.99933100323023,1.40620689793965,0.481622975726953,0.5856389242493,-0.180430975983459,1.02107641340663,-0.965459396583803,-0.45377867347871,0.436469911186456,-0.820728220065127,-1.44935970299322,-0.410535487961308,-0.768156790047985,-1.03073384753294,0.175395626337432,0.370641817760891,0.136905059511371,0.0765302587509523,0.301769927790685,-0.260608302562376,1.13123778077984,2.09597413872391,-0.973791515706046,0.16796943128889,-0.138414302511749,0.109346881722538,-0.462973487586158,-0.754065725140179,1.34607716459768,1.06274581788588,-0.705564237260036
-0.574306996420645,-1.76361630164799,0.022827989453064,-0.470392338871887,0.103752160267907,0.658590843425028,0.181168210778989,1.10399934242896,-0.82714978043987,-0.221186463630592,-0.0632008920676983,-0.676828844909323,0.583763450908553,0.784630408909284,-0.525824989122275,2.19056336310845,-0.134031669790784,-0.641235219002053,0.424694880670452,1.02901392925528,0.533173818229741,-0.509840039254369,0.567153603730051,-1.43522989875416,1.84151110205234,-1.16281301938229,-0.499892772862222,-1.39071261436523,0.795145003535954,-0.900809027394826,0.685308879331523,-0.421165142569879,-1.80494045042404,-0.904698644882159,0.55292157859066,0.0372309696767133,-1.94796445218051,-0.684613025861712,0.979067784699939,-0.535170472767918,1.96995979256176,-0.10229203200815,0.888701936306739,0.203450794494567,-1.36554864174396,-0.801571569666384,0.930245482733269,-0.989997754274642,0.604456445574903,-1.33246167019968
0.184688235306952,1.09415731890599,-0.396068604738171,0.39820474666988,0.242408492819761,0.33433175059317,1.17689034503544,0.268868580827975,0.121608129906369,-0.670509611787058,-0.581977481473785,-0.332527854009097,0.45496090813423,0.722790477246897,-0.559113232195479,0.63485943448752,-0.826313953691137,-0.739061678399965,-0.209820738180905,-2.91621190529024,-1.76038510631323,0.530881137401324,0.0144221111129392,-0.663730725946207,0.408370594751882,0.962965940486459,0.614813996292778,-1.02424933099958,2.55153731617583,-0.280774184712582,0.752442060021896,-0.0966709408863031,-1.93157444042787,-2.0474377684282,-0.42161978350303,1.12442908648628,-1.2428593024518,0.530460875030039,-0.130313302080493,-1.18756427123882,0.307946502820232,-0.0967915795210837,1.33426745117993,1.43646186001394,-0.187449974258096,-1.31653824211373,0.078351463656811,-2.03862974642911,-0.331758724601552,1.20492927116756
2.2895430877585,2.67253349930858,0.886036095272112,0.351449632259962,-1.17676203272126,-0.850262380144082,-0.59281706339398,-1.18822098948953,-0.145910168460221,0.00907638480125822,1.52903163792827,0.757591732212757,2.77598513249288,1.85552027135335,0.28454271858383,-0.14944564469595,-1.20438870563323,-0.556980641913301,-1.37244319054956,-1.17837193555521,-1.11065341952404,-1.72134653516381,2.09376216684116,-0.257098935157035,-2.20193334327661,1.16179039104852,-0.366200675228508,-0.968201364380385,0.316112103248412,-0.364796479645026,0.870522529542087,1.71598968939351,-1.10773749200091,-2.0224358758051,2.03490904950099,0.105179525786125,-1.67508676936369,1.02280967306015,-1.56295883126177,-1.29079401980104,-2.15426366268437,0.0408939452141827,-0.782144145847832,0.666919863564203,1.58152689129371,1.98288262895731,0.141877080066235,-0.595454184858654,-0.388680565984378,1.07742443538458
-0.37630341253978,-0.614849258104932,-0.143246165714371,-0.27495859993064,0.991743885344214,0.287365677979197,0.893710333336723,1.0827061617859,-0.461341855920772,-0.59519125739604,-0.377096585308427,-0.697488754316082,0.258397466554028,0.726527485978776,-1.2401203465143,1.57489440048254,-0.670033799449033,-0.866917398374258,-0.154984520957718,-0.715036083376486,-0.828857557945934,0.490670060745645,-0.449589694858707,-1.31898520411478,1.27021898222656,-0.0826902665044022,0.0457370781334553,-0.988258743556816,2.0621495028818,-0.385145131088489,1.33984415227147,-0.663171066390279,-2.08824096031845,-1.23030695643309,-0.717321954774958,0.745387039950614,-0.603814882619919,-0.483305500630843,0.689992235326375,-0.863745343953306,0.975722671900438,0.0785942077107986,1.33637002191846,0.694669907309233,-1.03365476032687,-1.36059877653207,0.9911416048865,-2.05278378057107,-0.496652734738029,0.299506537515037
0.435167717860018,0.423588512122741,-2.00583067120766,-0.15015702664119,0.945274485580465,-0.937472078550436,-0.861079073282208,-1.57020873636844,0.265041022758408,0.350941090499671,-0.261231173952895,1.21963662637181,-0.679748934573697,0.0599935698600977,-0.235337967745453,-1.22262815858408,0.416946992871608,-0.187198625954376,0.351536207507438,0.039860024998207,-0.7441256897446,0.116128159143676,-0.656498975076275,1.71734694709141,-1.63504201071066,0.410748019522566,-0.688094828725606,0.985437572207217,-1.58681627361396,1.95643985985322,-0.387999988142252,0.622887622564424,2.13160657698032,1.36666909648525,-0.853783283171145,-0.322288802391928,1.14334106031802,0.291353638372303,-0.184381869441079,-0.359525107608563,-2.22348919450751,0.286557361802884,-0.231802436568088,-0.571905676472446,0.0428731867079053,1.07382497119721,1.06250555177923,0.122210420960969,-1.44687258257784,-0.174473757158685
1.5959575864931,2.88848306086759,-0.0635876588839702,0.667970357408107,-1.32945573530456,-0.437358783953193,-0.216905182534002,-1.8563362611716,-0.110063951997332,0.011726602688422,0.369524299060057,-0.350545309222443,1.50411598683188,1.99279232110868,0.643062895015967,-0.445023534501464,-2.06429876661593,-0.564275454964631,-1.71929287344996,-1.43140163757083,-1.23915005136028,-0.879779013596735,1.83271552045137,-0.750874974510343,-2.2589024230198,1.5647487758266,0.318353750991243,-1.72948233757219,0.77932371411449,0.383837526860518,0.174303897919421,1.39486758354462,-1.76098739855365,-2.58931655223756,1.92683078612145,0.216281350038465,-1.54594723111445,1.12334086588559,-1.46720077700712,-1.2979849188199,-2.23216221643292,0.0224298316725326,-0.568709229421383,1.05140840433197,0.979283611921408,1.14380765322246,0.159374140454257,-1.65096747476914,0.0254673787506852,1.07068383261673
-0.714173340242043,-1.75919716444247,0.0189054382975025,0.0707130627395403,-0.435030109930044,0.990670162261299,-0.236991021551972,1.07970815613702,-0.485217800280511,-0.48192146061927,0.135015324780157,-1.11325628992683,0.470143671902513,0.56115885722594,0.332413273118239,1.86110135872731,-0.154619778101066,-0.634053734365308,0.0850470616005648,1.70807497910254,0.913635724519053,-0.310572451111924,0.358399681149087,-1.66071813072284,1.62043969968742,-1.44219340205025,-0.594799070841517,-0.650612047197396,0.410460615703749,-1.186401778683,0.524704015827817,-0.740800834294468,-1.23606326121458,-0.207199517673823,1.3931258117812,-0.322045352489769,-1.11956980717748,-0.800111389002803,1.03978642240101,0.0495305274469123,2.03254790941836,0.289347299842128,0.397169503016661,-0.850953287138096,-0.403658431980184,-0.186662629332427,0.851067331609349,0.736359806134866,1.43355764142565,-0.75338680769561
-0.510169795647618,0.699705014475241,1.58872652291279,-0.260187733775821,-0.0795352517078839,-0.109329657677723,-0.152202600858019,0.667841550363679,0.561226068550445,0.580773762243888,-0.185824903638154,0.12843150707183,0.0130678153975163,-1.85973280035937,0.942223402067502,-0.868165591382284,1.50854206236345,0.554566636304646,0.166751201633827,-0.328410936360899,1.19807531789245,1.11177485469524,-0.422881078169133,1.14215276939314,-0.101002893857171,0.396415759609132,0.482900615879913,1.21035924010604,-0.734351277492599,-0.698419672575382,-1.01548544499067,-0.442986879969446,1.43041869001756,0.838895854981475,-0.994460158277305,0.0908196905150666,1.80463561123291,0.744187870240576,-0.855469801042414,1.15968544304141,1.23967912705995,-1.27069165841234,-0.869028796771156,0.114693759858329,0.658942713845739,-0.262576786987683,-1.4667162352645,1.41527629439545,0.585380970804638,0.225214979267405
-0.214531035015314,1.01636647283667,-0.157192726049491,0.391403741802692,-0.0273108108075529,-0.0533619852202106,0.99890186102583,0.379025375235892,0.25080353370414,-0.552081903221379,-0.927491116803571,-0.69695845103976,0.275900873364498,0.946945871137664,-1.118913046808,0.195928173475071,-1.34228807754633,0.233401919754708,-0.558222102044802,-2.45356777527838,-1.75194796262582,0.576127020146775,-0.176915027077207,-1.14811896247207,0.894093819757087,1.04810645861015,0.773831041632897,-0.410513550712093,2.26682475872156,-0.591392360155397,0.181950546704758,0.197551207703672,-1.87922851222883,-1.53161369252626,-0.238037432327359,1.45030379978078,-0.966845382974821,0.113820312237356,-0.286292308489779,-1.38077688346226,-0.148666573153978,-0.382825613965317,1.33699440237114,1.28339056411502,-0.70079357898347,-1.51071048329992,0.22383202588629,-2.02416038664511,-0.457350382210132,1.9113186691188
0.213798674461051,-0.133526862304533,-1.06933258665853,-0.527471583996118,0.468241325715527,-1.66827683200942,-0.427831310456347,-0.421488792608797,0.164518915518457,1.0917251969409,0.469931207983669,1.23063649238389,-1.07005620328933,0.139063581239296,-0.264043656530377,-0.791563412947112,0.530008115306562,-0.0641146465494481,-0.173080842089221,-0.149922045425023,-0.424970251803804,-0.834230199725397,-0.0639790802818069,1.1053265533458,-1.73744535470947,0.70393773033567,-0.270911787349915,0.30535049679777,-1.25235056389642,1.55764159651281,-0.564168293768109,0.482095476226974,2.61037328704778,1.3763266945798,-1.22984722343456,0.0200453654177893,1.16240309024187,0.491596754972549,-0.393634069688424,0.28897051574568,-1.90055644278387,-0.0824241461449861,-0.982574255401167,-0.891158877874483,0.251779969374917,1.04923564264962,0.609616481024187,0.0334864592840514,-1.2540208039922,-0.507362413307541
0.0875830019816469,0.0875925935708857,-0.212729112590381,0.0618101764018937,0.628752094345583,0.722502614940216,1.22172084752448,0.702869091996568,-0.353070960313942,-0.497897522928202,-0.715902836696324,-0.25279418865947,0.507529652253571,0.859149538779978,-1.09922030793194,1.24326589423463,-0.830886867899583,-0.281277019247144,0.312019956867093,-1.28330962811264,-1.4965955626089,0.588027494673308,-0.375006102508347,-1.14872315352785,1.14430328241073,0.878878930001776,0.708488705683875,-0.973588885093704,2.37650071719655,-0.825810737481022,0.68518673350876,-0.472075214416675,-1.8722851455373,-1.21731122948826,-0.929809648330357,1.52056768923199,-1.07298686801101,-0.159313624490865,0.771440147122815,-1.13475020132752,0.72108969266504,0.296209637746993,1.51914860395251,1.01821895473322,-0.736456072635358,-1.50166266014336,0.38661275221599,-2.71771524105249,-0.172249835249328,0.52886932302748
0.456095973846823,-0.562658093542407,-0.89915694886845,-0.109479422671814,0.603601893505557,-1.25381776305749,-0.569438947746978,-0.06073130834848,-0.356486406767315,0.682490234534832,-0.0590966021340977,1.26998069741114,-0.98314619066218,0.405572262554359,-0.548456095329402,-0.72869239493732,0.226566654334554,-0.392541421877243,-0.219977539840408,0.195130147289666,0.130840319023449,-0.701304446665194,-0.10458355069913,1.18435114453196,-1.52741788022776,0.621160763168192,-0.922851903961306,0.863183729442476,-2.16424097462311,1.60752622642529,-0.342493308188329,0.423108170938279,3.13109919029163,1.24132648533339,-1.83438878588793,-0.924121259703951,1.32261888848802,0.402421923241013,-0.365537014689731,0.013338000938307,-1.74217721540963,-0.55987667204253,-1.08000523756602,-0.327971433904814,0.686134923464565,0.913956160338984,0.389518757710119,-0.224432114169379,-1.09230678046727,-0.144019937446348
-0.122194447260088,-1.37402126963943,0.288112380303347,0.317886643477628,-0.492941227377857,1.15305261669212,-1.18534096178421,0.792614606819868,-0.926451238957368,-0.513348650273101,0.426213988438412,-0.904809288572998,-0.436360637170288,-0.00579736777373166,0.657235178212599,1.67251911722064,0.46035162865946,-0.715182233775134,0.405281506759006,2.03905810742488,1.13215071676471,-0.600212937037716,0.729496590307813,-1.66099764622938,1.79708347417942,-1.37281249442386,-0.220969222157363,-1.0911910875553,0.38711872679894,-1.11682387388794,0.10449564050496,-0.603151463536354,-1.05000097036437,-0.0837246262402137,1.40031924026361,-0.477528106905807,-0.894985976595633,-0.518715214346898,0.611425456137893,0.499616391983889,2.22864320515237,-0.316995809519273,-0.202524752492415,-0.0311648190908165,-0.657201537471976,-0.702765737586482,0.348863421385634,0.948546677783118,1.48788341843034,-1.90416216426754
0.0206739465352827,0.182338345576642,-0.97854306930189,-0.461669412819491,1.09907004427898,-1.63696282653055,-0.5884663787803,-0.0226089499833924,-0.565844425295258,0.0042067165766191,-0.163205521617851,1.05250867664811,-0.719747599753321,0.362503476971368,0.345071138308459,-0.44610563303529,0.7323786053758,-0.458009207202118,-0.354054004960536,-0.380221479157479,0.350951087961939,-1.02202197073248,0.000680777407963948,1.91713697076751,-1.32153747098729,0.263697682957805,-0.415720075598412,0.846084020936562,-1.40610169326261,1.08206653839626,-0.552022861814484,0.449267930744094,3.50406777719463,0.925403840708033,-1.7987738317463,-0.516451861142771,0.952206019173901,0.861212088961283,-0.574884259304329,0.417666853540494,-0.947284944945613,-0.48753217779287,-1.37906746367457,-0.659732264181913,1.06613090253037,0.463201824821614,0.156531075410517,0.146072517105642,-0.80155132933191,0.0178483883734653
-1.03260805564936,-0.843684326659846,1.11516628055871,0.173723380735249,-0.534651593060503,1.42026242279686,-0.938463933126778,0.657666956833338,-0.272900231988019,-0.702525554749907,-0.30128711812386,-0.644518492244868,0.723888197100882,-1.27043608424181,0.574920807893404,0.605116599327435,0.454009915420486,0.482147977413481,0.395934537231386,1.32607044931779,1.16282088900021,0.320517274910371,0.413028305376759,-0.54226556863927,0.812686917748931,-1.14552989904338,-0.174518176981185,0.479015618153367,-0.571670063377172,-1.76821600981367,-1.03894755088278,-0.840584743140385,-0.62098334837317,0.351030479087452,0.694967213065525,0.144121818645074,0.236350682932787,-0.228154456729644,-0.483844964915701,1.19638537188797,1.89640034532344,-0.694877145832999,-0.236964504306939,-0.0216241333850515,-0.0451210782612639,-0.0619542927683556,-0.269640253074692,1.49486359714244,1.18289803057523,-0.971262759533463
-0.882288640139523,-0.655778434596616,0.642714912419029,0.398849199453215,-1.22107114830051,1.04179570104902,-1.09694106774687,0.193417551716006,0.157534852706548,-0.100152763986323,-0.0868110063726796,-0.827251854510401,0.176960505432003,-0.992448146340266,0.480419922204095,0.372600089780574,1.41335792084424,0.403980158856671,0.779746802285553,1.30463378961019,1.38597509082693,0.59934981566513,0.371481053102603,-0.413898495341075,1.24740840699169,-1.11742998381317,0.161815791259428,0.835567678029377,-0.324913762976561,-1.39135771496673,-0.738119600816913,-0.79881828401891,-0.648354871118855,0.325408961441861,0.925117585924944,-0.286173969694981,-0.342955006143101,-0.340307193557809,-0.122651990824414,1.05210885035694,1.81377171780367,-0.734171113115879,-0.000273569365307272,0.438334838411006,-0.38257271721108,0.209770397192732,-0.783396022646322,1.46403582458537,1.16259683251414,-0.602715910628682
0.308818377616448,0.404688183155977,0.756124917229674,-0.14596998998901,0.711373209859249,-0.68948894548214,-0.432343996775914,1.19537868727368,-0.279468600007171,0.25679162146598,-0.188021827309094,1.21203415653789,-0.398787404405682,-1.61861484480816,0.425103419911283,-0.844655248204481,1.34737306888249,0.232980161711504,0.350456617353481,-0.253685088810541,0.784787624230501,-0.273131153908246,0.0933808729761639,1.91923316719529,-0.532793995521479,0.341784792418214,-0.442062839217612,0.570976711832424,-0.963283742477635,-0.243340739969946,-1.63365990449823,0.021725881832042,2.36278138568148,0.742459015949187,-1.73058839972872,-0.557164021985936,1.12046082490878,0.737622155419894,-0.409052280602243,0.535087344232646,0.162554701063766,-1.42920254191497,-0.849981063901981,-0.47937852038783,1.05247762493635,0.370477427216765,-1.12322197384755,0.804429743777946,-0.338723026944945,0.221165626451857
-0.13860525912568,-0.752859263781888,0.136459239083209,-0.0437867514562317,1.12344369025327,0.908421579004118,1.23367024847735,0.924809193700725,-0.909059777448908,-0.513057393792301,-0.290551805164767,-0.339072430785138,0.126690441895045,1.03508663600681,-1.08832166975106,1.7940908158801,-0.96786678289298,-0.371691942616274,0.265729681735776,-1.35488036129258,-1.10981650134728,0.271165382551342,-0.309877372726981,-1.51547153972266,1.14909666320169,0.268077807420338,0.085093651595783,-0.634955984629068,1.97092994038391,-0.0274257493335981,0.225579009034123,-0.269006675443686,-1.57113162216842,-0.909431212769682,-0.60720940230577,0.545649564069085,-0.828402600481665,-0.492298006235595,0.0883252498156468,-0.787679925162667,1.09987642649397,0.316082638444891,1.43287557947541,1.20340900412964,-0.383757436677106,-1.37991284161808,0.515584988719247,-1.8782114234985,0.0611689598892799,0.693307761054988
-0.0154660423141912,-0.874987676717574,-1.26730156054268,-1.2646514201511,2.0241836731121,-0.716844425011322,1.65810251936784,-1.94350995252678,1.52796097612501,0.53911502400449,0.357869280476809,0.637402426514421,-1.35067198795047,-0.435132142792241,-1.65072785996002,-1.56264858631398,-1.22723497203592,1.45586903607982,-0.148187077215629,0.644072101103154,-0.938755454377032,-0.0993604028786201,-1.46180659201775,0.149010012534921,-0.834141946483663,-0.617621550376373,-0.176037831198755,-0.981517619248113,0.439294072350972,2.49867330971996,1.74608704360732,0.348067802469738,0.807251323079663,1.56872785428758,0.225184720753176,-2.21254694757036,0.881713475141117,-1.93332372565614,1.44221214742158,-0.204191196681153,-2.65775316989442,3.97149042654748,1.58949621627161,-2.57243596547579,-0.688389397214312,1.00295878956609,0.49179471487387,-0.069142267541279,-1.50373730378344,1.0810428095931
-0.63647611390651,-1.57364519249111,0.0602443600285748,0.560120934520384,-1.04563781866502,0.957195620695716,-0.639123329130658,1.1166564160777,-0.336496170930995,-0.184838283839743,-0.341456057974182,-1.0963332975107,-0.0725247584361639,-0.601837731806689,0.515778189461194,0.771729786562078,0.452318557133001,-0.410028030014229,0.768175527968207,1.71629089765599,1.28962203563183,0.195547650898791,0.85235536706532,-1.27926975394632,1.2390474398182,-1.58079404086897,-0.415207031004494,-0.211471163209127,-0.195189957925784,-1.23678092058173,-0.428448077559065,-0.823434577014276,-1.65604462430477,0.392031865325077,1.38012966616003,-0.00886119481143315,-0.230101438831862,-0.304050327338011,0.589072153446531,0.486079753309665,1.8244428235374,-0.371767515212749,-0.469045344332413,-0.363145674264077,-0.55562235451093,-0.190347749642216,0.451994438336951,1.70786769733489,1.86407757693577,-1.31237477988014
0.209320648152139,0.361146752407995,-1.45641360304282,-0.210770241759072,0.733511243376183,-0.786029285341793,-0.15292198547092,-1.32770033224259,0.418811890505752,0.712315818950791,-0.0135935529265307,1.29501534307372,-0.867751517331338,0.0316771379339262,0.265247310924328,-0.725512040689231,0.832689435178579,-0.296156779312334,0.00106306289038202,0.656362950610445,-0.481528768456898,-0.516023971436712,-0.83961004059558,1.73687645959236,-1.29353567569271,1.05127369078596,-0.963299671334766,0.821935531929524,-1.53755680710119,1.88804652571945,-0.31482280535002,0.578878670393243,2.91398461539504,1.61925743788205,-1.20880957541401,0.101483896561302,1.15029733873724,0.380559773980047,-0.0247938725467967,-0.173848260167745,-1.69321125741297,0.21152675020932,-1.14573111718652,-0.372813033772603,-0.0429622830629959,1.31782397367032,0.98247558831146,-0.348778890664,-1.17363998987989,-0.45534669708549
-0.0986352848808616,0.288421369339521,1.44085515618727,-0.669290780797396,-0.575460813813152,-0.202927516408851,-0.525499033254781,0.762886287198429,0.307651286505385,0.0971528925534339,0.043142994615994,0.273120411714253,-0.280804042517247,-1.0231666350005,0.74745877637616,-0.469247766861375,1.54271472349754,0.585966909094184,0.082754331531313,-0.096784072300441,1.5494694022439,0.537370466910216,-0.018678534834411,1.63036107400547,0.0638707336303314,-0.170411044769529,0.573542225075993,1.64624453557981,-0.623319713141836,-0.909157388440112,-1.60940090845727,-0.284823120929602,1.82415339009899,-0.193989363191398,-1.80129532933035,-0.216102881366516,1.59340661693285,0.681607761070285,-0.565621684327995,0.719987096234275,0.846305746093254,-0.981017051807893,-1.07238831501627,0.507383047305404,0.97901989689768,-0.294284798813834,-1.22953650163495,0.698769423349567,-0.0715058056018256,-0.173975633271178
-0.567345354958848,-1.46943395584908,-0.0362418459727993,-0.0283942825415918,-0.319129405401298,0.819639636738867,-1.1974460834578,0.964338680117097,-0.540943426119016,-0.30163928007326,0.121606276290295,-0.988916072818509,-0.00253687272537885,0.0824630781275909,0.580095513556015,1.53239369337396,0.410490223026208,-0.847555817098006,0.273145644899689,2.09423838059772,1.70687588213639,-0.331958568133093,0.914919824673662,-2.06184816805966,1.26753461523122,-1.60462923845348,-0.779423886656211,-0.646517254696957,-0.247230073545532,-1.36936536628311,0.138728584687133,-0.80196318288578,-1.23370777123277,0.157126823524398,2.38168981195352,-0.198149493649378,-1.31274823258061,-0.38370318743967,0.407067182011626,-0.0847174538713693,1.96127059342684,0.0101659604855388,0.229154937191934,-0.800445469381194,-0.970881525703028,-0.143138927891338,0.0508296060026602,1.30418232761831,1.46854714012716,-1.61584537600035
-0.169024859955264,0.22952446165414,-0.25953032787138,0.126717783366952,-0.0987112464365952,-1.31285673483052,-0.941168968036392,0.296654023290511,-0.535455397484127,0.608119761535846,0.0812080165128683,1.41196530227586,-0.326997204425551,0.283870325191724,0.341438151029067,-0.616824449099159,0.619942571915303,-0.132566139688559,-0.0235885958089249,-0.60881697031038,0.755210665857034,-0.449097108074593,-0.0705970140268893,2.02058469024141,-0.708278731391404,0.586606721959703,-0.289814487600459,0.627810264221257,-1.26646375915119,0.862318747469623,-1.52806433106501,0.483589440401237,2.77091509727125,1.05004594595509,-1.31009035362885,-0.856812235631546,1.05568255620837,1.33989120839986,-0.211627864330003,0.455729139703655,-1.0142316382168,-1.07036689622713,-1.79241179779035,-0.737032879888701,0.928777482627623,0.653034636896854,-0.544454911989255,0.445119124681353,-0.244924976867851,0.125774078473881
-0.812597294547341,-1.78670507194729,-0.478466413762456,0.276376336754128,-0.870924073116584,0.940808651915671,-0.886838549221687,0.646989702648851,-0.348000556293532,-0.54222521207653,-0.0040181775721774,-1.11568112522264,0.4250110615607,0.143283006979758,0.917869026093309,1.4258705433481,-0.577319968516841,-0.798193695532091,0.317597269133322,2.17326048506124,1.12545422335853,-0.427038756702634,0.687044836307402,-1.60275788037689,1.47184025632742,-1.5853001849953,0.0460226915198779,-0.507048409831086,0.147223925700059,-1.66976391547335,0.0425995662664581,-0.512112851463383,-1.82127764483388,-0.279659711660153,2.0395381065074,-0.744007737639031,-0.870330969418924,-0.646308646928992,1.09949461035346,0.546501971910222,1.84641406850255,-0.130029376759418,-0.427425574635226,-0.171952998488408,-0.853363068419059,-0.468664839579296,-0.351747089771321,0.849263755547337,1.35331998344683,-1.44658520903951
-0.836422388314734,-1.2970526535638,-0.171401777978756,0.478098178789632,-0.868092329966705,1.19936784384346,-0.430586405008722,0.511413258557824,-0.609715184401014,-0.704430040110389,-0.0250195978333208,-1.00061754191513,0.225504163668796,-0.330713905074305,0.271347767254162,1.04800435541273,0.0492340612429406,-0.19229068313906,0.287473357256765,1.4466952056076,1.72705060786888,0.143182605942275,0.547594844210617,-1.06302120189153,1.01745071134253,-1.59403252473604,-0.0815683886544156,-0.174476619807434,-0.328659898906276,-0.804630796514524,-0.100096223585885,-0.838303838782944,-1.15606608549003,0.254938578901273,0.911125050540062,-0.560113492533054,-0.59432846257494,-0.0933599419785575,0.345956647279896,0.466007251811108,2.23331338902187,-0.194827789382153,0.224100756890684,-0.190202257473346,-0.508247488551561,0.129406340623568,0.131326770202676,1.51345256484838,1.33387623048263,-1.20116443139601
0.26892090746679,-0.355714727913703,-1.28966001980058,-1.0917855895962,2.44968665704306,-0.459961201321809,0.603094818873274,-2.39451976430186,1.23234580659046,0.875791334587027,0.051399542172699,0.624395579751265,-1.83718579797818,-0.839710170358881,-1.10470904467456,-1.4660596488627,-1.18191499062294,1.0383984543113,-0.254907670578907,0.823006584770895,-1.34828398706848,0.135274401690177,-0.914745384547726,0.228117853682495,-0.798217452706124,-0.0231706397671406,-0.342550156548955,-0.423090718063695,-0.443086679885336,2.723935170754,1.79342807873194,0.62378702096125,0.69375768618557,1.72228329951782,-0.462084330067215,-1.37060210408917,1.08144800338265,-1.52549880910716,1.9653038079228,-0.29351535748438,-3.47564694523041,3.44769020738867,1.01630234089845,-2.13077288836674,-0.93485973130412,1.96325415518224,0.814662667620036,-0.106362916641998,-1.44550594172335,0.230647377890606
0.39498952893259,-0.174436316271398,-1.21041725909114,-0.713904083176593,1.83887135653118,-0.781931642690732,-0.157985092628553,-1.70427078930668,0.924173252224211,0.545681444791256,-0.498700713856213,1.06322857928017,-1.30713221342364,-0.267587188884208,-0.609495204456685,-1.52714596055549,-0.846262499214148,0.658783721843454,-0.0986075642689145,0.724917231411712,-1.5160320478153,0.499103877247295,-0.874785606806272,1.01315829979522,-1.71475330663379,1.37575582040199,-0.70519023387465,0.18633375446017,-1.24678850699588,2.17124621326065,0.431930645310449,0.370605311949229,1.66497463735454,1.46504663334047,-0.673230094842224,-0.03231483926192,1.0253520860233,-0.683525988095377,0.612921622348992,0.308356085456182,-2.27064149306721,1.31875902418654,0.379698735867565,-0.732712441064051,-0.965653166250978,1.45296445789828,1.86277299937961,-0.0177206915222776,-1.75564978313979,-0.270367002927982
-0.435481753341167,-1.66600346779302,-0.0612841292837186,0.299456859674462,-0.438150311935955,0.930850425428065,-0.0855284501513653,0.760672985305131,-0.126488757382513,-0.576584263634491,0.0135808072454965,-1.31312465328983,0.0219149906129283,-0.0131338707780473,0.929813636598718,1.55224028576305,0.0134797867285295,-0.538037620707122,0.980293717300487,2.1273683813959,1.16110061727091,-0.466083429400958,1.0188417147437,-1.30751290812046,1.40330593558541,-2.03674999846114,-0.237377442698824,-0.693778025709817,0.307623213444776,-1.00820844764437,0.441841823580308,-0.843210534359456,-1.47368783951808,-0.100202989080741,1.42498231025458,-0.152763731557186,-0.862979583834822,-1.03629797171023,0.886064788963282,0.391513757577815,1.62352470508169,-0.182571771958173,0.124058575044771,-0.417847804005162,-0.874065266675909,-0.212493864362306,0.454949636940735,0.687867166206216,1.76204037907373,-1.28879537091618
0.198959368163135,3.06322926683001,-0.92108642961738,0.806566785084058,-1.30599555957793,0.00704170884537668,1.34317929156891,-0.809510198785083,0.519225309006139,-0.54514136750572,-0.0870469123904188,-0.751042690927154,0.173139200763881,0.617607773245675,-0.182790318562697,0.181180095122568,-1.80910312310891,-0.203812280565166,-1.0447113732346,-2.46047668969297,-1.83770654923974,0.7173947304439,-0.0188456496512707,-0.787221799492649,-0.316581374127896,1.39445330070041,1.03559936637666,-1.15337484282767,1.96762492021315,-0.34566061505156,0.161930471425475,0.408800263036792,-2.19377500060491,-2.45158521365331,0.469006929523304,0.524760607840008,-1.43659694712486,0.547954289078621,-0.499136524322126,-1.35377431216987,-0.894974916753501,-0.433635890325468,0.800064970196489,1.18265406845172,-0.105901277100174,-0.947153356733354,0.170132289854033,-2.24865440276349,0.063907089983791,1.48256908334327
2.10736892004832,2.73242791838281,0.0126388085244157,0.173349134201354,-2.05514939439351,-0.974956174851649,0.22145589378805,-1.51754875625006,-0.0672226587087677,-0.104488855710138,1.44521074515972,0.089209278036188,2.04427869159403,1.9868058594727,0.690342842570789,-0.582297407433215,-1.94122530406614,-0.320546720074297,-1.13696271729079,-1.63146745238586,-0.969688318886319,-1.69058849330567,2.18335716004523,-0.529429213558593,-2.34836024824245,1.35090835518803,0.323482282532496,-1.64644794781468,0.392268374953978,-0.783115601621816,0.553299219451617,0.930147304033408,-1.92261152463058,-2.44104599704338,2.4858329120128,0.406019054832955,-1.4262785798168,0.979808551333429,-1.46435099101831,-1.23435690847451,-2.41292290736722,0.397470843963792,-0.513426281764282,0.450864148557822,1.51476282375585,1.62677514319188,0.158885879039582,-0.960446663860867,0.157111998586675,1.20566013092776
2.7859656125086,1.5815359998089,1.55889398023289,-0.48109777757155,-1.13745425089658,-1.24720776054679,-0.366092272590041,-1.20598284398848,-0.17199636805297,0.297231598837674,1.36026963403777,0.0438379653121906,3.2216388542503,2.12387902446161,0.218583921916338,0.460013630487265,-1.64333200295219,0.0257763523118174,-1.4033633483286,-1.26856922173988,-0.995247631276679,-2.02053396183602,2.2446499734882,0.127158114646135,-2.41074846102559,1.75605935831557,0.0730064102834153,-1.4402810658173,0.0324387508250301,-0.192177292264934,0.833052994429575,1.98635474912254,-1.7950384410958,-1.83894886994189,1.69871169008314,1.2408743119345,-1.56280433683956,0.824397325834305,-2.09431224302132,-1.08563580912204,-3.21916798293822,-0.329035812907808,-1.23158039940115,0.178028502698611,1.93738772423784,3.01074938432583,0.547060773146715,-0.0401552395162905,-0.281283653249532,0.663741129864159
-0.695554989147723,-1.16739242639401,0.414074919962853,0.226602973093899,-0.951437171895012,1.5658215383767,-0.524583233180664,0.207821852450923,-0.350608935453569,0.0705578163930941,-0.377675630256415,-1.11495601998684,0.35700766153097,-1.10197551051376,0.98537487453543,-0.0613603304130844,0.7878861981554,0.0157372988164877,0.0819797036965169,1.55083497540257,0.986233217337535,0.517376478022557,0.274753048400439,-0.871558107372371,0.949360282768463,-1.47896091059876,-0.0306995245709779,-0.103063469324041,-0.797339069795543,-1.04700684472933,-0.779657865792357,-0.38813795370326,-1.06738252152802,0.373387591232755,0.449592213120226,0.190600338933522,-0.0267182411655402,-0.37081650367167,0.08393353110146,0.937465446602489,2.50537888666379,0.172098888720377,-0.34291375212065,-0.00840108920063781,-0.190723214016474,-0.207909163688746,-0.845301523232902,1.61533506712985,1.48960084751834,-0.98953767707651
-0.907416178104385,-1.52749511303126,-0.654032929982218,0.0842906445682926,-0.661544760179274,0.744857946717291,-0.245204719954319,0.647969642571485,-0.795371858646092,-0.366578992878918,0.578926663635443,-1.04810072127835,0.209681652668576,0.585098573549473,0.366332777247304,1.49376405395643,0.284737744744279,-1.04506325070676,0.23279345986176,1.83761335699434,1.13082526710285,-0.384854659726331,0.902303492011687,-1.80884664279359,1.09550761812583,-1.86467481267685,-0.681241822864826,-0.524271419863238,0.712244881698511,-0.68370592181268,0.212795960942585,-0.501213933641435,-1.98848528347107,-0.236418544782487,1.46485430483233,-0.321981603490591,-1.35580879095138,-0.748308393686127,1.03776028250991,-0.146424007904406,1.80002861236648,0.218875882904779,0.0519270655837976,-0.608726793595323,-0.617498567896907,-0.679404916968216,0.881085340171824,0.468603268439598,1.39634259149345,-1.28314811957007
0.0246673546979342,-0.526005540393757,0.389076641227052,-0.267419812724589,0.339177832251653,0.0377954435418605,1.2508572924018,0.695611434664774,-0.639387495905068,-0.584143764967564,-0.325779052738459,-0.279028007563496,0.732161392546595,0.909959429531857,-0.671463408804997,1.62565035210734,-0.710941818721502,-0.256970846648784,0.254620140586166,-1.07169343793799,-1.08192990692446,0.135631009347116,-0.682775633761807,-0.963551454431353,1.22730476399055,0.407686226342887,0.474391389902861,-0.595128515406277,2.13207708455169,-0.69056472708808,1.02394579713615,-0.370169990340366,-1.53881753669947,-1.38234486983972,-0.440794722693094,1.01891490522539,-1.40919483058223,-0.391376260099064,0.391062808296817,-0.593458076957646,1.17898122958405,0.393076064618027,1.32564645246353,1.14564955381072,-1.11932611382135,-1.92509688430532,0.764302273348563,-1.96512459552911,0.384485736485763,0.0616761329857989
0.912048691476809,3.00410314813321,-0.377307828139871,0.860965401210152,-1.67435325182961,0.234091986675565,0.145627179203043,-1.41806536337069,0.393513178103876,-0.13097209364263,1.00760686147806,-0.423475860473959,0.56829552256417,1.48746723639269,0.464272702723011,-0.543179844767367,-1.90375174623524,-0.378064442946012,-1.79298187184487,-2.28616044936553,-1.56603742052239,-0.0546616027680113,1.48353153328078,-0.760047151618092,-1.61422094631516,1.35266474933336,0.404406490504342,-1.43824702852989,1.24248812024006,-0.144815883809944,0.159456585000884,0.578748520012596,-2.17956735723891,-2.44922525257521,1.86642249100793,0.593101563333818,-1.78666259764149,1.38587299053621,-0.616804506225236,-1.3765132117133,-1.37249021097666,-0.322969855079095,-0.356748091864018,0.527965860518186,0.550149341640445,-0.293633601177994,-0.293725204618017,-1.36511879494419,0.604426840382807,1.75250081737642
0.507109705383705,-0.21524384802769,-1.35657002261345,-0.240499749038636,0.732760121276321,-1.49836804553697,-0.511809452103014,-0.784182106911051,-0.367092630013417,0.154987746743223,-0.0560249136887781,1.52559408975468,-0.817244826484594,0.0420593925592793,0.181889670379739,-0.785114979405323,0.508046307286552,-0.0891028883277277,0.108382475650761,0.501904812122838,-0.670213609899839,0.102005300973253,-0.428542722232048,1.16508344212383,-1.02372450283948,0.732970728632046,-0.650526233224506,0.575809938016226,-1.33582932544867,1.97479473414935,-0.486174908294686,0.73792678013605,2.6923416212397,1.08980348164529,-0.834696972866419,-0.22663182408057,1.1556227522328,0.521498415858091,-0.100687079883648,-0.305376638063348,-1.80603219662996,0.143308998893788,-0.800000150075154,-0.676748834931475,0.109430552807066,1.02292343619901,1.13093805069134,0.325843193916128,-1.51791491585169,-0.310187074199936
-0.620320172283464,-0.959020260517787,1.10343232286948,0.0933193444907173,-1.01738326677007,1.11646023561636,-0.518089560365778,0.29418883667937,0.169451293035015,-0.14457418902495,-0.636521768156675,-0.755803091062531,0.266535651612457,-1.18721407048465,0.512474099933419,0.0260905695631304,0.555935220582544,0.350673480832136,0.828625290304969,1.67501313535453,0.919067912756692,0.627564922789777,-0.0186552546985366,-0.492945434015164,1.15618180066227,-1.18328945539408,0.0361562241431445,0.758248261180824,-0.0941398118280519,-1.50163703420932,-0.85123987662589,-0.954989791576806,-0.348164894513041,0.469336448143367,0.701233431600443,-0.407202391705323,0.537397088460044,0.320312011429539,0.354433214786582,1.30465517848309,2.36944022922072,-0.589738067426242,-0.342504221335657,-0.0112210467987034,-0.0623909426303056,-0.370107525201437,-0.408401622437455,1.48831279849087,0.860571727580255,-0.829001896028445
0.0109744639399236,3.29711888194975,-1.04868621045531,0.952979863957484,-1.07310658035248,-0.195584289315971,0.38563663500948,-1.52518913990567,0.355100185370811,-0.743015680467104,0.821440130763988,-0.453785572754777,0.584047503416104,1.17831383809301,0.76620174731554,-0.609078731594711,-2.43944071835427,-0.453236768851724,-1.27988313699948,-1.83082040819691,-2.04902694206229,-0.00767945987161565,1.0966825530256,-0.643296998014435,-0.768743561085536,1.5443314269857,0.464213909094969,-1.30892276187976,1.29390902443004,-0.73166851014598,0.337243157979019,0.291147358146913,-2.62825650496685,-2.69787527912324,0.83724835001687,0.502956615120934,-1.49752384370706,0.894950647996336,-0.519877105123941,-1.36526255837422,-1.21504437621336,-0.330568433786891,0.20859176600502,1.00554456339831,0.41531619048827,-0.624016786132084,0.512008509515962,-1.5415884214003,0.342293110835888,1.13644104639481
-0.427497402134439,-1.18246887752349,-0.824878763807857,-1.71413161309681,1.87022275265882,-1.04353550394291,1.61502634938549,-1.81316622703344,1.49458652138209,0.692120445986714,0.254697973526931,0.331226126240954,-1.82142597669566,-0.488484747910278,-1.49670049067406,-1.16616071329199,-1.25835830628031,1.55856008571715,-0.373905491781412,0.733191310081833,-0.356340659820837,-0.771253693373128,-1.12672485567182,0.751871253245288,-0.291421777746301,-0.59896462391175,0.00296503086302729,-0.984898662491219,0.409919456650071,3.24832420105512,2.10048650360402,0.6244432883322,0.730696447802723,1.40986848623655,-0.0368065037520907,-2.62791660531487,0.884741493511894,-1.89820231809359,2.48780090179601,0.0741391331145591,-2.37124964202761,4.37221274245677,1.95815036931626,-3.07918242146742,-0.411316564142513,1.07116072065834,-0.53626132660128,-0.589001156874579,-1.55771928350151,1.07555507890722
-0.862468250104398,-1.90850412402053,-0.548551758427377,0.515800793853952,-0.285144985136445,0.620023100351614,0.00317404559163562,0.512272064127619,-0.0450360728770706,-0.523248693293592,-0.258231864046351,-0.643374544961245,0.928876071844431,1.19241823037089,-0.374183310579604,2.2599610126225,-0.130557057221569,-0.336125045622179,0.188186480625523,1.1807505986407,0.500218925611639,-0.399009586227252,0.69679848285778,-1.90485331785906,1.33537322680831,-1.03216797350696,-0.387666937846061,-1.23965233662758,1.43303253082307,-0.690419406420172,1.03267061486776,-0.73252000088504,-2.14141026817682,-0.47120452927938,0.654170242067243,0.441240942027775,-1.28557088085793,-0.707058277630586,0.64823515965064,0.0127990445170782,1.47485408884345,0.507138486986101,0.593416856755459,0.179510016289615,-1.02670062922189,-1.1807085764334,0.876669059632955,-0.443956222797616,0.588118811588161,-0.770718585351318
-0.134667034545759,-0.0339920712023593,0.356347563703573,-0.52858424058485,0.385066689198381,0.395470788955147,1.06931381303397,0.800443528580767,-0.576308181012546,-1.02151739085822,-0.387831024170029,-0.267146763540576,0.350248388327474,0.683320023835782,-0.630660756018822,1.69465144844159,-0.873975924712557,-0.204112606473857,-0.265202167223905,-1.18869707993021,-1.04530927893625,0.256338329209237,-0.0390710659199912,-0.720378246301924,0.689615427782266,0.331772918129807,0.279811750399819,-0.501130108772819,1.98408032584515,-0.645578029253325,0.298957374382068,-0.493305750017953,-1.86482892334057,-0.836974849508321,-0.652851743902355,1.12632228168536,-1.0534815270063,-0.880849581648723,0.0808207656950829,-0.796234912314247,0.710063834212022,0.113570206567943,2.19732705231716,1.46556617226565,-0.67326307062131,-1.27814064196145,0.174912102900306,-1.44891438455453,0.211806660845143,0.290906970389912
-0.662696402991359,-1.05525201997485,1.04570113621573,-0.0100654331850696,-0.63970854254823,1.28985455200804,-0.720144115275281,0.979711739745341,-0.394128981428628,0.0380460523567632,-0.0229090356017839,-1.14588802400602,0.325668233592258,-0.57426287000523,0.505433989980248,0.934457246815098,0.854480409554535,0.517154167392134,0.339263610882985,1.19847963300629,1.54309208261649,0.667204948767541,0.426280366442155,-0.432710726906325,1.22458161366446,-0.969068388618842,-0.173716528605142,0.319378514889614,-0.550331566508785,-1.41200747809662,-0.356731972558936,-0.610544992446837,-0.730956001975286,0.375394861484756,1.04446280857967,-0.470830291784091,-0.00517269331863332,-0.467016743613383,0.107961108549126,0.62070232691229,2.39533980927727,-0.394410116937642,-0.0803624993243746,-0.295842307388064,-0.597781661234989,0.0335990014693381,-0.0236419534074803,2.05250098817234,1.04064735614078,-1.5585032405127
0.323028326193111,-0.414033936189527,-1.77486451071147,-0.307539492307654,1.08402278573507,-0.883362633542042,0.359297410540064,-2.18371942992719,0.542815763909155,0.697814391964717,0.144057750166805,1.04863543388067,-1.57339653066427,-0.403439325332395,-0.495912546901096,-1.48907191380055,-0.318918807716114,0.556785823313525,-0.33854032658155,1.02558505766679,-1.20152149765224,-0.137727817906712,-1.69129871379766,0.858774205061814,-1.21301321331595,0.366353773632356,-0.168137561827001,0.364333149274377,-1.12321521011174,2.43313791307738,0.673095197113882,0.188440070546461,1.7496593770161,1.66411800422874,-0.458611540419981,-0.219291897011528,0.824651928520915,-0.71219859789979,0.000158909348662341,-0.53312632591108,-2.88246509178156,1.77712552613967,0.519367668310979,-0.772651255585255,-0.588989658371445,1.48295514247248,1.26444438649262,0.180194245853772,-1.26241179548288,0.396680110471137
0.452313884948508,3.10480621475969,-0.594997167763828,0.987590719560478,-1.68008282799598,0.583766896630655,0.676905890125673,-1.07061374816846,0.386799419982482,-0.458785569370751,0.437915336743906,-0.60118012195383,0.529736006525606,1.46777120706892,0.3383636220143,-0.10070021799795,-1.88456511640447,-0.890818005321743,-1.6662796553675,-2.30812842282297,-1.33886292340979,-0.0767051100780129,0.59704475753148,-0.717008706699478,-0.73446373828989,1.74033734684403,0.800258783544522,-1.29915666798976,1.25556910181497,-0.932313384722307,0.561273111047806,0.674404703902556,-2.18049388423027,-2.60506133330505,1.49748267714977,1.19399831148076,-1.48408894030531,1.1442310545959,-0.205734970659905,-1.07494278574399,-0.885412703280344,-0.252759210734575,0.285985352449386,1.18329180821611,0.00351879571357285,-0.672592469209994,-0.0431878945180313,-1.537058836855,0.0008487738185687,1.26343962292836
0.319735121876684,1.94643754975623,-0.358539838348798,0.707370580007105,-0.75704953224421,-0.0902935032568868,1.20261220495905,0.029551648137467,0.718275548565605,-0.368260577496078,-0.0969277768262909,-0.576650079147653,0.0174616120692626,1.15000991329107,0.117963475170268,0.423801143254666,-1.53267781560904,-0.21949084775414,-0.925816470980271,-2.09362178005146,-1.82253536117287,0.659814702425792,0.0491530126606056,-1.06419863490482,0.346002173100573,1.29660330767398,0.595058695679875,-0.773466385678964,1.98106728332478,-0.224639153961729,0.716239427011628,0.578506841401824,-2.23264079332221,-2.42848399990642,-0.467538238216353,0.85960090937989,-1.30500873050995,0.871938415590388,-0.207397623098634,-1.65946989380759,-0.27699758463015,-0.271818665272142,1.43297654747027,1.54076452408537,-0.074457237963145,-1.46731409099822,0.133246865238112,-2.27678654505765,-0.698520200048095,1.58046844532778
0.223909398231617,0.0760600990691929,0.775542453705292,-0.122406050890659,0.548746404471471,-1.21342282938573,-0.440516210655498,1.21946766933398,-0.506876033101508,0.442740899012857,0.692982346966191,1.08046619445726,-0.373538323438017,-0.293016547694107,0.260827544498239,-0.638692232852095,1.45564712922291,0.136932845948722,-0.167867043502903,-0.972336129482383,0.894152094539331,-0.31042684314975,-0.393429671246271,1.31280990176776,-0.30210132715208,0.419301737948523,-0.328947176886439,0.622357678205421,-1.27487029113451,0.248469922217152,-1.11007689914399,0.286236644078504,3.14822829748089,0.862298679905329,-1.11438481568576,-0.226251062696004,1.18724900279807,0.953994862712073,-0.48591661968262,0.501317397258749,-0.243842381131615,-1.07893329908877,-1.14762173328911,-0.855709325652113,1.07517415093142,0.179565981282464,-0.173493237157279,0.379994142462959,-0.277343883045503,0.461991193438092
-0.823239209955378,-0.757462725317448,0.510858416345809,0.315565017514141,-1.30718724756412,1.36007264241337,-0.892676099975238,0.612634706090049,-0.313865584134744,-0.034796733167052,-0.387172832676001,-1.2499330950184,0.293603401329172,-1.06016088579252,0.174901063776179,0.304123846153591,0.639469393472183,0.734555823455844,0.486811711742499,1.36434620017314,1.56118139227498,0.570457246412336,0.0401318251734805,-0.795606347943381,1.18450031036342,-1.50158515785042,0.385529453442434,0.704780136703447,-0.600877474159481,-1.51569032534846,-0.530448996191542,-0.608835429540226,-0.736720590946746,0.272507847157802,0.864842751016861,0.228503474640501,0.0561306282830839,-0.394283867797191,-0.0974674027900888,1.07134323307547,1.96556693998786,-0.279685583065393,-0.0629457536152745,0.341808281052554,-0.124536719509434,-0.63538754958779,-0.21398509480007,1.54105868671363,0.973517273722625,-1.03746372141027
-0.127903221655658,-1.89516314999936,-0.47534603441069,0.0366120658655102,0.0821267330050678,0.15329162534466,0.339183351290707,0.979556824082588,-0.494286808317642,-0.482980038315561,-0.40812440312684,-0.311919932252223,0.391376499479703,0.21353082031681,-0.522881378095062,1.8594727754827,-0.108992544433085,-0.811719943156671,0.242352604731977,0.177474861436327,0.323048417609088,-0.0610806023799836,0.0670983875069648,-1.75813954069206,1.40716575763645,-1.1308110183998,-0.25854330783722,-0.865742647400944,1.60146790876507,-0.707702141762143,1.00754383433933,-0.724163276626774,-1.77427446612515,-0.506458143484156,0.305248368217199,0.491350655810631,-1.65959128718296,-0.563440383339915,0.639930320292804,-0.928260072703183,1.20274594098706,0.560765727337458,1.255675151636,0.100013020040233,-1.23652851398616,-1.63481903556147,0.726224814009902,-0.903792657944114,0.731988472305243,-0.0615414090652641
-0.289033161144978,-0.954795307817618,-0.853348522284953,-1.08399102612252,2.09082307700027,-0.757532866443582,1.57572949588624,-2.2497548485396,1.55758422316132,0.856106665914333,0.497241721363945,0.511514229313909,-1.82846804601429,-0.0879977375985128,-1.04541053923893,-1.27580973628024,-0.954305612000507,1.00143280018676,0.0277780691551441,1.03287115735017,-1.19481430151717,-0.197691021872026,-1.04916931993384,0.331099243446227,-0.929682059457341,-0.748124236114179,0.301374691228277,-0.704287907944703,0.410167691615811,2.77708305959988,2.1646391410538,0.302140845036598,0.555054650458424,1.44832096251758,-0.292026066784639,-2.3939025618145,0.546218562210265,-1.99525713066787,2.30551006714281,-0.427345588024779,-3.12579160052829,3.86129123767838,1.04323586467912,-2.90062946016796,-0.609299560326444,1.17457587854809,-0.0757796789194882,0.163513878760924,-1.62335125775344,0.738571783331775
