"V1","V2","V3","V4","V5","V6","V7","V8","V9","V10","V11","V12","V13","V14","V15","V16","V17","V18","V19","V20","V21","V22","V23","V24","V25","V26","V27","V28","V29","V30","V31","V32","V33","V34","V35","V36","V37","V38","V39","V40","V41","V42","V43","V44","V45","V46","V47","V48","V49","V50"
-0.444385296788712,1.10955752341718,0.19399308774822,-0.310930465408455,0.369942901829189,0.505947344973344,1.47430057739282,-0.0174114056667148,-0.901877924552784,0.553487853489154,-0.588927815882171,1.18895806443753,-1.2633440143884,-1.03951781458077,-1.27007975519829,0.490523117682861,0.697198398478812,-1.28621708081654,-1.44827988335907,-0.56486529597176,-1.93257450366009,0.0858695581872645,-1.97388974666757,0.151228782437752,-1.45344639198528,-0.799896278391822,0.6138418483901,-1.44789563812582,2.21625934603927,1.3467566803106,-0.027177386155229,-0.619433708573318,-1.82824206322067,-0.738182958579829,-0.636370196624058,-2.2736881141775,0.222007221641866,-0.0121155916995062,1.43256041909898,-0.0961857359451803,-1.08526975256063,1.33522040608062,1.64245496745739,0.535579700547812,1.30628427095151,2.18628752425326,1.85479813223219,-0.579934700116191,-0.532319410001041,1.22523301938851
0.0525614409531998,-0.439245801394661,-1.21794524011721,-0.609223717965666,-1.07094435883096,-1.25306868079519,0.0552804373447594,-1.00470224544156,-0.674613289956079,0.0560227051770106,-0.902921367826838,-0.668044994290054,-0.241073143672192,-0.663550829765575,-0.0560852612699029,1.05324994219134,-0.514347498484794,0.156099499494403,-0.56278510040104,0.355504359240366,0.971795939343295,-0.748682623329261,0.830042211419211,-0.520811811298133,-0.795155048105175,-2.07920260970169,1.43633975064975,-0.862286468564555,-1.41314685617986,-0.269921020639612,-0.870469720310733,0.991860383033138,0.906676631580664,-0.789937868083913,-1.35204812287472,-0.137682237453983,-0.950184623397457,-0.00624984591424686,1.08417873466555,0.664219588644892,0.307676476059744,0.78790365488958,-0.86546674815325,-0.527723902743053,-0.667806934285235,3.01920500397793,-0.108622654792647,-0.25011952902616,0.23092561073313,2.2101934449555
-0.862954583678144,0.882259273209476,-0.216249207687225,0.764131416916106,0.191887036283183,1.01397993246887,-1.62324792579391,0.0293530303431116,0.640310003641115,1.13124354891311,0.851324787894389,-0.499041769238049,1.46012176167278,0.316003880938769,0.645716419800536,-0.266120118842889,-0.553804800916868,0.322608467149739,0.344049707081962,0.628533624653638,0.0104472332873593,0.484982692306061,-0.303081406549378,0.632218181159069,0.654104422197906,2.17758636274532,-0.615304492123843,1.06905470985211,0.438674574126879,-0.731952442145143,0.766921431748991,-0.294335738152656,0.436379969246108,-0.127849547932231,1.54184726846402,0.477952230973532,0.702068724005359,0.458560226365864,-0.806298238758144,-0.113755259962257,0.467718313815398,0.0673564498380643,-0.314893665071052,0.493947692404023,-0.0556267786373088,-1.90414498709679,-0.918500466248271,1.16383287296418,0.454850754391714,-1.08184448197645
0.177402457020379,-1.74071481644632,1.14481546360299,0.823702653107026,1.06720660961688,-0.185533466327766,-0.233501576583381,0.0245261421958964,0.592109670470388,-1.97034880804889,-0.865721400239469,0.659224060420614,-0.184109129885135,-0.398518575043547,0.839905570446594,-1.66400790989936,0.505322188035479,0.710901009633522,1.17057943125231,0.989903717193608,1.3963547139653,0.190498128207346,-0.205865094450876,-1.57490501288842,0.0973489622895207,-0.120611532269865,-0.650593210162993,2.05288609995892,-0.171836462454994,0.187599737961121,-0.0498194054329648,0.906016129856309,-0.324901889974767,0.996120375130256,0.864211484411194,-0.776561824298525,0.435702847175855,-0.107246886016917,-1.73841214325262,1.77157909056551,-1.08077090837231,0.149634739791987,0.823277959072834,-0.489941052534706,0.08778612647302,-0.457094653889037,-1.26946225304972,-0.689312017873681,1.65184993475607,-2.27228871738402
0.0018085055162866,1.05266031327986,-0.0976978769127804,-0.74130022685132,-0.401571559033392,-0.084659956007209,1.24070388095496,0.146483490769315,-0.889088087990029,0.744270528827416,-1.08174413845611,1.15426309396215,-1.1457564931946,-0.825129149472845,-1.3398790254197,0.517455976355921,1.09395559451116,-1.96354688956888,-0.975682475193892,-0.497317959398072,-1.7152295708289,0.210902813868215,-1.6641886546094,0.241183459532791,-1.50008195998125,-1.28354045353044,0.377314511753223,-1.24454962106801,1.56072184005129,1.32441119996311,-0.046282267353478,-1.23717929810847,-2.31486869325647,-0.374619236059556,0.125086695298177,-1.86360354287913,0.322252106393092,-0.393597210353066,1.65380278628055,-0.112686097154229,-0.888953851245986,0.667541482194702,1.9791955334943,0.907429101478166,1.62672771918456,2.21123061941842,1.62434542351777,-0.424522973152461,0.143617991445367,1.31835327258501
0.582742493293855,-1.36102581943816,1.09847315343603,0.756401132999447,0.600583864242907,-1.08915919505675,0.527216075541834,-0.0351065337990653,0.161075617138944,-2.43771561010257,-1.51689834132365,0.692250063181748,-0.379540210900227,0.077027517220743,0.933703265910746,-1.4369617647412,0.602344028579279,0.54390476062046,1.05703063088845,0.436696294070298,1.0843430857492,0.025676520562046,-0.410924448832554,-1.76528367835665,-0.0624305904164165,-1.45642869045388,-0.344161347758913,1.60677106617654,-1.21117126223069,0.0358699527391306,-0.732043348857896,0.947513638294142,0.250804901244335,0.606461695040066,0.358037159091959,-0.101304747922515,0.182706387964941,-0.497425684286427,-1.42864940397817,1.63941813331409,-0.527103387574731,0.104353881179769,0.109855555365034,-0.477869740284933,-0.221441900351032,0.893465490219942,-0.925102676275699,-1.98620219116198,1.69825581812827,-1.66156712567177
0.373081017717623,0.38448155417353,-1.80815648704233,-1.26616839319516,-1.5943578761646,0.409148217615683,1.17701695824598,-0.202024359421406,-1.06993051604889,1.11685466279077,-1.63084067150242,-0.640267317492104,1.05357378668319,-0.716766439285867,-0.921237770139638,0.13517901077992,-1.04318006682424,0.423109145646818,-0.272746799889046,0.162282244757521,1.07746195369577,-0.118554926122426,0.548905166005559,-1.32953541253628,-0.548160372062275,-0.638542090834201,1.39790844325397,-1.2828303625958,0.538481764231245,-0.586972004161359,1.29101514399926,0.113045300904448,1.05203910704974,-0.549832096960152,-1.37887835474261,1.1195963144726,-2.6710752944603,-0.319954308224314,2.02330725241794,-0.321823289350832,1.29239415889346,-0.378864130250947,-1.09537169707423,-1.22178847412844,-0.501753664137105,0.845445936654413,0.181655508168854,1.20732117398532,0.0729424907714277,3.03645590260437
0.0643624699471855,-0.918534925303084,0.762308870792835,1.90077372332307,0.631835757062783,-0.156658681357144,-1.18582404455617,0.541885365043845,1.02318010838041,-1.2333559375173,-0.634578463264176,0.474982534451736,-0.0287084379552149,-0.720298258373056,0.380166592260644,-2.08408918409237,0.815794526678524,0.602780808677216,1.21793842873809,0.585519265999207,1.27251901342383,0.231122844823347,-0.562978440037468,-0.529014034884091,0.235370701720336,0.279670659443168,0.00590172563969159,3.05841307980543,0.790587529540738,0.0604561363660202,0.151790072074772,0.895586218260837,0.143159588744399,1.44672593086865,0.858451079255075,-0.508041248924158,1.011696915757,-0.116312447478223,-0.951961905561854,1.76960713813506,-0.82290877756835,0.124573316351148,0.839589989314752,-0.454965979929169,0.0688319666459741,-0.621325383954209,-1.14055575600085,-0.279310941651797,1.83553806740443,-2.62220672765386
-0.503018562905628,0.749604858223699,0.133220843150463,-0.501517430166739,-0.499104733746402,1.59219549722104,-0.620854335527867,-0.201656178552599,0.128928060989266,2.19085406719587,1.440185720871,-0.856644300838075,0.995884106119315,0.673029311545773,0.983610549002721,0.363178770970161,-0.844106794574344,-0.0232444198390779,0.28485927919786,0.555825510524742,-0.531040443737933,-0.301604243938232,-0.408512593547696,1.54129889687557,0.493801508548902,1.1714870487454,-0.780345377074799,-0.219252962037297,-0.774692552486989,-0.901068804685706,0.539325606650829,-1.22669549317021,0.587502674418606,-1.12906459232139,0.828760938377368,2.00944823277699,0.193521909401904,0.442179901621581,-0.730556013120752,-1.49887641259865,1.56640130563048,-0.481536589521456,-1.01908141030138,0.569076167854367,0.0515453429078704,-2.28421558412004,-0.533655840341768,0.476816433031681,-0.999293847604334,0.0558553681026309
0.330404699618219,-0.877201644841414,-0.35429193550552,-0.321053762821042,-0.668685643241667,-2.50347792026199,0.0398869331714379,-1.26825331899354,-1.32999514036035,-1.16641943296368,-1.3867281795004,0.520033322423411,-0.195773729308627,-0.0279031284381123,0.00672254420769251,0.830086890663033,0.48730032574178,0.0868522940748752,-0.063550290461845,0.614543777052761,0.685265242052224,-0.162767770503132,0.489103119920347,-0.402017873133053,-0.661456801337987,-1.95126458367132,1.66334047756744,-0.113826966395389,-2.28728193927599,-0.156676251608272,-1.70777197221526,1.47355190107293,0.487488442257982,-0.922662518860201,-0.853024256175847,0.142942248486792,-0.18348835288802,-0.478001364702866,0.681642806143305,1.14509257329918,-0.0837555358551229,0.0500233004846245,-0.0305978885159824,-0.692863120456414,-0.913158940755247,3.18746289605059,-0.31348667403516,-0.980469491066397,0.943187027147747,0.694668271622308
0.110977703137594,1.43730146595809,-1.65163382998839,-0.762459797710026,-1.2028837870016,1.28530190587451,1.58270879737425,0.532288837474682,-0.62606740560533,1.1355720033797,-1.39928017361289,-1.44454446480475,0.857781899689973,-1.19591494951626,-0.89910147748386,-0.105161535904564,-1.40432530880475,0.579573487907118,-0.261405166914972,0.483481611875811,1.3646846320873,0.0846122255081405,0.930344414241017,-1.95539067918611,-0.297364048140132,-0.0564168932460699,1.16561767827337,-1.09170216738807,1.2669303972824,-0.985910594976715,1.78520086573545,-1.16292698883201,0.552259871873403,0.183349470892458,-1.60757844660687,0.93817500580895,-3.15295655315434,0.457885146987429,2.104850833299,0.152247908354926,1.84509183736925,-0.446925224821201,-1.43690125261365,-1.46769745470609,0.225544643294599,-0.98149002946898,0.162510419555915,1.25522633548973,-0.237110893060759,2.87540560810186
0.123795436509474,0.633524003212888,0.50118363344106,-1.01192749547375,-0.0819303169276202,0.219337075099783,0.701108630366739,0.636108714296776,0.252002005587852,-0.189977522792208,2.08026007270814,-0.561111023886557,-0.832107365292114,0.81444999787191,-0.490868012125521,1.94291358184832,-0.732161964993769,0.310130709747695,-1.39222674788518,-1.36156736357193,-2.36623978572406,-0.588737135740978,1.05580624698144,2.19565698308324,0.741567700385113,0.311896108887349,-0.68330330675842,-1.79351577049885,-0.0765161520334379,0.81840678657432,-0.0270905215140157,0.12098573187693,0.0929223592549824,0.161464082250348,-0.720349997594501,0.869482577968897,-0.535608664220304,0.0826333169467089,-0.610709284198297,-2.28405042717865,-0.289537610768653,-0.437053095858843,-0.673693607269433,0.539540443190552,-0.207630874373759,-0.168473092711576,1.6973571590416,0.381395509781429,-2.94596683150507,1.23569428699554
-0.445026554515748,-0.145618720810344,0.0857147522277611,0.469373498679799,0.350350188914015,1.12428718840442,-1.49331994635624,0.166543239334703,0.373666042155318,1.45985263197908,1.02501810387235,-0.251110764458699,1.21512124206121,0.299189003097918,1.00485210685348,-0.643649073867944,-0.568156423953213,-0.0768312104008509,0.5957141110863,0.892259177430575,0.0261824025246187,0.269184357752029,-0.440481606567554,0.958542650837581,0.428520191942519,1.73142624233276,-1.05208124020648,0.276257735002972,0.961173041169769,-0.476623432250055,1.14719791795061,-1.2465414961112,0.51611716874834,-0.24213014951473,0.906438123537915,0.795007027967612,0.66025230694013,0.496537099911121,-0.344316879381807,-0.394154814383211,1.03433577549131,-0.363793026382679,-0.242348137449647,0.321197424298584,0.0802224284514116,-2.4678347292048,-0.933417704351195,0.536004227635739,0.72180701598069,-0.675237501836763
0.235838198660378,2.34123902422447,-2.19016968857916,-0.393926985925936,-1.11586809905196,2.47255102649848,2.21581391252719,1.66465961268074,-1.31514453583894,1.54215922656349,-1.59822723682925,-1.99459072467305,2.10712677430048,-0.884298658871623,-1.65659569751275,-1.00513950564597,-2.11131643570152,1.13210391212244,-0.162181850610464,0.916247538135465,1.52190646234796,0.0521023939847065,0.484158098652145,-2.6192748617699,0.907311919982362,1.18769629940672,0.604544289437637,-1.347503084378,2.86236372791733,-1.75573455934229,3.6358326109678,-1.53753223043386,-0.670944069423013,0.971621417214115,-2.04594697730568,1.31354891300029,-4.24023375031522,-0.0101712222837674,1.80406815031838,-0.465710139823972,2.22187338150331,-0.988392036477141,-2.4848028775234,-1.57661061281538,0.514196422235311,-2.89153400102447,-0.0419384824254364,2.3380126934905,-0.681184761003432,2.39106291253507
-1.11482481878451,0.704136677050611,-3.48227521357861,-0.729473688062229,1.60488124913748,1.94377572676035,1.88104032090729,2.17693656081552,-2.40365881912103,0.366026289135772,-4.18019696781109,-0.933203559963037,-1.18373458696263,2.31032489244099,-0.93198789341411,1.15255029780969,1.11343749801715,-1.4797037587199,-1.60829815825777,-1.62405379609557,0.756585947581367,0.989596102758444,-2.29447691575654,-0.229624841136274,-0.876078636755973,-2.48046040692458,-0.293669591638267,-3.17836328088985,-0.384402949501838,1.20482847555652,1.80505067051712,-3.71542403355511,-2.59091614445864,0.682071030333033,0.945355105142258,-2.58380629702408,1.3451500316321,-1.41084897870675,3.71053732994155,-0.975101143499397,0.784585324483509,1.34967443645491,3.07517919998078,-0.0668557237709039,1.26266300838574,3.15478824005225,0.926510603152119,0.181574279138423,-0.0960073155293478,0.313800522435362
0.223887536288389,0.579126381898364,0.460885835661217,-0.7250616000669,-0.457058365740531,0.265384404436485,0.973407783385324,-0.136213262833935,0.55731729671814,0.0474031026436181,2.30494231613325,-0.187795175913087,-0.647710549600965,1.38502307430888,-0.840729733925987,1.83680603862402,-0.984075011446826,0.212515037054539,-1.04624455600874,-1.15350485017576,-2.37367809083462,-0.82462769727787,1.05934655673367,1.93577838907678,0.725188705528838,0.260289319311447,-0.460375625024276,-1.89693259424443,-0.528658649189624,0.647591545787638,0.0381679578070374,0.494518431479588,-0.243099877411385,-0.460606707881294,-0.0750279844372514,0.630050642853505,-0.259823917754746,0.0356585763444776,-0.612909097357054,-2.24263286861193,-0.135140011164354,-0.191776096293587,-0.959236917237256,0.686352940918439,-0.488656564024776,-0.365092790436044,1.37318338151628,0.547827820264852,-2.94793338659507,1.33980798816071
0.238618722197445,-0.995018964043117,-0.522003461088881,-0.129653474629784,-0.826932367347172,-2.04458586495102,0.0111507524792656,-1.06503521284664,-1.27695949646192,-0.430238338490613,-1.697539749861,-0.345410842991073,-0.371621618130865,-0.351136413607775,-0.0131290282678351,0.870607913266057,0.834423826832828,-0.270211753003837,-0.460675883406494,0.480367064659897,0.528371045995685,-1.22183170906687,0.859022020997593,-0.751449240146024,-1.11959049970047,-2.24132124285587,1.37487575355653,-0.0903495586608687,-1.97887784959019,-0.06150306791351,-1.33420065225885,1.29538380375116,0.752548087282809,-1.17082735000575,-1.73744889876276,0.134079195042004,-0.608825622543356,0.131985530508439,1.04215938604776,0.655443715539454,0.653216710643436,-0.0176016424093091,-0.316067303882346,-0.406299715914775,-1.08557152756125,2.77817421787329,-0.336819909292577,-0.794107615755494,0.746375714708947,1.7927840431011
0.573667968410902,0.64349895740303,1.15880735954339,-0.524146677869536,0.0614524272569145,-0.364154674042629,0.788636513281821,0.31481333053118,0.658276349442464,0.345090752018685,2.22373056695569,0.0158358730850056,-0.426955971928406,0.715591997295963,-1.25433702408457,1.94591203347828,-1.09150504832761,0.221789004207004,-1.27161839161941,-1.10475575076569,-2.32929222584642,-0.676458458373654,1.50060186287023,1.40726528472985,0.706896898789503,0.760950939073211,-0.336358906183159,-2.03676895404585,-0.257353673945356,0.319386615590732,-0.0919684943826627,0.518846145518294,-0.332250833459044,-0.185783314240656,-0.799892019027366,0.602093991071568,-0.328179852034024,-0.140781548789504,-0.529739495252501,-2.0058129307252,0.0663779411345898,-0.849432784056927,-0.444920155769698,0.629803256102281,-0.177249874069357,-0.377225419168352,1.82895133755606,0.153971460323461,-2.54930251261241,1.58644724908492
0.842852502538163,0.932748505299265,1.39112854746683,-0.823428445539621,-0.581682806354671,-0.373292795568327,0.777167045705688,-0.554946412863006,0.593359900268925,0.28642300320626,1.14650059191992,0.571203944128156,-1.10487144523957,-0.991955314849043,-1.29142077461678,1.22468491746857,-0.341475129900798,-0.837294578136306,-1.32463533503001,-0.934157209840857,-2.3714618838951,0.0619903857941873,-0.0352647032796327,0.813876096250779,-1.13156167122349,0.38253910426616,-0.102517698124413,-1.95726477652563,1.08489459780908,1.15574832155262,-0.335675877824116,0.257216513194164,-1.25556867021077,-0.461006355218151,-1.09280469169991,-1.26857037238239,-0.330706685245227,0.296839749656756,0.451953456912652,-1.11933426511585,-1.16213268850628,0.200792897153873,0.428856357483462,0.861123995622281,0.156926367603758,0.487881528556196,2.35342788832415,-0.0453507103684033,-2.03624169231462,1.86880943908052
0.53618283683236,1.09240842434757,0.126317761863197,-0.757983960526332,-0.127731714305238,0.201343374211749,1.04960932084268,0.157145676201832,0.556009221469511,0.174101337671416,2.36058651905392,-0.129152274016821,-0.886808212513569,1.10563067701294,-1.39808305461998,1.89427676918734,-1.07290455459149,-0.0458038143831623,-0.830839944787299,-1.71408212685682,-2.50741552924816,-0.699027362631931,1.31220779330172,1.74344412440776,0.590056942335466,0.340696332775369,-0.637251350529396,-1.98834125767333,0.563742993192414,1.10752916485044,0.0597533308602061,0.388692645023592,-0.866792483482185,-0.253953182522841,-0.79725109570059,0.303853899983805,-0.508765587944167,0.129900702565164,-0.381270286761793,-2.26201649856883,-0.650448587047558,-0.409798049600163,-0.321536797355507,0.715706850994843,-0.242066797171683,-0.209881603596559,1.97381848544419,0.809658215425434,-3.05635188117558,1.82349287875662
0.174419237385007,0.662617555396339,1.21083541993597,-0.965514343843397,-0.773373421539292,-0.00189483801003414,0.875972627480701,-0.84274773982435,0.328776527581909,0.281325602723075,0.833196200339033,1.81069411450837,-1.05585708424779,-0.967713121150065,-1.509005271669,0.807667107352115,0.194687097367974,-1.29032550689942,-1.57686762337404,-0.973083423293793,-2.36544332458771,0.541383169338123,-0.083016266730053,0.356353861235847,-0.844821911791848,-0.656114957303415,0.159212454916999,-0.736740547188841,1.28073763219286,0.892433543705293,-0.489655914376319,-0.484179929467216,-1.05934169179207,-0.403872358683233,-1.34645186327677,-1.84519779315144,-0.0149739106760326,0.251446509880851,0.400953639672156,-0.74059294332099,-1.37857459775164,0.748118897442301,1.24735933849003,0.522036910357215,1.33321690396035,1.35396998385309,1.38340235016624,-0.481992138945025,-0.896621229702504,1.62632030871838
-0.0810559155769971,1.78820454762485,-2.22250590087899,-0.540332252238016,-1.09441509801452,1.8280360011,1.51982845260397,0.55961889514025,-0.546774858167952,1.32621567144411,-1.39804473648429,-1.18913187869745,1.55493765538878,-1.36346571493783,-1.27203214306701,0.0625489675949758,-2.07750353452354,0.922452362210567,-0.315502022306897,0.67097397015716,1.66219921427687,-0.459453172150584,0.0877944059403431,-2.20643466061749,0.146313035358113,0.592766349110796,0.953534390042369,-1.51680028007402,2.37758940137266,-0.97949777744749,2.74618516650338,-1.05649151050154,-0.0720082618502843,0.208669188074251,-1.89566423863178,1.27288916188207,-3.52258133532828,-0.246421591182553,1.7821717154936,-0.166384868270703,1.81312746070499,-0.467351843687725,-1.96180706299096,-1.63568108594098,0.436123786186201,-1.42551489970565,0.330766580414591,1.24891611879856,-0.288207698995951,3.02989649466788
-0.777338582063166,-0.685769154103343,0.0980133865599133,1.43215795905347,0.81986425660184,0.322447296143842,-1.48731252400733,1.07189216130311,1.84226231386798,0.220207633477659,0.0775109727153445,0.134565030178732,0.667387417781656,-0.253206226808532,0.405077031250575,-1.11357067212143,0.381472646419074,0.586533726768981,0.800195893421524,0.374239971633825,1.19577944431804,1.05177963221407,-0.441857037061494,-0.603926990498328,0.647850108634727,2.37248213362118,-0.227023125006097,2.07642066822656,1.47727377092274,-0.500854405121101,0.818943937402736,0.240480689605303,0.653312962354442,0.821535712192912,1.40406224967028,-0.277196891966625,1.29155261757966,0.594161786232409,-0.716573577650409,1.18682703263455,-0.400735357047655,0.138617020693794,0.793275871117287,0.198094100154212,0.405396882138865,-1.5642499649677,-0.749404306359168,0.363151041809052,1.53128656945231,-2.24425969224349
-0.654416676422351,-0.146152948171481,0.153014905649796,0.754125425014364,0.771235362164023,1.08862446568057,-1.76594891167093,0.256430223538065,1.43315528396534,1.07997361660861,0.440182259938381,-0.0116239075617198,0.797459365638033,0.362834814508769,0.345310867995866,-0.791859905368066,0.64945390260553,-0.202497613573896,0.692163615731264,0.516056103900919,0.667903619658198,0.675705134264464,0.201328069596794,0.0537807206118616,0.457617305150432,1.85857942793674,-0.4208210245054,1.45540768503724,1.09300275113294,-0.659080590527745,1.09821174804632,-0.156412992679764,0.531164201665957,0.736001582077415,1.31461689037191,-0.53414578369669,1.06099376558336,0.518655757654068,-0.808751733570662,0.704006466268982,0.0600302109814219,-0.316671470917845,0.852636035976072,0.218619703572417,0.230844452946254,-2.28051268483749,-1.00487973155264,0.610446406974411,0.675643840522319,-1.61145723142565
0.534080817109923,1.32674690561633,-0.000713807371373887,-1.0939538744501,-0.884486020863592,0.756677231153577,-0.784055041032526,0.0871121575506113,-0.185533164801588,1.2920626946826,2.22214465670885,-0.788009278772046,0.581720616789909,1.28473607487138,0.876727875011357,1.29577045423381,-0.433181196795685,-0.381535158894715,-0.142872787526085,-0.00750722928166153,-0.961222053171233,-0.554022288552188,0.242429414938582,2.45388839704179,1.31166978493335,1.37248952622977,-0.829019350014824,-1.2803526668054,-0.540407618471307,-0.639109679740918,-0.15875959529214,-1.19150165139377,0.76613504105404,-0.985281369792136,0.304010176508419,2.22118843365459,0.0440672444765863,0.671383295150045,-0.653662380951845,-2.39552202252147,1.31655774633029,-0.396929662217994,-1.41077063204623,0.735074418516722,-0.308629717173758,-1.787426954125,-0.143317501710527,0.724424428741668,-1.61214908098749,0.245240877242518
-0.451537778313637,0.852582049980731,-3.69754603188389,-0.66632422780467,1.88452019315189,1.9348354661767,1.71454899035898,2.35789595807795,-2.39441689118445,-0.0995015500240631,-3.92508971218008,-1.0510992846418,-1.11673129126449,1.92326905307036,-1.01757897152724,0.788608511662122,1.70800865764518,-1.47797589039647,-1.43899631473346,-1.64854957260072,0.464570577096861,0.687702564765672,-2.16828147293636,-0.0153557057732555,-0.879555344206142,-2.71421053926718,-0.432153826283091,-2.89315822780647,-0.518250888291332,1.12907232963077,1.96111599913338,-3.53226143489365,-2.76853742393169,0.751694418406735,0.768909912288756,-2.5851964925867,0.556083658783704,-1.62926089387834,3.36136829421113,-1.00866690168153,0.416752067003809,1.45474696611355,2.32789995425847,0.149062307429834,1.36076427512698,3.17263886610869,0.165486530063006,0.274651836184156,-0.0616083679226511,0.256376276409061
0.239066845528878,0.94779505032402,-0.736627556389819,-0.7101929548091,-0.463058516329327,1.01813675286624,1.37441647666044,0.363135133626466,-1.21183200942231,0.801856796826528,-1.93139414447582,0.52019261030431,-0.985411507960527,0.305557338395326,-1.73351241407339,0.48431473414509,1.03602363837119,-1.86129566645884,-1.60399016028689,-0.658795762912077,-1.24072300868558,0.533071994822612,-1.63018201490861,-0.0112107179471435,-1.50478354775919,-1.79586170751892,0.164872369347671,-1.48521171559257,1.06694550464114,0.941305294463066,0.168570114599971,-1.52190089380885,-2.08497954436825,-0.238221086901999,-0.474837444914866,-2.36387820482179,0.654476272952572,-0.216903519877628,1.92206904103773,-0.952351034440029,-0.705932797966031,1.25834247771529,1.59349808241872,0.226755827144867,1.47007928839692,2.52701646617216,1.86370083947535,-0.169349240261425,-0.798208033319489,0.707609735366809
0.648860661595768,-1.22244564504476,0.590457372282352,1.17572275731731,0.206501158546207,-1.3711169338317,-0.0350553547102863,-0.0783155267016356,-0.268184263434414,-2.2749033365663,-1.44564808413599,-0.00310312523393316,-0.988794517366221,-0.0516921437427905,0.475879445838008,-1.39821198787262,1.01861142465189,0.136961287651928,1.31702098515748,0.572745285456574,1.42578782144532,-0.097788270198574,-0.040692374146012,-1.08691747384809,-0.342348677776233,-1.68564966773909,-0.400389217707286,1.63016570435856,-1.18290145746384,-0.243212133194116,-1.37393572558109,1.16022461255971,0.0204419624500321,0.547432098566807,0.191680464210917,-0.0890849611212467,0.0820501961048676,-0.369476431607897,-0.752801505308164,1.8126025161272,-0.748844150258599,-0.0713935295658673,0.417178182677643,-0.619421678036519,-0.374954639123941,0.834950594037092,-0.723641675528071,-1.83022304566321,1.34232455784834,-1.55475606993308
-0.3622868787538,1.3017586601313,-0.404388086832474,-0.558870175301167,-0.10478327915662,1.20875796286507,-0.232580091055529,0.118070279759232,-0.225410767842944,1.61450248694417,1.79179484512358,-0.763182392920049,1.41574309700951,0.708330373672611,1.18878935670389,0.405053370377473,-1.07466416883762,-0.908815052619318,0.071427386657716,0.316150938886544,-0.506508751216225,-0.354320309024905,0.213720220735223,1.49884186493454,0.784988992588371,1.46279498196356,-1.06307949909276,-0.681431848108872,-0.334051875246905,-0.936925820991319,0.692069045789236,-1.08820168344604,0.417397704561363,-0.53689799916603,1.08208588931347,1.5195111288689,0.00384475003601443,0.776019689190665,-0.647338560483869,-1.83594033554077,1.09355336722891,-0.0658214699168454,-1.22196925284298,0.693821709844787,0.0679928861207458,-2.25007511885718,-0.66086813576747,0.34896816789874,-1.10600019813447,0.35169533618809
0.126982361264139,-0.442776246354625,-1.54080921880495,-0.968409994730385,-1.23887931694459,-0.501904931056333,0.158072688557295,-0.698647535240849,-0.78114096755823,0.693702192406398,-1.1352886294789,-0.891515538681022,0.557148178061714,-0.778784265330405,-0.593463487219198,0.697593849709358,-0.521134823852281,0.133907860883624,-0.684045250418868,0.656123048103412,1.5486189505118,-0.593437515767763,1.11843618305083,-1.05548415961033,-0.784001668193055,-0.735288450809981,1.4180412507544,-1.29148415786997,-0.244024835589679,-0.551562381390871,-0.239785568929213,0.677736105654462,1.46881262795908,-0.838648116496673,-1.5560601744747,0.568692810584345,-1.8798838590081,-0.530931434511065,1.45709440724057,-0.0164341877056799,0.938006434094897,-0.403333801162187,-1.1464989260982,-0.990991292145862,-0.136346398807294,1.52087371655028,-0.138931149784231,0.396465526114653,0.169184527033344,2.97336145748996
0.177083540942921,1.03254892366863,0.462402067409616,-0.882866029993582,0.00543303500801262,0.364295133379718,0.534403827487884,0.148399299149467,0.373063659904151,0.182515348374438,1.91933787937803,-0.408269295284919,0.137723252101293,0.753028904790918,-0.353874317748388,1.69375281076255,-1.02873708404118,0.102924563778563,-0.679019438824219,-0.99230133360256,-1.79254507045318,-0.367156957648931,1.06270482351954,1.78834670214253,0.898506493355263,0.857542648497312,-1.22074019952212,-2.32986485174081,0.0387438125482656,-0.427292712814339,0.249738821538768,-0.279992358475433,0.134940076461213,-0.633396952276093,-0.138269546438759,1.81979860998147,-1.01985661517435,0.00785534823243469,-0.425528076512694,-1.99610116292123,0.34528382136614,-0.23441348718886,-0.677266847422337,0.426239098534854,-0.793214180478595,-1.10626277000124,1.89183064191616,0.876758407561105,-2.41717561164946,1.03492440118073
0.201203396646883,1.05839517417511,-0.134265038444358,-1.14526414135821,-0.187087302035481,0.65029188265263,-0.202964958359699,0.392514211074767,-0.417949919962293,1.51235718680803,2.09558082805922,-0.656398716605001,0.503731371356086,1.39870334314694,0.408530124410496,1.23982903341708,-1.1175212316358,-0.325823234046815,-0.559951239232397,-0.640761676092724,-1.46115029633854,-0.269449127004319,0.992457974299174,1.85948037964259,0.961434305853679,1.00080428379097,-0.981753316007315,-2.03243252805539,-1.02126533420058,-0.523986096734283,0.175786393603816,-1.03575279977305,0.244407224565304,-0.326076452936911,0.279933771178436,1.65024919199101,-0.192647838670651,-0.176959929293103,-0.892179279406106,-2.27607621387238,0.895279189859408,-1.05628701289668,-1.11207501541598,0.720198326181735,-0.516635727488338,-2.02934734952293,0.317616895559857,0.959280344320186,-2.35866149456123,0.423448435545542
0.0736562358132789,-0.763949646802305,0.831874302513244,0.671043516590664,0.828343182123616,-0.609791924286899,-0.201639026470866,0.133913838641254,-0.218642227305828,-1.81249473327915,-0.570270362980107,0.476371008596194,-0.297435706023659,-0.565902208599794,0.404306524732934,-1.67525568624515,0.603318954547171,0.262570373215252,1.00675714782665,0.0484151409716737,1.2766961740488,0.476790383084951,-0.754611695797211,-1.21103899154152,0.38307948224112,-0.354225426672219,-0.126167624123996,1.97493578353033,-0.0310120376800255,-0.481732904211646,-0.434897964231911,0.61311745111199,0.0897711768956443,1.07822081822265,0.637209423166725,-0.216714281838735,0.0314468398749781,-0.198637831115776,-1.53112113641336,1.55996821574514,-0.263082042531,0.00391414787892815,0.357624699580304,-0.480483612464781,0.00639678806041803,-0.537386538890009,-0.790338581953868,-1.08851852153323,2.03664071896283,-2.3615540440454
0.113202078715962,-1.33673270762401,0.927678833002035,1.22906623198055,0.716337241542022,-0.555299743306104,-0.287792716316394,0.611905488687496,0.992785387074503,-1.44131786714604,-0.505773090443952,0.343969434540887,-0.636273167689229,-0.521618756572834,1.25931782293824,-1.53675291107321,0.518636094399978,0.523980516145489,1.35905284089829,0.387400757658507,1.51596597543562,0.52097042766951,-0.549413497987154,-1.62419668297754,0.548960423963461,0.243127150689263,-0.390056845453744,2.87129572206661,0.156428733084901,-0.102244870265587,-0.179918027588008,0.871123397739613,0.223824168160848,1.21505017921092,0.667101127529168,-1.13383313596115,0.838859430026834,-0.0973029652604379,-1.22539173256424,1.56218709388727,-0.823908505833756,0.244973878832485,0.801565861091754,-0.264093114789683,0.134818303460388,-0.703577975567282,-1.01541854066844,-0.987565247033481,1.82938908160663,-2.1881557356116
0.642088708199614,0.579222998258284,0.761941952493087,-1.35420857580906,-0.185164259282128,0.101246451233058,0.798776836766871,-0.234964547378709,0.794535426072055,0.396551135523444,1.8329897461779,0.713727267420979,-0.862293607247988,0.0303139159563956,-0.888801815054569,1.39623264195613,-0.855597201844079,-0.560013996525515,-0.758919035971175,-1.19419185831648,-2.41109789077725,0.0647819984711234,0.750999320442506,1.01795158174277,-0.337921432476117,0.332231814299046,0.0389788458138866,-2.03721794189926,1.10875293020068,1.30771150220221,0.109253592668563,0.425412841735361,-0.787615002054683,-0.471165819546511,-1.42636892506246,-0.507065269970085,-0.704748900715603,0.331852616636221,-0.372374300181227,-1.38090849250068,-0.965771138452535,0.112338877436493,-0.543424250981994,0.738409367998783,0.154587695799649,-0.107668535690711,2.32911544097535,0.298285977230284,-2.37580270962424,1.58226413843325
-0.119829346320783,0.728626122327094,-0.291248790667192,-0.707390617028131,0.0524950260345747,1.05865604016285,-0.750192530018255,0.113994011746278,-0.0799257445912394,1.72272615350656,1.71886457098478,-1.01067997424028,1.08668593265642,1.34901625610791,0.825776054218615,0.411539556587657,-1.23159010139017,-0.00430502134378236,-0.0686908868702461,0.321852899699754,-0.540866165773286,-0.303989811524091,0.434140703600261,1.63040476509639,0.233436143135888,1.24578837840612,-1.0697260866747,-1.1841136338682,-1.02258152074125,-0.325783780236999,0.295520765046886,-1.5879946959498,0.297301374473432,-1.1294013140582,0.52159180989637,2.16690449041592,0.195531639778698,0.378647161362675,-0.690788811829565,-1.91121196068653,1.00074360172893,-0.212809819295218,-1.91690401150057,0.809696738864453,-0.56893765195973,-2.31076403204871,0.0806308824632002,0.311324287707366,-1.85300495148328,0.800362332400959
0.326425396775129,-1.41892578580773,0.120259001425089,0.528285742109256,-0.151236322231811,-1.60232485515836,0.679857698608461,-0.969843237792178,-1.13589145301698,-2.35096438749627,-1.47396226326237,0.224242435551398,-0.154613499142366,-0.0201884728892003,0.849406154910958,-0.914208037385572,0.769662282537932,0.125438173824851,0.620176439058129,-0.0402071116394619,1.07899842947202,-0.432990194950401,-0.023163987518273,-1.4562334236061,-0.236285540615994,-2.22868241438344,0.232118083639109,1.29747789306278,-1.62773762483133,-0.148704723267315,-1.85730040957323,1.19614224430341,0.443648117177595,-0.238567856153947,0.350131607083362,-0.289573503197367,-0.0220142022860518,-0.408816533064783,-0.309737825222174,1.62783207259742,-0.499405205856579,-0.237940849630765,-0.465815214161816,-0.342391113719254,-0.747645395102649,2.03221118979921,-0.824816273033274,-1.15981250268265,1.34363199605388,-0.345251330055346
0.221829248661395,0.895550586656523,-0.281828639135222,-1.1396176676184,0.155395849240525,0.639244448426961,-0.823019189759401,0.11125033958827,0.268036136688544,1.15833471851862,2.01136018185289,-0.728942824882295,0.568995790134145,1.35719589145363,0.506976493086362,0.591499783853473,-0.557033663177195,0.162839293974381,-0.324939078789512,-0.626410147600848,-0.832336536009565,-1.03052301208628,0.55497621127283,1.85412730577479,0.890973210040493,1.29396735885556,-0.830264291776119,-1.92762932171668,-1.09632245792502,-0.531520404894409,0.476158534480006,-0.442163065262471,0.370063815238777,-0.695670815077964,-0.0604687096920383,1.81633815440629,0.291592686154602,0.788835266124596,-0.79375647319574,-2.0129500202144,1.13627912899622,-0.554550261449639,-1.38083221341467,0.356302147911496,-0.542860294571365,-1.8595995119521,-0.0844344258758334,0.942056528476088,-1.98482942931671,0.644408079554318
-0.693089936064641,-1.23817793863184,1.0083296154068,1.77070377075947,0.875789270650025,-0.0750162062652913,-1.27296550940673,0.744152277901812,1.2654818568949,-0.632726266641715,-0.289834605166356,0.436951026342062,-0.159489305370412,-0.242222926094497,0.190231513052712,-0.954644711116961,0.908528915720381,0.837065409723297,1.05547414375191,0.235011086382783,1.15661540030151,1.05387939976156,-0.367069008021798,-0.967282398597196,0.401634153016781,1.2885678120212,-0.478800411982599,2.28138344131169,1.27771895926511,-0.182067827690165,0.171644150610281,0.459707955199242,0.20319464770688,1.37655130751864,0.65497331187064,-0.565267974527259,0.869548365400888,0.062905925183314,-0.304541861673508,1.45028565053392,-0.72508062753547,-0.590962288575833,0.544118225450826,-0.270469084185555,0.258128435410183,-1.40861648957677,-0.994078357834023,0.0619427540200767,1.74297189664837,-2.55655618213421
0.999778408821305,-1.72723915002754,0.466986452768137,0.0218829444088777,-0.228026228865279,-1.45331618005573,0.103422310295974,-0.418424540678423,-0.829485664802067,-2.39186781309299,-1.6440626664241,0.535009090537401,-0.654711917122465,-0.537606201549068,0.0918787760529216,-0.256718241631723,0.437859957304073,0.319422124690939,0.782724474189225,0.23272695632493,1.17681500552788,-0.700987103637104,-0.0109336454077952,-0.904967444588555,-0.875328198745417,-2.65065791120967,0.216028306328788,0.778555911040042,-2.65280336396758,0.470205763573809,-1.90216053492545,0.999826099267107,0.428381385130871,-0.44707774074656,-0.367117782994357,-0.015838173197762,-0.326248074139138,-0.355035704895715,-0.40355953004301,1.36345641754842,-0.354348513832535,-0.00547897242461169,-0.416856894023304,-0.609003844182433,-0.69729796381916,2.18234641371558,-1.19888026598143,-1.25925267168671,1.0000285370845,-0.704048480815839
0.811567439077178,-0.493977765923987,-0.479838438720863,0.066416617076131,-0.773330956875225,-2.14879268893907,-0.114137185249451,-1.03009052384134,-0.994897673863,-0.915623321940509,-1.44451028679249,0.0815117951881517,-0.235314732314567,-0.342172306547004,0.0339483013332354,0.140034952123452,0.728850993190622,-0.334840286776783,-0.231537467907589,-0.0432077639147054,0.682462119508843,-0.467896785930701,0.431094941874955,-0.411135445116756,-0.678906353090514,-2.29930079313715,1.01976086099066,0.23977120638898,-2.16419263909491,-0.0362374947749081,-1.44786490973486,1.43293038474498,0.677013165242065,-1.04527160797432,-0.811718824246673,0.214963839084259,-0.091957525537156,-0.204840307451516,0.475771256488886,1.10601271362339,0.294385601256673,0.324679378735407,-0.475786439746628,-0.470436514808638,-1.06348545692875,3.29151814222081,-0.760523627146271,-0.899228781385718,1.05540172763474,0.661015024685507
0.297465487141047,0.370596536044975,0.0327712742399178,-0.94937255735362,0.0854158210575838,0.619853476746548,0.511819741476275,0.404227797642828,0.111890616442018,0.810548283190717,2.35695170693437,-0.537377466551644,0.199102377918482,1.6901522248062,0.0950260470129582,1.33484833337701,-0.935259611100104,0.157639954730334,-1.37629206070641,-0.911461768537119,-1.96627336512366,-1.19507154142206,0.60373207874898,2.25656960637774,0.958912459737911,0.885063034145722,-0.785946698745161,-1.82640513429317,-0.918601729312665,-0.00551729898819961,0.198018145752091,-0.331487195952256,0.283829958518036,-0.701804460645546,0.0122637907339087,1.27006582491421,-0.27544268377562,0.538162696215591,-0.795052255158937,-2.64657421548015,1.05664693699032,-0.359794597505076,-0.831298448997691,0.858085267613008,-0.803606642829245,-1.1107931998816,1.01593127940411,0.748260026031755,-2.55137308309296,1.01119083857433
0.5173527142822,-0.119475735425829,-1.85903141677131,-0.921277026156075,-1.60525708825941,-0.428812644171277,0.180787529644762,-0.502567020806315,-0.574704820784112,0.364155155149624,-1.3799698590703,-0.579286833840678,0.45449239850262,-0.227588592561755,-0.562581166152435,1.28910377204018,-0.0267044657965213,0.49909274387685,-0.00804322255317309,0.116758097896367,0.890225226318118,-0.624053648383581,0.547909302989422,-0.904973537239904,-1.02005999765287,-0.713867494146055,1.21083485526244,-1.00458303048516,-0.356309628733324,-0.848979105846274,-0.557461183753662,0.116705627424495,1.24215778686955,-0.588013842279236,-1.45567828876214,0.182122284742918,-1.87983272016158,-0.0743937463513718,1.58552790495988,0.332116902430482,1.39692849194973,-0.108316967458878,-1.32885827650566,-0.932593852768543,-0.656431737188049,1.60830010601049,0.0226635524128422,0.830089584915346,0.20369358325211,2.63730298869736
-0.352346639569725,1.17644412219689,-0.143454851346085,-0.741692038066643,-0.0806830012557942,1.07376910465288,1.13212707734132,0.152169902398063,-1.50221497217175,0.0770243846276854,-2.10330446299792,0.557424551889615,-0.97775438479025,0.285338824270609,-0.967684200868704,0.0178412026759701,0.896225122417531,-2.00152335566135,-1.26403497092263,-0.777235781076721,-1.4011674752179,0.280059154402052,-1.88765592562684,0.0982281685935435,-1.4756996248696,-2.13028013805806,-0.118123445259885,-1.78646206455063,0.912142611698948,1.14041418464891,0.641119468279942,-2.44566269977223,-2.39181533089701,-0.427052531650412,-0.232719603849066,-2.401100683146,0.999003769934588,-0.63441536748198,2.18114583341776,-0.950559702397603,-0.802509843738471,1.18878396985787,2.59039648268806,0.161907638598726,1.26530296045295,2.90739254165406,1.15982424202322,-0.322726411448473,-0.114200744467342,0.626851626477856
0.596528774438584,-1.75973384908438,0.950339397293502,0.949854920931889,0.74438223211447,-0.925868180165357,0.199453330851546,-0.16450836891329,-0.356478121450587,-2.65729480724793,-1.08155152931806,0.353154891516629,-0.0226727557541623,-0.327431315317275,0.38122994179619,-1.35318180608601,0.668984886814901,0.302767966182874,0.921982065554627,0.479998745516108,1.21375883532781,0.223478439584863,-0.346021801881026,-1.52884674886441,0.210771910203869,-1.34491826766989,-0.35333711032799,1.99566713820188,-0.873421337459122,0.304768683067224,-0.662909102451877,0.787641231700456,0.268733865070546,1.18963351746991,-0.130868499656082,-0.013453364775193,-0.103562731643046,-0.342207670535339,-1.47076403895054,1.78487197898043,-0.413750938351266,0.123874000633734,-0.117192349800497,-0.0818644086352246,-0.388448431523681,0.532846023276538,-1.00287889258958,-1.36961801807342,1.35497221812953,-1.75038520049525
-0.56078807532599,-0.557105837701714,-0.0724080125079941,1.51185974460621,0.4737273469653,0.429655915548337,-0.869015742897544,0.0735431689670419,1.60516104454744,-0.0504219170382941,0.296265052310639,-0.10678239733915,0.466692235709158,-0.27670865588862,-0.160376116448646,-1.50518019825064,0.515598498154921,0.951936724699036,1.03658490513929,0.764881794759283,1.17956390151723,0.904698060116022,-0.202170923154078,-0.48518802480633,0.210881925727824,1.13183403645645,-0.202083812905496,2.43690835949111,1.11252378701102,-0.393914225548704,0.553351109648736,0.603510965303597,0.288305260107265,1.22920407168074,1.44747953235654,-0.690852908769982,1.59369196982576,0.32071546273258,-0.917892483801914,0.925881344026957,-0.587966727762353,0.16003098295932,1.03292765566308,0.262866364097454,0.578260782216821,-1.59853972231274,-0.911422405378782,0.702243494940178,1.53435009181504,-2.11869362505293
0.631945195053924,0.836488527855896,0.977740495338035,-1.16162193751838,-0.197948695306022,-0.383400785509618,0.846878183489754,-0.94686082935937,0.234244942587939,0.231770114800071,1.58091003270053,0.617215841330119,-1.09983662408283,-0.860999450730809,-1.33934096471934,0.942415730511341,0.433635705248384,-0.808258442526298,-1.12189619886723,-0.396295790597597,-2.6346945142303,-0.491421469769919,0.0135147281386095,1.37873044776342,-0.427391164345582,0.526482922037119,-0.451164699065664,-1.46101103896748,1.22473423177996,0.795027451932234,-0.734737502862046,0.33193698438141,-0.784764635158437,-0.361096147423298,-1.07032535094999,-0.731255788919539,-0.209714145541047,-0.251033550202021,-0.204033681554496,-1.11466754320477,-1.20472580248081,0.732457640986898,0.309220759255987,0.30210916155464,0.53364883341415,0.255871818526841,2.48580367843398,0.436797936797708,-2.37382984505582,1.46129700499034
-0.1711767431858,0.843252179856446,0.377894425614521,-0.826225517731535,0.00739387318253927,0.771203311372926,-0.0744607438585656,-0.142451412129301,-0.272461701462376,1.4630772857822,2.22455457918157,-0.585626747856618,0.568385851351976,1.29825959346343,0.54011703210679,1.09417124384859,-0.918609556735605,-0.455242636741339,-0.759097293821915,-0.286220039641156,-1.31273533898382,-0.409276466784088,1.2100062662584,1.94977916866022,0.838883187754669,0.55814749240131,-0.848209477514535,-1.21066001330729,-1.02626634927115,-0.0204356571530611,-0.0342984913931465,-0.696070747824034,0.511903135851151,-0.802259912859923,0.546625157004998,2.31474093634134,-0.326953131948567,0.278878544294313,-0.112486467741145,-2.25173765488582,1.3425817673245,-0.475579634256935,-1.51628107185541,0.629312930332858,-0.417384957153701,-1.48654031168755,0.108632804145233,0.635633642364255,-1.27839528497621,0.127349383302277
0.489426283982718,0.701676930034371,1.0285826824797,-1.42039168434586,-0.441542628660671,-0.0446338441215936,0.724452262655091,0.241683290838217,0.991886920233287,0.363845648470082,2.22683237569889,0.679411012486455,-1.04362408319962,-0.542941779314188,-1.3018569936354,1.45601501539026,-0.44279397972627,-0.162698816927554,-0.951471160712068,-1.1669052202655,-2.26855855717783,0.119286230468449,0.696860114924173,1.37826073126539,0.489458920145184,0.596782182805736,-0.263462216541993,-1.75038158451365,1.07785513687314,0.923649472041091,-0.300286953102543,0.520216972979927,-0.589713122396927,-0.195142176327673,-0.896484768167275,-0.793916915738296,-0.441875426263375,0.517636163555293,-0.572105060144567,-1.21459643000099,-0.824226459701295,0.0965230776792441,-0.370059647842448,0.930307131675355,0.259936617405673,-0.121552275374385,2.39857900801214,0.0762220742256369,-1.93640397395486,1.49326378094583
-0.929586990729507,0.120891307952553,0.077572998751567,1.27202623722437,0.438674373350263,0.91098852489061,-1.50226686688577,0.299505693437697,1.34392273849325,0.647075467351889,0.944999810267156,0.209751376320323,0.575002653528616,-0.144750973506929,0.25174878735799,-0.847478243523416,0.268634429890558,0.509813582502527,0.348144564059075,0.282563063845515,0.400387258362787,0.845245480464498,-0.435773156807389,-0.430898321823549,0.318561327261234,1.65300581998128,-0.743086324163048,1.37169124282335,0.825317897702841,-0.608662391996327,0.981143182025867,0.0856746945751532,0.397839984898377,0.499983807797084,1.1560580653237,-0.159678053219386,1.0036221343701,0.988851812429535,-0.690104834389069,0.133711108099667,0.0940069962177367,-0.448168233928142,0.320118655694532,0.645528889285336,0.143808243301367,-2.40759217469275,-1.35887355129769,0.451011010194066,0.903931611738742,-1.88114847634249
-0.440316189503079,0.292498459876774,0.162942271759824,0.748376924045825,0.791852966957289,0.621868449493451,-1.15928762909048,-0.0373259014725705,0.557908815452123,1.4538796286524,1.2874463442638,-0.33789097792204,0.814938905191479,0.640885977929647,1.51146991452803,0.132685239348112,-0.179363184308188,0.239341651535007,0.0120633006807695,0.996892281780509,0.355886248585929,-0.0261621446313921,0.104528102359948,0.623881938001322,0.590033346373342,1.64836700260038,-0.399454682813428,1.14463128799656,0.35476163870958,-0.742177731214755,0.318713354249337,-0.429260658842843,0.751091486146475,-0.265485811054968,1.40980333239509,0.445683130463349,0.865475659971021,0.507223082191548,-0.253586336330111,-0.916476990478151,0.697317531379644,-0.0985036631376758,-0.406822731857767,0.75306682531708,0.0478119039320018,-2.46681653893986,-0.769638830600801,0.549846517275858,0.486816206777073,-0.921799570949275
-0.958069296789435,-0.301056982411786,-0.27900795510115,1.64299116285574,0.868243281549312,1.06252637188061,-1.25416556818995,0.333198099392875,1.3248832009612,0.669639860896394,0.509011211958109,-0.456036906772132,0.510130864829636,-0.287170245083394,0.242725134364065,-0.904131253155473,0.146387216223673,0.266949919087404,0.63446208656255,0.305179692490281,0.772331009628131,0.689085620746397,0.00446959200456189,0.0890215948290513,0.69957782557483,1.92964573893294,-0.706432190966823,1.77331759348738,1.28690215324463,-0.737589372196149,0.991959557773413,-0.708119240445466,0.217235045060483,0.66245394437819,1.33559477567708,-0.229654418915864,0.963719320679676,0.26158524094985,-0.728127654582289,0.167089631429269,-0.308466034527954,0.0596223825095947,0.842781333043734,-0.0139234479041956,0.163414471174574,-2.2158054075641,-1.19184439269575,0.406975798576646,1.25085128827425,-1.93658202699753
0.300992882101943,0.228587379135597,0.877395875187614,-0.927877052826632,-0.222651453857952,0.0966759212470084,0.550922960096888,-0.0738781572303673,0.8032422484896,0.107939580993132,1.62269358065761,0.0850379321192769,-0.584229701313252,0.207920572804665,-1.09596027653649,1.33555156250741,-0.912713056517927,0.219256454153454,-1.48269768558196,-1.2411555453357,-2.09269170168514,-0.145937259189322,0.899199659774004,1.45365544976666,0.396642411576077,0.717185668974372,-0.461473995552911,-2.0809077228079,0.337085156341569,0.830023383842325,-0.0768418635738789,0.674333385352479,-0.740503247408534,-0.365431583364887,-0.897828117657617,0.133001473602837,0.112414559471997,-0.193256515497192,-0.403203151474876,-2.19694566511243,-0.475524574017461,-0.0230464707974242,0.0487273053408395,0.681059468933083,-0.141412135249318,-0.378370668290375,2.29255994422421,0.482674539584853,-2.13293918151393,1.08871985827784
-0.0763646563484886,0.0672873465023373,-1.95250416779562,0.000293515829507478,-0.992170253543419,-0.687760816968526,0.0557426345338,-0.387472331222342,-1.06349567677558,0.10341169379565,-1.24277488357094,-0.374170959262069,0.23768991917208,-1.04851168964767,-0.62325484801371,0.617689820509325,0.0215830985331349,0.0111828385672426,-0.810732859632592,0.189317224037101,0.809116229212364,-0.523707216596288,0.725034953055722,-0.925678425813076,-0.865160177441459,-1.18110363690666,1.74910812000963,-1.15076314484157,-0.631154273141216,-0.249031892270108,-0.000197233142686788,0.882263860977724,0.849854367622418,-0.555555056719884,-1.56176378428287,0.25947334316211,-1.51634708840326,0.191912574244585,1.73874898513092,0.495286840663185,0.721257819370004,-0.31873488760513,-0.982469477912934,-0.761600640798261,-0.477630599841897,2.2782904051747,-0.310313160028815,0.257527997814736,0.0427572334498266,2.97410123833566
-0.825389646201763,0.0872599351385912,-0.284394670137553,0.124356559699791,0.262747100923232,1.36863223321429,-1.30440890876855,0.133516130336184,0.139115370611233,1.94979089466594,1.25899049539907,-0.183539582093569,1.20219567395243,0.116766121301908,0.975880558283256,-0.15988098262528,-0.459438221583797,0.256586104956369,0.841501647982403,0.338346620664844,0.249398731160652,0.281013273108169,-0.0751537454638283,1.28239573585638,0.657471932763713,1.68490678520422,-0.653923185083522,0.104881856163748,0.344009429560568,-1.20802271419535,0.506857249216406,-1.4061684993383,0.541245976811328,-0.597542645834342,1.03866523417968,0.885006795017995,0.854270692922234,0.964401824231472,-0.657330370061339,-0.75040572254697,0.817363673473718,-0.503001822451671,-0.661516861704133,0.0577437361929974,-0.13314030356036,-2.13329778418187,-0.660297562525773,0.503181040636516,-0.133914054131937,-0.716869618746262
-0.15498471896698,-1.14371721401923,0.828681804938073,1.36306647156446,1.5192868467701,0.288082031693333,-0.984051986434394,0.421377069368368,1.16860978197642,-0.995597361215794,-0.427359847185744,0.0861867023092224,-0.0901878887335093,-0.717822198563142,-0.311151765817823,-1.43651184302346,0.411403651380413,0.701061804405773,0.787204008954743,0.181949828199803,0.975818071371514,0.761981873524344,-0.0454230637138915,-0.852627033787668,0.571250500745793,1.19002212915422,0.267874691650651,2.70027102733234,0.846183827897895,0.00772031464652963,-0.329251683238924,0.685602015233389,0.216864500334838,1.41054932653099,0.939938678610324,-0.791082425188025,0.919423507440148,-0.174329349622168,-0.937365441038031,1.15237280032321,-0.772488168348068,0.0151415805123971,1.19513875170492,-0.1197473116951,0.551171314472504,-1.09376060442396,-1.36391918977302,-0.327385491387654,1.94973740006306,-2.4015513904036
0.389661129291456,-1.48752166878589,1.06336912762724,1.1249410179159,0.714383156164555,-0.57196168780874,-0.143510192766612,-0.380910469897804,0.0644949958846467,-2.41406133198726,-1.39983730410764,0.0618293869432009,-0.251172582835078,0.267823430431667,0.89636822032033,-1.08410728727435,0.676235074280531,0.699794665437556,1.50998275517356,0.688870486947924,1.25457315410967,-0.202723726834285,-0.574394069222274,-1.49721897076199,0.0912202350610067,-1.74660728104952,0.329792524793023,1.75886988590955,-0.698510542414762,0.249610713735382,-0.607867680662312,0.481820980187362,-0.332953661152733,1.1673079552765,0.583349888361494,0.348161145937544,0.0584292748455638,-0.384576691646226,-1.28307687720372,1.49819160775576,-0.353699609100048,-0.0485512305938047,0.148949713303636,-0.957200476520541,-0.303658233548267,0.723034987722948,-0.604127690628579,-1.59888152692315,1.47712589644093,-2.70104576409997
0.178291743584732,0.907009767459187,0.256721093441851,-1.05817254042013,0.242411960980881,0.31140285651842,0.118372456932842,-0.00783957569829086,-0.188724280114269,1.04254077380228,1.82155543795003,-0.578490157913439,0.528720309641961,1.5599591226089,0.478987363543923,0.865648147346386,-1.03799729187185,-0.293108738806009,-0.503467824421442,-0.249883390878278,-1.69684562862427,-0.734206869475759,0.93192161770348,1.96132944686011,1.06997871472564,0.998991787641969,-0.782760916559942,-2.19272503248739,-1.03288948114208,-0.0613912105752958,-0.0361526046571415,-0.389384808179859,0.593973888938075,-0.959079097012978,0.0233373500131,2.18200742939594,-0.234005216796717,0.607666026788291,-0.725072329992267,-2.1613292057151,1.28280889778338,-0.143384430943371,-1.06374226684224,0.660878041179827,-1.00652355131268,-1.22477277200173,0.78093971764206,0.540623922492468,-2.69667133392618,0.287271554584199
0.854130288378421,-1.36133283712866,0.489320372637332,0.758099113825341,-0.102489137581115,-2.00541759683151,0.743512946279058,-0.928847858202471,-0.394815080028513,-2.63169361162714,-1.66399401572829,0.660925733196464,-0.584715611178522,-0.0865472103345044,0.963554970000252,-0.609057284998421,0.829762430359319,0.310410365399095,1.46912119963205,0.599387796521254,0.736977086634642,-1.11651685699388,-0.279458226381913,-0.704830452654877,-0.165263008865928,-2.45245778541217,0.422211323363592,0.53299839536734,-1.57790802492901,0.471173694445658,-1.77835692726346,1.46864356520544,0.482242313765725,-0.16222635423487,-0.372823318153612,0.38104241653073,-0.114817713545977,-0.628610677774272,-1.08764749368102,1.73757102605008,0.013569098453749,0.192206564684946,-0.723530186464749,-0.488422033298735,-0.490702926158946,2.55656799171124,-0.528720805251665,-1.35316058783506,0.867986601100633,-1.15881104351672
0.240572007145414,-1.43666024718936,0.753134360427053,0.924899401360424,0.640081347518888,-1.12151151996309,0.138573568276833,0.291094786318264,-0.258360805805081,-2.6774538801126,-0.824253955291398,0.71155251000357,-0.348716214931871,-0.055041220225792,0.495991423877184,-1.81509624237997,0.639283606626516,0.712366802716392,0.903092488435763,0.557075622600458,1.50123809097716,0.269222667652254,-0.350555116834755,-1.33789307822983,0.33588844465127,-0.630943847642334,-0.482817336255252,1.85286036968511,-0.727853665335484,0.0830305874998061,-0.395688244759211,0.970918533650859,-0.126673254106105,0.978291414298894,0.486248306199498,-0.460303703981471,0.815626812851863,-0.6596752972203,-1.02872911564174,2.03522175936817,-0.748506562771567,-0.0291099050792479,0.391088296657153,-0.653959978359606,-0.101188093115439,-0.261874337117146,-1.18739581593009,-1.42181447983108,1.32261648220197,-2.46086421588771
0.116358706353902,-0.770995924235693,-1.16565891386583,-0.518083095706644,-1.26693399621583,-1.40586929334395,-0.0274647166658889,-0.647361430011599,-1.11474699528774,-0.179099123187571,-1.85492527865158,0.190728425028203,-0.31463153711903,-0.759939591585562,-0.157160342826066,1.0568593130353,0.135413555572123,0.0207869174716458,-0.161986203107249,-0.28967564370077,1.07302161737162,-0.536095643841254,0.63313412108889,-0.822424017867243,-1.0548480960033,-1.42772928465573,1.84002598126287,-0.32484841259384,-1.41453885084571,-0.277717967485583,-0.961256280406752,0.620644902732904,1.47678602058222,-0.802703037367029,-1.50152395009119,-0.372909167612549,-0.959245234094336,-0.31316069705158,1.06803320645627,0.56296248507993,0.763575593903014,0.241162312834137,-0.86664605351914,-0.723665250270954,-0.451845218731008,2.27773669506189,-0.0318881101130353,-0.148381245029172,0.664725617745716,2.16516216577477
-0.053586373808224,1.11660263190498,-0.0434708008236259,-0.430786425103995,0.255165498807928,1.3122913296818,-1.26390893129594,0.0562245899874851,-0.0843688097305625,2.21713363264724,1.40630310176674,-0.373323045289283,1.20695970872499,1.04280516168664,0.92689717066072,0.880335716697822,-0.846531666073976,-0.229649687215932,-0.12933981954191,0.558590256392189,-0.187546109015937,-0.307947019900835,0.0550211869358652,1.82605878240868,0.626204776786206,1.31073662098902,-0.682396229627748,-0.637289603850714,-0.926161927409201,-0.922221063218605,0.443121841093834,-1.35164662646819,0.842376632544986,-1.36415609598139,0.517896616568193,1.54955182954551,0.163990436031302,0.504668285160467,-0.465791688738346,-1.60665012844712,1.0240006509999,-0.371954956417902,-0.745807606730444,0.281296035102919,-0.154301926428263,-2.07437119098722,-0.55994092188572,0.28726027949445,-1.22357576398972,-0.075786582802213
0.124121972869824,-1.3011519095775,-0.70829170505253,-0.495820885521134,-1.00960818020662,-1.75754181885497,-0.114640545756144,-1.05114192047684,-0.790761956332111,-0.531531546856093,-1.78636013366413,-0.106966733697636,-0.525422507178783,-0.34492887624037,0.325011082092804,0.352134671904722,0.613789126102657,-0.191239353533854,-0.535905930572206,0.264429397856121,1.24419663388485,-1.18218064509737,0.509011896096408,-0.507953044920521,-0.990966140081458,-2.47234465088397,1.7113280194496,-0.283194479891798,-1.67864846823769,-0.0729586028114925,-1.34696162421861,1.30586133995184,1.02586472534006,-0.592850604582396,-1.42782453587466,-0.130506784382532,-0.617829500340631,0.374683908482461,0.734221868315521,1.17612266557875,0.438012278607325,-0.0176799127409615,-0.689038921850493,-0.894372598454101,-0.590180018951974,2.64925133904786,-0.645525232127937,-0.413652171091077,1.13950739348273,1.24685888661865
-0.259587980836486,-1.49539738084316,0.944250056081071,0.923310370016519,1.09428865441131,-0.822444869327414,-0.352039407951861,0.500552366656606,0.0926716729644972,-1.87869019328234,-0.269968535401406,0.181295774835573,-0.192331233411565,-0.120042098178202,0.582925349024774,-1.85600705733216,1.2518129047758,0.27917315964231,1.10744638777674,0.509082366042963,1.22128995590809,0.0215643454770939,-0.314474400871032,-1.4673392005912,0.347313802828811,-0.591308017540012,-0.432208900734818,2.61362668234412,-0.253796183777826,-0.130846991292015,-0.275736636977634,0.883848796691696,-0.305215435840798,1.41520761666821,0.60620282496002,-0.428835864430746,0.517309453326419,0.0156990762594482,-0.712007287735745,1.48296281260296,-0.586227226305309,-0.667497392220168,0.349491454901331,-0.197593255692041,-0.0595764142922991,-0.395110435581677,-0.908438454455178,-1.0934408998095,1.4251651872301,-2.82036093619705
0.143759133597791,0.189161781840364,0.668263334561844,-1.04113411328718,-0.193783856826111,-0.187539941990765,0.766284787520669,0.0192631628912468,0.337855351687403,-0.0029310206026535,1.87002967648926,0.203651240318887,-0.391570223187773,0.665400747846408,-0.951911016729643,1.98860827802336,-0.0632262639173583,0.0731565195796574,-1.0907031554661,-1.16257258216504,-2.38000972386082,-0.322808532789832,0.680666542171054,1.44072716540405,0.593504823477627,0.171337399656512,-0.554303415233095,-1.27006117308658,0.31134970542427,0.514223259570293,-0.0587936623663226,-0.216477279976781,-0.345176925772944,-0.351796719842057,-0.150235519982589,0.100195133325576,-0.523852165696196,-0.157169265689075,-0.835112587006869,-1.50854998480607,-0.674817197127473,-0.810645161779078,-0.40712736009708,0.525036063739075,-0.142624494460185,-0.049908730315135,2.1314855600297,0.340364341016744,-2.53136694167479,1.34518839944404
-0.756748510340335,-0.270458762702736,-0.233744534480903,1.3539840285394,1.02433681833472,0.791718650464028,-1.99748569536886,0.370937452529782,1.67527984644646,0.702075303521615,0.472695879869117,-0.448368811050407,0.730416008030066,-0.364732104426782,0.421953464097292,-1.40512626484628,0.0154102571515135,0.881197522222226,0.710553308301211,0.718943354103541,0.510882933222324,0.363797676004935,-0.382615298402719,0.0767389039020446,0.397313731954389,2.09969607089339,-0.404880768395962,1.7452592783582,0.873521300813221,-0.524195164218716,0.484481381898553,-0.189518773721723,0.451801120905619,0.52633114452603,1.25236276893268,-0.34062618416711,1.13305455910143,0.372259301315299,-0.309865128970155,0.268695891367955,-0.204997169530536,-0.0566292059571803,0.991191769440314,0.611920890392378,0.52588230751414,-2.1035021850861,-0.70887950592768,0.744396346131552,1.37039968421947,-1.38437055903799
0.510739561249377,-0.923172344067425,1.05465314078182,0.690827515373107,0.024735792726054,-0.907060527736256,0.499157769788084,0.00996894427203936,-0.295148989552779,-2.46658624773855,-1.04333226883716,0.140516904715674,-0.392100113032977,0.129650193207699,0.410709135459094,-1.34577317644143,0.448009276256788,0.397411597722113,1.28859548320755,0.427073105404903,1.80612635936677,-0.336551097582123,-1.10205792492124,-1.38894457247583,-0.0719343148488166,-1.57793774874953,-0.188669025429311,1.63495979538969,-0.537534226793225,-0.173617060864805,-0.867187904337065,1.08943095158514,-0.227147908103454,0.828140873906451,0.398627377696351,-0.456338622521119,0.550777194315128,-0.209365848430499,-0.875779534671617,2.04611874466192,-0.854396003196861,-0.27014234807382,-0.32102477913204,-0.736981476116504,-0.352625442614813,0.870170488236004,-1.14013030869138,-1.10130864646539,1.54922349102202,-1.46053335369692
0.632061787154,1.0899291671261,1.2236461483882,-0.683788645347529,-0.74931124248471,0.256414229088501,0.627176919900059,-0.776850796676019,-0.0992017674568084,0.421371260311365,0.621900393534667,1.63575400542297,-0.803931001672764,-1.06840483745726,-1.52833058565618,0.725713040991291,0.359739255864638,-1.05363809851538,-1.2946273640493,-0.489358585255664,-2.822444734324,0.0327259569689683,-0.671117931552602,0.92045823033832,-0.648968746501351,-1.09132336221746,0.501825418943782,-1.19751992960745,1.65428316713423,1.36688694658941,-0.589160344568923,-0.28103558979656,-1.19791755076832,-1.07984119321423,-0.752129246174749,-1.9296663381704,0.149930912892693,0.0444211144281554,0.611416868724859,-0.536377392773704,-1.58686887263231,0.724857725997396,1.34487852381652,0.391280418547758,0.914135841538016,1.58182842136189,2.1485519379296,0.0912875760359192,-1.01107778310939,1.44826053541239
0.292918705541472,-1.18067507739403,0.0826521529633323,-0.0884847060080418,-0.524344140705591,-2.19823433548321,0.333634296050072,-1.1556093223248,-0.827366190668701,-1.97646981804735,-1.20114242689151,0.47752579639055,-0.966024475196879,-0.0598259734205303,0.61121557861283,-0.0928911787676815,0.650389802873305,0.12419798316364,0.509888986755979,0.281472438686093,0.747206030379819,-0.918889783984144,0.15047650036985,-0.20223781263482,-0.251865488926869,-2.21326961081478,0.606674107640389,0.423814945932127,-2.43174534236686,0.174092123326198,-1.78197671893141,1.4101900650853,1.07092637319316,-0.564304749302557,-1.03189560735552,0.527481237720882,-0.375894159076122,-0.374064063475437,-0.366201202023589,1.18095967928263,0.265942142104906,-0.0982101657613133,0.0860648284048598,-0.821786172796403,-0.299502947785418,2.44013676065406,-0.510788854465917,-1.48889002668953,0.685332042262576,0.374650680623388
0.438847655985881,0.687492211179534,0.581844065521139,-0.546570059400852,-0.394283673554469,-0.152095025190408,0.820047695177874,-0.244307859911706,0.610930579790062,0.193612473780135,2.09942257347186,0.141998254481701,-0.750119204653204,0.670556773469714,-0.78166077517741,1.72445987233502,-0.933761228915496,0.0114566719987177,-1.27310594133098,-1.064821984597,-2.34390768146882,-0.616278679794364,1.03335900454944,1.07498371848712,0.390716353144369,0.284659355936155,-0.547338552975927,-2.27171177713354,0.465301733868748,0.770260442805994,0.133203142721087,0.278632533945749,-0.141054431681211,-0.448205753493834,-0.671118147551434,0.342386686576159,-0.17679913567449,-0.256645811381592,-0.564425600736482,-1.74236565187427,-0.460207227332437,-0.213290633217121,-0.48647580999976,0.446089661921151,-0.13528178158451,-0.386853863057596,1.64552839133992,0.0994539513010106,-2.5446418733001,1.99543653758269
0.723071973988998,1.2337813185824,1.24633225608439,-1.06485755969625,-0.400852071333617,0.444797860483913,1.43049783104814,-0.82465531688776,-0.0950374044986511,0.571727291742864,0.377094374503825,1.66358022034096,-0.919556408540939,-1.04049282681422,-1.34533658338352,0.39286039688876,0.295308146036737,-1.45740090262912,-0.858225916717592,-0.184207888211019,-2.40049124396829,0.347838607933756,-1.00260308668013,0.607429007301505,-0.822412089197849,-0.721996882897765,0.321475144309456,-0.805601624484919,2.21399057612673,1.14876530293883,-0.493226392737366,-0.307300843811931,-1.73250229568742,-0.845039497699587,-1.5091897670762,-1.89843785608447,0.17293739036493,-0.0152493487674801,0.401719358884945,-0.213962080521752,-1.84745978384928,0.727069617966572,1.69239629302404,0.230639541361334,1.45135347344456,1.53013184225772,2.20457529587142,-0.239537424652651,-1.39573594509211,1.00843259950329
-0.631265654863449,-0.365409700624016,0.363416510239003,1.34589810527769,0.486374564160048,0.587625409468911,-1.8214171866835,0.574749789831262,1.47951801800149,0.114508080189623,0.66994837043782,-0.240711434621171,0.805789320047814,-0.560170841321069,0.0423125723660458,-1.16304780000196,0.350157101310524,0.138658022020036,1.27757912778584,0.226409376802037,0.460185254269902,0.605895312712708,-0.0146327222490653,-0.412620671313525,0.540918235563389,2.00653843968932,-0.246684502865973,2.05865264477884,1.43336724162938,-0.0458490922716667,0.574202280189991,-0.148349911417272,0.466555109713014,0.893362731845385,1.40594180852346,-0.688557734576978,1.35785207501695,0.167662112418631,-0.204593194550832,0.866355049769524,0.0501041917981753,-0.0233661332255664,0.690236486531526,0.328331392231882,0.281409681131155,-1.75698712080038,-0.956140219691409,0.292084876318682,1.07647896110132,-2.05749959667057
0.651265038329927,0.434629273435167,1.25064652264001,-0.510747837576745,-0.134049434278552,0.230731696604252,1.08248602803338,-0.345461773712918,0.0651799198327073,-0.117060375213565,1.74814504821366,0.919319847831229,-1.03748969510158,-0.531777160052927,-1.06074358740856,1.04770949703309,-0.450608638737447,-0.389146082604049,-1.51881076404447,-1.23456128772556,-2.97263879091168,0.406555983508843,0.534577676611193,1.14693754939083,-0.00636541237319314,0.520174751837556,0.0936549947751866,-1.32706331690222,0.820802743164985,1.39508246107737,-0.395745568223789,0.186759586947932,-1.33077717607951,-0.078946916664775,-0.8477973427786,-0.527605687665929,-0.242943376810883,-0.034081797729739,0.0709589909681702,-1.1948949712273,-1.85709147661817,0.297093290825124,0.414422545246383,0.83345345074826,0.637336342219073,0.557996786488404,2.16329422929536,0.0239330655771723,-1.76066923828524,1.25356448867763
0.521666513137214,0.847587675800906,1.09060605773359,-1.05442891300467,-0.450742175310408,0.181761357971709,0.612487455875135,-0.63330730951912,0.0726677289657678,0.155621061697073,1.85833148628062,0.686628320762714,-1.02123512778567,-0.0270772961940402,-1.29695249461072,1.64253639729496,-0.463728799284436,-0.180014213988797,-1.27889980339669,-0.955843558774479,-3.0009028707413,-0.263849941941637,0.525316347567599,1.26760611479663,0.415378069407232,0.267523924626884,0.023132345275093,-1.95151441318275,0.55715086279222,1.16941581869438,-0.0804352125700031,0.347638873884881,-0.793989774909349,-0.0851561951006222,-0.960838777119116,-0.650677886428981,0.137771267505778,0.0184494370006146,-0.170891513213363,-1.50934255146346,-0.962344195877009,0.110447011827025,0.229551145475337,0.555973276819744,0.163522490937303,0.157108090845663,1.84680831697103,0.169850880184449,-2.22300547838107,0.946316469797862
0.0206483597287639,-0.702759598123503,-0.958967404902081,-0.535321061465766,-1.05481367762583,-1.41346026117515,-0.0315080253362804,-1.09378411014827,-0.885128836309465,0.0851837934753564,-1.35222216618959,-0.30965083901688,-0.914928484397184,-0.475805146828054,0.00210412452016334,0.953142680997062,0.250065031084301,0.0449726756005625,-0.419294254922633,0.58082226278368,0.73989137483525,-0.303271341055047,0.538830826813482,-0.0657728079929811,-1.50497559187606,-1.56711286389289,1.2356207643162,-0.734425393339139,-1.65653947786566,-0.217081694920816,-1.37153049905841,1.0944517006346,0.867220154703764,-0.477689152506366,-1.40072621587628,-0.367741729284796,-1.03114074485839,-0.272838474771909,1.11402466327395,1.06784247439828,1.00136514757827,-0.13753444205939,-0.542879625408589,-0.719194992362058,-0.508444335452138,3.21929721374969,-0.716488668145457,-0.175928758386303,0.359860013741486,1.97296685243369
0.408747149773065,-1.26203738593609,0.53606322438084,0.964625091941526,1.0625617610859,-0.698828529783776,0.237149333727108,0.476728040907435,0.170297215435534,-1.78694161808186,-0.824870274643821,0.497814382413406,-0.404613913702262,-0.173311769714585,0.604175616847884,-1.99017075475857,0.787109196714489,0.816664239573087,1.31811109313642,-0.0260577367567441,1.03683263045027,0.249168444050125,-0.257884416764615,-1.44851366024292,0.438824299911433,-0.000938035714488292,-0.44373193920741,2.94302688088395,0.0665115480526848,0.230682807124187,0.108764407201984,0.936036746194898,0.0961570273387115,1.04271703521353,1.03862123609239,-0.563633369815221,0.441954643491845,-0.296796355243381,-1.17944182761736,1.69824794176139,-1.43199744178951,0.0542910514345694,0.787661718990785,-0.788128570260707,0.14093136002778,-0.821586650426254,-0.785997064813706,-0.665508894967571,1.3456318384055,-2.35775626067589
0.610200141953984,-1.14780281059954,1.26469366154499,0.758654841995362,0.360229175847369,-1.17430954594345,0.0501592339772421,0.0860008130689797,0.118870448818783,-2.43188949729554,-0.838179182278408,0.675846016054406,0.11839405707929,-0.273977258934654,0.426585191925988,-1.81800577211191,0.717334233729621,0.378512312189757,1.18114224662668,0.631971366331583,0.988589140384898,0.289130867434155,-0.230769131146305,-1.48919303850529,-0.107835618681644,-1.35176445717993,-0.0733223822041569,2.02606396156996,-1.29285621589731,0.458320544255582,-0.853342095494481,0.85858045471733,-0.180817344111761,0.633291455256779,0.70022946264467,-0.011579384841147,-0.115711295251716,-0.382121804281842,-1.1446310225768,1.82145292078575,-0.883076588532047,0.15464375998182,0.470801003427302,-0.586762412157368,-0.129009786703935,0.595458817228719,-0.62725633763799,-1.62147987607106,1.82227360162153,-1.96041635746577
-1.38179110077817,1.20239489560843,-3.48713951676514,-0.915655143199394,2.25220749170658,2.07381292829182,2.29025745646669,2.60627006458223,-2.60211496341946,-0.166077171268128,-4.08095130572948,-0.965402095869076,-0.711447759689736,2.08128520416835,-0.896436308884988,1.18740358086246,1.38820696607464,-1.87262278431607,-1.56079113569342,-1.70335455218768,0.698220725808404,0.86532871188815,-2.26459715266695,-0.449689517317245,-0.473883851923982,-2.4471305179981,-0.556376907039655,-3.2729377415646,-0.678105437440677,1.23890779840369,2.54368436930281,-3.82681584905763,-3.10387230619686,1.38365820755103,0.481879466904727,-2.18664207523749,1.40431130870251,-1.63494181368351,3.67261756255976,-1.17812293121213,0.709981587976607,1.81234117140934,2.30835889160638,0.0998890452178243,1.50150774594787,3.37257180419774,0.536759068204595,0.865851025053154,0.0994800020373601,-0.386282131375132
-0.0923794146118974,0.896309543088075,-2.06055809834474,-0.559734432696758,-1.13526965991747,1.42991749453593,1.08046974636624,0.327892289483946,-0.578861647877756,1.31079415293752,-1.38287558659572,-1.57845371959134,1.42670700647263,-0.574067912606494,-1.29708415031626,0.162195953666348,-1.27550758891481,0.954652037519927,-0.718857344593745,0.776317219086558,1.1744034656479,-0.125319638477585,0.855953922925835,-1.47424782112403,0.365993661127718,0.296360798051746,0.841041363785858,-1.11749621142542,1.21127858449366,-1.05282014734144,1.21356873872814,-0.700445849297916,-0.153843620347889,-0.161520792761047,-1.37663463864956,0.779917079791359,-2.78581710026006,-0.243438869025337,1.54379550563053,0.162922026328709,1.61701074220313,-0.389887925390628,-1.17760170044055,-1.45738773270315,-0.194888140678637,-0.349638211672559,0.884039231323898,1.10381452231194,-0.14011687825542,2.71563922787327
0.105618675531934,0.874327759667774,-1.96743728848258,-0.250934009887687,-1.51559379776058,0.218636455462302,0.62190611901993,0.190072072319445,-0.584204269291932,1.10068742012602,-1.36536683015199,-0.943031130387138,1.00701967575643,-0.495008994379842,-0.956230079371874,0.0448486219751815,-0.882101301273574,0.838641995147429,-0.387232237681936,0.365784919777262,1.07781781753527,-0.37753058700656,0.818914647905394,-1.38914785414707,-0.580196801103874,-0.63238540186003,1.28540179942623,-1.04383985036643,0.2899959435583,0.0252216780374191,1.47308544446501,-0.00189635174451339,0.356974425872944,-0.341609582940521,-1.29124961094971,1.09300022470574,-2.3790529234183,-0.112953179429014,2.62133464193988,0.0254702162524441,1.53880765002616,-0.662897185534857,-1.34928799662472,-1.27259330328722,0.227188547676637,0.77023123331635,-0.425423200556601,1.06464236626039,0.0913988514509836,2.97526679239614
-0.452229117349876,1.03706027029988,0.290792807345729,-1.0488371060619,-0.0775428749877782,0.887832044629292,-0.53973618463955,0.42965359156115,-0.102819557699281,1.70562456078673,1.94924649092999,-0.267483113182579,1.18004394969059,1.39040076047071,0.539435389338842,0.170579089806451,-1.14882163434264,-0.246762590519825,-0.527552459826868,-0.413741245288696,-0.937374879570162,-0.478152819444596,0.488615951997448,1.5756281437167,0.903446522750111,1.10985419837607,-0.706854818779623,-1.33080022235858,-0.647832031384495,-0.796187315643832,0.710081742662377,-1.56946169590616,0.855111459827821,-0.933286502850572,0.418960987174157,1.99797041479702,-0.0478036813980557,0.928896100405213,-0.618935164058742,-1.96004139199555,1.37769607054246,-0.462334641324626,-1.17717196018703,0.529319326934456,-0.182551747731576,-2.18870588099982,-0.01685088988917,0.6947523045445,-1.8618895683987,0.519383410348851
0.192111402213704,-0.356602558723389,-1.17708093850002,-0.343268163786025,-0.802810051335286,-1.13326396841613,0.284751296348258,-1.16150639193907,-0.619816672622056,0.00521956747932634,-1.61158537419343,-0.0877913986003165,0.186775482042805,-0.938505382968891,-0.560329518860094,1.20542752738467,-0.100118306917392,0.476316600045409,-0.438019580158363,-0.121097966587907,1.1776788654202,-0.73410028768289,0.647778101762879,-0.49974305721403,-0.543382216769296,-1.38418431849414,1.89475959297824,-0.721666503664479,-1.38587571231051,-0.221168682218966,-0.747211971382263,0.846288372244715,1.31394780351758,-0.899475655161348,-1.28091782060436,0.604947041720746,-0.771662350297709,-0.28607550863367,1.35017169202604,0.532474677167007,0.682170225862139,0.0324617420322849,-0.732688730529607,-0.596198210397286,-0.806480916704835,2.63757439177078,-0.0436448264948755,0.404663004221696,0.371548594980418,2.16463568603061
-0.0143560318391325,0.0980698031166116,-1.35140862644886,-0.349312078608628,-1.22302442292101,-0.653210175839676,0.560599658525791,-0.730845881471605,-1.01515013225753,0.333776077256217,-1.87604901839506,-0.308265581155796,0.396266901727622,-0.987473562639905,-0.497408231701952,1.19391362232927,-0.769055031475013,0.122008938209644,-0.283333232776584,0.0807029138728159,1.01420369587331,-0.18438925485383,0.725228947267898,-0.876222024709275,-0.815103377945101,-0.793001669168744,1.71846581432438,-1.28129653718869,-0.141212480476573,-0.384825460450359,0.00920902157276254,0.36882824524089,0.669489843188368,-0.588640076787433,-1.63052310703022,0.237064032902032,-1.7081527616529,-0.00570666402311009,1.77666847714755,0.409476873535364,0.81657772551394,0.00168084093637086,-1.15849589259033,-0.720322103021242,-0.211085414118394,1.34849055082284,0.292881316016482,0.355130188921609,0.26631766432103,2.26453521461405
-0.360614524138998,1.35221195806462,-1.97461682246723,-0.609820585011723,-1.29745661186124,1.15011696722329,1.02672191308888,0.0213718250385816,-0.768195814074817,1.25427514370922,-0.970518941500669,-0.877821177010486,1.09468759415044,-1.08369291354645,-0.743255275098485,0.00777481680634183,-1.29801422593044,0.626682100650745,-0.0612662321815857,0.682438679441782,1.09266502515747,0.0885723505156643,0.619028668192654,-2.02408183460353,-0.70328120865826,0.201787466236781,1.39567730512552,-0.782985348635518,1.36768309338748,-0.417346532604175,1.74793497829726,-0.74536887461334,0.241797482986585,0.36131957819778,-1.80510798366877,0.865594558186206,-2.48742018988907,0.00881246570618738,1.85253523536361,-0.403349619819782,1.40307094175903,-0.76515212314575,-1.30985959803702,-1.36901873962541,-0.151023326530614,-0.841802878454794,0.0813155963725792,2.1029230945608,-0.155793988619236,3.21311512015813
-0.062241896902745,0.134128152475156,0.161842543599051,0.845704438932883,0.735976140248408,0.732567918779275,-1.4705487809304,0.00987069442665311,0.843757018724669,1.05426128540943,0.944321271810855,-0.255292409590917,0.564839503211588,0.146840108778739,1.12880984961211,-0.955448024344416,0.428248852348734,0.739293381068522,0.715368377122994,0.197157338040773,0.68577758691382,0.804806886232638,0.039954560619522,-0.289463901396964,0.648700765808239,2.36125395148056,-0.318197136889591,1.76424882725029,1.13632281560215,-0.241129112406571,0.502331943179305,-0.481837141032877,0.441881716300676,0.407527531196736,1.21698845568934,-0.295928668969274,0.691841277413242,0.630246552052162,-0.112940857954726,0.293271511087317,0.166699811321696,-0.461051716257972,0.555112825884951,0.316605738193607,0.838656068407749,-2.55971234833786,-0.702026868981531,0.490671937010566,1.34070348146122,-1.81055261142662
0.153564696940485,1.29275092312616,0.425837834543234,-0.863519264067697,-0.434320936447698,0.19014484590579,1.29262622036114,-0.312506375006052,-0.449166554057869,0.853656148668397,-0.313912918513042,1.292322281103,-0.595893271215176,-0.880125224332841,-1.67719834034918,0.349999097551321,0.585612009604958,-1.76312992749491,-1.87107004286004,-0.632510451004862,-1.56266626939866,0.135595279106133,-1.58375632435064,-0.00484621916473271,-1.53463661707381,-1.3331728112031,0.375904545046881,-1.35262905494645,1.61232495392799,1.48673563269649,-0.05627129179452,-1.240436314474,-1.98629517047791,-1.13067242965662,-0.824233271664092,-2.23076903265366,-0.0954541368156885,0.319153341427906,1.45262027329202,-0.351060960595775,-1.12042290707094,0.924458989076753,1.28273029330909,0.794514224145159,1.24312206456804,2.48667287880431,1.86648519810666,0.0277564469094642,-0.585740087555334,1.75216316212914
-0.751272634024569,0.55721888617982,0.210987266997493,0.821597646155639,-0.191062662239525,1.35417464038726,-0.867661536783293,0.121677251264767,0.044821746662334,2.0281710197429,1.29078754594873,-0.148478237876417,1.07159776148978,0.237196995395234,0.782312316704767,0.415178983776305,-0.985824216682076,-0.0448019068200125,0.650193958782025,0.684535131772589,0.2290250597698,0.23042263880347,-0.23840116764878,1.08181060073488,0.00348171782335818,1.69244995187258,-0.0553108888421522,0.0321480281469827,0.108842189300241,-0.64660588153579,1.07506588141133,-0.910124523767213,1.15405846388002,-0.427853067680742,0.914519382969271,0.954984233991365,0.821697506547682,0.370990187284743,-0.283915032305617,-1.13301704621522,0.93964149042236,0.187733289688872,-0.495679294284771,0.143092917720232,-0.467292946120796,-2.80850365514259,-0.512319308298752,0.570051919234984,-0.056751607886611,-1.05279212127587
0.5618164520773,-0.974209756010837,-0.212968427573137,0.0832578624276727,-0.634082500018601,-1.80638787367089,0.285004470071553,-0.978013126209582,-0.713781049874091,-1.50974671787191,-1.62659350333429,-0.125112111872273,-0.610160023942577,0.129309874042967,0.585193917440284,0.340204460765526,0.240620251625645,-0.305291181720427,0.770993309773502,0.309005447068288,0.670723881963228,-0.637205178015378,0.540574647615471,-0.899347168694372,-0.398238369723499,-2.33477718720992,0.821367719857862,0.137933034730715,-2.4763600402866,-0.0794749157340873,-1.51184878517555,1.12704718356984,0.791179924947891,-0.676587236396187,-0.346153779364493,0.144202151937582,-0.989963716895137,-0.894719244252464,0.248879210755093,1.01534948881172,0.00332359157641953,0.165487094622593,0.0392267440832122,-0.655090320023029,-0.401375075769819,3.11403848731712,-0.476270090029103,-1.00168356018656,0.968897670811995,0.678003531836783
-1.00716636882762,0.153100632587563,-0.291986679257809,0.726723976074884,0.670123567762755,1.12856677086328,-1.51816767408514,0.316920549039164,0.631350643446802,1.41736839159757,1.02333948968416,-0.463342148815358,1.12498963802138,0.428032382497633,0.817806482806198,-0.517427340875511,-0.884064881170728,0.0367928088608007,0.369531588968917,0.557925017338852,0.423026422798983,0.485786718689243,-0.150838973705932,0.643682401613981,0.491585152433176,1.52565181390996,-0.747565086430614,0.619966802319668,0.682451228663848,-0.558946601489756,0.404918043446146,-1.03843881777597,0.790058040794053,0.395345381370479,0.69419453145441,1.06947593727326,0.531641192443071,0.844131447192605,-0.929650414959379,-0.509254232339711,0.877101167462914,0.212223178560805,-0.257539449084235,0.364843092112414,0.048832283217963,-2.39217102184343,-0.949676459525578,0.829395504979802,-0.0362046684966317,-0.967381001469645
0.385102991374627,-1.4608706432003,0.746617066942768,0.432003641821725,0.449973555587799,-1.37536410807935,0.913714976644601,-0.479141167256413,-0.326706231304307,-2.58153317254806,-1.17412987785276,0.430420673715979,-0.334847617338946,-0.145208058564745,0.876165179642454,-1.18421177419665,1.22936289045375,0.885802656041532,1.00080902084874,0.256674143313661,1.1277823749267,-0.240036043443136,-0.275043749524011,-1.20301245282907,-0.059372372348417,-1.77615470250465,-0.256225428861394,1.74949935826529,-1.12648507460533,0.230216317604503,-0.674308879393065,1.02979709701683,-0.0252212681976232,0.621559243529005,0.130012068897648,-0.0482123856227884,-0.0575452528313053,-0.872751237188796,-0.948758401172539,1.98942094925723,-0.58935446834409,-0.111630584169232,0.10948873788042,-0.429365152045344,-0.249256890471843,1.03978813502884,-0.715789810496207,-1.46958163784875,1.78656703948646,-1.91934369025258
0.240949402031152,0.917495200780764,0.457705699539712,-1.11381220698225,0.279738116238304,0.851850723718335,0.720176532728872,-0.0927331558796117,-1.05907106160338,0.83123775215931,-0.527809855124495,0.71228326867133,-0.982338825416989,-0.9086522638158,-1.57875583426,0.214328666432957,0.387248111810144,-1.63588412248416,-1.54021682529697,-0.213581287298461,-2.06668890176979,0.397543151551532,-1.36344729570231,0.230722851419603,-1.15602555225124,-0.909117702974848,0.157335712939154,-1.11804941977959,1.3717762263619,1.15252974026118,-0.10764601922056,-0.862851923892306,-1.8957975660077,-0.490866807968756,-0.520689568205655,-2.49199658532001,0.389231732416322,-0.388800463983064,1.32515826568312,-0.494302683381521,-0.937283112003195,1.43240891797924,2.14975624976017,0.576746573097256,1.66823406460982,2.39144116279991,1.70416758222913,-0.060462906904372,-0.420568988013174,1.06470317227069
-0.108560271024062,1.42834258835732,-1.8921208242005,-0.812184382070439,-1.5837107600582,2.18069633009398,1.48467548259793,0.922181959331188,-0.97402642618174,1.61881414388568,-1.75639967003708,-1.11087009609962,1.76743547836666,-0.712842420008773,-1.6287320761939,-0.175318827130365,-1.76923573815782,1.12957397647857,-0.21114241971962,0.202220498390777,1.70095450979511,0.587291421537772,0.267226099972365,-1.9806542612237,0.574925361343952,0.331261377309582,0.666912225258188,-1.66041480094367,2.47331355876997,-1.22810288632801,2.59605589763972,-1.42118933021331,-0.000541945262478749,0.740724742201917,-1.80032322940139,0.976884745586063,-3.75687345188197,-0.255944783585221,1.55875526330593,-0.483299225784949,2.2679522724303,-0.686330305969746,-2.30767309978592,-1.96023256758821,0.779421704557502,-1.3198229736413,0.693886462192771,1.45758719445109,-0.433697453939563,2.34740411878747
-0.713099397004059,-0.780972110309914,0.389823457164831,1.54255386764986,0.727405746335581,0.19483724031133,-0.952699888310787,0.967590774903388,0.777390690104396,-0.867949073831683,-0.191970620306196,0.163352464312419,-0.0340955900588438,-0.320626218382823,-0.47349348159428,-1.50705959403027,0.886457868146444,0.696301736045618,1.01123682201018,0.066547993303508,1.27618569197644,1.04343142834382,-0.278547027588236,-0.94169383915251,0.363223000738438,1.22223435707566,-0.525970961640421,2.54043900501817,0.918169884337761,-0.42316570286707,0.19899934277206,0.60290227264874,-0.0715307177621307,1.31729436683179,1.60977760976261,-0.782732336085388,0.349619075587485,-0.303005929948035,-0.788366112524427,1.38539331259221,-0.740687809827736,-0.288802599354752,0.786887267797639,-0.0963408628128659,0.487853948646467,-1.31122532491016,-0.774693852492331,0.025150206955221,1.94465818382048,-2.31025675213873
0.215090057722319,1.24480059881304,-0.370075207399303,-0.962220148367685,-0.323018267092753,0.587074326600639,0.278726911477897,-0.163989816466658,-0.185204055421845,1.39012347761729,1.587780071856,-0.041846658230293,0.614890223780791,1.52984483757738,-0.00950367540254372,1.34931429212788,-0.99103180088983,0.157261325176634,-0.564994740579617,-0.771842384881961,-1.60230336693964,-0.33071513091322,0.772399424492705,1.88305239120274,1.13001403153669,0.922317609406254,-0.985593313960251,-1.50305903776033,-0.926395547971529,-0.462084342671231,0.130421267796266,-0.600253241515116,0.285908056563677,-0.488938461783996,0.264061122712933,1.88178414441348,0.0157754373631101,0.426836425627388,-0.313740357859325,-2.33654743900035,1.04075576144926,-1.08257573952208,-1.68196089068203,0.485946791355922,-0.50167472668923,-1.61144786375444,1.14540003798026,0.555438411575414,-2.48795507329932,0.915967516567192
0.156736597423144,-0.735122290981274,0.379614083674014,1.61023861039664,0.726427521009585,-0.0351571775486278,-0.859148063512389,0.392419300340403,1.09466260992767,-1.45227263522346,-1.23266447776106,0.36217076912568,-0.383781691130086,-0.446133032430097,0.566733527765281,-2.30509341922283,0.48764462890165,0.602688287059471,1.63998435549748,0.548699820776649,0.97721617283222,0.663645710731904,-0.546420841411915,-1.15544017864829,0.872695775630622,0.467924672721956,-0.437042186272621,2.5353436908637,0.622407667563827,0.0452534884690566,-0.303090163817207,0.482117625227275,-0.400386810029068,1.10404320771072,0.955366122955019,-0.596274784053301,1.06334456275057,0.0671072318254275,-0.73535155014576,1.9416588473565,-1.0614293407745,0.214937620631815,0.664250314683386,-0.409180949137315,-0.275819503630183,-0.386219107110943,-1.16779081077074,-0.657944559077041,1.66676398174268,-2.33418382318698
0.147838133082002,-1.21415822931121,-0.949327077792664,-0.209159418525675,-0.748754909452587,-2.05466194825397,0.631562183885732,-1.32575191813458,-0.910923439043439,-1.1487006035407,-1.6161543463438,0.466902248616279,-0.242996758807485,-0.421884781038247,0.496564792714286,0.909761774785362,0.715767021397932,-0.386211268857617,0.456074445116882,0.296983714684371,0.712493307669258,-1.09367821058222,0.153148078714355,-0.806160385380715,-1.06083440423337,-2.41908799959345,1.46053847187979,-0.1812281407945,-1.74665465917093,-0.0919499479312295,-1.75468526110543,1.34480953326993,0.908554620978179,-1.06467586996089,-1.07775627278145,0.111373041198309,-0.636702800013588,-0.221508235080761,0.781129489021269,1.01624053226672,0.43008592735097,-0.367586454249608,0.0699675435921171,-0.381911847648433,-0.623193479419366,3.00261263509856,-0.398517719543225,-0.698134418961907,1.18500595026685,1.48574365007931
0.453409301488823,0.666261468145738,0.837938465354409,-1.25754150646576,-0.911755653410789,-0.340765370659216,0.816547205093876,-0.86375097581327,0.182258852803427,0.338576461997862,1.43951547814137,0.823297208246061,-0.670341046565512,-0.426261706325624,-1.41345570674976,1.272609906,0.0028090130481814,-0.914665390379887,-1.74544026129078,-0.752249742733193,-2.29179947337338,0.15701376496798,0.368845533612744,0.972366143052303,-0.582021698988225,-0.31068532309945,0.286512876396543,-1.20321839125864,1.37270078712453,0.901442235222391,-0.376506889407604,0.207305599296458,-1.07854619041859,-0.475833431179099,-1.40979842257634,-0.750323412511501,0.0933060170137566,-0.00940313985618075,0.054553903476286,-0.579007414064515,-0.90504502815947,0.243145528453752,0.87608553468232,0.453213362615269,0.783701385253476,0.251956804913259,2.49645672842302,-0.485620751069493,-2.06449190483842,1.43691570810777
0.520924345011813,0.103250225672832,0.29684419424481,-0.750584420672294,-0.638615987793276,0.0666334987897226,1.28602129774202,-0.271086709299814,0.470031099868795,-0.257698228994273,2.43002649159871,0.142081816107746,-1.29709852055687,0.261119457224106,-1.0444288417449,1.66237873414783,-0.248260871502253,-0.47089271377029,-0.955053696979013,-1.21160346424658,-2.30856632258632,-0.215431681903921,0.756602945606846,1.50796129270026,0.231630190816287,0.397154086416868,-0.0176513653343417,-2.19383801329698,0.342513975001234,1.09135872682999,-0.187790147965656,0.571117779970475,-0.385728440445712,-0.412079232628901,-0.938268140021412,-0.0860402235586712,-0.455083908892628,-0.0888342610356159,-0.248356599726497,-1.43091872664819,-0.412958622454155,0.156726198754207,-0.223866380130958,0.833391127129075,0.0248875999923772,-0.149774028719267,2.35075286609414,0.589351339256289,-2.62250938851417,1.92707920451943
-0.198824298797732,1.23942552871561,-0.132197974775612,-0.773833395901875,-0.444246042923213,0.668052505892265,-0.0868800572660078,-0.127554748281051,0.10322767696857,1.14485013180626,2.18178016407257,-0.745440252070108,0.833628821955799,1.30768162187985,0.88416651753298,1.39902159315932,-0.862154122340225,0.212307392202148,-0.419800507383763,-0.0865312286008284,-1.15453055569384,-0.534020264406989,0.624335584206963,1.96787978392146,1.09909275802392,1.38878358358053,-0.893335127733644,-1.17625794342502,-1.02116695427312,-0.0671536702003318,0.213763773938624,-0.800039201111551,0.263633962089349,-0.976156110302401,-0.209583099421414,1.81615532209644,-0.153573858524736,0.152442197467753,-0.714223002500429,-1.602189491505,0.950188053774916,-0.412223131219366,-1.6104733614329,0.828831146002193,-0.843073065017564,-1.39112314357863,0.248165383722435,0.685569753320105,-2.62021576221359,0.46137320915507
0.0524002931063999,-0.84150745007659,0.96698230490899,1.24319876488283,1.20157141704046,-0.298815951157366,-0.648889054050562,0.387967540275817,0.655128833137408,-1.5517566935184,-0.458802461449973,0.547036030324343,-0.290247746416504,-0.864141351108164,0.77387430733604,-1.26934874310894,0.652338808390266,0.896294167952875,1.33242788992137,0.204467642635654,1.30986109570829,0.823481742857704,-0.292930442970629,-1.74000379916535,0.403780045880152,0.125994201883067,-0.32297048835643,2.30847868233182,0.70601150959413,0.169718181671078,-0.471830216415026,0.818497418866104,0.0693423695285512,1.71289571064045,0.837899531037305,-0.79985723791936,0.693325362913458,-0.150931913077309,-0.858557191764479,1.84989604531148,-1.4815744600133,0.130189490034371,0.448016744114321,-0.65452346845961,0.193259785602132,-0.716165469094981,-0.943295725984642,-0.412693847763832,1.95078422940629,-2.59310588486503
-0.327775421612697,0.980186219760529,0.404509608176188,-0.10608406691068,0.042437825670861,1.68191517182287,-0.652283467134245,0.0479360845912327,0.374304170872693,1.65773220273044,1.36305432496421,-0.658481522805197,1.13621187529837,0.448971603860863,1.03287379640953,0.968460522106831,-0.675301937701474,-0.480620800912416,0.115066756603135,0.509908361356928,-0.38600474672299,0.607750326830557,-0.0490066116832036,1.32524283477395,0.579175866306297,1.50668564568078,-0.949728657141117,-0.439761830636651,-0.303845931676096,-0.648936783497327,0.637270235978387,-1.67247193582458,0.675569940002712,-1.02799414210518,0.87729658682449,1.61656549698511,0.549996607127228,1.36328239345578,-0.0417512851318694,-1.49007162306641,1.06414706111183,-0.714761071705418,-0.717246755125231,0.768465250653385,0.0179620245726605,-1.94371693030181,-0.693545071791915,0.658840881220367,-0.996468408262048,-0.166650669965236
0.726948099218756,-1.04507213663985,0.818721892835843,0.130165634344583,0.155522701645186,-1.4005198656992,0.359002157213135,-0.0373561310543154,-0.84976680680431,-2.97796902657185,-0.986906901263172,0.488028524798601,-0.586882898465715,-0.153377825951792,1.20796561980267,-0.987933521215668,0.811911458798875,0.384434183322752,1.1394698557603,0.535793537871565,1.51149838701384,-0.390644988728646,-0.532114571963223,-1.07694895346507,-0.200145152808181,-2.01745569389022,0.0341879849115784,1.34564134376685,-1.29632856412156,-0.0931636555671075,-1.41742451461234,1.30810207600726,-0.03666546699903,0.456408781759855,0.55596644764132,-0.111003885372657,0.226662765013237,-1.16783323063205,-0.510554516690243,1.70908456225435,-0.544017281491459,0.16442944749929,0.381697199161089,-0.430892617583479,-0.609188789484664,1.12566465430723,-0.978157918922864,-1.55621572677068,1.38545506423157,-1.65030293838898
-0.308717874768057,0.905477622730971,-0.183919946475193,-0.913435011777588,-0.200037202863431,0.973558988715092,1.30642033810026,0.269332020766023,-0.779358702001489,0.867695358266543,-1.31966578702802,0.896354374849423,-1.14118847404014,-0.252651116631699,-1.06838258816267,0.0946687181218486,0.590271822622714,-1.89871434917814,-1.18614847163436,-0.662934053563181,-1.65730815346296,0.394125525713958,-1.64670763035041,-0.0498349418279075,-1.5780964711583,-1.64528582245947,0.59685387520921,-1.17007706026224,1.26862371504986,1.1768100693562,0.800166900019744,-1.62009463119423,-1.86750727821151,-0.589302816698232,-0.515033958750101,-2.16637240365008,0.342527216048672,-0.286627594359431,1.49147269714507,-0.476279404003656,-0.580075149234477,1.22317430051084,1.91914942889653,0.700254513391909,1.44280293457456,2.29181679040322,1.52730069139918,0.0891660550885447,-0.310074776174355,0.700829906669515
-0.704437163510315,0.287686131054877,-0.38235038257491,0.216328202578053,0.120785622202138,1.02722308192009,-1.26704079278573,-0.192249660035248,0.30405776297024,1.6594198367249,1.16010983219745,-0.315482316607515,0.77989556546036,0.499115065334975,1.44518603079681,-0.435892035289868,-0.329674625034604,-0.143254353549084,0.241168053121401,0.343076432481175,0.200906453359516,0.143434079196737,0.0472364478358288,1.1404842350799,0.95347532089719,1.4836054747733,-0.822199388703675,0.0469450264281233,-0.307155253239186,-0.822414977850997,0.762849652214456,-0.972444071892172,0.278600634781082,-0.384116257051522,0.957161485903093,1.36508452729562,0.773975300537469,0.410636287560674,-0.888755904466541,-0.915220867862571,1.25034210488688,0.148860605512103,-1.13965238876662,0.868569337413819,0.31417171605376,-2.32267259696256,-1.25036216200134,0.409532106884337,0.424399279401417,-0.349158052259346
0.227228146067969,-1.60764284921345,0.874661838569755,1.03478432151644,1.0222457539871,-0.546425261370416,-0.626021536509479,0.378296558491037,0.897205150697038,-1.97479220775179,-0.464254239264496,0.445052541464129,-0.635576803463344,-0.252744145329669,0.369285659342067,-1.53273108235495,0.695306528598477,0.10540173421662,1.39220061600915,0.79766437215521,1.31423244981332,0.541242030549479,-0.312539630948365,-0.737497850349233,0.439658901450053,-0.368714172922099,-0.583729967714794,2.19136180742417,0.465338954980913,-0.344998182292838,-0.385105578649725,0.868097387650977,-0.367346641670429,0.888300000228157,0.805677547459252,-0.633891592329843,0.586460751465195,-0.451638374439369,-0.723270025300065,2.07790598083876,-0.445270178384557,0.142306848097265,0.822486427195162,-0.253848298791208,-0.139859096865874,-0.540011456627597,-0.931575517876424,-0.768550359482649,2.17084459949626,-2.58732864645868
-0.129259573654795,1.06149088894936,-0.44010764180085,-0.308717874240582,-0.0929962515069403,1.00947817396406,-0.392491485629144,0.309424461387632,-0.131052671301747,1.94394305514684,1.73616215658169,-0.866343549932334,1.21787722257781,1.9575338343647,1.09620294648624,0.429981876271203,-0.781765461896302,-0.163083306289739,-0.559856654378883,0.261320722482486,-1.13077865604919,-0.115359248505959,0.723549798839694,1.52848455356622,0.450057513161356,1.17159958493059,-1.29850264861193,-0.97644070208537,-0.810686378614084,-0.467211962302911,0.314062492693956,-1.31271906129495,0.52595315304323,-1.34081366506973,0.440479632145061,1.82455134672685,-0.00721580483484674,0.00473828354011693,-0.521975988100843,-2.17519866246028,1.46166819614087,-0.494665706170895,-1.56940371840979,0.493111254838783,-0.24586749056715,-1.84729605839052,-0.396488236533086,0.864241099394693,-1.51107133109737,0.303122316623718
0.309010385755074,0.24937710649423,0.439093700928754,-0.985970426049928,-0.380913939653744,-0.420628408939633,0.990707520014045,-0.254366591452826,0.555681959049532,0.481058728885566,2.27446910994851,0.0489479938323009,-0.400945758770751,0.14801544866144,-0.933256109589893,1.6356211263482,-0.874232061205235,-0.128236703996542,-0.569120711409989,-0.966424917374882,-2.91696745744562,-0.231749838570806,1.08163309698484,1.67401219926774,-0.0298177441992626,0.616143443380319,-0.505514815713697,-2.16290323618828,0.688038963209017,0.740881580735666,-0.464878127698822,0.170839397370843,-0.537704133992378,-0.127590443191819,-0.835895577994231,-0.266337329111482,-0.414066887674365,-0.255181915427559,-0.234903289113203,-1.29669519986823,-0.622900349776169,-0.469376126607019,0.387797344338536,0.446041586023854,-0.295019116018242,0.00907646352783863,1.79728567890323,0.37756186235981,-2.61555733458351,1.46007223690377
0.308296823276888,-1.34903211988877,1.02004385604416,0.454930242800598,0.146470796787863,-1.14962959620592,0.700328991375493,-0.095912241230564,-0.454141693255279,-2.4678299109126,-1.00479906745976,0.194967672820319,-0.115028943592187,-0.221043159282803,1.07489886627528,-1.17406533701344,0.956661945829754,0.387031403036243,1.25981812129178,0.266627426390857,0.701330101070469,-0.36792584145168,-0.0352896362642248,-0.840134588889687,-0.0666723024103915,-1.85796324262957,0.268448332657422,1.68050558090469,-1.55466384544148,0.541830885654664,-1.58290943773616,1.10557008235212,-0.151813982519288,0.533414941479627,0.308595354241131,0.337183077288926,-0.00709845094421523,-0.494466705838741,-0.445544643696466,1.23088968521136,-1.2186974781049,0.142585787832905,0.125714095201688,-0.810739571405087,-0.351177316833547,0.804193138492826,-1.3998399991035,-1.36765478803483,1.34928576994502,-1.72226195871763
0.313559105674559,0.676628770990864,0.308079328595587,-1.07119201669331,0.068389309838261,0.472342002167368,0.462915173129817,-0.0407639848872119,0.34494014704031,0.846893829440247,2.06366332451966,-0.14522941433127,0.213338667323715,1.51902872263883,0.138441210214953,1.43080336658798,-0.901672057376427,0.217712100793509,-0.923253046723223,-0.810539736481805,-1.42582619056883,-0.810215499617085,0.974392663046644,1.89980991110374,0.815580245148786,1.2924504591592,-1.09704916911157,-1.73819769696385,-0.925831663023149,-0.0547748548226181,0.267749257325545,-0.61121597654903,0.167656708181181,-0.141661723430064,0.0193061966753606,1.46961200098814,0.141371017413448,0.574701998701601,-0.346090793961418,-2.30277796790669,1.26178144303444,-0.195220829242931,-0.72187754122656,0.52174761479894,-0.76929878714221,-1.78456013563299,0.78688529397744,0.539081790553095,-1.84648133687835,1.03402491586865
-0.615506343794156,0.851680183684094,-0.336005149265421,-0.302368051945822,-0.370776865435051,1.00220302828489,-0.717741525306311,0.249167936714177,0.266337549432793,1.88914786898501,1.32196970801544,-0.253345321687298,1.23328674823162,0.704757915308474,0.931070935553562,-0.0958636464172984,-0.568452986460193,-0.076870503920097,0.150578951447555,0.901124118351755,-0.0228283010341787,-0.0745957724550037,0.521272064386207,1.1154560161776,0.552574553022508,1.69905131686132,-0.637725806126938,0.0299726928550652,-0.0129882347979772,-0.885968619559125,0.121429615940955,-1.01783146290335,0.681362258976458,-0.800096486147634,0.836451302373817,1.22952767768952,0.251059706562643,0.532175871737711,-0.285640357582543,-1.36799970044893,1.35643218112669,-0.315849136900572,-1.24016666386397,0.745886366755788,-0.419618847831659,-2.23540787983515,-0.718715585672567,0.963393587619928,-0.764294393160228,-0.289618857851321
-0.365239889091711,-0.659302910815593,0.528905521254563,1.476586209782,0.713242119641251,-0.101778128168858,-1.00126858449916,1.04856452745928,1.09311482202661,-0.244040046368356,-0.0404771337853053,-0.360289950188714,0.354849175979896,0.0343720656946478,-0.160508148755145,-1.60377489613207,0.641071275890571,0.446720783550533,0.713993839616562,0.375323228138717,1.33761946361781,1.05968521609188,0.338030115724844,-0.640581310596855,0.505594046958826,0.975212300586829,0.0101337611072305,1.92851654530411,1.25915333232423,-0.370201312627868,0.0643578982608232,0.337536089816018,0.396282534116838,1.45061154654831,1.02095394552705,-1.13597391689138,1.53109188025017,0.407153518023871,-0.504033405784942,1.42980814365117,-0.433392709786783,0.251996961642933,0.663833300153432,0.241895692545323,0.419697251047367,-1.48427903601404,-1.22378415639317,0.338979402370947,1.62196908604024,-2.53604368679899
-0.080343060676781,0.586788463680285,-1.66987788164411,-0.899245990782497,-1.35146336162664,0.913525631481006,0.495380232466021,-0.0710134338475292,-1.11039768743314,0.614375230940665,-1.01514753269,-1.08852812819616,1.29757796040099,-0.907244964064094,-0.390567585185562,0.158453512685034,-0.603921351311885,0.581266039867618,-0.553980874236805,0.350865922258188,1.31807564626835,-0.152487847714975,0.841356435680092,-1.64391153189984,-0.470423298773049,-0.357349849276383,1.93299166421574,-1.15045816160215,0.252976783247786,-1.06173346858342,1.32864295493875,-0.0188466384943727,0.518814502645334,-0.340693762996621,-1.73343314916382,0.380917704435107,-2.31036025481253,-0.305841501336987,1.6086155223817,0.00171932682965062,1.6909516480368,-0.431157158864294,-1.39935698937966,-2.24939881416732,-0.314829159823762,0.265923546346799,0.13523353835973,1.22413296217263,0.274174296474894,2.77891420585132
-0.207131251931201,-0.969678746199466,1.10584895155859,1.70596806687555,0.916229402637606,0.273261433393462,-0.608638516592925,0.570845423399574,0.82115412089825,-1.35334044381543,-0.362044792111059,0.110079527911898,-0.0936553722057245,-0.560056216042646,0.684332120070257,-1.83704608862292,0.171178677973392,0.813274901919586,1.48309343856413,0.134618647498797,1.25324450391225,1.02698367405407,-0.103679905138667,-1.14265205863193,0.615638231427646,0.550240828364032,-0.618764522351693,2.39506171172127,0.194909870432166,-0.355546234822541,0.0583789829212593,1.24805487438034,-0.163295668621691,1.56742377973438,1.28440155717945,-0.385093321959405,0.502826108333915,-0.23189724080615,-1.25210236362498,1.9838335632049,-1.2365611610203,0.0827953328118188,1.00187453492661,-0.47333703930844,-0.0781173820936571,-0.981967767017823,-1.01704765654112,-0.721978594055755,2.01189347317642,-1.98469538028037
0.234123101811612,-1.09849259167015,0.214169847076545,0.000836222224563109,-0.742654579288581,-1.74575832165655,0.398725364254078,-1.06097704266755,-0.436596817207306,-1.89757014271412,-1.35666793394555,0.894259609542034,-0.773731529173788,-0.039912046819777,0.422301933504722,-0.467832203485504,0.622748038334064,-0.302003598080103,0.49290122426592,0.471914435857536,1.10797734619633,-0.78577366149049,0.159853848723079,-0.690815328135869,-0.581314320468208,-2.37650760702197,0.653794637841489,1.00970904516522,-1.85035601600323,-0.154712805238153,-1.36435722928702,1.21539136687303,0.50626222326063,-0.536136833734828,-0.487087554496281,0.299328905484813,-0.143925672739163,-0.379704112876993,-0.575833962732843,1.097664392203,0.265878599788502,0.372257148918567,0.0278963529806058,-1.21492687675136,-1.04849466065209,1.96161091133266,-0.764941816894926,-1.09258430961035,1.22746828400202,0.0693747540468849
0.146067452230474,-0.035180894870474,-1.22011991964945,-0.580224061415768,-1.19303560684666,-1.11673873420221,0.480583906927265,-0.818243771529852,-0.548720433062139,0.578452105951373,-1.0978687505937,-0.00714557885457736,0.559935398527021,-0.403634094831737,-0.366751594121618,0.840252905439242,-0.443057052802042,-0.327133485539632,-0.0660650553666891,0.234105239364723,1.0627824148745,-0.701057141580617,0.599006215363526,-0.265031296899556,-0.817086407998355,-0.811317626378068,1.66562457618276,-0.966585288641938,-1.02281131086099,-0.170062286658931,-0.373364760210902,0.285393168662769,0.623089793452645,-0.879764640948952,-1.73499677527882,-0.390199120972291,-1.36842919713077,0.0460430933132873,1.43314520795789,0.155673415254667,0.44560843352503,-0.481861779842733,-1.25238455115397,-0.307497206847805,-0.354811924314096,1.74398629047056,0.238415215669589,0.026817398143471,0.238174836499273,1.78984157729945
0.147524807840387,-1.01562810723818,0.851981083050536,1.13323741668066,0.912345207419552,-0.424252210350694,-0.186172646885972,0.228999524952517,0.729933631786082,-1.97497203030683,-0.451859656786246,0.1876245561982,-0.190715972546081,-0.620350356112346,1.0942950576825,-1.89681949557005,0.776609953491459,0.750018428387174,1.50069886587218,0.385235073704459,1.07741452380341,0.709459649902557,-0.736671503364428,-1.32979938528536,0.49825553573861,-0.177209751294439,0.00580540863884342,1.99038681500191,0.03606598474112,-0.307596905517677,-0.704578864947972,1.29110021991229,0.0926499073676155,0.859137588625251,0.90109344608117,-0.571348222185609,0.659272079428889,-0.401990751932381,-1.17294154926534,1.55446977176824,-0.798768947012928,-0.217082686683496,0.481435309831853,-0.449689803633406,0.367497817466669,-0.352581241246845,-0.917055854201466,-0.821573455035593,1.48143375508905,-1.89348301949592
-0.641602027828177,-0.760312967305446,0.661164761324301,1.36808282428329,1.01171395170004,0.252108419863442,-1.36601430827622,0.166609352743209,1.1498348199418,0.146482174850338,0.0810329772517532,0.0798788161567462,-0.288572751478504,-0.306474220022631,0.2124603842529,-1.11637189083696,0.986069870104843,0.181036688837732,0.920842786577374,0.817825843929922,1.01642305467441,1.05831861426014,-0.581131617617694,-0.926210623821603,0.64920155887064,2.09060347824495,-0.107451357865276,2.07333640514355,1.47483076459707,-0.0498487497730132,0.992493431053884,0.671331993789322,0.0912504618836061,1.48888649710751,1.05457990800705,-0.850617991092275,1.11510297545206,0.270581082990447,-1.04260851342177,1.66084984347043,-0.75030041400583,-0.0355112220502214,1.04844580865249,-0.106372722064194,0.752376004079222,-1.58333127805721,-1.04481851364233,-0.00555956907127879,1.51397000378963,-1.95148657116845
-0.0659171987930636,-0.553080910465771,-0.856355634056064,-0.228480063677075,-0.944126284093215,-1.55772554288181,0.260250129448733,-1.13488738752244,-0.557219281604494,-0.446195532428647,-1.60295775921833,-0.147505196867797,-0.13455027675325,-0.576819536628046,0.0527668400207274,0.68420377777931,0.750356997081502,0.136060285524395,-0.183317061532532,0.161048173228746,1.18908950329666,-1.00664162042654,0.865050208339906,-0.524720852060425,-0.844912646469263,-1.79880486834343,2.31337512724124,-0.616779021757115,-1.32681995168641,0.322955276565053,-0.825825719252387,1.15258960888782,1.39851524268981,-1.0774450348913,-1.09870319770462,-0.210418304400305,-0.576275996574577,0.1703295147736,1.47985777865373,0.828371782954492,0.195738589809404,-0.358980955741961,-0.292966243938346,-0.229202137865276,-0.828588757472753,2.47406732898798,-0.612719620770867,-0.343199063205558,0.23094757557614,1.41528767422866
0.181192823470827,-0.763746597795821,-0.508131437345457,-0.171921113629409,-0.859707006691745,-1.8896311770926,0.0660485253128948,-1.03334534670748,-0.975549684832308,-0.67358172365208,-1.45108807917215,-0.0116297378321758,-0.895826123346336,-0.260962221793779,-0.028020784256637,0.830331525244974,0.342580030800515,-0.387079435822177,0.0965232829847701,0.664186584814062,0.411750072340908,-0.81067161693869,0.0389597278525014,-0.28949930287686,-0.72734416567693,-2.21725360386875,1.50639713365902,0.164038909898751,-1.87062426477245,0.0718183600020067,-1.38159425587708,1.35941184903705,1.60758364705197,-1.24332187536851,-1.07837799419676,0.0679676176179267,-0.748354422153712,-0.135385514296414,1.16749430521541,1.33667855199012,0.885567252019601,0.0983811683364302,-1.17309412320289,-0.729028102126986,-0.344310225859647,2.97185131005658,-0.535473085212032,-0.83262161970708,0.659990613426676,1.20057072555359
0.557154835248873,-0.622241861356461,-0.562794730818639,0.0958511929564944,-1.07868201755673,-2.01117515129426,0.0678346866739986,-1.29218543468314,-0.945231127306366,-0.907070883296417,-1.5084777877112,0.174080231349807,-0.369731174358427,-0.371840440142053,0.610390175836704,0.71090115603804,0.222239744164125,0.198699979578078,-0.244505146119595,-0.261148381817177,1.15802240377446,-0.869118618615084,0.435171450249131,-0.310617446586135,-1.26200502323593,-2.46788342178393,0.788861815278853,0.044909498931896,-2.15211505902476,-0.354536214187892,-2.0173455816098,1.16662993946063,0.38473511508546,-0.384928013321726,-0.875641533029148,0.0203890065295168,-0.932331252777554,-0.512009632292902,0.361532730171511,0.73290139810947,0.226374920286895,0.480630428845392,-0.634699554209228,-0.42820907321354,-1.14560166075337,2.81800833123336,-0.311226250733792,-1.12774204638675,0.482288999581458,1.19535813712325
-0.0534186589509424,-0.949664719486644,0.496645365150153,1.66983373251823,1.2996944145623,-0.222746987696692,-1.09859232961052,0.758331071383859,1.01463563147419,-0.560604391706141,0.267149671540292,0.0171197126367851,0.259190127748112,-0.293980470495998,0.295496103870011,-1.23397714086944,0.523495871393075,0.202176800517337,1.08837450983679,0.873853637586004,1.54998260874637,1.00288937206682,-0.500754534292202,-0.631902600523423,0.754697856343755,1.58265834979672,-0.368923291056301,2.12686553682364,1.33032372604468,-0.366303494433092,0.488462515173751,1.05081090912092,0.0399703307963592,1.72034342747053,1.61022506229816,-0.855470558435177,1.25811560723343,0.0366473960544071,-0.978803902587214,1.28534703665951,-0.932528355410761,0.24039665375324,1.23863158536747,-0.226436106246646,0.417040277301499,-0.915825054269378,-1.23398068545761,0.453974188986517,1.68206524292029,-2.18903758793523
0.0847342349732073,-0.0026541838455726,-0.00627723101581129,-0.911872152628381,-0.0454173256947046,0.0162777181526411,0.335336875196178,0.521266434355915,0.316620712206689,0.674569810209901,2.67539017010976,-0.386765036858457,-0.187660896350843,1.16077559895432,0.121839272494899,1.58996714079244,-1.02806290042005,0.0212434745257471,-0.672579684194916,-0.999837635342046,-2.05813195503166,-0.779936549413628,0.938835011992774,1.79653788241286,0.927823042570403,0.742075314895874,-1.1858339710567,-1.82730177012006,-0.838698719340213,0.0834604262598229,-0.158977849605952,0.172999295080257,0.0647099872043895,-0.637091164008754,-0.318708497640794,1.13379278621155,-0.265116019070932,0.890333611377046,-0.487013491986678,-1.93145742450858,0.801798279395294,-0.361986255120188,-1.17467769155371,0.774597866071756,-0.493002455176626,-1.10774216934511,0.853147500394012,0.721501067668817,-2.46741400822951,0.955581512582462
-0.0300015617137709,0.818677726562453,-0.249086459269575,-0.625374144265484,0.185286368226645,0.42885838725712,0.283944698243137,-0.0168694774517309,0.502797499547954,0.657365145268199,2.28991064306812,-0.748755723084716,-0.388256204889884,2.00299013043918,-0.019508249567818,1.15543740590062,-0.711562709676375,0.359846527835884,-0.21237230509789,-1.19477895845878,-1.81818319919229,-0.620265771543131,1.18400942077743,1.68963683011602,1.17105082365607,0.790262167466002,-0.696937861914949,-1.6753068178996,-0.351869555274034,-0.0430876298815054,-0.11191551725395,-0.753228543283313,0.176061836822196,-0.671308695641009,-0.172282267607468,1.42097431420851,-0.173928686748415,0.434684205113755,-0.876765881403904,-2.06800586961231,0.373862248565006,-0.317869306813227,-0.97133811044441,0.629986522359522,-0.66953658142517,-1.50910953698869,0.486862300433813,0.615052836516923,-2.3349198761404,1.2637788418395
0.0080159810119543,1.3143285984882,-0.591348257602011,-1.11574764404285,-0.274917509292456,0.883577112346101,-0.183573763072979,-0.380107105498261,0.371477477944899,1.52444880798023,1.99501955837406,-0.97436237008937,0.522818284628646,1.50686410090882,0.436130371258776,0.839072623565092,-0.998133071641067,0.0255570229511548,-0.587805499554585,-0.549476764344261,-1.16963720517212,-0.471893067759483,0.724360732022102,1.67862443474128,0.951456350044422,1.24663134165773,-0.240185002922623,-1.58256341743694,-0.70202520882558,-0.838331918551274,0.206625145928503,-0.732864905269619,0.255980457849654,-0.895885270876591,-0.0457911032907856,1.95657441100195,-0.271077616652355,0.172948310813436,-0.641064457516932,-2.1575248463665,1.06225683750092,-0.160762139049255,-1.13526968040199,0.575771353336616,-0.514341453473733,-1.81667543660162,-0.104872500819444,1.00323657545616,-2.24857821505469,0.713315264359748
-0.675849443128509,-0.216376810551344,0.130989396603917,0.827901848282265,0.540503586058884,0.910154944847876,-1.5070182941884,-0.0577671117115671,0.88346371870506,1.0062900996797,0.772753907430952,-0.712640967146685,0.782442979464694,-0.133026133563408,1.10095283324687,-0.671629128740286,-0.0551769294970774,0.375877655681123,0.830933847811155,0.925893975922636,0.707231384268708,0.465124959338551,-0.340749574847092,0.303973822897188,0.411236211480107,2.19329020506923,-0.561921427981596,1.2535342654946,1.07601339110335,-1.04871898554324,0.486912589732591,-0.232441786515949,0.0300937959434739,0.277690478472593,1.23666477028107,0.0554182253909991,0.95894408331956,0.691548779955162,-0.314289361514341,0.135592960643702,0.282327707367526,0.173478535792774,0.0897027089468223,0.319887174842436,0.740806081720076,-1.88444731763893,-1.12067759880403,0.52709146257362,0.809487059057211,-1.20295421529611
0.486040895055398,1.59734616634767,1.15840647494268,-0.941291081667349,-0.922247758352687,-0.381864954894057,0.990154674922527,-0.660455463659111,0.413680630387501,0.577065013106333,0.478661257887418,1.09370435228276,-0.822705841897502,-1.03700855873656,-1.55772795491169,0.645209341736724,0.583919653044741,-0.935735623479534,-1.42436218215347,-0.0334667332476909,-2.88382065517479,0.0975308728150091,-1.04045590516545,1.02196160668875,-1.36059392527046,-0.691585079019513,0.629868820563711,-1.01656814897643,1.42845357225264,1.10364943255521,-0.311007506265354,-0.157323195351498,-1.69914333845672,-1.03419136480195,-0.787786153332519,-1.62554859569585,0.0227612391883808,0.1911808588755,0.552251043234989,-0.168038280935822,-1.84910303030544,0.82442132942206,1.63336170531404,0.602937656859403,0.90194040118264,1.64645585306057,1.96349677889442,-0.539668147680301,-0.809911120134113,1.26228549905254
0.13605485259258,-1.06401935487317,0.815786372827311,1.3644339457515,1.04063459785457,-0.525666796592805,-1.32075992576924,0.464319810550584,1.36567614992617,-0.81604931719611,-0.184932549630818,0.567949297264283,-0.0437371011773839,-0.814874126115453,0.405455280400293,-1.17278508499795,0.391539007063472,0.812438054512427,1.39375403934205,0.35459978477607,1.13496626477553,1.29808863519931,-0.429532998554447,-1.04659770359485,-0.0316996412154302,1.06003172546835,-0.517484195324446,2.42458263466537,0.755648455608666,-0.221922092484926,0.614357330294324,0.266296862704928,0.20170063206174,1.11056848408001,1.13631324148858,-0.683470578902231,0.564011043427067,-0.0606889764185016,-0.810174492682566,1.49925618897685,-1.01832927061322,0.00414986106263328,1.31306225975714,-0.082065151429386,0.676671688578497,-1.1492132586613,-1.23115169165689,-0.0139904105438323,1.79110678500533,-2.32877527665867
-0.409144019802825,1.26832692025746,0.116306396613258,-0.368704656409611,0.609641980475271,1.17913550334158,-0.740639786660503,0.233326770265837,0.572186176598555,1.49580106390303,1.27905347849219,-0.552719624248197,1.14844804621353,0.878299977350812,1.13129666240159,0.0198355908551143,-0.611538706894606,0.0906009831800219,0.126422126253031,0.392618675709538,-0.0278162449290962,-0.157862305697003,0.00677507601274415,1.57557386884617,0.805612184279216,2.05581935106688,-0.798055706922324,-0.575144514057345,-0.459035148250277,-0.510059216986446,1.04762217719293,-1.2180865213449,0.420544803771969,-0.639239212898661,1.05232038794392,1.34594751940367,0.750810083701586,0.598838448125752,-0.751613432082923,-1.3190712364615,1.01952445929118,-0.676124071912257,-0.814609340816841,0.620365382038665,-0.0100126909670331,-2.1693338166252,-0.75498221188744,0.69269611284186,-1.27599100225037,-0.443369285555131
0.43804208034541,-1.57538841528025,0.806242886708865,0.653211199003119,0.282751990045456,-1.45113313346737,0.233439991401534,-0.525940240901115,-0.386155412972336,-2.11252989147996,-1.11593141696708,0.778680813385402,-0.969219249783613,-0.541980604909564,0.626575109254599,-0.928009205790483,0.794686811455887,-0.304616886725647,0.903298495223791,0.0909966440207178,0.897262709764946,-0.877034309705777,-0.63820283580499,-1.12845189753805,-0.824226432505497,-2.10224221795415,0.801108367725315,0.981858668080328,-1.86092385374475,0.440519085590472,-1.73689241889972,1.26494501313388,0.194020725652944,-0.192379784583851,-0.792300814115276,-0.128604421004067,-0.339337038341603,-0.785343426019722,-0.54602877813391,1.62392395234917,-0.187387946020455,0.258811830872202,-0.49443053524363,-1.02597865138977,-0.64583937462126,2.25240996318691,-1.03103104012616,-1.95733542713844,1.74496224864275,-0.66151001981579
0.429751631311946,-1.30824002298503,0.465981100780577,1.13225864318748,0.933549236643336,-0.361511810656411,-0.0416660082059262,0.687889113748329,1.06612912281556,-1.5726059982698,-0.45524471565965,0.542245076445685,-0.28514188864176,-0.444681815906555,0.689692966150431,-1.86325785732161,0.623265823535449,1.21916079689039,1.4262129198328,0.0142256069222226,0.949833179700929,0.909382891556918,-0.293231758611798,-0.655689169833197,-0.335408566648958,0.398329401246381,-0.497866498835482,2.58615428801896,0.150892255737266,-0.3056614528779,0.171522385181719,0.615075678633302,-0.427436562074114,1.77925837491281,1.12361500167055,-0.558647479603687,0.777090696260018,-0.232982271560861,-0.85944026737945,2.02351170164372,-1.19501291870305,-0.24915231100217,0.532795810195965,-0.368729747917816,0.483053046546333,-0.523320441316365,-0.952238669357259,-0.657713815826566,2.08535323898824,-2.87554778281326
0.53699340072993,0.968003226977227,1.57227254189458,-0.7229529602264,-0.4532876676154,-0.158317400212879,1.18177491922078,-0.521515192772276,0.208303765708093,0.881891465022171,1.3208271576703,1.43386231864915,-0.948847847055044,-0.592371316655243,-1.66894638656479,0.851097019487249,-0.0230460248496603,-0.935232958072991,-1.15264703232565,-0.504748820626708,-2.91366089480081,0.249037324728631,-0.436191578728433,0.880834130476327,-0.631332876856727,-0.0545166322710066,0.596207717912621,-1.54018496830494,1.63170278169382,1.05917378823597,-0.40072823443921,0.280608637347259,-1.71809264083298,-1.15434304609881,-1.03010439368177,-1.34201028597785,0.0456020631208652,0.0888926200685479,0.458717298991659,-0.684210126171107,-1.26422616912865,0.932741106469904,0.603805063177948,0.537696775837173,1.03502662720775,1.63942286386319,1.94347927783197,0.412078468124786,-1.42467207422727,1.46330428364047
0.0087317360357343,1.33088295200807,-0.0831964006899986,-0.512550584989659,0.147772016208674,0.914632417535146,-0.409159960077275,0.0810808031836875,0.0298462478024321,1.92110206373178,1.75390706259904,-0.30030822885851,1.4000748487808,1.12107149909419,0.887187238377801,0.606460008791844,-1.45008085007462,-0.26169028900129,-0.366828657672622,0.0882881522175128,-0.673715393602955,-0.704964962111681,0.090302776186474,1.98026163609874,0.739587007181442,1.62397805641796,-0.841723418986614,-0.932099826504463,-0.207567801480425,-0.505240816983593,0.195417670486529,-1.11346370056516,0.734894745894739,-0.749360752109807,0.250639501566329,2.1454133904835,0.327591520551931,0.616843467229892,-0.356657478208476,-1.69185162006722,1.47980395337148,-0.0423300716040148,-1.54167943478513,0.583533813887819,-0.687980462122796,-1.83249108718601,-0.525717512352359,0.735284991761889,-1.1156523999976,0.0447885536850047
-0.656552336071204,1.30715755516228,-1.12343050973521,-1.08630474211152,0.543338590406863,1.09943695165199,1.11029488304919,0.448912390173575,-1.6943216797157,0.367703747572451,-2.17721921570995,1.05533541841532,-1.30607840526331,0.180064899270432,-1.50493792871996,-0.0299779103401365,1.39022094916506,-1.68098840448374,-1.26269637092895,-0.458509196196848,-0.694672035749351,1.02124195632205,-2.13944951004332,0.107322666881097,-0.965141650706222,-1.63908808492706,0.648859444599247,-1.38704720364624,0.836476545127761,1.13682917983366,0.956616321771427,-2.25506012539678,-2.41944984112485,-0.482683985596547,0.0918399388595906,-2.31795888616377,0.566839279612179,-0.367903522963872,2.74517118254198,-0.378675618848909,-0.564581788208541,1.55758601737945,2.67801345419491,0.556793436450694,1.62840748626651,2.61814466118832,1.15947132312509,0.376595121092899,-0.616085900010626,0.723649184191418
0.372944692378357,0.737908692429766,0.124846203268097,-1.60012979536597,-0.400732250097709,0.244869405174332,0.488103489342489,0.396631081999698,0.811201484276912,0.231573346535649,2.50642141428739,-0.756712975814872,-0.0803256438322578,1.46272005083083,-0.564357666960967,1.33409938443793,-1.0001442431918,-0.0465326046351602,-1.02762143163422,-1.08222007578323,-1.70383834897147,-0.56359878704192,1.08367907995346,2.05748609074917,0.708793348300266,0.718980522707027,-1.04175132185634,-2.01235139833805,-0.024428703918508,0.300470336203703,0.107795485447096,0.0270162492025833,-0.36936935066959,0.0263696133290394,-0.194184712753565,1.43154957863803,-0.685334088308023,0.414426068754148,-0.727874444414794,-2.56885542130961,0.00524828355184102,-0.649058997908857,-1.30474994142632,0.728601770300874,-0.190973141563482,-1.79197166852743,1.3127500257208,0.62254751002983,-2.67286734798885,1.55600178355549
0.468689490165451,-1.42663104051878,1.06073897708252,0.676683358252242,0.445535527464852,-1.28288649481875,0.91029329321458,0.0969439841961763,-0.711259543854316,-2.14905731304443,-1.47615030983528,0.00589324049610804,-0.713782102743629,-0.186904422636192,1.11995031554884,-1.19336258475007,0.774926866885754,0.13249333640309,1.21643797006599,0.381863658224908,0.724952315771194,-0.305863969767327,-0.29979108790948,-1.48184001934089,0.292300162115414,-1.65437413449153,-0.0929401965759337,1.47348390812625,-1.67778793732532,-0.0278436185291029,-1.47965071892744,0.759543667496944,0.149533017670881,0.777687585537461,-0.13518706699555,-0.161858561595275,-0.234877420486054,-0.816441563590272,-0.554478025495156,1.82703129464363,-0.676012987796981,0.00234767925730066,0.392171945973574,-0.308004790068966,-0.470186636376482,0.857680296835535,-0.885479399416111,-1.83713220430056,1.54108216653711,-1.96958082600158
-0.86535889197987,-0.0369092050325996,-0.713546128098491,1.47632000857681,0.625280010875635,1.07164221526054,-1.8588624934026,0.204947102081825,0.654265656365437,0.740538164789563,0.615545775313502,-0.249903253493332,0.569820138757922,-0.684981298926906,0.495844800842256,-0.787076503648644,0.292691564850207,0.533376833520245,0.747190745197222,0.132940021995373,0.554439933757695,0.667985068507451,-0.479363816823493,-0.168081781876101,0.674687044509738,2.01366248244488,-0.711811131831965,1.73893659642115,1.04935878424616,-0.510225166511631,0.925906332558636,0.0148761889240572,0.570263872997896,0.474036398551918,1.35631232324551,-0.140933686071984,0.80983119819417,0.519399917919021,-0.921454412772132,0.384873590562996,-0.422846874528277,0.308159934756007,0.113382750291413,0.472945245297995,0.272197988316894,-2.42074571145008,-1.27541842626687,0.465040299409909,0.522416196235877,-1.62995575284193
-0.685841223786839,1.0617916364308,-0.0148756838295829,0.395995436384725,0.154372324249998,1.31262968655064,-0.957535269304368,0.372572938000004,0.274336066850272,1.56778464664621,1.527584984577,-0.517024859006989,0.714324901509261,0.776722139989882,1.42363860248694,0.77213851156715,-0.689575495720585,-0.036072279202435,-0.212945012858468,0.491807641403675,0.177833549250232,0.0541484226638923,0.471778850502441,1.26834559178288,0.11480137482856,1.89935513689464,-0.430148127037748,-0.116726507389121,-0.484149192966803,-0.545323571905384,0.520093465708753,-1.39086600893184,0.732831761687791,-1.02925435486409,1.23900928511401,2.05378271565962,0.436295032432367,0.479719750013536,-0.541257830394913,-1.37336696260586,0.949735398588109,-0.179205349978677,-1.04970245763396,0.754227189862172,-0.350735186038883,-1.90394625083675,-0.793853563130267,0.462237888780905,-0.482022755560711,-0.767229448973313
0.807804713536667,0.75893249328595,0.849100597866449,-0.98272100496298,-0.491762874887913,-0.40694887790616,1.12997780581814,-0.376068901871708,0.65660241447528,0.412366545303108,1.7361543344203,0.9543392327766,-0.989755216439624,-0.828717347167729,-1.32119083879339,1.47866621433659,-0.218446813856913,-0.234750819555264,-1.19482712009258,-1.32585847295484,-3.21627567103236,0.225357786509447,0.380874047429656,1.04400865706788,-0.247187956124331,-0.272027878797213,0.0935495872714531,-1.43586468317236,0.714234605894088,1.27973695106818,-0.0179247719974683,0.536769225841659,-0.865059541421195,0.235982715643442,-0.855847654173328,-0.701760355407884,-0.724179932933922,-0.0968391053442005,-0.635516880747051,-1.21093796395503,-1.62895195326559,0.0748048652088045,0.823848130315402,1.01006666525076,0.4922206777822,0.670751009257521,2.37763365332674,0.447787715377908,-1.84562767334602,1.90177609245283
-0.663570993978787,-0.177634916664244,-0.183359701823572,1.0023628298378,0.452145668815351,1.23770092896036,-1.38572718288745,0.550041153972679,0.844993430739323,1.16772017023634,0.859232640393549,-0.122726748789983,0.520182467249378,-0.250249997430583,0.35151517992268,-0.629303208808549,-0.0522536334209382,0.251557641028573,0.772519765844581,0.560622764424205,0.767705464230594,0.565338767824359,-0.542130078099555,0.109189383015816,0.341626855783548,1.37849087475435,-0.320063094243488,1.36517799572819,0.706429286190752,-0.581178398479468,0.970610795779244,-0.261642057028951,0.23970058401911,0.929800919611469,1.53247763313418,-0.0467380659727531,1.03649939304785,0.660980504557511,-0.672445885133913,-0.189980864355688,0.352209973848538,0.258780629559177,0.335230626260335,0.585207946027254,0.101247026991469,-2.32335071403606,-0.804571485330136,0.620848242423108,0.975194769321131,-1.19288862056136
-0.614569385476123,1.12094199585841,-1.95247863875157,-1.03007516468505,1.16249183913144,1.92714681984442,1.62816231123526,1.59870480578846,-1.84961445776703,0.554237440394554,-2.85426698990752,-0.523198839964743,-0.815902882783776,0.833014896480925,-1.03737289977814,0.326431202444847,0.614661763952743,-1.515154564899,-1.77201907456728,-1.28098022252538,-0.477718848769199,0.656590821128573,-1.761979454491,0.152308670522628,-1.28585874288041,-2.60254450276548,-0.0307167497159942,-2.17396399466858,0.634352942878298,1.04887539355795,1.16182926284985,-2.65702943781473,-2.43586920762798,-0.290953099406066,0.40016265107772,-2.44201958447246,0.614804484970167,-0.779614160790567,3.053616200455,-0.637262667809772,-0.0590259655975222,1.62641357270024,2.43172421062135,0.16054838523213,1.31258270866894,2.80662709413027,1.34469800464366,0.333220923729762,-0.00567570603621603,0.195883906710125
-0.549521970810359,-0.584020066771659,-0.226741002060039,1.0979923292424,0.856942134249671,0.73681328073853,-1.69538581721967,0.994718006413162,1.25182658332256,1.10943850998887,0.56936375247269,-0.34384750320157,0.658432385333594,-0.0856344874252164,0.665885064501017,-1.03525379874318,0.243555872563103,0.660017697248592,1.00685492350669,0.453352878902735,1.10138221170517,0.930237711699998,-0.0794587776666018,-0.443884552672576,0.158529870552509,2.2815559678781,-0.987418337115076,1.93612432096758,1.58927762202167,-0.350943101773822,0.705330284722291,-0.0106657194695088,0.438260787407509,0.276790792053793,1.33449603372403,-0.193256264560758,0.934588274702102,0.572116248154326,-0.419759190808787,0.529499403567418,-0.166050349007843,-0.189179202594107,0.283364494145645,0.317361012090703,0.484787346473493,-2.03464473537291,-1.24322833293981,0.571303531945518,1.43151657896191,-1.23045885898884
-0.245894475998089,1.13370867166646,-1.24238914701479,-1.09536804893041,0.740933774739179,0.877993488104151,1.59675248045531,0.859786756733121,-1.54249673797188,0.313257642811896,-2.69024281302074,0.1732284758461,-0.909911022197198,0.3879337405414,-1.06708435051454,0.109013601797539,0.741286045340549,-1.45737856515202,-1.37246013246183,-0.93981397668397,-0.826126460200909,0.63369783057918,-2.00732776745846,-0.114721042837445,-1.36441564939665,-1.76696865329965,-0.0809337074793255,-1.7915081229815,0.953292352863484,1.03320894506507,1.02644467193821,-2.28584943539635,-2.79805091593043,-0.102796307227528,-0.283530562451008,-2.18406360531708,0.734948970023873,-0.425080012605828,2.99995781912345,-0.41950146811907,-0.173992022360843,1.36943443108844,2.18819163249565,0.585198759136598,1.44418563334451,2.86510353832363,1.53413345855545,0.331452715412168,0.0795355981553065,0.353167747776866
-0.0396741783436288,0.512561015464723,0.165634920136825,0.144890989363427,-0.423773368652787,1.24932982822124,-0.653058658506961,-0.245161944023215,0.402100418581164,1.62281409329174,0.846739333004802,-0.87503520113717,1.18910734817553,0.922102554544816,0.622332993316077,-0.150392596152852,-0.746501629830997,-0.0585852705074394,-0.00696294157436368,0.643501068747002,0.103327753989046,0.493697568014485,-0.0382373958070934,0.967182583460762,0.375297255985607,2.29524199101872,-0.780935202053377,-0.17623342125572,0.081661354264827,-1.24396077887006,0.553091813055474,-1.16226459528923,0.521523105484088,-0.971964393847697,0.382818470594525,1.01177900055134,0.323055556854164,0.727235445083839,-0.835279935938628,-1.13555679350843,1.0614309861974,-0.0162907607463936,-0.990187760356759,0.453090242579012,-0.157952084339471,-1.67840667668601,-0.714249678281867,0.652321317817186,-1.01526718055793,-0.457821762872609
-0.790034135984262,-0.840850503266562,-0.0514885234464424,1.27963645618162,1.23946127697573,0.173631188806824,-1.33606226171632,0.794338318737011,1.56295249555862,-0.320551895811275,0.0696215041088619,0.11328198895649,0.499289210696279,-0.609251534945681,0.218307182240256,-1.66021958624669,0.782531578189744,0.64944453186995,1.09719414282326,0.311782820160354,0.730466658851935,0.655621939268725,-0.110044093775695,-0.983789729552985,0.501288589932964,1.83191935473359,-0.336079873602554,2.72316647783825,1.48374797447969,-0.0479188673736109,0.412590475555122,0.663001233336121,0.130643185262374,1.32041750484799,1.1734328673223,-0.873109928462966,1.37935448028087,0.0257520363662549,-0.624346521829184,1.56607292743015,-0.851935125605372,-0.362905184207055,1.3100686177904,0.289191880006306,0.652793133627406,-1.60590825490957,-1.4938857031984,0.330957073517174,1.73164121923216,-2.65822612253187
0.051252195012164,0.459167255788577,0.578664510942472,-0.722178469958001,-0.206555480202927,-0.0687045304729732,1.36627961910844,-0.223563841270589,0.651678235687746,-0.22325459316334,1.66991973144967,0.0301816130107775,-0.718794200307975,-0.040621066752679,-1.42422535082311,1.69767803683376,-0.670090905868774,-0.147682715545122,-1.05051684130321,-1.63272080614486,-1.94768573747315,0.0907917190563476,0.178841055791163,1.3650995146945,-0.526318676278235,-0.0835430955846754,-0.197138571008085,-1.98675957575562,1.21918991751219,0.501894925229087,-0.206606654854469,0.566884431250221,-0.592751029862135,-0.374935528822421,-0.944813729713222,0.351159215898547,0.0710991607592323,0.0908978167165519,-0.273707388261494,-1.24641439332866,-1.20275094191855,-0.0229348223586249,0.157586519331537,0.326235038197855,0.0919000811005762,-0.119310927487718,2.1871610474442,0.358407499763995,-2.4520063972516,1.48697083154197
-0.349143533100064,-0.790825078622315,0.625236979162827,0.622199230761599,0.904411708294563,-0.624508816832032,-1.03939650403538,1.03950640157431,1.15251795037393,-1.38701481746496,-0.259321570758157,0.323907287956647,0.0746576720889133,-0.906916139702606,1.01401470497713,-2.00187263545588,1.10706548192411,0.563604537699959,1.11757051752346,0.425356938829076,1.46683308250059,0.204519313733593,-0.295027420168816,-1.42085239667501,0.408441334356679,0.6376964661694,-0.226163803309591,2.00405270832414,0.659726453947101,0.0185463969770597,0.169004962982299,1.07587287191112,0.194168050020992,1.57863256231723,1.3589020798036,-0.636762329272347,0.700888425797089,0.0893543185110114,-0.468565970262002,1.60249046481403,-0.828292760905649,0.0319445080295018,1.23840389511489,-0.00686563984689328,-0.00614208226496963,-1.00985535429923,-0.968195878891344,-0.289589025069683,1.8295626281686,-2.32750923177639
0.317315850770084,0.837113309157864,1.03679970821972,-0.726791222170786,-0.705473038176057,0.235634203127125,0.626273108435818,-0.143912005728153,-0.668936651232678,0.549070728791297,-0.257049418133279,1.04034415532359,-1.14337576906286,-1.10141400462843,-1.68752718707664,0.706581777402469,0.552430891782291,-1.43020122174968,-1.23047833345028,-0.190997650069631,-2.29697569050037,0.274992570571451,-0.875479838559392,-0.0715327641702144,-1.27080228010337,-1.00247976276935,0.562973630639621,-1.35566591609504,1.85099707527478,0.985521634969256,-0.115950889007687,-0.755079162526768,-2.09705792252109,-0.522900796027794,-0.802541861043417,-1.51260655294119,-0.0790513224063844,-0.181481069115069,1.10697500167372,-0.502425864568799,-1.95429601581629,0.719956817872293,1.26420840520647,0.273457355476756,1.40342646897559,1.81668080113106,1.88836300077185,-0.412706289769632,-0.919269930383617,1.39635483597603
-0.141412629116866,0.910221214635218,0.0348493787119912,-0.920899133582667,-0.105908229692851,0.353573110846553,0.0370767750494568,0.536271402254369,0.0544722007029936,0.737643962094574,1.62927454366087,-0.520368115140289,0.411818780630439,1.01698194637674,0.286445115883114,1.66851260056335,-1.48389238685295,-0.273782172104344,-0.944966761030396,-0.935394260895649,-1.44825730654547,-0.799885309917963,1.30987438770407,1.61361180197065,1.23739322087324,1.30070604358391,-0.884907031648955,-2.18468230077621,-0.759018542506972,-0.381147522789285,0.167207149103398,-0.531789519318557,0.728894643863587,-0.912037285372672,0.155412536202633,1.58474027755711,-0.2123849007264,0.207796042667295,-0.888348274258994,-2.1607764451968,0.790941593781552,-0.367143841525724,-1.44505287690932,0.84584483167142,-0.730681145843854,-0.800585574642781,0.723955953799741,0.676901458844154,-2.42312550771912,1.06291641760439
-0.607448246107446,-0.310301100660127,0.130077702360463,1.31672848864034,0.241091897052094,1.12827011657528,-1.49439245868804,0.449054537874264,1.19107098036581,0.808381896171004,0.477615877633919,-0.263253220189364,1.22486988205439,-0.238214412371788,0.287699272964896,-0.636974857337556,0.0479759255863552,-0.0800424421254298,0.404706287466672,0.728824403481029,0.717361644396873,0.642970253139683,0.131946736813047,0.659228072789739,-0.00271482341821492,2.0679854747512,-0.580596003752328,1.89158844221875,0.912198346344111,-0.672928234783768,0.554781762213109,-0.029332904585645,0.33069740698732,0.432767637415428,1.21297158215014,-0.383069011580316,1.41919462827232,0.534177268161949,-0.41856332574486,0.395016790360731,-0.29480390359462,-0.489424240198332,0.679858260964265,0.0253233004082774,0.436429935000678,-2.17256466000818,-1.10680322544175,0.727851698889176,1.25111117651271,-1.53503626616487
0.776342023559341,-0.811644020095241,-0.997381864548913,-0.239489212761352,-1.04714961967118,-1.49424403510287,0.109619863490524,-1.12200758854426,-0.66731030780084,-0.594984680033759,-1.24292896470207,-0.228889504838094,0.144323468437277,-0.518377297709841,-0.113088889195554,0.842784880327353,-0.091008600033638,0.066441648189361,0.321235713479487,0.0437908894461325,1.26516403707399,-0.900429846360858,0.510260820907183,-0.626442744641586,-0.988627049969141,-2.00063362832416,1.68677183045233,-0.706071042176363,-1.32455797901184,-0.355158007622955,-1.27198495924709,1.13117936181005,1.31477004944981,-1.10325664150095,-0.875109443173121,0.158386945216524,-0.76607655550065,-0.191455498356126,1.12814737008589,0.756011256239063,0.529261192975617,-0.149234869313485,-0.47157711170165,-0.897970555962556,-0.767736820023386,3.22021809520259,-0.224363364556136,-0.652973447149454,0.587802593619557,1.60172651404362
0.244537896423141,1.31953190634295,1.31633909182106,-0.918203469573235,-0.725663964217666,-0.169829468851366,0.783753877858,-0.707289997756826,-0.455820024723692,0.449849441206867,0.862429811104296,1.40310853270562,-0.940568340626009,-1.50718227149573,-1.87235684855658,0.310945632717379,0.173587339380396,-1.45096864209897,-1.05697892523881,-0.034418094079659,-2.38441375211646,-0.297748324719246,-0.692856422254189,0.467421525669693,-0.77365495518856,-0.479863485375961,0.710542969364446,-0.897949481694043,1.81748850522929,1.12674735261679,-0.287356464735197,-0.270464945636376,-1.58364049516693,-0.695319042592481,-1.28012970472016,-2.03306175238081,0.0763178116849573,0.363253348075537,0.552464948169449,-0.0903140951868995,-1.56881195320695,0.904931531160791,1.56986712527148,0.960656760992061,1.45870465880176,1.82344099126364,1.8912476791572,-0.18690621664914,-1.34629351465869,1.65523889109713
0.435977494097945,-0.914200984859448,-0.411071520623183,-0.365624021048733,-0.665788210772673,-2.0477555201531,0.267036101244069,-1.37172770965071,-0.772591066319362,-1.06483055204446,-1.32705748522265,0.333617945839679,-0.919575764773936,-0.296460745151028,-0.0394180081124543,-0.0223863047112726,0.807272450116603,-0.066295864061691,0.279129539727427,0.33293501501374,0.850949730594635,-0.872348470817148,0.166287623210113,-1.2794400548164,-1.06087987658595,-2.51997808737972,0.574536325827036,0.372335630678973,-2.44780284746648,0.303269241045201,-1.8092546323864,1.78914216867366,0.68417659605714,-0.731255925658602,-0.666464198940517,-0.113544175434603,-0.111765803860761,-0.520950077579944,0.558538519589554,1.20039884689087,0.159896771909264,0.498341415322801,-0.296283164648196,-0.336431933382865,-0.811178322890009,3.15799846910254,-0.100864460140096,-1.07193543525494,0.761870743019224,0.204191942450203
0.508868852479374,1.15434901029918,0.88383558047627,-0.77938467817504,-0.383168104540884,0.66610781716705,0.967037768220898,-0.608182982929501,-0.341138383562177,0.941880142116194,-0.21767053023553,1.4192408045619,-0.886373664653019,-1.25141126982076,-1.19491061846769,0.33067408450571,0.395364420033495,-1.88817036057126,-1.20630847909641,-0.445311667309429,-2.02304133651676,0.271579966672924,-1.42365737036602,0.404459278237403,-1.4289033781608,-1.35649313645726,0.235051226275986,-0.843595256086477,1.74718771259872,1.20486542608881,-0.104933573981982,-1.34678437711175,-1.98558499065167,-0.432634986029773,-0.624165466169557,-2.32598429782931,0.362934834326242,-0.239519721677019,1.46631715731303,-0.375238561162667,-1.29760776663175,0.961223817311879,1.65488368892939,0.714818210340376,1.22574507765824,1.92926248409424,1.5789867689495,-0.160457036636528,-0.598013601123013,1.4174810742133
-0.673045919738863,-0.493846483075175,0.373726598659264,1.71108507887205,1.02196385408217,-0.206986602544836,-1.24356212063375,0.9326754590265,1.61220783346653,-0.136179152551953,0.251120762659127,0.498390160274024,0.207172136599965,-0.539022140707905,0.206195756873477,-1.12980903609406,0.694163640287137,0.442333098225793,1.05028558669466,0.0418855070482081,0.743902845844267,1.24418200031874,0.166523457349288,-0.841675433806692,0.111669176489949,1.36684357004084,-0.378196833202628,2.27840593478037,1.15682865192647,-0.179274205544492,0.635004980851626,0.0280789432529362,0.128460367933027,1.89328492720961,1.39956312777124,-0.987059306187514,1.23723453469094,-0.0167217205506997,-0.509876622125004,1.59446928015635,-0.721996643733372,-0.455201628763719,1.11850498704286,0.269996608659255,0.473154620972206,-1.59011471639351,-1.12604252352568,-0.0976162745417597,1.69454020532686,-2.39361256054749
-0.405387831036878,1.02029142020218,0.250858159995493,0.189839839086782,0.113602863153702,1.16532806103487,-1.35989204676267,-0.257279710022154,0.0556062884693625,1.66664967631391,1.19970891046345,-0.432784836066904,0.970543262944071,0.530646230650867,1.2753797101399,0.301987924588282,-0.784481484742583,0.127760962464577,0.385263177051504,0.436536654628734,0.195069968273073,0.653286592018846,0.277754158062723,1.0360745113667,0.720325515528748,1.78824320329791,-0.859299970461898,-0.246932299766708,-0.778691017391832,-0.697862641450436,0.475945708768645,-1.04530649992054,0.608544211532208,-0.626097995087437,0.445978121074232,1.46391883033634,0.449236037292158,1.0804581574351,-0.625038834407269,-1.02974671720315,1.26566809004926,-0.069888660452451,-0.622633386528308,0.472072264142451,-0.59893639096112,-1.71092812378861,-0.372821432297185,0.501632201795805,-0.114203424188707,-0.396147438595199
-0.950140647570848,-0.592820565525691,0.433319534784994,1.58264762109793,0.649466054582114,0.66963549222013,-0.647536266607921,0.709640297008772,1.11783342426949,0.317724739823214,0.283928420933274,-0.540359671760167,0.183238093322833,-0.714435017548766,0.190236303162832,-1.35451428666262,0.192806839365609,0.293060658810188,0.796872627458492,0.535015298720128,1.42489667142419,0.754756245828419,0.286684895068042,-0.345586224848998,0.599426522684138,2.05916213704719,0.00806234212726352,2.74140307241662,0.981697859130019,0.328200600043892,0.358828148980644,0.34124351222002,0.188725644567688,1.17642278025762,1.01856171868414,-0.615341586329072,1.09284962349613,0.700400734291226,-0.826379900257134,0.825899656282482,-0.894514513582436,-0.200211239378035,0.624775740798558,0.0151731870293346,0.210555385564922,-2.0338562387553,-0.903627896917405,0.410346471814107,1.54340053571106,-1.95981021049815
-0.708519042882713,0.78898283079355,-1.53574541958146,-0.835221581510874,0.231510391309964,0.937077268325422,1.17204376902007,1.03701271738318,-1.97206981636915,0.483070199278759,-2.74248638090607,0.433425991306068,-1.19819769209612,0.332701374728583,-1.08129029517826,0.594008524534181,0.769077342365571,-1.48697121284007,-1.65181916923739,-0.845832258362581,-0.348769338249504,0.812093951794352,-1.80410444690327,-0.670524566314842,-1.66713738423048,-1.67940545174016,-0.0479179587107067,-2.16760173766755,0.548693945609297,1.10244723233042,1.54248744464842,-2.37510855438489,-2.36083294796008,0.339310940675175,0.552878035499255,-2.60145684639791,0.626684580206381,-0.915649459844342,2.63766368369624,-0.703801640604011,-0.523705349449407,1.04033717968387,2.3366478815188,0.538878542718054,1.4933810918965,2.76697052948011,1.39337912842633,-0.320418811316649,-0.151992923068059,0.325064244204414
0.365008780966289,-1.24603411208265,0.170726718488873,0.342108865311488,-0.670080165902107,-2.14897519565841,0.175430098389795,-1.21943103511841,-1.1736039810983,-1.73308563892204,-1.54165483565519,0.305769143504649,-0.280705602234501,0.327222304849245,-0.245864825071977,0.554111402946258,0.374187348468005,0.298825778867293,-0.202058028269044,0.00479947604067128,0.780992959517311,-0.38741355791212,-0.185353097041142,-0.718063030979554,-0.514866838324845,-2.33171149267252,0.830547816795565,0.0376735306257334,-2.31919261969141,0.118971695582211,-1.73275129937752,1.15277171935502,1.13192978441222,-0.554891129376864,-0.761689123184529,0.0983534799584434,-0.192818450560486,0.0647102103841123,0.253871194344053,1.46014655600889,-0.229863056258042,0.45169421174014,-0.47805712048998,-0.835912316647465,-0.480865660494342,3.23889123548466,-0.650629239864381,-1.28563830505238,0.990296057352989,-0.150581500684585
-1.13711592593264,-0.125573933704358,0.0839004486687182,1.29599887622485,1.06526903450691,0.956695081825063,-1.75575419670101,0.207069805349028,0.967486445440436,0.911654751310401,0.277287745027054,0.0747886382738079,0.179341841444397,0.0137977621672511,0.357925812408487,-1.47347783331339,-0.136339332728827,0.162350201261843,0.543460927961088,-0.0741235955544816,1.18246955298967,1.29911908564015,0.00969133672751395,-0.0912100455942684,0.271146663055588,2.22470305522116,-0.0226216179334293,1.91422769518761,1.21402750803986,-0.389754147179249,0.487848405051542,0.333354678707969,0.202615802534119,1.12001973246336,1.56379576690038,-0.460617243354763,1.05313524141005,0.208026144688423,-0.846462381833774,0.999866360594776,-0.256982648079514,-0.257326228530459,0.533989194624387,0.36514558794734,0.392550727080322,-1.905233010845,-0.707580826206505,0.533601609406123,1.13895348034208,-1.61554695025253
-0.382450790346055,0.343677188930953,0.0286007561249497,0.578661326243916,0.629621927329381,0.767361805889144,-1.82913790861356,0.233708442364594,1.057374059461,1.16863977557743,1.04136984664925,-0.46547619760742,0.677614113338436,-0.0893194900839604,0.858617639590692,-0.184580456713425,-0.16334463807143,0.340052249943923,0.740092777692257,0.471840989423995,0.201767036345957,0.917301552451701,-0.418454534319619,0.281869353224711,0.718005704408125,1.7719187003221,-0.527386244042642,1.00444069422342,0.513606090127614,-0.167593768678687,0.869431720492849,-0.501927403883871,0.0646829094435893,0.0213116977574229,1.23271266096878,0.577657566415167,0.899246301413047,0.28072295044054,-0.626949853445342,-0.133925721204457,0.103556906910896,-0.378368725956684,0.325825874683443,0.161876296996683,0.270089399567474,-2.13581124675402,-1.40700180666114,0.401937615956744,1.43805784598267,-1.6988045608157
0.64315249074176,-1.88599530852368,0.618610852420132,0.353949386630574,0.183437130149597,-1.41839995988179,0.568693398472389,-0.164101057434367,-0.608985346566685,-2.45585599645623,-1.48926328690262,0.43979308785661,-0.45700815278014,-0.130265963915627,0.602639980342928,-1.08341199024732,0.809181563411867,0.189917206352572,0.837362357819452,0.436747540047409,1.36753512905454,-0.88912225416269,0.234234322498488,-0.94758431681638,0.135103815227435,-1.86254571281461,0.319259968762975,1.25932153097557,-1.55387810068701,-0.295512995614539,-1.49854017219985,1.01367437033371,-0.327514788311796,0.0133864831734549,-0.259947618350599,0.86763010051393,-0.102429996749304,-0.0765823525623528,-0.601194937286995,1.57454924602696,-0.36113085935346,-0.575471032276032,-0.242498260429991,-0.822812053933669,-0.411236010358998,1.69359117641031,-0.923375136638099,-2.05454175663351,0.977892179872657,-1.38839408804283
0.437457581870751,-0.234903085401385,-1.422042608537,-0.532262478666141,-1.51698209847472,-1.0818574712247,-0.0794535229412996,-0.670141638077462,-0.721968992189887,-0.19885859093501,-1.66949638095666,-0.106350391607171,0.0940930940823069,-1.05904036602881,-0.539116694129989,1.19924261297199,-0.0711725824099071,0.525107332743941,-0.140570532751795,-0.0364231423836441,0.946610884431972,-0.731517940645287,0.606138181773182,-0.421102875239492,-1.01546643129793,-1.33816428798316,1.49548370085156,-1.07307101067572,-1.13547577312164,-0.351919483445387,-0.93627993257137,0.700607669636442,1.118239697124,-0.669166641654142,-0.963226765747211,-0.331483674349584,-1.61931493563836,-0.224684154806206,1.70545230523574,-0.0504536510799068,0.628640904073659,-0.116955629145275,-0.701156951900288,-0.73180722991151,-0.422731141239273,2.21872802594473,0.00259773620089093,0.244259622601047,0.412973512501116,2.40081636255496
0.224752214527256,0.621788040271663,0.505483249681403,-1.39002849637845,0.353603652515336,-0.0178674130186191,0.415877092676527,0.261859512436217,0.104441246554879,0.58011905005054,2.68194691839031,-0.827291195523161,0.343168952302262,1.807163077239,0.34949643973813,1.73199078346624,-0.859586034782144,0.0408580336540194,-0.993693888460778,-0.80597351706982,-1.86619832480996,-0.619123399425312,0.837276714358112,2.19462875710822,0.788102076176913,1.17384950043431,-0.940258359335076,-1.83373884923479,-0.501872892054216,-0.0166260591771337,0.0984550796968337,-0.402305800364764,0.277756350014398,-0.186512637290067,-0.513450414353815,1.67394841825882,0.0145968091016588,0.238635522326417,-0.934792075207465,-2.3689094822769,0.617717685961671,-0.776464464053542,-1.43704986819633,0.773629370097131,-0.538766059580236,-1.5490177124843,0.740502411142211,0.517026255865574,-2.69264788881545,0.886400007803627
0.21686667752116,-1.40860987009453,0.489607032990175,1.06502977385701,0.580351197553396,-0.3544748172957,-0.183964532717705,0.356794995357841,0.506093312013191,-1.45198469253084,-0.718925516478453,0.317621607348626,-0.0369669337277033,-0.154499206155451,0.572207865204428,-2.15042775486581,0.773853957561163,0.705070333903111,1.38272322740757,0.393426814446386,1.55502446796817,0.212355469779033,-1.02365101463702,-1.23210270454083,0.199024916362004,-0.109833139082865,-0.737809388804351,2.72447353998855,0.337374844825076,-0.189136441012965,-0.848232793949553,0.799855787012466,0.187864383509208,1.48921453397735,0.661234722585212,-1.06168115038556,0.94276868729737,-0.527454566878079,-1.08205320751133,1.99812799797941,-0.973309654943154,-0.0851910987938916,0.882506016757061,-0.474698498533473,-0.213808814890106,-0.288809449336467,-1.54302499678714,-1.17292022797245,1.28134830673647,-2.16702174462458
-0.051362182012602,0.700240942493463,-0.250394654172758,-0.205056800351827,-0.394444115761775,0.61983015584033,-1.06056327042469,0.276046756891844,0.124714379710598,1.96788822671075,1.32517669853131,-0.231237156830981,0.961454798677036,0.862147072257037,0.982111073288718,0.168934735546664,-0.675067463279924,-0.292847742290794,0.213233153826125,0.7986429338712,-0.634357262123818,0.201398602171645,0.0453320014185171,0.901575010178143,0.778414718757237,1.59350419427398,-0.67342641750576,-0.179977878038992,-0.0508321265635842,-0.770482410191397,0.594324522677903,-1.26693092031466,0.384048617728526,-0.688026871710634,1.00546669165465,1.31842270901531,0.830700016566532,0.485887486260921,-0.886622465372897,-1.42188997414326,1.26476374484963,-0.222539678645226,-0.869697163001179,0.511624864899071,-0.298469458894989,-2.48530427489519,-0.561587990518959,0.614357454146768,-0.223901335130503,-0.249225731986872
0.371495571941393,0.533610476706203,0.234945086157149,-1.13323522552441,-0.179420139903134,-0.27174405174307,0.412246436494928,0.321110601970738,0.520749871479082,0.581762472757669,2.11125957508245,0.0553121698012952,-0.378668762258724,1.00158777636726,-0.361076545773984,1.35230349393217,-0.874282444079306,-0.066317487817159,-1.37964096926617,-1.29245277852345,-1.92989655487162,-0.553385391945688,1.22833662207148,1.55771452307981,1.07291837883655,0.442871546143454,-0.0951394143516272,-2.07537566512443,-0.23610305488413,0.358135817704988,-0.180926460375485,0.10452088935619,0.045843639947346,0.0257116183679936,-0.495348557813025,1.01844259703812,-0.035356316199768,-0.234787818519292,-1.0241842404555,-2.10701623599511,0.0470911207532079,0.00322075486333376,-0.466875201081124,0.740692519356709,-0.32176161445368,-1.04429788373111,2.01868554318672,0.788354680332024,-3.21438074840467,1.01271712167141
-0.557732854085625,-0.936388727662879,0.424356727649823,1.4061503316333,0.912550725545017,-0.348639906678596,-1.08806851533097,0.300405312757097,1.18063169251512,-0.457694415269233,-0.157469262793206,-0.110884193506773,0.102045691074317,-0.366007689996588,-0.00590716234074008,-1.329947630552,0.878892263257312,0.802301508667854,0.883444174507445,0.943107240159788,1.35797058550407,0.919394307715486,-0.310169764851828,-0.843196719334339,0.403028322399562,1.57107545963835,-0.373721523874998,2.07936061766449,1.0135001850787,-0.167370307951476,0.597551220368626,0.943423854930153,0.0373943979871682,1.82357855336329,1.11788356212555,-0.997033934700315,1.49997282667433,0.057584364823285,-1.00995774999641,1.51598504269745,-1.07186479354984,-0.332893678551643,1.16709488714382,-0.41444788191985,0.398865498370764,-0.891187727763262,-1.25742053928437,-0.151880317203983,1.72580734012771,-2.31634210653305
0.396268761719611,-1.27854356433698,0.875228641418831,0.0874649321377979,0.128688265122827,-1.10726436277178,0.803435338610199,-0.110442943999013,-0.610334135629396,-2.28171334178122,-1.45493615950276,0.550998660890099,-0.393147381451278,-0.351376795511255,0.491749035105503,-1.42224548720119,0.653905971966984,0.486311533261331,1.15901146324458,0.225257647589798,1.22450473290497,-0.473805008851162,-0.591610972621467,-1.72425018942758,0.187986107922374,-1.69861565189132,0.0134054754789653,1.39659616273325,-1.54467532670034,0.38799315648408,-1.39066643434434,0.780988736341322,-0.371591547687675,0.952288451024951,0.180742545458552,0.397275261157424,0.239167480385106,-1.08450872804995,-0.861441799153405,1.66544623067304,-0.33027410921003,0.208974432525702,-0.0895170529512447,-0.799954232600138,-0.639440497229742,0.945229131121392,-1.06192395693048,-1.43449424566272,1.46234171435775,-1.71353909326903
0.2386259627614,-0.792673374278202,0.826762161230924,0.774683604085508,0.678048744985857,-1.12530845595338,-0.126296238730889,-0.00171627943283741,-0.435268354391057,-2.55461733330528,-0.832517161734593,0.37286289451234,-0.0363374456702942,-0.425974056354007,0.777588516971429,-1.89926383444756,0.436011253999976,0.215517175878534,1.21241823917701,0.510916388614327,0.967084738883368,0.0903847060981645,-0.948223045992816,-1.32478834206072,0.0155454502890086,-0.766868488770924,-0.10139738646504,2.21777620907905,-0.787080419566407,0.55746035047677,-0.714845690172259,0.937462522503669,-0.0588453858558407,1.02471371631026,0.9157524949343,-0.0540331879089806,0.456327878812602,-0.770136931154418,-1.26244111730184,1.95673170278871,-0.645065124692597,0.262674920127713,0.19000436112031,-0.428987547852263,-0.341587585361458,0.582887319293146,-1.18733231867103,-1.1058872943243,1.62316887559732,-1.8569251616026
0.348884073061897,0.208302751963773,0.842927252934671,-0.315367201753043,-0.244455823236581,-0.402920801949674,0.836708140598644,-0.0340760628067451,0.526387743489003,0.0561785614672148,2.0731809768908,0.156429365510961,-0.408864730589232,0.886893789394779,-0.669618959254614,1.90679843420173,-0.641574200919188,-0.215066626885165,-1.59848216055459,-0.99463320638823,-2.03155246043737,0.0993779873613357,0.600801703552768,1.33828824619013,0.814284145116861,-0.217951398823559,-0.238661671376494,-2.06732563270257,0.400707039978597,0.81147743825454,0.24002207578758,0.733686888113348,-0.545807513422957,-0.0366280288006045,-0.927827943331871,0.315644558292463,-0.869258253429332,0.0176027553257779,-0.506560164023823,-1.60421624438431,-0.384730568534649,0.0391848617064967,-0.202017166322313,0.681009295178089,-0.373593247729885,-0.474630199013364,1.8311640227314,-0.0746131518934593,-2.520655494145,1.59429229620681
0.706799720811481,-1.05231603713851,-0.451364308491015,-0.489716836115576,-0.338940690727009,-1.80887404254788,0.142106657947862,-0.835976302595547,-1.0400258832702,-1.32288024500366,-1.80006232191428,0.642479672328206,-0.514940758457885,-0.0605587379851674,0.370374684561399,0.579403421860253,0.511267508172619,-0.291076020907973,-0.216378530430659,0.569437314475357,1.04458504586341,-0.452390998212896,0.594952141471394,-0.313773028206851,-0.651208526204653,-2.07225468692007,1.18180549547582,0.10305859926513,-2.2504893305692,0.0286920354969549,-1.29082289334302,1.18068703190267,0.928938946443894,-0.988671010937871,-0.908833747408917,0.277259098808722,-0.733920155991772,-0.415512789609425,1.25079895211897,0.742654298312307,0.0202171839971453,0.135766943740316,-0.158519092361503,-0.492186803137735,-0.939122049675586,2.75333856759675,-0.573558849023451,-0.784992153492655,0.714229292349787,1.42422684900043
0.267433615784278,0.627092584727757,1.20647525788454,-0.887478319417239,-0.629103564656743,-0.235336194159505,0.904216246956192,-0.512194498499084,0.14877626732385,0.413003858741027,2.0660230078546,-0.0489130834938611,-1.10975243301845,-0.195117080310658,-1.16564129578145,1.30738019055729,-0.00863078368362076,0.052651675633227,-1.07603506504469,-1.23038202117055,-3.1428956922662,-0.0656529584036643,0.192305990255602,0.752476964115938,0.0919808083425378,0.397086770199575,-0.212551364767924,-1.50638182182992,0.807066128586884,0.789161277607177,-0.431627936760006,0.742728719009366,-0.566824544724031,-0.162613963886473,-0.99836705819943,-0.396343580693993,-0.556165832052739,0.193717811480488,-0.497448010899581,-1.04478164935337,-1.29414081831973,0.261497612928009,0.124745861673748,0.0104547150301862,0.272501186319051,0.00187109054894394,2.56578087664081,-0.0803931796089534,-2.35264444153304,1.60602605967805
0.27433047381606,-1.50750006841351,0.380589663774844,0.100191631480649,0.444471066615906,-1.78156509253265,0.839663267803572,-0.39546555731621,-0.918654682288213,-2.5966950246202,-1.00450630449033,0.826076580036449,-0.688222755148652,-0.271741772966165,0.695912494831149,-1.08562735643426,0.820535179938694,0.14704744677637,1.23958247060891,1.00689473361459,1.41273322930002,-0.520641483210689,-0.424916248668141,-0.929402904912878,-0.00300919877417886,-2.13954943717267,0.577881244700825,1.78444754026035,-1.83761850143223,0.166565160718094,-1.84076063207094,1.33191004240492,0.269857214451731,0.0992156157050991,0.140274342939611,0.67262153882234,-0.34782103773166,-0.778144661141419,-0.202885157674594,1.61047609554873,-0.0456898670346436,0.0841390939603423,0.281404065346757,-0.494519062265366,-0.386266620418135,1.89028882227746,-1.04208914100403,-1.32891872529726,1.09827494573691,-1.32297544317837
-1.09319793031872,0.151152965201456,-0.600517836035627,0.339115817024315,0.0989108470892566,1.42675193834515,-1.05951959676292,0.241161718143545,0.502093905805808,1.51285527002493,1.51370411175421,-0.361377163778605,0.669306051322791,0.620997911883222,0.841254267313774,-0.216223132085486,-0.452857256042655,-0.068177908926725,0.342425389379525,0.37088413275579,0.566655976506504,-0.067153089875998,-0.231648625164853,0.815042806200881,0.805061591648209,1.95873192365742,-0.559419189255775,-0.152452027099145,-0.136346892747069,-0.523181576214285,0.708429087262665,-1.63903650305837,1.06739279668887,-0.530203887704694,1.20689220103144,1.74200890313952,0.32636823816594,0.88569159267863,-0.995030915065814,-0.838524993132154,0.79698881175104,-0.0519726633074895,-0.435231065262082,0.849799646857617,-0.381114113889809,-1.94466232718147,-0.414397139829413,0.836389820928071,-0.117701810144034,-0.672110926237465
0.28436798246052,0.602578967112766,-1.82514304932778,-0.493815255027687,-1.63052404035533,0.0866542153665979,0.414881783903932,-0.0360940554995415,-0.256333465717659,1.01427667695708,-1.62168173420113,-0.885660346169415,1.03668947430389,-0.813430943876502,-0.655643449023993,0.641934981473634,-0.860201586318806,0.490383914930173,-0.856337955227742,0.346727467405978,1.0323012629378,-0.611647743135678,0.923460626468928,-1.50652652864392,-1.23994903112222,-0.617591684074021,1.33450638989596,-1.49799538010311,0.218395726376899,-0.235400642258966,0.998438123912204,0.0897314925842546,0.873399261556538,-0.587127538336392,-1.18977484621212,0.246068140868631,-2.44205098481118,-0.352859785010224,1.83838959363381,0.103269904177439,1.1234693732452,-0.521196079883317,-0.586396273712322,-0.872542561835432,-0.285264418718819,0.596910285034231,-0.110784665173811,1.2418825381146,0.564360028985233,2.54634100846494
-0.227070634829192,0.844497682882936,-0.415096566383681,-0.865636879439264,-0.0714609921337802,0.626523029492807,-0.398224158774265,-0.118276532337542,-0.340744217890431,1.79663337533994,1.44131629261284,-1.00557729163089,1.27609759686337,1.39000297784955,0.901019214684697,0.803002675838496,-1.93677530801652,-0.148395176685927,-0.205682521550466,-0.0919950897877179,-0.841031531261539,-0.37429509500196,0.372994293717391,2.23809608064169,0.654565282146647,0.982339205791072,-0.989719141871009,-1.36533047824147,-0.804270831389834,-0.781509215897032,0.56496256096229,-1.63942645887474,0.85046642163837,-1.01712511240529,0.807262311834521,1.28168388597957,-0.0888115466099144,0.784846524636255,-0.308204680213289,-1.86659848853921,1.01205496534123,-0.471073419058973,-1.52758250075854,0.987342375051109,-0.333716678110353,-2.16373360119675,0.0712243099230804,0.386577101945441,-1.48764888122333,-0.0926799998934765
-0.131792230746561,-1.30337661022594,0.830095430015149,1.42733420787893,1.42213079982946,-0.344791725371578,-0.58265768070492,0.351404027200761,0.859724538667233,-1.19337488346715,-0.320902869769332,0.198917237413199,-0.355673795027822,-0.289154512323299,0.640643972322377,-1.43473081663572,0.519842776188513,0.58251042050052,1.33042771381248,0.0531325092411859,1.43222225845771,0.59690801972842,-0.15009939108466,-1.65943134895838,0.575533253876921,0.305503129427419,-0.77323525335173,2.33412891001073,0.0367074846822883,0.25415144231348,-0.365219943785506,0.712756595351329,0.370970005640993,1.49911265580101,0.696524824062926,-0.618016829696205,0.978738793039665,-0.0240016406233363,-1.00273536088625,2.09961320797565,-0.845450648034319,-0.446932403384849,0.515362534174452,-0.371864703827222,-0.18046832890057,-0.366484552404127,-0.42806794082291,-0.75879249092667,1.49173140532611,-2.20159218171178
-0.112897087531861,0.880233940492046,0.178491533092493,-1.03655251522519,0.149242828200923,0.30930281475717,0.462111519949813,0.026327302676764,0.226368822081703,0.618102302352056,2.02243724447688,-0.525036121724384,0.553971895500095,1.6033111375693,-0.174020935661947,1.66004597875095,-0.910955089556174,-0.051763598826166,-0.46518357092128,-1.46410066637192,-1.64680348887811,-0.282493309676544,1.28436315531694,2.20277694225454,1.067976474376,0.927480840695141,-0.503703649852119,-1.78228359981681,-0.64373699490313,-0.288929557378256,-0.103410010347226,-0.387216569705873,0.149957556612613,-0.909502763155947,0.27039505121252,1.78990213458723,0.0790580664428113,0.324062467503551,-0.591117670068185,-1.74244109860073,0.773229871868991,-0.210752617635064,-1.25187857428908,0.389590007034987,-0.749109569528446,-1.15118435596607,1.04397457639696,0.694358690503576,-2.50568460487873,0.912956041995071
0.589657743297856,-0.820174075408455,0.941206663388871,0.69143294128178,0.606026274061876,-1.24325285489998,0.431493462017809,-0.342845062367637,-0.33597456832366,-2.52592069975983,-1.04517781475815,1.13023044958007,-0.682606281754623,-0.06656172579304,0.722765866927775,-0.688536857475844,0.464689189326743,0.237231852071936,1.18797544985718,0.215925798998371,1.56164466803574,-0.424123170122452,-0.276676690574201,-1.34193330329106,0.130505014173457,-1.96429003554011,0.369844411750157,1.69150897317555,-1.07027291114893,-0.15368864785508,-1.01453727544487,0.88333848676149,0.231076931945576,-0.195069084197665,-0.0411321518032639,0.0800203221799956,0.0634461435988794,-0.459302430189073,-0.858780874349171,1.40506140783185,-0.306713033047805,0.0723666249762538,-0.224491839855783,-0.465888665504244,-1.11933318064241,1.34920790362429,-1.02986416689539,-1.6660070288102,1.5687568060357,-1.16391606322659
0.553806427066349,-1.35633906725809,0.133044778324217,0.0908251946112375,-0.561930343799303,-2.1675643145105,0.26841523605114,-0.835083392848429,-0.712260641484717,-1.90056195196279,-1.50164885723105,0.0360232134228932,-0.474917134391153,-0.512765659653592,0.316758328379857,-0.478680661657924,0.489584413051952,0.440035929692696,0.935710378370268,-0.316789985129016,0.889922396708777,-1.11097849768044,-0.0218781978395751,-1.00139313746651,-0.582400223869025,-2.44175114788389,0.632533773960218,0.427421967073751,-2.24547013685311,0.01559876408468,-2.00585544389412,0.949933982857232,0.0662952678238934,-0.0670550451118878,-0.588003790589873,-0.00771392399242647,-0.0641199098025467,-0.801467840155227,-0.224428859662339,1.58543762472706,0.0342622454038356,-0.136891379043988,-0.56501246384909,-0.81286645042606,-1.11103038438253,2.89687158176266,-0.357614899960992,-1.39565194949127,0.991632653565339,0.326919224327324
-0.465125558584304,1.73746671261504,-0.448857103624886,-1.18012059180873,-0.0473637202827292,1.06594807067737,0.547680934761199,0.0616428723300025,-1.27278860056826,0.676429581064925,-1.77497591852041,1.14304265877024,-1.3061378687578,-0.304645027624813,-1.01487696907877,0.597278431106598,0.627786021056874,-1.47264425300824,-1.2553170745731,-0.624637990099132,-1.5704718215211,0.283531119127072,-2.09404414819798,0.0925621371133356,-1.10186722928453,-1.27396008901522,-0.092737059587898,-1.4189536924914,1.59723321788718,1.46481007692317,0.326288727196983,-1.66235840246842,-2.03877553028256,-0.0894296459108702,-0.321738716056909,-2.36531928309623,0.874815644180718,-0.0797450902763676,1.26029599495347,-0.493195490629095,-0.896344214237797,1.22434294922481,2.16714148178973,0.775461764603295,1.48031589685865,2.41238790437842,1.66216468034425,-0.224099183363623,0.0802171807564505,0.932235702187331
-0.741646731501716,0.362010764635006,-0.0147918504434669,0.144173397267794,0.423015754915642,1.13541122710328,-1.33850168126993,0.424551374740172,0.213202320105479,1.74650646437555,1.21230676467495,-0.541409437543363,1.12981957854806,0.333266422001007,0.857015685434733,-0.793701457414058,0.168870068393633,0.103864857169091,0.566205425512059,0.193843559963,0.451699253189637,0.75202292712136,-0.338537713835744,0.504735064460128,0.533311614113431,1.84668585685853,-0.993388002651648,1.1767117675759,0.893623829828186,-1.41264007370326,0.752589170839898,-0.512362905418385,0.855494980440074,-0.48024686808007,1.28018264460152,0.557480893009727,1.11279205440347,0.867332445555914,-0.275175299420822,-0.252866326519903,0.199593460205919,-0.711808787952738,-0.0981876415990743,0.4218602066061,0.0386822791707923,-1.75811832977125,-0.771544114287465,0.548014045206677,0.507277054959684,-0.903745579347241
0.02146508456491,1.77978978306223,-0.143691314819247,-0.340091050850702,0.0273370252810721,0.904413270524116,-0.645573253596842,0.139790402453436,-0.294795082744305,1.81641224244782,0.983400086081071,-0.708623103352179,1.15453189063753,0.784977570190777,1.27405346955676,0.249510802359529,-0.798421568030674,-0.44265251815376,-0.156066083508474,0.0804207229687674,-0.24424313143577,-0.521028888593295,0.0922122746036631,1.30563870670002,0.476041636076697,1.4988176276571,-1.05575658215373,-0.480195233831151,-0.799099125620886,-0.688764070392899,0.57830649244682,-1.66003923679112,0.518008557002934,-0.79801764780685,0.35730173354447,1.54229296651839,0.600556838749931,0.948178724762451,-0.511273006435647,-1.94549270807653,1.4744338893334,-0.298618627655684,-1.23269137699955,0.606480714018466,-0.517681347360823,-2.23975521852553,-0.316067486731824,0.617754755013188,-1.11154081091831,-0.162420713837615
0.184747347090795,0.696092675497054,0.199995528280309,-0.758686509901316,0.0107506234656733,0.954614355229853,0.104402992423159,0.229966547348739,0.0791635300197525,1.01772390369469,2.07110096144221,0.100969118167229,0.419721305791181,1.4745365731151,0.283420588577526,1.34606120919373,-1.53745281262783,-0.0855424344243298,-1.2813876464966,-0.699441151373006,-1.03671202588172,-0.26252599943718,0.670863293237615,1.69909934013866,1.10695774950837,0.767888063743321,-0.862467876437554,-1.50026125307806,-0.87830642725738,-0.187403101183746,0.838754193406737,-0.77179514028394,0.364589491089864,-0.977723691071925,-0.220706315287883,2.17563039697028,-0.102979273768245,0.475233597380654,-0.290715329805822,-2.22602729095436,1.43230586210294,-0.158139145781347,-0.927431141275222,0.369248172689323,-0.796414684832633,-1.63863281324678,0.336973965727399,0.684918081572887,-2.21754403996129,0.935513026034615
-0.352539951574132,-1.02360296200068,1.11682251204263,1.31034090393383,0.88930796165633,-0.607311804616972,-0.826738108254219,0.22512880154143,0.805010694607648,-1.5633389288359,-0.861635617883313,0.165579730933877,-0.0194636665414146,-0.487511025125761,0.560312951999327,-1.67256571280437,0.597831222391404,0.868439493822339,1.27905785304733,0.172152046927142,1.24134781644519,0.604806557523062,-0.726089503628021,-1.33165778556285,-0.316252681687754,0.521722584029533,-0.407054004219487,2.00531187965245,0.544105323705286,0.0971657238947865,0.143001262784132,0.823891420269941,0.0216534197815858,1.33354500056727,0.519968367295343,-0.797018117718083,0.325963172466063,-0.620410269227735,-1.64554173184928,1.69258041768148,-0.939102314036861,0.181082576090923,0.550326654672651,-0.347408669709472,0.378504414623227,-0.467502822432912,-0.73101014662864,-1.22171008913612,1.60266364878255,-2.41462226713239
-0.130026755801444,-0.834442544915978,-0.235431136070403,0.911787211932678,1.01945810643191,-0.0470250080894798,-1.98884323627999,0.307594589522241,1.46218496905797,-0.0985488633191888,0.289922673111427,-0.330150551283936,0.17630103089241,-0.106538059421606,0.840698623218184,-1.42161438942928,0.396926467055049,0.318789642505369,0.581615054655051,0.65369833195953,0.854397345064225,0.801537073061802,-0.169964787945154,-0.6333317899165,0.125918136599132,1.67152946471331,-0.495811733015373,2.14039908729168,1.53831643052701,-0.326826586778565,0.588756205043861,0.0534158888134549,0.174769099212694,1.18840167010982,0.939616535039058,-1.08470593983759,1.30923088918089,0.292112370797496,-0.566697531422112,0.940079301186228,-0.589617881708817,-0.070352150395616,0.682547829483873,0.148340776158343,0.0540242945502851,-1.99275529144298,-0.82805267340782,0.353657382473779,1.4755629925594,-2.08556149872203
0.258651552118661,-1.40750327154828,-0.227331850228129,0.0133736889180118,-0.583714915992869,-1.99578643725206,0.405505291802602,-0.844693556764677,-1.06106903742746,-1.78705321868051,-1.99537452533125,-0.303574349000755,-0.694974956828404,0.251612045667508,0.440515852420804,0.205920854580776,1.0559767990129,0.00231052809151562,0.398317078261157,0.136636028864908,1.53029998141499,-1.32002904672188,0.504480594581242,-0.962472137767894,-0.743066460284114,-1.91262172669182,0.88298945474244,0.18744801411453,-1.84927047713227,0.393921737181826,-1.87258929622602,1.42747590768834,1.01490238892907,-0.276805161049923,-0.377396240449446,0.0289674853825086,0.120833417681442,-0.298488745228985,0.159204391281913,1.27437609749011,0.0969817370434127,0.317500958819934,0.435178972200352,-0.398620748715164,-0.756484824288676,2.42389335698536,-0.515437998584692,-1.17472526130689,0.75347933178205,0.159575293543569
0.534775279822241,-1.36750420811098,-0.224950632836707,0.341231093892567,-0.650680632787529,-2.46989584082534,-0.0568418148601513,-0.90098458222744,-1.01781797581649,-1.95008370976874,-1.23666797982376,0.188886610466779,-0.883272537475025,-0.184182404060338,0.564759343998223,-0.198125588830493,0.969649330691439,0.309597404636384,0.768842127223314,1.06896366899847,1.04553686996554,-0.933742982762342,0.048603096439932,-0.157403137477696,-0.81112453982663,-1.87949094186871,0.895079719928476,0.681801998655955,-2.86717346564343,-0.190513464781893,-1.73850745111465,1.58732606567173,0.832036057495532,-0.347411128119026,-0.418331589720651,0.702527155222429,-0.338781241943821,-0.776678899681168,0.444023560853747,1.53435253164472,-0.0841427288200668,0.458021467074007,-0.44328174307585,-0.553022490621684,-1.00684075896496,2.2751703440861,-1.28202799552805,-1.55501100002602,1.16586942033169,0.105145419395025
0.275093430444891,-0.0751745442050134,-1.26848389457914,-0.328218390989895,-0.748364127447253,-0.485679933396414,0.517134534238887,-0.18961664495561,-1.16395717651353,0.604255853876446,-1.51610756873814,-0.150927603732851,0.482572005723817,-0.663022136645277,-0.6423199066074,1.09766478835538,-0.453237564308939,0.173522976456805,-0.296059416382788,0.625755826019032,0.98230652667556,-0.340019427422103,0.784767027974088,-0.998251941830706,-0.928313652113657,-1.36758409111083,1.66913284208561,-0.990680626088392,-0.198178708005287,-0.903691614307223,0.0509614123871427,0.017488526368505,1.01342244808096,-0.499906388507364,-1.79762367999896,0.390109761158911,-1.87351695781441,-0.117238171121376,1.68230285370924,0.195937883190603,1.23213455932675,0.211274144385235,-0.95264016841407,-0.808604137873761,-0.942568144584534,1.63038138035538,-0.224418047334583,0.725308351036938,0.271865063268623,2.73386280571252
0.0836735686076191,0.92475127942899,-2.07371617843222,-0.569985072079531,-1.63543457125544,1.54728510370229,1.15976515215506,0.462065519694654,-0.979009724639697,1.28098703242007,-1.5003322218118,-1.14963504354866,1.12772229708212,-1.09913404277292,-1.39139194857275,0.0692932048096027,-1.57383028104938,0.430220234890352,-0.0107762082142167,0.663153971618924,1.31645470547551,-0.0436140904143107,1.0659875126221,-2.2224669674412,-0.271511991256584,-0.255091765908047,1.28408866291958,-1.05218635217041,1.67370925956087,-0.703266517560202,1.84054557236086,-0.312632800902266,0.0603360428435956,-0.242751140684755,-1.78414558257311,1.09331044808261,-3.0774211681089,0.0674765155679633,1.59801746913714,0.0376239077376795,1.4029203758822,-0.791881124160096,-1.78335350868423,-1.256278214819,-0.123010199511143,-0.880851805386604,0.275811135036259,1.15444822421157,-0.208607285960146,2.71644668617676
-0.886312421254427,-0.70432967493395,0.812992961167901,1.6555753219771,1.28481555002711,0.515123222310956,-1.01865089243506,0.313429508868781,1.49788026486805,0.367965911152114,0.238626548373182,-0.236122800113184,-0.220234877112098,-0.114597817129102,0.354564479737871,-1.2485378551872,0.730772815821,0.19798772308011,0.58334708227479,0.596334296740897,0.929290424125984,0.899173431021333,-0.336900255185178,0.0166557510808849,0.128009014412495,2.34738950112367,-0.514941923577154,2.08362457764164,1.32418784074812,-0.492533317412584,0.313299254066773,0.277653719160892,0.119318935430844,1.19058354435319,1.13405029320374,-0.765293709564218,0.694635418218658,0.142910471644797,-0.806518744072409,1.45529287331328,-0.666920067445944,-0.362487168319164,0.821980824543726,0.319036347621703,-0.123168727349212,-1.4741538140946,-1.08169110178713,0.281439948106365,1.24139420035197,-2.10032284403842
-0.615613153046491,-0.114401645131478,-0.288690844889678,0.891855687311254,0.582436639149704,0.485750043105175,-1.410681236648,0.110568444259928,0.946487637987273,1.12968671579124,0.687487293855425,-0.446794165512572,0.510841749654385,-0.378240925813277,0.473944467583757,-0.601286013257897,0.60800648169118,0.18170802749217,0.771293581907162,0.652834753749026,0.550107230683374,0.95767464525844,-0.282302968843137,0.570355816246479,0.236968921517244,2.6260661351974,-0.46058468850536,1.28376475795998,1.04802254843651,-0.558437972287323,0.235699472648394,-0.682814482111139,0.398221822193414,0.39077292410949,1.08546322210952,-0.450707055524101,1.65406145759653,0.566556568271526,-0.318709645159868,-0.324014022678281,0.166713903373208,0.113837927366649,-0.153557281655343,0.488133472501081,-0.0670176135117346,-2.13143916520324,-1.12133980068815,0.71321401139539,0.605574879447748,-1.58839090764913
-0.123076848484268,-1.15030610117751,0.737679800876841,1.25126946901394,0.27927838863233,0.107379911226462,-0.752523100451805,0.14283717140287,0.938174275399307,-2.08001624330444,-0.383371906833623,-0.252700886189006,0.107165963692597,-0.404127785110086,0.646379844036713,-2.25430812433659,0.361007860830415,0.822713732475858,1.18002805776671,0.292011777262359,1.17675281826022,0.400215037890847,-0.548744701741593,-1.71693095196072,0.585275289635216,-0.125347112995463,-0.191481550596487,1.84577598248616,0.207588108688121,0.256412503223328,0.240671530693084,0.859169619673936,0.301345266256913,1.44865056247068,0.848117095546622,-0.909207558266848,0.863932156688783,-0.631641261850366,-0.467436553399133,2.25621783486644,-0.474118763340536,-0.264689728033052,0.701222534298027,-0.701817082695904,0.0635378196083899,-1.31419945508624,-0.886842624243907,-0.246866311364939,1.85042468049069,-2.4981204132214
-0.471384289830997,-0.199949804134586,0.392736980104072,0.845639078797546,1.08130215283662,0.465747201087902,-0.84980267352583,0.307154876603887,0.740794149262982,0.833158385832302,0.593618705406308,-0.0587920291301015,0.493030480080053,-0.393809051516046,0.573903639764232,-0.897953090835207,-0.125208320487285,0.679509160296941,0.745153905118406,0.569112362700189,0.8335019708896,0.555835452438834,-0.301976799332464,-0.113808561332015,0.606910094513462,2.11611796444519,-0.358121466913146,1.8216356111902,0.956632090118567,-1.09341817770193,0.714906300986175,0.268188795472198,0.279297363371714,0.950245079588171,1.26828136457899,-0.542415695021874,0.903057917226438,0.556657203795942,-0.710439618465342,0.0880234634791821,-0.232549771312796,-0.304491849191861,0.815537427606432,0.196678054000768,0.245361889857061,-2.27813640724886,-0.831020119150343,0.973422865496197,1.86991796714432,-1.82300200207999
0.4640025102688,0.942789388915,1.10015301707301,-1.2325985243518,-0.623341842787374,-0.608002108981895,0.709820791820732,-0.468648921880404,0.476197889253306,0.322299750258727,1.50330099628576,0.869891052652778,-0.976173712512611,-0.502663479287769,-1.76020401236886,0.703245346505841,-0.435137062789346,-0.572353350130682,-1.33136462523015,-0.751984337425334,-2.83740782117872,-0.67974157848557,0.31981355208103,0.652129166286197,-0.168857640859717,0.155820558883712,0.46752339049384,-1.51368165200055,1.12272121481917,1.26879932581899,0.00493244411430024,0.21720156615461,-0.814798164891322,-0.387559737642032,-0.578905968521045,-0.778587157584641,-0.496164741806069,0.0461030496936906,0.026553905060308,-1.47222640382361,-1.42978177364374,0.047055957155573,0.560807777264353,0.52723980934899,0.572766191313751,0.885761392603947,2.17351766543805,0.222270599278719,-1.95202891541714,1.57145895755815
-0.442389084998613,-0.847822079524662,0.469954554836814,1.30809660451045,1.17058321761394,0.42656154113052,-1.04726859759426,0.966673299008751,1.39559398010888,-0.748915270132706,-0.210857570782337,0.202583989055091,-0.467832062810863,-0.675881489957768,0.227135228808725,-1.57346333038875,0.725462949825446,0.701002929055005,1.21210231748572,0.351683577265088,1.37673288845317,0.839299288014186,-0.194613359894783,-1.08505935299192,0.60556267803337,1.63237707175252,-0.192971822216796,2.51577512095425,0.936993470002889,0.0267601186166719,0.261941326327809,0.758480931131874,-0.122386839863223,1.7752391604282,1.39759316309667,-0.89188073593248,0.925814597625885,-0.348449933806152,-0.272272686487747,1.56531323953237,-0.738975026595417,-0.605462112765325,0.965904809052839,-0.189719521809449,0.126736858851017,-1.03384290422831,-0.43953890298907,0.0951652168318526,1.45655021920068,-2.31381294404465
0.371877038936722,0.318182764757097,-1.94749525761279,-0.369139220670552,-1.55922331103263,-0.346396277299103,-0.108956844309877,-0.795698272030886,-0.802842579388986,0.740421538643827,-1.66733829826611,-0.714701474431417,0.994118979858796,-0.833733443854857,-0.661444121920472,0.810774806062605,-0.732616458602491,0.352251280824468,-0.210014675300713,0.625435619301241,0.872905164696958,-0.994829439457427,1.02604511396177,-0.429111385016241,-0.874546095537261,-1.06878838209986,1.39387794280193,-0.990660155061222,-0.033803909141765,-0.270357000568402,0.241180195753448,0.411970241455578,0.943008076212539,-0.571583062378923,-1.23808978838847,0.386502085131914,-1.81019475987571,0.0898993108808131,1.62124804431534,0.428445105600358,1.0571446587666,-0.416547610275523,-1.10758760700179,-0.788861720974193,-0.537424605432649,1.29161393432052,0.0282905026238675,0.160981202346064,0.216668314946829,2.66818298427948
0.374790956762944,-0.66915462301846,-0.0321243566145865,-0.301305510014,-1.30592308582588,-1.55015013882825,-0.0162468422351021,-1.0074071879334,-1.21631350901392,-1.19145397178317,-1.50157792031168,0.398681507569469,-0.313769369002078,-0.30954240102277,0.787654768486626,0.411836187040152,1.0603046593331,0.333627884346272,-0.158326163504597,0.00966116691552148,0.885552127234322,-0.986088547924355,0.386366674945481,-0.515589304657511,-0.818212469351369,-2.28081252627168,1.17847589208472,0.387977124948631,-2.22673650859832,-0.00968976049521736,-1.28644349855136,1.66274812482434,0.910935743753633,-1.01715525690974,-1.09468130486536,0.157651466969135,-0.318202466560918,-0.656057049572171,0.808497999856819,1.40465464754731,0.0629455743626266,-0.142382101337731,-0.190635182160976,-0.30992356397444,-0.662123613124506,3.05465899475925,-0.262375399536786,-1.07655301496557,0.446197502869659,0.898936528058116
-0.917369856272484,-0.138872884377489,0.113008639653146,1.01430121373601,0.194229257931183,0.857430793684895,-1.38770476562031,0.290725154667399,0.629862857472842,1.44423870906154,0.489793911779022,0.270198205721131,0.754349775361429,0.286557961247807,0.731667650782467,-0.767312081500507,0.0649403945169619,0.464158894944659,0.420445169492576,0.130464193736075,0.416087143278558,0.853095862071004,0.161965499009299,0.519583258446557,0.721571942456127,1.84656788021826,-0.585731450510119,1.10599679974483,0.873146709730755,-0.556368766270107,1.13562317885163,-0.0736170776753706,0.248330336812884,0.718073562260591,0.939834763655613,-0.0677830517027658,1.04640329760627,0.241971840433448,-0.304473908468026,0.0282828044263297,0.17181618067634,-0.517255731444376,0.568772268195436,0.637315125036712,0.301789367795995,-2.22511393996304,-1.04864496400787,0.59618333775257,0.408234217874144,-1.33745380134798
-0.163877685938716,-1.47837108926303,0.90485224918475,1.50757507133873,0.872546188223736,-0.668390536089686,-0.0547341337982952,0.147626924084946,0.192942965506896,-2.00311057680053,-0.840932036572156,0.399331919302371,-0.343178884476908,-0.496789756123437,0.764454723479358,-1.69709653028293,0.427514478153187,0.617153114160888,1.55259508661475,0.656870468142724,1.10289892250091,0.529427418730981,-0.424437202226754,-1.29691480774927,0.207502113839491,-0.338477279434297,-0.558572633430962,2.00547396598061,-0.283106834824455,0.175524443862382,-0.296363522413142,0.818492368815818,-0.328439046011264,1.5790939221736,0.480622799813801,-0.548137543273773,0.522041701490328,-0.559183459324105,-1.06876188270022,1.62747714578521,-0.90832961719655,-0.48887381726909,0.234114958017403,-0.520825422662684,0.032483658308035,-0.286619709946838,-1.34079542912815,-1.22549268014024,1.89815991273747,-1.84886247700633
